    0.130386696303827399E+01    0.126747764850238354E+04   -0.439729666993029777E+01   -0.714485797769212727E+01   -0.101952668796232082E+02   -0.347606961683018589E+01    0.436122550726642942E+03
    0.130437542986603860E+01    0.142462987695088964E+04   -0.651562285838591837E+01   -0.730185483114566747E+01   -0.111682958769369058E+02   -0.404922428296754155E+01    0.437491859180225617E+03
    0.131015662184732773E+01    0.129713163207104935E+04   -0.641150429110225506E+01   -0.815794769973200751E+01   -0.106869750563671246E+02   -0.404102036435866285E+01    0.438331540024776814E+03
    0.130945346456651901E+01    0.121579603216253827E+04   -0.552130809066881767E+01   -0.702048593439361568E+01   -0.986231251055152569E+01   -0.375198923175809007E+01    0.438440433233792021E+03
    0.130901363247656732E+01    0.141064157185467002E+04   -0.603665749103629601E+01   -0.810755438110389193E+01   -0.110294388845932669E+02   -0.424653219398480530E+01    0.439220586760990557E+03
    0.130086417466835491E+01    0.132539058378714526E+04   -0.531951367654807150E+01   -0.660450920084378090E+01   -0.102151500272963833E+02   -0.349444986485624121E+01    0.439253120625829638E+03
    0.129340893041923888E+01    0.141078028387572363E+04   -0.446060120940243721E+01   -0.643161846128487635E+01   -0.907702692815383294E+01   -0.327411392319333139E+01    0.439260077692963478E+03
    0.130747461097039741E+01    0.136284291177104524E+04   -0.538278801247220784E+01   -0.776077984953045075E+01   -0.106290208342332342E+02   -0.409615941956951524E+01    0.439321973746716708E+03
    0.129528269654988160E+01    0.136189512419621406E+04   -0.514162237737562844E+01   -0.571780616786528206E+01   -0.900381767091855068E+01   -0.311770501455705684E+01    0.439405340330709407E+03
    0.130461289145352222E+01    0.158285224215910080E+04   -0.672451219512970511E+01   -0.756391681984501751E+01   -0.119056726152756767E+02   -0.444991627072288498E+01    0.439443705721908032E+03
    0.130641012263515766E+01    0.153485091093083361E+04   -0.653757728704979879E+01   -0.813741289016181213E+01   -0.113239505117732175E+02   -0.440520796364613876E+01    0.439496132852176970E+03
    0.129908570428044157E+01    0.133371053532095357E+04   -0.583835824690680738E+01   -0.689648401541052092E+01   -0.866571204520731442E+01   -0.328650820312602576E+01    0.439497047390382079E+03
    0.130246203459077159E+01    0.127078666806063006E+04   -0.490050699988660199E+01   -0.598991506223133552E+01   -0.119737958352060812E+02   -0.333024951996930163E+01    0.439712737169666923E+03
    0.129697209851360418E+01    0.150731303462140954E+04   -0.620806139584872163E+01   -0.654372471260477884E+01   -0.951200840715443974E+01   -0.371645417051523630E+01    0.439773869900137242E+03
    0.129849805155159093E+01    0.145653271729484095E+04   -0.507150157207903707E+01   -0.699835456450340665E+01   -0.972453085813307538E+01   -0.362441677641655957E+01    0.439890686181985984E+03
    0.130509861373798430E+01    0.120826711066596226E+04   -0.460518601487907464E+01   -0.681450244290383722E+01   -0.112786181482600671E+02   -0.327932959804388346E+01    0.440092215584293172E+03
    0.130506608544584468E+01    0.125515148297513042E+04   -0.473261942518970269E+01   -0.724010259709719151E+01   -0.970827809784104900E+01   -0.349701795413139749E+01    0.440148292508791087E+03
    0.130166401634014162E+01    0.135518338876200278E+04   -0.566809367561479505E+01   -0.701514048628653342E+01   -0.101068421569367271E+02   -0.354451464898502877E+01    0.440160831292991020E+03
    0.130577835529400499E+01    0.153472047525604421E+04   -0.662468954370208518E+01   -0.814905603471810380E+01   -0.118481380100549387E+02   -0.439804713993786223E+01    0.440189877870218368E+03
    0.129889214531515673E+01    0.131320769505225280E+04   -0.540902329000192150E+01   -0.703622651075357020E+01   -0.888217356717948014E+01   -0.322080956912272320E+01    0.440198953136767841E+03
    0.130335007500512323E+01    0.155188351178328821E+04   -0.647277903183565329E+01   -0.716311686277892967E+01   -0.119106443075148061E+02   -0.434137967282662540E+01    0.440312284456674661E+03
    0.130455638302866772E+01    0.121251158268215454E+04   -0.502939921112129795E+01   -0.692828714802610168E+01   -0.954120163906668139E+01   -0.330291393341506101E+01    0.440368054989234111E+03
    0.130064084228957833E+01    0.135968864215245458E+04   -0.486695278887977523E+01   -0.741121289913987535E+01   -0.101204060805535754E+02   -0.356779635751476754E+01    0.440394854968834977E+03
    0.130568962307705050E+01    0.124845211025314711E+04   -0.510388488573541999E+01   -0.732439956198490627E+01   -0.119432836163364620E+02   -0.355387049288465029E+01    0.440476405746699072E+03
    0.130601418525933388E+01    0.136570792905763346E+04   -0.696096098683216180E+01   -0.765528288412724311E+01   -0.960814349312378013E+01   -0.395563528463411984E+01    0.440481338075264773E+03
    0.130126866183480705E+01    0.130894090198078925E+04   -0.503911165857897636E+01   -0.632701254773407928E+01   -0.112286119472511388E+02   -0.334974905182542138E+01    0.440520751368648007E+03
    0.130436593466448381E+01    0.128713064649476360E+04   -0.556749941880932475E+01   -0.724913894034745976E+01   -0.978723544418799030E+01   -0.362635249504741353E+01    0.440598482395721135E+03
    0.129453168304047717E+01    0.157825063162863194E+04   -0.584785586022057124E+01   -0.707471486142963091E+01   -0.943490444654037574E+01   -0.387091462025694000E+01    0.440609545679469193E+03
    0.130534038335215774E+01    0.150843243404651980E+04   -0.640006271698181006E+01   -0.716314191266972955E+01   -0.105911684206093391E+02   -0.432726294289853364E+01    0.440619215071595988E+03
    0.129750758441093605E+01    0.143302177338939691E+04   -0.493681821775156848E+01   -0.636422573841616046E+01   -0.945717004060114874E+01   -0.364845789915340291E+01    0.440714311819851787E+03
    0.130722327988755893E+01    0.141171859640942012E+04   -0.648468819079003733E+01   -0.713528184612865690E+01   -0.106611748655412732E+02   -0.419160197633654708E+01    0.440723458408116699E+03
    0.129818989069557578E+01    0.147253642454579949E+04   -0.649631391580489126E+01   -0.687074649745893762E+01   -0.904053145824313908E+01   -0.376376396291647275E+01    0.440906078204898620E+03
    0.129768724542062852E+01    0.150297163664375557E+04   -0.482317772223745767E+01   -0.650031186920594184E+01   -0.111178719782665070E+02   -0.379437730481481239E+01    0.440927164104019198E+03
    0.130296856438237896E+01    0.151997111572459630E+04   -0.634198501485431976E+01   -0.751464377210553547E+01   -0.107418538586825996E+02   -0.411279814159834523E+01    0.440957947718472099E+03
    0.129764223677860846E+01    0.132802448042200967E+04   -0.505885144407667298E+01   -0.638469591677792092E+01   -0.878236170927983295E+01   -0.313824271297342428E+01    0.440983190690460901E+03
    0.130603626103517789E+01    0.123325901859216287E+04   -0.496525445091932660E+01   -0.721739317458229479E+01   -0.118963953567410297E+02   -0.342334845694045775E+01    0.441007514863223491E+03
    0.129842894091662142E+01    0.149441722209925706E+04   -0.581525571355920778E+01   -0.768173419434636973E+01   -0.967157923328093894E+01   -0.383108058545167474E+01    0.441028060399081596E+03
    0.130274607073477577E+01    0.157154930132249956E+04   -0.622121711355707419E+01   -0.731900506369310921E+01   -0.101754926417382983E+02   -0.436308301558506439E+01    0.441030241660959973E+03
    0.130065197471256089E+01    0.157154866848092865E+04   -0.619089486199612615E+01   -0.734579791270763582E+01   -0.103271075209793253E+02   -0.409962039177111048E+01    0.441035480834070654E+03
    0.129808096761714187E+01    0.135267773337103085E+04   -0.597845212589869135E+01   -0.669315471879936297E+01   -0.890696954810615082E+01   -0.332921989134601048E+01    0.441060416818431349E+03
    0.129127891277773554E+01    0.135406156314839222E+04   -0.460038129665239914E+01   -0.565598534783255147E+01   -0.840204563256788717E+01   -0.287379293895885723E+01    0.441099262155679639E+03
    0.130638321987045725E+01    0.122682834571226340E+04   -0.486911080416607334E+01   -0.665617793209495989E+01   -0.114956398801256938E+02   -0.352731664905796904E+01    0.441192293526402295E+03
    0.130642816094374847E+01    0.136905806183741106E+04   -0.666003240598332624E+01   -0.749184965053764707E+01   -0.101566876218486399E+02   -0.398567494120437438E+01    0.441265375604337521E+03
    0.130533937846174664E+01    0.129788667110787082E+04   -0.486923257663060127E+01   -0.750623086384021398E+01   -0.112624657998226283E+02   -0.364459575826572646E+01    0.441274086846954731E+03
    0.130845085933075334E+01    0.129398356867946677E+04   -0.523130008736027108E+01   -0.754124457559666439E+01   -0.113947629195468565E+02   -0.390841956356335807E+01    0.441292611610208724E+03
    0.130370976457608245E+01    0.136705057157096508E+04   -0.585078236809158536E+01   -0.643764350545515729E+01   -0.102976546268763318E+02   -0.380394505147670436E+01    0.441304315606301031E+03
    0.130700456146342558E+01    0.126162056072696305E+04   -0.538460174829324334E+01   -0.728776399887006576E+01   -0.962053257940822171E+01   -0.359516559345989961E+01    0.441304842298328424E+03
    0.130625130037298121E+01    0.129112080872918818E+04   -0.556797897901002692E+01   -0.761170394868148659E+01   -0.962605004531047648E+01   -0.363817237080933253E+01    0.441339199350667855E+03
    0.130270931646502319E+01    0.140336220563778102E+04   -0.601021705836348019E+01   -0.763663435097544152E+01   -0.965565276852081666E+01   -0.390040823205175435E+01    0.441339304421431564E+03
    0.130026127383974477E+01    0.142857085198043819E+04   -0.553329887375796581E+01   -0.635291832393726885E+01   -0.114643525848733088E+02   -0.372085327856657244E+01    0.441371486667286888E+03
    0.130736687141416108E+01    0.130260925692001592E+04   -0.520954647245766189E+01   -0.782280559841517675E+01   -0.111335594369380999E+02   -0.385782220374988860E+01    0.441405441161156546E+03
    0.129887296718516798E+01    0.143991535813506266E+04   -0.544507678377826032E+01   -0.668693387754088597E+01   -0.107781134498415820E+02   -0.373439282157899299E+01    0.441477412394509543E+03
    0.130032335125410103E+01    0.143684885726549123E+04   -0.625575092513648556E+01   -0.689602316025212403E+01   -0.927735506154765588E+01   -0.384144349810253694E+01    0.441502391091042796E+03
    0.130799215886099018E+01    0.127797063984530655E+04   -0.564689988775094331E+01   -0.796372615866445610E+01   -0.100359820038661312E+02   -0.381780513005785593E+01    0.441505235814351920E+03
    0.129877397418120322E+01    0.142026288441598831E+04   -0.513574471655096687E+01   -0.741240409470450512E+01   -0.979716011096100203E+01   -0.359143089980074137E+01    0.441587966868366721E+03
    0.130702742372726899E+01    0.140351210749575625E+04   -0.620105437184487851E+01   -0.808439190229325177E+01   -0.990541472921657551E+01   -0.415913099769136263E+01    0.441600175749080620E+03
    0.130431878652966216E+01    0.131496807846204956E+04   -0.474951184201838572E+01   -0.697018982664151210E+01   -0.106680488227203512E+02   -0.361370150071633311E+01    0.441609163467877465E+03
    0.129684494280823892E+01    0.151852060140368462E+04   -0.503759260382947538E+01   -0.711950588697196896E+01   -0.115809587015628548E+02   -0.379662604527976022E+01    0.441636502747452823E+03
    0.130300103716675553E+01    0.122291818836591801E+04   -0.485291090503492750E+01   -0.618096299382404624E+01   -0.930286721006315176E+01   -0.317945968529442879E+01    0.441637089196258216E+03
    0.130170438863420146E+01    0.139476785832781297E+04   -0.532334133115375163E+01   -0.776373857191509931E+01   -0.954994808829649067E+01   -0.375671084065525740E+01    0.441691554894522199E+03
    0.130304401409478787E+01    0.126249779562684557E+04   -0.524557082840205169E+01   -0.687738222574954783E+01   -0.975431459747651175E+01   -0.337015257897489562E+01    0.441694382378058719E+03
    0.130044442279495942E+01    0.138991067501865382E+04   -0.526448769538606509E+01   -0.641408274892900643E+01   -0.117242442189808784E+02   -0.357277841396963147E+01    0.441767945938687035E+03
    0.130617855108424474E+01    0.133362915293139508E+04   -0.549182941813431746E+01   -0.778279898349736676E+01   -0.108157023626547097E+02   -0.376927147707434429E+01    0.441779739595395256E+03
    0.130052565674642007E+01    0.154193752002881979E+04   -0.557411444100798370E+01   -0.690983463338287329E+01   -0.110193799446736875E+02   -0.416908411315867511E+01    0.441803264858870762E+03
    0.130778829673744634E+01    0.130648157491682196E+04   -0.529265396106328279E+01   -0.724248722339935913E+01   -0.113367132060960802E+02   -0.382232766848083116E+01    0.441834247915152503E+03
    0.129498773994464256E+01    0.157706053190567150E+04   -0.510174222369625596E+01   -0.677094406433598728E+01   -0.110514344693406468E+02   -0.385738723237848902E+01    0.441852471452941131E+03
    0.130181629310771907E+01    0.149001511631107928E+04   -0.552352298707752798E+01   -0.797098014755418749E+01   -0.119401795245061173E+02   -0.404170078638573393E+01    0.441883118447126037E+03
    0.130136416146547917E+01    0.135714461989653091E+04   -0.483384109400085205E+01   -0.622303964113699148E+01   -0.118043939348935183E+02   -0.362347951058007567E+01    0.441891462835950904E+03
    0.130142489482778556E+01    0.130226166885992666E+04   -0.498942564586391857E+01   -0.646088047022812084E+01   -0.901214352959202358E+01   -0.334431145812014918E+01    0.441894569461853791E+03
    0.130445172594242687E+01    0.122718981951823207E+04   -0.499766300360428506E+01   -0.643744603971066720E+01   -0.102629516440746542E+02   -0.332515180068028116E+01    0.441904646797973896E+03
    0.130149036924927564E+01    0.127737472828169871E+04   -0.492408239454984376E+01   -0.632804381502768631E+01   -0.102521289353230713E+02   -0.331365327868346249E+01    0.441918684533098826E+03
    0.130021023879310804E+01    0.141454714440684302E+04   -0.529274044150247924E+01   -0.722291404395935999E+01   -0.969133239440520455E+01   -0.360756456371710499E+01    0.441970982914634874E+03
    0.130528514205802537E+01    0.123221873250968702E+04   -0.499194551565036804E+01   -0.650327474736564692E+01   -0.113544174987531736E+02   -0.342788708358218130E+01    0.441986205894724606E+03
    0.129660430577025432E+01    0.147331690798808563E+04   -0.514540684111642754E+01   -0.640990053035875551E+01   -0.116154383843586544E+02   -0.363958428019046920E+01    0.441992324372072062E+03
    0.130648362291816689E+01    0.134667645866344151E+04   -0.542629481953035153E+01   -0.723226376773862967E+01   -0.102590246944775032E+02   -0.398965127812804177E+01    0.442066386753287645E+03
    0.130428666224955569E+01    0.144275727250616956E+04   -0.534512946417098611E+01   -0.697074670926946105E+01   -0.111184449698562666E+02   -0.408061674163433619E+01    0.442066883267213484E+03
    0.129513954662158759E+01    0.159312708205074227E+04   -0.538966817644594443E+01   -0.655299191018860405E+01   -0.970031939160746326E+01   -0.387813545724324271E+01    0.442072387333674214E+03
    0.130712083354619146E+01    0.128280613318959877E+04   -0.528746704827877778E+01   -0.698504904243580338E+01   -0.984623064831027150E+01   -0.373582844464583275E+01    0.442100758737044259E+03
    0.129425883737061387E+01    0.145548043693102272E+04   -0.552351857411971459E+01   -0.600238727024253116E+01   -0.893706745820518300E+01   -0.342785677217038831E+01    0.442118207634365206E+03
    0.129818747108826504E+01    0.150643728073973421E+04   -0.506050455548138789E+01   -0.672784798266656292E+01   -0.114415392399256071E+02   -0.378776217147547101E+01    0.442168520771814656E+03
    0.130654421514582175E+01    0.138020033826242798E+04   -0.617084821999596844E+01   -0.812256835252246212E+01   -0.104254844788453074E+02   -0.401107464302972794E+01    0.442192353669602710E+03
    0.129723856188058018E+01    0.138306940904737712E+04   -0.467290197777082650E+01   -0.612434356621978804E+01   -0.930076815553997882E+01   -0.343063833753280534E+01    0.442202579007413817E+03
    0.130410815052843532E+01    0.125632279435242344E+04   -0.484235978915810694E+01   -0.678142369716376958E+01   -0.116035655706670919E+02   -0.345843247831559886E+01    0.442244766703469850E+03
    0.130749143435180226E+01    0.136847516762171904E+04   -0.549945048397503022E+01   -0.726168280336793082E+01   -0.113249325900146918E+02   -0.403103166160840498E+01    0.442249116585908723E+03
    0.130204114946508209E+01    0.148834656844090091E+04   -0.628377714834980328E+01   -0.802340188299263168E+01   -0.980661842651388582E+01   -0.404185261819157216E+01    0.442287792715041974E+03
    0.130479736437970861E+01    0.137738892020172580E+04   -0.562832670801972679E+01   -0.748820474908626554E+01   -0.101426956806665931E+02   -0.398923323960461573E+01    0.442312181655913491E+03
    0.130196249390947250E+01    0.148288901714319127E+04   -0.601795442237152400E+01   -0.742734374779669171E+01   -0.967177079768646131E+01   -0.409085733913418270E+01    0.442316107047765911E+03
    0.130151952262708703E+01    0.141832719519625289E+04   -0.516146465689254264E+01   -0.644821935869159901E+01   -0.119102810667090910E+02   -0.374410639661326528E+01    0.442321690689049717E+03
    0.130642391406149683E+01    0.135792641429006562E+04   -0.645533866467915285E+01   -0.723662933340644177E+01   -0.987138576962030889E+01   -0.391182436474101713E+01    0.442324182093379363E+03
    0.130309821380893864E+01    0.151934793313007913E+04   -0.633860348612340374E+01   -0.789497033797387004E+01   -0.100612905188120223E+02   -0.414297735488036345E+01    0.442347717284271084E+03
    0.130580972110747795E+01    0.134599420207279672E+04   -0.586489153769160065E+01   -0.708916678007118328E+01   -0.115605526274277590E+02   -0.379745539804598486E+01    0.442357752010473462E+03
    0.130213028169449219E+01    0.134820531525904244E+04   -0.546380816905505462E+01   -0.667146749906675396E+01   -0.117567789229830932E+02   -0.360931067372617420E+01    0.442377904655331974E+03
    0.130061325562999630E+01    0.136676919827497568E+04   -0.594725075664169900E+01   -0.727210598153935805E+01   -0.911954339783424928E+01   -0.358958396824532322E+01    0.442387679449352675E+03
    0.130743944777352539E+01    0.131876640112831410E+04   -0.567914666030761772E+01   -0.803716357822319161E+01   -0.103746541269769281E+02   -0.386478759601589950E+01    0.442389720139114615E+03
    0.129880999250949802E+01    0.128018914440771096E+04   -0.496984961971317762E+01   -0.592572630933845623E+01   -0.880938890314541823E+01   -0.309815849740645177E+01    0.442394289084352067E+03
    0.130195703552246722E+01    0.146324091739520600E+04   -0.519353578341318478E+01   -0.757798018430329279E+01   -0.113059717947327041E+02   -0.391508306781302373E+01    0.442407563802424306E+03
    0.130483643231855817E+01    0.136869856621613394E+04   -0.554847640136978626E+01   -0.765986338391455135E+01   -0.988336293406005595E+01   -0.379939561585029573E+01    0.442412659838473530E+03
    0.130330043762071246E+01    0.129281190049221186E+04   -0.475725707744156612E+01   -0.711397621452654860E+01   -0.111039480152559999E+02   -0.346633402847690419E+01    0.442474043194697686E+03
    0.130401110624593009E+01    0.149326929424091531E+04   -0.553914886539549833E+01   -0.725879251256595648E+01   -0.110160555099934356E+02   -0.415637193298679630E+01    0.442490666258169881E+03
    0.130741739766454312E+01    0.142129748931113818E+04   -0.645355274715577565E+01   -0.765464520048847596E+01   -0.115098284503435320E+02   -0.418080907993488893E+01    0.442491255727186740E+03
    0.130348180372000622E+01    0.148501388893803482E+04   -0.667837513951987471E+01   -0.730932215717294032E+01   -0.102306647629155218E+02   -0.414947018210352603E+01    0.442518243134393799E+03
    0.129871061708550517E+01    0.143617131064830164E+04   -0.472498050141128090E+01   -0.647007391388795128E+01   -0.116956288857465669E+02   -0.365007115249585112E+01    0.442519828991327131E+03
    0.130220598266969301E+01    0.152151500959306395E+04   -0.593124099962757967E+01   -0.770878612548390674E+01   -0.115677050649594513E+02   -0.420770916390539540E+01    0.442520309006146476E+03
    0.129526825777838028E+01    0.146719104650291433E+04   -0.482123672297081196E+01   -0.659822185746706413E+01   -0.985430556421069603E+01   -0.349984687005066775E+01    0.442554741931400656E+03
    0.129899764811965479E+01    0.136804913450001186E+04   -0.483991853584298859E+01   -0.658225599388877924E+01   -0.102167736908558915E+02   -0.350938370386270293E+01    0.442580974789820630E+03
    0.130304503258936033E+01    0.126567998240601173E+04   -0.474315837593360090E+01   -0.689449154084334559E+01   -0.102597253735945024E+02   -0.335193906269399733E+01    0.442642781483917588E+03
    0.129988151474816038E+01    0.151097037530362763E+04   -0.520391022193521291E+01   -0.746139240891719790E+01   -0.113600676168214854E+02   -0.399224312627261746E+01    0.442658226524843144E+03
    0.129902473758084880E+01    0.136784148134955717E+04   -0.535979432195664618E+01   -0.647334533377829313E+01   -0.967833687560874267E+01   -0.341515122949025418E+01    0.442679811750404554E+03
    0.130069329333600225E+01    0.153545489767773120E+04   -0.594380851717142811E+01   -0.694997387403606393E+01   -0.100358740545076035E+02   -0.415767627920627358E+01    0.442680613724030593E+03
    0.129922730030087452E+01    0.136315063593287050E+04   -0.491031342698916795E+01   -0.618469464058217966E+01   -0.915728841207194932E+01   -0.345489091160475681E+01    0.442696724157204414E+03
    0.130251845163266822E+01    0.145741939972730665E+04   -0.592993780148914951E+01   -0.731251506667810247E+01   -0.106945907206593169E+02   -0.406468934992832764E+01    0.442710806962054789E+03
    0.129945381985459529E+01    0.135233437386325841E+04   -0.452469219678637913E+01   -0.654882840783959796E+01   -0.105380006082761781E+02   -0.342118953677007376E+01    0.442713926824811892E+03
    0.129950835421039645E+01    0.159952906287379824E+04   -0.607694663150089553E+01   -0.747982604222343372E+01   -0.102936072083006547E+02   -0.424000088400218811E+01    0.442722634152716296E+03
    0.130686230269984205E+01    0.132816810373303679E+04   -0.613070873601714883E+01   -0.730008652145051329E+01   -0.107765299443758771E+02   -0.391103641017138415E+01    0.442734742264099623E+03
    0.129876044068023400E+01    0.138090552170451565E+04   -0.466163004225884947E+01   -0.618597857545494367E+01   -0.112461640373278939E+02   -0.347700903474818901E+01    0.442750419624543667E+03
    0.130405536356287044E+01    0.126995790440402152E+04   -0.555939098044107904E+01   -0.652517245251879263E+01   -0.923880408353143778E+01   -0.344370007627076902E+01    0.442752783038030429E+03
    0.130864359196974256E+01    0.124478581731876739E+04   -0.531916466797371346E+01   -0.737753581930997893E+01   -0.118347721278592690E+02   -0.374785966360778744E+01    0.442754704015412074E+03
    0.129728102617290619E+01    0.155514184513552846E+04   -0.532132968303781428E+01   -0.713374950021393239E+01   -0.112709539651616151E+02   -0.396238201361430242E+01    0.442757869314247557E+03
    0.130322236585508167E+01    0.142593685721442625E+04   -0.599351081663842589E+01   -0.677213137428980794E+01   -0.115502501373334141E+02   -0.395511165624438199E+01    0.442761563821238667E+03
    0.130336722019616524E+01    0.135986112482798399E+04   -0.502461621578020345E+01   -0.737656575864956210E+01   -0.983648751332907167E+01   -0.374074376530109376E+01    0.442774734076410255E+03
    0.129947708797180694E+01    0.145206646921596666E+04   -0.556874125190534564E+01   -0.653024964305399891E+01   -0.106324308979144035E+02   -0.380536283922325680E+01    0.442785804953279069E+03
    0.130225126213192777E+01    0.138659715859594507E+04   -0.557884708467435875E+01   -0.777664180833570207E+01   -0.955174725896067400E+01   -0.376759326315887400E+01    0.442793409945802182E+03
    0.129984754044275963E+01    0.147738100753416325E+04   -0.515120041423639918E+01   -0.747281600862030793E+01   -0.115199209279697268E+02   -0.384907294665017474E+01    0.442802590427164546E+03
    0.129923181063865778E+01    0.150783145498513795E+04   -0.513295347634687182E+01   -0.720344139720551357E+01   -0.116374044140529733E+02   -0.387021257889957937E+01    0.442807409094532318E+03
    0.130746642426231086E+01    0.131818713069369574E+04   -0.610328698430146055E+01   -0.748645827487667859E+01   -0.100828572806227932E+02   -0.384095329220298964E+01    0.442838914566375308E+03
    0.129938183633065507E+01    0.144803127760494749E+04   -0.546571358197575741E+01   -0.642760859021390907E+01   -0.111293075983903176E+02   -0.372477926634881484E+01    0.442840842237750678E+03
    0.129701630874842744E+01    0.157224721682419886E+04   -0.565090677982460132E+01   -0.655053226843055203E+01   -0.105676208814775201E+02   -0.396475916772811487E+01    0.442847349156237783E+03
    0.130929123123199598E+01    0.132748040507514497E+04   -0.613899568235997073E+01   -0.772890946002954582E+01   -0.108007793347650427E+02   -0.403994080570782721E+01    0.442861715639240629E+03
    0.130455933042779071E+01    0.134434255228807433E+04   -0.587487721299100141E+01   -0.682296829298387575E+01   -0.108678585131257268E+02   -0.374342883639773838E+01    0.442865702627617225E+03
    0.130311302356852865E+01    0.148449817032050055E+04   -0.544213139320405226E+01   -0.696469877444171992E+01   -0.108742261330587251E+02   -0.408186526181789677E+01    0.442872710164603404E+03
    0.129666586437848252E+01    0.156961873944150534E+04   -0.513111911781873609E+01   -0.696640866903720291E+01   -0.108070676386403566E+02   -0.392269150709459424E+01    0.442881939404549712E+03
    0.130521676427748234E+01    0.150609113909821622E+04   -0.643441772611502127E+01   -0.745960586035644457E+01   -0.108449595449200711E+02   -0.435369887998243321E+01    0.442882192708719742E+03
    0.129913622700412157E+01    0.151264448852825331E+04   -0.529837330092599146E+01   -0.646160985315210912E+01   -0.105765034873436790E+02   -0.390773471643284687E+01    0.442885655748427325E+03
    0.130043946654732356E+01    0.131777610965912277E+04   -0.495516807621562272E+01   -0.654824750849357251E+01   -0.103036439437071170E+02   -0.336310462369573848E+01    0.442899397447617446E+03
    0.130617574457147456E+01    0.142066566663142976E+04   -0.609722532855337107E+01   -0.703342059264696307E+01   -0.103781359342489985E+02   -0.414108291597464362E+01    0.442907537083608645E+03
    0.130426954488724656E+01    0.141377401877262037E+04   -0.552450916073446852E+01   -0.689486912432390131E+01   -0.117553324853000305E+02   -0.404922806702898264E+01    0.442908085903934307E+03
    0.130015783868074930E+01    0.135014996405179272E+04   -0.528359953821793926E+01   -0.688055146936274742E+01   -0.896594356093687850E+01   -0.349313677356617980E+01    0.442915958463539141E+03
    0.129928244030501472E+01    0.131048159171859334E+04   -0.452996450805041029E+01   -0.621507477047649637E+01   -0.961581986693323287E+01   -0.321864663100050130E+01    0.442918555334413952E+03
    0.130128358436181424E+01    0.132288178587859807E+04   -0.480377346568164842E+01   -0.714240711437442943E+01   -0.959256971779180034E+01   -0.343792287010032283E+01    0.442923138936159148E+03
    0.130065401832973193E+01    0.150835836391079852E+04   -0.534047498158560430E+01   -0.765476108469808381E+01   -0.119940086207230951E+02   -0.398372626900115279E+01    0.442940619456402942E+03
    0.129774228330910990E+01    0.128886001766750769E+04   -0.483213706929207198E+01   -0.596117580682071857E+01   -0.878137200508587057E+01   -0.305459004167531845E+01    0.442942809739798975E+03
    0.129840563377800100E+01    0.150210604025387966E+04   -0.547329629831576536E+01   -0.643259187637941121E+01   -0.103869568358204738E+02   -0.389030730336331132E+01    0.442954076342666156E+03
    0.129934960078778139E+01    0.153278509785376878E+04   -0.577434795765087827E+01   -0.681843186107747101E+01   -0.114520870841168989E+02   -0.404035575507225264E+01    0.442954313208459610E+03
    0.130764079491263741E+01    0.140066201023906069E+04   -0.598918046719427188E+01   -0.812515555351855845E+01   -0.106715418468840966E+02   -0.420014424635306671E+01    0.442967772616103673E+03
    0.130758018666331965E+01    0.124314628888476454E+04   -0.530469103853346624E+01   -0.675816268180863133E+01   -0.108873834153366804E+02   -0.362049419261643735E+01    0.442977458002090827E+03
    0.129594129818604364E+01    0.140934445660781421E+04   -0.540742031456160976E+01   -0.600918864031175737E+01   -0.908402027162355097E+01   -0.339878153390806048E+01    0.442978658582200012E+03
    0.130161134120096467E+01    0.159662861307349272E+04   -0.595020668230498195E+01   -0.739341646784368489E+01   -0.107447290054352038E+02   -0.426928933584767201E+01    0.442990332477505262E+03
    0.130638316640359409E+01    0.140244892924662645E+04   -0.549099200502734597E+01   -0.758469041982961567E+01   -0.116855705900191662E+02   -0.403476864143275549E+01    0.443004327015059516E+03
    0.130061228449778232E+01    0.138408809186156441E+04   -0.601797270492993341E+01   -0.663081988930373800E+01   -0.944850578004956532E+01   -0.365297712168068678E+01    0.443005073931688401E+03
    0.130369027471743082E+01    0.146761087343983013E+04   -0.584498625382828152E+01   -0.764408603739166281E+01   -0.105918764967113948E+02   -0.417646533666743558E+01    0.443017519169785203E+03
    0.130227520029591481E+01    0.140339446114066300E+04   -0.562076911951754887E+01   -0.688694508339745859E+01   -0.943987963789580675E+01   -0.385248630257155611E+01    0.443027471502754281E+03
    0.130143449546894940E+01    0.154377120253569137E+04   -0.629603619358856736E+01   -0.740765168380801509E+01   -0.105580172780262167E+02   -0.420454449105879569E+01    0.443029100859039147E+03
    0.129849448562981751E+01    0.157123710374103280E+04   -0.593493843114879915E+01   -0.702258807402935847E+01   -0.101794533988493079E+02   -0.410703088774752523E+01    0.443036497760311818E+03
    0.130645032183943677E+01    0.146099873217139339E+04   -0.649326627903718645E+01   -0.741516502019657953E+01   -0.108776072778759954E+02   -0.425015004097427607E+01    0.443038136350082027E+03
    0.130236450284966709E+01    0.153003982019027649E+04   -0.586794372681113074E+01   -0.768153973943108515E+01   -0.111820215940080043E+02   -0.424758727326472307E+01    0.443043047868015321E+03
    0.130523271115880268E+01    0.132977551118651218E+04   -0.580495055886476763E+01   -0.752889503124508419E+01   -0.103379024970275708E+02   -0.372418785458112289E+01    0.443052350625185568E+03
    0.129560213132831015E+01    0.140294982224772275E+04   -0.519197328316568818E+01   -0.625011486930014115E+01   -0.926035815845846599E+01   -0.331799749636930130E+01    0.443059300676236035E+03
    0.130738321634230359E+01    0.131444023246397455E+04   -0.607099737061136491E+01   -0.702315204349732980E+01   -0.104462576521816590E+02   -0.385804121857213111E+01    0.443068772346433207E+03
    0.130112292317043754E+01    0.139219627248574443E+04   -0.551404231289010305E+01   -0.718689724184988599E+01   -0.103723937346828059E+02   -0.370954132640365053E+01    0.443076216681361245E+03
    0.130385264417719160E+01    0.154416104324132698E+04   -0.646179089651157046E+01   -0.770178511457087556E+01   -0.107665915257713625E+02   -0.426681714489970965E+01    0.443078417129366414E+03
    0.129585687052470577E+01    0.158612877286000685E+04   -0.556495569598275530E+01   -0.702552345158491942E+01   -0.992936500041041725E+01   -0.388789705893237247E+01    0.443089865923336220E+03
    0.129611721693135773E+01    0.151763309187286268E+04   -0.607131044763620675E+01   -0.662132497789547703E+01   -0.927677345103025530E+01   -0.377353975808282271E+01    0.443095743556787227E+03
    0.129760860771478503E+01    0.139119926287690896E+04   -0.523663390957182351E+01   -0.622614490287008682E+01   -0.948745130697654915E+01   -0.339043655055264104E+01    0.443103907126141110E+03
    0.129864410057396462E+01    0.143913191883246077E+04   -0.571735229084208285E+01   -0.655069493108368217E+01   -0.910957311573047868E+01   -0.365580845063048088E+01    0.443111918657442004E+03
    0.130254722214441454E+01    0.139722414406821804E+04   -0.574128696299044172E+01   -0.706460398209103069E+01   -0.109832690703982596E+02   -0.385263457088840156E+01    0.443112242829781280E+03
    0.130413149249691340E+01    0.137876404824228189E+04   -0.611695375052758905E+01   -0.758341901379094452E+01   -0.968279270253147928E+01   -0.379629828948973369E+01    0.443118643845188387E+03
    0.130554627966151804E+01    0.142631400457033078E+04   -0.599316428321858741E+01   -0.707996817339932960E+01   -0.117531623536223702E+02   -0.417049244675388131E+01    0.443139790125020625E+03
    0.130316973727934093E+01    0.138411396437484882E+04   -0.543673506735831058E+01   -0.748428323849413779E+01   -0.114615851548077110E+02   -0.385023355994133532E+01    0.443143622055913625E+03
    0.129696607526605900E+01    0.157075291101402695E+04   -0.516564006042586854E+01   -0.679589630228245056E+01   -0.107238814914997729E+02   -0.394077821399534933E+01    0.443151924789408667E+03
    0.130156764824863735E+01    0.156178354295995041E+04   -0.643436129221183783E+01   -0.719145368881258484E+01   -0.102060972672098877E+02   -0.425263003737228917E+01    0.443158859469496235E+03
    0.130794016358517817E+01    0.125853123242794436E+04   -0.539391586738674533E+01   -0.756099859177362443E+01   -0.114564537035151268E+02   -0.373477974559372683E+01    0.443162349887116648E+03
    0.130201845706312791E+01    0.142077255406993709E+04   -0.540769222689269746E+01   -0.714101308965820358E+01   -0.101081273047213820E+02   -0.392393506925943036E+01    0.443164714991173810E+03
    0.130303680689117840E+01    0.133744388755746104E+04   -0.577199158614885199E+01   -0.690443143176293095E+01   -0.959029662376637049E+01   -0.370265136974091646E+01    0.443166402152652438E+03
    0.130489190925962806E+01    0.142698738195352098E+04   -0.583271628830693967E+01   -0.693097606704483304E+01   -0.114981396681019383E+02   -0.399873854997478695E+01    0.443172411949021523E+03
    0.129979058864104036E+01    0.133418979150109567E+04   -0.470308727440711039E+01   -0.650841591538590691E+01   -0.108029931474346608E+02   -0.338727312555123028E+01    0.443180796160439570E+03
    0.130497975580519432E+01    0.148307556565951950E+04   -0.617075726760907184E+01   -0.731978331477606048E+01   -0.103009204841415336E+02   -0.427343612872741563E+01    0.443184234513191655E+03
    0.130199342261505846E+01    0.134158752575536164E+04   -0.472110419032313544E+01   -0.644997804991230606E+01   -0.119420044064696871E+02   -0.357985664432409045E+01    0.443184892575188087E+03
    0.130569482473487564E+01    0.138875277056556115E+04   -0.562103636909347237E+01   -0.787209412385599983E+01   -0.109391299533783837E+02   -0.393593893477146395E+01    0.443200557183139324E+03
    0.130881273913244134E+01    0.126056669665559116E+04   -0.565809335303082861E+01   -0.742997572860825972E+01   -0.109537733311353431E+02   -0.382635660565370017E+01    0.443206557692286538E+03
    0.130668530817702444E+01    0.128064513400061583E+04   -0.503967402302722522E+01   -0.700994934825951255E+01   -0.109348514988159842E+02   -0.372390626440130212E+01    0.443207098057173312E+03
    0.130230248346628974E+01    0.138316890403224215E+04   -0.533758642177283171E+01   -0.709782617559050699E+01   -0.118219787465290764E+02   -0.380170411930678043E+01    0.443225829470780809E+03
    0.130161735431713499E+01    0.147662232418803001E+04   -0.530983737475375772E+01   -0.766402058961282151E+01   -0.118112946548241737E+02   -0.400910796424478022E+01    0.443231896552657872E+03
    0.130068965047635232E+01    0.150593244615059666E+04   -0.596189160509673144E+01   -0.733409637775125223E+01   -0.109751354658900233E+02   -0.403689922382865873E+01    0.443244094062910563E+03
    0.130462440311373196E+01    0.130500731889295275E+04   -0.520597559028076162E+01   -0.737539597705129157E+01   -0.108782369868572442E+02   -0.359191948413952034E+01    0.443244160612130770E+03
    0.130818209934099583E+01    0.141984688112845129E+04   -0.621605026987859510E+01   -0.805417721983570090E+01   -0.117602827639566172E+02   -0.427529142004905971E+01    0.443245843272303432E+03
    0.130617232672004357E+01    0.147746038611872837E+04   -0.639330716704193858E+01   -0.748834047407733738E+01   -0.114656029023209136E+02   -0.426004148495033252E+01    0.443248514114405907E+03
    0.130730799713848445E+01    0.128171509190190159E+04   -0.559679043561650946E+01   -0.762233377503674525E+01   -0.100653266927853569E+02   -0.378727116793311680E+01    0.443250418325920691E+03
    0.130746165064493636E+01    0.143092472633424040E+04   -0.644400006656397473E+01   -0.788370080927416605E+01   -0.107059519113769461E+02   -0.427570846203013311E+01    0.443252923936050593E+03
    0.130317639727643919E+01    0.133463619614275513E+04   -0.511226257182109212E+01   -0.734599592943962509E+01   -0.106265640071279677E+02   -0.357820865272070598E+01    0.443259506621358696E+03
    0.130749999360497271E+01    0.127268916683419684E+04   -0.514123823758978649E+01   -0.741821438979551129E+01   -0.114592878074900764E+02   -0.372595998003608386E+01    0.443260604231146658E+03
    0.130484608268378510E+01    0.140922943658977397E+04   -0.575346866559210746E+01   -0.673102962284191264E+01   -0.105847222939284293E+02   -0.402099652700495724E+01    0.443266485868338748E+03
    0.129912666509474040E+01    0.156350362555804372E+04   -0.528813907317836129E+01   -0.706675113853150538E+01   -0.111986986339289469E+02   -0.408440135957939621E+01    0.443269174863728665E+03
    0.130453302527862669E+01    0.139387484594944408E+04   -0.624279233591574823E+01   -0.763635055790004724E+01   -0.101680290205608053E+02   -0.394551095905299221E+01    0.443283962458444194E+03
    0.130487921908170290E+01    0.135469137007842619E+04   -0.588763013088617271E+01   -0.787709619488804602E+01   -0.966852302831662413E+01   -0.383115141320015162E+01    0.443288846659260400E+03
    0.130507722170166107E+01    0.136273571244029449E+04   -0.537359088147034125E+01   -0.716593026142902101E+01   -0.101198930450434350E+02   -0.393109165250111658E+01    0.443306504238868115E+03
    0.130308286892543634E+01    0.143134269495000444E+04   -0.568963013252032734E+01   -0.772266326358378841E+01   -0.117458153754765728E+02   -0.397584977241386817E+01    0.443311153604635933E+03
    0.129991401135718831E+01    0.144526323695827091E+04   -0.588083366651002493E+01   -0.754499954847607945E+01   -0.932394402787607035E+01   -0.376655415388761305E+01    0.443322487744984471E+03
    0.130234054761141915E+01    0.131268938913430884E+04   -0.509891313214101149E+01   -0.674336523202359306E+01   -0.116057608378529089E+02   -0.351190407064789234E+01    0.443322497301493456E+03
    0.129989635093458511E+01    0.143813519272792951E+04   -0.500109732537189178E+01   -0.723093169796899105E+01   -0.109012661399110655E+02   -0.371738177375488021E+01    0.443333821028868897E+03
    0.130126294001739140E+01    0.159659155519824844E+04   -0.600151119791524046E+01   -0.772078655053601981E+01   -0.116411882171049346E+02   -0.425517396555328897E+01    0.443335425090588956E+03
    0.130126582218873255E+01    0.145313802002167040E+04   -0.627914686250918752E+01   -0.720103910083538157E+01   -0.965960359288373027E+01   -0.382499555386803891E+01    0.443337118462328078E+03
    0.129976270043262065E+01    0.140528868255698580E+04   -0.531129814723745852E+01   -0.720450998787149910E+01   -0.101042449946163710E+02   -0.363622572595397742E+01    0.443352804266861597E+03
    0.130796665344417007E+01    0.128858989525390530E+04   -0.585382369861774521E+01   -0.749487349180156226E+01   -0.111290458909193539E+02   -0.384987341854702514E+01    0.443368632952079281E+03
    0.130517692065672253E+01    0.142381315872211098E+04   -0.534281462008337549E+01   -0.745916614700318981E+01   -0.112792498530100929E+02   -0.405116286025124417E+01    0.443382909469552828E+03
    0.130292274183502532E+01    0.144743618765343126E+04   -0.595721304306550792E+01   -0.699516464752945311E+01   -0.115419798987145299E+02   -0.404015852930984298E+01    0.443391097527369425E+03
    0.130297339909619314E+01    0.139263837116642799E+04   -0.552797433555226014E+01   -0.695336110806609220E+01   -0.108785880103881976E+02   -0.389575802619074274E+01    0.443393671732346775E+03
    0.129936482375107487E+01    0.152468094980721344E+04   -0.581495750458326466E+01   -0.672507731024933086E+01   -0.113478500463410441E+02   -0.395480956127380345E+01    0.443395589860291238E+03
    0.130744501483047681E+01    0.137168809463086291E+04   -0.633615833880779533E+01   -0.753535462858476723E+01   -0.106836502677016867E+02   -0.403554924337343479E+01    0.443396839398936663E+03
    0.130476242819932065E+01    0.146763022551083463E+04   -0.642231999825099997E+01   -0.764986221835085711E+01   -0.109070632302260737E+02   -0.419196082489602162E+01    0.443414623597469927E+03
    0.130040952432706236E+01    0.141086011965047055E+04   -0.503911134656710846E+01   -0.720012051446065904E+01   -0.116961100752291909E+02   -0.366358980641856036E+01    0.443424360552214637E+03
    0.129982064620354554E+01    0.142736062326516480E+04   -0.607710438202286429E+01   -0.719414160250579648E+01   -0.942243042702603439E+01   -0.367891299799069493E+01    0.443425489014801656E+03
    0.130523910941571852E+01    0.147445905351708484E+04   -0.614672954057860821E+01   -0.715619193372055573E+01   -0.104156476495888484E+02   -0.422657035710501372E+01    0.443429270328972677E+03
    0.130228454882383216E+01    0.151012409716634829E+04   -0.606219779212810828E+01   -0.714686147206808808E+01   -0.111366093685497667E+02   -0.405665954205721135E+01    0.443447345347256828E+03
    0.129861697627444039E+01    0.142385512996931357E+04   -0.488588802728891736E+01   -0.675114439334407823E+01   -0.115649956388515882E+02   -0.357651997994670445E+01    0.443449135480036375E+03
    0.130484615785751989E+01    0.153549188230535901E+04   -0.632208199074882060E+01   -0.784945269665209455E+01   -0.110816452407198209E+02   -0.439787602522787147E+01    0.443460082559472937E+03
    0.129760529372012767E+01    0.147566157361602950E+04   -0.549176200917286383E+01   -0.694716204721297359E+01   -0.950723535495344052E+01   -0.365270344428375715E+01    0.443460948994526689E+03
    0.130919913698774226E+01    0.130947873723910288E+04   -0.589500359921067663E+01   -0.780268372979891289E+01   -0.113720718115456130E+02   -0.398739402694968526E+01    0.443467637732595449E+03
    0.129921789826860712E+01    0.152095191006432128E+04   -0.625696453970922217E+01   -0.748969479317611952E+01   -0.960891303305911570E+01   -0.392458928072860758E+01    0.443486952866110869E+03
    0.130155956646386106E+01    0.133595847899338560E+04   -0.545943123102132510E+01   -0.652372791718117462E+01   -0.982100558891662345E+01   -0.347907277828569406E+01    0.443487260595995281E+03
    0.130126681374312336E+01    0.130652297438750020E+04   -0.495986797215727204E+01   -0.637566540950647731E+01   -0.104182733981518023E+02   -0.337772397884883091E+01    0.443491278281607208E+03
    0.129920107999645751E+01    0.148384388536069537E+04   -0.538137804305083733E+01   -0.733968087235285260E+01   -0.974738846122781943E+01   -0.388829780371962386E+01    0.443493093813775545E+03
    0.130363625388288829E+01    0.155844932186480219E+04   -0.631609150886479576E+01   -0.731725256389125445E+01   -0.115310523400831322E+02   -0.433195117791001483E+01    0.443504634821911509E+03
    0.129846447550331812E+01    0.148549691350429634E+04   -0.543224686083289843E+01   -0.637244654888874607E+01   -0.989357460206952055E+01   -0.384309628779981871E+01    0.443507707060891789E+03
    0.130638788922209992E+01    0.141439694717895532E+04   -0.642870502867887872E+01   -0.791475669109739943E+01   -0.103698519449486515E+02   -0.413194476748153061E+01    0.443517522199270275E+03
    0.130519020628500182E+01    0.133673803778933893E+04   -0.539462556581265584E+01   -0.777417912973758707E+01   -0.110245629146465109E+02   -0.378981082048056273E+01    0.443522008485049355E+03
    0.130378453131665162E+01    0.140055214328399848E+04   -0.567199046505411353E+01   -0.787239339308406993E+01   -0.102456890315713292E+02   -0.385926461398873677E+01    0.443528959048025740E+03
    0.130563655931254941E+01    0.144464036205497678E+04   -0.609113889151357046E+01   -0.703855530086330905E+01   -0.110427063736757489E+02   -0.413179603371870474E+01    0.443542380845770481E+03
    0.130394327096719365E+01    0.142486031997756982E+04   -0.612723795283704487E+01   -0.738374607520233361E+01   -0.108283275815571649E+02   -0.393344615252432561E+01    0.443550620427720617E+03
    0.130580841771197309E+01    0.130568935409583128E+04   -0.509380464521195719E+01   -0.745506412802918117E+01   -0.115949596215094761E+02   -0.369833013464151783E+01    0.443557406368657723E+03
    0.130745317860097243E+01    0.130651173598881451E+04   -0.575422920558441753E+01   -0.767928942678693183E+01   -0.119689624705700837E+02   -0.383650007105130442E+01    0.443564524078560567E+03
    0.130509429752330863E+01    0.138712522277064500E+04   -0.596299288341854794E+01   -0.722724665293350643E+01   -0.115574839504025384E+02   -0.389141844005148307E+01    0.443567594751166496E+03
    0.130367366359461556E+01    0.151433965162538016E+04   -0.637712265064829786E+01   -0.755708933280536765E+01   -0.113189485094834232E+02   -0.418795591315853155E+01    0.443572983681153289E+03
    0.129974174972693479E+01    0.154217576550489957E+04   -0.525486096406145542E+01   -0.699746571096295078E+01   -0.115098351983250371E+02   -0.406041618603364007E+01    0.443573640392401501E+03
    0.129572625399329833E+01    0.144246801386963284E+04   -0.476914601929937731E+01   -0.656303202369545069E+01   -0.937150531084082772E+01   -0.345413797029207892E+01    0.443578487846584835E+03
    0.130082887863983210E+01    0.136853720712586210E+04   -0.475921111403472175E+01   -0.654111842916982678E+01   -0.998856542483428811E+01   -0.356079474695071774E+01    0.443610188106456746E+03
    0.130139008201211759E+01    0.142449378213976274E+04   -0.570494029424685944E+01   -0.720930349005273907E+01   -0.109081794630964097E+02   -0.379209269372589119E+01    0.443612810048686924E+03
    0.129667014963912797E+01    0.136321923321923578E+04   -0.507370813576384183E+01   -0.639899844847200328E+01   -0.877040922066755613E+01   -0.325983034373689051E+01    0.443613145836255910E+03
    0.130107968996225054E+01    0.147316176485163464E+04   -0.508729347852437908E+01   -0.729762011764746887E+01   -0.114550769017318466E+02   -0.392984997713212181E+01    0.443616184587404575E+03
    0.130143102775967656E+01    0.140948215099070057E+04   -0.525511170515588244E+01   -0.700917422073247209E+01   -0.111863338873366462E+02   -0.383442343744573577E+01    0.443616947806420569E+03
    0.129890891051466317E+01    0.149500930330775304E+04   -0.518683123264216128E+01   -0.730842058996233757E+01   -0.106634582314339106E+02   -0.388338963087404920E+01    0.443618318910778100E+03
    0.130165079130872807E+01    0.141090290625082775E+04   -0.526346542893918112E+01   -0.685802961702628178E+01   -0.113616007942858808E+02   -0.370370313251325456E+01    0.443634109634898437E+03
    0.129979122992062579E+01    0.146675455244452019E+04   -0.527447609499169090E+01   -0.701594028245172652E+01   -0.113450532007097511E+02   -0.389538069645201368E+01    0.443642174853092797E+03
    0.130239524397175166E+01    0.139572291681691240E+04   -0.503555153278067369E+01   -0.718150757716452759E+01   -0.111960614781522807E+02   -0.373585717290531605E+01    0.443644314876869259E+03
    0.130556780837355690E+01    0.141726573584498783E+04   -0.567971035345347897E+01   -0.712255009970053532E+01   -0.103313726355856357E+02   -0.410675621574430494E+01    0.443678284866661727E+03
    0.129852589216023917E+01    0.159013243028608645E+04   -0.582702723299708314E+01   -0.735220701897706164E+01   -0.102720273589875202E+02   -0.414510582293411289E+01    0.443680158801695541E+03
    0.130391942611371969E+01    0.130116476226586929E+04   -0.503259035991342429E+01   -0.726233170842167119E+01   -0.101610338887737566E+02   -0.359727182355556607E+01    0.443680784246185908E+03
    0.130103961501971765E+01    0.154401344687323240E+04   -0.635724213578384223E+01   -0.741759339345221047E+01   -0.104105573321841938E+02   -0.414750313055434994E+01    0.443681069708219468E+03
    0.130317399834711334E+01    0.150440085118436627E+04   -0.628739595243999094E+01   -0.790367751772724780E+01   -0.984093467058703197E+01   -0.416148270828014333E+01    0.443702912827452508E+03
    0.130366231227199880E+01    0.135764522106338336E+04   -0.573183111006978940E+01   -0.668792768276068994E+01   -0.964858376970639142E+01   -0.380150963919601992E+01    0.443703267266675425E+03
    0.130088740683175463E+01    0.135568911608480448E+04   -0.494578230339805991E+01   -0.674743855818871197E+01   -0.109499715755510234E+02   -0.349623619707147881E+01    0.443706600106485439E+03
    0.130309468637864345E+01    0.136747085245956532E+04   -0.531145456210664779E+01   -0.656611752055535369E+01   -0.990670582037468783E+01   -0.379148750675256707E+01    0.443713022943450142E+03
    0.129994284966717699E+01    0.139780520539176405E+04   -0.510171736467562909E+01   -0.659210977576870416E+01   -0.105908105081508381E+02   -0.368380772443064330E+01    0.443720265842327933E+03
    0.129927314286223128E+01    0.157944808009143298E+04   -0.552984686756498878E+01   -0.685706374573222277E+01   -0.117296473891066864E+02   -0.410044969653823266E+01    0.443722491301499417E+03
    0.130235400713986893E+01    0.157095392685439128E+04   -0.632851806211064094E+01   -0.772056374499218556E+01   -0.100711030621819866E+02   -0.429608736725457074E+01    0.443724154390011961E+03
    0.129552785240489587E+01    0.142821132015893818E+04   -0.500620357735929478E+01   -0.628013231245292669E+01   -0.961798734202328021E+01   -0.342001990371429976E+01    0.443725900891304548E+03
    0.130499463981794550E+01    0.131433765022567150E+04   -0.531971802628242152E+01   -0.719651423360885989E+01   -0.118461713996511957E+02   -0.375022492047162537E+01    0.443740863420262599E+03
    0.130445296676477041E+01    0.133868737156108273E+04   -0.515636178088785702E+01   -0.746870997862213315E+01   -0.101780378502444044E+02   -0.377768849211289925E+01    0.443747219374899430E+03
    0.130033578155251095E+01    0.158554831525892132E+04   -0.579465715717791507E+01   -0.772284781866979841E+01   -0.110054451460036553E+02   -0.420857271032602931E+01    0.443765399952886241E+03
    0.130269472787125351E+01    0.158920526783393939E+04   -0.609947569745675544E+01   -0.760003553206930960E+01   -0.106070336768011444E+02   -0.435019855810771183E+01    0.443775739389744274E+03
    0.130356891458608581E+01    0.140416208315213908E+04   -0.589669171327223651E+01   -0.722037314468020952E+01   -0.974186453809940822E+01   -0.381677343744273045E+01    0.443783138645059921E+03
    0.130077441997613619E+01    0.156883127466081783E+04   -0.593015953852976363E+01   -0.715661675881541903E+01   -0.107021549821437940E+02   -0.412741542603327449E+01    0.443784059056284889E+03
    0.130409046662250838E+01    0.129579411725790419E+04   -0.536153316918042577E+01   -0.674759162768295440E+01   -0.102601207669765913E+02   -0.361681381102923361E+01    0.443787498783449223E+03
    0.129730542635010870E+01    0.139132492794981272E+04   -0.483738570968688020E+01   -0.635842391103793947E+01   -0.996694253252752382E+01   -0.339621462019778164E+01    0.443788963209434257E+03
    0.130295072659307509E+01    0.137095691021976609E+04   -0.512753638956764224E+01   -0.700227887204157984E+01   -0.107109179219094379E+02   -0.381184270452201623E+01    0.443806338771134051E+03
    0.130285252254672557E+01    0.159185755934283907E+04   -0.604624058859911973E+01   -0.753046746924494670E+01   -0.111875335404565313E+02   -0.439105515519713219E+01    0.443808951082550323E+03
    0.130414603092362258E+01    0.130949626589527861E+04   -0.520682933148548344E+01   -0.681511605745932947E+01   -0.991691698352718376E+01   -0.354591589674013363E+01    0.443811154550658614E+03
    0.130622994972590201E+01    0.139417721693701128E+04   -0.558145711008121470E+01   -0.739957819854924370E+01   -0.114348905511989791E+02   -0.411587747240213009E+01    0.443813127369522078E+03
    0.130430988969904216E+01    0.153713994715917784E+04   -0.589221990319720224E+01   -0.748331240584758461E+01   -0.116858934061522479E+02   -0.431956745077233961E+01    0.443827418127725537E+03
    0.130173432168348846E+01    0.144931130709528247E+04   -0.519704409328733519E+01   -0.689356024388892230E+01   -0.109610167862579839E+02   -0.384990403227219602E+01    0.443829934860455353E+03
    0.130546999516248263E+01    0.139188377280210034E+04   -0.575887623559981776E+01   -0.683524124726762228E+01   -0.111311780085911423E+02   -0.403023609906793112E+01    0.443838604839378888E+03
    0.129905370439488754E+01    0.142713912041976664E+04   -0.519416142770295686E+01   -0.728233539174049760E+01   -0.971318299843993849E+01   -0.368118580944548413E+01    0.443842878382784249E+03
    0.130336229721121954E+01    0.147014194647164823E+04   -0.628905078755303837E+01   -0.782219664543402349E+01   -0.979376332422368279E+01   -0.404454553986262866E+01    0.443844207961135794E+03
    0.129716565747992152E+01    0.146763668341198832E+04   -0.499852961614662838E+01   -0.690133832716729323E+01   -0.944663470542388595E+01   -0.365456834863131519E+01    0.443852646403805636E+03
    0.130151186157944321E+01    0.139136855465960093E+04   -0.532498149371148166E+01   -0.714423681614074990E+01   -0.972992423896268477E+01   -0.363536490246954003E+01    0.443860441427184526E+03
    0.130424720142148720E+01    0.126848251868805210E+04   -0.508102538263312553E+01   -0.641047115656893673E+01   -0.100579813401677196E+02   -0.345948715477969060E+01    0.443860646636082834E+03
    0.129870054900733045E+01    0.145931614270734713E+04   -0.541647913297154382E+01   -0.646973923177633470E+01   -0.107298925522072448E+02   -0.375372660128518021E+01    0.443862492884967594E+03
    0.130381984550684527E+01    0.143267255523325889E+04   -0.539561848416912948E+01   -0.750067909708009761E+01   -0.111565830479663184E+02   -0.393207715363844379E+01    0.443865198646995964E+03
    0.130346906976783883E+01    0.135060269993717088E+04   -0.524797908393680679E+01   -0.749595184051154018E+01   -0.114603421637295249E+02   -0.369964004669503410E+01    0.443865681872610537E+03
    0.130730123777213425E+01    0.129955146696373231E+04   -0.556262941290531376E+01   -0.763228320770543256E+01   -0.115423618748494157E+02   -0.384960356008270921E+01    0.443867462426410327E+03
    0.129890117010542738E+01    0.153078206736855100E+04   -0.553345886825166122E+01   -0.757452947020082590E+01   -0.101454094060106765E+02   -0.394683816370918983E+01    0.443873252089149560E+03
    0.129793970367938272E+01    0.138295097390732690E+04   -0.480129686484969920E+01   -0.622515796801165866E+01   -0.100914889438000461E+02   -0.344968749121879803E+01    0.443875400603010860E+03
    0.130104122923358645E+01    0.147367919500925996E+04   -0.533405298386008475E+01   -0.699543316537028925E+01   -0.109716605114214598E+02   -0.400112148235558696E+01    0.443877840307061376E+03
    0.130348697172369876E+01    0.144328346037527490E+04   -0.572366898278291725E+01   -0.717096782058267923E+01   -0.103795766709781283E+02   -0.408785517990920688E+01    0.443891363798672160E+03
    0.130506407574236949E+01    0.139835920522732613E+04   -0.581859149002041232E+01   -0.683475120539671099E+01   -0.110539564970465545E+02   -0.402944045745730328E+01    0.443892768078203687E+03
    0.130153216193525623E+01    0.146922813970960760E+04   -0.610582667419312841E+01   -0.723029352949451454E+01   -0.983986048740712960E+01   -0.401977899138678740E+01    0.443896632816238821E+03
    0.130429843195419215E+01    0.132644476573922179E+04   -0.594608205188778793E+01   -0.725188426996884505E+01   -0.972115808969080675E+01   -0.365995659715544441E+01    0.443898229749147276E+03
    0.130135860403618642E+01    0.143778238303856187E+04   -0.605350588327439532E+01   -0.712773639510458246E+01   -0.100637759495218191E+02   -0.381484006070491510E+01    0.443903321170943855E+03
    0.130559317313369561E+01    0.145058131447125652E+04   -0.644355935185156614E+01   -0.749174948114886785E+01   -0.998213957619225667E+01   -0.418684799649780359E+01    0.443903883869287142E+03
    0.130528098507367329E+01    0.128442976083973485E+04   -0.539034584903076652E+01   -0.681206100279340454E+01   -0.107884600922713094E+02   -0.364464714291923997E+01    0.443904760594619120E+03
    0.129562484853590898E+01    0.151884263540641473E+04   -0.578209661726206647E+01   -0.644114480099432463E+01   -0.935660485641138528E+01   -0.372978507685717453E+01    0.443909554252928444E+03
    0.129694388516825332E+01    0.156150501399493351E+04   -0.540774358097414964E+01   -0.670914939216846040E+01   -0.119885592176293621E+02   -0.392646000800101724E+01    0.443910801285891523E+03
    0.130275667053813859E+01    0.151678116671921271E+04   -0.645621561437305491E+01   -0.760259669381898995E+01   -0.100213830211004513E+02   -0.421330056964175448E+01    0.443918313857801081E+03
    0.130097411685128495E+01    0.139596403229363432E+04   -0.503677868421913200E+01   -0.696997609118305572E+01   -0.114782637274896828E+02   -0.363562695477370390E+01    0.443924869264428821E+03
    0.129983360180116936E+01    0.144614996717181884E+04   -0.519407538682983105E+01   -0.654866391790273017E+01   -0.118075742382852376E+02   -0.372123099652261580E+01    0.443927576824494338E+03
    0.130432801827551637E+01    0.138565738049525612E+04   -0.579152843035342357E+01   -0.682819496114617142E+01   -0.118574018454901378E+02   -0.384953297180769916E+01    0.443931904627550978E+03
    0.129952562860105325E+01    0.152283870911103804E+04   -0.629430307201548001E+01   -0.687515552202225244E+01   -0.970228899120235155E+01   -0.394828696586330530E+01    0.443936649127567648E+03
    0.130572193341376819E+01    0.130513878824907533E+04   -0.599336710298806086E+01   -0.717272864876348226E+01   -0.950302001568531907E+01   -0.371094417051749126E+01    0.443937165784999763E+03
    0.130417231636932329E+01    0.138462824809831045E+04   -0.574653269679097534E+01   -0.751586434264015768E+01   -0.970739427835416890E+01   -0.380911150129959353E+01    0.443950141566965840E+03
    0.130317966634571336E+01    0.147296816884719851E+04   -0.596803080295393684E+01   -0.746068540127840318E+01   -0.105003202645684404E+02   -0.414727741122058635E+01    0.443951385855446006E+03
    0.130392053948925346E+01    0.138406661490439819E+04   -0.574172833589618392E+01   -0.697158561557207612E+01   -0.957367660940083809E+01   -0.381178087408929400E+01    0.443951449111037959E+03
    0.130580439116778191E+01    0.145647169965507715E+04   -0.577077914971444628E+01   -0.776010780386538812E+01   -0.113798333477669242E+02   -0.416342540082887336E+01    0.443952286503852918E+03
    0.129958527474841445E+01    0.154223249236110678E+04   -0.629025092116583018E+01   -0.687953271204110095E+01   -0.974322960417246975E+01   -0.403288446989343985E+01    0.443953630069498274E+03
    0.130425379826503995E+01    0.145073418505096515E+04   -0.589207980490706973E+01   -0.687932704184436083E+01   -0.110365972844984359E+02   -0.412218347411059849E+01    0.443954992133895075E+03
    0.130685785877402338E+01    0.136956269161078194E+04   -0.567906173385970181E+01   -0.701103160396765368E+01   -0.115651475005725306E+02   -0.405507971536634493E+01    0.443956783522689477E+03
    0.130298598416984635E+01    0.149711799045615999E+04   -0.647024060923401922E+01   -0.748486383260339938E+01   -0.101763869440005905E+02   -0.417083865235996143E+01    0.443958072397324997E+03
    0.129892646829609992E+01    0.153116970858312857E+04   -0.536308825531245326E+01   -0.657578626653674991E+01   -0.108659223950870789E+02   -0.397228283384933079E+01    0.443958298034189909E+03
    0.129787877991036038E+01    0.147176940282253486E+04   -0.493179499975293290E+01   -0.681216187595573874E+01   -0.114170030463403993E+02   -0.373223780095102420E+01    0.443966501217229847E+03
    0.130660528809259069E+01    0.138373303908393473E+04   -0.598074315198296791E+01   -0.775415790196461963E+01   -0.116286645882391646E+02   -0.409313911422191889E+01    0.443967001576602740E+03
    0.130471810830991641E+01    0.133987786795998591E+04   -0.584829835396810616E+01   -0.717266294379716651E+01   -0.106481823037378156E+02   -0.375763869659024863E+01    0.443967590342639369E+03
    0.129980781588945171E+01    0.149731593471830092E+04   -0.560046427402692526E+01   -0.742074880506800216E+01   -0.109674046526706146E+02   -0.392271695946503307E+01    0.443970461501224236E+03
    0.130068786598607677E+01    0.144422456163803531E+04   -0.509240184876354185E+01   -0.672154066185083199E+01   -0.107988567585190438E+02   -0.386889038627571047E+01    0.443972995435456312E+03
    0.130361898348828653E+01    0.152456085858831466E+04   -0.640381973128948712E+01   -0.744786484093831991E+01   -0.111785208484942231E+02   -0.426721101724801599E+01    0.443973111401387598E+03
    0.130174502047875684E+01    0.158216783437799813E+04   -0.586067395038790195E+01   -0.731701462844940664E+01   -0.107096716267773111E+02   -0.430516104523338328E+01    0.443979033491521648E+03
    0.130413801064357093E+01    0.136210441962890582E+04   -0.522293763027862923E+01   -0.765082201771466597E+01   -0.119814292039253214E+02   -0.378951935072292656E+01    0.443979643701967404E+03
    0.130123022623077134E+01    0.131808095721560767E+04   -0.493521683260030475E+01   -0.690930884338802009E+01   -0.100070976724855569E+02   -0.342061456758335680E+01    0.443979795805557899E+03
    0.129928556650815574E+01    0.152685030879817600E+04   -0.577710575488103562E+01   -0.699088018558201707E+01   -0.116285112735601608E+02   -0.399337209447932651E+01    0.443991856475257975E+03
    0.130295450173466931E+01    0.126318982335084684E+04   -0.514044455601344019E+01   -0.660148146933495195E+01   -0.956754646449422985E+01   -0.334780963187988156E+01    0.443999451121786251E+03
    0.130306387241629507E+01    0.130336269871641366E+04   -0.514801385488828434E+01   -0.706964169778217588E+01   -0.948617601984268433E+01   -0.354802170354897939E+01    0.444004266574891233E+03
    0.130055331398108520E+01    0.153397049676172446E+04   -0.577085876758301897E+01   -0.767684645311166758E+01   -0.985050751288224902E+01   -0.405145784171690870E+01    0.444011450322885594E+03
    0.129783181479119247E+01    0.144859911817890475E+04   -0.509340730955776078E+01   -0.648732763926756029E+01   -0.109706612233808691E+02   -0.366623772210328447E+01    0.444020390207664207E+03
    0.130422710111732121E+01    0.141265691764105327E+04   -0.550912389466444985E+01   -0.786829671145343301E+01   -0.118906372307242698E+02   -0.393535441372349126E+01    0.444023798302846785E+03
    0.130616598650870674E+01    0.138207809895350397E+04   -0.577450668767890463E+01   -0.704663987615785015E+01   -0.102017687314861796E+02   -0.403535693103773507E+01    0.444027820419988018E+03
    0.130656256281867211E+01    0.143282436151088791E+04   -0.638321428057824036E+01   -0.787307431765256638E+01   -0.108569376045372064E+02   -0.419148945897639358E+01    0.444031485272824511E+03
    0.130307783154354473E+01    0.129324976953886426E+04   -0.557677341974573615E+01   -0.691005799404503129E+01   -0.931383285558758622E+01   -0.349643039716483273E+01    0.444037188495906037E+03
    0.130068943776855672E+01    0.131252395939935082E+04   -0.539170635238382090E+01   -0.675515009067887551E+01   -0.901462147714027751E+01   -0.337974523418168182E+01    0.444042711502506620E+03
    0.130079371211951256E+01    0.145943906251774047E+04   -0.525644369049577609E+01   -0.755991732139462602E+01   -0.106061248266772150E+02   -0.386381074983578365E+01    0.444052469873650807E+03
    0.130571412450543733E+01    0.134721484823748710E+04   -0.610577454334759295E+01   -0.743693286486304839E+01   -0.102860611598894707E+02   -0.387016165074177110E+01    0.444059080903779545E+03
    0.130673077361291323E+01    0.140261850202571009E+04   -0.554505000341365317E+01   -0.753318947918837889E+01   -0.116952820246138121E+02   -0.413119243994900120E+01    0.444063531796581458E+03
    0.130461854481050787E+01    0.126201774497938595E+04   -0.502344346716545775E+01   -0.654057822562765967E+01   -0.985909907090427851E+01   -0.346883196130274918E+01    0.444064992393620798E+03
    0.129520114437293610E+01    0.150829334748071187E+04   -0.520204469678154346E+01   -0.625835521317439536E+01   -0.956133371428564516E+01   -0.364353201579779373E+01    0.444066522786919279E+03
    0.130368894199731256E+01    0.130681063540660853E+04   -0.508796530972086636E+01   -0.706777621933708833E+01   -0.105776408062100877E+02   -0.352403868351127691E+01    0.444067621464004048E+03
    0.129776835263445056E+01    0.150477698256786471E+04   -0.542469716249523159E+01   -0.665377762931755523E+01   -0.952638464226273740E+01   -0.384817836806192481E+01    0.444068469226938191E+03
    0.130163482128284724E+01    0.132572014406128983E+04   -0.531528989764241189E+01   -0.709556935891630935E+01   -0.963676536445389154E+01   -0.347601763725437252E+01    0.444068585531580084E+03
    0.130122550815507476E+01    0.140482531444138976E+04   -0.529308089143211102E+01   -0.638796671564722551E+01   -0.103013467943765082E+02   -0.369283288000955601E+01    0.444077550049142530E+03
    0.130520828706496506E+01    0.131932200081902511E+04   -0.529616295003667936E+01   -0.749745592203282474E+01   -0.116285983618000337E+02   -0.375975786895374320E+01    0.444080020981106600E+03
    0.130221288669514612E+01    0.142126941578992250E+04   -0.555155136175167385E+01   -0.691236007700283039E+01   -0.958484639092996460E+01   -0.389381741905497591E+01    0.444082617041286483E+03
    0.129812194398841596E+01    0.137337578818200382E+04   -0.495561499087121415E+01   -0.620693019885433728E+01   -0.970712288829409253E+01   -0.337190810438467814E+01    0.444088872492788369E+03
    0.130338043135230164E+01    0.128048911952718299E+04   -0.487987029914298720E+01   -0.652490389303470941E+01   -0.111633664599348652E+02   -0.345515026650223867E+01    0.444089070173909533E+03
    0.130221627835896570E+01    0.145047218292176808E+04   -0.576064918511058366E+01   -0.683129812573434414E+01   -0.108891331601046684E+02   -0.400520774299079640E+01    0.444089899918072433E+03
    0.130377446093928917E+01    0.142028434406423321E+04   -0.564532114044610722E+01   -0.774879803476754425E+01   -0.101581597890873017E+02   -0.390232483187153179E+01    0.444091835523372538E+03
    0.130157288585994024E+01    0.143113787761899903E+04   -0.572808431386574046E+01   -0.659712240588304599E+01   -0.973640367901936798E+01   -0.387999118844282620E+01    0.444098218419254522E+03
    0.130870147393564329E+01    0.130563561264263649E+04   -0.582182965941301855E+01   -0.741449015382133858E+01   -0.105832189774895031E+02   -0.393065722318618960E+01    0.444118698106149679E+03
    0.130358731119529914E+01    0.150111751331356322E+04   -0.584776257158284629E+01   -0.736418023158538393E+01   -0.116640484701189102E+02   -0.425160257446203893E+01    0.444122998939063166E+03
    0.130284575293187821E+01    0.140539487604112151E+04   -0.529333507965446692E+01   -0.652746241489279200E+01   -0.112711519459020391E+02   -0.384416713435286361E+01    0.444126004785993473E+03
    0.130537970719519691E+01    0.129827560705608926E+04   -0.554037896133993701E+01   -0.674060559200768417E+01   -0.109223545036117304E+02   -0.368655919328298332E+01    0.444131718355273620E+03
    0.130300561561934081E+01    0.134422466622305024E+04   -0.516673389163275854E+01   -0.727442470916096440E+01   -0.113178345116106147E+02   -0.361567421338648387E+01    0.444137906824649235E+03
    0.129875426479232425E+01    0.148568986481096181E+04   -0.537289069058898683E+01   -0.653809983744777323E+01   -0.119536582037234709E+02   -0.379732599193144260E+01    0.444143998998480015E+03
    0.130512341035538437E+01    0.144250391682243412E+04   -0.601601076941970447E+01   -0.695091162821092912E+01   -0.114272531091358385E+02   -0.411533443833394585E+01    0.444148763826354298E+03
    0.130197088259856697E+01    0.150451033857945504E+04   -0.595526111520758228E+01   -0.792936723142459687E+01   -0.999639986982255913E+01   -0.408493318156888474E+01    0.444149064288477291E+03
    0.130518827727405484E+01    0.135423005416883257E+04   -0.546590908463315106E+01   -0.754817720042465545E+01   -0.100270121028194268E+02   -0.378793329628571485E+01    0.444151372561526216E+03
    0.130154464278938842E+01    0.148486832262213807E+04   -0.551141780420914529E+01   -0.757961230418533560E+01   -0.986203543363559021E+01   -0.398224131706116857E+01    0.444160793520923221E+03
    0.130594458391770529E+01    0.134079699816700213E+04   -0.578580223196120080E+01   -0.709138924545840332E+01   -0.112494537563507837E+02   -0.391225147743792334E+01    0.444163331696266823E+03
    0.130418091276906845E+01    0.138026448761558709E+04   -0.522190325288960189E+01   -0.764902236993686557E+01   -0.116188022797335506E+02   -0.387131258182226823E+01    0.444163683960086587E+03
    0.130336750567972914E+01    0.140473609182661698E+04   -0.566082083282594439E+01   -0.657939570886697034E+01   -0.109874253158506558E+02   -0.388537852881725421E+01    0.444165032075129773E+03
    0.130392253778850264E+01    0.132517965804696360E+04   -0.554225570925772715E+01   -0.677493669212599592E+01   -0.101248650146261543E+02   -0.371680808289465503E+01    0.444165452363810175E+03
    0.130243196384867899E+01    0.138572196632339092E+04   -0.569817572315877374E+01   -0.721448789003811086E+01   -0.941628643119886988E+01   -0.370887499197864123E+01    0.444168859489071906E+03
    0.130124167056332340E+01    0.147033642677589205E+04   -0.581969141793289069E+01   -0.720265613825237416E+01   -0.970865161871741300E+01   -0.400201483950912795E+01    0.444170472076916042E+03
    0.130184431205763618E+01    0.127755752146564373E+04   -0.502712802906298428E+01   -0.658474501729285500E+01   -0.958166892467621878E+01   -0.332412537819983456E+01    0.444170845132283318E+03
    0.130060985712736299E+01    0.137525440707820371E+04   -0.596687279258854630E+01   -0.703603860422758220E+01   -0.919070563613018265E+01   -0.359193964751399264E+01    0.444173814510115562E+03
    0.130181555274520266E+01    0.137163802957865846E+04   -0.511381850565285401E+01   -0.718726273067936283E+01   -0.116617149264830573E+02   -0.362947569839854545E+01    0.444178391693642197E+03
    0.129796303511622657E+01    0.138804953880065841E+04   -0.499278708132622739E+01   -0.673263314767336674E+01   -0.969878061882090847E+01   -0.343810220566889058E+01    0.444182190232831374E+03
    0.130684554108580775E+01    0.136356603231301733E+04   -0.594698601196697929E+01   -0.724452029306066336E+01   -0.100604392261578841E+02   -0.403104105905229382E+01    0.444182594609298860E+03
    0.129983092958774016E+01    0.153964343771930589E+04   -0.543706779285121478E+01   -0.748292984573660203E+01   -0.116196003004908341E+02   -0.401941589128886356E+01    0.444190233582772521E+03
    0.130440445215028045E+01    0.143227880507315399E+04   -0.617903141111105025E+01   -0.698861232464797855E+01   -0.108338477028541593E+02   -0.404344516883635574E+01    0.444190772333522887E+03
    0.130468418303421396E+01    0.134349454241654780E+04   -0.509327539908905891E+01   -0.703676589565088673E+01   -0.107179887833533769E+02   -0.381396372540429063E+01    0.444204366510578950E+03
    0.129572869315390804E+01    0.144068927056403186E+04   -0.537507401290504383E+01   -0.620949987707211370E+01   -0.905129507635818165E+01   -0.347194593630267434E+01    0.444204642183653903E+03
    0.130776098299667765E+01    0.138762297395199698E+04   -0.622692617075018084E+01   -0.762438097562978978E+01   -0.115087915983313067E+02   -0.412180146032910688E+01    0.444217739903065933E+03
    0.130212069518037699E+01    0.134472348676185220E+04   -0.493656368427738546E+01   -0.654698025278623508E+01   -0.103677554955770699E+02   -0.363459674830433421E+01    0.444218440326219650E+03
    0.130342783093310977E+01    0.147014802163466584E+04   -0.561433722946841662E+01   -0.701639202864970724E+01   -0.110568818827536077E+02   -0.402714782986001918E+01    0.444219711025500033E+03
    0.130631348522077206E+01    0.135894634670654796E+04   -0.555242493089957989E+01   -0.709497971138027594E+01   -0.110297302934751951E+02   -0.400765916421162949E+01    0.444221636541609371E+03
    0.130128361847458818E+01    0.138306523251729573E+04   -0.528557512142239716E+01   -0.645269539368625722E+01   -0.106278736854800790E+02   -0.361746459663522835E+01    0.444221697515813048E+03
    0.129901943519153784E+01    0.142594570882879793E+04   -0.498387377965259759E+01   -0.710762288386563590E+01   -0.974262472581482086E+01   -0.366810474012851984E+01    0.444225217739871880E+03
    0.130672004990999158E+01    0.144777735561378881E+04   -0.636866284776202196E+01   -0.763141515609198251E+01   -0.118158181379671667E+02   -0.424769838646351783E+01    0.444229678252648171E+03
    0.130150840706877902E+01    0.146213880795650948E+04   -0.613170734107171533E+01   -0.715407069710203469E+01   -0.103158410188743854E+02   -0.392421256585782174E+01    0.444232844367948985E+03
    0.130422363148081866E+01    0.135597680325807960E+04   -0.597325903348245557E+01   -0.726752506533562759E+01   -0.101594634735835321E+02   -0.377136933376838357E+01    0.444234027420071584E+03
    0.129779800637634857E+01    0.146347446345977323E+04   -0.504250716444339009E+01   -0.642533421547940886E+01   -0.959142825537843535E+01   -0.367819585446115838E+01    0.444235976138110061E+03
    0.130080890059837140E+01    0.134727613516503061E+04   -0.502345180420993564E+01   -0.639743508921282000E+01   -0.947712359370538238E+01   -0.346563015895951843E+01    0.444238903857530318E+03
    0.129982192902869498E+01    0.152999079326252263E+04   -0.584967684240410613E+01   -0.683159062026897868E+01   -0.115639946206480548E+02   -0.402200886589305284E+01    0.444244046155013280E+03
    0.129846800630927217E+01    0.155851699319186673E+04   -0.559556702548476892E+01   -0.729531742926790283E+01   -0.109846037445630174E+02   -0.403009408767294097E+01    0.444248084756204435E+03
    0.130442222672729247E+01    0.141371407588845159E+04   -0.532475438712162408E+01   -0.714430221005393573E+01   -0.119663231761870321E+02   -0.403081601174978221E+01    0.444250419558326485E+03
    0.130772069939373159E+01    0.129709862536314358E+04   -0.531066215629216476E+01   -0.726395248606429078E+01   -0.116963059790027568E+02   -0.382976311689157889E+01    0.444258732829785174E+03
    0.129568849014914145E+01    0.151812608965969321E+04   -0.521310578726789231E+01   -0.680058172708986675E+01   -0.945281431380742276E+01   -0.374432380022514444E+01    0.444268434121932785E+03
    0.130690345247295792E+01    0.137218162061394514E+04   -0.601758273036815172E+01   -0.778680377326778927E+01   -0.118020598801709617E+02   -0.405109874706552375E+01    0.444271846267530236E+03
    0.130308375717087710E+01    0.141238219361097185E+04   -0.637641486827163462E+01   -0.710280683010744163E+01   -0.949778512651228013E+01   -0.387529394583296671E+01    0.444273763910687308E+03
    0.130699363447010031E+01    0.140548375898350514E+04   -0.613435949099538735E+01   -0.741867519935172393E+01   -0.119080587831510893E+02   -0.419299860933479707E+01    0.444275737428783543E+03
    0.129912301459736002E+01    0.140973024717471412E+04   -0.497790469694345816E+01   -0.673081648422131007E+01   -0.119553762138692630E+02   -0.361436529053201561E+01    0.444285081951818540E+03
    0.129761700547870951E+01    0.136630795096134329E+04   -0.476658915320699084E+01   -0.606754521192384733E+01   -0.933557632215890187E+01   -0.333714143628772497E+01    0.444298791272989376E+03
    0.130423251479909030E+01    0.152049432719906554E+04   -0.621613533733442658E+01   -0.800441482115295244E+01   -0.107201260077466944E+02   -0.427278084624332255E+01    0.444301225736155345E+03
    0.130515252918770597E+01    0.129536795876067936E+04   -0.545036312445355176E+01   -0.724349370207177845E+01   -0.103901619609966271E+02   -0.367504401144658921E+01    0.444302629608375241E+03
    0.129959204572980802E+01    0.145286231806776459E+04   -0.527147294627019747E+01   -0.647841380271557643E+01   -0.101028619006323854E+02   -0.382047417315150284E+01    0.444304238489788702E+03
    0.130088847565628574E+01    0.143421825435945289E+04   -0.570471344006375869E+01   -0.704480857697423257E+01   -0.106887419133311070E+02   -0.377813545379152416E+01    0.444305989896108031E+03
    0.130479033643253439E+01    0.134364441118572540E+04   -0.559003220399748990E+01   -0.670947024463506292E+01   -0.102905477184171428E+02   -0.372891282870847007E+01    0.444306622324968146E+03
    0.130448826009086560E+01    0.143263820707206582E+04   -0.588209189606172878E+01   -0.707262629787776209E+01   -0.108251801151939162E+02   -0.397605750041235773E+01    0.444309957855765788E+03
    0.130660997163758519E+01    0.137421654052344570E+04   -0.554404914181620878E+01   -0.741640909100274648E+01   -0.118123718244598397E+02   -0.395285895770725482E+01    0.444318741379401331E+03
    0.130538589046981079E+01    0.137781002014334604E+04   -0.554188033584699546E+01   -0.779445057929048613E+01   -0.111268247767432005E+02   -0.397882007394741422E+01    0.444322444907847455E+03
    0.130538589046981079E+01    0.137781002014334604E+04   -0.554188033584699546E+01   -0.779445057929048613E+01   -0.111268247767432005E+02   -0.397882007394741422E+01    0.444322444907847455E+03
    0.130214190694687426E+01    0.132514589474636887E+04   -0.555945979891770392E+01   -0.718832954138953184E+01   -0.932178505989388384E+01   -0.352201182590192552E+01    0.444329591477006261E+03
    0.130333020577581205E+01    0.131321819264187252E+04   -0.526547650158835356E+01   -0.679113453040257475E+01   -0.116088797441556171E+02   -0.354974861253019114E+01    0.444330905134265720E+03
    0.130333020577581205E+01    0.131321819264187252E+04   -0.526547650158835356E+01   -0.679113453040257475E+01   -0.116088797441556171E+02   -0.354974861253019114E+01    0.444330905134265720E+03
    0.130323199215039565E+01    0.152645339550404560E+04   -0.568739840316776846E+01   -0.755543787713183779E+01   -0.110836787302330784E+02   -0.420163979585652303E+01    0.444340079288442610E+03
    0.130172888838714496E+01    0.156948075993732368E+04   -0.586951365783877232E+01   -0.771972819001827837E+01   -0.105214027095008920E+02   -0.426515265248996744E+01    0.444355359725415326E+03
    0.129721860835805325E+01    0.150402631435055218E+04   -0.567826073771896578E+01   -0.658047267038695161E+01   -0.989634988969838147E+01   -0.374799077318929008E+01    0.444356304578126469E+03
    0.130027765523223060E+01    0.153603239618012799E+04   -0.585555229202891958E+01   -0.704360928511635365E+01   -0.104407948110970725E+02   -0.412669014440178827E+01    0.444361906358099077E+03
    0.130665725324026050E+01    0.129476884216324470E+04   -0.516325860985851826E+01   -0.697960306686034393E+01   -0.110745745994421476E+02   -0.374707500045289343E+01    0.444362408496681212E+03
    0.130169616073809569E+01    0.151990922488123510E+04   -0.544310739089941098E+01   -0.738992576641037235E+01   -0.118754645643033943E+02   -0.414661199384056278E+01    0.444367148913960762E+03
    0.130371567997925664E+01    0.146012916380487081E+04   -0.649814761702379240E+01   -0.749646291153850974E+01   -0.101452320651595986E+02   -0.406435807737096155E+01    0.444368145644479057E+03
    0.130346071876384495E+01    0.131319198107712964E+04   -0.508771129990151572E+01   -0.657213169052455726E+01   -0.109732437625324977E+02   -0.352706541956609776E+01    0.444370066155447091E+03
    0.130099231722014164E+01    0.154962519159840417E+04   -0.606703601337971588E+01   -0.743216098567756767E+01   -0.110352498190279693E+02   -0.417740550836306124E+01    0.444370388924902159E+03
    0.129851924080817982E+01    0.157075292512561214E+04   -0.562493112153662977E+01   -0.702903998992710655E+01   -0.112036372434839446E+02   -0.408723043878444603E+01    0.444371405543064270E+03
    0.130316979769585339E+01    0.145407295884084556E+04   -0.607294348974603437E+01   -0.754690663000285955E+01   -0.109989797243007352E+02   -0.401375434285096233E+01    0.444374243607329504E+03
    0.129702852248705014E+01    0.147256388454323155E+04   -0.541292354046316060E+01   -0.624797342701616998E+01   -0.956243207364621384E+01   -0.365385055718940777E+01    0.444378814837258858E+03
    0.130060866469567848E+01    0.141721940187749078E+04   -0.496816549827875953E+01   -0.677101783013583614E+01   -0.107985293285581747E+02   -0.368723155703072081E+01    0.444385588518829991E+03
    0.130343380173867063E+01    0.143465897651777027E+04   -0.566352411708923675E+01   -0.764387434790633424E+01   -0.106846005026672550E+02   -0.391027129361486381E+01    0.444393155555922817E+03
    0.130133264541867177E+01    0.149854310223858511E+04   -0.601120057415131637E+01   -0.704665331282321272E+01   -0.110176007794522874E+02   -0.405736676390806039E+01    0.444399403015508028E+03
    0.130205787318542110E+01    0.131237613524264953E+04   -0.493657074807344110E+01   -0.664154566515002731E+01   -0.940013307962760436E+01   -0.348803096527451650E+01    0.444405077112990455E+03
    0.130122449118110239E+01    0.141957465640826285E+04   -0.532432823042115189E+01   -0.733560684935022689E+01   -0.112317597269697131E+02   -0.375268399337188185E+01    0.444406128904621994E+03
    0.130290359008133350E+01    0.133930578976501306E+04   -0.579565436977863868E+01   -0.668750727385327970E+01   -0.976907757721694736E+01   -0.361824634349048502E+01    0.444408246522608238E+03
    0.129981890240692954E+01    0.146747588320614568E+04   -0.597945925912626031E+01   -0.703590830665964972E+01   -0.967677838233486654E+01   -0.388842119347579462E+01    0.444411449919219876E+03
    0.129981890240692954E+01    0.146747588320614568E+04   -0.597945925912626031E+01   -0.703590830665964972E+01   -0.967677838233486654E+01   -0.388842119347579462E+01    0.444411449919219876E+03
    0.130142234852726379E+01    0.150732065745420300E+04   -0.548680295565225151E+01   -0.703180197958759834E+01   -0.102146220755328372E+02   -0.403558236273970028E+01    0.444418330588824460E+03
    0.130344973272763820E+01    0.145676500872151246E+04   -0.539500239663283843E+01   -0.771787477559243928E+01   -0.114046067507284548E+02   -0.404805380428019745E+01    0.444418684605365740E+03
    0.130397308880158236E+01    0.140109507444146766E+04   -0.546069862226317859E+01   -0.666598950978382909E+01   -0.113608026966877933E+02   -0.393704654054194414E+01    0.444423931001952042E+03
    0.130333087350475174E+01    0.140930060984953298E+04   -0.573069589806800561E+01   -0.684051263225827100E+01   -0.101226548454403353E+02   -0.395896171132388019E+01    0.444426548482882936E+03
    0.129967054085997336E+01    0.151649269976049595E+04   -0.628955687839374722E+01   -0.708129434810356528E+01   -0.972971977672505695E+01   -0.400284997928147135E+01    0.444431295631746309E+03
    0.130267471443329441E+01    0.144069137298379928E+04   -0.575908933888805130E+01   -0.666272234576646483E+01   -0.114826049862191457E+02   -0.394392376250550925E+01    0.444443008395952916E+03
    0.130267492070194058E+01    0.143115625248073457E+04   -0.568321311551257047E+01   -0.690291028905884385E+01   -0.101012678971489951E+02   -0.384514603381496478E+01    0.444446016484392885E+03
    0.130075755822510097E+01    0.148985197895665851E+04   -0.541203095114575916E+01   -0.691199794643532428E+01   -0.102996778953885872E+02   -0.390549994078708629E+01    0.444449107911554051E+03
    0.130093389959629091E+01    0.156747081842151374E+04   -0.614218112846330033E+01   -0.735381808054054797E+01   -0.111746737580981588E+02   -0.417245700559614363E+01    0.444452436155571831E+03
    0.130727555854776512E+01    0.133931652975924749E+04   -0.588207585670825139E+01   -0.727011029824187460E+01   -0.105232500471479078E+02   -0.400314400104766310E+01    0.444452573772788753E+03
    0.130459298187848871E+01    0.127747315212265539E+04   -0.523752958178795680E+01   -0.688959261485764163E+01   -0.951478997852774455E+01   -0.355664180044849765E+01    0.444453870660180371E+03
    0.129984761344344069E+01    0.143414379508478942E+04   -0.546764991832908009E+01   -0.672548292928826452E+01   -0.109729050341755467E+02   -0.374313718355582203E+01    0.444456732380052358E+03
    0.130132048711414150E+01    0.142681541746849120E+04   -0.511607406847364476E+01   -0.734625294665145745E+01   -0.109769162348051825E+02   -0.383401616547937785E+01    0.444459796202841403E+03
    0.130226043020738791E+01    0.147353460032375119E+04   -0.632471319983980695E+01   -0.701451673107723828E+01   -0.100755531645981797E+02   -0.403452035876254911E+01    0.444460017421793509E+03
    0.130569548294314108E+01    0.137820737097167421E+04   -0.540510650111018709E+01   -0.755010739956829546E+01   -0.109138254592387387E+02   -0.391942109911602365E+01    0.444468686968204906E+03
    0.130569548294314108E+01    0.137820737097167421E+04   -0.540510650111018709E+01   -0.755010739956829546E+01   -0.109138254592387387E+02   -0.391942109911602365E+01    0.444468686968204906E+03
    0.130466774397670093E+01    0.130339412948275549E+04   -0.560918043976710567E+01   -0.738342636093971461E+01   -0.955135052037740451E+01   -0.363406839239550550E+01    0.444474598232509379E+03
    0.129782165313831421E+01    0.147969309316375097E+04   -0.518955964615005083E+01   -0.655979811278632940E+01   -0.968512920614831252E+01   -0.378294387129792042E+01    0.444478786308289443E+03
    0.129902339342709094E+01    0.141779219897366488E+04   -0.484050517673880609E+01   -0.674026804940745894E+01   -0.985022764843868970E+01   -0.364294648832676593E+01    0.444494027291266036E+03
    0.130623082305606797E+01    0.144722083933043336E+04   -0.608991421219482021E+01   -0.793106034241730917E+01   -0.110110345015363666E+02   -0.417585626851352210E+01    0.444502211126841246E+03
    0.130108387375339252E+01    0.150012024495427318E+04   -0.591565235893131280E+01   -0.725987718198087695E+01   -0.112225545671212714E+02   -0.404345222927151582E+01    0.444502693441226427E+03
    0.130202774962797996E+01    0.132989343780320860E+04   -0.482273466081511781E+01   -0.650805547310560861E+01   -0.109260046525320469E+02   -0.355431321594363148E+01    0.444509404045951271E+03
    0.130197042370562310E+01    0.140582539670583151E+04   -0.535953271723191449E+01   -0.743840840726521346E+01   -0.108584219983729309E+02   -0.376362479580921772E+01    0.444512193590612640E+03
    0.130015108679121294E+01    0.158372935932406926E+04   -0.571735292095247694E+01   -0.756222569947344159E+01   -0.113041243234065725E+02   -0.415749739475773694E+01    0.444516852491043210E+03
    0.130453010695656935E+01    0.149691403783559304E+04   -0.602741204938008757E+01   -0.717179072617381230E+01   -0.119509321060319387E+02   -0.426507466655261425E+01    0.444527033137791761E+03
    0.130044463626626960E+01    0.141943285863871097E+04   -0.517393158144805199E+01   -0.674200349196441362E+01   -0.110802676546462386E+02   -0.378385509705061196E+01    0.444527754083168190E+03
    0.129896419801018026E+01    0.154959690252089331E+04   -0.561379264291472335E+01   -0.729236066812236849E+01   -0.113200060463678653E+02   -0.403831653354515829E+01    0.444529846645904513E+03
    0.130507112712799755E+01    0.137299061231498263E+04   -0.548438771256985191E+01   -0.782677847695470952E+01   -0.106835350137164298E+02   -0.387870896980323820E+01    0.444532750990118188E+03
    0.130002206328082037E+01    0.150757799225102326E+04   -0.589903961520645481E+01   -0.674095135565247094E+01   -0.100373920304250976E+02   -0.400885549818274445E+01    0.444533564831866840E+03
    0.130130311153572964E+01    0.145361385337156344E+04   -0.571449082900259775E+01   -0.673138675438983380E+01   -0.975814246517346717E+01   -0.393422124771409187E+01    0.444539094091783625E+03
    0.130130311153572964E+01    0.145361385337156344E+04   -0.571449082900259775E+01   -0.673138675438983380E+01   -0.975814246517346717E+01   -0.393422124771409187E+01    0.444539094091783625E+03
    0.130253519332136092E+01    0.151185929537811762E+04   -0.604669408176577772E+01   -0.707391315760818529E+01   -0.118274153483555171E+02   -0.410069915840077837E+01    0.444539439320725023E+03
    0.130080681417484456E+01    0.157139838257126485E+04   -0.583714933520353441E+01   -0.739608769661532417E+01   -0.113169405384614290E+02   -0.423963006408358289E+01    0.444541188319194021E+03
    0.130133377283505758E+01    0.158142492562307802E+04   -0.590391610087371888E+01   -0.712002222917893768E+01   -0.108941032647494040E+02   -0.424317564094610145E+01    0.444541615114926969E+03
    0.130338493684493084E+01    0.137177835109151420E+04   -0.513623279741782834E+01   -0.735695052465558419E+01   -0.112074755527909637E+02   -0.373047647764354551E+01    0.444548017979549570E+03
    0.130421061984637809E+01    0.148709793142245167E+04   -0.625099608314352029E+01   -0.720814777997137490E+01   -0.116716044904177956E+02   -0.418193965370577647E+01    0.444549175931802722E+03
    0.130737536692320977E+01    0.132075729603669242E+04   -0.561433493237388959E+01   -0.767716201030375700E+01   -0.103334457189847715E+02   -0.391395897017253169E+01    0.444551944375484709E+03
    0.130798406466803430E+01    0.139046991390894527E+04   -0.611058561744690021E+01   -0.760525426537895566E+01   -0.109263652879455524E+02   -0.414556830507871599E+01    0.444563352723931018E+03
    0.130157321560898875E+01    0.156245189030138658E+04   -0.606190832316091921E+01   -0.763047628675759526E+01   -0.110056325143599700E+02   -0.424818200927009393E+01    0.444568833172064046E+03
    0.130077702053408828E+01    0.150108163113049545E+04   -0.594122990834542097E+01   -0.673519637424707707E+01   -0.102897950443227639E+02   -0.402166498338103295E+01    0.444582799371878764E+03
    0.130296613351408408E+01    0.156263102970558089E+04   -0.589418179824333865E+01   -0.760548093825704363E+01   -0.116466852665178209E+02   -0.433451006548057460E+01    0.444585738898595139E+03
    0.130244787338947710E+01    0.140381329997087528E+04   -0.593950750885009793E+01   -0.719387005126402190E+01   -0.997341149209074374E+01   -0.385669395472175580E+01    0.444586947004583465E+03
    0.129649753688745717E+01    0.153929419137720151E+04   -0.557909694310762205E+01   -0.708614432773987968E+01   -0.961452697917087917E+01   -0.385786086877738121E+01    0.444596456198773240E+03
    0.130232853628870449E+01    0.132424522515960734E+04   -0.560147186562532262E+01   -0.649023788047831474E+01   -0.938970985976714267E+01   -0.353591515025420122E+01    0.444598116294095746E+03
    0.129728535559634284E+01    0.152510073820549405E+04   -0.553594893179659220E+01   -0.648594092356463214E+01   -0.100944580798321635E+02   -0.384131117015569501E+01    0.444599904059956941E+03
    0.130367906252656462E+01    0.146326440517031006E+04   -0.606036245017894171E+01   -0.793168334319465540E+01   -0.103762259688937064E+02   -0.407590899004263996E+01    0.444605002387209254E+03
    0.130265840024250901E+01    0.137964436537181609E+04   -0.517254850101321484E+01   -0.655452137948207536E+01   -0.117979867901886681E+02   -0.371352894249860022E+01    0.444605462054843258E+03
    0.129960463331885112E+01    0.156814172831423002E+04   -0.565896316433456281E+01   -0.693157544698733297E+01   -0.114245978626325062E+02   -0.407661434836015069E+01    0.444606050034809869E+03
    0.130453496051550566E+01    0.134784868274487008E+04   -0.545087686713214836E+01   -0.662649083355344182E+01   -0.116856994206821270E+02   -0.375227352214254672E+01    0.444608894358892314E+03
    0.130453496051550566E+01    0.134784868274487008E+04   -0.545087686713214836E+01   -0.662649083355344182E+01   -0.116856994206821270E+02   -0.375227352214254672E+01    0.444608894358892314E+03
    0.130133857596954794E+01    0.143812629317808205E+04   -0.584914712617221433E+01   -0.662039879549793664E+01   -0.962546540445154264E+01   -0.385398070492617784E+01    0.444612085130606317E+03
    0.130489089072904596E+01    0.138460932893802169E+04   -0.572021891935324422E+01   -0.680370737589901520E+01   -0.111631201265443245E+02   -0.388190628908759727E+01    0.444615642870068257E+03
    0.130480381969897730E+01    0.152795165781979085E+04   -0.625693905909893200E+01   -0.774154139336154046E+01   -0.115613758795628403E+02   -0.431613270499910584E+01    0.444620814561571422E+03
    0.130506470467142388E+01    0.139608919359923175E+04   -0.535795291212192648E+01   -0.755782406453948230E+01   -0.106452969046624339E+02   -0.396129973326348583E+01    0.444621539844656922E+03
    0.130507906063408874E+01    0.147407025096949565E+04   -0.564654035231750484E+01   -0.764526732741878501E+01   -0.115464817016565817E+02   -0.420090013327599987E+01    0.444622312173971807E+03
    0.129968405733739845E+01    0.157710914212477610E+04   -0.586172274740561416E+01   -0.750177916758183638E+01   -0.100580199694592540E+02   -0.411437469822620194E+01    0.444627859115842227E+03
    0.129968405733739845E+01    0.157710914212477610E+04   -0.586172274740561416E+01   -0.750177916758183638E+01   -0.100580199694592540E+02   -0.411437469822620194E+01    0.444627859115842227E+03
    0.129932362437856241E+01    0.155726665425187252E+04   -0.578677857982408117E+01   -0.725285855305002602E+01   -0.109870123937755810E+02   -0.402875150069269505E+01    0.444632848935976142E+03
    0.130465699947656799E+01    0.132362863025536922E+04   -0.510817805558847216E+01   -0.686531996898021912E+01   -0.101309895031205066E+02   -0.372666716939879095E+01    0.444636111779826649E+03
    0.129897616446182651E+01    0.159113268677225483E+04   -0.597209912669368848E+01   -0.695736822552454814E+01   -0.105281336763850142E+02   -0.414127200828044550E+01    0.444638517390574236E+03
    0.130456659688453369E+01    0.136444218288213824E+04   -0.568668856192115246E+01   -0.670695177902118633E+01   -0.116718143756470365E+02   -0.383254218933257818E+01    0.444643599797747129E+03
    0.130423495757673624E+01    0.144321131673222112E+04   -0.600457875829873711E+01   -0.761011204915934591E+01   -0.109308563101823104E+02   -0.410863502382504286E+01    0.444648402997505627E+03
    0.130423495757673624E+01    0.144321131673222112E+04   -0.600457875829873711E+01   -0.761011204915934591E+01   -0.109308563101823104E+02   -0.410863502382504286E+01    0.444648402997505627E+03
    0.130537278132626344E+01    0.140023757120852088E+04   -0.584647735442737027E+01   -0.786603078864163852E+01   -0.107562786196384153E+02   -0.403994166893263262E+01    0.444649845987586161E+03
    0.130293620695450785E+01    0.131037446837992320E+04   -0.514133091868208414E+01   -0.691417632605511123E+01   -0.104037774435188943E+02   -0.349423750575740399E+01    0.444650702709867801E+03
    0.130187814647680566E+01    0.145932044257080861E+04   -0.618438471958911418E+01   -0.698193515786385532E+01   -0.101907219391890571E+02   -0.395838668029818130E+01    0.444656756984498202E+03
    0.130052539585528315E+01    0.131072479898104643E+04   -0.480037029935977788E+01   -0.647060395566425850E+01   -0.964745214314290322E+01   -0.337407124868230568E+01    0.444664335537655063E+03
    0.130037120563259601E+01    0.159416711288290412E+04   -0.600245214093898127E+01   -0.734906823112025442E+01   -0.118439612469223938E+02   -0.424637839476404011E+01    0.444664393323276840E+03
    0.130264399302185496E+01    0.140868515458764705E+04   -0.561944391027256440E+01   -0.699889755065137376E+01   -0.109269192951334482E+02   -0.390824749726573906E+01    0.444665282301870263E+03
    0.129989140812220416E+01    0.139425381344637754E+04   -0.523920603773296012E+01   -0.649625703755446082E+01   -0.104508560515307352E+02   -0.357327103394766965E+01    0.444667591691264647E+03
    0.129989140812220416E+01    0.139425381344637754E+04   -0.523920603773296012E+01   -0.649625703755446082E+01   -0.104508560515307352E+02   -0.357327103394766965E+01    0.444667591691264647E+03
    0.130475708266502655E+01    0.148098198396530847E+04   -0.640253458416152377E+01   -0.787203421362413103E+01   -0.102964067062111369E+02   -0.420249993486343332E+01    0.444668194966174326E+03
    0.130475708266502655E+01    0.148098198396530847E+04   -0.640253458416152377E+01   -0.787203421362413103E+01   -0.102964067062111369E+02   -0.420249993486343332E+01    0.444668194966174326E+03
    0.130531195135138067E+01    0.135227644550198215E+04   -0.564844693370813200E+01   -0.671903770902394282E+01   -0.111203025396197361E+02   -0.383452990234535385E+01    0.444669466203260299E+03
    0.130188821477562544E+01    0.143709038572951840E+04   -0.554290154699721693E+01   -0.750004553030534016E+01   -0.115646766716506910E+02   -0.388435560402672664E+01    0.444669748685760965E+03
    0.130188821477562544E+01    0.143709038572951840E+04   -0.554290154699721693E+01   -0.750004553030534016E+01   -0.115646766716506910E+02   -0.388435560402672664E+01    0.444669748685760965E+03
    0.130363476873991813E+01    0.136729232662656250E+04   -0.517131468864038979E+01   -0.751956066049810534E+01   -0.105050022401831420E+02   -0.377877772250272415E+01    0.444670320755682781E+03
    0.130263995556240575E+01    0.154466166033559307E+04   -0.606039145959700409E+01   -0.715028503473275645E+01   -0.119887632493505425E+02   -0.426678375316519976E+01    0.444672228992815803E+03
    0.130348470720874010E+01    0.140151467990026231E+04   -0.535976939362355331E+01   -0.751905624103204850E+01   -0.101101388974722646E+02   -0.391578982672518450E+01    0.444676996698606501E+03
    0.130603615021836950E+01    0.128720762535185509E+04   -0.512231838511736193E+01   -0.718050181388201469E+01   -0.119604276592214873E+02   -0.365316057003583161E+01    0.444681344804341620E+03
    0.130506261661156264E+01    0.140872133226991286E+04   -0.549233465929636022E+01   -0.737252830374280599E+01   -0.108702787922954371E+02   -0.407162315330563906E+01    0.444684224415741824E+03
    0.129950385912849176E+01    0.152438356977535364E+04   -0.534195841458232579E+01   -0.706153591904956990E+01   -0.106572964164329420E+02   -0.392778664831536695E+01    0.444686279437073949E+03
    0.129950385912849176E+01    0.152438356977535364E+04   -0.534195841458232579E+01   -0.706153591904956990E+01   -0.106572964164329420E+02   -0.392778664831536695E+01    0.444686279437073949E+03
    0.130133467170684169E+01    0.140458034677695196E+04   -0.493458354821625811E+01   -0.695819168666358578E+01   -0.115246013434140444E+02   -0.370923047668911821E+01    0.444686281579572324E+03
    0.130082211886097632E+01    0.141150550758276495E+04   -0.515826467977711545E+01   -0.719791292564818797E+01   -0.103637145825773000E+02   -0.376470518665881571E+01    0.444690522470862675E+03
    0.130451466293822671E+01    0.138433586858512399E+04   -0.546966720136439477E+01   -0.771330914869241813E+01   -0.100745716652979205E+02   -0.391117080658188954E+01    0.444700379523520382E+03
    0.130450231636544567E+01    0.131611368854255966E+04   -0.518668533692268863E+01   -0.710634641887813956E+01   -0.118881199716159145E+02   -0.371393118190893645E+01    0.444704672056043876E+03
    0.129947116582732480E+01    0.143670418907814360E+04   -0.512335809459432756E+01   -0.718878604960727952E+01   -0.100836637589359821E+02   -0.374068803645888615E+01    0.444707445352045852E+03
    0.130079080406610892E+01    0.140975878456187229E+04   -0.505826380027817901E+01   -0.702237396780433620E+01   -0.106911625682197826E+02   -0.376323353918219894E+01    0.444711989759758922E+03
    0.130079080406610892E+01    0.140975878456187229E+04   -0.505826380027817901E+01   -0.702237396780433620E+01   -0.106911625682197826E+02   -0.376323353918219894E+01    0.444711989759758922E+03
    0.130236286484065533E+01    0.144885472325544811E+04   -0.580403760868852903E+01   -0.770787608981938188E+01   -0.972916671629396745E+01   -0.397121916355004601E+01    0.444713962907403584E+03
    0.130447241663876601E+01    0.144221477247333269E+04   -0.542601431568230197E+01   -0.763404531177826318E+01   -0.114943454102002587E+02   -0.405458520366753827E+01    0.444720361319189010E+03
    0.130447241663876601E+01    0.144221477247333269E+04   -0.542601431568230197E+01   -0.763404531177826318E+01   -0.114943454102002587E+02   -0.405458520366753827E+01    0.444720361319189010E+03
    0.130463172913117953E+01    0.138830107232055843E+04   -0.575284202199117445E+01   -0.740808743641138889E+01   -0.993171707619089972E+01   -0.398165742315834592E+01    0.444720851501345010E+03
    0.130836630546932309E+01    0.137013068049123558E+04   -0.604758652603186864E+01   -0.761459449515657738E+01   -0.115948512821784497E+02   -0.412077680483971864E+01    0.444723441514697754E+03
    0.130174301122295200E+01    0.147613470316428129E+04   -0.542170848143426198E+01   -0.702398426528904274E+01   -0.117020432027240062E+02   -0.392857468895022421E+01    0.444728378205828960E+03
    0.130174301122295200E+01    0.147613470316428129E+04   -0.542170848143426198E+01   -0.702398426528904274E+01   -0.117020432027240062E+02   -0.392857468895022421E+01    0.444728378205828960E+03
    0.130001707491136642E+01    0.141477386431593231E+04   -0.539408155933532729E+01   -0.671228071110727242E+01   -0.102739462848964678E+02   -0.362875928199579612E+01    0.444732578237352584E+03
    0.130001707491136642E+01    0.141477386431593231E+04   -0.539408155933532729E+01   -0.671228071110727242E+01   -0.102739462848964678E+02   -0.362875928199579612E+01    0.444732578237352584E+03
    0.130435039962876353E+01    0.147182918720797579E+04   -0.551912458842109821E+01   -0.735093322518853043E+01   -0.119828141017274792E+02   -0.415751516409963351E+01    0.444733109091318852E+03
    0.130435039962876353E+01    0.147182918720797579E+04   -0.551912458842109821E+01   -0.735093322518853043E+01   -0.119828141017274792E+02   -0.415751516409963351E+01    0.444733109091318852E+03
    0.130091137881916774E+01    0.152765977512675363E+04   -0.547899314882754584E+01   -0.745604199894772002E+01   -0.118816141008997853E+02   -0.404467858597521523E+01    0.444733849838956189E+03
    0.130091137881916774E+01    0.152765977512675363E+04   -0.547899314882754584E+01   -0.745604199894772002E+01   -0.118816141008997853E+02   -0.404467858597521523E+01    0.444733849838956189E+03
    0.129947089915310832E+01    0.156648687058220753E+04   -0.563909960140997146E+01   -0.738242478506799493E+01   -0.103581885397904720E+02   -0.406216052593607202E+01    0.444737632164787385E+03
    0.130543821403647731E+01    0.129177741701286868E+04   -0.548217652752037310E+01   -0.670188034992500281E+01   -0.100649795024549835E+02   -0.362513475146341335E+01    0.444737924507610387E+03
    0.130204003871749840E+01    0.150481117071001336E+04   -0.621732627506417757E+01   -0.715565583223982049E+01   -0.106562313957648982E+02   -0.406169088457023708E+01    0.444738127876279520E+03
    0.130370349692941145E+01    0.134441653034615865E+04   -0.517181264126439100E+01   -0.743269174849428182E+01   -0.105061188317502978E+02   -0.371577059142869537E+01    0.444741967935169612E+03
    0.130578490929291346E+01    0.134703393233564134E+04   -0.540025261788090916E+01   -0.739468869183893318E+01   -0.105989522831525615E+02   -0.392247710570637587E+01    0.444742865841590060E+03
    0.130578490929291346E+01    0.134703393233564134E+04   -0.540025261788090916E+01   -0.739468869183893318E+01   -0.105989522831525615E+02   -0.392247710570637587E+01    0.444742865841590060E+03
    0.130264351386781563E+01    0.145838928233092747E+04   -0.537366896941327266E+01   -0.728546417986148143E+01   -0.104264746210456245E+02   -0.403926369209123948E+01    0.444746258192043513E+03
    0.129623203929111042E+01    0.142291521875502963E+04   -0.479908583410410561E+01   -0.622768517673324329E+01   -0.960613302392502888E+01   -0.345090500865376448E+01    0.444751636521693683E+03
    0.130773578661639833E+01    0.135189757186907968E+04   -0.606596720970421988E+01   -0.742762009518397281E+01   -0.119229616527849984E+02   -0.403212507302543521E+01    0.444753607999788699E+03
    0.130060509950330494E+01    0.147115542839434875E+04   -0.579674816636168533E+01   -0.764642421318055909E+01   -0.969062137465936679E+01   -0.389726313144316627E+01    0.444757612515994538E+03
    0.130060509950330494E+01    0.147115542839434875E+04   -0.579674816636168533E+01   -0.764642421318055909E+01   -0.969062137465936679E+01   -0.389726313144316627E+01    0.444757612515994538E+03
    0.130224858308933822E+01    0.139599262907571301E+04   -0.561763500192820153E+01   -0.694378399303579297E+01   -0.113760464440471960E+02   -0.375948714231919823E+01    0.444757686574826266E+03
    0.130363371903996783E+01    0.146591670678073865E+04   -0.593640962776789927E+01   -0.776548789299036191E+01   -0.117152746920208131E+02   -0.410478181960804100E+01    0.444759050818901528E+03
    0.130363371903996783E+01    0.146591670678073865E+04   -0.593640962776789927E+01   -0.776548789299036191E+01   -0.117152746920208131E+02   -0.410478181960804100E+01    0.444759050818901528E+03
    0.130319818998161341E+01    0.141590471456854084E+04   -0.569742308735725089E+01   -0.696992866429743607E+01   -0.972956251570698427E+01   -0.394971625024187745E+01    0.444768445978721786E+03
    0.130319818998161341E+01    0.141590471456854084E+04   -0.569742308735725089E+01   -0.696992866429743607E+01   -0.972956251570698427E+01   -0.394971625024187745E+01    0.444768445978721786E+03
    0.130143947762667089E+01    0.135668959520880026E+04   -0.502704617548622412E+01   -0.714163863777149199E+01   -0.101697322378674482E+02   -0.359673528874703585E+01    0.444769308993305458E+03
    0.130182995748249342E+01    0.148648369344379171E+04   -0.592189416652467582E+01   -0.741771901248344356E+01   -0.985016834860206458E+01   -0.397002179706188940E+01    0.444769844591197000E+03
    0.130181252774238909E+01    0.134660423896417979E+04   -0.483320092831324732E+01   -0.662358556777333884E+01   -0.118645726389854804E+02   -0.359755741059894163E+01    0.444774284929858197E+03
    0.130379469808073578E+01    0.142110331329020164E+04   -0.558752617228942849E+01   -0.706487603325192470E+01   -0.102396016016433435E+02   -0.402474555509632559E+01    0.444776500740973745E+03
    0.130080364228393686E+01    0.140923817603045291E+04   -0.578965183711628750E+01   -0.654742042230293197E+01   -0.981293466558339844E+01   -0.371400437105567427E+01    0.444777009118391334E+03
    0.130578147582663684E+01    0.137209189171162416E+04   -0.543375362319939725E+01   -0.718638516182237197E+01   -0.104088510914668468E+02   -0.391982829718412518E+01    0.444785800148488818E+03
    0.130559780898415867E+01    0.130260927543216621E+04   -0.528060340973080944E+01   -0.738705502065633457E+01   -0.118659950262745291E+02   -0.370383594388761850E+01    0.444787815720151173E+03
    0.129861537190155452E+01    0.143642847458927167E+04   -0.533496208970784824E+01   -0.658692554953324816E+01   -0.936494517716931796E+01   -0.361976875590767477E+01    0.444792973079959154E+03
    0.129861537190155452E+01    0.143642847458927167E+04   -0.533496208970784824E+01   -0.658692554953324816E+01   -0.936494517716931796E+01   -0.361976875590767477E+01    0.444792973079959154E+03
    0.130250259989592920E+01    0.142474772099547704E+04   -0.579833232786926445E+01   -0.773731399607320203E+01   -0.972740847710342038E+01   -0.388828277594727290E+01    0.444800196402030110E+03
    0.130219582356636865E+01    0.139035549133331870E+04   -0.547364346651181322E+01   -0.660640772772452145E+01   -0.108051435443439807E+02   -0.379404365361739515E+01    0.444803590464815045E+03
    0.130509022150805354E+01    0.137782406463360712E+04   -0.538170922212156810E+01   -0.703558980490911434E+01   -0.111766492481328843E+02   -0.397322092821414863E+01    0.444805423418599958E+03
    0.130509022150805354E+01    0.137782406463360712E+04   -0.538170922212156810E+01   -0.703558980490911434E+01   -0.111766492481328843E+02   -0.397322092821414863E+01    0.444805423418599958E+03
    0.130506733411419007E+01    0.148929019518936639E+04   -0.603207140001624076E+01   -0.747519781322886878E+01   -0.104411799293707901E+02   -0.425479501443185626E+01    0.444805598753034758E+03
    0.130506733411419007E+01    0.148929019518936639E+04   -0.603207140001624076E+01   -0.747519781322886878E+01   -0.104411799293707901E+02   -0.425479501443185626E+01    0.444805598753034758E+03
    0.130031390054036722E+01    0.156288855202464788E+04   -0.568582980185242182E+01   -0.753306542431532744E+01   -0.103604582012652724E+02   -0.415969657992136632E+01    0.444808605236037238E+03
    0.130291256301320924E+01    0.151051771924056266E+04   -0.561227490098463022E+01   -0.734238006839756530E+01   -0.115029771512187988E+02   -0.411683462313177095E+01    0.444810092818803980E+03
    0.129869168388963407E+01    0.139811131089668379E+04   -0.504077358395720054E+01   -0.629086723501585166E+01   -0.951266708732521948E+01   -0.350936348442575685E+01    0.444814115290185498E+03
    0.129880695373742094E+01    0.137947358260735928E+04   -0.525185224804442097E+01   -0.621901308214201531E+01   -0.926098229592297884E+01   -0.347266469461835392E+01    0.444815972088663898E+03
    0.130147155123340830E+01    0.150471149663928918E+04   -0.533048561663325593E+01   -0.699568728722674660E+01   -0.119558308232048418E+02   -0.405386846214944097E+01    0.444820941184781304E+03
    0.130147155123340830E+01    0.150471149663928918E+04   -0.533048561663325593E+01   -0.699568728722674660E+01   -0.119558308232048418E+02   -0.405386846214944097E+01    0.444820941184781304E+03
    0.130537403248585981E+01    0.142850606956818478E+04   -0.608112561760171744E+01   -0.708704560941368999E+01   -0.118178069099697538E+02   -0.407918374439478892E+01    0.444821094873058598E+03
    0.129995640305702920E+01    0.140528144447298746E+04   -0.580662704212376646E+01   -0.666490596605937835E+01   -0.950581851455457993E+01   -0.362142688098139764E+01    0.444824638735507847E+03
    0.130541587711381313E+01    0.133398362280404899E+04   -0.519801347652971035E+01   -0.683371248035839329E+01   -0.109978864215694063E+02   -0.380394315822619866E+01    0.444833570527380061E+03
    0.130541587711381313E+01    0.133398362280404899E+04   -0.519801347652971035E+01   -0.683371248035839329E+01   -0.109978864215694063E+02   -0.380394315822619866E+01    0.444833570527380061E+03
    0.130728054784626146E+01    0.137726669455838737E+04   -0.588377985175944573E+01   -0.724996520539215528E+01   -0.109666272357764853E+02   -0.410878595536725211E+01    0.444834197149859278E+03
    0.129798895058736430E+01    0.139448834532088767E+04   -0.488106232038896959E+01   -0.650190862008093440E+01   -0.965972082866587911E+01   -0.343294402698345991E+01    0.444837934438996228E+03
    0.129861860351096170E+01    0.157866557527958776E+04   -0.557754383938330189E+01   -0.685226612026572823E+01   -0.105876439440284962E+02   -0.406842833412494898E+01    0.444840558558633859E+03
    0.130123464894402274E+01    0.153417288689928000E+04   -0.597502637437978734E+01   -0.721612858828462844E+01   -0.990761653169223777E+01   -0.415008002626104666E+01    0.444849736502983490E+03
    0.130714413609037572E+01    0.142802906110098615E+04   -0.610866678660784945E+01   -0.757590015629736513E+01   -0.118550990976678570E+02   -0.419019001294520077E+01    0.444850113154106225E+03
    0.130714413609037572E+01    0.142802906110098615E+04   -0.610866678660784945E+01   -0.757590015629736513E+01   -0.118550990976678570E+02   -0.419019001294520077E+01    0.444850113154106225E+03
    0.130273316899834146E+01    0.132368754424025087E+04   -0.484935622120069532E+01   -0.667816262958716500E+01   -0.108594436331983815E+02   -0.357504242224966440E+01    0.444853865271518998E+03
    0.130273316899834146E+01    0.132368754424025087E+04   -0.484935622120069532E+01   -0.667816262958716500E+01   -0.108594436331983815E+02   -0.357504242224966440E+01    0.444853865271518998E+03
    0.130358482646200491E+01    0.145127613405236343E+04   -0.627569607405536889E+01   -0.734046246825802484E+01   -0.104899701241744427E+02   -0.402104398979559186E+01    0.444855919772200821E+03
    0.130354679645495586E+01    0.151112054886947385E+04   -0.603571101254792453E+01   -0.706602201558041365E+01   -0.116498226528642785E+02   -0.421803060825188147E+01    0.444856028323402143E+03
    0.130157278395167397E+01    0.140165890429069532E+04   -0.514423586365966834E+01   -0.661586675382010103E+01   -0.113178675448530512E+02   -0.369935615165864107E+01    0.444856172042431297E+03
    0.129905692078745627E+01    0.150628873501585258E+04   -0.597286557218964198E+01   -0.695288848968645823E+01   -0.945894250682732185E+01   -0.392370709081696134E+01    0.444858708334917196E+03
    0.130216406220854863E+01    0.146747339807968228E+04   -0.543413295598793056E+01   -0.758923080452976428E+01   -0.112367185986287748E+02   -0.402450789963911504E+01    0.444861386480025203E+03
    0.130423634561956492E+01    0.140899430999674814E+04   -0.573485591906007475E+01   -0.676462411816148990E+01   -0.111846693246079560E+02   -0.398238262380206898E+01    0.444868027994112822E+03
    0.130312452830900494E+01    0.146942149890143878E+04   -0.586350244074026783E+01   -0.740757565758609537E+01   -0.119311350019544236E+02   -0.399938302224607867E+01    0.444872994131057169E+03
    0.130312452830900494E+01    0.146942149890143878E+04   -0.586350244074026783E+01   -0.740757565758609537E+01   -0.119311350019544236E+02   -0.399938302224607867E+01    0.444872994131057169E+03
    0.129745176591620659E+01    0.150593640427792070E+04   -0.512918856784659560E+01   -0.656720435114423484E+01   -0.107330245350795064E+02   -0.378816275060112773E+01    0.444876547576501252E+03
    0.129945946029208592E+01    0.148278633195481302E+04   -0.609273324208431255E+01   -0.691943256724514377E+01   -0.977856459554013746E+01   -0.387383200764161728E+01    0.444880109734176244E+03
    0.129945946029208592E+01    0.148278633195481302E+04   -0.609273324208431255E+01   -0.691943256724514377E+01   -0.977856459554013746E+01   -0.387383200764161728E+01    0.444880109734176244E+03
    0.129791451771894883E+01    0.151453399577217692E+04   -0.578507039346434571E+01   -0.678866402886286480E+01   -0.944794912915884666E+01   -0.387307399349486126E+01    0.444880547152658664E+03
    0.129711776007804813E+01    0.149217393898252431E+04   -0.527131388283215596E+01   -0.637989759491783204E+01   -0.101412387082766102E+02   -0.372673577099400077E+01    0.444882958023891604E+03
    0.129711776007804813E+01    0.149217393898252431E+04   -0.527131388283215596E+01   -0.637989759491783204E+01   -0.101412387082766102E+02   -0.372673577099400077E+01    0.444882958023891604E+03
    0.130550597567402771E+01    0.139058641563797300E+04   -0.536503066241179116E+01   -0.715923866083959659E+01   -0.111586265170438601E+02   -0.398358564452021646E+01    0.444884702357906349E+03
    0.130307359577680670E+01    0.137186905689454511E+04   -0.532971472693429238E+01   -0.683606398228088796E+01   -0.100794964075401374E+02   -0.381536035401296658E+01    0.444887784130928651E+03
    0.130050159906656937E+01    0.146639694739969877E+04   -0.603396052791751636E+01   -0.738736502061626066E+01   -0.978488722868235428E+01   -0.385611671008710211E+01    0.444893015835352742E+03
    0.129703570073136665E+01    0.150041321704908751E+04   -0.538003994944646902E+01   -0.686244516174058017E+01   -0.998238337138107035E+01   -0.371755072887508575E+01    0.444893168889454103E+03
    0.130346020791874273E+01    0.131689867137922010E+04   -0.529134845223317907E+01   -0.666680120777424357E+01   -0.110953474024221759E+02   -0.360379859231695221E+01    0.444895880720319269E+03
    0.130272611624975920E+01    0.152653983257826781E+04   -0.593176656657184243E+01   -0.726237343218770892E+01   -0.104236869496032085E+02   -0.424043398329903365E+01    0.444910932616235357E+03
    0.130572030491873847E+01    0.133297563139658405E+04   -0.536741422903674437E+01   -0.728401892123395189E+01   -0.114343547545162583E+02   -0.386563993996392696E+01    0.444914861687900043E+03
    0.130525897150520587E+01    0.133085188797302590E+04   -0.527592125246436527E+01   -0.704153284364072007E+01   -0.100194024439190628E+02   -0.374412498280249650E+01    0.444918417285555677E+03
    0.130525897150520587E+01    0.133085188797302590E+04   -0.527592125246436527E+01   -0.704153284364072007E+01   -0.100194024439190628E+02   -0.374412498280249650E+01    0.444918417285555677E+03
    0.130302250536567632E+01    0.140716599437595460E+04   -0.509885161153045718E+01   -0.691382903303299479E+01   -0.117105198323757609E+02   -0.387743807933178530E+01    0.444918710494153800E+03
    0.130146683230383009E+01    0.150783512326858090E+04   -0.586195724893574077E+01   -0.708962991978379176E+01   -0.115094722760037786E+02   -0.411225429330219772E+01    0.444920777035023832E+03
    0.130146683230383009E+01    0.150783512326858090E+04   -0.586195724893574077E+01   -0.708962991978379176E+01   -0.115094722760037786E+02   -0.411225429330219772E+01    0.444920777035023832E+03
    0.129949785635447967E+01    0.151813270788936370E+04   -0.529788209302401913E+01   -0.676291334337847250E+01   -0.104948049447771279E+02   -0.397145400448892971E+01    0.444921960655274290E+03
    0.129613020920061084E+01    0.148893779020568945E+04   -0.565850890848278798E+01   -0.679768571098308616E+01   -0.929249037838110326E+01   -0.364290367322988295E+01    0.444928395300091950E+03
    0.129846307813409068E+01    0.138493432730089262E+04   -0.477293221433815607E+01   -0.634928226052707601E+01   -0.996693563396291182E+01   -0.346179716857970732E+01    0.444928818523199197E+03
    0.129846307813409068E+01    0.138493432730089262E+04   -0.477293221433815607E+01   -0.634928226052707601E+01   -0.996693563396291182E+01   -0.346179716857970732E+01    0.444928818523199197E+03
    0.130578915199141554E+01    0.128678611853455277E+04   -0.533853913864498786E+01   -0.694934793185326694E+01   -0.109758421151009848E+02   -0.362284758802390883E+01    0.444937255055332685E+03
    0.130077419539219563E+01    0.150411949220425504E+04   -0.540792739272546097E+01   -0.751653628780348981E+01   -0.102587014740847575E+02   -0.399717726717483401E+01    0.444938990407871074E+03
    0.130574919684032853E+01    0.135188987498465985E+04   -0.603639502856391985E+01   -0.748299801123957664E+01   -0.972844301922519072E+01   -0.389693548833444403E+01    0.444939811418228146E+03
    0.130424694131155694E+01    0.151498654531296324E+04   -0.603102598205697582E+01   -0.731603651778296538E+01   -0.108721051871815906E+02   -0.428858986118021246E+01    0.444940047602216225E+03
    0.130424694131155694E+01    0.151498654531296324E+04   -0.603102598205697582E+01   -0.731603651778296538E+01   -0.108721051871815906E+02   -0.428858986118021246E+01    0.444940047602216225E+03
    0.130057751140513278E+01    0.142510855801179719E+04   -0.559164816585880242E+01   -0.721894098090447578E+01   -0.101412055396726632E+02   -0.374012898600550336E+01    0.444961472770903299E+03
    0.130312530592094244E+01    0.152058773759226415E+04   -0.590086627250130835E+01   -0.705423580854986731E+01   -0.115140812086578297E+02   -0.422093973437223546E+01    0.444966576870080985E+03
    0.129741844386391580E+01    0.142111690052361337E+04   -0.547781588959690158E+01   -0.660370056605282052E+01   -0.941912406211188369E+01   -0.352261018734172282E+01    0.444971851780962766E+03
    0.130006096743983823E+01    0.150389040768673271E+04   -0.564910227455647629E+01   -0.707702184476454299E+01   -0.962223667180684039E+01   -0.393786765442790454E+01    0.444972716285256979E+03
    0.130209913236611619E+01    0.155970627722564973E+04   -0.616501424734591907E+01   -0.762126784449489225E+01   -0.102142864057229446E+02   -0.426717000643941979E+01    0.444975511661393739E+03
    0.130209913236611619E+01    0.155970627722564973E+04   -0.616501424734591907E+01   -0.762126784449489225E+01   -0.102142864057229446E+02   -0.426717000643941979E+01    0.444975511661393739E+03
    0.130442364087465967E+01    0.140789078946814948E+04   -0.558025667338782494E+01   -0.696195374459639282E+01   -0.106730886330191446E+02   -0.402400858418906537E+01    0.444978741297522049E+03
    0.130439784065745079E+01    0.147862055974026043E+04   -0.599386163911868586E+01   -0.742165856021794301E+01   -0.115979696903227953E+02   -0.411442993546898261E+01    0.444979329211109189E+03
    0.129766557054099563E+01    0.156140408596561178E+04   -0.563603242168181495E+01   -0.698115118141137092E+01   -0.981799929096901991E+01   -0.393302525410103421E+01    0.444982305072663678E+03
    0.130440746540925456E+01    0.127671534193045409E+04   -0.520054249638492649E+01   -0.673797557911453815E+01   -0.101165243351802872E+02   -0.353625474556757879E+01    0.444984742083647404E+03
    0.129995913686713016E+01    0.145146375914444911E+04   -0.562312690373993185E+01   -0.726116355743945174E+01   -0.964105467736347066E+01   -0.383860118673868556E+01    0.444987264440241859E+03
    0.130078090811226499E+01    0.140337536302011404E+04   -0.501983908928547962E+01   -0.645452156730864779E+01   -0.109543165097352748E+02   -0.369921997326678742E+01    0.444988867187303867E+03
    0.129574295531289296E+01    0.145673019094915139E+04   -0.501373374698892693E+01   -0.656701216084366735E+01   -0.947370790207703628E+01   -0.355737670183611243E+01    0.444990599554008782E+03
    0.130620169029377386E+01    0.134632534714675239E+04   -0.555121425544382952E+01   -0.773489273125114707E+01   -0.119671456489490353E+02   -0.388883851515889134E+01    0.444991485077118057E+03
    0.130076606964889563E+01    0.154464294701261997E+04   -0.583215822121817595E+01   -0.747322000967650713E+01   -0.102918842120912171E+02   -0.416079898385992308E+01    0.444995763042755698E+03
    0.130009690695922742E+01    0.149235034998838364E+04   -0.526309046061591079E+01   -0.706728711964004130E+01   -0.113180828171307830E+02   -0.387584440820067400E+01    0.444999152746139714E+03
    0.129887419509370972E+01    0.152388216833629235E+04   -0.546111173696099428E+01   -0.725023575265150644E+01   -0.107390551607402784E+02   -0.396025844942412419E+01    0.445008162175201335E+03
    0.130345249208441194E+01    0.152301553809604980E+04   -0.633107829019346635E+01   -0.761796556715582618E+01   -0.109444576966690317E+02   -0.423226799921244723E+01    0.445008244102859976E+03
    0.130345249208441194E+01    0.152301553809604980E+04   -0.633107829019346635E+01   -0.761796556715582618E+01   -0.109444576966690317E+02   -0.423226799921244723E+01    0.445008244102859976E+03
    0.130314720640172088E+01    0.146411572906674837E+04   -0.614710077279654765E+01   -0.756753708670243785E+01   -0.102002185931655269E+02   -0.408760283653244461E+01    0.445009360366560657E+03
    0.130471921525929879E+01    0.137009200361080912E+04   -0.545866841348940923E+01   -0.698419901480173966E+01   -0.998642602583033323E+01   -0.383401078997963296E+01    0.445010314243097582E+03
    0.129944913876226487E+01    0.134591479430578465E+04   -0.494944394558766820E+01   -0.631891775793401322E+01   -0.929400053579251129E+01   -0.338443916934114242E+01    0.445010689288709159E+03
    0.129944913876226487E+01    0.134591479430578465E+04   -0.494944394558766820E+01   -0.631891775793401322E+01   -0.929400053579251129E+01   -0.338443916934114242E+01    0.445010689288709159E+03
    0.130478749086618251E+01    0.145499503892985285E+04   -0.620317337723652340E+01   -0.760147534919109713E+01   -0.106074183984987229E+02   -0.407758559993130287E+01    0.445011238145078096E+03
    0.130312023517745867E+01    0.139473886151349529E+04   -0.617674099242216101E+01   -0.723927018536531008E+01   -0.959377480739478372E+01   -0.385700053840551682E+01    0.445011946945319210E+03
    0.130756209163253856E+01    0.141770307913601869E+04   -0.614365647709340834E+01   -0.768798474132021159E+01   -0.118562502637268157E+02   -0.422623082448547294E+01    0.445015692373771628E+03
    0.130756209163253856E+01    0.141770307913601869E+04   -0.614365647709340834E+01   -0.768798474132021159E+01   -0.118562502637268157E+02   -0.422623082448547294E+01    0.445015692373771628E+03
    0.130397584920511567E+01    0.134855424443699349E+04   -0.533786721299304201E+01   -0.656207571183765825E+01   -0.118927330002525800E+02   -0.374292956727054893E+01    0.445022293671498630E+03
    0.130423277511999403E+01    0.136816646649279483E+04   -0.553505606449781506E+01   -0.682501965230288299E+01   -0.110194348482056768E+02   -0.377159441052540600E+01    0.445022610028135091E+03
    0.130053596763327928E+01    0.158847911535297931E+04   -0.598528149996112102E+01   -0.714904531952803257E+01   -0.108473997951207846E+02   -0.420221180710855080E+01    0.445022656095573609E+03
    0.129806265426245648E+01    0.150723813455303593E+04   -0.528429273922026521E+01   -0.667905656837036155E+01   -0.104984513523974474E+02   -0.387945969371943100E+01    0.445022902404077172E+03
    0.130193942795842110E+01    0.145892635459608755E+04   -0.576606259764824181E+01   -0.664958859174909200E+01   -0.103454905150281249E+02   -0.394700926486718728E+01    0.445026392327323549E+03
    0.130193942795842110E+01    0.145892635459608755E+04   -0.576606259764824181E+01   -0.664958859174909200E+01   -0.103454905150281249E+02   -0.394700926486718728E+01    0.445026392327323549E+03
    0.130315221342710119E+01    0.135440579174377717E+04   -0.552855534211595057E+01   -0.659468179684488209E+01   -0.102574535946144962E+02   -0.366179995679695836E+01    0.445028556540328736E+03
    0.130315221342710119E+01    0.135440579174377717E+04   -0.552855534211595057E+01   -0.659468179684488209E+01   -0.102574535946144962E+02   -0.366179995679695836E+01    0.445028556540328736E+03
    0.129790471177523581E+01    0.140644940510865035E+04   -0.516655445951979164E+01   -0.667165781333714136E+01   -0.946877278356403451E+01   -0.355219702899042566E+01    0.445034393461612297E+03
    0.130279707297343750E+01    0.150513571247278719E+04   -0.558964733203388242E+01   -0.765560407925240494E+01   -0.114441352379022820E+02   -0.411654467391923351E+01    0.445034721273152400E+03
    0.130454999445270770E+01    0.140570577561594155E+04   -0.589192126940475269E+01   -0.687234648368973478E+01   -0.113328936142686558E+02   -0.396562758714353336E+01    0.445041499659375347E+03
    0.130454999445270770E+01    0.140570577561594155E+04   -0.589192126940475269E+01   -0.687234648368973478E+01   -0.113328936142686558E+02   -0.396562758714353336E+01    0.445041499659375347E+03
    0.130769805511030679E+01    0.130305903358534124E+04   -0.560272245660568302E+01   -0.753244655540587260E+01   -0.115432565010543069E+02   -0.386742884804866804E+01    0.445044573753895861E+03
    0.130229730984641723E+01    0.149900660099150446E+04   -0.551697863123471244E+01   -0.766237366450940982E+01   -0.111017271265653186E+02   -0.406969694783639024E+01    0.445045100489119591E+03
    0.130146338736891809E+01    0.136408752875743266E+04   -0.547771783124626666E+01   -0.702125792015734085E+01   -0.996756064393861863E+01   -0.359201473451299336E+01    0.445047717610941618E+03
    0.130023925254942463E+01    0.150679646375581638E+04   -0.584388714855077218E+01   -0.670882377407280561E+01   -0.102216616733890362E+02   -0.395968463551935201E+01    0.445048240029643239E+03
    0.130023925254942463E+01    0.150679646375581638E+04   -0.584388714855077218E+01   -0.670882377407280561E+01   -0.102216616733890362E+02   -0.395968463551935201E+01    0.445048240029643239E+03
    0.130101041879491408E+01    0.137417682511566773E+04   -0.489983015761186813E+01   -0.696756950777452833E+01   -0.105902172195992144E+02   -0.361268350462896493E+01    0.445048673031187263E+03
    0.130101041879491408E+01    0.137417682511566773E+04   -0.489983015761186813E+01   -0.696756950777452833E+01   -0.105902172195992144E+02   -0.361268350462896493E+01    0.445048673031187263E+03
    0.130122543761106946E+01    0.155256237396900292E+04   -0.586080188011304593E+01   -0.724365971262903940E+01   -0.100791259290252562E+02   -0.416506058892746633E+01    0.445050318817547520E+03
    0.130078672141502150E+01    0.145145542240235068E+04   -0.557995981750105230E+01   -0.657930912283971381E+01   -0.106240380316051741E+02   -0.382082342689862564E+01    0.445050507564807958E+03
    0.130078672141502150E+01    0.145145542240235068E+04   -0.557995981750105230E+01   -0.657930912283971381E+01   -0.106240380316051741E+02   -0.382082342689862564E+01    0.445050507564807958E+03
    0.130471712371112658E+01    0.150246470102648277E+04   -0.580576200374806994E+01   -0.761978206125727375E+01   -0.119405287744984090E+02   -0.427893584264581595E+01    0.445067756983305742E+03
    0.130295440053057909E+01    0.141989093944200386E+04   -0.527059501322201740E+01   -0.685295597961245040E+01   -0.112593859902913991E+02   -0.385779463742838047E+01    0.445079996104080692E+03
    0.129839456832471734E+01    0.144190572023197865E+04   -0.549280170236017984E+01   -0.667564739568820720E+01   -0.922114605700610213E+01   -0.367507050838751681E+01    0.445085394632089219E+03
    0.129972297144328408E+01    0.136192913659418582E+04   -0.504733023418716797E+01   -0.648755602706716417E+01   -0.101210327492679486E+02   -0.347989446959942050E+01    0.445090693954563449E+03
    0.129972297144328408E+01    0.136192913659418582E+04   -0.504733023418716797E+01   -0.648755602706716417E+01   -0.101210327492679486E+02   -0.347989446959942050E+01    0.445090693954563449E+03
    0.130251156112274669E+01    0.139915407437860472E+04   -0.575361649629184679E+01   -0.670112623648459316E+01   -0.103967121805045615E+02   -0.378691579619682983E+01    0.445097057569305491E+03
    0.130531783164711279E+01    0.130282650822043797E+04   -0.538099945879730246E+01   -0.711532694897129936E+01   -0.108773152562073232E+02   -0.371063248679524982E+01    0.445097431822827559E+03
    0.130125277099819092E+01    0.130109260184141090E+04   -0.491866742779422950E+01   -0.647104967156420763E+01   -0.938113910850972310E+01   -0.335693246768065556E+01    0.445097531227688648E+03
    0.130637281749310930E+01    0.141653687305752874E+04   -0.562605408892537007E+01   -0.759404912498368656E+01   -0.115448396469514307E+02   -0.413961948789327749E+01    0.445097985752599470E+03
    0.130637281749310930E+01    0.141653687305752874E+04   -0.562605408892537007E+01   -0.759404912498368656E+01   -0.115448396469514307E+02   -0.413961948789327749E+01    0.445097985752599470E+03
    0.130129979850735644E+01    0.148602823915553427E+04   -0.551059552094385463E+01   -0.735672782816515980E+01   -0.115492149719606303E+02   -0.393686359424024701E+01    0.445098615195741047E+03
    0.130129979850735644E+01    0.148602823915553427E+04   -0.551059552094385463E+01   -0.735672782816515980E+01   -0.115492149719606303E+02   -0.393686359424024701E+01    0.445098615195741047E+03
    0.130059060419744954E+01    0.157994081821416353E+04   -0.611126395501447206E+01   -0.743114564163137370E+01   -0.108415294098785218E+02   -0.419560937351185892E+01    0.445098915052524774E+03
    0.130059060419744954E+01    0.157994081821416353E+04   -0.611126395501447206E+01   -0.743114564163137370E+01   -0.108415294098785218E+02   -0.419560937351185892E+01    0.445098915052524774E+03
    0.129869249146087751E+01    0.145492758184404556E+04   -0.523057873209935753E+01   -0.709386878512820385E+01   -0.102325136276944626E+02   -0.371931916130764151E+01    0.445102247591889693E+03
    0.129869249146087751E+01    0.145492758184404556E+04   -0.523057873209935753E+01   -0.709386878512820385E+01   -0.102325136276944626E+02   -0.371931916130764151E+01    0.445102247591889693E+03
    0.130316806217110748E+01    0.149270881788518795E+04   -0.630937464757261601E+01   -0.736008037002390747E+01   -0.997348187856727719E+01   -0.416277591373209788E+01    0.445104202848176385E+03
    0.129781454182749734E+01    0.156162389061985618E+04   -0.575121937586069443E+01   -0.703558769732247935E+01   -0.967881704064114601E+01   -0.399477252925164450E+01    0.445105706578591821E+03
    0.130414609012969596E+01    0.133923864707677012E+04   -0.518416547639905279E+01   -0.710662405441153489E+01   -0.997440559696684126E+01   -0.368174975580542885E+01    0.445106674727063478E+03
    0.130479957862326357E+01    0.136391616995413665E+04   -0.578544106797534674E+01   -0.715333494952975713E+01   -0.109862524612227528E+02   -0.388889570597909717E+01    0.445118733783079051E+03
    0.130479957862326357E+01    0.136391616995413665E+04   -0.578544106797534674E+01   -0.715333494952975713E+01   -0.109862524612227528E+02   -0.388889570597909717E+01    0.445118733783079051E+03
    0.130669642921154838E+01    0.132239963526142355E+04   -0.531722892382397561E+01   -0.705690149193697991E+01   -0.119991648737461194E+02   -0.383863670159584380E+01    0.445127967841173017E+03
    0.130489857308411383E+01    0.144326819712345537E+04   -0.616243370405245550E+01   -0.781733873617950259E+01   -0.106245993002379926E+02   -0.408391461520418275E+01    0.445132034383963742E+03
    0.130274647533114130E+01    0.153356279341887216E+04   -0.599219179778011402E+01   -0.736704724996996774E+01   -0.111390781124009486E+02   -0.426418896370439704E+01    0.445139827232084599E+03
    0.130416567851071363E+01    0.142521980392428463E+04   -0.613577604807471655E+01   -0.749478374736043307E+01   -0.101713964654002620E+02   -0.395870292680966962E+01    0.445140136906080386E+03
    0.130416567851071363E+01    0.142521980392428463E+04   -0.613577604807471655E+01   -0.749478374736043307E+01   -0.101713964654002620E+02   -0.395870292680966962E+01    0.445140136906080386E+03
    0.130026807462129712E+01    0.143726617431619002E+04   -0.514873528543339365E+01   -0.671626286480110934E+01   -0.118051229829475499E+02   -0.372867500529783236E+01    0.445151140457187864E+03
    0.129781206858466680E+01    0.142979723708813549E+04   -0.547003019746535113E+01   -0.659371015375906300E+01   -0.956601639441916873E+01   -0.360553515472796171E+01    0.445153377822767538E+03
    0.130767110136010034E+01    0.138081223901479802E+04   -0.602205663159749083E+01   -0.774886368024598671E+01   -0.110145029168506969E+02   -0.413423097334199952E+01    0.445153901648187002E+03
    0.130767110136010034E+01    0.138081223901479802E+04   -0.602205663159749083E+01   -0.774886368024598671E+01   -0.110145029168506969E+02   -0.413423097334199952E+01    0.445153901648187002E+03
    0.130051937783342031E+01    0.142986091129290912E+04   -0.525954819311406041E+01   -0.655506045395352022E+01   -0.105841321499881502E+02   -0.372189994481208863E+01    0.445155882213806308E+03
    0.130504418133181921E+01    0.144176467684849058E+04   -0.573330909316750326E+01   -0.727814158464800176E+01   -0.110598973358925061E+02   -0.416436352228879514E+01    0.445157486990247037E+03
    0.130451734196223224E+01    0.141957059679207896E+04   -0.577751948129541404E+01   -0.683742721027218270E+01   -0.106549862033825722E+02   -0.400935049617682893E+01    0.445160272059171518E+03
    0.130084942535313375E+01    0.159892521800262921E+04   -0.605421493564953828E+01   -0.734149061459953867E+01   -0.110313509260529710E+02   -0.428044020533343694E+01    0.445173389317479689E+03
    0.130281280721707016E+01    0.139956512153859330E+04   -0.559980874862193723E+01   -0.659226940058806488E+01   -0.100480056005855047E+02   -0.384138954427463197E+01    0.445173906604234730E+03
    0.130613347469302887E+01    0.139740090844889551E+04   -0.561658466927167410E+01   -0.763150638897874689E+01   -0.108844410284839590E+02   -0.402189071303421208E+01    0.445176218725881654E+03
    0.130110845712665735E+01    0.154682867880859476E+04   -0.625420874358860246E+01   -0.745880262221237178E+01   -0.997060280001950261E+01   -0.412232460132486889E+01    0.445183942662556035E+03
    0.130418793235378416E+01    0.140357798971730381E+04   -0.607561655448242455E+01   -0.764348377339879903E+01   -0.101136608247574031E+02   -0.393597724438965102E+01    0.445184264843041490E+03
    0.130418793235378416E+01    0.140357798971730381E+04   -0.607561655448242455E+01   -0.764348377339879903E+01   -0.101136608247574031E+02   -0.393597724438965102E+01    0.445184264843041490E+03
    0.130552752581950271E+01    0.144481648500730648E+04   -0.597565155986897345E+01   -0.790901961358603511E+01   -0.112688125508459258E+02   -0.417523689814148202E+01    0.445184822193379773E+03
    0.130321308736686570E+01    0.135780246155797840E+04   -0.530600076470396154E+01   -0.698415546167487999E+01   -0.101121945139125753E+02   -0.377982061127271507E+01    0.445186148909833321E+03
    0.130321308736686570E+01    0.135780246155797840E+04   -0.530600076470396154E+01   -0.698415546167487999E+01   -0.101121945139125753E+02   -0.377982061127271507E+01    0.445186148909833321E+03
    0.130447468920495036E+01    0.146740126053008635E+04   -0.611306717237716235E+01   -0.779999426949803354E+01   -0.105647085173246431E+02   -0.411149115578587310E+01    0.445189862390181929E+03
    0.130398870413381096E+01    0.151403666364514856E+04   -0.620872602896664105E+01   -0.724986955310123804E+01   -0.112167161565837397E+02   -0.423250157790409443E+01    0.445195650262098297E+03
    0.130418853173480365E+01    0.150277408624911413E+04   -0.584969153596895364E+01   -0.786818583036912500E+01   -0.110621625921372839E+02   -0.423378033081819005E+01    0.445200310089884113E+03
    0.130772921358115402E+01    0.131822055831302418E+04   -0.553087373964281692E+01   -0.752724161562873562E+01   -0.117310843227458861E+02   -0.392680381089240882E+01    0.445203050708775265E+03
    0.129876993944211505E+01    0.155885047304443924E+04   -0.545658630559732316E+01   -0.719957354184386844E+01   -0.118509612079314159E+02   -0.402293918901456760E+01    0.445204109713736727E+03
    0.130329324262059432E+01    0.136125750154713069E+04   -0.539367381394081047E+01   -0.717462821420242314E+01   -0.107010999500547488E+02   -0.377972180221279963E+01    0.445205678798249494E+03
    0.130329324262059432E+01    0.136125750154713069E+04   -0.539367381394081047E+01   -0.717462821420242314E+01   -0.107010999500547488E+02   -0.377972180221279963E+01    0.445205678798249494E+03
    0.130424739517209209E+01    0.136392771330139385E+04   -0.556906896147999575E+01   -0.753106244473242281E+01   -0.106711260103251231E+02   -0.382680818313210125E+01    0.445205735057271397E+03
    0.130424739517209209E+01    0.136392771330139385E+04   -0.556906896147999575E+01   -0.753106244473242281E+01   -0.106711260103251231E+02   -0.382680818313210125E+01    0.445205735057271397E+03
    0.130585069133541287E+01    0.133015049951194851E+04   -0.554505854638324536E+01   -0.680077061033200359E+01   -0.107372049274246706E+02   -0.379421061059359843E+01    0.445207336505707985E+03
    0.130576799169892843E+01    0.137828182809438090E+04   -0.601808210285315592E+01   -0.716145080095961983E+01   -0.105492653737534816E+02   -0.393208215671520733E+01    0.445207636605388871E+03
    0.130576799169892843E+01    0.137828182809438090E+04   -0.601808210285315592E+01   -0.716145080095961983E+01   -0.105492653737534816E+02   -0.393208215671520733E+01    0.445207636605388871E+03
    0.130333174188408263E+01    0.139241727989344508E+04   -0.553678791484293509E+01   -0.739423185834643171E+01   -0.105983526469028604E+02   -0.388729647109300558E+01    0.445214893347818304E+03
    0.130333174188408263E+01    0.139241727989344508E+04   -0.553678791484293509E+01   -0.739423185834643171E+01   -0.105983526469028604E+02   -0.388729647109300558E+01    0.445214893347818304E+03
    0.129790042220852686E+01    0.147663957493974362E+04   -0.566134881460833128E+01   -0.701750217614161187E+01   -0.932814428677717800E+01   -0.375886314213739681E+01    0.445218231639583053E+03
    0.129790042220852686E+01    0.147663957493974362E+04   -0.566134881460833128E+01   -0.701750217614161187E+01   -0.932814428677717800E+01   -0.375886314213739681E+01    0.445218231639583053E+03
    0.130229407116969931E+01    0.138039284857887969E+04   -0.550532328500971779E+01   -0.679725373379521525E+01   -0.112145176049134108E+02   -0.374516662694746927E+01    0.445219072647886549E+03
    0.130229407116969931E+01    0.138039284857887969E+04   -0.550532328500971779E+01   -0.679725373379521525E+01   -0.112145176049134108E+02   -0.374516662694746927E+01    0.445219072647886549E+03
    0.130597835211785673E+01    0.142251676376364071E+04   -0.603593153591089848E+01   -0.713108062048518221E+01   -0.114664516470203868E+02   -0.411088372883616504E+01    0.445219300368540985E+03
    0.130597835211785673E+01    0.142251676376364071E+04   -0.603593153591089848E+01   -0.713108062048518221E+01   -0.114664516470203868E+02   -0.411088372883616504E+01    0.445219300368540985E+03
    0.130008202524063643E+01    0.149140659224551882E+04   -0.544027444215996070E+01   -0.694264582356109106E+01   -0.102454658983160130E+02   -0.397797102702302041E+01    0.445221608566348777E+03
    0.130008202524063643E+01    0.149140659224551882E+04   -0.544027444215996070E+01   -0.694264582356109106E+01   -0.102454658983160130E+02   -0.397797102702302041E+01    0.445221608566348777E+03
    0.130024199249568539E+01    0.143551964892888986E+04   -0.497076944608002247E+01   -0.679535038315249729E+01   -0.113762629739701460E+02   -0.375576691016504327E+01    0.445223313750796365E+03
    0.130024199249568539E+01    0.143551964892888986E+04   -0.497076944608002247E+01   -0.679535038315249729E+01   -0.113762629739701460E+02   -0.375576691016504327E+01    0.445223313750796365E+03
    0.129724553731259618E+01    0.145422524665525475E+04   -0.528054957635439237E+01   -0.649782926072295108E+01   -0.993933062029666559E+01   -0.361239214109596318E+01    0.445227302380002754E+03
    0.130505567448335080E+01    0.142592317797939381E+04   -0.577782599138172959E+01   -0.720473127044266981E+01   -0.107223147057006791E+02   -0.412590689976227942E+01    0.445229879499077470E+03
    0.130200873906779324E+01    0.138381104761545112E+04   -0.520460007607132180E+01   -0.721026771567299196E+01   -0.107992312520066136E+02   -0.374432545040006559E+01    0.445234147029075871E+03
    0.130200873906779324E+01    0.138381104761545112E+04   -0.520460007607132180E+01   -0.721026771567299196E+01   -0.107992312520066136E+02   -0.374432545040006559E+01    0.445234147029075871E+03
    0.129829365210060410E+01    0.150111970399493794E+04   -0.514060010498307562E+01   -0.677065781272266687E+01   -0.116568167396487095E+02   -0.381699318100529084E+01    0.445235376165217303E+03
    0.129829365210060410E+01    0.150111970399493794E+04   -0.514060010498307562E+01   -0.677065781272266687E+01   -0.116568167396487095E+02   -0.381699318100529084E+01    0.445235376165217303E+03
    0.129812964715156243E+01    0.145531338694243163E+04   -0.503208330679238180E+01   -0.646721925787711882E+01   -0.977942163516681084E+01   -0.368558287049680899E+01    0.445235832186436141E+03
    0.129812964715156243E+01    0.145531338694243163E+04   -0.503208330679238180E+01   -0.646721925787711882E+01   -0.977942163516681084E+01   -0.368558287049680899E+01    0.445235832186436141E+03
    0.130216123790433547E+01    0.145243036602669849E+04   -0.585894470191960792E+01   -0.736926154834231539E+01   -0.107529566651356632E+02   -0.397114172678596944E+01    0.445243184812065067E+03
    0.130320315547421361E+01    0.136043275879805060E+04   -0.560067082657348259E+01   -0.667363356361799376E+01   -0.991985474340881979E+01   -0.368211605806758335E+01    0.445244023208486055E+03
    0.129958906080480041E+01    0.141163987065755123E+04   -0.505823187084797699E+01   -0.664828899406792662E+01   -0.112530561141974932E+02   -0.365801818458754369E+01    0.445245639524961121E+03
    0.129958906080480041E+01    0.141163987065755123E+04   -0.505823187084797699E+01   -0.664828899406792662E+01   -0.112530561141974932E+02   -0.365801818458754369E+01    0.445245639524961121E+03
    0.130166412298420564E+01    0.140694749439521183E+04   -0.513153949794881381E+01   -0.655258900166858105E+01   -0.105412188363226598E+02   -0.377116982187345151E+01    0.445246442258470609E+03
    0.130488266739339909E+01    0.134523258135072547E+04   -0.513682049447564815E+01   -0.732428695553965525E+01   -0.116082081683448610E+02   -0.380552645016051194E+01    0.445246936846629524E+03
    0.130278522232699823E+01    0.133044568417193113E+04   -0.501308016935555489E+01   -0.678168045775614736E+01   -0.116593756780535145E+02   -0.355643449250530530E+01    0.445247943926422010E+03
    0.130428969585613674E+01    0.132234715591630470E+04   -0.540346872771392750E+01   -0.696791798796041384E+01   -0.111311843265764487E+02   -0.369800021955265734E+01    0.445249455131399657E+03
    0.130615307660129210E+01    0.129642106219968059E+04   -0.540624198735250427E+01   -0.686309342779499865E+01   -0.105796992055566630E+02   -0.369807455451476486E+01    0.445250702540547707E+03
    0.129802500893445094E+01    0.149829184347502496E+04   -0.520129847953936419E+01   -0.682838969266888984E+01   -0.114473357874940120E+02   -0.380999064606577775E+01    0.445254952356580759E+03
    0.130457037028785372E+01    0.132108720200808580E+04   -0.541344782237061040E+01   -0.694947492111844056E+01   -0.110366883334209280E+02   -0.372434095791081887E+01    0.445255850979245281E+03
    0.130033301918475441E+01    0.139131019840844237E+04   -0.503592844586991806E+01   -0.695286837751619569E+01   -0.983977465169665777E+01   -0.365996191468625476E+01    0.445256297813236017E+03
    0.130033301918475441E+01    0.139131019840844237E+04   -0.503592844586991806E+01   -0.695286837751619569E+01   -0.983977465169665777E+01   -0.365996191468625476E+01    0.445256297813236017E+03
    0.130298926522804992E+01    0.141668879952644966E+04   -0.536168552738034165E+01   -0.713787901973132755E+01   -0.119013703080025213E+02   -0.383321751867948812E+01    0.445256840701745205E+03
    0.130134247988524199E+01    0.135769251974210124E+04   -0.544206334419428028E+01   -0.695197990041558711E+01   -0.982111598029662147E+01   -0.355996176488568672E+01    0.445263169253761589E+03
    0.130585813038399978E+01    0.136331596188147705E+04   -0.546133219331080522E+01   -0.711091646657764542E+01   -0.104904340759449788E+02   -0.389277413784977355E+01    0.445267234646531051E+03
    0.130336677418381308E+01    0.143881468575645408E+04   -0.539669011144231447E+01   -0.710063158604700106E+01   -0.111442047277440128E+02   -0.403752108299401336E+01    0.445270483861412458E+03
    0.130336677418381308E+01    0.143881468575645408E+04   -0.539669011144231447E+01   -0.710063158604700106E+01   -0.111442047277440128E+02   -0.403752108299401336E+01    0.445270483861412458E+03
    0.130014650981948354E+01    0.137893572932197048E+04   -0.527945397517424553E+01   -0.629890316540838313E+01   -0.968030730717169341E+01   -0.356968631541952774E+01    0.445276774250182086E+03
    0.130014650981948354E+01    0.137893572932197048E+04   -0.527945397517424553E+01   -0.629890316540838313E+01   -0.968030730717169341E+01   -0.356968631541952774E+01    0.445276774250182086E+03
    0.130536559953218334E+01    0.146175319522490622E+04   -0.599477355290250458E+01   -0.796104876831973840E+01   -0.109241285395731342E+02   -0.417970284109569512E+01    0.445277507505275651E+03
    0.130066905545051181E+01    0.145338129130620268E+04   -0.550316063918700582E+01   -0.747739648623929476E+01   -0.970985185738246770E+01   -0.382152348197379688E+01    0.445281499196900540E+03
    0.130454322309713033E+01    0.139047960899184454E+04   -0.530084461054539346E+01   -0.709986314095057569E+01   -0.113840798442713922E+02   -0.396002634556198885E+01    0.445282298288826269E+03
    0.130454322309713033E+01    0.139047960899184454E+04   -0.530084461054539346E+01   -0.709986314095057569E+01   -0.113840798442713922E+02   -0.396002634556198885E+01    0.445282298288826269E+03
    0.130338634553148136E+01    0.145852902454337595E+04   -0.613900939191184669E+01   -0.743373259218180671E+01   -0.106308651840735031E+02   -0.401574703459729498E+01    0.445282935187955843E+03
    0.130086962107401916E+01    0.149304381175597132E+04   -0.566458262066987484E+01   -0.694079065039086984E+01   -0.101101691787887571E+02   -0.391964051322738172E+01    0.445286486139646968E+03
    0.129993808991233029E+01    0.149158429329280716E+04   -0.563480577317393116E+01   -0.724658919321398987E+01   -0.103822960912426066E+02   -0.395286141522531764E+01    0.445290344351017552E+03
    0.130113859799966636E+01    0.148042168427250749E+04   -0.585165597969960327E+01   -0.698427905670317006E+01   -0.106435237235272435E+02   -0.391468972967169648E+01    0.445296140758345416E+03
    0.130442383871738654E+01    0.152260555539374627E+04   -0.613867053059620638E+01   -0.778542548990694705E+01   -0.119065820605497628E+02   -0.431001248488784761E+01    0.445299208143119472E+03
    0.130442383871738654E+01    0.152260555539374627E+04   -0.613867053059620638E+01   -0.778542548990694705E+01   -0.119065820605497628E+02   -0.431001248488784761E+01    0.445299208143119472E+03
    0.130537174700490133E+01    0.138493298704988592E+04   -0.559227226254684417E+01   -0.748047190777939441E+01   -0.102614488819097183E+02   -0.390779668767955179E+01    0.445302034377043640E+03
    0.130537174700490133E+01    0.138493298704988592E+04   -0.559227226254684417E+01   -0.748047190777939441E+01   -0.102614488819097183E+02   -0.390779668767955179E+01    0.445302034377043640E+03
    0.129886554640838048E+01    0.146243364043068505E+04   -0.523325261965378719E+01   -0.684839311114789773E+01   -0.116224082813440468E+02   -0.374646538728128498E+01    0.445303165574925970E+03
    0.129886554640838048E+01    0.146243364043068505E+04   -0.523325261965378719E+01   -0.684839311114789773E+01   -0.116224082813440468E+02   -0.374646538728128498E+01    0.445303165574925970E+03
    0.129815119322424932E+01    0.140199924692075638E+04   -0.494062687824406055E+01   -0.640537102428306326E+01   -0.979079460860609885E+01   -0.348367886152512796E+01    0.445303908972215822E+03
    0.130017690204132563E+01    0.135190085300918622E+04   -0.522417025298766990E+01   -0.681014326345769927E+01   -0.962147128247809746E+01   -0.348510127694241945E+01    0.445305076499548193E+03
    0.130229562981893721E+01    0.153153386244948410E+04   -0.595699159156573366E+01   -0.701815480446383333E+01   -0.115246690330722856E+02   -0.418976079236551069E+01    0.445306007708690231E+03
    0.130229562981893721E+01    0.153153386244948410E+04   -0.595699159156573366E+01   -0.701815480446383333E+01   -0.115246690330722856E+02   -0.418976079236551069E+01    0.445306007708690231E+03
    0.130717953087814442E+01    0.138266245985307478E+04   -0.592468778986140432E+01   -0.738360843782787146E+01   -0.118747224818553079E+02   -0.404386833308276383E+01    0.445309338769955161E+03
    0.130717953087814442E+01    0.138266245985307478E+04   -0.592468778986140432E+01   -0.738360843782787146E+01   -0.118747224818553079E+02   -0.404386833308276383E+01    0.445309338769955161E+03
    0.130186294300105887E+01    0.135812841912631029E+04   -0.507724155971221247E+01   -0.694425764578958482E+01   -0.114355535965514452E+02   -0.360134379889006340E+01    0.445311535313818808E+03
    0.130422767793599936E+01    0.142280611134935361E+04   -0.546508387592584022E+01   -0.694109827556673764E+01   -0.115251125488588269E+02   -0.396384043397141284E+01    0.445313191130879090E+03
    0.130621809680228806E+01    0.137099274956375575E+04   -0.558496345831273455E+01   -0.731136054715629591E+01   -0.110858219950757508E+02   -0.402913947268974404E+01    0.445314337242828628E+03
    0.130468087547882794E+01    0.142961667426506051E+04   -0.564465735588306394E+01   -0.779455488011986208E+01   -0.104759824846027971E+02   -0.402711838102411246E+01    0.445318268943404917E+03
    0.130350958671186179E+01    0.147192524833753941E+04   -0.594233485816607665E+01   -0.728412201627142597E+01   -0.102013368278654255E+02   -0.403603062993299666E+01    0.445318398549636868E+03
    0.130227644857230107E+01    0.146744355263666557E+04   -0.599407451353149856E+01   -0.745781796914807504E+01   -0.105780054795475138E+02   -0.401847707477309157E+01    0.445329829187402197E+03
    0.130668853150507558E+01    0.137107883920701624E+04   -0.565133174835187280E+01   -0.734151849289053082E+01   -0.108868075233167101E+02   -0.396844774510486964E+01    0.445329985482874747E+03
    0.130668853150507558E+01    0.137107883920701624E+04   -0.565133174835187280E+01   -0.734151849289053082E+01   -0.108868075233167101E+02   -0.396844774510486964E+01    0.445329985482874747E+03
    0.130303558586099877E+01    0.155261186899093241E+04   -0.584860614469226547E+01   -0.758083387010074539E+01   -0.115263673193663472E+02   -0.428830763282829874E+01    0.445334251352152364E+03
    0.130237453326698915E+01    0.136235504624657915E+04   -0.571078769288373334E+01   -0.705661960867428117E+01   -0.972746282941805696E+01   -0.370319412131425807E+01    0.445334948180197614E+03
    0.130376406088926822E+01    0.131580796417637998E+04   -0.540591551598543862E+01   -0.718109335629698275E+01   -0.992929128224324309E+01   -0.363298844076060412E+01    0.445336297819890149E+03
    0.130087405104329812E+01    0.139265440310606482E+04   -0.511644345507555798E+01   -0.659906207888491547E+01   -0.113611915836918307E+02   -0.363195071156884630E+01    0.445339283316461774E+03
    0.129897181775961146E+01    0.145418188417924944E+04   -0.545423699597829348E+01   -0.710682303586712383E+01   -0.986863974448036885E+01   -0.369585920380725597E+01    0.445339467026872910E+03
    0.130473674237923576E+01    0.139876937264798244E+04   -0.529600349951402549E+01   -0.731427613226986040E+01   -0.110905320365999458E+02   -0.395145383252984495E+01    0.445342553092128924E+03
    0.130099314468130767E+01    0.136541964529128359E+04   -0.495671756078545211E+01   -0.654693311363444597E+01   -0.104769071723515417E+02   -0.355766305311145636E+01    0.445342618349648092E+03
    0.130099314468130767E+01    0.136541964529128359E+04   -0.495671756078545211E+01   -0.654693311363444597E+01   -0.104769071723515417E+02   -0.355766305311145636E+01    0.445342618349648092E+03
    0.130201027753871079E+01    0.148509228438549508E+04   -0.574867661665663743E+01   -0.702002606704509535E+01   -0.117901629014511542E+02   -0.398320660047237141E+01    0.445343726211824162E+03
    0.130201027753871079E+01    0.148509228438549508E+04   -0.574867661665663743E+01   -0.702002606704509535E+01   -0.117901629014511542E+02   -0.398320660047237141E+01    0.445343726211824162E+03
    0.129911688006095516E+01    0.155323273899902142E+04   -0.543429658916620717E+01   -0.710038394713315668E+01   -0.109764320826857578E+02   -0.406086974061358230E+01    0.445345823332095790E+03
    0.130268937375319549E+01    0.133474472345266645E+04   -0.515176372828081419E+01   -0.660913854817837088E+01   -0.116377767526401783E+02   -0.357506844071857621E+01    0.445346979620174977E+03
    0.130257938967067588E+01    0.155898237033520127E+04   -0.617007496803900679E+01   -0.739134478732322453E+01   -0.116352029099694096E+02   -0.428376140221952628E+01    0.445350902662811734E+03
    0.130646701534680920E+01    0.141064343919577595E+04   -0.602136462362891223E+01   -0.745229014312576865E+01   -0.117619021443600893E+02   -0.416417228404412487E+01    0.445351335129695428E+03
    0.130016887318569130E+01    0.151724362853206344E+04   -0.565358695745189443E+01   -0.676896437583686783E+01   -0.111135547746321084E+02   -0.403161639852797826E+01    0.445355116070894610E+03
    0.130016887318569130E+01    0.151724362853206344E+04   -0.565358695745189443E+01   -0.676896437583686783E+01   -0.111135547746321084E+02   -0.403161639852797826E+01    0.445355116070894610E+03
    0.130038685618698557E+01    0.155502075384448267E+04   -0.589370661892981040E+01   -0.709016474442430944E+01   -0.102494147934783317E+02   -0.416314337314032734E+01    0.445355944120812069E+03
    0.130038685618698557E+01    0.155502075384448267E+04   -0.589370661892981040E+01   -0.709016474442430944E+01   -0.102494147934783317E+02   -0.416314337314032734E+01    0.445355944120812069E+03
    0.129934516855312410E+01    0.147086918102008576E+04   -0.517840255871124988E+01   -0.673377842471443078E+01   -0.115436834247351783E+02   -0.377544411031590421E+01    0.445359704115980378E+03
    0.130150083576317410E+01    0.135923606345492180E+04   -0.493123383798749693E+01   -0.676344015634463691E+01   -0.107985605129372448E+02   -0.362441186894257505E+01    0.445368907598081307E+03
    0.130054289493597497E+01    0.139656948653569361E+04   -0.555435167013942888E+01   -0.679305954354001873E+01   -0.947067234665511393E+01   -0.361420148639760086E+01    0.445369089575797148E+03
    0.130054289493597497E+01    0.139656948653569361E+04   -0.555435167013942888E+01   -0.679305954354001873E+01   -0.947067234665511393E+01   -0.361420148639760086E+01    0.445369089575797148E+03
    0.130094682103792136E+01    0.139749858127811740E+04   -0.556404677079220544E+01   -0.684567444280003379E+01   -0.953870233078059293E+01   -0.374500423517834058E+01    0.445372818511442574E+03
    0.130407429038202261E+01    0.140857808099234762E+04   -0.570708667739975084E+01   -0.749882376654487537E+01   -0.999794937859307353E+01   -0.389361752105639525E+01    0.445382979908181596E+03
    0.130447619033874784E+01    0.148072899757657501E+04   -0.567072679068789398E+01   -0.757238286738986943E+01   -0.109794330933974820E+02   -0.418544979121095473E+01    0.445383446235398367E+03
    0.130178410034242864E+01    0.147209328732759332E+04   -0.580846290233889295E+01   -0.674930120011941614E+01   -0.106652911788548792E+02   -0.399844448439584887E+01    0.445386976858885760E+03
    0.130314017247894887E+01    0.150328680762309637E+04   -0.613611658976008734E+01   -0.744560905848569021E+01   -0.993423895570683158E+01   -0.414742519987917468E+01    0.445388192191534699E+03
    0.130055070239117843E+01    0.156297406312002227E+04   -0.584760905056403146E+01   -0.763423355603094045E+01   -0.103584218006643987E+02   -0.415371698051058580E+01    0.445389540459984858E+03
    0.130055070239117843E+01    0.156297406312002227E+04   -0.584760905056403146E+01   -0.763423355603094045E+01   -0.103584218006643987E+02   -0.415371698051058580E+01    0.445389540459984858E+03
    0.130634519376020797E+01    0.133490016942699049E+04   -0.558856657247075184E+01   -0.767453537223717319E+01   -0.103986922783700990E+02   -0.385898052747536369E+01    0.445392551465056499E+03
    0.130634519376020797E+01    0.133490016942699049E+04   -0.558856657247075184E+01   -0.767453537223717319E+01   -0.103986922783700990E+02   -0.385898052747536369E+01    0.445392551465056499E+03
    0.129729151942755916E+01    0.156634575801256415E+04   -0.576223858444693349E+01   -0.711553312482739653E+01   -0.992785582654485843E+01   -0.395594318830223024E+01    0.445396139173734468E+03
    0.130530413739955509E+01    0.147584932187608661E+04   -0.605084805925793656E+01   -0.756395330776998343E+01   -0.105101577489099114E+02   -0.421085505852341235E+01    0.445408772481157314E+03
    0.130213342301532609E+01    0.140828208425574667E+04   -0.533540075871607478E+01   -0.673429395339028414E+01   -0.118727675045429280E+02   -0.385710344421847040E+01    0.445409733605153519E+03
    0.130270831282738531E+01    0.148956341119355602E+04   -0.638924969439731782E+01   -0.754432536081947624E+01   -0.995943058432697548E+01   -0.407844369980892374E+01    0.445412073017112107E+03
    0.130099327740136417E+01    0.147886152048282361E+04   -0.522424897708804270E+01   -0.696970252817472513E+01   -0.107411684797106748E+02   -0.392879084152403912E+01    0.445417015959004686E+03
    0.130104078037498927E+01    0.158314178425688124E+04   -0.611453591135138641E+01   -0.723012612394830079E+01   -0.105716934168061680E+02   -0.422660438223228763E+01    0.445417397647372809E+03
    0.130347414046339649E+01    0.137445586722593589E+04   -0.538619104357339573E+01   -0.712752685080698534E+01   -0.987140179773891191E+01   -0.383507743055566408E+01    0.445418055551975840E+03
    0.130139751897370082E+01    0.146880366108872659E+04   -0.533451070251576986E+01   -0.712315077234669936E+01   -0.113393581532981393E+02   -0.389079165569568097E+01    0.445419815956926527E+03
    0.130628973374769686E+01    0.136259981654799913E+04   -0.558497515167077108E+01   -0.763529859714459391E+01   -0.104575228575928083E+02   -0.397693977290669842E+01    0.445420038912352766E+03
    0.130392917735481828E+01    0.141230177126591116E+04   -0.584647158172530546E+01   -0.730010722517668942E+01   -0.116137975131705229E+02   -0.397967520559463850E+01    0.445421657163023326E+03
    0.129622826771638278E+01    0.144706513720025987E+04   -0.500334156361632409E+01   -0.632334704400901160E+01   -0.942082686967431471E+01   -0.353290982742490023E+01    0.445423994059976678E+03
    0.129622826771638278E+01    0.144706513720025987E+04   -0.500334156361632409E+01   -0.632334704400901160E+01   -0.942082686967431471E+01   -0.353290982742490023E+01    0.445423994059976678E+03
    0.130196960333712597E+01    0.145429721520440330E+04   -0.526338938436010917E+01   -0.715049277513800785E+01   -0.107777952760321103E+02   -0.397184456843177180E+01    0.445424024878481305E+03
    0.130196960333712597E+01    0.145429721520440330E+04   -0.526338938436010917E+01   -0.715049277513800785E+01   -0.107777952760321103E+02   -0.397184456843177180E+01    0.445424024878481305E+03
    0.130312705054130462E+01    0.138151212250577373E+04   -0.508689723270022487E+01   -0.712203996122876148E+01   -0.106081074061489424E+02   -0.376223031608217973E+01    0.445426095582383482E+03
    0.130306800995816974E+01    0.134544577050513271E+04   -0.532565696650428766E+01   -0.676717293942554754E+01   -0.115829613723913507E+02   -0.364105232704671522E+01    0.445426476686667229E+03
    0.130306800995816974E+01    0.134544577050513271E+04   -0.532565696650428766E+01   -0.676717293942554754E+01   -0.115829613723913507E+02   -0.364105232704671522E+01    0.445426476686667229E+03
    0.130569734435908535E+01    0.138915678349116865E+04   -0.592270618152827666E+01   -0.730828319749769584E+01   -0.109161696772142651E+02   -0.394710311137870917E+01    0.445431013246133887E+03
    0.130313636508607344E+01    0.144068628206108610E+04   -0.568229912175286067E+01   -0.690861862949565264E+01   -0.113587572064709015E+02   -0.392402993653932164E+01    0.445432698804339680E+03
    0.130313636508607344E+01    0.144068628206108610E+04   -0.568229912175286067E+01   -0.690861862949565264E+01   -0.113587572064709015E+02   -0.392402993653932164E+01    0.445432698804339680E+03
    0.130254260749613771E+01    0.145616922800010161E+04   -0.555908935769832802E+01   -0.687876617714841920E+01   -0.105907158924311915E+02   -0.393930624836320931E+01    0.445434212681783890E+03
    0.130119045701093894E+01    0.135984968279185432E+04   -0.490871424838163506E+01   -0.678724506557224760E+01   -0.104586664407719603E+02   -0.355412525391851553E+01    0.445434850447766394E+03
    0.130270642369032075E+01    0.142388945589512127E+04   -0.538045649550528271E+01   -0.720052209126961973E+01   -0.988433179876727586E+01   -0.386782466539684400E+01    0.445436212333666333E+03
    0.130270642369032075E+01    0.142388945589512127E+04   -0.538045649550528271E+01   -0.720052209126961973E+01   -0.988433179876727586E+01   -0.386782466539684400E+01    0.445436212333666333E+03
    0.130211945036342724E+01    0.145472946533628647E+04   -0.576876740073106564E+01   -0.705515773345098030E+01   -0.117195912013052581E+02   -0.398664761808152335E+01    0.445440267134967485E+03
    0.130211945036342724E+01    0.145472946533628647E+04   -0.576876740073106564E+01   -0.705515773345098030E+01   -0.117195912013052581E+02   -0.398664761808152335E+01    0.445440267134967485E+03
    0.130170241415790100E+01    0.144867017175892624E+04   -0.602551343452826771E+01   -0.704385245610836463E+01   -0.100319463924274999E+02   -0.386372047225284021E+01    0.445444193450956334E+03
    0.130220572390296807E+01    0.145818755383249459E+04   -0.581490956868128261E+01   -0.725745118575855308E+01   -0.106371088910583858E+02   -0.391059686619628266E+01    0.445445600141099533E+03
    0.130438354323078709E+01    0.137944926201426961E+04   -0.522131596939189979E+01   -0.715056708463024027E+01   -0.105370947645998996E+02   -0.388427781858026755E+01    0.445447744910365941E+03
    0.130566364680804226E+01    0.130875827292436452E+04   -0.535476494037310946E+01   -0.726776452511017546E+01   -0.112102607474352673E+02   -0.375268543411210587E+01    0.445456655896132474E+03
    0.130386905406981279E+01    0.136639236749841757E+04   -0.508105949348646480E+01   -0.714178953240314485E+01   -0.116915777004556780E+02   -0.381015554223192687E+01    0.445457448464808692E+03
    0.130109558165198846E+01    0.147718032474065990E+04   -0.537398357902610257E+01   -0.708327766925349511E+01   -0.112778344320888309E+02   -0.389582902890192528E+01    0.445458128465631717E+03
    0.130109558165198846E+01    0.147718032474065990E+04   -0.537398357902610257E+01   -0.708327766925349511E+01   -0.112778344320888309E+02   -0.389582902890192528E+01    0.445458128465631717E+03
    0.130248153866421856E+01    0.142259943527078485E+04   -0.564474607694103980E+01   -0.726254025142182336E+01   -0.117657471064533237E+02   -0.390150896090443666E+01    0.445458169676483806E+03
    0.130395540033946711E+01    0.146442648526513176E+04   -0.565298287432556190E+01   -0.745035758193380460E+01   -0.106604737156017251E+02   -0.404835653655866068E+01    0.445459477895913267E+03
    0.129979155492491016E+01    0.151834632111776705E+04   -0.542989270674072966E+01   -0.723485054957157292E+01   -0.101077309313253210E+02   -0.400783597471123532E+01    0.445460791613691924E+03
    0.130377307635774020E+01    0.137359745828258838E+04   -0.539705373347131268E+01   -0.734196639434486009E+01   -0.982115627508014200E+01   -0.383383284058064966E+01    0.445462033640923721E+03
    0.130538963789721985E+01    0.140809880683508482E+04   -0.549719899927187505E+01   -0.768251609110388589E+01   -0.119838364398503572E+02   -0.405132342329092765E+01    0.445465783801197176E+03
    0.130538963789721985E+01    0.140809880683508482E+04   -0.549719899927187505E+01   -0.768251609110388589E+01   -0.119838364398503572E+02   -0.405132342329092765E+01    0.445465783801197176E+03
    0.129748546712696511E+01    0.151040611619222773E+04   -0.544477016492938315E+01   -0.670160315378102300E+01   -0.999117550818003153E+01   -0.384756489886288122E+01    0.445467434642367152E+03
    0.129973947177179205E+01    0.143503395888781438E+04   -0.550187301854888933E+01   -0.719231472125125837E+01   -0.989334989153863020E+01   -0.374566481323629041E+01    0.445473693336624024E+03
    0.129973947177179205E+01    0.143503395888781438E+04   -0.550187301854888933E+01   -0.719231472125125837E+01   -0.989334989153863020E+01   -0.374566481323629041E+01    0.445473693336624024E+03
    0.130372383307531980E+01    0.146314282173001629E+04   -0.551113812833310490E+01   -0.770751614517402306E+01   -0.118342906776937262E+02   -0.407562724734094672E+01    0.445478458536302242E+03
    0.130227402430955408E+01    0.134054091137776504E+04   -0.507874764210629692E+01   -0.682630984225176274E+01   -0.117285550096691988E+02   -0.358986442583658594E+01    0.445479428219434681E+03
    0.130369882699111472E+01    0.140078722695768602E+04   -0.563803667437478229E+01   -0.763841315185392400E+01   -0.101441256129758948E+02   -0.385613916334019891E+01    0.445481146172430385E+03
    0.130369882699111472E+01    0.140078722695768602E+04   -0.563803667437478229E+01   -0.763841315185392400E+01   -0.101441256129758948E+02   -0.385613916334019891E+01    0.445481146172430385E+03
    0.130298930742710439E+01    0.152573614690832414E+04   -0.620701070875618832E+01   -0.730917906251964578E+01   -0.110592828791692028E+02   -0.422880130939444765E+01    0.445486061653295224E+03
    0.130298930742710439E+01    0.152573614690832414E+04   -0.620701070875618832E+01   -0.730917906251964578E+01   -0.110592828791692028E+02   -0.422880130939444765E+01    0.445486061653295224E+03
    0.130300278755195786E+01    0.137760707356914031E+04   -0.519552291273335243E+01   -0.724007843206953616E+01   -0.102879242337220980E+02   -0.372954404001079887E+01    0.445486995069776526E+03
    0.130123429144267178E+01    0.130945651910570200E+04   -0.495287202603117294E+01   -0.659720208699219590E+01   -0.958397544288628467E+01   -0.338918310896378294E+01    0.445491125704077376E+03
    0.130278516671895517E+01    0.138937892003165780E+04   -0.590398756121656998E+01   -0.677575834313886638E+01   -0.991149856091827530E+01   -0.377866978101535089E+01    0.445507424944900720E+03
    0.130611806798668129E+01    0.135529219878825961E+04   -0.605159468607733952E+01   -0.726669582843902973E+01   -0.100121553141191129E+02   -0.394030576974277480E+01    0.445507972736349075E+03
    0.130200302511472032E+01    0.139884246883574588E+04   -0.525337580508923807E+01   -0.731256274452461152E+01   -0.102976220655579755E+02   -0.373323057287331039E+01    0.445511666898003284E+03
    0.130282530899641591E+01    0.137514137523729232E+04   -0.517549086394033786E+01   -0.731414506205254611E+01   -0.109331986429057935E+02   -0.376482512383049084E+01    0.445518610135389565E+03
    0.129959039784236885E+01    0.151108682805967555E+04   -0.563989293801694291E+01   -0.676600220903374527E+01   -0.110829031938089368E+02   -0.392851443652970111E+01    0.445521222650096774E+03
    0.130074966067919040E+01    0.147520602634544707E+04   -0.572247007972424537E+01   -0.727601524289223534E+01   -0.101009899696156946E+02   -0.386894387446997712E+01    0.445521712809706457E+03
    0.130431786404131334E+01    0.139942139427344364E+04   -0.547739600983890274E+01   -0.685407383382025959E+01   -0.113702215927594281E+02   -0.396869808285541303E+01    0.445526340557305048E+03
    0.130431786404131334E+01    0.139942139427344364E+04   -0.547739600983890274E+01   -0.685407383382025959E+01   -0.113702215927594281E+02   -0.396869808285541303E+01    0.445526340557305048E+03
    0.130251966127588359E+01    0.138732635014439711E+04   -0.509208602725085591E+01   -0.715335808205297763E+01   -0.109726210862580444E+02   -0.373860616621694497E+01    0.445530449332227590E+03
    0.129818195553816684E+01    0.151015729710040637E+04   -0.522674583840171803E+01   -0.686588338800456643E+01   -0.113908356298248670E+02   -0.385010292525166165E+01    0.445538921296917749E+03
    0.129818195553816684E+01    0.151015729710040637E+04   -0.522674583840171803E+01   -0.686588338800456643E+01   -0.113908356298248670E+02   -0.385010292525166165E+01    0.445538921296917749E+03
    0.130423383777520296E+01    0.140765458285768113E+04   -0.551099379103639020E+01   -0.694493346520978339E+01   -0.109223974509085444E+02   -0.400110437678451536E+01    0.445538948925686100E+03
    0.130081493461327802E+01    0.148135446217614685E+04   -0.553402085273161148E+01   -0.688752700557286879E+01   -0.106832604793890216E+02   -0.388388941722950776E+01    0.445543084748161505E+03
    0.130081493461327802E+01    0.148135446217614685E+04   -0.553402085273161148E+01   -0.688752700557286879E+01   -0.106832604793890216E+02   -0.388388941722950776E+01    0.445543084748161505E+03
    0.130697623764874948E+01    0.130517626341522714E+04   -0.561499829587689359E+01   -0.713361095626042552E+01   -0.108099963957811109E+02   -0.383909552445795121E+01    0.445543967837443290E+03
    0.130463464206523172E+01    0.134927547487894844E+04   -0.540877800251851326E+01   -0.737400578025132081E+01   -0.106371101057924022E+02   -0.383186509845929280E+01    0.445547189427360422E+03
    0.130196437746153948E+01    0.146652949913196744E+04   -0.551456577033339457E+01   -0.714722441273933118E+01   -0.107253277423252467E+02   -0.403712417844712501E+01    0.445549121359169078E+03
    0.130366005685763353E+01    0.137104207063246304E+04   -0.581920204676504582E+01   -0.694889613230043501E+01   -0.104030669201131829E+02   -0.378200724205759542E+01    0.445557317682236942E+03
    0.130366005685763353E+01    0.137104207063246304E+04   -0.581920204676504582E+01   -0.694889613230043501E+01   -0.104030669201131829E+02   -0.378200724205759542E+01    0.445557317682236942E+03
    0.130665201720752489E+01    0.135104831344947456E+04   -0.564616922787446196E+01   -0.728551572835157657E+01   -0.110415796316705297E+02   -0.398948631633785311E+01    0.445558176075510289E+03
    0.130079782784082720E+01    0.140349496100248416E+04   -0.524447894450281105E+01   -0.664100183695240265E+01   -0.104817780324722953E+02   -0.365100586607391442E+01    0.445561378085315084E+03
    0.130079782784082720E+01    0.140349496100248416E+04   -0.524447894450281105E+01   -0.664100183695240265E+01   -0.104817780324722953E+02   -0.365100586607391442E+01    0.445561378085315084E+03
    0.130518994010357003E+01    0.134813541861151816E+04   -0.583294515539933034E+01   -0.752622291522063769E+01   -0.986534225143120480E+01   -0.381011116651309578E+01    0.445561644956866530E+03
    0.129948580984370476E+01    0.152702001020843591E+04   -0.595212817758805279E+01   -0.687283150356125727E+01   -0.993961490685201099E+01   -0.396255733619076267E+01    0.445563295840194314E+03
    0.130094080280987279E+01    0.152682661027253107E+04   -0.550481874974792706E+01   -0.741283632515989055E+01   -0.118299738439047832E+02   -0.405588094420137413E+01    0.445565754139473484E+03
    0.130371881193043060E+01    0.134786745592583907E+04   -0.561859981144564813E+01   -0.693499017175743404E+01   -0.105670566376563961E+02   -0.370544397550847826E+01    0.445568120330684451E+03
    0.130193562684544895E+01    0.138356729861019221E+04   -0.574474062115480333E+01   -0.660074121825207971E+01   -0.969804928509412711E+01   -0.370616227828816847E+01    0.445572919148652318E+03
    0.130228839551207298E+01    0.157123665061133556E+04   -0.607651106806365426E+01   -0.742338381463278019E+01   -0.115610365999681299E+02   -0.427111289515314230E+01    0.445575601728022889E+03
    0.130104637630651832E+01    0.153768322599364251E+04   -0.588998464368146823E+01   -0.693921670252107869E+01   -0.110508637500106150E+02   -0.412812124516007373E+01    0.445575928885641929E+03
    0.130377448515058658E+01    0.149115582883149000E+04   -0.570616217107733714E+01   -0.757581910471842690E+01   -0.109310031846809466E+02   -0.412898298817396459E+01    0.445577295627833166E+03
    0.130151958396815637E+01    0.143286129971823016E+04   -0.557269788247939513E+01   -0.682267366540150633E+01   -0.980387545548801498E+01   -0.378925441732020296E+01    0.445579321074765062E+03
    0.130380957402633690E+01    0.139613130392216453E+04   -0.563301009679068887E+01   -0.753881116490851255E+01   -0.110079364306649516E+02   -0.390827473253098923E+01    0.445582996349468317E+03
    0.130380957402633690E+01    0.139613130392216453E+04   -0.563301009679068887E+01   -0.753881116490851255E+01   -0.110079364306649516E+02   -0.390827473253098923E+01    0.445582996349468317E+03
    0.130525005141662209E+01    0.139270639457892685E+04   -0.582263843895476096E+01   -0.733893206041122070E+01   -0.107949946626594446E+02   -0.391546512267881219E+01    0.445583627381019426E+03
    0.130525005141662209E+01    0.139270639457892685E+04   -0.582263843895476096E+01   -0.733893206041122070E+01   -0.107949946626594446E+02   -0.391546512267881219E+01    0.445583627381019426E+03
    0.130323053363641694E+01    0.152081531031103714E+04   -0.600361689418857658E+01   -0.772303191681594026E+01   -0.119210400932161615E+02   -0.418867260956772913E+01    0.445587689575475338E+03
    0.130323053363641694E+01    0.152081531031103714E+04   -0.600361689418857658E+01   -0.772303191681594026E+01   -0.119210400932161615E+02   -0.418867260956772913E+01    0.445587689575475338E+03
    0.130492819713085062E+01    0.136819046950371171E+04   -0.556438106885839279E+01   -0.713847737576695796E+01   -0.108045624046441162E+02   -0.381593840504660697E+01    0.445588637115011409E+03
    0.130492819713085062E+01    0.136819046950371171E+04   -0.556438106885839279E+01   -0.713847737576695796E+01   -0.108045624046441162E+02   -0.381593840504660697E+01    0.445588637115011409E+03
    0.130252858784412440E+01    0.145765277493844724E+04   -0.619233478227416789E+01   -0.730771463025467849E+01   -0.101155500986889653E+02   -0.401152805496522369E+01    0.445591906070466393E+03
    0.130652605522748888E+01    0.132025827426174283E+04   -0.574741913024355622E+01   -0.745886181487568134E+01   -0.102100322866183255E+02   -0.381139413582391207E+01    0.445598730954846587E+03
    0.130418509062687238E+01    0.143629943868587270E+04   -0.594519883390419501E+01   -0.755543526562519219E+01   -0.990947559494868813E+01   -0.406962857350157936E+01    0.445598740080353082E+03
    0.130418509062687238E+01    0.143629943868587270E+04   -0.594519883390419501E+01   -0.755543526562519219E+01   -0.990947559494868813E+01   -0.406962857350157936E+01    0.445598740080353082E+03
    0.130783565404174817E+01    0.134877210343708134E+04   -0.588594669328538700E+01   -0.757109881180667621E+01   -0.112246861268446221E+02   -0.402387684103348509E+01    0.445603618969482511E+03
    0.130350712736264551E+01    0.134522060131138915E+04   -0.524674595636310404E+01   -0.660207074652961090E+01   -0.118317370684045979E+02   -0.368803746491380657E+01    0.445603674335745211E+03
    0.130179862293817750E+01    0.154876293458077157E+04   -0.568476828139543322E+01   -0.752155948774411520E+01   -0.110164842813911150E+02   -0.419651000968762222E+01    0.445608045096830551E+03
    0.130408836575654696E+01    0.139245898010026485E+04   -0.581651585057077369E+01   -0.702561258138896427E+01   -0.103236900623446033E+02   -0.394392977036806158E+01    0.445611483109059293E+03
    0.130427214145313508E+01    0.142827215018803213E+04   -0.601107949555178944E+01   -0.745970590988540661E+01   -0.114470491108469403E+02   -0.402140601358664451E+01    0.445612186902735175E+03
    0.130427214145313508E+01    0.142827215018803213E+04   -0.601107949555178944E+01   -0.745970590988540661E+01   -0.114470491108469403E+02   -0.402140601358664451E+01    0.445612186902735175E+03
    0.130507486728751965E+01    0.131421775851415168E+04   -0.544022540136551225E+01   -0.689592351432906536E+01   -0.116466498050848504E+02   -0.370778769925475693E+01    0.445612364142491288E+03
    0.130382020470947224E+01    0.137389095041642850E+04   -0.584289973868353218E+01   -0.718497988950129507E+01   -0.103012495346741559E+02   -0.383463525459567123E+01    0.445613882252242206E+03
    0.130642150545811009E+01    0.135492557827595192E+04   -0.598821766864714000E+01   -0.739537501100485439E+01   -0.107652880193707592E+02   -0.392163836320381165E+01    0.445615631744039717E+03
    0.130452385753181344E+01    0.138545799386501403E+04   -0.601657787140140243E+01   -0.712443733187407879E+01   -0.103310745673631263E+02   -0.388314282910564401E+01    0.445616789975323343E+03
    0.130452385753181344E+01    0.138545799386501403E+04   -0.601657787140140243E+01   -0.712443733187407879E+01   -0.103310745673631263E+02   -0.388314282910564401E+01    0.445616789975323343E+03
    0.130502613521055411E+01    0.137549027171462194E+04   -0.543026795261188244E+01   -0.734909323377647095E+01   -0.119938399962262814E+02   -0.396039201804458862E+01    0.445619576073194480E+03
    0.130534111887821402E+01    0.135566922381849326E+04   -0.601162897808896002E+01   -0.734540990866315013E+01   -0.975844374765638278E+01   -0.387643012198193659E+01    0.445620571840653554E+03
    0.130534111887821402E+01    0.135566922381849326E+04   -0.601162897808896002E+01   -0.734540990866315013E+01   -0.975844374765638278E+01   -0.387643012198193659E+01    0.445620571840653554E+03
    0.129823648470366382E+01    0.155634096294318670E+04   -0.543205943618696008E+01   -0.711455185783422728E+01   -0.104832081239180042E+02   -0.398525018986101820E+01    0.445622572499911143E+03
    0.129823648470366382E+01    0.155634096294318670E+04   -0.543205943618696008E+01   -0.711455185783422728E+01   -0.104832081239180042E+02   -0.398525018986101820E+01    0.445622572499911143E+03
    0.129909423115719758E+01    0.139946149003571441E+04   -0.488502401446771373E+01   -0.649546818747894061E+01   -0.100015130073246343E+02   -0.357056645285022256E+01    0.445622920975394607E+03
    0.130402824241657456E+01    0.140704612201979353E+04   -0.592889133274608238E+01   -0.718121886514576779E+01   -0.105508915906983560E+02   -0.398293199985440793E+01    0.445629003030566935E+03
    0.130123461475272917E+01    0.147562365287862644E+04   -0.572687451518767610E+01   -0.761693382700531352E+01   -0.101286404637100134E+02   -0.394824118355422726E+01    0.445629091996581451E+03
    0.130296435320659731E+01    0.145697245084650649E+04   -0.556194535046339311E+01   -0.771659824928829785E+01   -0.110764156640624822E+02   -0.401443366199188212E+01    0.445630742214689633E+03
    0.130345516441836562E+01    0.136006049082721893E+04   -0.552869137317145487E+01   -0.682509445978147689E+01   -0.103380875626797337E+02   -0.378865668822767354E+01    0.445633061183465259E+03
    0.130224359120444677E+01    0.149072284739420070E+04   -0.588713923648614923E+01   -0.747630034541271193E+01   -0.981082123518427984E+01   -0.405653428073646261E+01    0.445641680715788937E+03
    0.130162629970331656E+01    0.151399623950981641E+04   -0.579055840628450280E+01   -0.753812208712671961E+01   -0.117576732776705732E+02   -0.405504357022576567E+01    0.445642091347600342E+03
    0.129758291347068999E+01    0.148240796539767621E+04   -0.514737377247450567E+01   -0.686884962884532868E+01   -0.100015609193785213E+02   -0.375046076411702956E+01    0.445648953548291047E+03
    0.130415026995817951E+01    0.142454795398994929E+04   -0.577985280362075216E+01   -0.765964175771862088E+01   -0.115786089790063027E+02   -0.396581665194726263E+01    0.445649391938567760E+03
    0.130260575009936308E+01    0.148050699853174979E+04   -0.600194614190366238E+01   -0.738467286146372626E+01   -0.104992850645524367E+02   -0.400532039453348876E+01    0.445649619396537673E+03
    0.130375561689205632E+01    0.135860657595111888E+04   -0.587698395838197118E+01   -0.720433755084350747E+01   -0.976811892201663845E+01   -0.372873297074217191E+01    0.445655172971641150E+03
    0.130375561689205632E+01    0.135860657595111888E+04   -0.587698395838197118E+01   -0.720433755084350747E+01   -0.976811892201663845E+01   -0.372873297074217191E+01    0.445655172971641150E+03
    0.130187465045280604E+01    0.134998015747177305E+04   -0.503225712337791542E+01   -0.661812624010458883E+01   -0.109896457073792426E+02   -0.357029219461945679E+01    0.445657305695680179E+03
    0.130378679142453358E+01    0.144003193977021806E+04   -0.575914604966144061E+01   -0.684046870877964430E+01   -0.110065162750190044E+02   -0.403050770017202975E+01    0.445660857299077009E+03
    0.130463939868834933E+01    0.136144498711983420E+04   -0.553917264506049278E+01   -0.745168775557865892E+01   -0.101065058312759071E+02   -0.387018389970739563E+01    0.445661657959801630E+03
    0.130604527532778381E+01    0.133921095415534319E+04   -0.596801522292900799E+01   -0.732499575446534301E+01   -0.997415722580138109E+01   -0.384667883946806555E+01    0.445663612580301105E+03
    0.130604527532778381E+01    0.133921095415534319E+04   -0.596801522292900799E+01   -0.732499575446534301E+01   -0.997415722580138109E+01   -0.384667883946806555E+01    0.445663612580301105E+03
    0.129837065886485559E+01    0.152455042748846495E+04   -0.535014345398099955E+01   -0.690246354334061785E+01   -0.116637067587352021E+02   -0.391561956442360781E+01    0.445663755057895571E+03
    0.130266727751944433E+01    0.132131659539776138E+04   -0.514001304106026513E+01   -0.690254496337498580E+01   -0.980665440015437895E+01   -0.351048274720005260E+01    0.445664942633528028E+03
    0.130266727751944433E+01    0.132131659539776138E+04   -0.514001304106026513E+01   -0.690254496337498580E+01   -0.980665440015437895E+01   -0.351048274720005260E+01    0.445664942633528028E+03
    0.130438239266229572E+01    0.150488492896456250E+04   -0.610336376406107917E+01   -0.778149464067835961E+01   -0.111295970999465759E+02   -0.426399298658862147E+01    0.445667104872018058E+03
    0.130438239266229572E+01    0.150488492896456250E+04   -0.610336376406107917E+01   -0.778149464067835961E+01   -0.111295970999465759E+02   -0.426399298658862147E+01    0.445667104872018058E+03
    0.130045273930307514E+01    0.145397277997503329E+04   -0.542560580246659008E+01   -0.667929882264750496E+01   -0.111365139397652317E+02   -0.386560488587647910E+01    0.445668082862540246E+03
    0.130045273930307514E+01    0.145397277997503329E+04   -0.542560580246659008E+01   -0.667929882264750496E+01   -0.111365139397652317E+02   -0.386560488587647910E+01    0.445668082862540246E+03
    0.130110274688411942E+01    0.142981250950127810E+04   -0.525244996851708557E+01   -0.699286876986134320E+01   -0.113279227841038033E+02   -0.375579260703028162E+01    0.445669801693092950E+03
    0.130359944002945971E+01    0.143221921252453376E+04   -0.568664210843378992E+01   -0.700489978520862167E+01   -0.999369027577058056E+01   -0.395978220563839400E+01    0.445676914660191585E+03
    0.130366962218504279E+01    0.152111218498148719E+04   -0.586938109136118946E+01   -0.742456690647422590E+01   -0.107875917359802038E+02   -0.423431391873546126E+01    0.445683457291855689E+03
    0.130366962218504279E+01    0.152111218498148719E+04   -0.586938109136118946E+01   -0.742456690647422590E+01   -0.107875917359802038E+02   -0.423431391873546126E+01    0.445683457291855689E+03
    0.129991942297947149E+01    0.147084139375802806E+04   -0.601779551994430051E+01   -0.685380369956528224E+01   -0.978568160926889341E+01   -0.386290604117159830E+01    0.445685865729141483E+03
    0.130549376630188974E+01    0.134866997559868378E+04   -0.574081776802378485E+01   -0.723126150040782001E+01   -0.107616420314017471E+02   -0.389178578564674638E+01    0.445686622528694841E+03
    0.130342089694193430E+01    0.137109284445364483E+04   -0.556506589493720938E+01   -0.687642609467156873E+01   -0.962130198749894028E+01   -0.379317395003410596E+01    0.445687866864915293E+03
    0.130293351611734876E+01    0.136567166712265271E+04   -0.515617438576759390E+01   -0.715037237171163476E+01   -0.100062930765028693E+02   -0.369823305422282189E+01    0.445689345015540823E+03
    0.130301735134121000E+01    0.148588337624020846E+04   -0.606408341475416091E+01   -0.739566193331981214E+01   -0.114811358966720878E+02   -0.412078171317087172E+01    0.445691366243938148E+03
    0.130301735134121000E+01    0.148588337624020846E+04   -0.606408341475416091E+01   -0.739566193331981214E+01   -0.114811358966720878E+02   -0.412078171317087172E+01    0.445691366243938148E+03
    0.129865883265440818E+01    0.148095554890394715E+04   -0.515352573474628173E+01   -0.661935575000642995E+01   -0.100377670516422395E+02   -0.379447773476989703E+01    0.445693096228530294E+03
    0.130297068663364746E+01    0.144512085827359374E+04   -0.575449139361866013E+01   -0.726548680290144855E+01   -0.106392413602029556E+02   -0.392085630765936877E+01    0.445693456360205346E+03
    0.130130493782900047E+01    0.140055337357307644E+04   -0.555750705807870471E+01   -0.726163825064778656E+01   -0.995928639727396714E+01   -0.371841032717891729E+01    0.445694079900176405E+03
    0.130120507815176500E+01    0.137359852500253055E+04   -0.542527456734560776E+01   -0.647609198964662358E+01   -0.993863662960782079E+01   -0.363235319905760790E+01    0.445695449121912361E+03
    0.130696114520694917E+01    0.130493002305005166E+04   -0.563088882845426220E+01   -0.716076204732496269E+01   -0.107648532804285253E+02   -0.378809711868774457E+01    0.445697114618412911E+03
    0.130353463873104780E+01    0.133151730793583647E+04   -0.559982240311057922E+01   -0.676511125979216565E+01   -0.100142334550430565E+02   -0.364036393540593473E+01    0.445697506869364588E+03
    0.130353463873104780E+01    0.133151730793583647E+04   -0.559982240311057922E+01   -0.676511125979216565E+01   -0.100142334550430565E+02   -0.364036393540593473E+01    0.445697506869364588E+03
    0.130358683268653341E+01    0.144330411572779440E+04   -0.575126700739188124E+01   -0.728784243121480646E+01   -0.988039157587082784E+01   -0.403332615130044481E+01    0.445698617380248436E+03
    0.130286748174444855E+01    0.141084606984614948E+04   -0.523026976196298943E+01   -0.727541019481568885E+01   -0.102237636892104788E+02   -0.387167997851197043E+01    0.445699091322586924E+03
    0.130427545245919063E+01    0.138667561126813825E+04   -0.575180234010694491E+01   -0.745083709441879627E+01   -0.110830337997171782E+02   -0.387548454538343989E+01    0.445703096514968138E+03
    0.130152319618317525E+01    0.138117175702882059E+04   -0.510101784479789089E+01   -0.670542461003757673E+01   -0.108946716668884225E+02   -0.371121567833513488E+01    0.445708105528840747E+03
    0.130213520903579516E+01    0.138317553195568416E+04   -0.518204480985152749E+01   -0.702722422383940248E+01   -0.114312019802408713E+02   -0.368075523568980678E+01    0.445708307001781748E+03
    0.130682684614515221E+01    0.139397825286366242E+04   -0.605483145133603617E+01   -0.767678480155877097E+01   -0.113286875993087595E+02   -0.410504988275489602E+01    0.445709778390678025E+03
    0.130400917107640280E+01    0.133345834109825955E+04   -0.562154720046134759E+01   -0.707164718117601776E+01   -0.101966678010991849E+02   -0.366867095976236968E+01    0.445713462015066625E+03
    0.130363303113280193E+01    0.139599455963721061E+04   -0.546402529912986701E+01   -0.738384048918746139E+01   -0.107650939503550962E+02   -0.392523183832875766E+01    0.445713890545275888E+03
    0.130363303113280193E+01    0.139599455963721061E+04   -0.546402529912986701E+01   -0.738384048918746139E+01   -0.107650939503550962E+02   -0.392523183832875766E+01    0.445713890545275888E+03
    0.130224760355127867E+01    0.149107280857064779E+04   -0.611578794721621133E+01   -0.769790642726591212E+01   -0.100311857743322896E+02   -0.406255116161246743E+01    0.445714799757655896E+03
    0.129919547658712076E+01    0.149571152082811045E+04   -0.531478976559050142E+01   -0.686565890499315845E+01   -0.115214786850698161E+02   -0.391074235261874037E+01    0.445715263760619393E+03
    0.129919547658712076E+01    0.149571152082811045E+04   -0.531478976559050142E+01   -0.686565890499315845E+01   -0.115214786850698161E+02   -0.391074235261874037E+01    0.445715263760619393E+03
    0.130431918968066474E+01    0.130014145569273751E+04   -0.521450884144615223E+01   -0.693204406717407373E+01   -0.103391734565011788E+02   -0.361452485059763795E+01    0.445717675745516146E+03
    0.130289386317525580E+01    0.139737260149743543E+04   -0.526163278477288365E+01   -0.725991226595828820E+01   -0.107036277535438629E+02   -0.386874910803701333E+01    0.445723101764859109E+03
    0.130624313934416958E+01    0.136923322593418516E+04   -0.576604332155068100E+01   -0.719751283778729789E+01   -0.113528084979451478E+02   -0.393007520744284911E+01    0.445724009929996612E+03
    0.130624313934416958E+01    0.136923322593418516E+04   -0.576604332155068100E+01   -0.719751283778729789E+01   -0.113528084979451478E+02   -0.393007520744284911E+01    0.445724009929996612E+03
    0.130087220033973883E+01    0.141691581568370293E+04   -0.502199524002452780E+01   -0.687648102082427393E+01   -0.107073737403153579E+02   -0.377166776213984889E+01    0.445729459578887543E+03
    0.130267547164874165E+01    0.146939939755931118E+04   -0.584361100578418924E+01   -0.755514445124700362E+01   -0.114048156609438909E+02   -0.401068459067477079E+01    0.445733078356121723E+03
    0.130198625288894343E+01    0.137146873054902062E+04   -0.572295461449550746E+01   -0.720331237150012171E+01   -0.941708524941655334E+01   -0.366685764530574687E+01    0.445733090787263791E+03
    0.130023718791645670E+01    0.141555651144123249E+04   -0.504800712904656823E+01   -0.674010725746332984E+01   -0.111363733979311892E+02   -0.372859933234951590E+01    0.445733183628628183E+03
    0.130023718791645670E+01    0.141555651144123249E+04   -0.504800712904656823E+01   -0.674010725746332984E+01   -0.111363733979311892E+02   -0.372859933234951590E+01    0.445733183628628183E+03
    0.130075708314762895E+01    0.152276579202836956E+04   -0.556420898319161683E+01   -0.748731015850721970E+01   -0.110280174951669334E+02   -0.407278887855567362E+01    0.445734041217285380E+03
    0.130321324174862885E+01    0.147707857153227314E+04   -0.557058256328134416E+01   -0.762640633609955909E+01   -0.115282900605988132E+02   -0.406156573406770960E+01    0.445735264288344922E+03
    0.130293757458051696E+01    0.138983903991694046E+04   -0.573667786823748393E+01   -0.691198164283992433E+01   -0.102432128260984801E+02   -0.376165630982956678E+01    0.445739439411529929E+03
    0.130573244096518204E+01    0.139000359040736294E+04   -0.590973666185012547E+01   -0.759637700230712021E+01   -0.103485813767150603E+02   -0.404388719884032710E+01    0.445741808265719783E+03
    0.130573244096518204E+01    0.139000359040736294E+04   -0.590973666185012547E+01   -0.759637700230712021E+01   -0.103485813767150603E+02   -0.404388719884032710E+01    0.445741808265719783E+03
    0.130566850560029923E+01    0.134518238859510484E+04   -0.552239545199381254E+01   -0.699186831281185839E+01   -0.106607412062678044E+02   -0.389758042543291872E+01    0.445742100299150309E+03
    0.130236865819942405E+01    0.133158264817913118E+04   -0.510888562927637846E+01   -0.691224247752238785E+01   -0.967078614575351025E+01   -0.353065303465264790E+01    0.445743448717647425E+03
    0.130322490710639194E+01    0.147011323986148886E+04   -0.614692859913656342E+01   -0.733559645288667284E+01   -0.104144474483087457E+02   -0.402778736368821022E+01    0.445744946249468114E+03
    0.129808503616764548E+01    0.148481049450669798E+04   -0.548336961278894286E+01   -0.668496755840654089E+01   -0.994579268689557772E+01   -0.372988008889996259E+01    0.445746580484129140E+03
    0.130176911588343214E+01    0.135426803482583409E+04   -0.524985265961465153E+01   -0.701051220223115390E+01   -0.949410632053325720E+01   -0.362082790713242630E+01    0.445746686767537426E+03
    0.130017379740340511E+01    0.146675580121483404E+04   -0.532308841822403078E+01   -0.724169291259231773E+01   -0.111137620540057647E+02   -0.384657087553590493E+01    0.445746692232317343E+03
    0.130017379740340511E+01    0.146675580121483404E+04   -0.532308841822403078E+01   -0.724169291259231773E+01   -0.111137620540057647E+02   -0.384657087553590493E+01    0.445746692232317343E+03
    0.130084995271375514E+01    0.155987670863110679E+04   -0.593357053434477333E+01   -0.713968892068698935E+01   -0.104730588981817867E+02   -0.419351974910607872E+01    0.445748101154709843E+03
    0.130431426258074112E+01    0.145453727490295137E+04   -0.576506007787869290E+01   -0.772948211782355976E+01   -0.111877569835268442E+02   -0.413078122834121686E+01    0.445749976520861310E+03
    0.130073164378071526E+01    0.142389047113346510E+04   -0.511789313152791614E+01   -0.658376096950601664E+01   -0.110296983084846083E+02   -0.373950134595476946E+01    0.445754914797374340E+03
    0.130484529017154283E+01    0.131414012013117554E+04   -0.541776688127441997E+01   -0.732791862489551971E+01   -0.100399896283194359E+02   -0.368196898631541814E+01    0.445756628650607013E+03
    0.129817903136440060E+01    0.149096953568227491E+04   -0.531687181942003662E+01   -0.682892171771018308E+01   -0.105297561621601048E+02   -0.377248232032356157E+01    0.445758703188152708E+03
    0.129817903136440060E+01    0.149096953568227491E+04   -0.531687181942003662E+01   -0.682892171771018308E+01   -0.105297561621601048E+02   -0.377248232032356157E+01    0.445758703188152708E+03
    0.130018514502924254E+01    0.137967067982151411E+04   -0.494170438090906217E+01   -0.682833570877220364E+01   -0.973851058784641666E+01   -0.357461440915714590E+01    0.445760637007982666E+03
    0.130018514502924254E+01    0.137967067982151411E+04   -0.494170438090906217E+01   -0.682833570877220364E+01   -0.973851058784641666E+01   -0.357461440915714590E+01    0.445760637007982666E+03
    0.130245690075159626E+01    0.136194119565264100E+04   -0.526252007807688926E+01   -0.708570066681918043E+01   -0.104125471286510933E+02   -0.363390168875955233E+01    0.445762589181287240E+03
    0.130425005770518787E+01    0.131536182462279908E+04   -0.534439889678665470E+01   -0.665022271268756260E+01   -0.100532148266083947E+02   -0.365706296501357286E+01    0.445763356552189293E+03
    0.130526573995136053E+01    0.142716759011089266E+04   -0.566751617332057034E+01   -0.746823676939051317E+01   -0.104060037428371768E+02   -0.408887735978848088E+01    0.445764386846901004E+03
    0.130526573995136053E+01    0.142716759011089266E+04   -0.566751617332057034E+01   -0.746823676939051317E+01   -0.104060037428371768E+02   -0.408887735978848088E+01    0.445764386846901004E+03
    0.129973551303233026E+01    0.156984972227254184E+04   -0.577164099328551838E+01   -0.698376571631831844E+01   -0.109673744038576313E+02   -0.411662527871892792E+01    0.445768067121065371E+03
    0.130281618476689665E+01    0.147488027820409843E+04   -0.559414670429152672E+01   -0.761860083803466193E+01   -0.110827675340332359E+02   -0.401203621171330038E+01    0.445769551657230011E+03
    0.130247791384143907E+01    0.143388774463564823E+04   -0.581493445351060689E+01   -0.678641339533326438E+01   -0.995914854905242741E+01   -0.387901209552779136E+01    0.445772724658694813E+03
    0.129746216234119527E+01    0.149631417159048419E+04   -0.528020241516962141E+01   -0.656125220478856441E+01   -0.102012716694169061E+02   -0.375914096795819574E+01    0.445775373808800623E+03
    0.129746216234119527E+01    0.149631417159048419E+04   -0.528020241516962141E+01   -0.656125220478856441E+01   -0.102012716694169061E+02   -0.375914096795819574E+01    0.445775373808800623E+03
    0.130465105355230149E+01    0.142299215507069630E+04   -0.597461623635346495E+01   -0.739663894021040313E+01   -0.115637701043088619E+02   -0.405939557551410513E+01    0.445778052168304328E+03
    0.130557283193820939E+01    0.141705541831289361E+04   -0.580268388038413008E+01   -0.779146439996324691E+01   -0.107815844187415895E+02   -0.405029933299630507E+01    0.445778789934073814E+03
    0.130569964858582543E+01    0.136273081141083276E+04   -0.582143534771879523E+01   -0.738585357719374613E+01   -0.106283107958984253E+02   -0.395146769078492177E+01    0.445782692129408076E+03
    0.129861535623183633E+01    0.138578262488627570E+04   -0.515595315169915658E+01   -0.659170678641161345E+01   -0.928735443901609159E+01   -0.351590577020243167E+01    0.445784647029139308E+03
    0.129861535623183633E+01    0.138578262488627570E+04   -0.515595315169915658E+01   -0.659170678641161345E+01   -0.928735443901609159E+01   -0.351590577020243167E+01    0.445784647029139308E+03
    0.129789156742605938E+01    0.148491098891216711E+04   -0.536405043759971711E+01   -0.671324895821053236E+01   -0.103459045547471256E+02   -0.374530298489312408E+01    0.445785638383710989E+03
    0.130591355030180201E+01    0.138358710917813733E+04   -0.548736749978470506E+01   -0.752223297613356934E+01   -0.117235125288623490E+02   -0.396206084911503709E+01    0.445786855770061663E+03
    0.130295857876463828E+01    0.138567347458980089E+04   -0.595784267689898961E+01   -0.722162119930569180E+01   -0.974035468310649932E+01   -0.377200281325887232E+01    0.445797365966671862E+03
    0.130295857876463828E+01    0.138567347458980089E+04   -0.595784267689898961E+01   -0.722162119930569180E+01   -0.974035468310649932E+01   -0.377200281325887232E+01    0.445797365966671862E+03
    0.129949497594166807E+01    0.139396479315470651E+04   -0.505173396806365194E+01   -0.644126675757490830E+01   -0.955746051929337881E+01   -0.357269488702254812E+01    0.445800674997761121E+03
    0.129949497594166807E+01    0.139396479315470651E+04   -0.505173396806365194E+01   -0.644126675757490830E+01   -0.955746051929337881E+01   -0.357269488702254812E+01    0.445800674997761121E+03
    0.130275601839448796E+01    0.149444928099189178E+04   -0.589983405740177869E+01   -0.767057579553882984E+01   -0.101233690983050728E+02   -0.413009178232602459E+01    0.445803868903143723E+03
    0.130275601839448796E+01    0.149444928099189178E+04   -0.589983405740177869E+01   -0.767057579553882984E+01   -0.101233690983050728E+02   -0.413009178232602459E+01    0.445803868903143723E+03
    0.130154899918247402E+01    0.147089376219943006E+04   -0.559528428481211559E+01   -0.711947364884436951E+01   -0.114561152651008271E+02   -0.390353108505449597E+01    0.445804502651202426E+03
    0.130051036069140236E+01    0.146503780439454886E+04   -0.590040365872079509E+01   -0.734934282445848375E+01   -0.952834578118666542E+01   -0.387071211250343339E+01    0.445806085654690492E+03
    0.130079490144951548E+01    0.146776076241135684E+04   -0.553711388820698769E+01   -0.749771396467400031E+01   -0.985823783396027942E+01   -0.390288247069911876E+01    0.445806980927288919E+03
    0.130079490144951548E+01    0.146776076241135684E+04   -0.553711388820698769E+01   -0.749771396467400031E+01   -0.985823783396027942E+01   -0.390288247069911876E+01    0.445806980927288919E+03
    0.130250603413812560E+01    0.141737473828267457E+04   -0.533112250745619320E+01   -0.692048491830672674E+01   -0.116824183317662147E+02   -0.381234083280753566E+01    0.445809943003702358E+03
    0.130250603413812560E+01    0.141737473828267457E+04   -0.533112250745619320E+01   -0.692048491830672674E+01   -0.116824183317662147E+02   -0.381234083280753566E+01    0.445809943003702358E+03
    0.130429540667101818E+01    0.135553386059563672E+04   -0.549464437023572128E+01   -0.736828234027916640E+01   -0.107585498857216049E+02   -0.381800204188221493E+01    0.445813772683920831E+03
    0.130429540667101818E+01    0.135553386059563672E+04   -0.549464437023572128E+01   -0.736828234027916640E+01   -0.107585498857216049E+02   -0.381800204188221493E+01    0.445813772683920831E+03
    0.130226127534013036E+01    0.146086456735168531E+04   -0.560755950911586698E+01   -0.755288298111778467E+01   -0.119949948304002891E+02   -0.398483364317534416E+01    0.445814378609571406E+03
    0.130107166775223893E+01    0.157092999639876166E+04   -0.589154346512938165E+01   -0.749447723287154410E+01   -0.109909514343984700E+02   -0.422574490487714272E+01    0.445815358004052143E+03
    0.130407960249001253E+01    0.131266560970079991E+04   -0.518358123770829593E+01   -0.706469715475698479E+01   -0.105608561877996721E+02   -0.359997959567496295E+01    0.445816365504322619E+03
    0.130402312975235035E+01    0.138655079898963686E+04   -0.567163112517034484E+01   -0.750515228102296739E+01   -0.989170746142734991E+01   -0.390578974521060651E+01    0.445819732473335421E+03
    0.130402312975235035E+01    0.138655079898963686E+04   -0.567163112517034484E+01   -0.750515228102296739E+01   -0.989170746142734991E+01   -0.390578974521060651E+01    0.445819732473335421E+03
    0.130088039097415997E+01    0.153980995250320211E+04   -0.590880838696045885E+01   -0.734006748015344801E+01   -0.102813214128159238E+02   -0.406816624050151532E+01    0.445821066855506558E+03
    0.130653551809380497E+01    0.131178835647841493E+04   -0.556351802425061859E+01   -0.729163456130454701E+01   -0.113519740273458485E+02   -0.378150764619553037E+01    0.445822020371523024E+03
    0.130653551809380497E+01    0.131178835647841493E+04   -0.556351802425061859E+01   -0.729163456130454701E+01   -0.113519740273458485E+02   -0.378150764619553037E+01    0.445822020371523024E+03
    0.129816633120668845E+01    0.154961023324096413E+04   -0.567600209453327142E+01   -0.705009054426803949E+01   -0.102712044227885233E+02   -0.394373628832925149E+01    0.445822368856059370E+03
    0.130398313085832718E+01    0.146049141918870669E+04   -0.590389014055253991E+01   -0.750794590096600345E+01   -0.118670728657712434E+02   -0.404385578730538242E+01    0.445824617395923724E+03
    0.130398313085832718E+01    0.146049141918870669E+04   -0.590389014055253991E+01   -0.750794590096600345E+01   -0.118670728657712434E+02   -0.404385578730538242E+01    0.445824617395923724E+03
    0.130229519847563147E+01    0.152108102172222834E+04   -0.591717197383008209E+01   -0.704540879479009696E+01   -0.116936703238851472E+02   -0.413224512603790117E+01    0.445826232860627329E+03
    0.130341377702169714E+01    0.143670142551647905E+04   -0.572948050010990340E+01   -0.733704486828476021E+01   -0.105953787586210471E+02   -0.404567564320549788E+01    0.445826273379064901E+03
    0.130341377702169714E+01    0.143670142551647905E+04   -0.572948050010990340E+01   -0.733704486828476021E+01   -0.105953787586210471E+02   -0.404567564320549788E+01    0.445826273379064901E+03
    0.130469273363975780E+01    0.150740228621847359E+04   -0.617830975312896058E+01   -0.762946095524649159E+01   -0.107455049742639535E+02   -0.427372016865381887E+01    0.445829018943619701E+03
    0.130560283381731912E+01    0.137958181086718332E+04   -0.556142834745404535E+01   -0.758555517834072379E+01   -0.103603607632387806E+02   -0.397793259191542248E+01    0.445832850816123027E+03
    0.130560283381731912E+01    0.137958181086718332E+04   -0.556142834745404535E+01   -0.758555517834072379E+01   -0.103603607632387806E+02   -0.397793259191542248E+01    0.445832850816123027E+03
    0.130129144779600248E+01    0.145853406627315871E+04   -0.573591227294359829E+01   -0.710006795077456143E+01   -0.107764031481869917E+02   -0.387161269206466940E+01    0.445836873054484840E+03
    0.130060693288484375E+01    0.151290823412369809E+04   -0.551853670920614903E+01   -0.680566830093990305E+01   -0.106322798061572534E+02   -0.402738628885926087E+01    0.445838574576986161E+03
    0.130234239888828562E+01    0.142393199903283539E+04   -0.574361763717829366E+01   -0.723584010953627477E+01   -0.103229158725746899E+02   -0.391172738986924351E+01    0.445838826942338073E+03
    0.130102680577718721E+01    0.156346211784493494E+04   -0.605932914711290493E+01   -0.733023335286072708E+01   -0.101428468744178986E+02   -0.416582860732528992E+01    0.445839096388774578E+03
    0.130672737592130273E+01    0.133557934959076329E+04   -0.555265347187974445E+01   -0.707748248070666275E+01   -0.118465758035828959E+02   -0.388558648517339122E+01    0.445841641286983020E+03
    0.130672737592130273E+01    0.133557934959076329E+04   -0.555265347187974445E+01   -0.707748248070666275E+01   -0.118465758035828959E+02   -0.388558648517339122E+01    0.445841641286983020E+03
    0.130478291900632914E+01    0.133257140344678783E+04   -0.535420479165283680E+01   -0.732394440510056555E+01   -0.116675639978430858E+02   -0.373461554022704867E+01    0.445842205059724051E+03
    0.130372483192068533E+01    0.137767103871940890E+04   -0.545773050290576123E+01   -0.700615531797473157E+01   -0.115924579264922158E+02   -0.376977691207341792E+01    0.445842903998918814E+03
    0.130372483192068533E+01    0.137767103871940890E+04   -0.545773050290576123E+01   -0.700615531797473157E+01   -0.115924579264922158E+02   -0.376977691207341792E+01    0.445842903998918814E+03
    0.130358857830648001E+01    0.132813761779273727E+04   -0.555620939741818720E+01   -0.713894246964058521E+01   -0.985299795633365960E+01   -0.363452720224688974E+01    0.445844429674694084E+03
    0.130271485841617096E+01    0.147763293652098082E+04   -0.575095433425078983E+01   -0.692604815705924004E+01   -0.114946237752909326E+02   -0.409192716196924078E+01    0.445847224093421914E+03
    0.130271485841617096E+01    0.147763293652098082E+04   -0.575095433425078983E+01   -0.692604815705924004E+01   -0.114946237752909326E+02   -0.409192716196924078E+01    0.445847224093421914E+03
    0.130221340200582869E+01    0.153626572417314560E+04   -0.601814709745595877E+01   -0.730122577158121455E+01   -0.117039928495171832E+02   -0.416454599369933476E+01    0.445852094497719634E+03
    0.130221340200582869E+01    0.153626572417314560E+04   -0.601814709745595877E+01   -0.730122577158121455E+01   -0.117039928495171832E+02   -0.416454599369933476E+01    0.445852094497719634E+03
    0.130286584834431873E+01    0.141860392394620840E+04   -0.562787731858992579E+01   -0.719722184108138308E+01   -0.984820440347410475E+01   -0.394004881410603147E+01    0.445852154191045997E+03
    0.130286584834431873E+01    0.141860392394620840E+04   -0.562787731858992579E+01   -0.719722184108138308E+01   -0.984820440347410475E+01   -0.394004881410603147E+01    0.445852154191045997E+03
    0.130003875737149244E+01    0.140931858358359796E+04   -0.557532380212665224E+01   -0.680595397027598459E+01   -0.930850666053010833E+01   -0.364934906419305349E+01    0.445853284334664579E+03
    0.130461674090174240E+01    0.134901490253819384E+04   -0.518075602282245384E+01   -0.703852292370698773E+01   -0.106668762137510225E+02   -0.376647178317339204E+01    0.445855842980740931E+03
    0.130461674090174240E+01    0.134901490253819384E+04   -0.518075602282245384E+01   -0.703852292370698773E+01   -0.106668762137510225E+02   -0.376647178317339204E+01    0.445855842980740931E+03
    0.130491169660995143E+01    0.146417164460189497E+04   -0.590252727157169677E+01   -0.751917161662917266E+01   -0.103863042401521426E+02   -0.413955443501542852E+01    0.445856317320243306E+03
    0.130491169660995143E+01    0.146417164460189497E+04   -0.590252727157169677E+01   -0.751917161662917266E+01   -0.103863042401521426E+02   -0.413955443501542852E+01    0.445856317320243306E+03
    0.129814769265293117E+01    0.148259807767641951E+04   -0.554653846053061628E+01   -0.710962928075992284E+01   -0.954769567761555393E+01   -0.374457100793256004E+01    0.445856827644675263E+03
    0.130584686176914233E+01    0.136409647140381799E+04   -0.558659920841579982E+01   -0.740591349389511588E+01   -0.114195701447530791E+02   -0.397047604820460975E+01    0.445857420999506132E+03
    0.130741521061664656E+01    0.134606077476553719E+04   -0.589537987890954440E+01   -0.745707848005594620E+01   -0.108844100263886148E+02   -0.399226696328851993E+01    0.445858966860911266E+03
    0.130208050140454734E+01    0.137127201695376243E+04   -0.536143824604116226E+01   -0.687907700781139120E+01   -0.101511943066410169E+02   -0.362905780175771397E+01    0.445859880138790118E+03
    0.130479583207370142E+01    0.132969682104186313E+04   -0.532001475850719885E+01   -0.695854765503727268E+01   -0.104732853408396451E+02   -0.377625562328364417E+01    0.445861511504920543E+03
    0.130479583207370142E+01    0.132969682104186313E+04   -0.532001475850719885E+01   -0.695854765503727268E+01   -0.104732853408396451E+02   -0.377625562328364417E+01    0.445861511504920543E+03
    0.130049668163639431E+01    0.141748435542144603E+04   -0.533148297712102526E+01   -0.726285824258719881E+01   -0.994633136574649690E+01   -0.372797770070824974E+01    0.445862913865199005E+03
    0.130049668163639431E+01    0.141748435542144603E+04   -0.533148297712102526E+01   -0.726285824258719881E+01   -0.994633136574649690E+01   -0.372797770070824974E+01    0.445862913865199005E+03
    0.130480727966507826E+01    0.136581744702848641E+04   -0.567126028555641870E+01   -0.702685504769727665E+01   -0.100499046357675965E+02   -0.390527644391386097E+01    0.445863297362193407E+03
    0.130480727966507826E+01    0.136581744702848641E+04   -0.567126028555641870E+01   -0.702685504769727665E+01   -0.100499046357675965E+02   -0.390527644391386097E+01    0.445863297362193407E+03
    0.130180527979087257E+01    0.145802638617442517E+04   -0.566270507604444084E+01   -0.749262861512379175E+01   -0.106792580111864979E+02   -0.395632115959779007E+01    0.445865387330989734E+03
    0.130180527979087257E+01    0.145802638617442517E+04   -0.566270507604444084E+01   -0.749262861512379175E+01   -0.106792580111864979E+02   -0.395632115959779007E+01    0.445865387330989734E+03
    0.130309476791211276E+01    0.134033054557370360E+04   -0.514969124476141715E+01   -0.679844959613962185E+01   -0.978736804259048476E+01   -0.362542213424045201E+01    0.445867706667913581E+03
    0.130263129009259737E+01    0.132139125989168269E+04   -0.517586426771252750E+01   -0.692320485991674417E+01   -0.100685240932056441E+02   -0.353708741788184966E+01    0.445868396040901359E+03
    0.130263129009259737E+01    0.132139125989168269E+04   -0.517586426771252750E+01   -0.692320485991674417E+01   -0.100685240932056441E+02   -0.353708741788184966E+01    0.445868396040901359E+03
    0.130548944447406945E+01    0.145583532736230268E+04   -0.618089690143035853E+01   -0.771610437665638660E+01   -0.109846335512690221E+02   -0.418006126567578118E+01    0.445872545805863467E+03
    0.130548944447406945E+01    0.145583532736230268E+04   -0.618089690143035853E+01   -0.771610437665638660E+01   -0.109846335512690221E+02   -0.418006126567578118E+01    0.445872545805863467E+03
    0.130302154480043364E+01    0.152582384769404985E+04   -0.613316409255734651E+01   -0.749999541890488697E+01   -0.115537638899738386E+02   -0.420796353124147871E+01    0.445873165683850402E+03
    0.130490198761367560E+01    0.137186531967033670E+04   -0.553431145988443074E+01   -0.762358121937579458E+01   -0.101607338505608009E+02   -0.387520767454344295E+01    0.445878053561631248E+03
    0.129734191437438806E+01    0.148450805302398226E+04   -0.510279189808837330E+01   -0.659373173977105509E+01   -0.984600931133849144E+01   -0.371235300816445601E+01    0.445878319137480275E+03
    0.129734191437438806E+01    0.148450805302398226E+04   -0.510279189808837330E+01   -0.659373173977105509E+01   -0.984600931133849144E+01   -0.371235300816445601E+01    0.445878319137480275E+03
    0.130540897907329367E+01    0.139519966563584921E+04   -0.574341215214257694E+01   -0.699957822202387359E+01   -0.111878774918004140E+02   -0.397757411742823130E+01    0.445879764659416253E+03
    0.130579371615195061E+01    0.139614499170533759E+04   -0.568023201048943616E+01   -0.736094564289421527E+01   -0.109008777034858877E+02   -0.398541509004494365E+01    0.445881044214519875E+03
    0.130293943565661041E+01    0.144022851702318894E+04   -0.541572099992527978E+01   -0.711719408096051254E+01   -0.101900651966912736E+02   -0.393998939960680694E+01    0.445881202964681506E+03
    0.130075515634093164E+01    0.147631231083128432E+04   -0.559727512594390841E+01   -0.706221663443444747E+01   -0.106922749436127233E+02   -0.387449502608962781E+01    0.445886837777436881E+03
    0.130075515634093164E+01    0.147631231083128432E+04   -0.559727512594390841E+01   -0.706221663443444747E+01   -0.106922749436127233E+02   -0.387449502608962781E+01    0.445886837777436881E+03
    0.130224869931853249E+01    0.144630390957898044E+04   -0.534344137465297386E+01   -0.748580547699378229E+01   -0.111374663449389057E+02   -0.392783991686532552E+01    0.445888621409892039E+03
    0.130224869931853249E+01    0.144630390957898044E+04   -0.534344137465297386E+01   -0.748580547699378229E+01   -0.111374663449389057E+02   -0.392783991686532552E+01    0.445888621409892039E+03
    0.129935469519323088E+01    0.145577021982058795E+04   -0.534299030330167657E+01   -0.657651381151468684E+01   -0.100719028451879211E+02   -0.380688471403092521E+01    0.445893400083765016E+03
    0.130363648297725487E+01    0.146965063334821389E+04   -0.580518727090845399E+01   -0.748643763682161545E+01   -0.117237835678837854E+02   -0.414576087471510757E+01    0.445901128484407707E+03
    0.130363648297725487E+01    0.146965063334821389E+04   -0.580518727090845399E+01   -0.748643763682161545E+01   -0.117237835678837854E+02   -0.414576087471510757E+01    0.445901128484407707E+03
    0.130701425427057139E+01    0.131394525316159661E+04   -0.546840212794559477E+01   -0.717561142057785872E+01   -0.119845372542270852E+02   -0.383102726116479708E+01    0.445903495332217176E+03
    0.130197881162117968E+01    0.137725549770380758E+04   -0.513897261251155690E+01   -0.719382162073920295E+01   -0.994027735412398350E+01   -0.369864471715825083E+01    0.445904737018931542E+03
    0.130502282196723041E+01    0.135740644498705842E+04   -0.561777653011084155E+01   -0.717315472493012507E+01   -0.117039967515197407E+02   -0.388800377705010014E+01    0.445909347580507699E+03
    0.130443770903695366E+01    0.137385580866948158E+04   -0.574274352861559656E+01   -0.732086454250120156E+01   -0.109936523251710305E+02   -0.383057598666357535E+01    0.445910438171556677E+03
    0.130349046081625741E+01    0.135022707949082132E+04   -0.531939043490459174E+01   -0.688938437006698567E+01   -0.119472969108288449E+02   -0.367385087977123170E+01    0.445913173406208273E+03
    0.130548421189543906E+01    0.137836476711970136E+04   -0.552238467502952446E+01   -0.747288223250470729E+01   -0.103511248671025236E+02   -0.392562858164421691E+01    0.445916861516338145E+03
    0.130548421189543906E+01    0.137836476711970136E+04   -0.552238467502952446E+01   -0.747288223250470729E+01   -0.103511248671025236E+02   -0.392562858164421691E+01    0.445916861516338145E+03
    0.129993996540207291E+01    0.143629811165733895E+04   -0.527793137908526777E+01   -0.687831651427701729E+01   -0.107162501573023583E+02   -0.371669720191431630E+01    0.445918004360995155E+03
    0.129993996540207291E+01    0.143629811165733895E+04   -0.527793137908526777E+01   -0.687831651427701729E+01   -0.107162501573023583E+02   -0.371669720191431630E+01    0.445918004360995155E+03
    0.130355492470989032E+01    0.134196831586159669E+04   -0.526368034651625027E+01   -0.663703299166101424E+01   -0.109486987519939483E+02   -0.366682762684791719E+01    0.445919712304459608E+03
    0.130355492470989032E+01    0.134196831586159669E+04   -0.526368034651625027E+01   -0.663703299166101424E+01   -0.109486987519939483E+02   -0.366682762684791719E+01    0.445919712304459608E+03
    0.130007853524906891E+01    0.148185872557817015E+04   -0.573428216659946344E+01   -0.672394612138197978E+01   -0.100670806730721392E+02   -0.386010011564865430E+01    0.445921789580305017E+03
    0.130216375023323039E+01    0.142933620317790201E+04   -0.542156934404147872E+01   -0.667967027314411954E+01   -0.111432386534892078E+02   -0.385096083716049797E+01    0.445930655098430236E+03
    0.130177029916707987E+01    0.145358111271632151E+04   -0.560107351843771628E+01   -0.738920991641122260E+01   -0.117582133376023368E+02   -0.390830107932020354E+01    0.445931589363319119E+03
    0.130278186319076195E+01    0.138443168030631114E+04   -0.558881225727749253E+01   -0.713749423339843592E+01   -0.973430048292968664E+01   -0.381768279463697269E+01    0.445932266125945489E+03
    0.130293158121482455E+01    0.143765372922792585E+04   -0.588279765947558531E+01   -0.732240761510563676E+01   -0.110041914793811273E+02   -0.396493776791478503E+01    0.445932299108980715E+03
    0.130293158121482455E+01    0.143765372922792585E+04   -0.588279765947558531E+01   -0.732240761510563676E+01   -0.110041914793811273E+02   -0.396493776791478503E+01    0.445932299108980715E+03
    0.130248952695434328E+01    0.148249448398299296E+04   -0.604616800180086233E+01   -0.716401378969553626E+01   -0.101989680396970019E+02   -0.409851016789223266E+01    0.445935928268462362E+03
    0.130049078415647679E+01    0.134171616678846658E+04   -0.500439002671077482E+01   -0.648557590058702438E+01   -0.978265502192425629E+01   -0.346975555198474162E+01    0.445943084676538035E+03
    0.130125664984415601E+01    0.146619366837517100E+04   -0.554302412280213552E+01   -0.683097103835191888E+01   -0.110468497325353479E+02   -0.397237797762373646E+01    0.445943640941468573E+03
    0.130494078363122301E+01    0.131376899810022996E+04   -0.519525820692971418E+01   -0.687251219229331944E+01   -0.104864232585662318E+02   -0.369996918026741817E+01    0.445945373802540644E+03
    0.130035488237530439E+01    0.140607384724795520E+04   -0.554698823641798988E+01   -0.700244677884743272E+01   -0.944862662877956083E+01   -0.364774163245529692E+01    0.445950561638063164E+03
    0.129993875326075625E+01    0.147371115154586596E+04   -0.562536315782369911E+01   -0.724212785857340346E+01   -0.102272779362336284E+02   -0.387520270848639292E+01    0.445950941558239435E+03
    0.129993875326075625E+01    0.147371115154586596E+04   -0.562536315782369911E+01   -0.724212785857340346E+01   -0.102272779362336284E+02   -0.387520270848639292E+01    0.445950941558239435E+03
    0.129943740125614760E+01    0.150025793986429062E+04   -0.598868139655338627E+01   -0.684177853852892248E+01   -0.981923887177499921E+01   -0.391711844684390265E+01    0.445952172414259167E+03
    0.129943740125614760E+01    0.150025793986429062E+04   -0.598868139655338627E+01   -0.684177853852892248E+01   -0.981923887177499921E+01   -0.391711844684390265E+01    0.445952172414259167E+03
    0.130253324302006912E+01    0.145500072497869724E+04   -0.585990653824399210E+01   -0.723166682638839742E+01   -0.116767194808004522E+02   -0.399458923642630381E+01    0.445954394786666057E+03
    0.130253324302006912E+01    0.145500072497869724E+04   -0.585990653824399210E+01   -0.723166682638839742E+01   -0.116767194808004522E+02   -0.399458923642630381E+01    0.445954394786666057E+03
    0.130553990401164488E+01    0.146200749769709364E+04   -0.621065338670873679E+01   -0.771595549065411568E+01   -0.105240905805933700E+02   -0.419751224716594429E+01    0.445954589005051389E+03
    0.130553990401164488E+01    0.146200749769709364E+04   -0.621065338670873679E+01   -0.771595549065411568E+01   -0.105240905805933700E+02   -0.419751224716594429E+01    0.445954589005051389E+03
    0.130330109096661251E+01    0.143716390059496143E+04   -0.556424352146926271E+01   -0.687558180010166442E+01   -0.107477630997343017E+02   -0.394747324646668041E+01    0.445956505649407006E+03
    0.130330109096661251E+01    0.143716390059496143E+04   -0.556424352146926271E+01   -0.687558180010166442E+01   -0.107477630997343017E+02   -0.394747324646668041E+01    0.445956505649407006E+03
    0.130050222292637252E+01    0.142335321070624468E+04   -0.545229494127927961E+01   -0.698734838140062120E+01   -0.103974007549711462E+02   -0.371398407865221358E+01    0.445963536116048829E+03
    0.130196055432048330E+01    0.144458306805167194E+04   -0.526121363675381115E+01   -0.681620579407167693E+01   -0.111406745853877993E+02   -0.388416510050932473E+01    0.445966053071326769E+03
    0.130313673592659551E+01    0.140402788691607293E+04   -0.583780087438107653E+01   -0.697538767601122345E+01   -0.979123951677563298E+01   -0.389973170414064008E+01    0.445966630810167658E+03
    0.130313673592659551E+01    0.140402788691607293E+04   -0.583780087438107653E+01   -0.697538767601122345E+01   -0.979123951677563298E+01   -0.389973170414064008E+01    0.445966630810167658E+03
    0.130060603166887634E+01    0.134173899071214601E+04   -0.519132672712243703E+01   -0.644167339679405959E+01   -0.950668268182033671E+01   -0.347905546224545326E+01    0.445966735526389243E+03
    0.130060603166887634E+01    0.134173899071214601E+04   -0.519132672712243703E+01   -0.644167339679405959E+01   -0.950668268182033671E+01   -0.347905546224545326E+01    0.445966735526389243E+03
    0.129990565899599253E+01    0.153117481483672555E+04   -0.580326500189605898E+01   -0.717493987878967410E+01   -0.984602436898081024E+01   -0.399561026109206630E+01    0.445967562087383783E+03
    0.129990565899599253E+01    0.153117481483672555E+04   -0.580326500189605898E+01   -0.717493987878967410E+01   -0.984602436898081024E+01   -0.399561026109206630E+01    0.445967562087383783E+03
    0.130479143766454331E+01    0.132722994313291429E+04   -0.545415911118874952E+01   -0.688953053837561757E+01   -0.103821621548539227E+02   -0.369109409631061247E+01    0.445968329120866088E+03
    0.130269461969431100E+01    0.148595601144069974E+04   -0.565021730901903929E+01   -0.730578761810709132E+01   -0.118214416605154806E+02   -0.403111210375263163E+01    0.445969952669808720E+03
    0.130150158624233736E+01    0.135069687281578194E+04   -0.512467448767299238E+01   -0.673586534564699591E+01   -0.103619971892757103E+02   -0.358120586974243871E+01    0.445971295518056422E+03
    0.130150158624233736E+01    0.135069687281578194E+04   -0.512467448767299238E+01   -0.673586534564699591E+01   -0.103619971892757103E+02   -0.358120586974243871E+01    0.445971295518056422E+03
    0.130105461656074639E+01    0.145057019076569850E+04   -0.516570611981668293E+01   -0.707167206883706356E+01   -0.109335956464441413E+02   -0.388611657608927352E+01    0.445975396816483794E+03
    0.130520360372393851E+01    0.134665800070056048E+04   -0.552655165039316909E+01   -0.712721217867783352E+01   -0.100032625772776562E+02   -0.385771963247279359E+01    0.445979141798465434E+03
    0.130203215232108671E+01    0.149329555968377349E+04   -0.573290289097097006E+01   -0.759521288145857021E+01   -0.116492640054125740E+02   -0.404395014776659600E+01    0.445983443925795484E+03
    0.129939905853767002E+01    0.147557571983221783E+04   -0.561109595754448698E+01   -0.727218369635370188E+01   -0.958081050170873283E+01   -0.382512670350538819E+01    0.445984834957141572E+03
    0.130218315796563466E+01    0.149335612048209464E+04   -0.590358334211332547E+01   -0.712047513421749922E+01   -0.100164435332880597E+02   -0.402953623066786371E+01    0.445985940593376029E+03
    0.130503158775397421E+01    0.136923478836787945E+04   -0.572591524076812064E+01   -0.748084826950665782E+01   -0.101669533942516477E+02   -0.392400605809218739E+01    0.445985990174468157E+03
    0.130273746144960945E+01    0.144902875163820590E+04   -0.563287184934167318E+01   -0.715311192052072364E+01   -0.115546847980281235E+02   -0.402982182223320962E+01    0.445989806456406086E+03
    0.130273746144960945E+01    0.144902875163820590E+04   -0.563287184934167318E+01   -0.715311192052072364E+01   -0.115546847980281235E+02   -0.402982182223320962E+01    0.445989806456406086E+03
    0.130251339319773107E+01    0.144696117936052087E+04   -0.594277157005211354E+01   -0.746328505423333954E+01   -0.103494915964659846E+02   -0.394336300280495067E+01    0.445992080076698244E+03
    0.130391105688538156E+01    0.134627982436793309E+04   -0.529684835014512956E+01   -0.666406669371119342E+01   -0.108429481873728477E+02   -0.371786834757780227E+01    0.445993526425131222E+03
    0.130226933406578960E+01    0.135709478702957813E+04   -0.569529775791121828E+01   -0.702454162137700688E+01   -0.941475911936373322E+01   -0.365490956039581683E+01    0.445996787933805820E+03
    0.130494320219400461E+01    0.131170051810782593E+04   -0.544257247270791922E+01   -0.687222070239801219E+01   -0.102893193518795574E+02   -0.370191846555028192E+01    0.445998133394258502E+03
    0.130567385600305852E+01    0.133810522103398262E+04   -0.541148446527625904E+01   -0.722170728316700927E+01   -0.101543924407704420E+02   -0.383256488946040363E+01    0.446000719740462330E+03
    0.130287331688840102E+01    0.137001644989495890E+04   -0.573057295022174884E+01   -0.685827793527984486E+01   -0.100899574535611283E+02   -0.372205484363460215E+01    0.446001141090757130E+03
    0.130201187962318277E+01    0.153406289683854379E+04   -0.583814540556339878E+01   -0.733129105666224845E+01   -0.104237338096068974E+02   -0.419727444940896977E+01    0.446002073351425054E+03
    0.130476403479025360E+01    0.146256388728544243E+04   -0.609346237512388100E+01   -0.778445924609393991E+01   -0.105436038243167349E+02   -0.416774459064836655E+01    0.446003908364968254E+03
    0.130090890678677584E+01    0.143560852338193990E+04   -0.522545560366413042E+01   -0.727368535981384312E+01   -0.104485200103400988E+02   -0.381523058243615942E+01    0.446004093969060136E+03
    0.130463227651936320E+01    0.148160362909368177E+04   -0.624725270869704818E+01   -0.754997292875258186E+01   -0.107087361689067606E+02   -0.417501550421454581E+01    0.446005859656533232E+03
    0.130463227651936320E+01    0.148160362909368177E+04   -0.624725270869704818E+01   -0.754997292875258186E+01   -0.107087361689067606E+02   -0.417501550421454581E+01    0.446005859656533232E+03
    0.130715388469412797E+01    0.135911851544139290E+04   -0.592005994780886091E+01   -0.753041169205652405E+01   -0.110699391161858500E+02   -0.400151332458866626E+01    0.446006650280518841E+03
    0.130715388469412797E+01    0.135911851544139290E+04   -0.592005994780886091E+01   -0.753041169205652405E+01   -0.110699391161858500E+02   -0.400151332458866626E+01    0.446006650280518841E+03
    0.130217915992203848E+01    0.148396890020395426E+04   -0.585048376408603055E+01   -0.698643901969180803E+01   -0.110555693060799243E+02   -0.399795202572212460E+01    0.446008012038197307E+03
    0.130217915992203848E+01    0.148396890020395426E+04   -0.585048376408603055E+01   -0.698643901969180803E+01   -0.110555693060799243E+02   -0.399795202572212460E+01    0.446008012038197307E+03
    0.130487827400617973E+01    0.145025999756183569E+04   -0.585393974217667790E+01   -0.749603925959333406E+01   -0.103249306587314411E+02   -0.415009660472734687E+01    0.446011026886297770E+03
    0.130143293845819175E+01    0.152114143431033563E+04   -0.552751377028771174E+01   -0.726811144656850949E+01   -0.107542412090683133E+02   -0.411541142022039708E+01    0.446011586469266945E+03
    0.130486746785561003E+01    0.140279605452780925E+04   -0.586743119174034877E+01   -0.704603500287849460E+01   -0.109193398711136780E+02   -0.401389693337546749E+01    0.446014844517568122E+03
    0.130262781155104235E+01    0.142449112627163913E+04   -0.602108880481991893E+01   -0.704062790172248310E+01   -0.963699262840526316E+01   -0.386779020000302509E+01    0.446015755638321821E+03
    0.130262781155104235E+01    0.142449112627163913E+04   -0.602108880481991893E+01   -0.704062790172248310E+01   -0.963699262840526316E+01   -0.386779020000302509E+01    0.446015755638321821E+03
    0.130338976709193610E+01    0.141433165035937964E+04   -0.576510727231725895E+01   -0.710695315090540891E+01   -0.116685095227499165E+02   -0.387657731163209718E+01    0.446015817592674239E+03
    0.130338976709193610E+01    0.141433165035937964E+04   -0.576510727231725895E+01   -0.710695315090540891E+01   -0.116685095227499165E+02   -0.387657731163209718E+01    0.446015817592674239E+03
    0.130096780885159080E+01    0.150497671270305204E+04   -0.541831321482284789E+01   -0.727492353380871304E+01   -0.108868017261285157E+02   -0.404310516399971043E+01    0.446019980081015262E+03
    0.130096780885159080E+01    0.150497671270305204E+04   -0.541831321482284789E+01   -0.727492353380871304E+01   -0.108868017261285157E+02   -0.404310516399971043E+01    0.446019980081015262E+03
    0.130362402774801800E+01    0.146015446620661464E+04   -0.563290549656708261E+01   -0.745448242795307170E+01   -0.117296239426912745E+02   -0.411501599253913852E+01    0.446020810110452885E+03
    0.130230855999265849E+01    0.152519673660825038E+04   -0.600064383052918071E+01   -0.762880583320287542E+01   -0.107919071518081537E+02   -0.415044804343215823E+01    0.446021934580461448E+03
    0.129933973308589579E+01    0.141478544634823561E+04   -0.531176930553725768E+01   -0.667708169948908292E+01   -0.100993629843501793E+02   -0.362692697495026728E+01    0.446022448562631496E+03
    0.129933973308589579E+01    0.141478544634823561E+04   -0.531176930553725768E+01   -0.667708169948908292E+01   -0.100993629843501793E+02   -0.362692697495026728E+01    0.446022448562631496E+03
    0.129919118646093001E+01    0.138452042821220903E+04   -0.518474553297137497E+01   -0.676130339979665429E+01   -0.958120883554031977E+01   -0.350152859301092789E+01    0.446022729347294899E+03
    0.129919118646093001E+01    0.138452042821220903E+04   -0.518474553297137497E+01   -0.676130339979665429E+01   -0.958120883554031977E+01   -0.350152859301092789E+01    0.446022729347294899E+03
    0.130223320224445693E+01    0.135557754329597992E+04   -0.511210388106774882E+01   -0.667741016765297868E+01   -0.111006069283779212E+02   -0.366166098654022321E+01    0.446025211376131494E+03
    0.130223320224445693E+01    0.135557754329597992E+04   -0.511210388106774882E+01   -0.667741016765297868E+01   -0.111006069283779212E+02   -0.366166098654022321E+01    0.446025211376131494E+03
    0.130139804075429932E+01    0.147824123843903294E+04   -0.568348767451625037E+01   -0.728819231309244930E+01   -0.100396968137974785E+02   -0.392079257631174194E+01    0.446025859967200176E+03
    0.130136106511777738E+01    0.153492736636180962E+04   -0.611781355955152240E+01   -0.738737502704647042E+01   -0.105763137779242022E+02   -0.413541200312378354E+01    0.446029571363517391E+03
    0.130136106511777738E+01    0.153492736636180962E+04   -0.611781355955152240E+01   -0.738737502704647042E+01   -0.105763137779242022E+02   -0.413541200312378354E+01    0.446029571363517391E+03
    0.130235149963829944E+01    0.146410206005532837E+04   -0.598503956011390681E+01   -0.757145788480149040E+01   -0.102528993640471811E+02   -0.397881459559487283E+01    0.446032902072630179E+03
    0.130235149963829944E+01    0.146410206005532837E+04   -0.598503956011390681E+01   -0.757145788480149040E+01   -0.102528993640471811E+02   -0.397881459559487283E+01    0.446032902072630179E+03
    0.130600831687131835E+01    0.131958756936715281E+04   -0.542319675279683988E+01   -0.707268603118982053E+01   -0.104158782102123872E+02   -0.376603042718395287E+01    0.446033610535923458E+03
    0.130384145737544710E+01    0.149901584447898472E+04   -0.615819017139472891E+01   -0.767584378116888999E+01   -0.102555550995976574E+02   -0.418191132267674881E+01    0.446037407653535865E+03
    0.130200278632660993E+01    0.141819436162826651E+04   -0.536380593739221023E+01   -0.741982793968039100E+01   -0.105467173991516212E+02   -0.382234069038561053E+01    0.446037689679062964E+03
    0.130123471168721050E+01    0.140897832804138238E+04   -0.530597422254704920E+01   -0.699731300453469629E+01   -0.964182168303969611E+01   -0.372073445571248840E+01    0.446039057560736524E+03
    0.129979461186136191E+01    0.154842267992054758E+04   -0.559837179979283928E+01   -0.727912346817025391E+01   -0.103020841301529718E+02   -0.408389071680085891E+01    0.446044164246529306E+03
    0.130172562540135317E+01    0.145176440773878176E+04   -0.604311232722800984E+01   -0.702277474108948763E+01   -0.101163496230153225E+02   -0.390172393657970495E+01    0.446045458581982814E+03
    0.130388370141287480E+01    0.149253514899619472E+04   -0.612985005399182459E+01   -0.729311328572762640E+01   -0.118911066212836101E+02   -0.416774372936970217E+01    0.446050475574665143E+03
    0.130075423723156369E+01    0.138722222480565142E+04   -0.503767263956511613E+01   -0.670125608281868068E+01   -0.996467049053490683E+01   -0.367175015011325101E+01    0.446055790460470234E+03
    0.130301625778853802E+01    0.132184861562381093E+04   -0.542663794769823049E+01   -0.699226404767394971E+01   -0.959433597631335111E+01   -0.358221178165686460E+01    0.446057503611065783E+03
    0.130301625778853802E+01    0.132184861562381093E+04   -0.542663794769823049E+01   -0.699226404767394971E+01   -0.959433597631335111E+01   -0.358221178165686460E+01    0.446057503611065783E+03
    0.130546999271719333E+01    0.136295291419902492E+04   -0.570923651401397070E+01   -0.696470454049004406E+01   -0.119280550942449146E+02   -0.390861547535435960E+01    0.446058397864001051E+03
    0.130539159158281315E+01    0.146291778606310686E+04   -0.619577277454995823E+01   -0.751126340777264545E+01   -0.112680273421505319E+02   -0.420656524149281807E+01    0.446060868464070438E+03
    0.130539159158281315E+01    0.146291778606310686E+04   -0.619577277454995823E+01   -0.751126340777264545E+01   -0.112680273421505319E+02   -0.420656524149281807E+01    0.446060868464070438E+03
    0.129755453696987444E+01    0.145926672200042458E+04   -0.553942154905402351E+01   -0.681904262458617794E+01   -0.935571907138567660E+01   -0.367121710065850060E+01    0.446061228262986958E+03
    0.130412403587078307E+01    0.136058083028918804E+04   -0.532330317739278502E+01   -0.694611923207695092E+01   -0.109953072123304381E+02   -0.374367960567135150E+01    0.446061936117970276E+03
    0.130412403587078307E+01    0.136058083028918804E+04   -0.532330317739278502E+01   -0.694611923207695092E+01   -0.109953072123304381E+02   -0.374367960567135150E+01    0.446061936117970276E+03
    0.130654428332088424E+01    0.132412834870050006E+04   -0.554619599667646135E+01   -0.716152740085934347E+01   -0.114419883924185353E+02   -0.386584471262170304E+01    0.446062663582779919E+03
    0.130654428332088424E+01    0.132412834870050006E+04   -0.554619599667646135E+01   -0.716152740085934347E+01   -0.114419883924185353E+02   -0.386584471262170304E+01    0.446062663582779919E+03
    0.130234999407177243E+01    0.139634426851986609E+04   -0.537838693777485943E+01   -0.659461578578109719E+01   -0.104961073102251596E+02   -0.377789723925441656E+01    0.446066027560752445E+03
    0.130551706884498397E+01    0.140810733866110104E+04   -0.589029190027704352E+01   -0.743850962110581637E+01   -0.104249339765937545E+02   -0.409019377096165293E+01    0.446066282373413287E+03
    0.130430353663151788E+01    0.138984509182837792E+04   -0.533250885884192449E+01   -0.699144882970357351E+01   -0.109280761633693544E+02   -0.387514665185863905E+01    0.446066946516150324E+03
    0.130321882636928743E+01    0.131846213413275655E+04   -0.515079956856283161E+01   -0.662284593728193727E+01   -0.996004229526002405E+01   -0.357110042415903450E+01    0.446067001272751838E+03
    0.130321882636928743E+01    0.131846213413275655E+04   -0.515079956856283161E+01   -0.662284593728193727E+01   -0.996004229526002405E+01   -0.357110042415903450E+01    0.446067001272751838E+03
    0.130282137018506616E+01    0.145650996435702746E+04   -0.543854269777972021E+01   -0.735665091495382661E+01   -0.110346355751549901E+02   -0.404220839979544166E+01    0.446067458439467885E+03
    0.130360012298237926E+01    0.139570185722016913E+04   -0.569206379264384399E+01   -0.687659760713270352E+01   -0.117221123441552013E+02   -0.387705226945966608E+01    0.446068331565658809E+03
    0.130360012298237926E+01    0.139570185722016913E+04   -0.569206379264384399E+01   -0.687659760713270352E+01   -0.117221123441552013E+02   -0.387705226945966608E+01    0.446068331565658809E+03
    0.130190658209465737E+01    0.145027402140188451E+04   -0.535904149426938492E+01   -0.676933864441298727E+01   -0.110397233759570295E+02   -0.394336212120661855E+01    0.446068360889652013E+03
    0.130605112174950944E+01    0.136365160718819834E+04   -0.583329758251110864E+01   -0.746974012091303141E+01   -0.999696383795214594E+01   -0.393586545147974753E+01    0.446068678810279721E+03
    0.130378973054152980E+01    0.145956875106223174E+04   -0.613583089578343710E+01   -0.740955333756954904E+01   -0.108497895640939817E+02   -0.408241101875648482E+01    0.446069372181468793E+03
    0.130249402144008042E+01    0.139651087846617384E+04   -0.563517138130446416E+01   -0.667991365725328734E+01   -0.102168139110917906E+02   -0.378144711492500285E+01    0.446070884889258934E+03
    0.129940707249198240E+01    0.151909024211003907E+04   -0.532234528894528047E+01   -0.696241979385198029E+01   -0.114391322425576902E+02   -0.397124241540781675E+01    0.446073413121957799E+03
    0.130629988445499445E+01    0.142395260521985279E+04   -0.612884871074458459E+01   -0.741448791874824309E+01   -0.110987451670655641E+02   -0.413774603911736882E+01    0.446075590423439280E+03
    0.130629988445499445E+01    0.142395260521985279E+04   -0.612884871074458459E+01   -0.741448791874824309E+01   -0.110987451670655641E+02   -0.413774603911736882E+01    0.446075590423439280E+03
    0.130457745716978391E+01    0.131526548058553863E+04   -0.515340621694891521E+01   -0.694279215193227373E+01   -0.117023052000757275E+02   -0.367862941347145167E+01    0.446078007389887489E+03
    0.130427613804258757E+01    0.140449093606233646E+04   -0.574948633433886602E+01   -0.767110187719498526E+01   -0.105578129334480231E+02   -0.394861141372078173E+01    0.446078614652287342E+03
    0.129982278343543523E+01    0.138901193447827450E+04   -0.547017347933386588E+01   -0.654069035377313934E+01   -0.948395056916866608E+01   -0.356661931958436718E+01    0.446082611640429889E+03
    0.130265538856060137E+01    0.155288638253261502E+04   -0.593127870919683797E+01   -0.759429953427382376E+01   -0.113855693606723101E+02   -0.426274235610798335E+01    0.446085364515795050E+03
    0.130546265188217858E+01    0.135175205612774948E+04   -0.557531951452083430E+01   -0.729202326629402009E+01   -0.113846530098654259E+02   -0.389621551650398068E+01    0.446087496751476010E+03
    0.130085222843311055E+01    0.144053741280150234E+04   -0.567917664652387177E+01   -0.717688404434691929E+01   -0.102586664556640841E+02   -0.382300857513903480E+01    0.446089158282604615E+03
    0.130567279976497352E+01    0.135768932043188829E+04   -0.532512768359346023E+01   -0.727633983151345021E+01   -0.117957108748373969E+02   -0.390533577368635498E+01    0.446089689656020539E+03
    0.130567279976497352E+01    0.135768932043188829E+04   -0.532512768359346023E+01   -0.727633983151345021E+01   -0.117957108748373969E+02   -0.390533577368635498E+01    0.446089689656020539E+03
    0.130177343149587177E+01    0.152368415502063885E+04   -0.599703068502814229E+01   -0.728752843334476097E+01   -0.997380830318418177E+01   -0.410882483310247970E+01    0.446090968953856816E+03
    0.130300334568529164E+01    0.140251369513751433E+04   -0.518662901302869450E+01   -0.692679068819016575E+01   -0.111251929193216306E+02   -0.382553249504960391E+01    0.446093160117371099E+03
    0.130300334568529164E+01    0.140251369513751433E+04   -0.518662901302869450E+01   -0.692679068819016575E+01   -0.111251929193216306E+02   -0.382553249504960391E+01    0.446093160117371099E+03
    0.130277100915615462E+01    0.152973460753420363E+04   -0.594719394039254379E+01   -0.744960379056742461E+01   -0.111387079755811182E+02   -0.424243860979813103E+01    0.446093664833754474E+03
    0.130650743959314930E+01    0.139217973312884556E+04   -0.601527179741044726E+01   -0.738591626460225559E+01   -0.116022880656438776E+02   -0.407814001406643811E+01    0.446096096454128258E+03
    0.130378046894387589E+01    0.137037839822258388E+04   -0.575778791111747879E+01   -0.682878390146203884E+01   -0.102452938957269790E+02   -0.378669774652705016E+01    0.446096226610726262E+03
    0.130383556718479254E+01    0.133732002590090997E+04   -0.518490674449488687E+01   -0.676702900320346412E+01   -0.111873080882275371E+02   -0.371637789542461228E+01    0.446097157273183882E+03
    0.130029915604616342E+01    0.138520927019798592E+04   -0.501291381247847045E+01   -0.658506994154009728E+01   -0.103619607338454696E+02   -0.359775166524808654E+01    0.446103789390694317E+03
    0.130029915604616342E+01    0.138520927019798592E+04   -0.501291381247847045E+01   -0.658506994154009728E+01   -0.103619607338454696E+02   -0.359775166524808654E+01    0.446103789390694317E+03
    0.130035092681024045E+01    0.147213979603641178E+04   -0.524792512936188604E+01   -0.691732292445319086E+01   -0.105099011965915139E+02   -0.384702004432858580E+01    0.446108816892613277E+03
    0.130035092681024045E+01    0.147213979603641178E+04   -0.524792512936188604E+01   -0.691732292445319086E+01   -0.105099011965915139E+02   -0.384702004432858580E+01    0.446108816892613277E+03
    0.130485325234232241E+01    0.138299076900259865E+04   -0.555728708343677624E+01   -0.735606188579656362E+01   -0.116091612449835466E+02   -0.396171003665707389E+01    0.446109116173211703E+03
    0.130153060784607844E+01    0.142828975484117359E+04   -0.513546945930813781E+01   -0.678301819912659454E+01   -0.109978391342756616E+02   -0.382802839749079382E+01    0.446109409960924324E+03
    0.130153060784607844E+01    0.142828975484117359E+04   -0.513546945930813781E+01   -0.678301819912659454E+01   -0.109978391342756616E+02   -0.382802839749079382E+01    0.446109409960924324E+03
    0.130546828979936080E+01    0.137022557391626697E+04   -0.556636959883593985E+01   -0.735716209046069203E+01   -0.118962520916686643E+02   -0.387301367531171437E+01    0.446109420412421684E+03
    0.130546828979936080E+01    0.137022557391626697E+04   -0.556636959883593985E+01   -0.735716209046069203E+01   -0.118962520916686643E+02   -0.387301367531171437E+01    0.446109420412421684E+03
    0.130252856877204848E+01    0.147771198480942985E+04   -0.568541291700737617E+01   -0.706137447035128751E+01   -0.108501618469187626E+02   -0.409505010610901987E+01    0.446111024030749377E+03
    0.130354482518691817E+01    0.137211180219632865E+04   -0.520714980899589008E+01   -0.678411452141441806E+01   -0.105085405446185778E+02   -0.379297788074289954E+01    0.446111088987340963E+03
    0.130304028789300008E+01    0.135292743920043495E+04   -0.571804806252463571E+01   -0.701723333483203771E+01   -0.974191072716977047E+01   -0.370390241517332441E+01    0.446111657931988645E+03
    0.130297480718870951E+01    0.131196471747536907E+04   -0.506757792979418920E+01   -0.674902410767549199E+01   -0.990401729620803373E+01   -0.353069443455165022E+01    0.446115702737422339E+03
    0.130483043597941828E+01    0.139426681715830910E+04   -0.579479347494636343E+01   -0.736127657700105331E+01   -0.116095826831155993E+02   -0.390871848115611087E+01    0.446116841738191795E+03
    0.129959243418622927E+01    0.151012811637423465E+04   -0.593817174792420843E+01   -0.723194237880880131E+01   -0.996904066786227538E+01   -0.395663241226829854E+01    0.446120913957904577E+03
    0.130432620592134141E+01    0.138909146642149244E+04   -0.550276672636291231E+01   -0.715023240960447648E+01   -0.112418443095322367E+02   -0.395357920430913978E+01    0.446122484628597022E+03
    0.129895742795843150E+01    0.142533390389078772E+04   -0.524812158746342394E+01   -0.653850116693290673E+01   -0.947084344714346749E+01   -0.364539708584300293E+01    0.446123785195102471E+03
    0.130322896480498240E+01    0.144717860985240031E+04   -0.549643865601577719E+01   -0.716007914997463235E+01   -0.106333893356379026E+02   -0.396204244491855917E+01    0.446123796855794581E+03
    0.130457052147087227E+01    0.133285341580454542E+04   -0.547542891337514259E+01   -0.727840742174056921E+01   -0.995570632080996276E+01   -0.369587411245757558E+01    0.446123873897477836E+03
    0.130130868437216796E+01    0.143623496918390765E+04   -0.543407254991852628E+01   -0.696179949597008285E+01   -0.108881100579044023E+02   -0.379381150793131994E+01    0.446125074450519435E+03
    0.130188596839921744E+01    0.149646816328654995E+04   -0.606239615018027234E+01   -0.720044749357008573E+01   -0.105224171777356403E+02   -0.408160211003454521E+01    0.446129232737012160E+03
    0.130188596839921744E+01    0.149646816328654995E+04   -0.606239615018027234E+01   -0.720044749357008573E+01   -0.105224171777356403E+02   -0.408160211003454521E+01    0.446129232737012160E+03
    0.129956671199283647E+01    0.148598319549080179E+04   -0.539533801937638646E+01   -0.722884683519664595E+01   -0.101097538272533161E+02   -0.384919010780651760E+01    0.446132266358880770E+03
    0.130140760096442998E+01    0.137223640076019956E+04   -0.523421522795841998E+01   -0.691130552021763656E+01   -0.104646825576894997E+02   -0.363953239464845524E+01    0.446132760273621159E+03
    0.130140760096442998E+01    0.137223640076019956E+04   -0.523421522795841998E+01   -0.691130552021763656E+01   -0.104646825576894997E+02   -0.363953239464845524E+01    0.446132760273621159E+03
    0.130060363718681038E+01    0.141535945925567148E+04   -0.504780321957953682E+01   -0.683699103307059719E+01   -0.100632052037496269E+02   -0.372578328035407935E+01    0.446132906129389198E+03
    0.130119051887333792E+01    0.148600274367731004E+04   -0.578652564063780250E+01   -0.731010603238543588E+01   -0.102286269578274194E+02   -0.393562761455330090E+01    0.446136406765020354E+03
    0.130407847402609667E+01    0.148907400688392636E+04   -0.601830429621032348E+01   -0.720089331676585154E+01   -0.115997714314525151E+02   -0.416828153842605964E+01    0.446137891510625934E+03
    0.130520209609771931E+01    0.137422402228628516E+04   -0.603965263955643827E+01   -0.728863190370944203E+01   -0.998553864844662620E+01   -0.392847895618784548E+01    0.446139594399777877E+03
    0.129977354372232190E+01    0.146530375275680944E+04   -0.577924417252458333E+01   -0.681709388356435841E+01   -0.993170018007813127E+01   -0.385365334969102946E+01    0.446144523443712217E+03
    0.130188784791056644E+01    0.142506130083229164E+04   -0.524514693189940306E+01   -0.694879733901202190E+01   -0.113967343665630363E+02   -0.380600121560342153E+01    0.446146794344791772E+03
    0.130302314405459363E+01    0.140854392388840529E+04   -0.594953057479594261E+01   -0.699184553555245980E+01   -0.978129179880713728E+01   -0.384232836392227917E+01    0.446147137784427628E+03
    0.130239427672575059E+01    0.144762327331756774E+04   -0.559330669510690370E+01   -0.747660063029681243E+01   -0.115177607637095196E+02   -0.396173210215457772E+01    0.446147400361147731E+03
    0.130328728304244246E+01    0.136788234151033248E+04   -0.546245163520008781E+01   -0.684369161009530824E+01   -0.106178307150098696E+02   -0.379801156000770135E+01    0.446148900533767289E+03
    0.130328728304244246E+01    0.136788234151033248E+04   -0.546245163520008781E+01   -0.684369161009530824E+01   -0.106178307150098696E+02   -0.379801156000770135E+01    0.446148900533767289E+03
    0.130076959931450853E+01    0.144165150136817510E+04   -0.540452530862215852E+01   -0.670458079036459420E+01   -0.112918234773720005E+02   -0.384143492096608874E+01    0.446150150465185789E+03
    0.130041698898546398E+01    0.151306845333303863E+04   -0.560349036677408208E+01   -0.697339190201823023E+01   -0.107890699294606414E+02   -0.396131131891781330E+01    0.446152135140466612E+03
    0.130001270048959960E+01    0.144610939809195997E+04   -0.557240327419837023E+01   -0.686826550865164176E+01   -0.954307722196594810E+01   -0.375103401014858129E+01    0.446152608449370803E+03
    0.130001270048959960E+01    0.144610939809195997E+04   -0.557240327419837023E+01   -0.686826550865164176E+01   -0.954307722196594810E+01   -0.375103401014858129E+01    0.446152608449370803E+03
    0.129863609495626253E+01    0.140552084110070518E+04   -0.509984519507791489E+01   -0.651328283139019693E+01   -0.960773534567383791E+01   -0.353924401527584109E+01    0.446153198341594418E+03
    0.130310308658915996E+01    0.138570097279299330E+04   -0.539383375149756361E+01   -0.707689450317895563E+01   -0.113235666262957348E+02   -0.376124054246498751E+01    0.446153815638789524E+03
    0.130090678238723800E+01    0.155960325265342181E+04   -0.585147107538281208E+01   -0.745644336106487682E+01   -0.107766783204255905E+02   -0.418557508558483438E+01    0.446156143527466952E+03
    0.130336007526651199E+01    0.152175211339707380E+04   -0.586613345375271145E+01   -0.768436445295852621E+01   -0.110424282767253317E+02   -0.421380737956120655E+01    0.446157079906505885E+03
    0.130443988871534411E+01    0.131865659507642977E+04   -0.539923596168334807E+01   -0.686662286047805548E+01   -0.985244294436921209E+01   -0.368882222731049936E+01    0.446157875121771212E+03
    0.130443988871534411E+01    0.131865659507642977E+04   -0.539923596168334807E+01   -0.686662286047805548E+01   -0.985244294436921209E+01   -0.368882222731049936E+01    0.446157875121771212E+03
    0.130395817619278165E+01    0.139747886580034719E+04   -0.529840865751405055E+01   -0.698616148852612540E+01   -0.113051269052958165E+02   -0.392519389395884133E+01    0.446160743830984586E+03
    0.130067148641408825E+01    0.140939277472911544E+04   -0.572504714283521388E+01   -0.675703619773795960E+01   -0.943572365563301041E+01   -0.369586031468820764E+01    0.446160750920845942E+03
    0.130286790610714798E+01    0.143771482521900725E+04   -0.545707096493493804E+01   -0.753158947830219550E+01   -0.111210188273791299E+02   -0.396868695248778813E+01    0.446161314201689947E+03
    0.130450776861169460E+01    0.143925007356545416E+04   -0.590462268032989712E+01   -0.740005354319611008E+01   -0.109596201691567448E+02   -0.401661185751764105E+01    0.446163362712604453E+03
    0.130464164619960199E+01    0.135279114302925382E+04   -0.567368228171320421E+01   -0.685516626960703146E+01   -0.105945115929605205E+02   -0.379768645039745323E+01    0.446166879719729309E+03
    0.130464164619960199E+01    0.135279114302925382E+04   -0.567368228171320421E+01   -0.685516626960703146E+01   -0.105945115929605205E+02   -0.379768645039745323E+01    0.446166879719729309E+03
    0.130178712639801009E+01    0.151767850504352782E+04   -0.600073661557219840E+01   -0.747256802949725341E+01   -0.108539916032232249E+02   -0.410712673027240349E+01    0.446167284023242019E+03
    0.130541299660870047E+01    0.144383432015929657E+04   -0.620454234725497855E+01   -0.739869792382795932E+01   -0.107802332584646710E+02   -0.414714164146543407E+01    0.446167666523096727E+03
    0.130102479892923095E+01    0.141926709335310306E+04   -0.513275381171527378E+01   -0.690274571439592144E+01   -0.109352921789702968E+02   -0.379589938250644998E+01    0.446169685057651066E+03
    0.129999884983686864E+01    0.150756024172540810E+04   -0.578011249662679383E+01   -0.688544262218992831E+01   -0.105110111911680875E+02   -0.394585530378864568E+01    0.446170551061165440E+03
    0.130393652056354092E+01    0.135038628557293259E+04   -0.539250239162579703E+01   -0.670557910723323491E+01   -0.109291967193872637E+02   -0.372903646514622267E+01    0.446171791695804302E+03
    0.130403354615903821E+01    0.136681386945416739E+04   -0.517737360484640163E+01   -0.723650354093555048E+01   -0.114924184744050670E+02   -0.381110429337609524E+01    0.446172141294187099E+03
    0.130276678534977708E+01    0.147180131897091724E+04   -0.562693854486659628E+01   -0.706012329260499172E+01   -0.119309353845779302E+02   -0.408777274075363728E+01    0.446172815035289034E+03
    0.129899019731225640E+01    0.151789794239588855E+04   -0.539480052032351765E+01   -0.692804707392595720E+01   -0.101533752925132994E+02   -0.395496485023143407E+01    0.446174307575612715E+03
    0.129821901333379919E+01    0.143250078806360762E+04   -0.508869975967313515E+01   -0.644146250246723540E+01   -0.971301973186866974E+01   -0.361908342991569576E+01    0.446177385518209576E+03
    0.130587886995370606E+01    0.130964286960062054E+04   -0.553353231804801737E+01   -0.706275246584553784E+01   -0.103019343074072030E+02   -0.375868522174376452E+01    0.446178612765855632E+03
    0.130492954539697226E+01    0.132557294066874147E+04   -0.518634337774742349E+01   -0.692115367062823328E+01   -0.116964421404733923E+02   -0.373737966951495082E+01    0.446178968940762275E+03
    0.130492954539697226E+01    0.132557294066874147E+04   -0.518634337774742349E+01   -0.692115367062823328E+01   -0.116964421404733923E+02   -0.373737966951495082E+01    0.446178968940762275E+03
    0.130260627019351216E+01    0.146400815492411948E+04   -0.565531400664241968E+01   -0.683536999472675255E+01   -0.110031345974195087E+02   -0.398523905306987380E+01    0.446179541761610153E+03
    0.130119928917893302E+01    0.144374281104481179E+04   -0.557705920686486234E+01   -0.664530651268987871E+01   -0.102260690596662442E+02   -0.387414549112497397E+01    0.446180501522290967E+03
    0.130350925017949826E+01    0.138790364496806160E+04   -0.521838823773238403E+01   -0.686290145188687983E+01   -0.113232677029703730E+02   -0.385540663166556818E+01    0.446180758489953178E+03
    0.130350925017949826E+01    0.138790364496806160E+04   -0.521838823773238403E+01   -0.686290145188687983E+01   -0.113232677029703730E+02   -0.385540663166556818E+01    0.446180758489953178E+03
    0.130381329238707688E+01    0.151847313913191510E+04   -0.596735504721751830E+01   -0.744734093591834245E+01   -0.110908323247023919E+02   -0.422679205964034121E+01    0.446181391715146219E+03
    0.130381329238707688E+01    0.151847313913191510E+04   -0.596735504721751830E+01   -0.744734093591834245E+01   -0.110908323247023919E+02   -0.422679205964034121E+01    0.446181391715146219E+03
    0.129873019413286528E+01    0.147982195875397338E+04   -0.535212620066207556E+01   -0.678922396849161291E+01   -0.102755097406389027E+02   -0.383242404621387678E+01    0.446181843565760119E+03
    0.129873019413286528E+01    0.147982195875397338E+04   -0.535212620066207556E+01   -0.678922396849161291E+01   -0.102755097406389027E+02   -0.383242404621387678E+01    0.446181843565760119E+03
    0.130539105880257544E+01    0.131980619213056752E+04   -0.548873633303564912E+01   -0.733043720834443313E+01   -0.103037912953000124E+02   -0.373852538598340089E+01    0.446183244373368666E+03
    0.130030561606107753E+01    0.141185541450930509E+04   -0.547737836440909120E+01   -0.682392106820834243E+01   -0.993492480641101317E+01   -0.365511232498525374E+01    0.446184144266747978E+03
    0.130030561606107753E+01    0.141185541450930509E+04   -0.547737836440909120E+01   -0.682392106820834243E+01   -0.993492480641101317E+01   -0.365511232498525374E+01    0.446184144266747978E+03
    0.130524094382511335E+01    0.134943233236652395E+04   -0.573586027190217074E+01   -0.742076878929852057E+01   -0.103978745782863093E+02   -0.384542095414196439E+01    0.446185384854750282E+03
    0.130076172941525559E+01    0.141274388689828174E+04   -0.510566074894179867E+01   -0.677030425514472345E+01   -0.105502459695671256E+02   -0.375402339146931752E+01    0.446187354441474440E+03
    0.130115562264646911E+01    0.149423763642477456E+04   -0.538019302577283565E+01   -0.718070036624449060E+01   -0.108361356771442328E+02   -0.396700924828596158E+01    0.446190062668654718E+03
    0.129959768290709987E+01    0.139041535500762870E+04   -0.546123386616694617E+01   -0.678132473039987005E+01   -0.951746803973746935E+01   -0.357166595558309297E+01    0.446195700689964838E+03
    0.130451255678742872E+01    0.146801472170472266E+04   -0.581659867858267887E+01   -0.720877107885455626E+01   -0.115724139292993620E+02   -0.417879926232940591E+01    0.446201140289169018E+03
    0.130451255678742872E+01    0.146801472170472266E+04   -0.581659867858267887E+01   -0.720877107885455626E+01   -0.115724139292993620E+02   -0.417879926232940591E+01    0.446201140289169018E+03
    0.130297138336265084E+01    0.144188295243021275E+04   -0.598798131536849176E+01   -0.746931292833909311E+01   -0.101078565975093824E+02   -0.393079183565101253E+01    0.446201473965553987E+03
    0.130174166438930139E+01    0.145988369617413127E+04   -0.571824998042722932E+01   -0.730294496181538921E+01   -0.109777060827126132E+02   -0.395930051782991832E+01    0.446201579359737366E+03
    0.130369299453445620E+01    0.136685128498070617E+04   -0.553886567132952923E+01   -0.740054979739203578E+01   -0.994842480621063352E+01   -0.375728098630551877E+01    0.446205238428783673E+03
    0.130447757027453037E+01    0.137095008891498787E+04   -0.582469867802985508E+01   -0.741167851937373179E+01   -0.990592689322648035E+01   -0.382038950709284286E+01    0.446208590007274324E+03
    0.130408372673689388E+01    0.143141911791345274E+04   -0.569992563248927020E+01   -0.743694186798338741E+01   -0.999796627680848005E+01   -0.401697246234333782E+01    0.446219036680559896E+03
    0.130201865081912338E+01    0.152531817498641658E+04   -0.565510887928120187E+01   -0.718395518157517188E+01   -0.112890847975226745E+02   -0.413208494167835383E+01    0.446220060457795512E+03
    0.130201865081912338E+01    0.152531817498641658E+04   -0.565510887928120187E+01   -0.718395518157517188E+01   -0.112890847975226745E+02   -0.413208494167835383E+01    0.446220060457795512E+03
    0.129928220639924685E+01    0.146242100819871666E+04   -0.589995266127155382E+01   -0.690269033675192745E+01   -0.959617153411187829E+01   -0.379045208862996574E+01    0.446221675133015310E+03
    0.130481847904576442E+01    0.139975743900812995E+04   -0.601931279963853694E+01   -0.731811162475832866E+01   -0.103327122184068649E+02   -0.393707022557818753E+01    0.446225635619921604E+03
    0.130517932238444367E+01    0.134462327653952798E+04   -0.536047391195960987E+01   -0.716827782455264639E+01   -0.104315750721212037E+02   -0.383886893946532837E+01    0.446226393510601838E+03
    0.130517932238444367E+01    0.134462327653952798E+04   -0.536047391195960987E+01   -0.716827782455264639E+01   -0.104315750721212037E+02   -0.383886893946532837E+01    0.446226393510601838E+03
    0.130063225029253582E+01    0.141607464938950807E+04   -0.516408074785593207E+01   -0.687525747657767461E+01   -0.119749944623005362E+02   -0.373546720914212038E+01    0.446226579496415411E+03
    0.130368797321249130E+01    0.143226487373742953E+04   -0.600886676907683182E+01   -0.763421485827423396E+01   -0.101357518013021792E+02   -0.397219541289633860E+01    0.446228584153262375E+03
    0.130507166981128164E+01    0.136075457539846275E+04   -0.566781729995267369E+01   -0.690754093309059414E+01   -0.102803631601639509E+02   -0.387814264767291483E+01    0.446230927062273565E+03
    0.129961524873538781E+01    0.156501871835430188E+04   -0.583093148776182080E+01   -0.714982202537092437E+01   -0.105054725452479474E+02   -0.408781262966960135E+01    0.446232430696239362E+03
    0.130242528187112816E+01    0.134354925137532359E+04   -0.502295120891243219E+01   -0.671244273747207476E+01   -0.102461357190982785E+02   -0.361779179375072957E+01    0.446234467211423066E+03
    0.130086222726240663E+01    0.148528029482349712E+04   -0.543303245785870725E+01   -0.736561702161052523E+01   -0.102642832952181493E+02   -0.394008586066186162E+01    0.446236824641542853E+03
    0.130051865923210497E+01    0.150430161974023781E+04   -0.548041857977758085E+01   -0.691761511465421908E+01   -0.116854523490420306E+02   -0.395038492239200600E+01    0.446238816557210157E+03
    0.129951486606664823E+01    0.145778078857798482E+04   -0.529918425700734819E+01   -0.664890857095554288E+01   -0.102767263311500194E+02   -0.375354197216636187E+01    0.446239940547571507E+03
    0.130596174530015019E+01    0.139097933052329699E+04   -0.577491019026755570E+01   -0.730652725314699847E+01   -0.104398223182472378E+02   -0.404959130431810088E+01    0.446241825912116497E+03
    0.130300666454747693E+01    0.148357028878329106E+04   -0.588480080511882608E+01   -0.755159120836504272E+01   -0.102096166460252373E+02   -0.412599505144528589E+01    0.446241945852232845E+03
    0.129762804246668439E+01    0.155143764662275316E+04   -0.569949492292210902E+01   -0.693496911366698665E+01   -0.987755838527543517E+01   -0.392593606805162665E+01    0.446242718670868840E+03
    0.130204342009800422E+01    0.148881855432892917E+04   -0.591413112049364820E+01   -0.737548156325381044E+01   -0.100038887393083566E+02   -0.400349512959032428E+01    0.446244103105943623E+03
    0.130136228148886723E+01    0.143249842349034361E+04   -0.562582683718199661E+01   -0.733042985627839272E+01   -0.986400635292533856E+01   -0.379029222078454886E+01    0.446244569688187880E+03
    0.129977840554381929E+01    0.148355950310237495E+04   -0.531746048778082425E+01   -0.687359126909302187E+01   -0.108467038547003831E+02   -0.383957997682409946E+01    0.446246497689156342E+03
    0.130079895959397596E+01    0.145962288889672891E+04   -0.562233335298210779E+01   -0.680594495126650223E+01   -0.969336976140661299E+01   -0.387448158898127915E+01    0.446250067037706970E+03
    0.130389298784909191E+01    0.134365456786421737E+04   -0.512497225493799036E+01   -0.708855704042739809E+01   -0.115351566943471049E+02   -0.370243337312234821E+01    0.446250091313390783E+03
    0.130313987723834490E+01    0.136597217722297660E+04   -0.540860680528130366E+01   -0.673231979978311923E+01   -0.112714468280744882E+02   -0.373367485024897583E+01    0.446252120059490778E+03
    0.130552165205640192E+01    0.135349707337477457E+04   -0.554639900785377815E+01   -0.726490925256119624E+01   -0.101258765810408313E+02   -0.388886143307501975E+01    0.446255259656987107E+03
    0.130140928443708437E+01    0.142818930139370900E+04   -0.554564316143852665E+01   -0.695848020513048127E+01   -0.110685780891390735E+02   -0.383947757502195053E+01    0.446258359214629650E+03
    0.130480280931856840E+01    0.143320805261245118E+04   -0.558412059373131697E+01   -0.715252906494301754E+01   -0.118594507209185966E+02   -0.408450683888195698E+01    0.446259168370314228E+03
    0.130546717184413219E+01    0.141388878721354877E+04   -0.586637654382844875E+01   -0.729611152093849835E+01   -0.119017856161665794E+02   -0.409640973081067017E+01    0.446261532534253263E+03
    0.130068389073289237E+01    0.151285658834461037E+04   -0.578310071081890253E+01   -0.717811315395148775E+01   -0.107677541539259316E+02   -0.405582027739167472E+01    0.446262747930586670E+03
    0.130227811467646060E+01    0.142187004763882828E+04   -0.557110683221690905E+01   -0.682851763735626616E+01   -0.110876701253790344E+02   -0.382353760395494113E+01    0.446268123492021630E+03
    0.130214364607280197E+01    0.144173609548131913E+04   -0.561549695480501132E+01   -0.748469341025932877E+01   -0.106546878433719598E+02   -0.391416868573778132E+01    0.446268192478036610E+03
    0.130285952291187579E+01    0.134194481604518796E+04   -0.520186164507570581E+01   -0.686900316873609995E+01   -0.984442373953155325E+01   -0.360051050280078044E+01    0.446269096867491044E+03
    0.130312871848995626E+01    0.140180200467722716E+04   -0.548457019895410891E+01   -0.737856244176315990E+01   -0.119324487981996707E+02   -0.386016287109083045E+01    0.446273755400972334E+03
    0.130457199860596429E+01    0.146973470465563764E+04   -0.606885413613145985E+01   -0.747449782886183112E+01   -0.103249315413631528E+02   -0.418469319942365203E+01    0.446274978166267545E+03
    0.129996447650255642E+01    0.148031071013835935E+04   -0.550282041517829068E+01   -0.681126895710323232E+01   -0.107981981493922241E+02   -0.391232952058870076E+01    0.446275019822097420E+03
    0.130431979009289511E+01    0.149011505113679209E+04   -0.590418356491127838E+01   -0.762544791877327199E+01   -0.118549257423956345E+02   -0.422862293651757071E+01    0.446275396132249398E+03
    0.130431979009289511E+01    0.149011505113679209E+04   -0.590418356491127838E+01   -0.762544791877327199E+01   -0.118549257423956345E+02   -0.422862293651757071E+01    0.446275396132249398E+03
    0.130292927829547800E+01    0.134560877581403474E+04   -0.513412178641154071E+01   -0.691137885470562718E+01   -0.102708587995201999E+02   -0.368678452254839861E+01    0.446275963363029689E+03
    0.130292927829547800E+01    0.134560877581403474E+04   -0.513412178641154071E+01   -0.691137885470562718E+01   -0.102708587995201999E+02   -0.368678452254839861E+01    0.446275963363029689E+03
    0.129830368325089318E+01    0.144501771939789160E+04   -0.532369596145283541E+01   -0.684690525254633364E+01   -0.955337803805309527E+01   -0.364155661110920192E+01    0.446276800058832180E+03
    0.129830368325089318E+01    0.144501771939789160E+04   -0.532369596145283541E+01   -0.684690525254633364E+01   -0.955337803805309527E+01   -0.364155661110920192E+01    0.446276800058832180E+03
    0.130476175880096812E+01    0.136431759598887425E+04   -0.545850439565089740E+01   -0.742508142697624596E+01   -0.101021148356274661E+02   -0.385792164758511547E+01    0.446279009344738142E+03
    0.130193498591898926E+01    0.147853302222934394E+04   -0.580378530626939337E+01   -0.749120393731708045E+01   -0.104227079682686679E+02   -0.397241289815471710E+01    0.446279934220107975E+03
    0.130225065398548767E+01    0.152685210283978085E+04   -0.602975196345364584E+01   -0.734633654554069171E+01   -0.104687470157700453E+02   -0.419979477351588848E+01    0.446284011000942428E+03
    0.129923815286544841E+01    0.153417444784455120E+04   -0.584580883973975673E+01   -0.706204461531066663E+01   -0.102890737945590036E+02   -0.396867547603181769E+01    0.446284654104284812E+03
    0.130653060730988968E+01    0.136719142894792208E+04   -0.577961399950321919E+01   -0.763545185083885514E+01   -0.107111476407637234E+02   -0.399249361303072980E+01    0.446285795259235272E+03
    0.130653060730988968E+01    0.136719142894792208E+04   -0.577961399950321919E+01   -0.763545185083885514E+01   -0.107111476407637234E+02   -0.399249361303072980E+01    0.446285795259235272E+03
    0.130383333753101005E+01    0.144060050686436398E+04   -0.616213640710879140E+01   -0.728492973462849225E+01   -0.102848666100220889E+02   -0.404311580207153831E+01    0.446290861712357810E+03
    0.130541173186148907E+01    0.140131487598464946E+04   -0.576011721651694142E+01   -0.716648397092849176E+01   -0.114896738407574972E+02   -0.405477156478114598E+01    0.446292693556023096E+03
    0.130433413111892316E+01    0.146203081810290996E+04   -0.612324246704636366E+01   -0.737739191590872245E+01   -0.113447857213630208E+02   -0.412434969966227971E+01    0.446295230737213842E+03
    0.129727810786663933E+01    0.150598165735441603E+04   -0.531181898591853674E+01   -0.668251428016042581E+01   -0.978497353947120274E+01   -0.379159263600570640E+01    0.446303678654708392E+03
    0.130100629727196937E+01    0.134348608549285314E+04   -0.525650464749962687E+01   -0.662201046747927791E+01   -0.960124226334959019E+01   -0.349082878550459164E+01    0.446304884342703474E+03
    0.130100629727196937E+01    0.134348608549285314E+04   -0.525650464749962687E+01   -0.662201046747927791E+01   -0.960124226334959019E+01   -0.349082878550459164E+01    0.446304884342703474E+03
    0.130255211223918499E+01    0.141143320312136643E+04   -0.567329754870019887E+01   -0.740910459379145792E+01   -0.966590653703013380E+01   -0.384939536466031385E+01    0.446305545025769675E+03
    0.130338133209594687E+01    0.137865338958321490E+04   -0.544688569521067478E+01   -0.725571886161895030E+01   -0.114718191219458348E+02   -0.378057959573704139E+01    0.446306307845115157E+03
    0.130338133209594687E+01    0.137865338958321490E+04   -0.544688569521067478E+01   -0.725571886161895030E+01   -0.114718191219458348E+02   -0.378057959573704139E+01    0.446306307845115157E+03
    0.130166396629429837E+01    0.147535773840936645E+04   -0.539346234730049368E+01   -0.725553040878602040E+01   -0.109634156869116577E+02   -0.401386618787790628E+01    0.446309668924744585E+03
    0.129906665571114299E+01    0.147113526510950942E+04   -0.563528756872526237E+01   -0.683616180006978436E+01   -0.100017987018696974E+02   -0.377092597477845537E+01    0.446309692177680120E+03
    0.130284415987455882E+01    0.140913161036867905E+04   -0.558039073946085029E+01   -0.686344683795932298E+01   -0.110719702803825104E+02   -0.382439751311170717E+01    0.446310742246938787E+03
    0.130489520566960504E+01    0.143704224567740334E+04   -0.577916346580504126E+01   -0.733404609658272300E+01   -0.109332917983976490E+02   -0.404593324596172810E+01    0.446317399775736419E+03
    0.130160338484955473E+01    0.142671244378218535E+04   -0.548404568890629829E+01   -0.687005267793641305E+01   -0.115344886166717675E+02   -0.380244258219042841E+01    0.446319060791707443E+03
    0.130160338484955473E+01    0.142671244378218535E+04   -0.548404568890629829E+01   -0.687005267793641305E+01   -0.115344886166717675E+02   -0.380244258219042841E+01    0.446319060791707443E+03
    0.130435120254751347E+01    0.136726181618595547E+04   -0.571912702719942789E+01   -0.740223192845701128E+01   -0.103211825265822128E+02   -0.384393782803794792E+01    0.446320452430738555E+03
    0.130141411566118759E+01    0.142732755428552946E+04   -0.555232204591667866E+01   -0.684932926901176931E+01   -0.109546966148648863E+02   -0.383787612344589135E+01    0.446320890164504760E+03
    0.130460152576130062E+01    0.144860556591425939E+04   -0.586143522939264638E+01   -0.770200994276965822E+01   -0.117575000348069629E+02   -0.411985890999750115E+01    0.446323127591256252E+03
    0.130171035054419315E+01    0.144155470024999136E+04   -0.539658392028920275E+01   -0.673796323963125854E+01   -0.103518159535839533E+02   -0.390368290823404607E+01    0.446324040367532632E+03
    0.130220789477866550E+01    0.145567482977087434E+04   -0.556604877352416061E+01   -0.750305011000004107E+01   -0.101409522689041953E+02   -0.393535938202602864E+01    0.446325098883258647E+03
    0.130250837445092160E+01    0.145669067888546260E+04   -0.578014241997436873E+01   -0.718637127938936260E+01   -0.110957986954838272E+02   -0.402430735405459128E+01    0.446325486718001400E+03
    0.130171973631176940E+01    0.146788364039087901E+04   -0.554786350501390224E+01   -0.680361534259918788E+01   -0.118942773383416451E+02   -0.394109391460804304E+01    0.446327170964339871E+03
    0.129989036726813789E+01    0.148949427785248054E+04   -0.537306763634556628E+01   -0.728001141026305554E+01   -0.101579807304433523E+02   -0.390071615750188805E+01    0.446329367769531586E+03
    0.130046301734697245E+01    0.149908133194991706E+04   -0.541217584948774189E+01   -0.690188192174652038E+01   -0.114000772012340406E+02   -0.399719872916502084E+01    0.446329967763023660E+03
    0.130506023307889962E+01    0.135690796423197935E+04   -0.552351389030291351E+01   -0.710029953532812996E+01   -0.104226336052941431E+02   -0.380783621629244351E+01    0.446331634528019322E+03
    0.130462348382081350E+01    0.134631553498607673E+04   -0.566039770089388306E+01   -0.690252728846523755E+01   -0.104608905748890031E+02   -0.378422740834294125E+01    0.446336731236084802E+03
    0.130238127396439318E+01    0.150464661968702785E+04   -0.584521904089202327E+01   -0.706280719672406043E+01   -0.109738793474814269E+02   -0.414002832657331776E+01    0.446337995793931725E+03
    0.130238127396439318E+01    0.150464661968702785E+04   -0.584521904089202327E+01   -0.706280719672406043E+01   -0.109738793474814269E+02   -0.414002832657331776E+01    0.446337995793931725E+03
    0.130106520419185867E+01    0.147683125003928399E+04   -0.577309766493504739E+01   -0.726613057070910262E+01   -0.106102615453978224E+02   -0.395813148217153099E+01    0.446338959277363927E+03
    0.130356412762743901E+01    0.145247552135062415E+04   -0.614615230494469245E+01   -0.711913716884130832E+01   -0.100978568511943401E+02   -0.404718636988922054E+01    0.446340062489957404E+03
    0.130050165487479275E+01    0.144647538481228071E+04   -0.524646158463524692E+01   -0.707293434373179508E+01   -0.115509891322859009E+02   -0.380605034758452909E+01    0.446340150696945670E+03
    0.130373132050020479E+01    0.143459702959745778E+04   -0.582875255405751069E+01   -0.704461700666137869E+01   -0.119183202761830600E+02   -0.402517650102029378E+01    0.446346124570928964E+03
    0.130268148563491781E+01    0.151175415537220010E+04   -0.564304163279265403E+01   -0.729664785887103040E+01   -0.113162244844923858E+02   -0.412960636144494941E+01    0.446350662826396501E+03
    0.130268148563491781E+01    0.151175415537220010E+04   -0.564304163279265403E+01   -0.729664785887103040E+01   -0.113162244844923858E+02   -0.412960636144494941E+01    0.446350662826396501E+03
    0.130259784283365776E+01    0.133429339230608616E+04   -0.514991273784268166E+01   -0.674032699306866778E+01   -0.100351004602674028E+02   -0.355743000029281298E+01    0.446352737773075830E+03
    0.130259784283365776E+01    0.133429339230608616E+04   -0.514991273784268166E+01   -0.674032699306866778E+01   -0.100351004602674028E+02   -0.355743000029281298E+01    0.446352737773075830E+03
    0.130432846154630799E+01    0.150396845716149164E+04   -0.591248698957117913E+01   -0.764481942514571955E+01   -0.113638227121613493E+02   -0.422405109422868996E+01    0.446355541855889896E+03
    0.130204325087190842E+01    0.144605728311091571E+04   -0.540880634975885943E+01   -0.747267965285371005E+01   -0.104591386107386199E+02   -0.391852880533200221E+01    0.446357371487794978E+03
    0.130379759184101451E+01    0.142616923755334551E+04   -0.564104914777031130E+01   -0.752452905762032564E+01   -0.109921723415440677E+02   -0.401641001438847667E+01    0.446358793632685490E+03
    0.130039627776816236E+01    0.154393766995919736E+04   -0.560161065525153834E+01   -0.714608323555759650E+01   -0.106470703236859681E+02   -0.406605769215950996E+01    0.446360941696016880E+03
    0.129872926614332762E+01    0.151146218840287111E+04   -0.539570721021908106E+01   -0.695070847907859868E+01   -0.103377353134351129E+02   -0.391929573405986176E+01    0.446361188008389604E+03
    0.130421574380517513E+01    0.140716252585161465E+04   -0.595996248690969743E+01   -0.737211387548002062E+01   -0.992914824766968529E+01   -0.398343941207154550E+01    0.446361581271880539E+03
    0.130451327195979938E+01    0.134801651381563261E+04   -0.523375713251336006E+01   -0.723689280449637806E+01   -0.105455357242084666E+02   -0.378206377808587924E+01    0.446362287252027045E+03
    0.130065080496720675E+01    0.143080939428311467E+04   -0.521891541780063051E+01   -0.701968190723666030E+01   -0.115950598938718343E+02   -0.376952844079796989E+01    0.446363491644873761E+03
    0.130030161612654305E+01    0.146941584874722412E+04   -0.531798766153553881E+01   -0.674719608695166784E+01   -0.110272121797138247E+02   -0.384672295336029002E+01    0.446367339118892119E+03
    0.130030161612654305E+01    0.146941584874722412E+04   -0.531798766153553881E+01   -0.674719608695166784E+01   -0.110272121797138247E+02   -0.384672295336029002E+01    0.446367339118892119E+03
    0.130007979926426054E+01    0.153109778167510831E+04   -0.553995569948721478E+01   -0.690212976438734493E+01   -0.106784165384294223E+02   -0.403682468452879828E+01    0.446370120795707294E+03
    0.130371275847584656E+01    0.143774874736549737E+04   -0.552561080773777391E+01   -0.729307009059774902E+01   -0.109982039542046479E+02   -0.405305004408138814E+01    0.446370421818476530E+03
    0.130664301939942606E+01    0.133072952505107901E+04   -0.567168508193459342E+01   -0.719869172311702599E+01   -0.106666877175487862E+02   -0.388184528127326800E+01    0.446370470533510286E+03
    0.130494954881932479E+01    0.148724826267039612E+04   -0.603598120025543405E+01   -0.747876874436920858E+01   -0.119267361293954561E+02   -0.424509631824680511E+01    0.446373937855984934E+03
    0.130473665813227280E+01    0.147169677477119626E+04   -0.595452002368464584E+01   -0.746479570401223302E+01   -0.106861081399916209E+02   -0.414421430110984002E+01    0.446377295622551458E+03
    0.130133229331287237E+01    0.142803073533473412E+04   -0.513807497243889788E+01   -0.700270464179100394E+01   -0.111316580936043579E+02   -0.379739667650489565E+01    0.446377461766893930E+03
    0.130290075159102958E+01    0.148113066062415669E+04   -0.576859335694647513E+01   -0.694438778758063791E+01   -0.110037313927933553E+02   -0.408307293891278356E+01    0.446377735553109403E+03
    0.130405748133900135E+01    0.140182039792366731E+04   -0.553386670024710980E+01   -0.687602329804528090E+01   -0.105495761014227778E+02   -0.393985002169825016E+01    0.446378188641791780E+03
    0.129944247547481284E+01    0.147685805720586609E+04   -0.531144297467721849E+01   -0.688161684731182977E+01   -0.102704802705714648E+02   -0.380321492332511646E+01    0.446378863570622343E+03
    0.129982745907546060E+01    0.143695238957197375E+04   -0.526576980248413129E+01   -0.659248686788550131E+01   -0.989242750245039915E+01   -0.372104397177193569E+01    0.446378912029344178E+03
    0.130515858779091554E+01    0.136734216723966324E+04   -0.569289258752122418E+01   -0.756751135783452700E+01   -0.104431451330129015E+02   -0.388597834282790267E+01    0.446379402864149938E+03
    0.129925493588979668E+01    0.145641334144163193E+04   -0.543287431259151354E+01   -0.661279088150427263E+01   -0.101726864027568791E+02   -0.378296532813629760E+01    0.446379637942941486E+03
    0.130099486147949661E+01    0.141680307287178016E+04   -0.514460554534557168E+01   -0.699258709190256766E+01   -0.114530186493887243E+02   -0.375444526907909193E+01    0.446379992293649480E+03
    0.129764970084581788E+01    0.144756237353827623E+04   -0.546368432706368523E+01   -0.668433898310115282E+01   -0.936641238693091438E+01   -0.362882027784289463E+01    0.446380561351434380E+03
    0.130596237739574805E+01    0.134024454336878466E+04   -0.563656313607019932E+01   -0.717050789096877228E+01   -0.119388546754652243E+02   -0.387328432044613358E+01    0.446381464347476310E+03
    0.129830777337204251E+01    0.146623206043980736E+04   -0.554486077154025381E+01   -0.681703109910794680E+01   -0.947678074080419108E+01   -0.375568751179192795E+01    0.446382294498517638E+03
    0.130074857453273718E+01    0.142099113775872274E+04   -0.515151680548811264E+01   -0.702481289726966729E+01   -0.104360775893992752E+02   -0.372629364035420707E+01    0.446384850802628534E+03
    0.130074857453273718E+01    0.142099113775872274E+04   -0.515151680548811264E+01   -0.702481289726966729E+01   -0.104360775893992752E+02   -0.372629364035420707E+01    0.446384850802628534E+03
    0.130092110266952621E+01    0.150784963994999453E+04   -0.583637589560426573E+01   -0.730056766777463917E+01   -0.101718707736514382E+02   -0.406527686566920821E+01    0.446385666867968496E+03
    0.130373233838877001E+01    0.133856357968659540E+04   -0.518688849828073106E+01   -0.674588971759786471E+01   -0.111267115792518592E+02   -0.368739750085415352E+01    0.446386646349075363E+03
    0.130311393832899314E+01    0.147117379070346533E+04   -0.574169801263127155E+01   -0.700147837537162765E+01   -0.104024143298337126E+02   -0.405795531922760322E+01    0.446387388171670807E+03
    0.130289913376361088E+01    0.134093712855943613E+04   -0.553586872089112525E+01   -0.693061691972678595E+01   -0.968781317331249525E+01   -0.365366612077166764E+01    0.446387618092602452E+03
    0.130574014347652678E+01    0.133980345444913814E+04   -0.558132421140714374E+01   -0.698700122635802057E+01   -0.106499916219741593E+02   -0.385669547149777614E+01    0.446388443486265373E+03
    0.129987243755619852E+01    0.153859768847185046E+04   -0.558582729348621498E+01   -0.717393371045074435E+01   -0.116954560496386435E+02   -0.403112035913353051E+01    0.446390900907202251E+03
    0.130306297660241865E+01    0.135154032016580686E+04   -0.521843542363402513E+01   -0.691386035513746222E+01   -0.119486008536337849E+02   -0.369129054539291701E+01    0.446391137950112977E+03
    0.130306297660241865E+01    0.135154032016580686E+04   -0.521843542363402513E+01   -0.691386035513746222E+01   -0.119486008536337849E+02   -0.369129054539291701E+01    0.446391137950112977E+03
    0.130066446980969763E+01    0.154060140014246804E+04   -0.558531471014581449E+01   -0.707870194552855470E+01   -0.116095899150092574E+02   -0.408788998535467663E+01    0.446391274282519419E+03
    0.130181769233034261E+01    0.144748587110694370E+04   -0.556476395253463352E+01   -0.715747830533767093E+01   -0.988300030075841818E+01   -0.394698023752395599E+01    0.446391365949996953E+03
    0.129995250235667492E+01    0.146365497693625230E+04   -0.547202434759125822E+01   -0.708965818702058570E+01   -0.975324936851400182E+01   -0.378955313353391610E+01    0.446391826338431429E+03
    0.129891813593882932E+01    0.152628805896038739E+04   -0.569245666527535388E+01   -0.718259308886489656E+01   -0.977201609229410550E+01   -0.394574198166115409E+01    0.446396052320606827E+03
    0.129891813593882932E+01    0.152628805896038739E+04   -0.569245666527535388E+01   -0.718259308886489656E+01   -0.977201609229410550E+01   -0.394574198166115409E+01    0.446396052320606827E+03
    0.130159262895391792E+01    0.141366875808227906E+04   -0.559286948659765226E+01   -0.698262181012348737E+01   -0.969246819516441249E+01   -0.382469745165040109E+01    0.446398487718567878E+03
    0.130456944674060837E+01    0.145370475401514136E+04   -0.584586278864566200E+01   -0.709070037485279681E+01   -0.114375168076574756E+02   -0.411908956611470600E+01    0.446400336231334506E+03
    0.129995766291479553E+01    0.151641819063738535E+04   -0.561781841464829856E+01   -0.696511870550310519E+01   -0.115027406992641179E+02   -0.400351433312835070E+01    0.446400777149771841E+03
    0.130229239337958846E+01    0.150192665405167327E+04   -0.592043418028716761E+01   -0.736075722064120974E+01   -0.105970172702899958E+02   -0.413839677492038138E+01    0.446403305400455622E+03
    0.130211331763093985E+01    0.143568238020888589E+04   -0.564920241956410418E+01   -0.712089539457442022E+01   -0.119731184247831113E+02   -0.388457397326806486E+01    0.446403427625855443E+03
    0.130650184199975450E+01    0.136608860055476794E+04   -0.570518314415716521E+01   -0.727114944774083316E+01   -0.115036919767585974E+02   -0.396118558392223719E+01    0.446404751680063384E+03
    0.130082025553981051E+01    0.140785615252238699E+04   -0.535819678461832716E+01   -0.713044567391958317E+01   -0.964217993135280693E+01   -0.373481607509840963E+01    0.446405800505623745E+03
    0.130413822649729694E+01    0.146536292864840993E+04   -0.568281499839461812E+01   -0.734397570665309907E+01   -0.106199449564463571E+02   -0.411821956485724172E+01    0.446409082626752593E+03
    0.130269578118648033E+01    0.140747477962122821E+04   -0.541262862653193366E+01   -0.717776308189504508E+01   -0.107141469234215307E+02   -0.379959401362572180E+01    0.446410819754973431E+03
    0.129945451385920174E+01    0.141315956558032508E+04   -0.518116670583015093E+01   -0.667436690406262656E+01   -0.101973255494460258E+02   -0.363956245402772360E+01    0.446416586428670712E+03
    0.130265398248997788E+01    0.138035970041600740E+04   -0.531368972366543169E+01   -0.707221638507978678E+01   -0.115826761118816375E+02   -0.372752148171043807E+01    0.446417472328879285E+03
    0.130120976355427120E+01    0.139536852760730335E+04   -0.517443229289461382E+01   -0.657314752362798149E+01   -0.103767547173379029E+02   -0.370158799539869321E+01    0.446418123089675305E+03
    0.130609218944550598E+01    0.139764917031855248E+04   -0.574472549805328470E+01   -0.742472072740552669E+01   -0.109000724832283087E+02   -0.408534236092590053E+01    0.446419166056610322E+03
    0.130609218944550598E+01    0.139764917031855248E+04   -0.574472549805328470E+01   -0.742472072740552669E+01   -0.109000724832283087E+02   -0.408534236092590053E+01    0.446419166056610322E+03
    0.129835500521168390E+01    0.149450599266329846E+04   -0.532621045322579700E+01   -0.664303152076576531E+01   -0.102950621162949645E+02   -0.382509014758903554E+01    0.446419184017907469E+03
    0.130359848250343968E+01    0.133222031298352999E+04   -0.526775877010366589E+01   -0.676154614707979640E+01   -0.106766533803223318E+02   -0.366139898112395379E+01    0.446420001256469277E+03
    0.130365202776490552E+01    0.138837592987296330E+04   -0.578453768650077382E+01   -0.745872404060909755E+01   -0.988513043759101606E+01   -0.383307118036548466E+01    0.446420744302260857E+03
    0.130262902242212242E+01    0.144573233034694704E+04   -0.571573854659936220E+01   -0.755142790856650681E+01   -0.105067415025183486E+02   -0.394225302967862845E+01    0.446420787161944986E+03
    0.130516324237356485E+01    0.137537376802046401E+04   -0.565147870573137379E+01   -0.715526662227618626E+01   -0.109774150044757874E+02   -0.396270506441734227E+01    0.446422164214425209E+03
    0.130496994486105478E+01    0.146461971590766143E+04   -0.600219247025670111E+01   -0.773440308966230106E+01   -0.115679739921285254E+02   -0.417708632745535269E+01    0.446422228537628087E+03
    0.130095429547418040E+01    0.146755776021732731E+04   -0.568492523666349125E+01   -0.688317527918258865E+01   -0.982680580728936981E+01   -0.394183453655115557E+01    0.446422592718272426E+03
    0.130406563799068320E+01    0.141245549715915331E+04   -0.572105987883255551E+01   -0.687730244790672884E+01   -0.110017681004291070E+02   -0.396469124627575020E+01    0.446424424053874759E+03
    0.130330558791548534E+01    0.141886053929755076E+04   -0.552966061884914328E+01   -0.734514584941497883E+01   -0.116189847670760305E+02   -0.388074734794402154E+01    0.446427026403159005E+03
    0.130036597929754860E+01    0.145482029063047821E+04   -0.520100999441984513E+01   -0.671131638455547908E+01   -0.110233786800535825E+02   -0.381701137395307022E+01    0.446428286169864464E+03
    0.130372057049301393E+01    0.141276679196956593E+04   -0.578965466065768108E+01   -0.699208495779009098E+01   -0.114189449617687231E+02   -0.391229988755210378E+01    0.446430673970305406E+03
    0.130619282013752258E+01    0.135176429918380836E+04   -0.567645830266685980E+01   -0.712445303072964631E+01   -0.105594300088678885E+02   -0.392694277480129728E+01    0.446432275334122494E+03
    0.130504532554552255E+01    0.139001291378974884E+04   -0.570169980328271553E+01   -0.701186822051199687E+01   -0.105541606237663057E+02   -0.392918609387135120E+01    0.446433297620755752E+03
    0.130022548323817011E+01    0.149221944582745755E+04   -0.556216612605871852E+01   -0.710089633349518223E+01   -0.976374021438826922E+01   -0.393503507960187804E+01    0.446434797169334672E+03
    0.130488576322230143E+01    0.134041989154883208E+04   -0.546000019383593305E+01   -0.704035049906237376E+01   -0.102849420863812444E+02   -0.381196594940181299E+01    0.446434896591014535E+03
    0.130179762229564799E+01    0.142135685140654755E+04   -0.522077161962755198E+01   -0.672609184146200167E+01   -0.113941928393358811E+02   -0.383330575886277281E+01    0.446439242759957779E+03
    0.130267844035566616E+01    0.135794644121598685E+04   -0.547427162099065878E+01   -0.709269567380014809E+01   -0.973494705138365646E+01   -0.370783314603548497E+01    0.446439602072679065E+03
    0.130395890397283409E+01    0.147606712045198287E+04   -0.602194012720348493E+01   -0.729048900832679703E+01   -0.109808993162591637E+02   -0.410779719551417255E+01    0.446442459046556166E+03
    0.130354296614947351E+01    0.134697445211068180E+04   -0.523157713342933128E+01   -0.708767592710587202E+01   -0.104029916268920726E+02   -0.373125810127931423E+01    0.446443828581927733E+03
    0.130046857606873800E+01    0.150881939348888068E+04   -0.547845806083020825E+01   -0.734052979068854938E+01   -0.106581823026826576E+02   -0.401100083490003012E+01    0.446444946889720313E+03
    0.130671332292734665E+01    0.134734497173108844E+04   -0.555672251436541575E+01   -0.738523030259873092E+01   -0.116548027663797988E+02   -0.394214823424029959E+01    0.446446885742115171E+03
    0.130170763269410639E+01    0.154689614132363045E+04   -0.586673597735677710E+01   -0.734924229155527531E+01   -0.117967410400616366E+02   -0.420361690420643974E+01    0.446448335157404813E+03
    0.130080779861656648E+01    0.151624358814000539E+04   -0.557214414863520524E+01   -0.734975825291280138E+01   -0.107809408266649172E+02   -0.401744107203884138E+01    0.446449896202518971E+03
    0.130500907143874811E+01    0.137592607750654770E+04   -0.566335428712086397E+01   -0.699698219152983825E+01   -0.118294019065926257E+02   -0.393427832755590146E+01    0.446452959830655004E+03
    0.130190598823322090E+01    0.136648928896065490E+04   -0.509841484931766864E+01   -0.696704647520062448E+01   -0.100134129160177725E+02   -0.366897309264095739E+01    0.446453369209146615E+03
    0.130415024073899777E+01    0.133978381575570756E+04   -0.538035269151755902E+01   -0.696273475640952189E+01   -0.116375722473944929E+02   -0.371177914880379944E+01    0.446456897230054778E+03
    0.130588919061469877E+01    0.135166451611361526E+04   -0.551768322302834857E+01   -0.702272060509752105E+01   -0.119166623879174232E+02   -0.389973661764522639E+01    0.446459151760149098E+03
    0.130324358923352701E+01    0.139809892244302819E+04   -0.534241704892782909E+01   -0.682554711565068839E+01   -0.109589067141228984E+02   -0.388119528584012308E+01    0.446461130177271571E+03
    0.130499285568007339E+01    0.131629513069946279E+04   -0.528552095520911891E+01   -0.709757232423724727E+01   -0.103589647726369467E+02   -0.370324128643484762E+01    0.446462412905869940E+03
    0.130503494046163726E+01    0.141774486477501455E+04   -0.591522027258685412E+01   -0.722619923785397056E+01   -0.102593850734350482E+02   -0.406593556447579552E+01    0.446464015747226654E+03
    0.130320185027588775E+01    0.149197109012969077E+04   -0.580495862218136782E+01   -0.766923319504801793E+01   -0.104423720105640587E+02   -0.411743514532468424E+01    0.446465714528590354E+03
    0.130304370080864085E+01    0.134583043398477230E+04   -0.514353686576710789E+01   -0.681558884113430352E+01   -0.107562206845327335E+02   -0.368518143351987959E+01    0.446465946639540505E+03
    0.130397970813045938E+01    0.144508118586446608E+04   -0.551524044613579978E+01   -0.710833404182567108E+01   -0.118011233525608361E+02   -0.404241824470861211E+01    0.446466637902896139E+03
    0.130233965393071260E+01    0.142179630315303962E+04   -0.540406564342270723E+01   -0.673118410653465826E+01   -0.111862482775121581E+02   -0.384092170680139233E+01    0.446468825190089888E+03
    0.130366634430045036E+01    0.150260726228100111E+04   -0.621979378316863318E+01   -0.747957452500166386E+01   -0.104242903370163358E+02   -0.417693536993252401E+01    0.446469018705268923E+03
    0.130139371884541477E+01    0.139320549068632818E+04   -0.523343281832239260E+01   -0.705500311679194159E+01   -0.102186590780578754E+02   -0.372825232673409168E+01    0.446469402089775656E+03
    0.130043351251945127E+01    0.144042520459863226E+04   -0.523480715584058132E+01   -0.682092360189926605E+01   -0.103819230890157108E+02   -0.382640245920837252E+01    0.446474904350043403E+03
    0.130559728166805811E+01    0.138266906550253475E+04   -0.581240926967244853E+01   -0.743101987977158007E+01   -0.103315560500347416E+02   -0.400139194846816793E+01    0.446477184427120505E+03
    0.130124958222500808E+01    0.150319210215498924E+04   -0.603212859625540254E+01   -0.738907783703892918E+01   -0.102577043542587418E+02   -0.403532759062549662E+01    0.446477225207741412E+03
    0.130580642982072082E+01    0.141737268379477428E+04   -0.609432164686741462E+01   -0.750212089833473161E+01   -0.104638157412763757E+02   -0.408283427417780320E+01    0.446483505740117209E+03
    0.130155665345648597E+01    0.142842032773303526E+04   -0.599442301937319844E+01   -0.709985431616400930E+01   -0.965491311299470389E+01   -0.381828152444777658E+01    0.446483576438430987E+03
    0.130021246561277448E+01    0.141799084935824021E+04   -0.555551350841066949E+01   -0.662070338769122202E+01   -0.987620718194440705E+01   -0.370990226579882787E+01    0.446484467860062864E+03
    0.130533280307843125E+01    0.141077724900490284E+04   -0.555714965336169797E+01   -0.750545313826244431E+01   -0.113868946887867271E+02   -0.401930366977359821E+01    0.446485217909921744E+03
    0.130064039843375867E+01    0.150420083936233937E+04   -0.553703908109608633E+01   -0.733750998700430834E+01   -0.116367206915156451E+02   -0.399560149880831972E+01    0.446485364058303048E+03
    0.130230592690067204E+01    0.147488287364321445E+04   -0.552899564435740221E+01   -0.720791159225527966E+01   -0.117142218148598314E+02   -0.397047863849786076E+01    0.446486023133282231E+03
    0.129885257730758163E+01    0.145376440860338153E+04   -0.551829770320435209E+01   -0.695498218927991818E+01   -0.947799201307029549E+01   -0.374250351947187099E+01    0.446487100566093602E+03
    0.130296210651483801E+01    0.141259346681626766E+04   -0.529488161189526441E+01   -0.694097864304429368E+01   -0.105894859021584686E+02   -0.389822004472410910E+01    0.446488832132593643E+03
    0.130439577554016961E+01    0.147639033009764603E+04   -0.580335056252189130E+01   -0.732739622466438245E+01   -0.109112650919117389E+02   -0.417642888563453951E+01    0.446489702382287362E+03
    0.130357984175448327E+01    0.147429954673069687E+04   -0.590871856645041760E+01   -0.726923792362771604E+01   -0.113828776259442570E+02   -0.414232607119631613E+01    0.446494587788105036E+03
    0.130082641094719320E+01    0.150748704903499902E+04   -0.547323645600539965E+01   -0.697092383974704433E+01   -0.111757489056034220E+02   -0.399801187859568508E+01    0.446496916441579287E+03
    0.130248444514304662E+01    0.154477016673374646E+04   -0.584959537807011287E+01   -0.735602636291104872E+01   -0.114900248615332430E+02   -0.422496624318514780E+01    0.446497694111092017E+03
    0.130470155839048463E+01    0.136861373431514494E+04   -0.549576650450308613E+01   -0.747312997476134022E+01   -0.102512954218713652E+02   -0.384514919573294556E+01    0.446501078409401657E+03
    0.130616986893279008E+01    0.134334899803550320E+04   -0.549219848572862190E+01   -0.736468168313129823E+01   -0.107235924993405742E+02   -0.386480610208942643E+01    0.446502103005984338E+03
    0.130173064337179500E+01    0.143681816537891268E+04   -0.562612693291021237E+01   -0.736209392161530296E+01   -0.998704704045494474E+01   -0.383632368717967154E+01    0.446503772644254411E+03
    0.130424421551822078E+01    0.137413295375733742E+04   -0.566886608531188418E+01   -0.740848883968839278E+01   -0.103712582966602529E+02   -0.386196756377349892E+01    0.446503811765104786E+03
    0.129804240853861241E+01    0.151913515681077115E+04   -0.564414677088671990E+01   -0.686191587933043579E+01   -0.994711757517065287E+01   -0.385638144547701955E+01    0.446505552714878831E+03
    0.130331756517367570E+01    0.149047439082355868E+04   -0.584483833747086035E+01   -0.721548813757066654E+01   -0.108728747840437165E+02   -0.416909815512185844E+01    0.446505612988233509E+03
    0.130252430438731026E+01    0.135899291078978740E+04   -0.532687918925643711E+01   -0.717469759511763883E+01   -0.997073480077516905E+01   -0.366305810924833430E+01    0.446508825625142890E+03
    0.130058857700014774E+01    0.154497729728439617E+04   -0.583166497198773115E+01   -0.703465811547381215E+01   -0.109457461333657040E+02   -0.411270230309020768E+01    0.446509981594448163E+03
    0.130167739010269834E+01    0.144428036402768225E+04   -0.537459338410827137E+01   -0.735704414790660621E+01   -0.100772424369935418E+02   -0.387912547220810389E+01    0.446513343627536756E+03
    0.129949944479388169E+01    0.143940900705587569E+04   -0.547638878328943690E+01   -0.684963431509231402E+01   -0.100642280429244231E+02   -0.373505652008333300E+01    0.446514307296657194E+03
    0.130396038565373584E+01    0.140353438065619662E+04   -0.554807569310400872E+01   -0.753446585551531633E+01   -0.114823147971606581E+02   -0.391163792512031705E+01    0.446514808802817299E+03
    0.130117389005263062E+01    0.137123747690793516E+04   -0.533941195298039872E+01   -0.665951406569245119E+01   -0.948495050850371157E+01   -0.361540829493614169E+01    0.446515198116301633E+03
    0.130223544944693281E+01    0.136358199235322854E+04   -0.553373571140072329E+01   -0.684953617471789755E+01   -0.961639993965174433E+01   -0.363171052971893538E+01    0.446515508767027370E+03
    0.130233212515026109E+01    0.143655119218826212E+04   -0.542592464086987114E+01   -0.699558909858111377E+01   -0.100603393020791430E+02   -0.392957021776424575E+01    0.446517060107837722E+03
    0.130302282233740629E+01    0.152019554740961576E+04   -0.604120427408130034E+01   -0.732605582532018840E+01   -0.106889962394743758E+02   -0.417527492225378438E+01    0.446517219759495276E+03
    0.129998771636280841E+01    0.153675844595297713E+04   -0.559834751418401577E+01   -0.700351049761706435E+01   -0.111089028312816644E+02   -0.406484755792773367E+01    0.446519445045487487E+03
    0.130410958297263591E+01    0.139761292172136064E+04   -0.571000092279773508E+01   -0.711971962603995401E+01   -0.114360985691612509E+02   -0.394709660685771091E+01    0.446521206734978136E+03
    0.130277870614363800E+01    0.151896702287418202E+04   -0.584006157345200094E+01   -0.719932687830192997E+01   -0.119130703339141757E+02   -0.416187162825462309E+01    0.446521759408509297E+03
    0.130028658096336569E+01    0.147387753418736202E+04   -0.539108332374178367E+01   -0.711791750527819289E+01   -0.115035855556136681E+02   -0.389358974234756516E+01    0.446521927311215393E+03
    0.130442382129968659E+01    0.141648762900873726E+04   -0.561513295388883105E+01   -0.748442524787845809E+01   -0.102350989770949070E+02   -0.401125926539360478E+01    0.446523270626796602E+03
    0.129842643735493857E+01    0.149076198973083046E+04   -0.527028619864162629E+01   -0.692780325881032333E+01   -0.100462589839632734E+02   -0.382670855252573539E+01    0.446524761864839036E+03
    0.130400820697882014E+01    0.134185210590612860E+04   -0.526164005877687657E+01   -0.690354797190949654E+01   -0.106267115853782386E+02   -0.368570767153591916E+01    0.446524787128530988E+03
    0.130603289954195367E+01    0.139021020175403964E+04   -0.590957027511801858E+01   -0.737029131651032010E+01   -0.105902555177477637E+02   -0.399747432815349590E+01    0.446526278801584738E+03
    0.130466590548479622E+01    0.136932555756719330E+04   -0.546868292385372357E+01   -0.728204916709127126E+01   -0.117928040288794111E+02   -0.382312540575806104E+01    0.446526856083206042E+03
    0.130278600034497538E+01    0.137484138444455630E+04   -0.555434813035093988E+01   -0.705148711706743558E+01   -0.104085437412693338E+02   -0.375051213478094070E+01    0.446527914056241912E+03
    0.130419454968354454E+01    0.141280459227705114E+04   -0.548259208973029466E+01   -0.755203654861618734E+01   -0.106434013954723703E+02   -0.395359186874423507E+01    0.446533416128562521E+03
    0.130088382624455301E+01    0.141789471164700990E+04   -0.520040585552826862E+01   -0.669334077306772102E+01   -0.112981055557724197E+02   -0.376180551270100594E+01    0.446536005083987845E+03
    0.130084605686109378E+01    0.155150458336690099E+04   -0.581219547394239200E+01   -0.729545325935016997E+01   -0.103215275399419468E+02   -0.415055219022741451E+01    0.446539116101633567E+03
    0.130062628391332114E+01    0.150834748602591662E+04   -0.544481089013358055E+01   -0.695099220173784627E+01   -0.119093045885422004E+02   -0.402256827645589610E+01    0.446540888874715222E+03
    0.130261949528411214E+01    0.138584556543742065E+04   -0.532431064173666879E+01   -0.724169262317400442E+01   -0.106793569690014127E+02   -0.376012937476025755E+01    0.446543386243455302E+03
    0.130402053965655362E+01    0.149973703522267806E+04   -0.595062380381431488E+01   -0.767388477831765847E+01   -0.107895568301095786E+02   -0.420163651524756343E+01    0.446544024309657573E+03
    0.130513638045402325E+01    0.144716143058009538E+04   -0.591145080664307709E+01   -0.740389575602473116E+01   -0.104737387952303624E+02   -0.414698142312584217E+01    0.446544112169922641E+03
    0.130280484946597563E+01    0.152395357234517769E+04   -0.600851951314262500E+01   -0.749115700106702143E+01   -0.118990324106972967E+02   -0.420007845809876645E+01    0.446547574921613602E+03
    0.129861387971566167E+01    0.149513125204102266E+04   -0.568938261077987040E+01   -0.675418885720121676E+01   -0.964969562588199636E+01   -0.383994381188670175E+01    0.446551902875534836E+03
    0.130058123250179247E+01    0.151948766728899068E+04   -0.562257028643692269E+01   -0.687937185331654533E+01   -0.108108747049870413E+02   -0.403210885189066026E+01    0.446553326644141293E+03
    0.130173465918500897E+01    0.144793207810187937E+04   -0.549243733084636165E+01   -0.681166316359858826E+01   -0.102797402538885212E+02   -0.393627984469056003E+01    0.446553878041365749E+03
    0.130435904506980105E+01    0.136196986176588871E+04   -0.542938662669576733E+01   -0.702313353456490930E+01   -0.112342179421833812E+02   -0.384760771649565037E+01    0.446554259144904393E+03
    0.130107029633277271E+01    0.145409822245877331E+04   -0.535411772840753741E+01   -0.683786387457317346E+01   -0.102674562051191938E+02   -0.390390296495050748E+01    0.446557111294777883E+03
    0.129843249738258248E+01    0.145630091543365666E+04   -0.539706574210964707E+01   -0.656474106923988376E+01   -0.971115361379672315E+01   -0.369454823571117075E+01    0.446557233635082014E+03
    0.130152586444929241E+01    0.150218164858060777E+04   -0.551158993193668589E+01   -0.738015674510993236E+01   -0.104939603786375315E+02   -0.404139031678409921E+01    0.446557695310942904E+03
    0.129869827129411330E+01    0.153477478625448271E+04   -0.556967403419985185E+01   -0.693088607437436721E+01   -0.106296958647051731E+02   -0.395194250438145822E+01    0.446557850173964596E+03
    0.130344385963599674E+01    0.149528590059016506E+04   -0.573628295693951173E+01   -0.754884461255569583E+01   -0.108315155027079513E+02   -0.415036744545060099E+01    0.446557992218789252E+03
    0.130330799833896749E+01    0.136926912062734118E+04   -0.547520409616218373E+01   -0.696726146563687809E+01   -0.105554792415964815E+02   -0.372482157492360777E+01    0.446558187550000525E+03
    0.130087672304418578E+01    0.144123286727836421E+04   -0.566160475815135822E+01   -0.686101127993992055E+01   -0.976713450131111038E+01   -0.378396456279693538E+01    0.446558957049937192E+03
    0.130290833527783412E+01    0.145363891033981531E+04   -0.542207196775552980E+01   -0.703619937350599756E+01   -0.108031891798260720E+02   -0.399646844776186150E+01    0.446560923578307609E+03
    0.130254474203247095E+01    0.135774336369165894E+04   -0.521468707335005721E+01   -0.684329558148707395E+01   -0.109109605495576876E+02   -0.368025786873385030E+01    0.446561489497761386E+03
    0.130507233043110160E+01    0.137420095894566066E+04   -0.546241639004890533E+01   -0.739885432266825571E+01   -0.117032586417121607E+02   -0.392804216735228451E+01    0.446562434053399045E+03
    0.130340222803818473E+01    0.149266700465320059E+04   -0.603311494503461709E+01   -0.723940324431835158E+01   -0.118515936824892236E+02   -0.414868507494721594E+01    0.446567542160829078E+03
    0.130292032125646395E+01    0.134001528381206708E+04   -0.541303248286710748E+01   -0.699043168402580140E+01   -0.959012093682336086E+01   -0.362573420103762878E+01    0.446567747351628100E+03
    0.130534527696698976E+01    0.140289420794367493E+04   -0.574676911539141777E+01   -0.752677631010285264E+01   -0.116810743750941164E+02   -0.404532860887574763E+01    0.446572233777326119E+03
    0.130351325345170266E+01    0.134759369865332474E+04   -0.560181585290469375E+01   -0.713179303940293607E+01   -0.987643068703494720E+01   -0.371627069358052609E+01    0.446572579594056435E+03
    0.130231255836845494E+01    0.143379909123568336E+04   -0.587178430917636085E+01   -0.699447997142852529E+01   -0.101729006298340892E+02   -0.386187708888158454E+01    0.446575933271196959E+03
    0.130439748669905597E+01    0.132582008847268276E+04   -0.554192821365469346E+01   -0.702519371852562191E+01   -0.999681262511106894E+01   -0.368707072246036560E+01    0.446576926640807869E+03
    0.130039482381768945E+01    0.148905586275896462E+04   -0.597326322842683943E+01   -0.695110325612396807E+01   -0.980773966408609255E+01   -0.392050444748224969E+01    0.446579038263719667E+03
    0.130379538951405016E+01    0.134000767686285576E+04   -0.526907574335651141E+01   -0.691341201759409163E+01   -0.994943098903071288E+01   -0.370850354101307289E+01    0.446580584346632747E+03
    0.130584108595934034E+01    0.133213935500811931E+04   -0.543147807493233437E+01   -0.710232807656980647E+01   -0.116403253567540332E+02   -0.380087944792246724E+01    0.446580622671636434E+03
    0.130293698964438209E+01    0.146637841698871830E+04   -0.592233510283125764E+01   -0.723557304616499941E+01   -0.111382808368048281E+02   -0.401494384393705506E+01    0.446584963027144738E+03
    0.130295217773423611E+01    0.139842379883753574E+04   -0.534035681962968045E+01   -0.692744666154398381E+01   -0.109130280230140126E+02   -0.387340900218716655E+01    0.446586760303069354E+03
    0.130221890175735688E+01    0.143288012176981920E+04   -0.533185373403009422E+01   -0.681172837714396451E+01   -0.108479371705238101E+02   -0.390607570648507618E+01    0.446587723036302009E+03
    0.130172799973074182E+01    0.151344136493527685E+04   -0.578813069985374451E+01   -0.760395539766714457E+01   -0.104811757589979067E+02   -0.408726893195063035E+01    0.446587843989968803E+03
    0.129943147085529254E+01    0.154157195542555019E+04   -0.565757225075597603E+01   -0.692447069687142847E+01   -0.105647477562813368E+02   -0.401101932139849104E+01    0.446589852805306862E+03
    0.130248322851489839E+01    0.149153530321817175E+04   -0.601421340922614078E+01   -0.712234941860990478E+01   -0.104419394147777247E+02   -0.405180143358651002E+01    0.446590915111008428E+03
    0.130421104903319263E+01    0.140339218066974968E+04   -0.551197070235755771E+01   -0.706683478140005494E+01   -0.112146424754197636E+02   -0.397538311507964437E+01    0.446592249411430828E+03
    0.130135624417195661E+01    0.139287059658240923E+04   -0.535498508104651716E+01   -0.688137588244398568E+01   -0.103744028727800455E+02   -0.372261265309143496E+01    0.446594558888835820E+03
    0.130159534868913251E+01    0.149342342029856854E+04   -0.546628459214730711E+01   -0.739061112599804915E+01   -0.110371644704595173E+02   -0.400753596235796739E+01    0.446594566867527590E+03
    0.130144127905248275E+01    0.140737683282280864E+04   -0.523916981162853723E+01   -0.693989798606535135E+01   -0.103985675926461596E+02   -0.372188492462933951E+01    0.446596835582539029E+03
    0.129834976182018691E+01    0.147747410568277496E+04   -0.562799089480456427E+01   -0.687973250522624458E+01   -0.973989069092728599E+01   -0.375948089031548349E+01    0.446601024332811903E+03
    0.130181363437616460E+01    0.145106001407843041E+04   -0.538542112357270852E+01   -0.696884949571238188E+01   -0.104822399657047338E+02   -0.395172544397262193E+01    0.446601069862162603E+03
    0.130096882057804053E+01    0.137415860781817264E+04   -0.518852492126384757E+01   -0.693068859636755441E+01   -0.995724419864652610E+01   -0.359927979866795056E+01    0.446601221509556751E+03
    0.130479151152775730E+01    0.142592185592416854E+04   -0.553805462821204308E+01   -0.750609362601942998E+01   -0.117228574295954253E+02   -0.403775906312536925E+01    0.446602525332763832E+03
    0.130249649362026831E+01    0.146844868877418367E+04   -0.556978252625557868E+01   -0.737890114754902893E+01   -0.110587643562961357E+02   -0.405356634476151090E+01    0.446603743433496277E+03
    0.129828004500584382E+01    0.149793345122202550E+04   -0.529635586674635928E+01   -0.684905161255054029E+01   -0.991475869451937442E+01   -0.383140772289234022E+01    0.446604109405528675E+03
    0.129986301583031394E+01    0.146869160856701365E+04   -0.551198824201637816E+01   -0.681320082176388286E+01   -0.104738403448145796E+02   -0.381496573695895158E+01    0.446605057244854720E+03
    0.130267313841166765E+01    0.137153419276447858E+04   -0.524177328590220615E+01   -0.720039357208977737E+01   -0.103334061980088379E+02   -0.372637732308854908E+01    0.446607282682308437E+03
    0.129815174685959778E+01    0.147506381319582670E+04   -0.529754802794822233E+01   -0.687243884231619706E+01   -0.977263840302332554E+01   -0.376715304655450289E+01    0.446609988407575770E+03
    0.130255656482984317E+01    0.152390862761734456E+04   -0.573249168223970695E+01   -0.753208990200492323E+01   -0.112175637590811075E+02   -0.416802754161132150E+01    0.446613117182606743E+03
    0.130003987660051346E+01    0.149826890146978531E+04   -0.556310628948245522E+01   -0.720390837331541167E+01   -0.987237251897596124E+01   -0.392214511860746740E+01    0.446613197574505534E+03
    0.130422997440189103E+01    0.147408379324304906E+04   -0.593588478490238103E+01   -0.749524780580246475E+01   -0.117142524104074468E+02   -0.417921834560883099E+01    0.446613968721240212E+03
    0.130250789712562409E+01    0.143367701349043955E+04   -0.570394539215078655E+01   -0.709490237579971517E+01   -0.986144112443486165E+01   -0.386986890431975716E+01    0.446616700213173715E+03
    0.130564095912505485E+01    0.140595842991515383E+04   -0.568715988348785650E+01   -0.741400208282927675E+01   -0.111768305252832558E+02   -0.408140493924399639E+01    0.446616753583324964E+03
    0.130329489987718450E+01    0.133316977696729828E+04   -0.518919712032189029E+01   -0.683064860098982329E+01   -0.995862766218277962E+01   -0.364119071556145180E+01    0.446619984168166127E+03
    0.130019359415061309E+01    0.147566440236953508E+04   -0.534013678948909032E+01   -0.692236442020432463E+01   -0.115044700211944821E+02   -0.390871007464970788E+01    0.446620243459805806E+03
    0.130002239084781124E+01    0.151064065126137143E+04   -0.560670285791949574E+01   -0.701210238198712954E+01   -0.116133635284536982E+02   -0.396807300589494893E+01    0.446621462861247267E+03
    0.130446991428490700E+01    0.139368932118720932E+04   -0.557772786581543034E+01   -0.689468636392957368E+01   -0.107170022189167451E+02   -0.392963224018658863E+01    0.446622077674217337E+03
    0.130281782212707786E+01    0.146467094753191236E+04   -0.577981335828114418E+01   -0.761174012036272174E+01   -0.104211661854459123E+02   -0.404189394034550187E+01    0.446624257885623990E+03
    0.129919393020147123E+01    0.154628796835882622E+04   -0.569370684069769695E+01   -0.699603790157717054E+01   -0.102352102604281754E+02   -0.401174550755087544E+01    0.446625392404015429E+03
    0.130062489225190547E+01    0.150191211518228943E+04   -0.551381510189476476E+01   -0.698506322219649789E+01   -0.101267752040005341E+02   -0.399227387032666670E+01    0.446625553717442699E+03
    0.130258268959369561E+01    0.153353674958790339E+04   -0.601287527627431384E+01   -0.752794813495375248E+01   -0.105912146314716633E+02   -0.421771941804950234E+01    0.446626675712397287E+03
    0.130555892930211281E+01    0.138666212587320842E+04   -0.571900236009870078E+01   -0.715710421988433065E+01   -0.105643337561929052E+02   -0.396182046857675374E+01    0.446626823404735092E+03
    0.130066973433360555E+01    0.145682636146073946E+04   -0.526818296150262366E+01   -0.696355869291922502E+01   -0.101350787218612624E+02   -0.387711937267612505E+01    0.446627690142878805E+03
    0.130592237308832493E+01    0.139287601424048103E+04   -0.573580184496505652E+01   -0.719414768271238625E+01   -0.112061947874777363E+02   -0.400373655125534977E+01    0.446629884323740043E+03
    0.130330784249350828E+01    0.146012846315942443E+04   -0.563598615854030616E+01   -0.739809507937758681E+01   -0.116951818579669844E+02   -0.400195949708643983E+01    0.446631227675670857E+03
    0.130269845570667586E+01    0.136872471767860316E+04   -0.541763492004410718E+01   -0.665900878797428231E+01   -0.100041675218188875E+02   -0.370700860842825364E+01    0.446634190744088869E+03
    0.130376407165993413E+01    0.139085353480074127E+04   -0.537617689623113204E+01   -0.738962040061880554E+01   -0.108598322773124387E+02   -0.384272089531674155E+01    0.446641450905042234E+03
    0.130236082170965584E+01    0.136467413455170208E+04   -0.530875779405515669E+01   -0.707810781888217999E+01   -0.101952096932424023E+02   -0.368771560822736788E+01    0.446643063238801972E+03
    0.130231116915995182E+01    0.149532249316757452E+04   -0.560061581875185510E+01   -0.751256810217088500E+01   -0.113008054913808120E+02   -0.409114328886757583E+01    0.446644963806488420E+03
    0.130424368295901494E+01    0.134448349609023035E+04   -0.548362889093871964E+01   -0.693465726991820652E+01   -0.984036694829197778E+01   -0.373364258375631941E+01    0.446647482922519657E+03
    0.130253855718551015E+01    0.137421232404034345E+04   -0.512787467975794886E+01   -0.679220063652945782E+01   -0.106437321455006551E+02   -0.373165034629988668E+01    0.446651697496569284E+03
    0.130439254237711544E+01    0.136370291954695540E+04   -0.526738513854436263E+01   -0.720780466270939968E+01   -0.107772147223352839E+02   -0.380075064206488378E+01    0.446652396135436334E+03
    0.130221049771603781E+01    0.141150547268708851E+04   -0.575869837532592754E+01   -0.712711001699352753E+01   -0.102204547142893318E+02   -0.381153248148805801E+01    0.446654632754783563E+03
    0.130351493682679487E+01    0.137908735843175964E+04   -0.520945601186322182E+01   -0.696637524550747322E+01   -0.106830206919749706E+02   -0.381824021928833623E+01    0.446658374743261959E+03
    0.130122538021267520E+01    0.145289717794711873E+04   -0.550116249872539420E+01   -0.692734601699730934E+01   -0.100961351141291100E+02   -0.383672716221402688E+01    0.446659292196807144E+03
    0.130017480191404000E+01    0.147732003047336980E+04   -0.574950523525799362E+01   -0.708098685994152000E+01   -0.960245628561451348E+01   -0.388396465848096106E+01    0.446659349040217990E+03
    0.130226091624068085E+01    0.154125975291780242E+04   -0.580918488919423215E+01   -0.741682680433958375E+01   -0.112837381464643496E+02   -0.420430220357440199E+01    0.446661762542402755E+03
    0.130486181582164829E+01    0.134469693794626119E+04   -0.555003175223608292E+01   -0.716086284639252479E+01   -0.107192918521110094E+02   -0.380756974806155490E+01    0.446661817559331951E+03
    0.130422615668261654E+01    0.146855706528346809E+04   -0.589155766342165599E+01   -0.761904599689977591E+01   -0.104766831706640779E+02   -0.411193339769910615E+01    0.446664182217275084E+03
    0.130626573803771828E+01    0.141084829364733014E+04   -0.590819118900351192E+01   -0.758454258083476063E+01   -0.116335914638788722E+02   -0.409092252755510444E+01    0.446664224329630201E+03
    0.130538353169775334E+01    0.134589977091337641E+04   -0.552260782965226227E+01   -0.701417477827684355E+01   -0.116576801331518940E+02   -0.382244979951771491E+01    0.446665352719399266E+03
    0.130365182872962393E+01    0.143797348267579673E+04   -0.574744639894614462E+01   -0.712232495543650224E+01   -0.106646878566089693E+02   -0.396057714806511996E+01    0.446667195706580117E+03
    0.130296073622358155E+01    0.150837172080673827E+04   -0.589355982699434833E+01   -0.720620878820190836E+01   -0.106088596865537408E+02   -0.415207492247133914E+01    0.446668676284631431E+03
    0.130417445467758664E+01    0.136944742954066942E+04   -0.533829678822369225E+01   -0.710746787325510976E+01   -0.117821900585486716E+02   -0.385646426595192793E+01    0.446673876075166675E+03
    0.130579291031092648E+01    0.143514498594814700E+04   -0.589372392171406201E+01   -0.746658658082192517E+01   -0.111041329419192927E+02   -0.413494550488241330E+01    0.446673944462368240E+03
    0.130244607594872774E+01    0.149296244737303141E+04   -0.598303437344448863E+01   -0.758709221061496208E+01   -0.103016999629186561E+02   -0.405979789760158827E+01    0.446675966248822476E+03
    0.130337514201807680E+01    0.136356760499696065E+04   -0.547588516754241184E+01   -0.716221383744633933E+01   -0.104347434647552273E+02   -0.376131611500538909E+01    0.446678210082895362E+03
    0.130595516742342954E+01    0.143097029664806723E+04   -0.590081610641288368E+01   -0.759470875499066622E+01   -0.118832964056559334E+02   -0.415873571398527098E+01    0.446680212211634057E+03
    0.130225466126208289E+01    0.146075534156956792E+04   -0.573549563735308254E+01   -0.739790585260616318E+01   -0.108597377336133398E+02   -0.399722658269707765E+01    0.446680805913866038E+03
    0.130546053777429782E+01    0.136333660896126230E+04   -0.565727963259546929E+01   -0.737967054521940025E+01   -0.102971736239833049E+02   -0.386373720162723266E+01    0.446680956691424171E+03
    0.130091777434634870E+01    0.144553323799897998E+04   -0.546094750542734886E+01   -0.686667252040784692E+01   -0.106007758804933641E+02   -0.388021217320251388E+01    0.446684466143134387E+03
    0.130581880063655764E+01    0.135737355015801063E+04   -0.568853543329998690E+01   -0.715379696910329521E+01   -0.119829488161656439E+02   -0.389493213127385829E+01    0.446684963424313651E+03
    0.130420595451397014E+01    0.147615166760448392E+04   -0.610714768162127442E+01   -0.757225793104018940E+01   -0.104476448025697941E+02   -0.417062590618436513E+01    0.446686103254603836E+03
    0.130515008314632475E+01    0.137886323004337873E+04   -0.545835630124933679E+01   -0.710168935172190441E+01   -0.108543824689804591E+02   -0.391323680089471360E+01    0.446686806919896071E+03
    0.130478942046438373E+01    0.138752065608546854E+04   -0.544520034644725559E+01   -0.731769097293777282E+01   -0.110154442407670228E+02   -0.390024837799493973E+01    0.446686903128887479E+03
    0.130353941270290918E+01    0.146611376593047703E+04   -0.568514292903470242E+01   -0.727973956442573300E+01   -0.113674978983732284E+02   -0.412256649312783452E+01    0.446687245436927697E+03
    0.130176102211842815E+01    0.153020497157108775E+04   -0.575152261962318168E+01   -0.751161937788769851E+01   -0.110965854045388248E+02   -0.414449464648462662E+01    0.446687663979832791E+03
    0.130041577375817341E+01    0.146880342112292442E+04   -0.549680139312922122E+01   -0.684518590775109903E+01   -0.113538589711292222E+02   -0.386794288492517424E+01    0.446688018975832847E+03
    0.130445775547313803E+01    0.140482078484997919E+04   -0.567367480294208093E+01   -0.702284629006774974E+01   -0.103487631039780812E+02   -0.397792903044486224E+01    0.446688427325204771E+03
    0.130120811349402499E+01    0.142321027980005829E+04   -0.568662936358907523E+01   -0.701173960614762404E+01   -0.978897032421277302E+01   -0.382352832939757015E+01    0.446688905478449101E+03
    0.130502601722549416E+01    0.139275824679853304E+04   -0.570251303027358514E+01   -0.743664186721699050E+01   -0.110318058271881334E+02   -0.392098854302346567E+01    0.446690714231891604E+03
    0.129897850685836436E+01    0.146547933576373498E+04   -0.573226821335489589E+01   -0.680278580666472266E+01   -0.954352437625018091E+01   -0.377023140185518102E+01    0.446691720187975307E+03
    0.130383794843165579E+01    0.139993723388361059E+04   -0.540186675095038638E+01   -0.716959406851584191E+01   -0.102517661462111853E+02   -0.388568310381871385E+01    0.446692804837100539E+03
    0.130226660266221073E+01    0.139774035527244746E+04   -0.526512969103936079E+01   -0.714769577655840838E+01   -0.110023334915986997E+02   -0.379832718223306109E+01    0.446694427838077956E+03
    0.130113361640977132E+01    0.151382832850737304E+04   -0.562488036566373228E+01   -0.726472545718134732E+01   -0.112966028242881009E+02   -0.401809937365785341E+01    0.446695053962040049E+03
    0.130494851349743346E+01    0.136201187594771523E+04   -0.533665690687356697E+01   -0.710776746964801998E+01   -0.108235037409747470E+02   -0.383930265501801316E+01    0.446695875980773735E+03
    0.130285752044337610E+01    0.141489904726107807E+04   -0.522362088474211284E+01   -0.705434349170107744E+01   -0.114084234538243390E+02   -0.387841519912409716E+01    0.446696788039655132E+03
    0.130243419722496845E+01    0.143329540258245447E+04   -0.563307280876464933E+01   -0.710341376750828069E+01   -0.114002086753566942E+02   -0.393293551153701770E+01    0.446699125588510981E+03
    0.129909835628338488E+01    0.154459773633932264E+04   -0.574602375238910223E+01   -0.713742232287940581E+01   -0.999184163626662780E+01   -0.402174576838162867E+01    0.446701756193025574E+03
    0.130451747878749491E+01    0.142328037648277950E+04   -0.554302773121995873E+01   -0.716987016727743764E+01   -0.109294948779728127E+02   -0.403703335398518970E+01    0.446703152023231098E+03
    0.130373682647224731E+01    0.140454205068088049E+04   -0.577182374648506347E+01   -0.691885609767555110E+01   -0.106032859207816870E+02   -0.391923773268373488E+01    0.446706477378336331E+03
    0.130195980460560468E+01    0.140076347795049287E+04   -0.524696367935384522E+01   -0.702146228124762928E+01   -0.109658475830219775E+02   -0.374305723152784608E+01    0.446708051689964975E+03
    0.130150822618937312E+01    0.144331611217453906E+04   -0.578837728745843272E+01   -0.731862742444021830E+01   -0.965508474873196931E+01   -0.388108746845050057E+01    0.446708573668641577E+03
    0.130079216311203738E+01    0.146934845241751009E+04   -0.573108024595786247E+01   -0.677707289577322580E+01   -0.100473087038988673E+02   -0.388530025923077282E+01    0.446709448601022757E+03
    0.130022745391633610E+01    0.144090204054124570E+04   -0.553826689133856842E+01   -0.665656806375599874E+01   -0.101366666912629917E+02   -0.376895571957099129E+01    0.446709922746490804E+03
    0.130625095089970289E+01    0.138347391788495361E+04   -0.568820551040101652E+01   -0.727429295965303435E+01   -0.113725425704215599E+02   -0.400176447357854670E+01    0.446710205475113810E+03
    0.130355973389297053E+01    0.145845097688267970E+04   -0.595672140079639689E+01   -0.722632697137348590E+01   -0.109279022200781757E+02   -0.408923303649786085E+01    0.446713332122840256E+03
    0.130072258654534223E+01    0.144026440022714405E+04   -0.547717590772386220E+01   -0.663850546110108297E+01   -0.993756760681402973E+01   -0.380696837969163582E+01    0.446716877796890685E+03
    0.130013477496377039E+01    0.151013066477451730E+04   -0.547072588758461809E+01   -0.711497209875827963E+01   -0.114978732737234814E+02   -0.399566793814683940E+01    0.446719708432301900E+03
    0.130580568152434573E+01    0.140481223279070900E+04   -0.575201977888749383E+01   -0.733694589609657832E+01   -0.108886566727967100E+02   -0.402445375638694536E+01    0.446720625205873432E+03
    0.130345502511509492E+01    0.137880188193827780E+04   -0.536124211714824117E+01   -0.714906559588668067E+01   -0.117517571220181978E+02   -0.377660469103131469E+01    0.446720717879213680E+03
    0.130111197464114459E+01    0.148150016364725343E+04   -0.550834004925624754E+01   -0.726287829015032926E+01   -0.119757675374153756E+02   -0.393702286879752172E+01    0.446720944803004443E+03
    0.130353193333042006E+01    0.143516809909368521E+04   -0.571961495294925459E+01   -0.698968087320263898E+01   -0.109286876565134712E+02   -0.402418170984376644E+01    0.446721552256025689E+03
    0.130438032356981637E+01    0.139467054855753759E+04   -0.571333942785499804E+01   -0.693479489373347402E+01   -0.108900553054386560E+02   -0.390002701138362795E+01    0.446723126607670338E+03
    0.130476222081226845E+01    0.139981427825949140E+04   -0.553203275816998996E+01   -0.710197653768794979E+01   -0.105698013064024359E+02   -0.397379939962698536E+01    0.446730277795372558E+03
    0.130202052410030555E+01    0.141881816327209003E+04   -0.564673422290772820E+01   -0.672907468196898506E+01   -0.996780909099047641E+01   -0.384402420083338114E+01    0.446730666012373206E+03
    0.130511138506129010E+01    0.143671216294954570E+04   -0.591529273812616196E+01   -0.761148162389205574E+01   -0.103795644049967510E+02   -0.410899601829562489E+01    0.446732073976324841E+03
    0.130369375008037580E+01    0.142359263104377987E+04   -0.569574482157048845E+01   -0.760357177486767988E+01   -0.101420070000944147E+02   -0.396373558575606388E+01    0.446734798546996899E+03
    0.130315183093261266E+01    0.141736959231724336E+04   -0.580805537594719823E+01   -0.699476359474121079E+01   -0.986550894927559519E+01   -0.392767306600687505E+01    0.446736327503897883E+03
    0.130202053937682294E+01    0.140020288210130434E+04   -0.527280511221713244E+01   -0.668887206575448445E+01   -0.107855967629076233E+02   -0.378251762613020404E+01    0.446738195444884980E+03
    0.130353229880458277E+01    0.137639141672958226E+04   -0.554169843996792988E+01   -0.698715274960349220E+01   -0.108747308389152231E+02   -0.377858543975875527E+01    0.446740394926514625E+03
    0.130093774537283524E+01    0.150812576201152137E+04   -0.555067467059493147E+01   -0.713412483286560217E+01   -0.113740258106855183E+02   -0.399738251674066447E+01    0.446740987596000025E+03
    0.130238461570434483E+01    0.143728583670585317E+04   -0.539382244159328028E+01   -0.695721726366857585E+01   -0.102459024766036340E+02   -0.392667800238899822E+01    0.446746363289678811E+03
    0.130238835389876484E+01    0.139298118076215542E+04   -0.515407430803062727E+01   -0.694863086559962273E+01   -0.105641713333041256E+02   -0.378446827998538993E+01    0.446750716322692767E+03
    0.130337911576860388E+01    0.137330593251476057E+04   -0.534862614942671399E+01   -0.687539398923741452E+01   -0.118514815526663693E+02   -0.375029208810912529E+01    0.446752005637046636E+03
    0.130266009136408023E+01    0.138902975604601897E+04   -0.561514094411111575E+01   -0.725068185254885300E+01   -0.983334503673727944E+01   -0.375558939213187060E+01    0.446752431361638457E+03
    0.130029868156006589E+01    0.139212165193846931E+04   -0.551297662720268722E+01   -0.676786173270121161E+01   -0.955781147342786497E+01   -0.361488592363284766E+01    0.446752633702917251E+03
    0.130343817717992039E+01    0.145854864286514226E+04   -0.571455024598474814E+01   -0.728112994139441838E+01   -0.116114618232061542E+02   -0.400669260408511985E+01    0.446754422358770682E+03
    0.130234242500994490E+01    0.139940699434160479E+04   -0.565882700420506435E+01   -0.725349264154958817E+01   -0.100584774227976794E+02   -0.379912904116114269E+01    0.446755597769509563E+03
    0.130088539107237144E+01    0.154089568014012889E+04   -0.581112055662253546E+01   -0.738400659355838496E+01   -0.103491840889610707E+02   -0.412904413055165520E+01    0.446755973316344580E+03
    0.130055830870296463E+01    0.147908892757467288E+04   -0.545481482810453944E+01   -0.705468906050544220E+01   -0.114545949864473506E+02   -0.389078918282865871E+01    0.446757371929671820E+03
    0.129942637886675927E+01    0.145024781225435868E+04   -0.564480351023218496E+01   -0.687994890497012346E+01   -0.964674431352359818E+01   -0.372789034921946438E+01    0.446758667693924849E+03
    0.130263510584689723E+01    0.139972041351479993E+04   -0.543955821941389228E+01   -0.735280522902472544E+01   -0.102959184060657094E+02   -0.380042139661279066E+01    0.446759376857904101E+03
    0.130564895136041326E+01    0.142471174009220067E+04   -0.579921968957905509E+01   -0.730579026973844492E+01   -0.119262721231251412E+02   -0.407775089297879756E+01    0.446762182667409036E+03
    0.130386971049029632E+01    0.150179761480942307E+04   -0.593968569694719939E+01   -0.743166150059404096E+01   -0.111351369188788212E+02   -0.422247340303751351E+01    0.446762544813043348E+03
    0.130202273187696260E+01    0.140890190004709143E+04   -0.529934463782398524E+01   -0.704063263134040707E+01   -0.108625708587803178E+02   -0.383338590204091822E+01    0.446762986030333082E+03
    0.130330395590567938E+01    0.144626569247045313E+04   -0.541524129746189686E+01   -0.728407334586291189E+01   -0.110361388195090253E+02   -0.400342017148172502E+01    0.446764705156569619E+03
    0.130507921877437472E+01    0.137144083266895450E+04   -0.551436996650469169E+01   -0.705077116438072782E+01   -0.106327947265688074E+02   -0.391793712965451135E+01    0.446766565232261598E+03
    0.130095329187582331E+01    0.143685823183651974E+04   -0.545429166817873678E+01   -0.728802979999154310E+01   -0.100420193661054959E+02   -0.380501409109381150E+01    0.446769072212344611E+03
    0.129947305930067514E+01    0.147734305822058241E+04   -0.535519723528696634E+01   -0.707661409962752863E+01   -0.100589512956500293E+02   -0.382060768609846590E+01    0.446769527172135668E+03
    0.130200559330546972E+01    0.141693662890167093E+04   -0.531791249845140435E+01   -0.716895289108986855E+01   -0.996323390169167489E+01   -0.382549853415170382E+01    0.446770085629859693E+03
    0.130058298980567222E+01    0.153201461897192326E+04   -0.567751426297379513E+01   -0.711289825155437150E+01   -0.104134905316681259E+02   -0.404557914904022820E+01    0.446771368164961359E+03
    0.130398948665126713E+01    0.145669699810063389E+04   -0.582886390721790271E+01   -0.711911133609998714E+01   -0.108544159645108760E+02   -0.406135190123364431E+01    0.446776244750877879E+03
    0.130240168074623774E+01    0.140721773496623564E+04   -0.531962024016854684E+01   -0.686477997944682361E+01   -0.107470792614366335E+02   -0.385776617480698469E+01    0.446776735762950125E+03
    0.130335418675629278E+01    0.146474623030033035E+04   -0.600133914580965033E+01   -0.724423727470952628E+01   -0.103841294946267997E+02   -0.409341546789507937E+01    0.446783202312544574E+03
    0.130624517095905657E+01    0.136775275687690601E+04   -0.567311538524019987E+01   -0.732405868984492336E+01   -0.107026210786193534E+02   -0.398151703200711715E+01    0.446783628186178930E+03
    0.130625916288837396E+01    0.139354202753177788E+04   -0.585181015790872117E+01   -0.736734286432439944E+01   -0.113119667057498265E+02   -0.402998862271375735E+01    0.446787227328093422E+03
    0.130212045948182453E+01    0.144306239706042493E+04   -0.557362068787981002E+01   -0.685136065379454706E+01   -0.107733562988823106E+02   -0.387793519047014001E+01    0.446787972989103196E+03
    0.130096727761853104E+01    0.153221707415711717E+04   -0.602063010334459658E+01   -0.727211567408057924E+01   -0.104318695172664384E+02   -0.409446494892131518E+01    0.446790213296424156E+03
    0.130132814550643472E+01    0.150379306107113507E+04   -0.554029593309760671E+01   -0.697193234770674586E+01   -0.116944946688222906E+02   -0.405162221695577784E+01    0.446790219475788717E+03
    0.130219793588690136E+01    0.136598834641790791E+04   -0.538942784336318059E+01   -0.689889847461962358E+01   -0.959460864259001234E+01   -0.366608111047813701E+01    0.446792839620467078E+03
    0.130235608451310014E+01    0.147612643412147190E+04   -0.567563977031408928E+01   -0.732931167232512415E+01   -0.111967817641840703E+02   -0.406750909841240293E+01    0.446793947233049437E+03
    0.130057286815028839E+01    0.147290220168405199E+04   -0.560242445483000484E+01   -0.703622304193260284E+01   -0.986863090572179225E+01   -0.393219001991322337E+01    0.446796807871882777E+03
    0.130515732496666415E+01    0.140658364875263737E+04   -0.593632914330593398E+01   -0.727987088115462022E+01   -0.111090335465379120E+02   -0.400564577278041689E+01    0.446798174454314903E+03
    0.130438668151188319E+01    0.144029247159793658E+04   -0.590023784960516107E+01   -0.723093719715596439E+01   -0.107586691864220860E+02   -0.409670369350293306E+01    0.446799224464274630E+03
    0.130291883034374734E+01    0.137841695422387465E+04   -0.528129587742021744E+01   -0.678574486192413762E+01   -0.103320374697684514E+02   -0.374624171737081824E+01    0.446801036123508993E+03
    0.130378664655300303E+01    0.144734747182527235E+04   -0.581440763985599318E+01   -0.737860134756385300E+01   -0.115737497119795751E+02   -0.400699613557307011E+01    0.446801827355995442E+03
    0.130307336827979237E+01    0.137036954937851328E+04   -0.519691664780285745E+01   -0.703734059448289173E+01   -0.118338497381025451E+02   -0.375036289908999265E+01    0.446804722117687504E+03
    0.130015500687947583E+01    0.152200380420041870E+04   -0.559219316239156061E+01   -0.723278833243887220E+01   -0.109805058197809497E+02   -0.402451950152368365E+01    0.446805544677542002E+03
    0.130163473342919178E+01    0.145827694776333215E+04   -0.541856699535805042E+01   -0.715528444609899239E+01   -0.112163802695238441E+02   -0.396147086986952424E+01    0.446807349961610100E+03
    0.130146318507502601E+01    0.141134669973529890E+04   -0.574698227221880398E+01   -0.706998296365318346E+01   -0.980958832402289360E+01   -0.378404674874509617E+01    0.446807404652224818E+03
    0.130053231308918438E+01    0.145778391524842186E+04   -0.540818636844590728E+01   -0.679188137230379319E+01   -0.107532938574934906E+02   -0.387954781767611223E+01    0.446807800580399203E+03
    0.130147865920107453E+01    0.135899704925587366E+04   -0.515278583680674629E+01   -0.673041090231762240E+01   -0.100394097709368904E+02   -0.358782037091891581E+01    0.446807886546653265E+03
    0.130399874566525997E+01    0.139592644993377735E+04   -0.547685054799302939E+01   -0.699505366328435940E+01   -0.119700469739917299E+02   -0.393499099306931654E+01    0.446808379568901785E+03
    0.130211797908819760E+01    0.136636506165708715E+04   -0.547323117321396779E+01   -0.681504371658350205E+01   -0.986015086529961948E+01   -0.364771139949211509E+01    0.446808986260400957E+03
    0.130291872215662718E+01    0.143907596712989243E+04   -0.558770970464825556E+01   -0.690598119041461356E+01   -0.105520478187000659E+02   -0.393046628533958042E+01    0.446809393694047287E+03
    0.130290533687994059E+01    0.140767993581365999E+04   -0.532334116384213729E+01   -0.724424151649983727E+01   -0.102360658602426504E+02   -0.385448214493470509E+01    0.446817253317186157E+03
    0.130591982821012520E+01    0.142481128867655571E+04   -0.584395696402665354E+01   -0.734584661822332308E+01   -0.118265967278332518E+02   -0.411560436101076021E+01    0.446818014026387345E+03
    0.130243294583881530E+01    0.152532319677839268E+04   -0.589936675533441601E+01   -0.748983925514184090E+01   -0.110019437284368493E+02   -0.418902552144187990E+01    0.446819137854946518E+03
    0.130418499962186485E+01    0.144950855729387081E+04   -0.583569695327640403E+01   -0.764531426182620599E+01   -0.108820262040329929E+02   -0.409139280238582792E+01    0.446820807711567625E+03
    0.130105249251833355E+01    0.137854986998088998E+04   -0.544676567959785185E+01   -0.669120100683908259E+01   -0.966396571009945760E+01   -0.362023418304873701E+01    0.446821687868734500E+03
    0.130298788103447660E+01    0.145681949792508249E+04   -0.611359547335624853E+01   -0.719641978671204274E+01   -0.100274031909043320E+02   -0.400636817300194981E+01    0.446822091483830661E+03
    0.130322670947215036E+01    0.141559458488390146E+04   -0.532577793288727275E+01   -0.728780423333717309E+01   -0.118663126976900823E+02   -0.392161077070923625E+01    0.446825834188037732E+03
    0.130479179627803221E+01    0.141014795523757448E+04   -0.563608596900737435E+01   -0.720041077839832155E+01   -0.117200692256110504E+02   -0.403598764599697546E+01    0.446827016663513291E+03
    0.130326600860510267E+01    0.139692108898176571E+04   -0.549759767807431388E+01   -0.698428291517887345E+01   -0.106838155239219503E+02   -0.389310470644588946E+01    0.446828498865012591E+03
    0.130420266484559155E+01    0.139268644884189416E+04   -0.581133772336880750E+01   -0.747480554811437070E+01   -0.102055314584781502E+02   -0.390821297888352959E+01    0.446829303626294234E+03
    0.130001867129419990E+01    0.147938423104225990E+04   -0.541072239993594817E+01   -0.722696476215813721E+01   -0.103370317430626955E+02   -0.388093129472651555E+01    0.446830224994855769E+03
    0.130463676761727987E+01    0.142436697643984712E+04   -0.567786275940446838E+01   -0.732094507766279534E+01   -0.119674598155918499E+02   -0.398502447575618390E+01    0.446831248489230745E+03
    0.130270635159580950E+01    0.142873070070838685E+04   -0.562349079712843558E+01   -0.693539770294606583E+01   -0.115265216576232827E+02   -0.388594184962025935E+01    0.446834237848169607E+03
    0.130058738622016201E+01    0.150907091974102673E+04   -0.559792077918605013E+01   -0.737118763790080944E+01   -0.105002268273406827E+02   -0.399373535545085367E+01    0.446834328644690231E+03
    0.130458374400084498E+01    0.143391922788078818E+04   -0.564622899431103331E+01   -0.762509660467533301E+01   -0.109714921068430495E+02   -0.405972702307145727E+01    0.446836114724689480E+03
    0.130040086393463206E+01    0.148645061593365381E+04   -0.548560535951778849E+01   -0.704588060353638213E+01   -0.119643521334806309E+02   -0.394176727437332275E+01    0.446836242029501761E+03
    0.130282854762429623E+01    0.134291291339073405E+04   -0.521716899084874708E+01   -0.681888148953538753E+01   -0.103386741673881595E+02   -0.363513530761836279E+01    0.446837988423333968E+03
    0.130150296142114974E+01    0.139411840433567113E+04   -0.555003775339231886E+01   -0.700925919464948244E+01   -0.985396579884615065E+01   -0.373635300708795448E+01    0.446838776395585853E+03
    0.130181711535256195E+01    0.150961198462353786E+04   -0.583850770788589912E+01   -0.755256293489105612E+01   -0.104334310205649352E+02   -0.407813096065614644E+01    0.446839881503959873E+03
    0.130433457780361994E+01    0.147076163403590499E+04   -0.604316750481158937E+01   -0.756940910507863673E+01   -0.112065262684201592E+02   -0.414557616719490252E+01    0.446841886443618250E+03
    0.130328969610669043E+01    0.141192122485733626E+04   -0.545404059606715119E+01   -0.685319508800683153E+01   -0.105294873808525971E+02   -0.390682466231216985E+01    0.446843174752903451E+03
    0.130092278806769790E+01    0.149664164645960000E+04   -0.565766067350814161E+01   -0.728088245244702836E+01   -0.103905881459652996E+02   -0.396086651373976650E+01    0.446844389338359122E+03
    0.130310827953805264E+01    0.151219054084886534E+04   -0.595798796829336030E+01   -0.752769011582516967E+01   -0.119750938546598391E+02   -0.417704137759341698E+01    0.446844877257227211E+03
    0.130432486631387956E+01    0.143699264750778593E+04   -0.589703296230980722E+01   -0.718188544783314864E+01   -0.102159944627578749E+02   -0.405780848149982010E+01    0.446844954037000548E+03
    0.130149080893994884E+01    0.148479485236969094E+04   -0.598369953109282005E+01   -0.709723781051574054E+01   -0.100221050015178061E+02   -0.401891253052297870E+01    0.446848446077213907E+03
    0.130446588405703379E+01    0.146798312006032370E+04   -0.578124982880276228E+01   -0.735076266091241326E+01   -0.110975375324826100E+02   -0.413485307668549673E+01    0.446849156094553507E+03
    0.130144275711749113E+01    0.150732128745466798E+04   -0.579209733173341768E+01   -0.698337167919125701E+01   -0.110167852593271132E+02   -0.406273647450511532E+01    0.446850203171128612E+03
    0.129915685421725491E+01    0.144982405000445715E+04   -0.545341762162548704E+01   -0.681349223003869042E+01   -0.967259872169922907E+01   -0.376267167853960771E+01    0.446852595762336989E+03
    0.130326634518485207E+01    0.142681397980581733E+04   -0.562901012816089263E+01   -0.716602613573375002E+01   -0.107298073602368795E+02   -0.389983478395623173E+01    0.446856081339982381E+03
    0.130305690750315462E+01    0.139728112929623535E+04   -0.558506245421493297E+01   -0.721067854552075627E+01   -0.108792267967589567E+02   -0.383957807616140201E+01    0.446856093445993849E+03
    0.130476297691069920E+01    0.137846985009570722E+04   -0.558445730017816899E+01   -0.726471001296601937E+01   -0.113132845872836754E+02   -0.392992479991130317E+01    0.446859915370631597E+03
    0.130109871180922676E+01    0.142625397708867058E+04   -0.572483308253080203E+01   -0.677171765116793622E+01   -0.977854674541886837E+01   -0.378307926941276484E+01    0.446861238196563363E+03
    0.130330434895581093E+01    0.143317624271912496E+04   -0.582338896253010940E+01   -0.748033205828989178E+01   -0.104786213561956760E+02   -0.398053419499563432E+01    0.446862208898272399E+03
    0.130194237855447992E+01    0.141274359808380677E+04   -0.526994496839271243E+01   -0.719309337619410005E+01   -0.106239812036070056E+02   -0.381595506517058070E+01    0.446864090189622232E+03
    0.130323259034189132E+01    0.149550737785852152E+04   -0.599517568078764462E+01   -0.739666097287225544E+01   -0.109664843954516495E+02   -0.416882008407929838E+01    0.446864476419212338E+03
    0.130131754864937710E+01    0.149314513899254189E+04   -0.586341858892466217E+01   -0.739579658097684334E+01   -0.104157028680639723E+02   -0.399395822247957533E+01    0.446865699840959053E+03
    0.130575593049461314E+01    0.140180729391179602E+04   -0.596164438549687414E+01   -0.750290510628019724E+01   -0.103698420139770349E+02   -0.403914191172485104E+01    0.446866161894666959E+03
    0.130189693181279842E+01    0.149316961672980415E+04   -0.563395295932277573E+01   -0.748925175099964413E+01   -0.112725200098103677E+02   -0.403509509521896526E+01    0.446866581091272280E+03
    0.130539241831284047E+01    0.136278464536128558E+04   -0.577399398086459392E+01   -0.728507640031591119E+01   -0.107332553365002923E+02   -0.388215016593433582E+01    0.446871451547505615E+03
    0.130407112400589176E+01    0.139534563799752777E+04   -0.588307270926022241E+01   -0.723010712170275216E+01   -0.985675080908927548E+01   -0.391636710268332422E+01    0.446872011256584017E+03
    0.130255003430095218E+01    0.141710828798458942E+04   -0.560934291264338558E+01   -0.701917232870777852E+01   -0.114827895236991857E+02   -0.386462846359664880E+01    0.446872432586748118E+03
    0.130366305604135180E+01    0.138739258074342956E+04   -0.546788496516629952E+01   -0.683690312244655196E+01   -0.119527861199309537E+02   -0.385066796573847547E+01    0.446873943444186011E+03
    0.130486717941697283E+01    0.135579704390088091E+04   -0.553338174720952303E+01   -0.698585726658166717E+01   -0.106745386017168915E+02   -0.385522751128778829E+01    0.446874422893833867E+03
    0.130233639717845029E+01    0.138401737073387721E+04   -0.519135108865183348E+01   -0.679424524632363713E+01   -0.113345614549773437E+02   -0.373019940408192419E+01    0.446875847831746341E+03
    0.130179268341607779E+01    0.140221972791071926E+04   -0.552330628052387329E+01   -0.687667162593406722E+01   -0.104733462609198096E+02   -0.375722237847096530E+01    0.446880282489246042E+03
    0.130115880713213539E+01    0.145138232314913762E+04   -0.584932827866484839E+01   -0.726762155444400637E+01   -0.986027732205038987E+01   -0.388645382589891852E+01    0.446880796936436411E+03
    0.130450477675808374E+01    0.139581438494333133E+04   -0.548873280477571424E+01   -0.744367265846251858E+01   -0.116807261944208918E+02   -0.395251320449717269E+01    0.446881767931352726E+03
    0.130319553622854789E+01    0.141765085062511343E+04   -0.551503248592772088E+01   -0.746651138937047509E+01   -0.108160740374878888E+02   -0.390431763880386029E+01    0.446881804081837117E+03
    0.130148022202914393E+01    0.150409391929438107E+04   -0.566657110462861979E+01   -0.738870696712582564E+01   -0.119814263157340317E+02   -0.403339567385558961E+01    0.446881967060079091E+03
    0.130384150679472177E+01    0.149809483592467132E+04   -0.602165646425136281E+01   -0.752952249375518079E+01   -0.112818526325080075E+02   -0.418322667448380781E+01    0.446882291422230935E+03
    0.130586326502892791E+01    0.135990006342479819E+04   -0.568737217797185046E+01   -0.718067486527546439E+01   -0.113672747052351824E+02   -0.390251839673019063E+01    0.446882396480639272E+03
    0.130038023844329320E+01    0.150139272695488853E+04   -0.543543050271815176E+01   -0.714017122491921263E+01   -0.119099681946658364E+02   -0.395907345584950576E+01    0.446882487343135494E+03
    0.130443914891156210E+01    0.144187981544151035E+04   -0.572155537929825808E+01   -0.741078052782833385E+01   -0.112546554135938131E+02   -0.410535316382846283E+01    0.446882503943750180E+03
    0.130105573635515004E+01    0.143564536736619380E+04   -0.547697510732279458E+01   -0.675755285874042677E+01   -0.101193860014828356E+02   -0.385400662737695576E+01    0.446882634116829081E+03
    0.130224136469807550E+01    0.145359321522630808E+04   -0.535016826993795291E+01   -0.729628438598373030E+01   -0.111471580808309128E+02   -0.394143766096490467E+01    0.446886005089396406E+03
    0.130489927149158635E+01    0.143019740860605589E+04   -0.591463048511991740E+01   -0.737292838155601249E+01   -0.106059260659689745E+02   -0.409996379239550990E+01    0.446886019475164915E+03
    0.130266722177704075E+01    0.144273777010641834E+04   -0.570299797428058675E+01   -0.738964707499535489E+01   -0.104722956614839351E+02   -0.394866620744495656E+01    0.447607920216619277E+03
    0.130266722177704075E+01    0.144273777010641834E+04   -0.570299797428058675E+01   -0.738964707499535489E+01   -0.104722956614839351E+02   -0.394866620744495656E+01    0.447607920216619277E+03
    0.130442858999827571E+01    0.137360752674276910E+04   -0.554089597368761666E+01   -0.725570807219488056E+01   -0.116675615843242451E+02   -0.384134308823254855E+01    0.447114346643390206E+03
    0.130320704121439990E+01    0.143045538468264658E+04   -0.546961790016586669E+01   -0.706772478928368830E+01   -0.115249470857650760E+02   -0.397089965805956346E+01    0.447410978598566658E+03
    0.130352838178613117E+01    0.143776736712384650E+04   -0.568947562164947840E+01   -0.709057836226318372E+01   -0.118153260301030336E+02   -0.397231615328808374E+01    0.447312841129301546E+03
    0.130180968564690636E+01    0.147523573886127610E+04   -0.568164225246395382E+01   -0.719925006445117432E+01   -0.107608916374150851E+02   -0.400370640244372566E+01    0.447747161394850423E+03
    0.130180968564690636E+01    0.147523573886127610E+04   -0.568164225246395382E+01   -0.719925006445117432E+01   -0.107608916374150851E+02   -0.400370640244372566E+01    0.447747161394850423E+03
    0.130291169750664126E+01    0.149157475031024546E+04   -0.579598078426128005E+01   -0.738630337433410489E+01   -0.115721772991846947E+02   -0.413276750792425052E+01    0.447194447463744496E+03
    0.130396730952135798E+01    0.141773651869513424E+04   -0.577881321206480614E+01   -0.710806964207724956E+01   -0.101999327596837865E+02   -0.396394842919069568E+01    0.447454793359858172E+03
    0.130549371271923520E+01    0.139747491703534320E+04   -0.587434963280166222E+01   -0.727767743262399769E+01   -0.105650038614399637E+02   -0.400633167312495964E+01    0.447134250324150344E+03
    0.130121237137728030E+01    0.146119742052272545E+04   -0.556681918075764504E+01   -0.697095285715354240E+01   -0.116225323901509441E+02   -0.389720833723129445E+01    0.447066435821726429E+03
    0.130451301682470522E+01    0.142034356921003746E+04   -0.565035512897235659E+01   -0.724938031580365827E+01   -0.110297026954120838E+02   -0.404173350197754022E+01    0.447187302751477944E+03
    0.130267406681064046E+01    0.144099796082274224E+04   -0.546329119015325482E+01   -0.705608303971774919E+01   -0.117392963567534014E+02   -0.396116573096697699E+01    0.447564022395992197E+03
    0.130273598691287984E+01    0.148896885973479880E+04   -0.585231218995662683E+01   -0.728597744618397769E+01   -0.103278623174280959E+02   -0.411341919091208919E+01    0.447226876195181319E+03
    0.130294657670433955E+01    0.148427793918822522E+04   -0.573777862020076679E+01   -0.733241140116229850E+01   -0.105924060363998223E+02   -0.405815992083131860E+01    0.447230689965954468E+03
    0.130287733064580413E+01    0.143634089974291714E+04   -0.537371817603384461E+01   -0.708108023585173729E+01   -0.113570778886369794E+02   -0.395240643343202969E+01    0.447246324255400623E+03
    0.130047644602849455E+01    0.149488181971769336E+04   -0.576755206389247466E+01   -0.724712388030521382E+01   -0.988444828514202989E+01   -0.392754531885642599E+01    0.447027104122633659E+03
    0.130530256983558424E+01    0.140577806614951760E+04   -0.577867497526345542E+01   -0.741068483073645101E+01   -0.107150397542574236E+02   -0.403112820100414915E+01    0.447422586241526119E+03
    0.130434259979668710E+01    0.140655336898117093E+04   -0.589737147750794577E+01   -0.720634292082903194E+01   -0.104336487702706737E+02   -0.395800820408639886E+01    0.447298564736678088E+03
    0.130420042065886976E+01    0.146270636880327834E+04   -0.591397511210367632E+01   -0.749844993709273666E+01   -0.107158419347214036E+02   -0.410909263487948984E+01    0.447580001932157813E+03
    0.130420042065886976E+01    0.146270636880327834E+04   -0.591397511210367632E+01   -0.749844993709273666E+01   -0.107158419347214036E+02   -0.410909263487948984E+01    0.447580001932157813E+03
    0.130312616346259880E+01    0.142042185506908390E+04   -0.555014352376060849E+01   -0.710358622855144706E+01   -0.115019828787982110E+02   -0.387407560195697798E+01    0.446952190412404775E+03
    0.130276267682363200E+01    0.148661605909913123E+04   -0.574913790696061433E+01   -0.733829055112573414E+01   -0.110528946902898610E+02   -0.411924868592029458E+01    0.447125234247892649E+03
    0.130378775674225933E+01    0.141628878524216520E+04   -0.559090893442766479E+01   -0.735969290770796114E+01   -0.118750821969182585E+02   -0.395617954993664256E+01    0.447412253057211274E+03
    0.130345291616323822E+01    0.149665139574818659E+04   -0.592006693578338616E+01   -0.757004993511017155E+01   -0.105085370831827571E+02   -0.415734057585739691E+01    0.446920138397243306E+03
    0.130254964446227106E+01    0.146617647760058071E+04   -0.561718112784853218E+01   -0.704406785121513490E+01   -0.117636382544471587E+02   -0.403507408751692687E+01    0.447340736414808816E+03
    0.130326075792335816E+01    0.142324674332271275E+04   -0.571030891613220515E+01   -0.724276914896212531E+01   -0.102597949158062978E+02   -0.393603161231780696E+01    0.448004889337341922E+03
    0.130326075792335816E+01    0.142324674332271275E+04   -0.571030891613220515E+01   -0.724276914896212531E+01   -0.102597949158062978E+02   -0.393603161231780696E+01    0.448004889337341922E+03
    0.130384452699277409E+01    0.142529992138055104E+04   -0.580837423729151947E+01   -0.715440869058107598E+01   -0.103468343105713529E+02   -0.396439881612128531E+01    0.447523036844289550E+03
    0.130384452699277409E+01    0.142529992138055104E+04   -0.580837423729151947E+01   -0.715440869058107598E+01   -0.103468343105713529E+02   -0.396439881612128531E+01    0.447523036844289550E+03
    0.130208261207887466E+01    0.144576847127937162E+04   -0.548178905284376583E+01   -0.704427175201227396E+01   -0.115754465625341858E+02   -0.389405910933364829E+01    0.447217424004253303E+03
    0.130293900372406424E+01    0.146352240704713563E+04   -0.562491795341792766E+01   -0.711304891318859056E+01   -0.109181710010103448E+02   -0.402440873133611987E+01    0.447780795348032257E+03
    0.130293900372406424E+01    0.146352240704713563E+04   -0.562491795341792766E+01   -0.711304891318859056E+01   -0.109181710010103448E+02   -0.402440873133611987E+01    0.447780795348032257E+03
    0.130533082178701543E+01    0.142558079606788920E+04   -0.589686253002065364E+01   -0.736184210342097423E+01   -0.110140381683227133E+02   -0.408963148472856641E+01    0.447281028780718771E+03
    0.130267834584293341E+01    0.146341635134665034E+04   -0.545272995748214750E+01   -0.727343876478294415E+01   -0.111939634483515249E+02   -0.399110740529862973E+01    0.447104089927271275E+03
    0.130369848347080808E+01    0.141356921183417080E+04   -0.566790733809375435E+01   -0.744797339953306015E+01   -0.100747548308321360E+02   -0.391209560689789981E+01    0.447119685705575250E+03
    0.130233743291264892E+01    0.145338996406814681E+04   -0.547362636264631863E+01   -0.709027333118150604E+01   -0.119824525252211771E+02   -0.395422728733748308E+01    0.447780469370983383E+03
    0.130209746045392105E+01    0.146556115107065420E+04   -0.540555292801615828E+01   -0.717882505791532743E+01   -0.114974764601875155E+02   -0.398530366811449888E+01    0.447235976708702992E+03
    0.130100525640642650E+01    0.152130615549632580E+04   -0.593262726090044978E+01   -0.711358834879951907E+01   -0.105688276770457197E+02   -0.405977601395858034E+01    0.446922907216926262E+03
    0.130263387718771151E+01    0.146930178784499185E+04   -0.595974810414922374E+01   -0.712532743823506909E+01   -0.105794170458882704E+02   -0.400828969356926468E+01    0.446967529042592162E+03
    0.130320358951655457E+01    0.144308751979421254E+04   -0.546581491616758175E+01   -0.731479218210080973E+01   -0.111904328076613488E+02   -0.397931568266824520E+01    0.447463600515926260E+03
    0.130537698284122095E+01    0.142241929017076677E+04   -0.587912464765460729E+01   -0.742443259611955231E+01   -0.111708362300131583E+02   -0.406955608658906165E+01    0.447405044505371052E+03
    0.130230049820945615E+01    0.146202459367650340E+04   -0.565743354879290727E+01   -0.697457345755201796E+01   -0.119117681743260633E+02   -0.397206608679970152E+01    0.447339184449654113E+03
    0.130230049820945615E+01    0.146202459367650340E+04   -0.565743354879290727E+01   -0.697457345755201796E+01   -0.119117681743260633E+02   -0.397206608679970152E+01    0.447339184449654113E+03
    0.130230359481385438E+01    0.146170969537450469E+04   -0.552997990900482428E+01   -0.734772993923953255E+01   -0.107798276210020507E+02   -0.398123632105099112E+01    0.447611593278241003E+03
    0.130188315182169378E+01    0.149793736378131007E+04   -0.558621895038924965E+01   -0.715535249534472317E+01   -0.111045108528371621E+02   -0.405689051652777621E+01    0.447411991519869275E+03
    0.130300578443034820E+01    0.147228247683254813E+04   -0.582064909828836097E+01   -0.729454479878906614E+01   -0.103488849086003221E+02   -0.404851784988426999E+01    0.447804688164915888E+03
    0.130300578443034820E+01    0.147228247683254813E+04   -0.582064909828836097E+01   -0.729454479878906614E+01   -0.103488849086003221E+02   -0.404851784988426999E+01    0.447804688164915888E+03
    0.130291526456519424E+01    0.146568493642053477E+04   -0.570405481836026951E+01   -0.706308473462743525E+01   -0.106388130902306717E+02   -0.405180929171008142E+01    0.447409460932842137E+03
    0.130378837246964108E+01    0.147896390315713438E+04   -0.591653585600123133E+01   -0.749304131253746775E+01   -0.113320278836200590E+02   -0.414844828501081153E+01    0.447189804459896948E+03
    0.130405639541690377E+01    0.145163462063962584E+04   -0.570413248673634232E+01   -0.741382511609521622E+01   -0.114746243802064534E+02   -0.410149844833033494E+01    0.447128467470624912E+03
    0.130089627280459430E+01    0.151503701109485678E+04   -0.562629962546494689E+01   -0.698963090815650290E+01   -0.111229263743049902E+02   -0.404186454970971720E+01    0.446987048929086200E+03
    0.130195974969476547E+01    0.145182071720677459E+04   -0.557382471802804957E+01   -0.739084269757597045E+01   -0.102251185166355736E+02   -0.394204601323066228E+01    0.447242198966235549E+03
    0.130309646387373812E+01    0.150969817396624103E+04   -0.591836954954246952E+01   -0.727431886256460825E+01   -0.117025368790037483E+02   -0.417079847167099604E+01    0.447029222331433516E+03
    0.130321279770745235E+01    0.146069168438981524E+04   -0.561878850735564672E+01   -0.741544827930582962E+01   -0.111882437021542405E+02   -0.405194837573418987E+01    0.447528500270321103E+03
    0.130333235804204595E+01    0.143086688040566833E+04   -0.559840148823106798E+01   -0.729069609358721404E+01   -0.108239000743121885E+02   -0.393265183702777499E+01    0.447635115478590819E+03
    0.130333235804204595E+01    0.143086688040566833E+04   -0.559840148823106798E+01   -0.729069609358721404E+01   -0.108239000743121885E+02   -0.393265183702777499E+01    0.447635115478590819E+03
    0.130197914353026878E+01    0.148703484027112677E+04   -0.562465765716990962E+01   -0.731105975911919614E+01   -0.118082927845875130E+02   -0.403489849491402897E+01    0.447456920246033746E+03
    0.130500293916495669E+01    0.143011535800780189E+04   -0.586070101793036269E+01   -0.757384657360241853E+01   -0.116034553375111873E+02   -0.407659234116325919E+01    0.447093865149984822E+03
    0.130475298458228361E+01    0.143170291953833930E+04   -0.566855895761715978E+01   -0.740150211908464328E+01   -0.112409910639247101E+02   -0.408128874933914609E+01    0.447229049687174609E+03
    0.130432962326782165E+01    0.143952387041044858E+04   -0.593178737539335188E+01   -0.747787297178823707E+01   -0.112185465149021120E+02   -0.405398962791950979E+01    0.447040403040901765E+03
    0.130220635114486516E+01    0.147810670848891664E+04   -0.583283892175243857E+01   -0.727291345902003084E+01   -0.109008683372832831E+02   -0.402437244391960380E+01    0.447391559813188053E+03
    0.130392988659824072E+01    0.142017878423715456E+04   -0.561002916286809938E+01   -0.714027410264627083E+01   -0.114801877350343808E+02   -0.398583022909178730E+01    0.447669063510818489E+03
    0.130392988659824072E+01    0.142017878423715456E+04   -0.561002916286809938E+01   -0.714027410264627083E+01   -0.114801877350343808E+02   -0.398583022909178730E+01    0.447669063510818489E+03
    0.129980838204448079E+01    0.149729637599923126E+04   -0.570956395472254830E+01   -0.715514010957414470E+01   -0.100468128056220998E+02   -0.392584099953100285E+01    0.447293937728023423E+03
    0.130267791064257077E+01    0.146257754818973171E+04   -0.571432807005601262E+01   -0.726246121412896350E+01   -0.104430053032425487E+02   -0.404998837231345199E+01    0.446984800380445392E+03
    0.130207838220687355E+01    0.145217612707796775E+04   -0.562192316503647405E+01   -0.740284814420287418E+01   -0.100532661086932986E+02   -0.392492602100450227E+01    0.447292207638601269E+03
    0.130375567193572706E+01    0.145455788438613899E+04   -0.586624753187198777E+01   -0.754753453534340668E+01   -0.102679188580883327E+02   -0.407425436518735662E+01    0.447124913178960185E+03
    0.130264660122363618E+01    0.147727156427004002E+04   -0.579249460846715625E+01   -0.708010980291509995E+01   -0.106008952647010339E+02   -0.403283141493472819E+01    0.447295337927794094E+03
    0.130121049715165427E+01    0.149598276536730623E+04   -0.563315058205457664E+01   -0.728011170469662616E+01   -0.104818847208753443E+02   -0.397916025836138587E+01    0.446931722794848895E+03
    0.130358029566061040E+01    0.143151533679637373E+04   -0.572164304200869722E+01   -0.737162990743839064E+01   -0.117800298746414089E+02   -0.395145280185721148E+01    0.446980317242701460E+03
    0.130087350058103901E+01    0.152626798120931676E+04   -0.579155202093781529E+01   -0.711046806561073907E+01   -0.108052904284616016E+02   -0.405879990768104726E+01    0.446941360897073821E+03
    0.130158137032876153E+01    0.148536993136582282E+04   -0.558528592891182019E+01   -0.693182160046668283E+01   -0.109840966058438401E+02   -0.401508192481808379E+01    0.447180586963696669E+03
    0.130427884871125976E+01    0.147239439309674344E+04   -0.578140893658555299E+01   -0.752128255220114195E+01   -0.118302408054493622E+02   -0.414830933442720085E+01    0.447253780162253520E+03
    0.130235079928332809E+01    0.148689445419751701E+04   -0.589282828835734573E+01   -0.714048594315497276E+01   -0.107304072893929412E+02   -0.403396704292922248E+01    0.446958644719699350E+03
    0.130319185978511776E+01    0.142121097926330594E+04   -0.563915746581888655E+01   -0.721330756116236049E+01   -0.109588485539877336E+02   -0.390741594989050434E+01    0.447701012632480627E+03
    0.130226581019011700E+01    0.149709454614848983E+04   -0.564656136482927540E+01   -0.715895470736656225E+01   -0.118263214276867998E+02   -0.407821516863389455E+01    0.447363608913165706E+03
    0.130151147944110201E+01    0.147193335631459172E+04   -0.564661465315718303E+01   -0.716512297778678509E+01   -0.117292169034195926E+02   -0.395227197299226773E+01    0.447135211868153249E+03
    0.130354482341199152E+01    0.143727948249961514E+04   -0.558228111898918122E+01   -0.709153388897394255E+01   -0.116096801432021905E+02   -0.399094568888961021E+01    0.447666954127511588E+03
    0.130354482341199152E+01    0.143727948249961514E+04   -0.558228111898918122E+01   -0.709153388897394255E+01   -0.116096801432021905E+02   -0.399094568888961021E+01    0.447666954127511588E+03
    0.130017601443728004E+01    0.151521182137037363E+04   -0.574273583265940157E+01   -0.710555502053919952E+01   -0.104141439830809599E+02   -0.402046727026589412E+01    0.447037906658782731E+03
    0.130443284424591077E+01    0.145061524709795117E+04   -0.582348452132163175E+01   -0.734527247375735470E+01   -0.108585653935455255E+02   -0.409776869277635658E+01    0.447641380460577295E+03
    0.130395550624292134E+01    0.139235044220698228E+04   -0.542155751692397914E+01   -0.718466425705203005E+01   -0.118081294960132279E+02   -0.389889017230269452E+01    0.447354930781551673E+03
    0.130240589541819052E+01    0.149199834977722003E+04   -0.585179072075628159E+01   -0.725270329908023204E+01   -0.111270774797899694E+02   -0.405998051318995756E+01    0.447453986198130679E+03
    0.130247166940018300E+01    0.146479065251735142E+04   -0.577161269267355603E+01   -0.695569189029710966E+01   -0.106628149280689968E+02   -0.399488764361104742E+01    0.447368215449673698E+03
    0.130247166940018300E+01    0.146479065251735142E+04   -0.577161269267355603E+01   -0.695569189029710966E+01   -0.106628149280689968E+02   -0.399488764361104742E+01    0.447368215449673698E+03
    0.130347914679380694E+01    0.144406890484752967E+04   -0.583270044096582119E+01   -0.734760861745918081E+01   -0.111140952211201363E+02   -0.403002269935052304E+01    0.447081502370758130E+03
    0.130560618111187887E+01    0.143360065305047169E+04   -0.584490587489675750E+01   -0.749640536197416019E+01   -0.112472665290060068E+02   -0.411644926958204138E+01    0.447126429609244212E+03
    0.130538557573296776E+01    0.137058589601699259E+04   -0.565982817754729961E+01   -0.737807265586189853E+01   -0.107364312833527560E+02   -0.391841344891298249E+01    0.447277527413166013E+03
    0.130442835483875919E+01    0.146555879356868218E+04   -0.588964374348431718E+01   -0.737806357606272911E+01   -0.113993027940599720E+02   -0.413299103353444064E+01    0.447319868947581824E+03
    0.130013565699917510E+01    0.146322880231739896E+04   -0.543259657952597141E+01   -0.699621432765149276E+01   -0.104515143953688590E+02   -0.381454600830328161E+01    0.447151963874073090E+03
    0.130323904972348514E+01    0.145739954090451761E+04   -0.561890171373211178E+01   -0.753931015620188472E+01   -0.119616764097869144E+02   -0.403103913957894378E+01    0.446968590406951364E+03
    0.130440408467925018E+01    0.139692480666436722E+04   -0.586472808405551760E+01   -0.706841653371393974E+01   -0.101683695628859603E+02   -0.394396260946930788E+01    0.446948998640402294E+03
    0.130295027159759291E+01    0.142175028547338229E+04   -0.547130838193673164E+01   -0.686702187339446990E+01   -0.117062217993993158E+02   -0.392731336341749859E+01    0.446901662336927757E+03
    0.130359041676564513E+01    0.143912211418300581E+04   -0.572200698272675101E+01   -0.720948873919269051E+01   -0.116503398455562763E+02   -0.397394824001871072E+01    0.447317694525920388E+03
    0.130513369358531794E+01    0.141569844937307880E+04   -0.595882403196357302E+01   -0.743112790575270665E+01   -0.105326168381774874E+02   -0.404868056460301062E+01    0.447209180156587195E+03
    0.130250666474227250E+01    0.143004026116670366E+04   -0.544869231306468293E+01   -0.694266818326701163E+01   -0.117024918752299563E+02   -0.386672943112374590E+01    0.446929606487823605E+03
    0.130220020913497203E+01    0.148069041597525916E+04   -0.607649470207864173E+01   -0.736072541220558296E+01   -0.100049517462081479E+02   -0.403224563419947835E+01    0.447115586738752427E+03
    0.130528619185359984E+01    0.137264144288423495E+04   -0.562556766184430668E+01   -0.737939548979225890E+01   -0.102645912930080758E+02   -0.392970570863680280E+01    0.446889539975439050E+03
    0.130383191153255718E+01    0.145478901778979844E+04   -0.597542399731391516E+01   -0.724300552970977130E+01   -0.107665577896452298E+02   -0.405936590717563561E+01    0.447440009419861440E+03
    0.130344603324082287E+01    0.149589531612168662E+04   -0.588626411075493827E+01   -0.731693556473684570E+01   -0.119508913694066425E+02   -0.415689690845289839E+01    0.447196705536186187E+03
    0.130255806075741809E+01    0.147165542632404026E+04   -0.559557297307383106E+01   -0.727160197397870434E+01   -0.116756497950378932E+02   -0.401371207871061575E+01    0.447722484407622630E+03
    0.130255806075741809E+01    0.147165542632404026E+04   -0.559557297307383106E+01   -0.727160197397870434E+01   -0.116756497950378932E+02   -0.401371207871061575E+01    0.447722484407622630E+03
    0.130342004058599459E+01    0.144257494552898652E+04   -0.596285875770822837E+01   -0.739958657102170125E+01   -0.102365621089418486E+02   -0.398995648776812395E+01    0.447452785610565911E+03
    0.130175385364156027E+01    0.141881142247446587E+04   -0.558050684986343715E+01   -0.691852346285542374E+01   -0.102043948651150718E+02   -0.383095387619260919E+01    0.447524968179605594E+03
    0.130175385364156027E+01    0.141881142247446587E+04   -0.558050684986343715E+01   -0.691852346285542374E+01   -0.102043948651150718E+02   -0.383095387619260919E+01    0.447524968179605594E+03
    0.130264381662675000E+01    0.140782109066881367E+04   -0.555703024227972175E+01   -0.704704076395367007E+01   -0.989257916502540979E+01   -0.382189266347306145E+01    0.447295441138044680E+03
    0.130264381662675000E+01    0.140782109066881367E+04   -0.555703024227972175E+01   -0.704704076395367007E+01   -0.989257916502540979E+01   -0.382189266347306145E+01    0.447295441138044680E+03
    0.130128541427831035E+01    0.146770614213864542E+04   -0.558163968448937542E+01   -0.687137967524729021E+01   -0.117086232278925735E+02   -0.392840131841060369E+01    0.446927071724741779E+03
    0.130071362819891090E+01    0.150767593012831685E+04   -0.583097392263927983E+01   -0.720026986825584103E+01   -0.105833465491668104E+02   -0.400120853723737024E+01    0.446891534142763248E+03
    0.130473671288131787E+01    0.143475233917742821E+04   -0.563646625588491545E+01   -0.749755897814116068E+01   -0.113228565086724782E+02   -0.408255207456422564E+01    0.447028160158892035E+03
    0.130099337498449152E+01    0.145437673296342496E+04   -0.535605808530815608E+01   -0.711268049774614131E+01   -0.112394188822572083E+02   -0.386903122243216835E+01    0.447192067872971847E+03
    0.130139700555455340E+01    0.149413499676138326E+04   -0.566180890459076203E+01   -0.726060403634230322E+01   -0.115083847701912436E+02   -0.402870130876470345E+01    0.447136711941323028E+03
    0.130227452617126116E+01    0.148215254053428725E+04   -0.569584379133531993E+01   -0.714381024092670547E+01   -0.115238290936090877E+02   -0.403420713189376645E+01    0.447765050646595114E+03
    0.130227452617126116E+01    0.148215254053428725E+04   -0.569584379133531993E+01   -0.714381024092670547E+01   -0.115238290936090877E+02   -0.403420713189376645E+01    0.447765050646595114E+03
    0.130318964473275511E+01    0.150945593990761222E+04   -0.584165757346486814E+01   -0.738731330048547097E+01   -0.112369624355693283E+02   -0.416556208938088179E+01    0.447075249562581007E+03
    0.130426575426165536E+01    0.141529389013086120E+04   -0.596862922662687989E+01   -0.730618477817278844E+01   -0.104810319637729350E+02   -0.397651975412476588E+01    0.447019289428826823E+03
    0.130479590177460225E+01    0.141232173281509722E+04   -0.580245005716125029E+01   -0.715695190499793554E+01   -0.113953622116389131E+02   -0.398389525076140671E+01    0.447112148966722714E+03
    0.130290941076469347E+01    0.148436542355066717E+04   -0.574953881812858647E+01   -0.738444359086147806E+01   -0.110295193555731323E+02   -0.408623688804458052E+01    0.447832655749188234E+03
    0.130290941076469347E+01    0.148436542355066717E+04   -0.574953881812858647E+01   -0.738444359086147806E+01   -0.110295193555731323E+02   -0.408623688804458052E+01    0.447832655749188234E+03
    0.130360121132948459E+01    0.143971454282473928E+04   -0.562373238591133173E+01   -0.730807042900604475E+01   -0.106219410897695283E+02   -0.400108340308041477E+01    0.447869595580456519E+03
    0.130360121132948459E+01    0.143971454282473928E+04   -0.562373238591133173E+01   -0.730807042900604475E+01   -0.106219410897695283E+02   -0.400108340308041477E+01    0.447869595580456519E+03
    0.130305630192303679E+01    0.139240789634150178E+04   -0.551544743653167746E+01   -0.719305719222737938E+01   -0.102311814365044302E+02   -0.382475312901093289E+01    0.447657673843431326E+03
    0.130305630192303679E+01    0.139240789634150178E+04   -0.551544743653167746E+01   -0.719305719222737938E+01   -0.102311814365044302E+02   -0.382475312901093289E+01    0.447657673843431326E+03
    0.129923220594006161E+01    0.149242111076376318E+04   -0.555730053896476672E+01   -0.698120535839912559E+01   -0.985934523054402590E+01   -0.387964601643272289E+01    0.447344470354774217E+03
    0.129923220594006161E+01    0.149242111076376318E+04   -0.555730053896476672E+01   -0.698120535839912559E+01   -0.985934523054402590E+01   -0.387964601643272289E+01    0.447344470354774217E+03
    0.130421481770392300E+01    0.140989180794539698E+04   -0.569233867076350997E+01   -0.723643080759394941E+01   -0.106481850821150044E+02   -0.398957703489979920E+01    0.447335625820511325E+03
    0.130573840997889223E+01    0.135496592463230400E+04   -0.566089482612079387E+01   -0.736700088611800119E+01   -0.109038128131950405E+02   -0.388105005716769647E+01    0.446981601450408618E+03
    0.130175053228833582E+01    0.144148457350110311E+04   -0.545235441515277142E+01   -0.715017379074187964E+01   -0.105414452697131136E+02   -0.386167295897654128E+01    0.447649556591681232E+03
    0.130402523367641043E+01    0.141471507160547299E+04   -0.571834305135863019E+01   -0.710391559956666718E+01   -0.103864737176819677E+02   -0.396803796710010204E+01    0.447629191401885350E+03
    0.130402523367641043E+01    0.141471507160547299E+04   -0.571834305135863019E+01   -0.710391559956666718E+01   -0.103864737176819677E+02   -0.396803796710010204E+01    0.447629191401885350E+03
    0.130510076031609823E+01    0.135692818719364141E+04   -0.538021041864731941E+01   -0.719609934455545996E+01   -0.111082822334942843E+02   -0.386827651853294086E+01    0.446887332459249649E+03
    0.130180525641399081E+01    0.147633990197548246E+04   -0.566811724220134572E+01   -0.722586759130332457E+01   -0.102629324754607012E+02   -0.398159351364083491E+01    0.447805800766279560E+03
    0.130180525641399081E+01    0.147633990197548246E+04   -0.566811724220134572E+01   -0.722586759130332457E+01   -0.102629324754607012E+02   -0.398159351364083491E+01    0.447805800766279560E+03
    0.130445712287566362E+01    0.141107554511892317E+04   -0.553574012806660232E+01   -0.746947885377931087E+01   -0.114626564930693498E+02   -0.395642555261859030E+01    0.447019200185066438E+03
    0.130220149097203852E+01    0.150152887306061871E+04   -0.562527427798272139E+01   -0.729999019283177475E+01   -0.111035340690414390E+02   -0.407821412260989646E+01    0.447350424786084091E+03
    0.130475441770807254E+01    0.143279768788555816E+04   -0.572302159148596878E+01   -0.717952741035947817E+01   -0.108655197633660805E+02   -0.407302428078560386E+01    0.447040397020035527E+03
    0.130100357478045203E+01    0.147958578714634859E+04   -0.588726005099924521E+01   -0.714881590420176583E+01   -0.973523566089411574E+01   -0.395989682968961354E+01    0.446944919317969379E+03
    0.130137644662726704E+01    0.148659637668266350E+04   -0.585287914865785908E+01   -0.741907841583901284E+01   -0.101457664238449503E+02   -0.397698079573148888E+01    0.446908549130444044E+03
    0.130363012416999924E+01    0.144497355119727399E+04   -0.563398082913013276E+01   -0.702175973665387243E+01   -0.109359310133566421E+02   -0.399482119179944561E+01    0.446929507026325496E+03
    0.130475738723343282E+01    0.137950559431232591E+04   -0.548544734850397120E+01   -0.742453949843226191E+01   -0.116759914299616607E+02   -0.388569680433185205E+01    0.446890469564073271E+03
    0.130151586374328776E+01    0.148531771449874509E+04   -0.563470486800518255E+01   -0.737457869900700214E+01   -0.110057831439285962E+02   -0.398742759352378862E+01    0.446935143849284486E+03
    0.130408921782815335E+01    0.140154020327237708E+04   -0.556203601925087110E+01   -0.695026768465408296E+01   -0.116959584358438953E+02   -0.393735211428014154E+01    0.447059675112208879E+03
    0.130124995592703296E+01    0.149225172643971382E+04   -0.572963212100712393E+01   -0.705312194100987355E+01   -0.112262765995759075E+02   -0.399677301538136120E+01    0.447205463619497948E+03
    0.130283895060134691E+01    0.138407570850989669E+04   -0.544868007529457099E+01   -0.715238677031996506E+01   -0.106802089581054442E+02   -0.378681997896268641E+01    0.446898951153932558E+03
    0.130476331431784609E+01    0.135757127418633854E+04   -0.548172730826636645E+01   -0.728112295133417309E+01   -0.104743199831323164E+02   -0.382380770255330305E+01    0.447200003026194963E+03
    0.130327174951707403E+01    0.139065699432766723E+04   -0.549995368195426337E+01   -0.724008780335973068E+01   -0.102952049472430023E+02   -0.384906620287461898E+01    0.447340521350586812E+03
    0.130299012880808984E+01    0.138412639445136938E+04   -0.543388901240912592E+01   -0.678730407024520943E+01   -0.102097952835556605E+02   -0.379688189193087666E+01    0.447139509595288644E+03
    0.130297256490031388E+01    0.136720614441849648E+04   -0.543531340341397762E+01   -0.709948982437451281E+01   -0.103312258731807152E+02   -0.373969884545901543E+01    0.447014564933278109E+03
    0.130251154932512803E+01    0.143723299874674944E+04   -0.560930701287183009E+01   -0.681640630131140224E+01   -0.106226257020415584E+02   -0.391555268753264230E+01    0.446987356579955872E+03
    0.130050891665326573E+01    0.143214121027581496E+04   -0.542403780178067940E+01   -0.700322595989386265E+01   -0.993697691187143484E+01   -0.377805875803701774E+01    0.447572279774524361E+03
    0.130167916885248958E+01    0.144350143309738633E+04   -0.538858664032774382E+01   -0.712242364096525105E+01   -0.105525966917333740E+02   -0.390394649772939850E+01    0.447416067158610360E+03
    0.130207051800231777E+01    0.140684371087880913E+04   -0.524687402946104520E+01   -0.702487492283493609E+01   -0.107366205925148854E+02   -0.382453786405199558E+01    0.446934354330482847E+03
    0.130433619842399029E+01    0.139079307015315317E+04   -0.556872521516880159E+01   -0.727901233177403295E+01   -0.102630236782389428E+02   -0.387869322642258041E+01    0.447155334808653038E+03
    0.130207905870852070E+01    0.140444280260349319E+04   -0.533751116746577381E+01   -0.691016939995174884E+01   -0.104051737795569359E+02   -0.377946122548910957E+01    0.447671683736543514E+03
    0.130207905870852070E+01    0.140444280260349319E+04   -0.533751116746577381E+01   -0.691016939995174884E+01   -0.104051737795569359E+02   -0.377946122548910957E+01    0.447671683736543514E+03
    0.130259887933377483E+01    0.141077816820035059E+04   -0.533561227260454274E+01   -0.696787838478069244E+01   -0.117374772895746311E+02   -0.387649143838981480E+01    0.446910743125992553E+03
    0.130218341741950216E+01    0.143429725205473960E+04   -0.548418787490056658E+01   -0.728800163455660144E+01   -0.100460934643447448E+02   -0.389127148992305649E+01    0.447357328720229816E+03
    0.130032838429685182E+01    0.148178842872021096E+04   -0.538388805109159563E+01   -0.697279700721325923E+01   -0.106411437804038407E+02   -0.391363954245738377E+01    0.447429119689298034E+03
    0.130385045822592494E+01    0.137086608794229141E+04   -0.524965621617795186E+01   -0.702548306040714898E+01   -0.115882668896771239E+02   -0.381816672531100387E+01    0.446917540402253678E+03
    0.130159007992996933E+01    0.142908493057512464E+04   -0.527246622469770987E+01   -0.705094140407947734E+01   -0.115530294418938961E+02   -0.382957466614066000E+01    0.447133429000133390E+03
    0.129995862656825434E+01    0.145006513970538526E+04   -0.540830101512549977E+01   -0.675549907897951485E+01   -0.103090881467885289E+02   -0.377886398944499646E+01    0.447219389422022402E+03
    0.130445186193418872E+01    0.138221492879525613E+04   -0.541736786287687622E+01   -0.695199237431288974E+01   -0.117482483737144463E+02   -0.388724762972875659E+01    0.446983455918516995E+03
    0.130222407937099982E+01    0.143195784364181486E+04   -0.541204716377069062E+01   -0.683223245151634995E+01   -0.105526308760074894E+02   -0.389873030007575849E+01    0.447145743378799011E+03
    0.130298762824842274E+01    0.138142509680610146E+04   -0.548495043448539921E+01   -0.700033113304983345E+01   -0.998812519621558792E+01   -0.375998524669560297E+01    0.447503183240071337E+03
    0.130298762824842274E+01    0.138142509680610146E+04   -0.548495043448539921E+01   -0.700033113304983345E+01   -0.998812519621558792E+01   -0.375998524669560297E+01    0.447503183240071337E+03
    0.130286647969294300E+01    0.139896982865264681E+04   -0.540868697600285930E+01   -0.695057449962653084E+01   -0.100648963579019348E+02   -0.382016511044784934E+01    0.447241911001145922E+03
    0.130068331063786724E+01    0.146910929072269050E+04   -0.546694995359798241E+01   -0.703692415838843299E+01   -0.106609711847822233E+02   -0.388206058131297738E+01    0.447560737086710731E+03
    0.130365206607048867E+01    0.137348103915912998E+04   -0.560340012196213433E+01   -0.692157647981724544E+01   -0.100302709036433679E+02   -0.381390201016221830E+01    0.447153491972915162E+03
    0.130147474844102007E+01    0.143872280822971356E+04   -0.570494524968412353E+01   -0.691571326080595572E+01   -0.100224826628332586E+02   -0.385084714237519954E+01    0.447640531438880259E+03
    0.130147474844102007E+01    0.143872280822971356E+04   -0.570494524968412353E+01   -0.691571326080595572E+01   -0.100224826628332586E+02   -0.385084714237519954E+01    0.447640531438880259E+03
    0.130514314033630918E+01    0.135474679930599655E+04   -0.545311724722856450E+01   -0.707122843772304854E+01   -0.113769659243417500E+02   -0.383773586164095448E+01    0.447181719529091595E+03
    0.130101838083754484E+01    0.142479331667833048E+04   -0.526121722386619162E+01   -0.697614053212686880E+01   -0.109389128749048528E+02   -0.378727000191732799E+01    0.446996206997971001E+03
    0.130155662060202015E+01    0.141350074841941046E+04   -0.545840867789243323E+01   -0.704268744231950095E+01   -0.101743893233519351E+02   -0.381043742534571983E+01    0.447086956898105711E+03
    0.130008822972311977E+01    0.149290526568337509E+04   -0.554701984477134502E+01   -0.707349203229411749E+01   -0.101875095222477388E+02   -0.388720592963131040E+01    0.446910113155541239E+03
    0.129925473905055444E+01    0.149257799287524858E+04   -0.548898655522640411E+01   -0.701009295272658228E+01   -0.101065741871652950E+02   -0.385902772590787890E+01    0.447400322013220830E+03
    0.130447160332398626E+01    0.138035854565888440E+04   -0.547345545257426913E+01   -0.693184606656103419E+01   -0.109367495578910123E+02   -0.389652957095293395E+01    0.446910803346440389E+03
    0.130066815024023885E+01    0.142532247985144750E+04   -0.527090067257171135E+01   -0.680325467055610478E+01   -0.102447893318705479E+02   -0.376557658886505386E+01    0.447438928960696444E+03
    0.130307741224053886E+01    0.141689450151251549E+04   -0.548363164882232468E+01   -0.723498386847396180E+01   -0.105216458581670906E+02   -0.388190238315542047E+01    0.447599109822577532E+03
    0.130307741224053886E+01    0.141689450151251549E+04   -0.548363164882232468E+01   -0.723498386847396180E+01   -0.105216458581670906E+02   -0.388190238315542047E+01    0.447599109822577532E+03
    0.130129745604076152E+01    0.142184040947992548E+04   -0.540840634644298834E+01   -0.692206126259066945E+01   -0.101160319272998240E+02   -0.379630177652170175E+01    0.447838683540339787E+03
    0.130129745604076152E+01    0.142184040947992548E+04   -0.540840634644298834E+01   -0.692206126259066945E+01   -0.101160319272998240E+02   -0.379630177652170175E+01    0.447838683540339787E+03
    0.130218015161181921E+01    0.142081736246386663E+04   -0.568367215935981296E+01   -0.728249406919136177E+01   -0.102343576512309760E+02   -0.383686095282189044E+01    0.446979863008216626E+03
    0.130122314605874800E+01    0.147560117538583518E+04   -0.544400208942343244E+01   -0.711302570958316238E+01   -0.105207321033917189E+02   -0.392220611930542873E+01    0.446912555311613062E+03
    0.130548931196534768E+01    0.136096764557576603E+04   -0.547447859306047135E+01   -0.706973172282605677E+01   -0.113608080546337042E+02   -0.388858179030612838E+01    0.446910954415254082E+03
    0.130315161503102406E+01    0.143416182385426259E+04   -0.554574591710003961E+01   -0.713750018735748526E+01   -0.103165804102892142E+02   -0.392859147125370711E+01    0.447317777389921901E+03
    0.130315161503102406E+01    0.143416182385426259E+04   -0.554574591710003961E+01   -0.713750018735748526E+01   -0.103165804102892142E+02   -0.392859147125370711E+01    0.447317777389921901E+03
    0.130364808006087673E+01    0.141297129523821832E+04   -0.562388840082711639E+01   -0.707663060648412490E+01   -0.109495596537673823E+02   -0.391251539124478320E+01    0.447794246256393194E+03
    0.130268235043224467E+01    0.144019479414049829E+04   -0.560953537102623656E+01   -0.712933925864311391E+01   -0.103323426370870521E+02   -0.397544723939385314E+01    0.447462858509987029E+03
    0.130104503804264682E+01    0.145737211489958645E+04   -0.590266165394457509E+01   -0.705193392781340123E+01   -0.990029149433171796E+01   -0.390501760582749746E+01    0.446957383595431395E+03
    0.130191986347649480E+01    0.144808502935252432E+04   -0.560011341451847677E+01   -0.726659800264879507E+01   -0.100621233643032788E+02   -0.395099493548360492E+01    0.446987117470908686E+03
    0.130446653323261086E+01    0.138412665926124714E+04   -0.548840905387321154E+01   -0.730186145780858542E+01   -0.110511493694280905E+02   -0.386425551590989080E+01    0.447236336378580631E+03
    0.130561553670994335E+01    0.134732021360871522E+04   -0.548324850398530028E+01   -0.717322545169859893E+01   -0.118115946797585565E+02   -0.385456254300950185E+01    0.446992434283763544E+03
    0.130404416687900615E+01    0.139850674303469850E+04   -0.556014697390401214E+01   -0.699711756125367046E+01   -0.115514632607620484E+02   -0.388798763876195963E+01    0.447104168694292241E+03
    0.130367401153805096E+01    0.141300267774704548E+04   -0.548675417685440081E+01   -0.702186738497339480E+01   -0.108802549571235012E+02   -0.390058254868432286E+01    0.447222051034323556E+03
    0.130196889634084778E+01    0.143272453807271927E+04   -0.536697193105571024E+01   -0.703326178342671593E+01   -0.117487758690181341E+02   -0.386609272656558822E+01    0.447556148631751682E+03
    0.130196889634084778E+01    0.143272453807271927E+04   -0.536697193105571024E+01   -0.703326178342671593E+01   -0.117487758690181341E+02   -0.386609272656558822E+01    0.447556148631751682E+03
    0.130208776274890736E+01    0.141188617714333259E+04   -0.550558987475143535E+01   -0.728293076372990722E+01   -0.978867280704621123E+01   -0.380206883861646006E+01    0.446918086237463228E+03
    0.130231325470387760E+01    0.143874500043219132E+04   -0.558441737504724323E+01   -0.693465136619436340E+01   -0.109306868482853332E+02   -0.390288509307937126E+01    0.447559166833634094E+03
    0.130318091585199602E+01    0.141984858836278636E+04   -0.567575682753740463E+01   -0.713845747883998705E+01   -0.101456676809054134E+02   -0.388511497385304594E+01    0.447420946245454559E+03
    0.130134464200478583E+01    0.143779693459869850E+04   -0.569605363320667113E+01   -0.712268085465724887E+01   -0.100550846375724792E+02   -0.385608350435076730E+01    0.447455673320842322E+03
    0.130446655097015252E+01    0.136367531057018573E+04   -0.540148451294631471E+01   -0.695601523101313468E+01   -0.106949758935695503E+02   -0.382031257566455018E+01    0.447188040783976476E+03
    0.129992633196932861E+01    0.147112358803843313E+04   -0.536175344965682488E+01   -0.701043202762229267E+01   -0.106104612522991939E+02   -0.382813699810419727E+01    0.446939376115565267E+03
    0.130329451442058764E+01    0.140618188325094843E+04   -0.539862633056044583E+01   -0.702089401862675100E+01   -0.104548671805494084E+02   -0.387409257877002311E+01    0.447330364510103607E+03
    0.130468064842917375E+01    0.135587743222336485E+04   -0.559108764749869724E+01   -0.714451112796320231E+01   -0.102253049916367669E+02   -0.383108385360672621E+01    0.447247443552053653E+03
    0.130152018508904166E+01    0.144587662354972031E+04   -0.539068666583222900E+01   -0.710804408001329691E+01   -0.107355098269177294E+02   -0.388737319130255621E+01    0.447637498866639646E+03
    0.130152018508904166E+01    0.144587662354972031E+04   -0.539068666583222900E+01   -0.710804408001329691E+01   -0.107355098269177294E+02   -0.388737319130255621E+01    0.447637498866639646E+03
    0.130025243561808046E+01    0.140386631006063317E+04   -0.532864245150086902E+01   -0.685042158983156479E+01   -0.968741733642437453E+01   -0.363636947404570066E+01    0.446965242876148523E+03
    0.130176920842301813E+01    0.141714684036085509E+04   -0.569464136379609531E+01   -0.698435266501031649E+01   -0.972422478855661332E+01   -0.378612827743455505E+01    0.447024617761974127E+03
    0.129985065485956852E+01    0.146478124880149858E+04   -0.566192004864720122E+01   -0.686608740163584841E+01   -0.998727574852222411E+01   -0.381058089548036349E+01    0.447268256480982586E+03
    0.129884811850820681E+01    0.147808115567338382E+04   -0.553546627178670381E+01   -0.684639751930635221E+01   -0.966605937547025462E+01   -0.380507706508735133E+01    0.447161314113273477E+03
    0.130045547480680623E+01    0.146598087201675980E+04   -0.572814941092049068E+01   -0.697564341635535978E+01   -0.100079711729975696E+02   -0.388599545938790314E+01    0.447448006831833311E+03
    0.130374801371608440E+01    0.143951940381608938E+04   -0.575900259359731681E+01   -0.742139663528070770E+01   -0.107666933703112093E+02   -0.399219341964398211E+01    0.447533971364561808E+03
    0.130181370226017945E+01    0.143138598506257244E+04   -0.543491008363901607E+01   -0.717277222476066445E+01   -0.107006874379423138E+02   -0.382120178035402347E+01    0.446911328013147568E+03
    0.130189636252991314E+01    0.148031431163541333E+04   -0.557862579707882311E+01   -0.710308931736506466E+01   -0.111350646893790302E+02   -0.401186026912653393E+01    0.447797708150746587E+03
    0.130160434479041953E+01    0.144564103834806315E+04   -0.557349119834889350E+01   -0.707106638415211908E+01   -0.106738134573630248E+02   -0.385728589534785371E+01    0.447035308743316023E+03
    0.130121314938490817E+01    0.147382951104800054E+04   -0.563756093229659427E+01   -0.701522220842565236E+01   -0.102889682063820498E+02   -0.391848811196724434E+01    0.447738066929549461E+03
    0.130510921608150743E+01    0.135929808550188181E+04   -0.537574937244922246E+01   -0.715789293344577704E+01   -0.109751074575087202E+02   -0.385484069164198750E+01    0.446978211500254929E+03
    0.130330402990482841E+01    0.146336517172161030E+04   -0.589951258606881623E+01   -0.742227401929149888E+01   -0.103961377579967191E+02   -0.406706754977613638E+01    0.447621038650957814E+03
    0.130410391253467051E+01    0.136963824515606325E+04   -0.541826103079661969E+01   -0.723343342091269204E+01   -0.119671402958868605E+02   -0.380633050564162900E+01    0.446934598224445381E+03
    0.130249052760164252E+01    0.143604192143563637E+04   -0.541677322444900966E+01   -0.697136664462721800E+01   -0.103552685132273545E+02   -0.391941292021978782E+01    0.447165276443598088E+03
    0.130368889470754046E+01    0.140022510157254237E+04   -0.573575275267972096E+01   -0.714711339869153761E+01   -0.103511840887278090E+02   -0.386415080831624103E+01    0.447323835240361802E+03
    0.130368889470754046E+01    0.140022510157254237E+04   -0.573575275267972096E+01   -0.714711339869153761E+01   -0.103511840887278090E+02   -0.386415080831624103E+01    0.447323835240361802E+03
    0.130556656841876007E+01    0.140324777126238996E+04   -0.574049483384539627E+01   -0.749504554834872749E+01   -0.107647735435731171E+02   -0.404212545174704907E+01    0.447148651336977082E+03
    0.129928250668578560E+01    0.150170839370057411E+04   -0.571189736688347960E+01   -0.709457562191893309E+01   -0.992871397224126895E+01   -0.390238347863090773E+01    0.447210313638546324E+03
    0.130330798789624192E+01    0.143064538349790701E+04   -0.594371825393673348E+01   -0.721219039331118328E+01   -0.101707289186664447E+02   -0.395449022444812570E+01    0.447499570107704699E+03
    0.130284845435768792E+01    0.139971481273411314E+04   -0.531337166229334823E+01   -0.692297962672828859E+01   -0.114151241881629861E+02   -0.384355385272472105E+01    0.447217891021913545E+03
    0.130191523237369111E+01    0.140741080038037899E+04   -0.557485436581441451E+01   -0.715410438580073826E+01   -0.994940304784181073E+01   -0.378075206898980198E+01    0.447412550531629279E+03
    0.130250785200876606E+01    0.142712055560913223E+04   -0.543919172676339446E+01   -0.697345325346891887E+01   -0.104936123563919672E+02   -0.391896582887420664E+01    0.447374817444976713E+03
    0.130461633745378780E+01    0.143484699726070585E+04   -0.592330108061956118E+01   -0.725897820927843274E+01   -0.104101755860737768E+02   -0.406580967930305093E+01    0.447317281076996096E+03
    0.129894730665058500E+01    0.145185626266575491E+04   -0.563599764379358348E+01   -0.679259152030994517E+01   -0.957791788400429844E+01   -0.372593231457697804E+01    0.446944859980229353E+03
    0.130444548803474003E+01    0.137013342843124587E+04   -0.542881804099988585E+01   -0.726588141296942069E+01   -0.112567198486944271E+02   -0.385622357952154005E+01    0.447165999525257405E+03
    0.130295354587819823E+01    0.140247757513170836E+04   -0.541119933724278734E+01   -0.686367175401305030E+01   -0.113758830503466513E+02   -0.386338308490086924E+01    0.447069820266123997E+03
    0.130121132986885435E+01    0.139065130169705822E+04   -0.544527182975149238E+01   -0.676487955964957077E+01   -0.990428822143331011E+01   -0.369590226220291740E+01    0.447148135047336325E+03
    0.130255652183047554E+01    0.147343910555561388E+04   -0.575344320782673435E+01   -0.704722056018696907E+01   -0.110558249782637450E+02   -0.404010786178887127E+01    0.447534455368369152E+03
    0.130117366953550184E+01    0.152339709477107453E+04   -0.576477280690118477E+01   -0.715854799006236231E+01   -0.114991430696677526E+02   -0.407248226379324674E+01    0.447133256842400044E+03
    0.130352272893756749E+01    0.138450406136736365E+04   -0.529848173423099045E+01   -0.696584467942811436E+01   -0.107639220238537625E+02   -0.382729099246203042E+01    0.447243924760529296E+03
    0.130147209271709130E+01    0.148132412448131527E+04   -0.552998938207027635E+01   -0.706965512438048815E+01   -0.110184834655939969E+02   -0.394670132321525813E+01    0.446985515597929407E+03
    0.130313504428911120E+01    0.146716158315182997E+04   -0.579128773521293816E+01   -0.751472179439897836E+01   -0.105485705987941927E+02   -0.404760508541999275E+01    0.447449146538467971E+03
    0.130252516179635247E+01    0.145316129777818037E+04   -0.556636233152429050E+01   -0.743292807596598681E+01   -0.114133705548035351E+02   -0.396839297138521019E+01    0.447119827815836629E+03
    0.130497165001306215E+01    0.142912115408306954E+04   -0.581023523417805343E+01   -0.733104979880863983E+01   -0.116844436371352707E+02   -0.407743827478290122E+01    0.447500467298320586E+03
    0.130236185099055635E+01    0.150027491842638324E+04   -0.599211915975416076E+01   -0.721319764588752665E+01   -0.103760980378517260E+02   -0.409795006625959690E+01    0.447356704359769822E+03
    0.130044459484379504E+01    0.148942607766437254E+04   -0.544774503765293971E+01   -0.717030196373863582E+01   -0.111160234576925632E+02   -0.394844475125120198E+01    0.446979433004620091E+03
    0.130343438260795086E+01    0.147963026042347042E+04   -0.598150050110441267E+01   -0.733059700695876870E+01   -0.106403214963595971E+02   -0.412416431899796265E+01    0.447418508692591956E+03
    0.130155751412191578E+01    0.137341256073779755E+04   -0.531921292876909124E+01   -0.679053197149920784E+01   -0.978537081738354431E+01   -0.365835932242922901E+01    0.447222898194528909E+03
    0.129878081687516866E+01    0.149558713813415852E+04   -0.571499415518163012E+01   -0.697558185776780526E+01   -0.968667288019950945E+01   -0.384397389914173004E+01    0.446900565411760908E+03
    0.130304507266221803E+01    0.143463194658651264E+04   -0.554992804358763614E+01   -0.717751098166868839E+01   -0.119667831159191920E+02   -0.397128847686313158E+01    0.447532639740091270E+03
    0.130205331173012762E+01    0.145756211161232409E+04   -0.557331955432305293E+01   -0.706500781700407998E+01   -0.100383367970203743E+02   -0.396671601300135634E+01    0.447146846696769444E+03
    0.130290168255742045E+01    0.149711199836009155E+04   -0.581061848691462046E+01   -0.722103914569131344E+01   -0.116102046671541963E+02   -0.411896476145485479E+01    0.447325993635032432E+03
    0.130114655021062697E+01    0.141985031740063368E+04   -0.540621972938336182E+01   -0.706277888199795090E+01   -0.986091925419635906E+01   -0.374462039640939004E+01    0.446987065729578319E+03
    0.130247545752710026E+01    0.149355494801512191E+04   -0.569672991693441677E+01   -0.721802277848499951E+01   -0.109524455860826535E+02   -0.404939036141990538E+01    0.447061788162581763E+03
    0.130349053383353386E+01    0.147278911491027452E+04   -0.574411489530446850E+01   -0.755196970420621749E+01   -0.108954664763591680E+02   -0.408922571729855644E+01    0.447383871286525391E+03
    0.130311727238368680E+01    0.142857900117832946E+04   -0.583861776157546153E+01   -0.720551327016410248E+01   -0.991815661636861101E+01   -0.391483458041361843E+01    0.447156934812794873E+03
    0.130449939818516891E+01    0.136012559405173852E+04   -0.549308571404360801E+01   -0.704606544741170460E+01   -0.109363513267198904E+02   -0.380629091661954178E+01    0.447300068828628298E+03
    0.130030414592981192E+01    0.146779644062284819E+04   -0.553398205054763004E+01   -0.679321324804882209E+01   -0.988012329752034191E+01   -0.386269841040387085E+01    0.447088356267948541E+03
    0.130064763216610224E+01    0.147720783530856988E+04   -0.539017755642242768E+01   -0.691384551860518570E+01   -0.114527717863247780E+02   -0.391987776760089623E+01    0.447179857472618153E+03
    0.130409354738620409E+01    0.144455095116093594E+04   -0.579180901053483765E+01   -0.726110111340000142E+01   -0.104015440059626485E+02   -0.407883863143283065E+01    0.447065194740847289E+03
    0.130411133423995329E+01    0.146709009831981052E+04   -0.585191698138888761E+01   -0.728912504095423852E+01   -0.108765228121516397E+02   -0.411030540529642430E+01    0.447304268619404922E+03
    0.130350979088787233E+01    0.136153719703452566E+04   -0.536907134790675844E+01   -0.706332022195714515E+01   -0.111041636630140683E+02   -0.373857313858405682E+01    0.446934978526094369E+03
    0.129961035725186003E+01    0.148786489086991560E+04   -0.573286758231502702E+01   -0.707046437543648221E+01   -0.978988616676796042E+01   -0.390190601536416537E+01    0.447042759260025491E+03
    0.130159484161118155E+01    0.141205288314227187E+04   -0.522562414564622557E+01   -0.699428291538432312E+01   -0.109560728964530014E+02   -0.376352112442789277E+01    0.446992941220241164E+03
    0.130401987737146730E+01    0.141246113629136289E+04   -0.550120653381701885E+01   -0.695162627714634063E+01   -0.110047162804951206E+02   -0.394349261363591985E+01    0.446911610477368072E+03
    0.130159598414130429E+01    0.150148672160838692E+04   -0.604113993429186014E+01   -0.721821633518406269E+01   -0.100720376883934506E+02   -0.404969231442918520E+01    0.447223170965577935E+03
    0.130517583803805493E+01    0.138276641010904405E+04   -0.567556926838462683E+01   -0.718135188189506923E+01   -0.109805822086276397E+02   -0.393015557047258213E+01    0.447487763796000081E+03
    0.130140817714439527E+01    0.139274057645895527E+04   -0.536501888647356040E+01   -0.689622433176570038E+01   -0.985228106630129652E+01   -0.370635038074241940E+01    0.447529281208147097E+03
    0.130057316706307979E+01    0.142990398691040741E+04   -0.559841342178299772E+01   -0.714195755763519280E+01   -0.966967760896172024E+01   -0.377599518306973891E+01    0.447030320209581021E+03
    0.130298213233269911E+01    0.136681305741841084E+04   -0.526409651298908354E+01   -0.687251222446114340E+01   -0.102790054265380313E+02   -0.373469357498488996E+01    0.447264309404449307E+03
    0.130342769095566480E+01    0.138327110225259048E+04   -0.529332233832864141E+01   -0.700187773065280350E+01   -0.112334885087066727E+02   -0.379671633291958344E+01    0.447221494556679659E+03
    0.130136855763992565E+01    0.146050739246741341E+04   -0.568795532480956911E+01   -0.704554807236348246E+01   -0.103511805570830546E+02   -0.394441496564708061E+01    0.447304233922894412E+03
    0.130136855763992565E+01    0.146050739246741341E+04   -0.568795532480956911E+01   -0.704554807236348246E+01   -0.103511805570830546E+02   -0.394441496564708061E+01    0.447304233922894412E+03
    0.130035137472963158E+01    0.143842311073058931E+04   -0.552463367613831302E+01   -0.701374222977023543E+01   -0.969061027352693571E+01   -0.377488399475364922E+01    0.447428694094399361E+03
    0.130050130149090259E+01    0.152174104366012170E+04   -0.565325298954569710E+01   -0.716301208503794751E+01   -0.106367076775497580E+02   -0.404420304615288018E+01    0.447413980727377009E+03
    0.130103525937886766E+01    0.146753731567292289E+04   -0.535347900616829087E+01   -0.701104080095310778E+01   -0.105115069005304651E+02   -0.389881131285135396E+01    0.447146535386349058E+03
    0.130256322209732800E+01    0.146535293921738707E+04   -0.573049653415991589E+01   -0.731918351101583919E+01   -0.105628360214641752E+02   -0.400628351602379595E+01    0.447907056350445373E+03
    0.130256322209732800E+01    0.146535293921738707E+04   -0.573049653415991589E+01   -0.731918351101583919E+01   -0.105628360214641752E+02   -0.400628351602379595E+01    0.447907056350445373E+03
    0.130166525398498556E+01    0.149779463520881291E+04   -0.565497342855222218E+01   -0.709897131253912406E+01   -0.116546046238449357E+02   -0.407606834314285837E+01    0.446905634238171956E+03
    0.130188210804804116E+01    0.144486893818686463E+04   -0.553821308840641180E+01   -0.711238382898259847E+01   -0.109583680149618594E+02   -0.388026451141487705E+01    0.447637609163081606E+03
    0.130252175938121684E+01    0.146242486399585619E+04   -0.553686853025962122E+01   -0.700206513437279021E+01   -0.112229625938640805E+02   -0.398703171082140351E+01    0.447443393137599514E+03
    0.130252175938121684E+01    0.146242486399585619E+04   -0.553686853025962122E+01   -0.700206513437279021E+01   -0.112229625938640805E+02   -0.398703171082140351E+01    0.447443393137599514E+03
    0.130290260530907931E+01    0.141870386037327626E+04   -0.540184206961058333E+01   -0.722610750929318435E+01   -0.110583482065639451E+02   -0.389251730653365868E+01    0.447555332181665449E+03
    0.130224759427860715E+01    0.141188345263749534E+04   -0.541238584517529553E+01   -0.707191254561149396E+01   -0.113327919889891184E+02   -0.384905527527320146E+01    0.446898521979232953E+03
    0.130442691006421496E+01    0.140889307066110632E+04   -0.581104116960769979E+01   -0.735522651264443095E+01   -0.106610893747834243E+02   -0.398569763260689669E+01    0.447405674364318031E+03
    0.130314665645339511E+01    0.139139429871787524E+04   -0.578724143862640794E+01   -0.707518212202905517E+01   -0.991341680372173606E+01   -0.379437509512465532E+01    0.446911227136552156E+03
    0.129973640909233690E+01    0.150833317739310996E+04   -0.555806340802915688E+01   -0.704064896480896163E+01   -0.100584809275226608E+02   -0.396918646803848141E+01    0.447068129104629804E+03
    0.130582902676620516E+01    0.140926982290729075E+04   -0.588555188951660480E+01   -0.745706585741990047E+01   -0.119242173000539839E+02   -0.405543693716660147E+01    0.446929846357859333E+03
    0.130116956160407415E+01    0.142794373943486380E+04   -0.569740589533499886E+01   -0.692540987296643973E+01   -0.100310261477350284E+02   -0.381343119728567537E+01    0.447154593043167665E+03
    0.130160406383469263E+01    0.147147769669108857E+04   -0.570960983001143330E+01   -0.703457322185386591E+01   -0.113573201673010953E+02   -0.394365155942851153E+01    0.446919679742401343E+03
    0.130234492800014801E+01    0.145704112548297894E+04   -0.547187674183021766E+01   -0.719433226790077640E+01   -0.106427922247179012E+02   -0.399385126623592868E+01    0.447352483128199765E+03
    0.130234492800014801E+01    0.145704112548297894E+04   -0.547187674183021766E+01   -0.719433226790077640E+01   -0.106427922247179012E+02   -0.399385126623592868E+01    0.447352483128199765E+03
    0.130329149903008656E+01    0.146554272467860551E+04   -0.591299530181022348E+01   -0.750469582428617343E+01   -0.106080613674034758E+02   -0.408156496229271593E+01    0.447076222201626081E+03
    0.130251684912994414E+01    0.144066390427029319E+04   -0.566074390038931785E+01   -0.700563649789967702E+01   -0.101885687187415765E+02   -0.390351128530909364E+01    0.447341246921805691E+03
    0.130302244610215867E+01    0.137672352335047299E+04   -0.543702965538562211E+01   -0.702784064218538784E+01   -0.995132771261657290E+01   -0.374345094648199606E+01    0.447130364502622854E+03
    0.130415458973263854E+01    0.140471483134746245E+04   -0.557168083476349096E+01   -0.729928193571918538E+01   -0.116056224495256028E+02   -0.391831711422677742E+01    0.447598220190668542E+03
    0.130415458973263854E+01    0.140471483134746245E+04   -0.557168083476349096E+01   -0.729928193571918538E+01   -0.116056224495256028E+02   -0.391831711422677742E+01    0.447598220190668542E+03
    0.130268664402010126E+01    0.142721247199820141E+04   -0.545003528712782792E+01   -0.722411036577037269E+01   -0.102459139007794064E+02   -0.392456287418016281E+01    0.447308376470800795E+03
    0.130073840386030670E+01    0.146408040643003187E+04   -0.560623949511841957E+01   -0.683982220553217868E+01   -0.107491559716577054E+02   -0.388932817487871851E+01    0.446908925911566996E+03
    0.130205402984927288E+01    0.142425322862931284E+04   -0.553623452978793829E+01   -0.706420459622945973E+01   -0.109108623188367613E+02   -0.386082643736675735E+01    0.447289880596595083E+03
    0.130394084052784565E+01    0.135021840687700160E+04   -0.538815220122433480E+01   -0.691240857912639850E+01   -0.109338857767442637E+02   -0.374725843742057485E+01    0.446970431177904288E+03
    0.130142415470740636E+01    0.150551090751663878E+04   -0.570746817968732945E+01   -0.731349221761993462E+01   -0.107984233350707584E+02   -0.405792390976334261E+01    0.447457504421905981E+03
    0.130398322999111116E+01    0.144027130097342865E+04   -0.596946606430734583E+01   -0.731901955928208370E+01   -0.104231361585370568E+02   -0.404195137570770768E+01    0.447512881433113421E+03
    0.130398322999111116E+01    0.144027130097342865E+04   -0.596946606430734583E+01   -0.731901955928208370E+01   -0.104231361585370568E+02   -0.404195137570770768E+01    0.447512881433113421E+03
    0.130513138556541164E+01    0.144183990664156909E+04   -0.599492402947338476E+01   -0.743481161969396975E+01   -0.117632258830496141E+02   -0.412789128829894381E+01    0.446930261345732788E+03
    0.130307095789784277E+01    0.146880971356102054E+04   -0.587056395067133963E+01   -0.726382284384293619E+01   -0.105961742959820420E+02   -0.408949966529652631E+01    0.447165218586432673E+03
    0.130273335099230803E+01    0.150233529616157398E+04   -0.589125293516703863E+01   -0.751403828111956162E+01   -0.106523528966411494E+02   -0.415172983714178123E+01    0.446903462728203692E+03
    0.130455798590996919E+01    0.139282436089467546E+04   -0.582208503126718746E+01   -0.719081140024563314E+01   -0.104082228619671291E+02   -0.394935339888205661E+01    0.447133585413299386E+03
    0.130190717009409296E+01    0.147000660082899799E+04   -0.568752435800182887E+01   -0.730017895181703569E+01   -0.113528862777017832E+02   -0.396778807712317594E+01    0.447056778972557993E+03
    0.130382353475442714E+01    0.149099665701331605E+04   -0.590420443114452986E+01   -0.737512046326878856E+01   -0.109271273511141320E+02   -0.415422383087479030E+01    0.447166447437357192E+03
    0.130216443005660309E+01    0.138390406732092538E+04   -0.556919375026525287E+01   -0.695159425035464196E+01   -0.967008410135255403E+01   -0.373649326872839360E+01    0.447209551418639819E+03
    0.130119397971265949E+01    0.146347941528013735E+04   -0.542550623674621235E+01   -0.694739841628430010E+01   -0.108505211382931073E+02   -0.390918650966107073E+01    0.447700571332639697E+03
    0.130119397971265949E+01    0.146347941528013735E+04   -0.542550623674621235E+01   -0.694739841628430010E+01   -0.108505211382931073E+02   -0.390918650966107073E+01    0.447700571332639697E+03
    0.130171277520765982E+01    0.146367132212780734E+04   -0.532597813378056184E+01   -0.710612684597526112E+01   -0.112780712574201321E+02   -0.395819878133728942E+01    0.446927290342695812E+03
    0.130252569820520048E+01    0.143781431074208081E+04   -0.552641732634608740E+01   -0.695907729764426275E+01   -0.100645796277856903E+02   -0.392788522543857610E+01    0.446916969347648035E+03
    0.130403530808228885E+01    0.145050287766913448E+04   -0.574647852105467827E+01   -0.720596208285315676E+01   -0.109534985648071146E+02   -0.404673276202924370E+01    0.447427514917213273E+03
    0.130310671560487079E+01    0.149215457173155164E+04   -0.584102563205829028E+01   -0.743086182212155144E+01   -0.115147136084144499E+02   -0.413444746936753482E+01    0.447404965826589375E+03
    0.130375595589812776E+01    0.138794490930637880E+04   -0.550247625792720019E+01   -0.708805115979975309E+01   -0.112960184092561988E+02   -0.384355354450141284E+01    0.447452739513615825E+03
    0.130550641116788313E+01    0.142375698677166929E+04   -0.594040742451826098E+01   -0.727581296083834417E+01   -0.115594896967517204E+02   -0.408826367830205939E+01    0.446919830213308387E+03
    0.130190868252112457E+01    0.146759985804210510E+04   -0.573301859729405372E+01   -0.692128115368437591E+01   -0.102799925742345657E+02   -0.396841169066632204E+01    0.447345981629255675E+03
    0.130190868252112457E+01    0.146759985804210510E+04   -0.573301859729405372E+01   -0.692128115368437591E+01   -0.102799925742345657E+02   -0.396841169066632204E+01    0.447345981629255675E+03
    0.130575645198134316E+01    0.139788931353344515E+04   -0.570571358881906576E+01   -0.730008766742133197E+01   -0.109900613293544733E+02   -0.404296599948485369E+01    0.447015106206415055E+03
    0.130406037923574192E+01    0.136530439128189664E+04   -0.536600831153191393E+01   -0.706742616291135395E+01   -0.111355015675946536E+02   -0.381760061889948155E+01    0.447258245105641947E+03
    0.130261747664371641E+01    0.141583586225398039E+04   -0.546778942590157513E+01   -0.703568735200393469E+01   -0.108553794270117301E+02   -0.383527893591797842E+01    0.447219808866510334E+03
    0.130167809483004726E+01    0.145898705228606536E+04   -0.562634703985307194E+01   -0.692889898671973548E+01   -0.105442053688485817E+02   -0.390462263773725127E+01    0.447269334150809868E+03
    0.130218690347479660E+01    0.148908395720064914E+04   -0.598616401520097963E+01   -0.739138891729431524E+01   -0.993251558797279799E+01   -0.405659378058129771E+01    0.446934273968187824E+03
    0.130170638193422961E+01    0.142165624184166063E+04   -0.540228501226450586E+01   -0.713995862350133415E+01   -0.106343631923583306E+02   -0.381751291078275834E+01    0.447358069312298483E+03
    0.130170638193422961E+01    0.142165624184166063E+04   -0.540228501226450586E+01   -0.713995862350133415E+01   -0.106343631923583306E+02   -0.381751291078275834E+01    0.447358069312298483E+03
    0.130412950664804450E+01    0.135361915808503431E+04   -0.548215240362919509E+01   -0.711282148488411092E+01   -0.104705290298927931E+02   -0.375668129843771403E+01    0.447260705624858474E+03
    0.130279852044861011E+01    0.150338292736594644E+04   -0.580228703188228856E+01   -0.755192239975641577E+01   -0.111249961473453798E+02   -0.413814704170068470E+01    0.447120960244057642E+03
    0.130474288593295151E+01    0.141958837944502102E+04   -0.590728011777268414E+01   -0.746641364989104961E+01   -0.110924153919353934E+02   -0.403210306885801728E+01    0.446985223375161581E+03
    0.130465048492446356E+01    0.141956550387565085E+04   -0.572832931117696464E+01   -0.716588203448839334E+01   -0.110077365968169705E+02   -0.402347467083792232E+01    0.447543344642835109E+03
    0.130552346397192487E+01    0.143333427305251712E+04   -0.589689665294728016E+01   -0.733465776997080621E+01   -0.111206102959803221E+02   -0.411366765547418467E+01    0.447035501784984206E+03
    0.130173941063102805E+01    0.146224976088909443E+04   -0.570849702145099869E+01   -0.725730955643718723E+01   -0.104195104475530602E+02   -0.396235866961476368E+01    0.447506075711509368E+03
    0.130225651523310493E+01    0.149392547928467684E+04   -0.574688628549574876E+01   -0.705426559393120378E+01   -0.105762252573686197E+02   -0.404488386704860492E+01    0.446932440964073635E+03
    0.130382643617281557E+01    0.141691008463253729E+04   -0.549239995137566250E+01   -0.738021814520655006E+01   -0.117808879122513659E+02   -0.394898255641207818E+01    0.447354150521795020E+03
    0.130364862138868443E+01    0.144633026973278447E+04   -0.563429267403894762E+01   -0.737744014275694582E+01   -0.112764392502125688E+02   -0.402660742416767548E+01    0.447742945599055759E+03
    0.130364862138868443E+01    0.144633026973278447E+04   -0.563429267403894762E+01   -0.737744014275694582E+01   -0.112764392502125688E+02   -0.402660742416767548E+01    0.447742945599055759E+03
    0.130420902639256941E+01    0.146290716349020454E+04   -0.584710629127653014E+01   -0.746267753880860063E+01   -0.116094033045268468E+02   -0.410932838474794959E+01    0.447595192246408487E+03
    0.130420902639256941E+01    0.146290716349020454E+04   -0.584710629127653014E+01   -0.746267753880860063E+01   -0.116094033045268468E+02   -0.410932838474794959E+01    0.447595192246408487E+03
    0.130386039450833557E+01    0.143816686537117857E+04   -0.583438654264797130E+01   -0.729471155298687801E+01   -0.117826358112087011E+02   -0.402805558647104611E+01    0.447272563078852784E+03
    0.130279900433683804E+01    0.146268258669728812E+04   -0.569136712435510717E+01   -0.723512321938636926E+01   -0.107239319962642714E+02   -0.405986967925786413E+01    0.446929576093528112E+03
    0.130411857947508825E+01    0.142445812633308992E+04   -0.564161404450027337E+01   -0.728486223092302776E+01   -0.111393487551594443E+02   -0.397524191724142106E+01    0.447858858734716478E+03
    0.130411857947508825E+01    0.142445812633308992E+04   -0.564161404450027337E+01   -0.728486223092302776E+01   -0.111393487551594443E+02   -0.397524191724142106E+01    0.447858858734716478E+03
    0.130158229865526165E+01    0.145189551909522424E+04   -0.561417640684187624E+01   -0.699839689773758433E+01   -0.107116863659542734E+02   -0.390569169126723459E+01    0.447693874201525489E+03
    0.130431922320280780E+01    0.140916179313678640E+04   -0.562586226949955392E+01   -0.756025063522126040E+01   -0.105501014737205701E+02   -0.395950760408303992E+01    0.447017127883637897E+03
    0.130080003045305626E+01    0.146016986348965520E+04   -0.550073745961046257E+01   -0.677952617559671200E+01   -0.100889894233143984E+02   -0.388741817159072234E+01    0.447193640621525333E+03
    0.130141944838572421E+01    0.145431108765117506E+04   -0.558613001431110678E+01   -0.734128119636763543E+01   -0.100205976284184981E+02   -0.390550588697509582E+01    0.447309614899779433E+03
    0.130118878562840035E+01    0.143467960908323630E+04   -0.563614276114644497E+01   -0.690134290091466518E+01   -0.971525692503150928E+01   -0.383905487522939204E+01    0.447171200302891009E+03
    0.130312531791391439E+01    0.139432800310979906E+04   -0.540238180864185047E+01   -0.690454495974524818E+01   -0.108422784764213791E+02   -0.382455656266195376E+01    0.447558182997788549E+03
    0.130312531791391439E+01    0.139432800310979906E+04   -0.540238180864185047E+01   -0.690454495974524818E+01   -0.108422784764213791E+02   -0.382455656266195376E+01    0.447558182997788549E+03
    0.130570772048724648E+01    0.141487999561846755E+04   -0.581974800295541694E+01   -0.748935998538926917E+01   -0.111821369571326503E+02   -0.405709294318097413E+01    0.447168951652171984E+03
    0.130493744859491434E+01    0.140248923899496094E+04   -0.565735706659324489E+01   -0.743691551548530683E+01   -0.108604515003752962E+02   -0.399584425474277438E+01    0.447427306605185038E+03
    0.130211875303862623E+01    0.145934919386285969E+04   -0.562916511217333770E+01   -0.710766741963765991E+01   -0.119186936433967254E+02   -0.394916875886816143E+01    0.447469221678093390E+03
    0.130241061852478901E+01    0.145565011201103221E+04   -0.569231155694124347E+01   -0.714684169872652220E+01   -0.114447333489848049E+02   -0.398655321856711176E+01    0.447430906586543074E+03
    0.130007979409769336E+01    0.152072514454788097E+04   -0.574930291761857681E+01   -0.725385024168519532E+01   -0.103461901380160164E+02   -0.400343898042938573E+01    0.447132266928287891E+03
    0.129973819369972898E+01    0.144750797954926475E+04   -0.537914049428270058E+01   -0.679167185168937504E+01   -0.982502186539162636E+01   -0.374757368561344606E+01    0.447171469651157054E+03
    0.130552486894595976E+01    0.142906228616116277E+04   -0.592688894447660797E+01   -0.732231509943567538E+01   -0.107814487480679428E+02   -0.410332491928876308E+01    0.446894553239115794E+03
    0.130380480883906569E+01    0.140924178116903249E+04   -0.556919612492321114E+01   -0.698018581517474690E+01   -0.115487330898943732E+02   -0.390270286628343399E+01    0.447094485877333057E+03
    0.130348793745998282E+01    0.141423906416148520E+04   -0.567901365466341979E+01   -0.710935062578215060E+01   -0.108522761508313206E+02   -0.392837571983223555E+01    0.447686790594157685E+03
    0.130348793745998282E+01    0.141423906416148520E+04   -0.567901365466341979E+01   -0.710935062578215060E+01   -0.108522761508313206E+02   -0.392837571983223555E+01    0.447686790594157685E+03
    0.130489248013917436E+01    0.142350121769979978E+04   -0.579016848931831785E+01   -0.724430490705015018E+01   -0.107570487735774520E+02   -0.406214871174217329E+01    0.447323977788519926E+03
    0.130489248013917436E+01    0.142350121769979978E+04   -0.579016848931831785E+01   -0.724430490705015018E+01   -0.107570487735774520E+02   -0.406214871174217329E+01    0.447323977788519926E+03
    0.130466783133920483E+01    0.145518868990006490E+04   -0.602328549706469385E+01   -0.735257258646639045E+01   -0.108177558770752782E+02   -0.413434074239829386E+01    0.447079618077904342E+03
    0.130142858733999511E+01    0.149582262099277159E+04   -0.584097276835434531E+01   -0.723774000290187836E+01   -0.103002894948270480E+02   -0.400851268785142612E+01    0.447489246095932629E+03
    0.130558320908709380E+01    0.138792565676617824E+04   -0.573255691328232331E+01   -0.717382723035502323E+01   -0.119207902215402584E+02   -0.399905174454029932E+01    0.447012894382337606E+03
    0.130326674678009380E+01    0.137894431926947482E+04   -0.555457247803623311E+01   -0.728853142884995631E+01   -0.100546904068590592E+02   -0.378077271107506263E+01    0.447100954990070477E+03
    0.130400594733654818E+01    0.143251553387259742E+04   -0.580805905135068112E+01   -0.752106742548262464E+01   -0.103691676092674090E+02   -0.399549537566227819E+01    0.447413434977073109E+03
    0.130142965339121153E+01    0.146063922235511768E+04   -0.545010027760347882E+01   -0.701487803773726526E+01   -0.109595874920508134E+02   -0.389904096446961823E+01    0.447553713435428563E+03
    0.130142965339121153E+01    0.146063922235511768E+04   -0.545010027760347882E+01   -0.701487803773726526E+01   -0.109595874920508134E+02   -0.389904096446961823E+01    0.447553713435428563E+03
    0.130446311920687741E+01    0.138912066567916463E+04   -0.567492887021883963E+01   -0.726286077764818039E+01   -0.119842041894776230E+02   -0.391250172496607007E+01    0.447086799760083863E+03
    0.130112127817769530E+01    0.153244364479933051E+04   -0.592291055740403483E+01   -0.714317040067341846E+01   -0.105462279452143797E+02   -0.410690483547195839E+01    0.447082674067298399E+03
    0.130480909883645135E+01    0.141460237162958174E+04   -0.573784954248344725E+01   -0.717650996018377096E+01   -0.110173761368691476E+02   -0.398762842667420969E+01    0.447327318474119807E+03
    0.130480909883645135E+01    0.141460237162958174E+04   -0.573784954248344725E+01   -0.717650996018377096E+01   -0.110173761368691476E+02   -0.398762842667420969E+01    0.447327318474119807E+03
    0.130086534556170141E+01    0.145362089295641726E+04   -0.529013923200292879E+01   -0.679827358479500976E+01   -0.117644004699745128E+02   -0.385607933866860364E+01    0.446930814958894757E+03
    0.129944079874931240E+01    0.148102493121088787E+04   -0.533714162135489545E+01   -0.696654760464853950E+01   -0.103785940149784022E+02   -0.383614702244812733E+01    0.447131361846853622E+03
    0.130145136557589747E+01    0.142084830267119924E+04   -0.533344059907897972E+01   -0.711358117949027058E+01   -0.108977970449126023E+02   -0.379132270646379865E+01    0.446937860273443391E+03
    0.130315183643758292E+01    0.144132358418857575E+04   -0.586577762924336454E+01   -0.736125007679158827E+01   -0.100174043702602624E+02   -0.398387059689654066E+01    0.447555269125168024E+03
    0.130186416912543224E+01    0.139869560517428090E+04   -0.547909404752292417E+01   -0.715567813233044436E+01   -0.996026915474230634E+01   -0.373788441024277773E+01    0.447049586217376770E+03
    0.130103063457836865E+01    0.145608082878350638E+04   -0.571445539813353864E+01   -0.721923643523857450E+01   -0.978578778221983647E+01   -0.386772536432846969E+01    0.447261115373040752E+03
    0.130422134948976987E+01    0.141285490290343387E+04   -0.555722490235009214E+01   -0.736003101845601382E+01   -0.115613163845659255E+02   -0.398719187586285528E+01    0.447314407048158387E+03
    0.130422134948976987E+01    0.141285490290343387E+04   -0.555722490235009214E+01   -0.736003101845601382E+01   -0.115613163845659255E+02   -0.398719187586285528E+01    0.447314407048158387E+03
    0.130381592389193401E+01    0.141664898504459711E+04   -0.546490398957428170E+01   -0.710123376364811243E+01   -0.117744260238214746E+02   -0.397837389856620582E+01    0.447150803331910708E+03
    0.130546843372479882E+01    0.141301012925180498E+04   -0.583432559317231636E+01   -0.734592512552792343E+01   -0.106496180432209737E+02   -0.403970957566304278E+01    0.447199886591444226E+03
    0.130069600891744042E+01    0.150478906177091972E+04   -0.582029141527428884E+01   -0.710579579979726539E+01   -0.102648653431785633E+02   -0.398359291010465277E+01    0.447564734955337713E+03
    0.130069600891744042E+01    0.150478906177091972E+04   -0.582029141527428884E+01   -0.710579579979726539E+01   -0.102648653431785633E+02   -0.398359291010465277E+01    0.447564734955337713E+03
    0.130094800611108541E+01    0.147373361189799039E+04   -0.541076221922764500E+01   -0.697986689146481520E+01   -0.103968018269211413E+02   -0.393051330071431337E+01    0.447469028177200869E+03
    0.130507903714277584E+01    0.134384905319650943E+04   -0.551190757406738818E+01   -0.701249240711890653E+01   -0.102512173866513319E+02   -0.380862799272920327E+01    0.446905880133023004E+03
    0.130076228343992151E+01    0.145880738969503568E+04   -0.547357408003912482E+01   -0.689876232415148660E+01   -0.108588833840669672E+02   -0.389509755987340789E+01    0.447017438811097122E+03
    0.130151246939018006E+01    0.139791701384896533E+04   -0.528335389253965992E+01   -0.686441988531543501E+01   -0.103131343791116254E+02   -0.375691084775469797E+01    0.447060430735082605E+03
    0.130500766681172986E+01    0.143031864511686786E+04   -0.567080012597585004E+01   -0.753844133206364742E+01   -0.110076830330619053E+02   -0.405769651925681085E+01    0.446890569309859643E+03
    0.130481251742875215E+01    0.145648205972132337E+04   -0.591367050393863281E+01   -0.763624125468963388E+01   -0.109813961885269951E+02   -0.413508848164055909E+01    0.446992076432553404E+03
    0.130273911669379983E+01    0.144856395520139313E+04   -0.541604266788227040E+01   -0.723543491869827537E+01   -0.115873591228215034E+02   -0.398789387137910722E+01    0.447226880299909965E+03
    0.130206467095548195E+01    0.146094557901948360E+04   -0.568029776868614000E+01   -0.738721692870209790E+01   -0.100607659676767511E+02   -0.397701120356560800E+01    0.447328316818317035E+03
    0.130366800561817975E+01    0.147145054607571842E+04   -0.580624437230397739E+01   -0.713380547950813781E+01   -0.114827913540127824E+02   -0.411499563106049138E+01    0.447113317168422157E+03
    0.130412445869722937E+01    0.140297531745498964E+04   -0.563763047732523326E+01   -0.738989785836566249E+01   -0.103574512019970957E+02   -0.395833432882627534E+01    0.447015123312677304E+03
    0.130271041015343170E+01    0.147480986508471756E+04   -0.568401534117727536E+01   -0.745632791027759900E+01   -0.117927683675486410E+02   -0.405130274105849786E+01    0.447306305265721562E+03
    0.130145318285762990E+01    0.147807406497373518E+04   -0.540452655307449081E+01   -0.720987778998153050E+01   -0.109990082440270047E+02   -0.396686802441698738E+01    0.447148049178699580E+03
    0.130325386010520550E+01    0.140017899784854080E+04   -0.540554139288360336E+01   -0.720707284512255608E+01   -0.109010754779488614E+02   -0.385466384925534200E+01    0.447546465878981280E+03
    0.130325386010520550E+01    0.140017899784854080E+04   -0.540554139288360336E+01   -0.720707284512255608E+01   -0.109010754779488614E+02   -0.385466384925534200E+01    0.447546465878981280E+03
    0.130223679041281204E+01    0.143050588805456277E+04   -0.562081917760858651E+01   -0.705036600916652034E+01   -0.109487812981982096E+02   -0.386774166623256299E+01    0.447282744153589647E+03
    0.130359075097274535E+01    0.142225531970379234E+04   -0.584733453726462837E+01   -0.718180960040752581E+01   -0.993919118616214803E+01   -0.395961572709108012E+01    0.447246917563675197E+03
    0.130389406136715857E+01    0.143946855376712006E+04   -0.590681408407082209E+01   -0.716510471822759154E+01   -0.103744395702352694E+02   -0.399855495611883249E+01    0.447100206361598737E+03
    0.130169498735187461E+01    0.148485912008089304E+04   -0.578598683144082493E+01   -0.700581463631379986E+01   -0.106942217463679405E+02   -0.399154463664601877E+01    0.447400494524141607E+03
    0.130353016954013268E+01    0.138708292353751540E+04   -0.539508705459780291E+01   -0.696222243070934699E+01   -0.113654206066493124E+02   -0.384887473893280330E+01    0.447382032394515988E+03
    0.130099579997085746E+01    0.147301751712783448E+04   -0.570031687469730475E+01   -0.694465413111907814E+01   -0.101455001269750049E+02   -0.396087643138024603E+01    0.446979676610526951E+03
    0.130021523687691243E+01    0.145712314213857985E+04   -0.539164771025042278E+01   -0.688903955563253501E+01   -0.103073822680266609E+02   -0.386319887465510980E+01    0.446946723664177966E+03
    0.130343968867705517E+01    0.146052076175391062E+04   -0.567731152420425289E+01   -0.743246113772199024E+01   -0.111972443339421197E+02   -0.403977641549202815E+01    0.447597001474340061E+03
    0.130343968867705517E+01    0.146052076175391062E+04   -0.567731152420425289E+01   -0.743246113772199024E+01   -0.111972443339421197E+02   -0.403977641549202815E+01    0.447597001474340061E+03
    0.130109723289566981E+01    0.143106961032468257E+04   -0.531946949428022453E+01   -0.710690694047623595E+01   -0.105817512528834108E+02   -0.381138482921524258E+01    0.447157282355976690E+03
    0.130146750538275158E+01    0.141683273402705618E+04   -0.534425261057906376E+01   -0.683337729071485001E+01   -0.100946266590416016E+02   -0.381247473816932825E+01    0.447265702824320499E+03
    0.130317505752693652E+01    0.136910925181181801E+04   -0.527035256327115764E+01   -0.680960732885380615E+01   -0.104819322879263268E+02   -0.374223021362171160E+01    0.447039627699329287E+03
    0.130095671645814015E+01    0.149987689473962291E+04   -0.554304604106227572E+01   -0.705831949310187667E+01   -0.110711690226753809E+02   -0.400223477724166710E+01    0.447504164066451153E+03
    0.130261367138781692E+01    0.146760543554145329E+04   -0.569098244090912075E+01   -0.712771256539030773E+01   -0.109131721017206562E+02   -0.400413996837336672E+01    0.447733875872990609E+03
    0.130261367138781692E+01    0.146760543554145329E+04   -0.569098244090912075E+01   -0.712771256539030773E+01   -0.109131721017206562E+02   -0.400413996837336672E+01    0.447733875872990609E+03
    0.130317982975184710E+01    0.143372852811191183E+04   -0.551880126332004295E+01   -0.717076137587689555E+01   -0.106480035691282442E+02   -0.393294281805514423E+01    0.447678100145813289E+03
    0.130317982975184710E+01    0.143372852811191183E+04   -0.551880126332004295E+01   -0.717076137587689555E+01   -0.106480035691282442E+02   -0.393294281805514423E+01    0.447678100145813289E+03
    0.130560871644125776E+01    0.135142028509070315E+04   -0.551504952549352456E+01   -0.712985116141012032E+01   -0.108072139777060841E+02   -0.385350288717940082E+01    0.446995941443342986E+03
    0.130162170603083149E+01    0.151305651692315723E+04   -0.565568643123573445E+01   -0.714998961427573132E+01   -0.112447069265735919E+02   -0.407111883229718963E+01    0.447351055974879898E+03
