    0.131575660365689950E+01    0.119699225156250282E+04   -0.413750085124486944E+01    0.365955396201791871E+03
    0.131571926662287408E+01    0.140994912428730277E+04   -0.470988960228303277E+01    0.366118206521674949E+03
    0.131168828045256980E+01    0.147993363664355002E+04   -0.458401783962673992E+01    0.366164871125169043E+03
    0.131481668006516461E+01    0.124382729771179197E+04   -0.426105930630783813E+01    0.366666583789662354E+03
    0.131974931828346920E+01    0.118663590543967575E+04   -0.443974300370672115E+01    0.366759352449993685E+03
    0.131249332200204316E+01    0.142968306733678014E+04   -0.451017182067315492E+01    0.367297411608996583E+03
    0.131039188951350494E+01    0.154609639794676377E+04   -0.471761163004963624E+01    0.367457129434258604E+03
    0.130988098395760000E+01    0.156462099828800569E+04   -0.475657879477840151E+01    0.367785722923961544E+03
    0.131733131225159661E+01    0.125001171484250062E+04   -0.435512182905632095E+01    0.367852810027387875E+03
    0.131253303772151342E+01    0.135602146804313520E+04   -0.438776876339427702E+01    0.367880819633334681E+03
    0.131687120603266683E+01    0.124129482426350296E+04   -0.451136396564702835E+01    0.367941794093227941E+03
    0.131167284010322005E+01    0.155636989631880442E+04   -0.494408644856372881E+01    0.367971749013510646E+03
    0.131947629700833735E+01    0.116061238438448072E+04   -0.437580446161904479E+01    0.368032012424152640E+03
    0.131825541420414982E+01    0.117024875801705775E+04   -0.434036065975278174E+01    0.368098358340835205E+03
    0.131539438030576150E+01    0.128841253772747041E+04   -0.453791401124213856E+01    0.368176684031451373E+03
    0.131214189620534416E+01    0.146769703836229155E+04   -0.479000174372878273E+01    0.368189759979938060E+03
    0.131749120270649067E+01    0.117418817725105487E+04   -0.425396447994822946E+01    0.368200938276668637E+03
    0.131114668621343644E+01    0.144552169216491711E+04   -0.457934538090149701E+01    0.368213877522430835E+03
    0.131304316406296673E+01    0.147651114422086448E+04   -0.469271899913829671E+01    0.368366976655679537E+03
    0.131220821657111597E+01    0.154151094275647029E+04   -0.494639468091706824E+01    0.368415830243384903E+03
    0.131425863900225326E+01    0.148564137200610844E+04   -0.494505414375536212E+01    0.368441303781803072E+03
    0.131189509731932885E+01    0.151034504895944610E+04   -0.486737899001878915E+01    0.368487895121508700E+03
    0.131349121708050887E+01    0.134183029626136158E+04   -0.451084210853267731E+01    0.368519495629560481E+03
    0.131031850038168551E+01    0.154039990855479800E+04   -0.475594528850573006E+01    0.368631075105902255E+03
    0.131653354234534459E+01    0.120131017940180504E+04   -0.421466798223788519E+01    0.368799985811469185E+03
    0.131387939244257224E+01    0.132725502492335227E+04   -0.435258624244013514E+01    0.368920694834249275E+03
    0.131372801675993944E+01    0.150631216550782779E+04   -0.492137528481994657E+01    0.368930299224733119E+03
    0.131826123942646878E+01    0.126954368303534147E+04   -0.466090255948540211E+01    0.368940103993678179E+03
    0.131640332507159941E+01    0.126213214002335826E+04   -0.452804563075610478E+01    0.368973171062869596E+03
    0.131591725636091050E+01    0.132683605344869011E+04   -0.471070973826217632E+01    0.368978840140348211E+03
    0.131825060560675333E+01    0.127738146339381387E+04   -0.466231074949072077E+01    0.368987542427927565E+03
    0.131694044549647371E+01    0.135660787377152428E+04   -0.473418778319726385E+01    0.368991642497727639E+03
    0.131479760028337522E+01    0.131196664062269701E+04   -0.454683791434982787E+01    0.369020442933603647E+03
    0.131775793306122502E+01    0.127618423067088452E+04   -0.452104527349121810E+01    0.369044526612849040E+03
    0.131707987253639613E+01    0.132969053093002776E+04   -0.462819268137171402E+01    0.369056313473871967E+03
    0.131483684667755862E+01    0.133783554541906506E+04   -0.442972037211395175E+01    0.369069357147510459E+03
    0.131450296844245740E+01    0.128186939923761929E+04   -0.435836778553013726E+01    0.369135243315570733E+03
    0.131518800952197767E+01    0.143918081014718632E+04   -0.480863555442275636E+01    0.369166007698162105E+03
    0.131117991195064709E+01    0.154193923137078423E+04   -0.485798719123492617E+01    0.369177203498664937E+03
    0.131662563599909466E+01    0.122526006096838091E+04   -0.439546213033750188E+01    0.369247296016131031E+03
    0.131059729382288803E+01    0.153944627773026946E+04   -0.475893774568678030E+01    0.369266593138999951E+03
    0.131232374635989713E+01    0.151709598323945124E+04   -0.477546861594072780E+01    0.369284630118529094E+03
    0.131556047496062378E+01    0.143001198593711547E+04   -0.487191554348565425E+01    0.369297718980869718E+03
    0.131486731882026175E+01    0.127379952419174924E+04   -0.437265497786714885E+01    0.369366651278012682E+03
    0.131293429347231028E+01    0.135130607274784825E+04   -0.441092036439598623E+01    0.369378222611879210E+03
    0.131580934262073912E+01    0.139807437363228291E+04   -0.486622966090477682E+01    0.369399517903783305E+03
    0.131393056782157625E+01    0.146317636023457840E+04   -0.489938057804161087E+01    0.369415585518299622E+03
    0.131548759537454152E+01    0.134654333274952205E+04   -0.473026509279333496E+01    0.369436454656548335E+03
    0.131828086088085361E+01    0.126587905195267240E+04   -0.460797323493452460E+01    0.369491312613154548E+03
    0.131428920373764901E+01    0.137142502912051259E+04   -0.469926716062403482E+01    0.369503846569145594E+03
    0.131775726352165967E+01    0.119855571688310511E+04   -0.428000652087327627E+01    0.369512066014837330E+03
    0.131823419577253520E+01    0.123069593801256724E+04   -0.454718888418667344E+01    0.369538687495077284E+03
    0.131328023891655543E+01    0.150642279464794251E+04   -0.492244980844819846E+01    0.369550150370812162E+03
    0.131801997965431616E+01    0.126948458917589596E+04   -0.464579509783743205E+01    0.369553591441703020E+03
    0.131386760060297680E+01    0.139218413365715378E+04   -0.451551597712341302E+01    0.369556089206221088E+03
    0.131107428543390059E+01    0.152527933980449029E+04   -0.473449997596259387E+01    0.369564531772265980E+03
    0.131130352220049007E+01    0.149116056219101802E+04   -0.473906136269912626E+01    0.369569616779907733E+03
    0.131500881084271426E+01    0.145303844860351819E+04   -0.487691559796395158E+01    0.369569768940200902E+03
    0.131099995058921914E+01    0.148263834650703302E+04   -0.465167265417797982E+01    0.369637643781619317E+03
    0.131817190079465707E+01    0.124034218030415013E+04   -0.457120478928351304E+01    0.369652153819425791E+03
    0.131854907619814998E+01    0.122416795661442393E+04   -0.445470845164107931E+01    0.369675050504438559E+03
    0.131379355679639409E+01    0.133464215425820930E+04   -0.436869252991058410E+01    0.369675111077670977E+03
    0.131817881092347999E+01    0.124146987856795158E+04   -0.445971130359867018E+01    0.369677951425319804E+03
    0.131839399753493236E+01    0.124305890829874011E+04   -0.450663442668260483E+01    0.369740030380958672E+03
    0.131203875271637282E+01    0.146725556880925933E+04   -0.475473635408845041E+01    0.369747556106002833E+03
    0.131585216264102334E+01    0.126719804626758832E+04   -0.447738413274762870E+01    0.369798014757817327E+03
    0.131125669016592683E+01    0.154902556751176985E+04   -0.484987317002371121E+01    0.369800820109160611E+03
    0.131739620485321218E+01    0.120653245446655410E+04   -0.437998366447969190E+01    0.369802628422441160E+03
    0.131601484060080787E+01    0.134192861576877431E+04   -0.454826188075078619E+01    0.369838595045801014E+03
    0.131231376409882317E+01    0.149756382916567736E+04   -0.485248105111867822E+01    0.369855838446823213E+03
    0.131816437313617341E+01    0.126606760614738437E+04   -0.459501304841323410E+01    0.369869572960385426E+03
    0.131503593089565185E+01    0.129250175378154108E+04   -0.433102498426734073E+01    0.369889465854952107E+03
    0.131242641039791796E+01    0.152908662294656529E+04   -0.490416484653862383E+01    0.369895193646340886E+03
    0.131145817951659449E+01    0.145356879482858108E+04   -0.457314016627146547E+01    0.369897906000061596E+03
    0.131627494205152229E+01    0.126077632097836931E+04   -0.449341976091987405E+01    0.369906379461564597E+03
    0.131798954520864764E+01    0.121105097271632326E+04   -0.445020440607041401E+01    0.369907410506025428E+03
    0.131643656203718806E+01    0.135852521387751449E+04   -0.479817812791039344E+01    0.369934076197317779E+03
    0.131692190906410267E+01    0.121810163919921433E+04   -0.437465935416209906E+01    0.369954415172706206E+03
    0.131577095983470627E+01    0.124381740789398214E+04   -0.433616256767548514E+01    0.369960957666640866E+03
    0.131832678079415899E+01    0.119050478707367643E+04   -0.435396381692521750E+01    0.369982928061113398E+03
    0.131675230921648523E+01    0.125998296858582353E+04   -0.453654330827082397E+01    0.370016684418923319E+03
    0.131348222054108588E+01    0.133687161084809668E+04   -0.439828629160662921E+01    0.370019174786502447E+03
    0.131613230965474370E+01    0.136345645850202754E+04   -0.479726589745398169E+01    0.370022427784351294E+03
    0.131833037464376090E+01    0.123023992635238301E+04   -0.452836316151639373E+01    0.370028398423652675E+03
    0.131128208285669801E+01    0.154241300037081805E+04   -0.484112395745928659E+01    0.370034155101785927E+03
    0.131285658425913221E+01    0.143777641812813908E+04   -0.475289726541252033E+01    0.370038298186804752E+03
    0.131562209903944427E+01    0.137811683813449145E+04   -0.463922497541711643E+01    0.370059570415125734E+03
    0.131663041146479465E+01    0.131553414324990763E+04   -0.453910934991977921E+01    0.370065835803416803E+03
    0.131678266144440714E+01    0.125605721895721808E+04   -0.436446738179375160E+01    0.370068680382555726E+03
    0.131135925446933688E+01    0.146159912218633053E+04   -0.461280973080653567E+01    0.370087408515569791E+03
    0.131614156235641944E+01    0.132522522270166110E+04   -0.451923090093926749E+01    0.370094818135685955E+03
    0.131533488320686365E+01    0.136991101556561216E+04   -0.477277889145223444E+01    0.370103846978876732E+03
    0.131263562015286173E+01    0.144479215221625032E+04   -0.458488564846796454E+01    0.370119589802290704E+03
    0.131355018404733381E+01    0.150029996083434526E+04   -0.487508374942288114E+01    0.370120788550415284E+03
    0.131329261075449732E+01    0.141185697280587829E+04   -0.471976902130852949E+01    0.370130083941698217E+03
    0.131533124864299400E+01    0.143135244266804943E+04   -0.485701833206635847E+01    0.370142959156593975E+03
    0.131798124170663100E+01    0.119421535959147695E+04   -0.431564860681042806E+01    0.370151711544551063E+03
    0.131191365353365108E+01    0.147455192674831142E+04   -0.462729604434056796E+01    0.370165426081515363E+03
    0.131745624927555438E+01    0.128039907097367768E+04   -0.451311342343938993E+01    0.370166843041105949E+03
    0.131258779457730101E+01    0.147599439857495349E+04   -0.468297449982762348E+01    0.370192226113149275E+03
    0.131421318114241026E+01    0.130761375816903455E+04   -0.441863423258608279E+01    0.370205426709515621E+03
    0.131425847393310713E+01    0.147132505943510932E+04   -0.483735390431685897E+01    0.370236922491488372E+03
    0.131496070435879431E+01    0.138118547362507707E+04   -0.477439847300283216E+01    0.370250601263303281E+03
    0.131506157744815533E+01    0.131015433200929147E+04   -0.455072823491327938E+01    0.370268708010895523E+03
    0.131531308396492030E+01    0.139462476019940937E+04   -0.465673642707488078E+01    0.370281308544584988E+03
    0.131776011978452767E+01    0.122169451587714229E+04   -0.446348254001592526E+01    0.370307718437129438E+03
    0.131790360590362976E+01    0.121729760575885985E+04   -0.445798793265950266E+01    0.370311771247854040E+03
    0.131164495434327066E+01    0.152212067147882294E+04   -0.483435120069233815E+01    0.370312363957703042E+03
    0.131194197774270882E+01    0.152936254525044274E+04   -0.480942808554890711E+01    0.370325422103778010E+03
    0.131500864956687780E+01    0.141440380706005408E+04   -0.484977824027453153E+01    0.370346792201689652E+03
    0.131763868195446476E+01    0.124476356164265690E+04   -0.441083147421035360E+01    0.370360424813670193E+03
    0.131345193543223604E+01    0.134056916936367156E+04   -0.444411360622215490E+01    0.370362669418909491E+03
    0.131150049846477756E+01    0.148884946070750721E+04   -0.473691556928089774E+01    0.370364614602871143E+03
    0.131774426445618831E+01    0.120152848447502174E+04   -0.432093812157247825E+01    0.370368690256352807E+03
    0.131834909423943336E+01    0.122095814462113549E+04   -0.446701511058641199E+01    0.370374733748654762E+03
    0.131385463177501283E+01    0.138301348693236059E+04   -0.468086076153114838E+01    0.370375314650327425E+03
    0.131736359940269487E+01    0.122007746407442528E+04   -0.442031001593881445E+01    0.370375614919157897E+03
    0.131542164071790535E+01    0.138288891724615610E+04   -0.480379507956771068E+01    0.370386513359605146E+03
    0.131547763655055094E+01    0.138197727851950867E+04   -0.480460003994757479E+01    0.370404952297522925E+03
    0.131648106230012552E+01    0.125218906749967664E+04   -0.432922183630519797E+01    0.370419397559659615E+03
    0.131358271815452987E+01    0.144095707545481559E+04   -0.464846375968942915E+01    0.370420735753406746E+03
    0.131651521365930813E+01    0.136674663919121303E+04   -0.475810261544997992E+01    0.370430763341808643E+03
    0.131719848426366348E+01    0.122467677484563251E+04   -0.431314940250866918E+01    0.370433653026257844E+03
    0.131497615875678253E+01    0.143955172636887460E+04   -0.481254915382845283E+01    0.370440932951537548E+03
    0.131623383176526887E+01    0.131055071320640491E+04   -0.465876490180191549E+01    0.370442175791710724E+03
    0.131361761525890874E+01    0.134545192481881395E+04   -0.450764906853059788E+01    0.370444998820550268E+03
    0.131275832563237849E+01    0.146639549389415811E+04   -0.467001123763598258E+01    0.370452868340983969E+03
    0.131423165874555359E+01    0.145383770003834798E+04   -0.475265774552947473E+01    0.370453655946143726E+03
    0.131273719361682395E+01    0.144550034273587949E+04   -0.461109615967179209E+01    0.370460483313808140E+03
    0.131824929571047900E+01    0.121855449997289588E+04   -0.446074738488290023E+01    0.370463963341904559E+03
    0.131258957725721093E+01    0.147737278629482967E+04   -0.482060785345148712E+01    0.370468289547903396E+03
    0.131162390760002601E+01    0.152608030272754240E+04   -0.482545286961915387E+01    0.370477198300222426E+03
    0.131605262477532547E+01    0.139318846823352965E+04   -0.478055685110250117E+01    0.370482785669129726E+03
    0.131342861671861177E+01    0.144123126422153086E+04   -0.463762056984289828E+01    0.370484526207979798E+03
    0.131708950849386253E+01    0.129263294928539472E+04   -0.451232603462045656E+01    0.370486475901569293E+03
    0.131311536732524647E+01    0.139626676084861765E+04   -0.464696957296339264E+01    0.370496894808453419E+03
    0.131646387443940727E+01    0.136620566152527522E+04   -0.478194944511097120E+01    0.370507656321528714E+03
    0.131740476262646333E+01    0.123564138978610299E+04   -0.437527860557899562E+01    0.370511107687904257E+03
    0.131542676111232670E+01    0.132104168172476056E+04   -0.462360890522570145E+01    0.370527793062810872E+03
    0.131548045602966712E+01    0.125822026029368772E+04   -0.432800181819755103E+01    0.370530438385665775E+03
    0.131470809116734100E+01    0.143001205371563037E+04   -0.485963008871499014E+01    0.370534012335231523E+03
    0.131153524643399133E+01    0.151924945933640993E+04   -0.480593903272443868E+01    0.370585804808834382E+03
    0.131295474684988145E+01    0.137527809317086258E+04   -0.453248726896290588E+01    0.370594754521075629E+03
    0.131765039578363874E+01    0.124102817676247150E+04   -0.452144007360649081E+01    0.370594820544470394E+03
    0.131627055640056168E+01    0.137763762213622704E+04   -0.476214980804610022E+01    0.370601537283461937E+03
    0.131562434031897113E+01    0.127299757776792671E+04   -0.445162403706682763E+01    0.370607573067118551E+03
    0.131770620967815955E+01    0.127668671621443082E+04   -0.462370238496818153E+01    0.370607980226579571E+03
    0.131322785159572986E+01    0.135571938767397069E+04   -0.447258811819436897E+01    0.370617978490359917E+03
    0.131755688791636127E+01    0.122337138144827964E+04   -0.435010100665606991E+01    0.370626692245548497E+03
    0.131193464186003084E+01    0.143011442963796821E+04   -0.458192683664488243E+01    0.370627374194076481E+03
    0.131759749612472343E+01    0.121745885655894290E+04   -0.435080040917162592E+01    0.370632447782186887E+03
    0.131502884259571839E+01    0.127704947908054578E+04   -0.437098580542449344E+01    0.370632656824195749E+03
    0.131202477007538199E+01    0.153176630324293501E+04   -0.484728558663850428E+01    0.370641636818454799E+03
    0.131537993484946347E+01    0.141757703312916510E+04   -0.484549983812441543E+01    0.370653608338066306E+03
    0.131602949520320434E+01    0.134530806214070208E+04   -0.458455274082744513E+01    0.370658057169395761E+03
    0.131456096865076288E+01    0.145411662523661425E+04   -0.487488344919757211E+01    0.370659076552191323E+03
    0.131158354488216045E+01    0.148558948111254244E+04   -0.467531466876743806E+01    0.370664177136342403E+03
    0.131191390649990725E+01    0.144856869969061427E+04   -0.465948379355895703E+01    0.370664678270167656E+03
    0.131423820507644562E+01    0.142216609788285791E+04   -0.481777383872320364E+01    0.370693590601163635E+03
    0.131667988260299174E+01    0.122828303061884844E+04   -0.431120343253816607E+01    0.370695916437683934E+03
    0.131484856057944954E+01    0.137528249108691716E+04   -0.474621679087011206E+01    0.370701234153091832E+03
    0.131169954759479812E+01    0.153164966743306809E+04   -0.482667413870088247E+01    0.370703002875979791E+03
    0.131416925136366003E+01    0.132601235145808346E+04   -0.449505553077761189E+01    0.370709379490451511E+03
    0.131750039381866335E+01    0.129697549619899200E+04   -0.465290423019462995E+01    0.370717102350198161E+03
    0.131403868845127381E+01    0.145069719953025674E+04   -0.472913109063528925E+01    0.370730694289777375E+03
    0.131794137245654763E+01    0.125051830178752334E+04   -0.455229032312192139E+01    0.370732655296424014E+03
    0.131384408862951552E+01    0.136903351610599816E+04   -0.447362787592015732E+01    0.370732897588669516E+03
    0.131258224180110439E+01    0.139693083069806835E+04   -0.456416644521900849E+01    0.370733123654153985E+03
    0.131565200389328418E+01    0.128412857581221260E+04   -0.435797235515221093E+01    0.370736893171825272E+03
    0.131419876789986745E+01    0.141539222212453342E+04   -0.480057067101241230E+01    0.370747823214644313E+03
    0.131447865003860676E+01    0.134369208545488300E+04   -0.460224354751869047E+01    0.370753058511525296E+03
    0.131591360318132744E+01    0.130811260987183141E+04   -0.445110556033451576E+01    0.370758246680809179E+03
    0.131651836712023984E+01    0.128003483083513288E+04   -0.457364956405214684E+01    0.370777614214525840E+03
    0.131486023174220623E+01    0.128546527905561652E+04   -0.437559572591851254E+01    0.370790103404563638E+03
    0.131767449459894825E+01    0.121606490416739462E+04   -0.441015152639434849E+01    0.370795320125269825E+03
    0.131718389157502869E+01    0.129695826727823828E+04   -0.466374891070476760E+01    0.370797606109933724E+03
    0.131382368987302689E+01    0.147166213267964099E+04   -0.487707834940994989E+01    0.370806786399313296E+03
    0.131185107181867311E+01    0.151105160200937826E+04   -0.481736207574006503E+01    0.370813212354520033E+03
    0.131360074623913747E+01    0.136914749736359659E+04   -0.459651942019472060E+01    0.370843199143824222E+03
    0.131513936638359019E+01    0.143103913737004768E+04   -0.481909725773299602E+01    0.370856513330200414E+03
    0.131505026932870850E+01    0.143129213467925683E+04   -0.479286748225611969E+01    0.370861620789406743E+03
    0.131183390505013309E+01    0.145084488550095239E+04   -0.464681847829348005E+01    0.370863270624997995E+03
    0.131515710969709221E+01    0.127543457482867279E+04   -0.436743766319121018E+01    0.370874359767739008E+03
    0.131275148037532352E+01    0.142737326535999364E+04   -0.456949100817880094E+01    0.370876703400183544E+03
    0.131320169393443065E+01    0.136320402264939139E+04   -0.450398304317031073E+01    0.370879983989676816E+03
    0.131214352443770954E+01    0.149231996962406379E+04   -0.480554361831459875E+01    0.370886003649137365E+03
    0.131148879115135952E+01    0.151335498292152056E+04   -0.473966796849716676E+01    0.370886055176485741E+03
    0.131169314211743826E+01    0.150686235285496946E+04   -0.474179380518393767E+01    0.370889146679710507E+03
    0.131622126195495937E+01    0.126424209304820761E+04   -0.434919949573525599E+01    0.370896843142414014E+03
    0.131574262365359007E+01    0.127324944077891905E+04   -0.434364336954917096E+01    0.370906649120776365E+03
    0.131219617488613483E+01    0.141819985307742286E+04   -0.456266912972243155E+01    0.370907195115545392E+03
    0.131193634869437936E+01    0.147062574073968040E+04   -0.472725169653851829E+01    0.370909274282661841E+03
    0.131421849657323753E+01    0.131687177004330078E+04   -0.439429632364257827E+01    0.370911766320150946E+03
    0.131346828151348616E+01    0.141624682632915778E+04   -0.473895337296534791E+01    0.370913524328796427E+03
    0.131284182559674623E+01    0.140023157640877616E+04   -0.461559790225283351E+01    0.370914168555283538E+03
    0.131710089759903592E+01    0.132273940211141507E+04   -0.465735312782338440E+01    0.370916411780034537E+03
    0.131325411123376412E+01    0.135782797658270943E+04   -0.446561220565432127E+01    0.370921503480238016E+03
    0.131570846958262333E+01    0.125738064980437275E+04   -0.436306406729129570E+01    0.370941248713545519E+03
    0.131518955339425681E+01    0.127591349120434074E+04   -0.438204747029375952E+01    0.370943161190135527E+03
    0.131671299793852903E+01    0.125018800422835284E+04   -0.447110897470411572E+01    0.370943172244146979E+03
    0.131262943679357114E+01    0.140874441800425461E+04   -0.452442785842957562E+01    0.370946734167208831E+03
    0.131274484725734308E+01    0.151111030860919413E+04   -0.483671819365353173E+01    0.370947845096773506E+03
    0.131240095950254676E+01    0.140819292618390318E+04   -0.456950878214054068E+01    0.370951166341887756E+03
    0.131690398288852251E+01    0.132514954450304617E+04   -0.464018341607483720E+01    0.370954527576585178E+03
    0.131757620202470305E+01    0.125739839415596816E+04   -0.456151107076272400E+01    0.370957520805115848E+03
    0.131747436487168024E+01    0.126167286438852398E+04   -0.456901884325084229E+01    0.370967162273392546E+03
    0.131469848294243796E+01    0.134377442699532367E+04   -0.445559733603426089E+01    0.370971397638029259E+03
    0.131297356962897105E+01    0.141018950370311040E+04   -0.453515494597026603E+01    0.370971893795459437E+03
    0.131532059880846219E+01    0.129465046598353933E+04   -0.436856641387488143E+01    0.370974184603532933E+03
    0.131690662478811849E+01    0.128029490744636905E+04   -0.459868059123244954E+01    0.370976176904863735E+03
    0.131409178859784093E+01    0.134242632503139021E+04   -0.454707032269093858E+01    0.370976978349259184E+03
    0.131644538373220987E+01    0.128309006888983095E+04   -0.442113374674764525E+01    0.370980984345945899E+03
    0.131257225571567560E+01    0.148037740683954280E+04   -0.470303468252045676E+01    0.370991376009981934E+03
    0.131642640910302866E+01    0.135274446827178303E+04   -0.475768570764719811E+01    0.371002450409718335E+03
    0.131604926484708407E+01    0.125970215174573786E+04   -0.443502761691819281E+01    0.371005577905336963E+03
    0.131350794052607878E+01    0.141892469836191071E+04   -0.474767042592803623E+01    0.371008147077837066E+03
    0.131277243408412847E+01    0.150883986089511041E+04   -0.484811221424424854E+01    0.371012747891499032E+03
    0.131288251850465842E+01    0.146451168919331599E+04   -0.467056731565018080E+01    0.371026673570907860E+03
    0.131365483932046456E+01    0.147838072156674752E+04   -0.486824587878042347E+01    0.371030064612580077E+03
    0.131408584796186512E+01    0.147032020275329046E+04   -0.484941280810422537E+01    0.371030191378132145E+03
    0.131239500175761692E+01    0.149178484839445855E+04   -0.472520801908734711E+01    0.371037492917996019E+03
    0.131651125399789204E+01    0.134892395971274004E+04   -0.467136018824546362E+01    0.371039596445656684E+03
    0.131151889201443961E+01    0.148384275659799232E+04   -0.467038714205437255E+01    0.371042540181282334E+03
    0.131661463420052383E+01    0.133257840940943606E+04   -0.461107621421248659E+01    0.371048186267407004E+03
    0.131792818100634346E+01    0.123373635845988292E+04   -0.447571206842837199E+01    0.371054190079123373E+03
    0.131741856774507404E+01    0.121940901146880537E+04   -0.436889113914938143E+01    0.371054715673804026E+03
    0.131394532840943157E+01    0.143140457846036452E+04   -0.481179780152678127E+01    0.371069690698665511E+03
    0.131205308411212984E+01    0.149384232479588127E+04   -0.479587171627268294E+01    0.371070494193635113E+03
    0.131567103293048748E+01    0.126069101665082462E+04   -0.437106584990862679E+01    0.371078226128328424E+03
    0.131667088405234600E+01    0.130082467034255524E+04   -0.464466623594669592E+01    0.371084998020440025E+03
    0.131497760000364883E+01    0.142728630860912563E+04   -0.484322993058101670E+01    0.371087776804656642E+03
    0.131720682489946950E+01    0.128925567951630956E+04   -0.463515581412796340E+01    0.371090140216394559E+03
    0.131704684596026600E+01    0.122463157380564553E+04   -0.433697404531126018E+01    0.371097070748966360E+03
    0.131657380336599150E+01    0.126581173115272941E+04   -0.439714231264108246E+01    0.371099700979503268E+03
    0.131215499437687599E+01    0.143116083420253881E+04   -0.456689676989328941E+01    0.371101989839194289E+03
    0.131599786013585640E+01    0.135770337327542734E+04   -0.463134206199245391E+01    0.371111901969501844E+03
    0.131515227451597982E+01    0.128381006968756583E+04   -0.435007523019230824E+01    0.371115611566362873E+03
    0.131153601112989926E+01    0.150452243522482422E+04   -0.475661621553520853E+01    0.371120703182255795E+03
    0.131544473468630430E+01    0.139757205076399782E+04   -0.481994030361081993E+01    0.371121297553975467E+03
    0.131224943335183042E+01    0.150880854535196386E+04   -0.478435904078517193E+01    0.371121904129587733E+03
    0.131637431621278189E+01    0.129975614229164739E+04   -0.462194260351669506E+01    0.371122507447854900E+03
    0.131639393094639434E+01    0.124733306873376932E+04   -0.441486021378732651E+01    0.371122508058597532E+03
    0.131722858465810289E+01    0.123520798588230059E+04   -0.437996132103984515E+01    0.371124725619945309E+03
    0.131488128014242611E+01    0.129061685048555955E+04   -0.436748809280948258E+01    0.371129287798726295E+03
    0.131548185476028023E+01    0.141215933006062232E+04   -0.478920780937552149E+01    0.371130117672798463E+03
    0.131306093814537039E+01    0.146323075983668514E+04   -0.468390528907301285E+01    0.371131829623057627E+03
    0.131667564922757130E+01    0.134172856248956123E+04   -0.473119430887446235E+01    0.371141220130925149E+03
    0.131312128907659420E+01    0.149258884217573723E+04   -0.479632445861637802E+01    0.371144871368967074E+03
    0.131726708634975131E+01    0.125350151005604994E+04   -0.441944230465426191E+01    0.371154911796853753E+03
    0.131713759292241583E+01    0.122934524278153140E+04   -0.440758510956353877E+01    0.371157673511746452E+03
    0.131718206587586617E+01    0.131123944700903940E+04   -0.463296366470146559E+01    0.371158102145227190E+03
    0.131302496344762387E+01    0.150321188341822062E+04   -0.485712322291161769E+01    0.371159025701867392E+03
    0.131184296671312617E+01    0.146498316494526398E+04   -0.462564479853050869E+01    0.371163038081770708E+03
    0.131454315140707667E+01    0.130426419818195336E+04   -0.437708017371056624E+01    0.371169846915822291E+03
    0.131312676847393606E+01    0.143961311962294712E+04   -0.476415923256115903E+01    0.371169857608001848E+03
    0.131273812361958231E+01    0.141241493868027101E+04   -0.453296746615375667E+01    0.371172299348640649E+03
    0.131182113617473739E+01    0.148150463103310494E+04   -0.473438472069542549E+01    0.371183387077003886E+03
    0.131527535294711129E+01    0.140130470110600208E+04   -0.482043379673333749E+01    0.371185750879359148E+03
    0.131573390815948832E+01    0.134918941565724754E+04   -0.456920203216465470E+01    0.371188352671703058E+03
    0.131179420621757847E+01    0.147775677192851344E+04   -0.467315472379926966E+01    0.371192047153341036E+03
    0.131671310758145710E+01    0.125648630019223538E+04   -0.438625345301095404E+01    0.371200783083043405E+03
    0.131232060898652447E+01    0.150253134010345593E+04   -0.475937733383998474E+01    0.371203622336211254E+03
    0.131471917895713397E+01    0.141034716954922987E+04   -0.481313053477261121E+01    0.371209709363356353E+03
    0.131536824682395448E+01    0.136061346127226307E+04   -0.456786573241791061E+01    0.371212200274641646E+03
    0.131608032835815125E+01    0.135785832407474254E+04   -0.475944760007936996E+01    0.371213144473497891E+03
    0.131523789684088355E+01    0.128678587147623603E+04   -0.444944903376525147E+01    0.371218157955039658E+03
    0.131523789684088355E+01    0.128678587147623603E+04   -0.444944903376525147E+01    0.371218157955039658E+03
    0.131702011570131572E+01    0.131821622063094719E+04   -0.468369597431538942E+01    0.371222518393231894E+03
    0.131458228792443688E+01    0.134788110634678878E+04   -0.447177263709890749E+01    0.371224800823168266E+03
    0.131531766075541601E+01    0.136562073310586788E+04   -0.458677399002146569E+01    0.371226857647183692E+03
    0.131255917727800364E+01    0.143220969987205717E+04   -0.468078217524160323E+01    0.371227663392500858E+03
    0.131528165214847825E+01    0.133930611694993650E+04   -0.466041750198958304E+01    0.371236752804906303E+03
    0.131361384149954552E+01    0.140902028114133896E+04   -0.472633294350874067E+01    0.371237536163966411E+03
    0.131425863977923241E+01    0.142110993491026829E+04   -0.480744846570481332E+01    0.371240192585150965E+03
    0.131371740322827102E+01    0.143205300564249683E+04   -0.464334696698093996E+01    0.371241238709157528E+03
    0.131412047890326300E+01    0.132207354480613822E+04   -0.441019711463328346E+01    0.371242006646142158E+03
    0.131772662412883834E+01    0.126465863249050335E+04   -0.454196399347342705E+01    0.371242855083359359E+03
    0.131492104692404066E+01    0.140717518090653539E+04   -0.481634936992540119E+01    0.371244874183533057E+03
    0.131522821631593323E+01    0.129450139984541352E+04   -0.448028495986539177E+01    0.371250436067905071E+03
    0.131240647630410479E+01    0.141046301154411435E+04   -0.454764473868976715E+01    0.371258484719631383E+03
    0.131240647630410479E+01    0.141046301154411435E+04   -0.454764473868976715E+01    0.371258484719631383E+03
    0.131295502020342592E+01    0.150380249595639748E+04   -0.485168334952529534E+01    0.371261799470541177E+03
    0.131734410278363390E+01    0.127855026526415281E+04   -0.460309941497100006E+01    0.371271995941395517E+03
    0.131689592053949189E+01    0.128001540630078853E+04   -0.458946980995537857E+01    0.371272665130657401E+03
    0.131204760957880850E+01    0.148293646015738227E+04   -0.476374302397309624E+01    0.371281484991500918E+03
    0.131757603088990294E+01    0.127170839224075939E+04   -0.457971480200343350E+01    0.371288375429166535E+03
    0.131312544171945311E+01    0.142559055222942516E+04   -0.459406201661897828E+01    0.371290244074055181E+03
    0.131355205498833150E+01    0.140839791132470873E+04   -0.456916791651868515E+01    0.371291980952896836E+03
    0.131388668424059851E+01    0.142732327876523345E+04   -0.465078873547282967E+01    0.371294816268834325E+03
    0.131649235296160949E+01    0.128112001319253932E+04   -0.456264853003029458E+01    0.371296196761271517E+03
    0.131621795220679338E+01    0.129118082792887799E+04   -0.457527947853671257E+01    0.371303211564137996E+03
    0.131700819318846052E+01    0.132023651265814306E+04   -0.467850029841551684E+01    0.371313770313272926E+03
    0.131747892932545074E+01    0.123760905806530218E+04   -0.441858856027735314E+01    0.371315402896620355E+03
    0.131233436650161073E+01    0.146425599694302150E+04   -0.464280896158607970E+01    0.371316035278827940E+03
    0.131319604096213105E+01    0.148843953479501261E+04   -0.485338225751785579E+01    0.371316121274490115E+03
    0.131450434647226277E+01    0.144197118402656679E+04   -0.484859019308083550E+01    0.371319526524373202E+03
    0.131450434647226277E+01    0.144197118402656679E+04   -0.484859019308083550E+01    0.371319526524373202E+03
    0.131478646377458941E+01    0.133623422292620307E+04   -0.460225734569139533E+01    0.371330967026443943E+03
    0.131400688863234971E+01    0.143226343713629785E+04   -0.481270944264016709E+01    0.371332413635972273E+03
    0.131432404301092554E+01    0.135817743075991848E+04   -0.448438224253126005E+01    0.371336508115522292E+03
    0.131547939940737901E+01    0.140840035953290271E+04   -0.479795179878378342E+01    0.371345501425695943E+03
    0.131223001903993697E+01    0.143291449465408982E+04   -0.457321582674701332E+01    0.371352417641769193E+03
    0.131262068092036532E+01    0.141089682816888899E+04   -0.453634070382187726E+01    0.371355705179083941E+03
    0.131231444077299453E+01    0.150833572360512676E+04   -0.481514569976824003E+01    0.371358658878865924E+03
    0.131636398758064455E+01    0.132180197709085064E+04   -0.454613670647275026E+01    0.371361236659992016E+03
    0.131471362658823021E+01    0.143961598711331317E+04   -0.483765274679540980E+01    0.371362031492074664E+03
    0.131467818433754413E+01    0.136744050089083021E+04   -0.453556793844374262E+01    0.371362203791922070E+03
    0.131439717939863066E+01    0.133803216109700656E+04   -0.456221588406501510E+01    0.371365468942357040E+03
    0.131698783411103126E+01    0.132176508530414526E+04   -0.467645456957879002E+01    0.371371102469824905E+03
    0.131622821898569375E+01    0.126519311505585620E+04   -0.437919313961097600E+01    0.371376161304495952E+03
    0.131734840454883861E+01    0.122948723880871989E+04   -0.439889806303149378E+01    0.371377836195061548E+03
    0.131702766065482324E+01    0.123785696450323144E+04   -0.442947834425947562E+01    0.371380399489334195E+03
    0.131739391814366447E+01    0.126805138825778090E+04   -0.450189951457286064E+01    0.371380680579857540E+03
    0.131281047598508138E+01    0.149754628618243873E+04   -0.483924786265908580E+01    0.371391861709354089E+03
    0.131235977156015671E+01    0.141387773147293888E+04   -0.455697288170708692E+01    0.371394294523749409E+03
    0.131235977156015671E+01    0.141387773147293888E+04   -0.455697288170708692E+01    0.371394294523749409E+03
    0.131751325857186097E+01    0.124084881572520135E+04   -0.442993636338339503E+01    0.371396376398186760E+03
    0.131524066579259857E+01    0.137682433202458628E+04   -0.461765101021257962E+01    0.371398672150649190E+03
    0.131751969782969391E+01    0.126911264505624604E+04   -0.453062164841570247E+01    0.371406082442951686E+03
    0.131630922557487851E+01    0.136144524595758912E+04   -0.475177324913869725E+01    0.371406338271330299E+03
    0.131763454012556225E+01    0.124638779059043236E+04   -0.449118987852745022E+01    0.371407042573857950E+03
    0.131362346627106485E+01    0.140060580134977181E+04   -0.469946669402793393E+01    0.371408271458071454E+03
    0.131333613419224293E+01    0.141974301355305624E+04   -0.472617916482465894E+01    0.371410054495974919E+03
    0.131460604890054400E+01    0.130752847666396156E+04   -0.440003149999171050E+01    0.371412460586695715E+03
    0.131460604890054400E+01    0.130752847666396156E+04   -0.440003149999171050E+01    0.371412460586695715E+03
    0.131512998772407297E+01    0.135192299027570607E+04   -0.468275206994692184E+01    0.371412642844113975E+03
    0.131741036541513035E+01    0.128088226952088007E+04   -0.455385355816804704E+01    0.371426386401257048E+03
    0.131485148837513899E+01    0.135386211593030089E+04   -0.450165775618420305E+01    0.371428485800985072E+03
    0.131684974978796476E+01    0.123680081127321091E+04   -0.439323799226513501E+01    0.371432515367410360E+03
    0.131750025778213886E+01    0.127354977824930052E+04   -0.453663369571268404E+01    0.371436486932942330E+03
    0.131761863463390294E+01    0.125231627687277660E+04   -0.451734244087017700E+01    0.371437526447185405E+03
    0.131761863463390294E+01    0.125231627687277660E+04   -0.451734244087017700E+01    0.371437526447185405E+03
    0.131703408071647332E+01    0.123620728630908934E+04   -0.438465757891832730E+01    0.371443146675363437E+03
    0.131402334081140104E+01    0.145206802896247177E+04   -0.484473949896117073E+01    0.371450057872704519E+03
    0.131519663031451484E+01    0.134713789444534063E+04   -0.451966106552689517E+01    0.371452034823816120E+03
    0.131739963126426218E+01    0.123415206375005482E+04   -0.443404067790816647E+01    0.371465483079486376E+03
    0.131252860109321645E+01    0.140824095940726420E+04   -0.455580562652262255E+01    0.371466730905771897E+03
    0.131253979600364468E+01    0.149247285730071485E+04   -0.474869821255792868E+01    0.371469181693649205E+03
    0.131383375203855679E+01    0.135049079519443103E+04   -0.444748579109761177E+01    0.371474029070255824E+03
    0.131732962166719214E+01    0.124086429129958287E+04   -0.446340360192967989E+01    0.371476826467813112E+03
    0.131580165927327664E+01    0.128676996621765329E+04   -0.440157800558176859E+01    0.371476834912446577E+03
    0.131580165927327664E+01    0.128676996621765329E+04   -0.440157800558176859E+01    0.371476834912446577E+03
    0.131698140998319735E+01    0.128876009578926778E+04   -0.461459445257405232E+01    0.371479417563811239E+03
    0.131741670728526739E+01    0.126793246549168862E+04   -0.456415261905472391E+01    0.371482678940114397E+03
    0.131741670728526739E+01    0.126793246549168862E+04   -0.456415261905472391E+01    0.371482678940114397E+03
    0.131551108268082806E+01    0.128841464717767121E+04   -0.448667952092263089E+01    0.371484960672262162E+03
    0.131551108268082806E+01    0.128841464717767121E+04   -0.448667952092263089E+01    0.371484960672262162E+03
    0.131362442582599592E+01    0.145558320903781009E+04   -0.482950077188849569E+01    0.371486751533713459E+03
    0.131597373638061699E+01    0.136828971056960791E+04   -0.467999703716365900E+01    0.371486880564414037E+03
    0.131597373638061699E+01    0.136828971056960791E+04   -0.467999703716365900E+01    0.371486880564414037E+03
    0.131294272347070895E+01    0.148258690635737958E+04   -0.474789030559755343E+01    0.371493453595723452E+03
    0.131377501019089471E+01    0.135395185437101190E+04   -0.453819015860191843E+01    0.371494153928445655E+03
    0.131414093438882751E+01    0.142427537439162461E+04   -0.480127078334427004E+01    0.371495962106999627E+03
    0.131562907241671057E+01    0.127448326995889352E+04   -0.442935827662955539E+01    0.371503469764846727E+03
    0.131213811623645893E+01    0.143906160398969564E+04   -0.461891209695137750E+01    0.371509551545816862E+03
    0.131618393953881263E+01    0.136779114077198369E+04   -0.474988966847914540E+01    0.371510597522163948E+03
    0.131754928457038512E+01    0.124914496477472949E+04   -0.449947221361296990E+01    0.371518106337462882E+03
    0.131401279689992867E+01    0.134963937061575666E+04   -0.455532161386723455E+01    0.371518187294135942E+03
    0.131401279689992867E+01    0.134963937061575666E+04   -0.455532161386723455E+01    0.371518187294135942E+03
    0.131714280884678514E+01    0.129590201879232654E+04   -0.463109319362631044E+01    0.371519310569774746E+03
    0.131758260324992915E+01    0.126168003794262995E+04   -0.452476055985656522E+01    0.371519347201464086E+03
    0.131398031294822748E+01    0.133876110224984723E+04   -0.443770711601841050E+01    0.371533460893487927E+03
    0.131398031294822748E+01    0.133876110224984723E+04   -0.443770711601841050E+01    0.371533460893487927E+03
    0.131551664783611999E+01    0.135133815325654609E+04   -0.470792881172983346E+01    0.371541879762093004E+03
    0.131489383888788947E+01    0.134028146139385399E+04   -0.447432806146115070E+01    0.371543304505499179E+03
    0.131451786938932158E+01    0.131843428068543335E+04   -0.448481245273780882E+01    0.371545768748111811E+03
    0.131546127695873660E+01    0.138108374255240597E+04   -0.477862700258125894E+01    0.371551803765668183E+03
    0.131750206461601427E+01    0.127458336049443415E+04   -0.455490191587486404E+01    0.371552024739657156E+03
    0.131201489748734490E+01    0.145306030660509555E+04   -0.465880405591235469E+01    0.371558786689531871E+03
    0.131201489748734490E+01    0.145306030660509555E+04   -0.465880405591235469E+01    0.371558786689531871E+03
    0.131381444520407586E+01    0.136845873733761096E+04   -0.460559344011605720E+01    0.371558821856554005E+03
    0.131557343962653817E+01    0.137451500766120716E+04   -0.476740487449975969E+01    0.371559185084027376E+03
    0.131266340245658508E+01    0.141045951106468419E+04   -0.460857453401722950E+01    0.371559730659104162E+03
    0.131202744633959711E+01    0.149166939671596583E+04   -0.472050042514930013E+01    0.371562742587858963E+03
    0.131236173456382432E+01    0.142165910713296694E+04   -0.459467719151288811E+01    0.371570679517649126E+03
    0.131186971751143400E+01    0.148165534101067442E+04   -0.469071524243176796E+01    0.371571023382637577E+03
    0.131389586537841030E+01    0.144643899617637703E+04   -0.482694921191015869E+01    0.371573128529815392E+03
    0.131216476721096553E+01    0.147705740648304959E+04   -0.469303989113549402E+01    0.371575369096971258E+03
    0.131455485581351872E+01    0.144175648262477989E+04   -0.483715117790184923E+01    0.371580264679186655E+03
    0.131453458239097665E+01    0.143516453868492135E+04   -0.476171470761955540E+01    0.371582746109125935E+03
    0.131584714038164385E+01    0.137090048939048415E+04   -0.476793272805235979E+01    0.371583211831721485E+03
    0.131608290723819232E+01    0.128927356470058476E+04   -0.455038037985971133E+01    0.371584939749933937E+03
    0.131643220736134503E+01    0.129963826519053237E+04   -0.461468091799156355E+01    0.371586584989837093E+03
    0.131279419072878079E+01    0.141644488006735719E+04   -0.456333148124334098E+01    0.371586754390919623E+03
    0.131575830240186420E+01    0.133919485094093830E+04   -0.468961490380984536E+01    0.371589887847794728E+03
    0.131575830240186420E+01    0.133919485094093830E+04   -0.468961490380984536E+01    0.371589887847794728E+03
    0.131214424370641303E+01    0.150311612946975310E+04   -0.476456362630982255E+01    0.371595909955940272E+03
    0.131214424370641303E+01    0.150311612946975310E+04   -0.476456362630982255E+01    0.371595909955940272E+03
    0.131309859499518122E+01    0.144727408827586055E+04   -0.465676637179276298E+01    0.371598433618028537E+03
    0.131347338436743688E+01    0.139116529385840568E+04   -0.452232596310811896E+01    0.371598475453929325E+03
    0.131367425240270341E+01    0.144309406795953373E+04   -0.480756814641932273E+01    0.371602044080107760E+03
    0.131582017943095542E+01    0.126768289472994275E+04   -0.437381783127991497E+01    0.371603302948284124E+03
    0.131380944013022694E+01    0.147183332532089116E+04   -0.483666208598376279E+01    0.371614395856289093E+03
    0.131688342497571997E+01    0.130026731666795695E+04   -0.454682910467093837E+01    0.371618630838496017E+03
    0.131217420689675635E+01    0.149685045995207793E+04   -0.477950035279998975E+01    0.371620058031101053E+03
    0.131220807849758736E+01    0.145440992180933358E+04   -0.462160931097268612E+01    0.371620213485816976E+03
    0.131220807849758736E+01    0.145440992180933358E+04   -0.462160931097268612E+01    0.371620213485816976E+03
    0.131380945650230929E+01    0.136095478363644634E+04   -0.446906405655608907E+01    0.371621167089930168E+03
    0.131626267576170330E+01    0.135961752505750064E+04   -0.474160084863348530E+01    0.371624655374486053E+03
    0.131598138509210361E+01    0.135587731575489579E+04   -0.474227394846428751E+01    0.371626722864222756E+03
    0.131598138509210361E+01    0.135587731575489579E+04   -0.474227394846428751E+01    0.371626722864222756E+03
    0.131323499671651733E+01    0.139083638518801263E+04   -0.461492055848590610E+01    0.371627073269738617E+03
    0.131279417163075940E+01    0.148094366492975951E+04   -0.473618263331881018E+01    0.371628056095890258E+03
    0.131556831657784157E+01    0.136188044446852905E+04   -0.459894012040969979E+01    0.371630456005560859E+03
    0.131362200064691637E+01    0.135242985119426453E+04   -0.449553715339799709E+01    0.371633379258578259E+03
    0.131257216407017019E+01    0.144661330911840059E+04   -0.471551809042917824E+01    0.371640376605512984E+03
    0.131257216407017019E+01    0.144661330911840059E+04   -0.471551809042917824E+01    0.371640376605512984E+03
    0.131654992507339808E+01    0.134210761353532598E+04   -0.466699521087818248E+01    0.371641322669477063E+03
    0.131736505233938228E+01    0.128332739736508711E+04   -0.457052580797712071E+01    0.371650721781061065E+03
    0.131465527705205476E+01    0.132188272921908856E+04   -0.451728601485985060E+01    0.371651265908274127E+03
    0.131354535061860922E+01    0.141647468554239322E+04   -0.473292356252381907E+01    0.371665587447179632E+03
    0.131320929672752484E+01    0.146900114409054822E+04   -0.473492712795360049E+01    0.371666043936827066E+03
    0.131585370905456589E+01    0.137923932106042480E+04   -0.471579770294432876E+01    0.371676939075675079E+03
    0.131236358841129119E+01    0.147474876841518699E+04   -0.476694292540639175E+01    0.371681360143597431E+03
    0.131479151065542665E+01    0.130579456615211279E+04   -0.445710516183909888E+01    0.371683488003300795E+03
    0.131479151065542665E+01    0.130579456615211279E+04   -0.445710516183909888E+01    0.371683488003300795E+03
    0.131381419560557244E+01    0.140835475006616616E+04   -0.459350276877410568E+01    0.371686289987763701E+03
    0.131381419560557244E+01    0.140835475006616616E+04   -0.459350276877410568E+01    0.371686289987763701E+03
    0.131513187566162193E+01    0.137355846034335354E+04   -0.473936567421169386E+01    0.371687401154938016E+03
    0.131513187566162193E+01    0.137355846034335354E+04   -0.473936567421169386E+01    0.371687401154938016E+03
    0.131725928712768248E+01    0.124586662832330012E+04   -0.444116632694157865E+01    0.371687512335154679E+03
    0.131470797504055259E+01    0.131086457304828127E+04   -0.447002063160006458E+01    0.371688088670474826E+03
    0.131470797504055259E+01    0.131086457304828127E+04   -0.447002063160006458E+01    0.371688088670474826E+03
    0.131487179658015352E+01    0.143120277131547323E+04   -0.480432485779663576E+01    0.371688777522567193E+03
    0.131193701871836876E+01    0.149349145937678486E+04   -0.475732402512562569E+01    0.371690038205529333E+03
    0.131496462159966288E+01    0.133663653453319694E+04   -0.447795259197556650E+01    0.371703816297098285E+03
    0.131707960180956762E+01    0.125131234527698189E+04   -0.447970490509976838E+01    0.371707107397649452E+03
    0.131426876909810231E+01    0.133196218415246631E+04   -0.450497953569044096E+01    0.371711413660792232E+03
    0.131375101494273827E+01    0.145660914274800098E+04   -0.483056532336359901E+01    0.371711610268038612E+03
    0.131661568678298235E+01    0.131682671968639443E+04   -0.457936546193894234E+01    0.371717765127076859E+03
    0.131661568678298235E+01    0.131682671968639443E+04   -0.457936546193894234E+01    0.371717765127076859E+03
    0.131344116705199898E+01    0.144153013998279243E+04   -0.465998054506115267E+01    0.371718740040245393E+03
    0.131731065980385642E+01    0.128085516796419438E+04   -0.455355636604769032E+01    0.371720107626996423E+03
    0.131724478118893096E+01    0.128588070065365082E+04   -0.458263778507486297E+01    0.371720135142724303E+03
    0.131724478118893096E+01    0.128588070065365082E+04   -0.458263778507486297E+01    0.371720135142724303E+03
    0.131288231051250048E+01    0.143092829374298412E+04   -0.459603640539723113E+01    0.371728739061259546E+03
    0.131428507528203942E+01    0.132214730470806899E+04   -0.444092453392248032E+01    0.371729272289022333E+03
    0.131251437764271661E+01    0.148560636374516503E+04   -0.474862247441210972E+01    0.371732540009355603E+03
    0.131583072409980528E+01    0.131862107593803739E+04   -0.462894031838982034E+01    0.371733226642102636E+03
    0.131513585597103999E+01    0.134408543825907532E+04   -0.465061121495602148E+01    0.371738252477958099E+03
    0.131590869295099266E+01    0.136274082143497390E+04   -0.464612932634071552E+01    0.371738752147544176E+03
    0.131590869295099266E+01    0.136274082143497390E+04   -0.464612932634071552E+01    0.371738752147544176E+03
    0.131570804034330879E+01    0.136519267677023845E+04   -0.464110238636939165E+01    0.371742776190523045E+03
    0.131730851068322430E+01    0.127713420878235320E+04   -0.455595088708883722E+01    0.371758328835333714E+03
    0.131730851068322430E+01    0.127713420878235320E+04   -0.455595088708883722E+01    0.371758328835333714E+03
    0.131711912812711285E+01    0.124961711548876156E+04   -0.442627056361026217E+01    0.371759668509592530E+03
    0.131711912812711285E+01    0.124961711548876156E+04   -0.442627056361026217E+01    0.371759668509592530E+03
    0.131697826865172662E+01    0.129066964576647388E+04   -0.453077428602497001E+01    0.371774566175369387E+03
    0.131665286720379138E+01    0.129326480613293052E+04   -0.449230369140757979E+01    0.371779131067731953E+03
    0.131398292548957496E+01    0.141608306318413088E+04   -0.476697085609618831E+01    0.371783755616314920E+03
    0.131559797764413067E+01    0.135757433363071777E+04   -0.459751660063000411E+01    0.371787524304659655E+03
    0.131510327190880671E+01    0.139773630840607507E+04   -0.479449053702915862E+01    0.371790798574362498E+03
    0.131446254572915500E+01    0.140717620965184847E+04   -0.478021834818316194E+01    0.371794253786604941E+03
    0.131291509412241236E+01    0.147744126021951161E+04   -0.474687932697122683E+01    0.371795628070392240E+03
    0.131688754321506440E+01    0.124663689491795094E+04   -0.442884087062702658E+01    0.371795819441556375E+03
    0.131703563708690297E+01    0.129537298883688209E+04   -0.457265518586433917E+01    0.371798945975068136E+03
    0.131514896380412649E+01    0.131191776186647962E+04   -0.453343720160257391E+01    0.371800174046431266E+03
    0.131314393004108521E+01    0.139320712731709227E+04   -0.460592783516004722E+01    0.371800747711973656E+03
    0.131255101597828738E+01    0.146647084478223633E+04   -0.475973005276506100E+01    0.371810023970204327E+03
    0.131255101597828738E+01    0.146647084478223633E+04   -0.475973005276506100E+01    0.371810023970204327E+03
    0.131411247733855818E+01    0.136498442459062107E+04   -0.448890749062280214E+01    0.371817365653765535E+03
    0.131467374010972859E+01    0.131310071651256067E+04   -0.446961813676536046E+01    0.371819427385644701E+03
    0.131190842163048393E+01    0.147425561051721547E+04   -0.469074912812935541E+01    0.371819728959387589E+03
    0.131626034385444646E+01    0.126287527065328322E+04   -0.438130242886879095E+01    0.371819911421991492E+03
    0.131626034385444646E+01    0.126287527065328322E+04   -0.438130242886879095E+01    0.371819911421991492E+03
    0.131654848265026159E+01    0.126051366149595651E+04   -0.439873117162137461E+01    0.371823337336169573E+03
    0.131535995974383813E+01    0.130393042776271864E+04   -0.452304203683975015E+01    0.371824705987740799E+03
    0.131535995974383813E+01    0.130393042776271864E+04   -0.452304203683975015E+01    0.371824705987740799E+03
    0.131598326003956823E+01    0.128868780354394221E+04   -0.442516125166084251E+01    0.371831744699245519E+03
    0.131547135908890045E+01    0.138405827207648235E+04   -0.477665630939489905E+01    0.371832530461239855E+03
    0.131296941708520420E+01    0.147072084567230240E+04   -0.480600806702495209E+01    0.371834051743603368E+03
    0.131728204865450049E+01    0.128461291996038017E+04   -0.457265884771769393E+01    0.371835332183850596E+03
    0.131728204865450049E+01    0.128461291996038017E+04   -0.457265884771769393E+01    0.371835332183850596E+03
    0.131390762819761364E+01    0.138260851679478446E+04   -0.465956787165683561E+01    0.371838866785608047E+03
    0.131591158976041922E+01    0.128918092786461170E+04   -0.442077101320241095E+01    0.371840795253862439E+03
    0.131280527635857136E+01    0.146341080023393943E+04   -0.468052590833091209E+01    0.371841980747556818E+03
    0.131230330992774613E+01    0.145655418781352591E+04   -0.470109366709268706E+01    0.371845402426246324E+03
    0.131230330992774613E+01    0.145655418781352591E+04   -0.470109366709268706E+01    0.371845402426246324E+03
    0.131682515900497110E+01    0.125001966023020964E+04   -0.440511732860746719E+01    0.371846820547792788E+03
    0.131479163941564359E+01    0.138778711829387112E+04   -0.475412304385265205E+01    0.371847214863408567E+03
    0.131556278038301500E+01    0.135433470600443570E+04   -0.471106923693977730E+01    0.371847463765819555E+03
    0.131646708615903818E+01    0.131018252960029076E+04   -0.464100886750459996E+01    0.371847880962627585E+03
    0.131622479589010855E+01    0.136031034784697658E+04   -0.471885772121996983E+01    0.371861480229798758E+03
    0.131689300050543112E+01    0.124774675427965190E+04   -0.442478265879659016E+01    0.371861490728092804E+03
    0.131689300050543112E+01    0.124774675427965190E+04   -0.442478265879659016E+01    0.371861490728092804E+03
    0.131390093409268505E+01    0.134507430530763509E+04   -0.449759008240086722E+01    0.371872726037944062E+03
    0.131424474808927472E+01    0.133746078361885202E+04   -0.452403938199493183E+01    0.371873243218651908E+03
    0.131368646843763548E+01    0.136133032598266777E+04   -0.454699783359812848E+01    0.371874001847830414E+03
    0.131356499902319923E+01    0.144808848920152991E+04   -0.480343687501882677E+01    0.371878996945460699E+03
    0.131580118186075001E+01    0.127671621990730364E+04   -0.445370290185938522E+01    0.371880241523571215E+03
    0.131580118186075001E+01    0.127671621990730364E+04   -0.445370290185938522E+01    0.371880241523571215E+03
    0.131735436402290707E+01    0.126248721383140628E+04   -0.451113711986459620E+01    0.371880646093232713E+03
    0.131735436402290707E+01    0.126248721383140628E+04   -0.451113711986459620E+01    0.371880646093232713E+03
    0.131285442102832484E+01    0.145270336720183400E+04   -0.475650261710435274E+01    0.371882399963581065E+03
    0.131495925664062763E+01    0.140477830736327360E+04   -0.468286076777434612E+01    0.371886749734201032E+03
    0.131623372482655898E+01    0.132212939521402677E+04   -0.454405986311554777E+01    0.371886991982790278E+03
    0.131429179132716700E+01    0.140998343234728554E+04   -0.463826887106932428E+01    0.371888086450642334E+03
    0.131328131856270636E+01    0.144284842962605171E+04   -0.477089966614001693E+01    0.371894224036487799E+03
    0.131626350144126913E+01    0.134742740099613320E+04   -0.465516197067715698E+01    0.371901557039623299E+03
    0.131201801469892376E+01    0.146403238717156114E+04   -0.467619545427735872E+01    0.371902330917223026E+03
    0.131451933766986739E+01    0.144152864769507732E+04   -0.481662551082145374E+01    0.371903679681090466E+03
    0.131451933766986739E+01    0.144152864769507732E+04   -0.481662551082145374E+01    0.371903679681090466E+03
    0.131220285966803329E+01    0.146774307776052046E+04   -0.471472384273645595E+01    0.371907520859255044E+03
    0.131220285966803329E+01    0.146774307776052046E+04   -0.471472384273645595E+01    0.371907520859255044E+03
    0.131473457921758152E+01    0.130866645129345329E+04   -0.442420045275496410E+01    0.371908806962683911E+03
    0.131245883396280094E+01    0.145667706617590943E+04   -0.472045809078620238E+01    0.371922297109119711E+03
    0.131245883396280094E+01    0.145667706617590943E+04   -0.472045809078620238E+01    0.371922297109119711E+03
    0.131625784956633551E+01    0.132178086234408784E+04   -0.466029459610120078E+01    0.371922636689182809E+03
    0.131447844047106499E+01    0.131861994934147651E+04   -0.444096590490460930E+01    0.371925324131107857E+03
    0.131511569958161667E+01    0.133290769401066427E+04   -0.460718625448450592E+01    0.371927072949849105E+03
    0.131588196014359626E+01    0.133912274725880206E+04   -0.456724135499531592E+01    0.371931808277097673E+03
    0.131691358547765724E+01    0.130945712493684505E+04   -0.463346806311675330E+01    0.371935225539094802E+03
    0.131691358547765724E+01    0.130945712493684505E+04   -0.463346806311675330E+01    0.371935225539094802E+03
    0.131704085715095176E+01    0.125188889973827872E+04   -0.443085882526154773E+01    0.371937406987525208E+03
    0.131700608506700734E+01    0.127520453320073102E+04   -0.449997802496448607E+01    0.371939783302643605E+03
    0.131700608506700734E+01    0.127520453320073102E+04   -0.449997802496448607E+01    0.371939783302643605E+03
    0.131635340733819128E+01    0.130462045957882287E+04   -0.449751657974506536E+01    0.371942961653656369E+03
    0.131500774248108865E+01    0.134361417190901534E+04   -0.449444989939633732E+01    0.371945743589129904E+03
    0.131386422266743308E+01    0.141201331831420839E+04   -0.460707261551235447E+01    0.371946561275543957E+03
    0.131386422266743308E+01    0.141201331831420839E+04   -0.460707261551235447E+01    0.371946561275543957E+03
    0.131545857699039059E+01    0.138597193332787174E+04   -0.477715199933130918E+01    0.371949917325648073E+03
    0.131401573055510279E+01    0.135836781063765829E+04   -0.448302674356391684E+01    0.371952257838158062E+03
    0.131259381306102796E+01    0.148765340874928256E+04   -0.477274185894201786E+01    0.371956632061739356E+03
    0.131255749831819335E+01    0.148935799762636293E+04   -0.479287869904371799E+01    0.371956667925586316E+03
    0.131229170097502523E+01    0.143469240383610304E+04   -0.461268797129135688E+01    0.371962396330760214E+03
    0.131302422713072664E+01    0.139973634065468650E+04   -0.461072175846148902E+01    0.371964089736487949E+03
    0.131302422713072664E+01    0.139973634065468650E+04   -0.461072175846148902E+01    0.371964089736487949E+03
    0.131552365590762399E+01    0.138219773816903194E+04   -0.467652314392279056E+01    0.371968600419840072E+03
    0.131404522779138211E+01    0.144524798767043512E+04   -0.481807347875702696E+01    0.371969029557707245E+03
    0.131426018687177937E+01    0.144750040707358835E+04   -0.481208225603125950E+01    0.371971951987539228E+03
    0.131675622855476337E+01    0.128183943980001027E+04   -0.447696836650105290E+01    0.371973598097865818E+03
    0.131707646468958384E+01    0.125103773089514380E+04   -0.444741276552584974E+01    0.371973778090673932E+03
    0.131577957073187424E+01    0.136171963214301991E+04   -0.463255535679563391E+01    0.371977080103801029E+03
    0.131716564329333008E+01    0.127889135317889122E+04   -0.453868681256498352E+01    0.371977531393975141E+03
    0.131716564329333008E+01    0.127889135317889122E+04   -0.453868681256498352E+01    0.371977531393975141E+03
    0.131313164656850057E+01    0.147704464820160683E+04   -0.481324517397423435E+01    0.371978662558114024E+03
    0.131313164656850057E+01    0.147704464820160683E+04   -0.481324517397423435E+01    0.371978662558114024E+03
    0.131218583499297736E+01    0.149364943408555541E+04   -0.475626733189575024E+01    0.371986404734625125E+03
    0.131257441941564568E+01    0.149261396906862615E+04   -0.480017863890652396E+01    0.371987728682781892E+03
    0.131486455247629896E+01    0.130452908569139527E+04   -0.440930015168231826E+01    0.371990760667697145E+03
    0.131486455247629896E+01    0.130452908569139527E+04   -0.440930015168231826E+01    0.371990760667697145E+03
    0.131413777948766386E+01    0.133359877911890794E+04   -0.444749731801727322E+01    0.372000871551537841E+03
    0.131412708462520400E+01    0.144962887532580794E+04   -0.482262915791611579E+01    0.372001759994298652E+03
    0.131412708462520400E+01    0.144962887532580794E+04   -0.482262915791611579E+01    0.372001759994298652E+03
    0.131241519804704487E+01    0.149121781862955686E+04   -0.476767847803135680E+01    0.372013083644227322E+03
    0.131283278941362447E+01    0.148459139452967383E+04   -0.475873970033048366E+01    0.372016712552376077E+03
    0.131399349997727821E+01    0.134966809283942712E+04   -0.453635275323377485E+01    0.372021512318570785E+03
    0.131244442291632590E+01    0.143587898541356958E+04   -0.463418061392307035E+01    0.372029385966338054E+03
    0.131441447151034962E+01    0.136486481407384508E+04   -0.464587221938038475E+01    0.372030226244652226E+03
    0.131407552244213321E+01    0.133989575971099157E+04   -0.445829423101407940E+01    0.372030712620772306E+03
    0.131595068406342430E+01    0.133390093776875119E+04   -0.455233349207333049E+01    0.372037841273056301E+03
    0.131347877382721645E+01    0.147392349250110988E+04   -0.482630011724513786E+01    0.372039042066057618E+03
    0.131598448595354034E+01    0.130101968461798879E+04   -0.457186048138042977E+01    0.372040769999875181E+03
    0.131598448595354034E+01    0.130101968461798879E+04   -0.457186048138042977E+01    0.372040769999875181E+03
    0.131299815417547028E+01    0.147611212711060307E+04   -0.476473258600056759E+01    0.372044824326589776E+03
    0.131291397928374898E+01    0.139958421959757879E+04   -0.454614801954935022E+01    0.372047644720562175E+03
    0.131369637601415290E+01    0.137270780139165890E+04   -0.449776988807485267E+01    0.372047918516043637E+03
    0.131357053211410224E+01    0.147084389110224447E+04   -0.481560447859579011E+01    0.372048521750166060E+03
    0.131694151155906503E+01    0.125862599492756385E+04   -0.444813263399217007E+01    0.372049274962651566E+03
    0.131694151155906503E+01    0.125862599492756385E+04   -0.444813263399217007E+01    0.372049274962651566E+03
    0.131570918298513262E+01    0.137530238477241619E+04   -0.475733927415849855E+01    0.372050612580809002E+03
    0.131449163970910665E+01    0.137182536449771078E+04   -0.454014113012550879E+01    0.372051662139176130E+03
    0.131442593897816629E+01    0.134875887416253045E+04   -0.459120767475596292E+01    0.372054723177929077E+03
    0.131558564578165060E+01    0.139112243360747198E+04   -0.473847033561772690E+01    0.372056268005515790E+03
    0.131510153071893354E+01    0.139881197001726832E+04   -0.469304227180702593E+01    0.372058556551970071E+03
    0.131494846531990217E+01    0.141930357799697276E+04   -0.476683095720890204E+01    0.372063716966477784E+03
    0.131494846531990217E+01    0.141930357799697276E+04   -0.476683095720890204E+01    0.372063716966477784E+03
    0.131396474414009723E+01    0.145043974391919755E+04   -0.482059190935937565E+01    0.372065351492579055E+03
    0.131498066751479814E+01    0.130387170902301204E+04   -0.441115473375930378E+01    0.372075845009037153E+03
    0.131575405668848178E+01    0.134726244389350200E+04   -0.458713447841120292E+01    0.372077494138189024E+03
    0.131607592180237676E+01    0.135295426097279869E+04   -0.464221466076943123E+01    0.372077931949469018E+03
    0.131557927696848287E+01    0.139198501928536075E+04   -0.474190631534009288E+01    0.372080032339557874E+03
    0.131557927696848287E+01    0.139198501928536075E+04   -0.474190631534009288E+01    0.372080032339557874E+03
    0.131328275801495753E+01    0.146451090554368261E+04   -0.481042989526152986E+01    0.372081589674832117E+03
    0.131706100256333758E+01    0.125929408855265410E+04   -0.447960979071348575E+01    0.372086651442395578E+03
    0.131700730064216143E+01    0.128448054162054723E+04   -0.457471722005141856E+01    0.372090764252388340E+03
    0.131415300590819806E+01    0.144884060500114288E+04   -0.478427174174721515E+01    0.372092468351687785E+03
    0.131295376586123869E+01    0.139670470820418177E+04   -0.455726358580128732E+01    0.372092622199706113E+03
    0.131572250429347970E+01    0.138199662255552471E+04   -0.471723510987714434E+01    0.372093080498414395E+03
    0.131544154256346491E+01    0.132266637784104068E+04   -0.459814721759418354E+01    0.372095147747716510E+03
    0.131242944439879761E+01    0.143809378865955910E+04   -0.464333286196098882E+01    0.372097920825595054E+03
    0.131242944439879761E+01    0.143809378865955910E+04   -0.464333286196098882E+01    0.372097920825595054E+03
    0.131423319658637117E+01    0.139103995528214978E+04   -0.457802418479703643E+01    0.372098149076622576E+03
    0.131423319658637117E+01    0.139103995528214978E+04   -0.457802418479703643E+01    0.372098149076622576E+03
    0.131536921446828869E+01    0.133469708993390645E+04   -0.463185855184492024E+01    0.372098994220990505E+03
    0.131670213261675051E+01    0.132348173491251191E+04   -0.463468364795817500E+01    0.372102463201949604E+03
    0.131670213261675051E+01    0.132348173491251191E+04   -0.463468364795817500E+01    0.372102463201949604E+03
    0.131508472061545278E+01    0.140927336079872111E+04   -0.473832851638733921E+01    0.372102944163142070E+03
    0.131677097116893749E+01    0.126388230418561625E+04   -0.443217545033380667E+01    0.372105553545628823E+03
    0.131677097116893749E+01    0.126388230418561625E+04   -0.443217545033380667E+01    0.372105553545628823E+03
    0.131631674134222942E+01    0.131344586014653896E+04   -0.452858691918291711E+01    0.372110222183200335E+03
    0.131670962731823282E+01    0.126339726891430428E+04   -0.442676034146832276E+01    0.372112681541834434E+03
    0.131412108725444243E+01    0.139478047751826489E+04   -0.457521430872508272E+01    0.372118226970607111E+03
    0.131412108725444243E+01    0.139478047751826489E+04   -0.457521430872508272E+01    0.372118226970607111E+03
    0.131251957915280082E+01    0.147574587384261872E+04   -0.473443873563308060E+01    0.372118330724152543E+03
    0.131251957915280082E+01    0.147574587384261872E+04   -0.473443873563308060E+01    0.372118330724152543E+03
    0.131518466938408807E+01    0.140581389135545783E+04   -0.475140149653512900E+01    0.372119029528284841E+03
    0.131578088397222714E+01    0.137547395860327401E+04   -0.474896409689766852E+01    0.372119421574148646E+03
    0.131578088397222714E+01    0.137547395860327401E+04   -0.474896409689766852E+01    0.372119421574148646E+03
    0.131356695196418816E+01    0.146278289319435635E+04   -0.481971491079347469E+01    0.372119554941025342E+03
    0.131356695196418816E+01    0.146278289319435635E+04   -0.481971491079347469E+01    0.372119554941025342E+03
    0.131335568431376748E+01    0.138900467521443966E+04   -0.453028102150556045E+01    0.372127373569640270E+03
    0.131635490739407390E+01    0.129966691206394580E+04   -0.459387252428400750E+01    0.372131319909528429E+03
    0.131588005603949498E+01    0.136989589951315338E+04   -0.469424851967438173E+01    0.372132999246384145E+03
    0.131588005603949498E+01    0.136989589951315338E+04   -0.469424851967438173E+01    0.372132999246384145E+03
    0.131255069280456360E+01    0.145405339095253566E+04   -0.472078324576223274E+01    0.372137205305721182E+03
    0.131255069280456360E+01    0.145405339095253566E+04   -0.472078324576223274E+01    0.372137205305721182E+03
    0.131516068992458024E+01    0.140994380095630481E+04   -0.476069745490202223E+01    0.372137680652033964E+03
    0.131391751350588337E+01    0.140280740076626398E+04   -0.471933717653712126E+01    0.372141750653937606E+03
    0.131554993680927912E+01    0.131933870178891789E+04   -0.459689095802384884E+01    0.372147769935916017E+03
    0.131514161669318352E+01    0.129808297783245598E+04   -0.444475630428469515E+01    0.372152717312397101E+03
    0.131360479527658125E+01    0.136663231432221437E+04   -0.450420406352173686E+01    0.372155887909811611E+03
    0.131675412447842000E+01    0.126013060681147749E+04   -0.443718384788654241E+01    0.372157037754243504E+03
    0.131681591386614105E+01    0.131402857347763711E+04   -0.462484244988671378E+01    0.372157690871409898E+03
    0.131681591386614105E+01    0.131402857347763711E+04   -0.462484244988671378E+01    0.372157690871409898E+03
    0.131369271015065814E+01    0.138011131945609941E+04   -0.452055632234765437E+01    0.372160960973407668E+03
    0.131655792631652924E+01    0.133022342653347368E+04   -0.464775310634237027E+01    0.372161099263688925E+03
    0.131242360906333921E+01    0.144055080091058448E+04   -0.465391629534137774E+01    0.372161323711047828E+03
    0.131242360906333921E+01    0.144055080091058448E+04   -0.465391629534137774E+01    0.372161323711047828E+03
    0.131290267450340647E+01    0.148106280690475819E+04   -0.476914658568654115E+01    0.372163789623030254E+03
    0.131290267450340647E+01    0.148106280690475819E+04   -0.476914658568654115E+01    0.372163789623030254E+03
    0.131401443800175155E+01    0.143647787007359148E+04   -0.480052291962086919E+01    0.372166759016021842E+03
    0.131401443800175155E+01    0.143647787007359148E+04   -0.480052291962086919E+01    0.372166759016021842E+03
    0.131647692401358141E+01    0.128718950975271309E+04   -0.447725111913423124E+01    0.372167268570681472E+03
    0.131375672407193034E+01    0.135324448396856405E+04   -0.448749088601551449E+01    0.372167642240204714E+03
    0.131375672407193034E+01    0.135324448396856405E+04   -0.448749088601551449E+01    0.372167642240204714E+03
    0.131548172780247219E+01    0.128746562434733028E+04   -0.442157588301663118E+01    0.372169270575926703E+03
    0.131538523540978680E+01    0.131886401063366407E+04   -0.457896129864934931E+01    0.372169782272494047E+03
    0.131538523540978680E+01    0.131886401063366407E+04   -0.457896129864934931E+01    0.372169782272494047E+03
    0.131409546295149493E+01    0.145194056013996124E+04   -0.481374914300716306E+01    0.372175842272888644E+03
    0.131554799172174786E+01    0.130840358835479083E+04   -0.445357874874390092E+01    0.372177129021111909E+03
    0.131236863373216628E+01    0.144221565350689912E+04   -0.462956983353950768E+01    0.372182415160132450E+03
    0.131653792844881368E+01    0.132408016027360145E+04   -0.460097058315552854E+01    0.372184038331872273E+03
    0.131368219375763129E+01    0.136831201895595996E+04   -0.450190684920310247E+01    0.372184377768376578E+03
    0.131368219375763129E+01    0.136831201895595996E+04   -0.450190684920310247E+01    0.372184377768376578E+03
    0.131235914716498736E+01    0.146109366360550348E+04   -0.471008354685900343E+01    0.372186254002341457E+03
    0.131478333448054308E+01    0.139559957941819289E+04   -0.465214046017517102E+01    0.372191245154072931E+03
    0.131478333448054308E+01    0.139559957941819289E+04   -0.465214046017517102E+01    0.372191245154072931E+03
    0.131674270748490985E+01    0.130126510888457915E+04   -0.461187966267383764E+01    0.372199175605859807E+03
    0.131674270748490985E+01    0.130126510888457915E+04   -0.461187966267383764E+01    0.372199175605859807E+03
    0.131348996473632895E+01    0.140158080530803159E+04   -0.456076797203337492E+01    0.372199906065246125E+03
    0.131654901340242469E+01    0.132824405473394791E+04   -0.465948117514084981E+01    0.372200373328820035E+03
    0.131441666159531234E+01    0.135175705841711169E+04   -0.459637728963123493E+01    0.372201450994131847E+03
    0.131580015720817345E+01    0.132753138008362066E+04   -0.464388384974927249E+01    0.372204100575309099E+03
    0.131580015720817345E+01    0.132753138008362066E+04   -0.464388384974927249E+01    0.372204100575309099E+03
    0.131228119954637590E+01    0.145252388706684314E+04   -0.466518599410524981E+01    0.372207190239608906E+03
    0.131634892747620857E+01    0.131828343577808323E+04   -0.464687690271197162E+01    0.372208808068756355E+03
    0.131323441558822385E+01    0.146156064948432549E+04   -0.472114220045658950E+01    0.372210945331492098E+03
    0.131387463259903869E+01    0.143385981439057377E+04   -0.467911004499075744E+01    0.372218259060138109E+03
    0.131394190033898095E+01    0.136175145846413898E+04   -0.448961564319715034E+01    0.372220410961572725E+03
    0.131370819730744293E+01    0.137082727175949663E+04   -0.458144610679233821E+01    0.372226027499591055E+03
    0.131563044520669248E+01    0.128610966375902353E+04   -0.445875016855236250E+01    0.372226967004663948E+03
    0.131460749977652647E+01    0.137398448236715421E+04   -0.468988208461480216E+01    0.372227855527758834E+03
    0.131255257886940080E+01    0.148176455680875733E+04   -0.474507856172523912E+01    0.372228258239346303E+03
    0.131696947045736801E+01    0.128956322306571587E+04   -0.456476428338616902E+01    0.372230909741957817E+03
    0.131665044266427156E+01    0.126514057446967581E+04   -0.445516053923586952E+01    0.372231000932130428E+03
    0.131545817681362087E+01    0.139244353720813683E+04   -0.477290079151727475E+01    0.372232448681935807E+03
    0.131496953770385616E+01    0.132223312857474730E+04   -0.444748897072862359E+01    0.372234737126752123E+03
    0.131421526096948238E+01    0.138300055242784538E+04   -0.468325800754555033E+01    0.372235473070599653E+03
    0.131252298853353677E+01    0.142484903568164441E+04   -0.460427376708703218E+01    0.372237780228143038E+03
    0.131530091942355298E+01    0.129278061464324264E+04   -0.441967984457132346E+01    0.372238478875873909E+03
    0.131530091942355298E+01    0.129278061464324264E+04   -0.441967984457132346E+01    0.372238478875873909E+03
    0.131361951819326039E+01    0.146243896646178337E+04   -0.481498325397778526E+01    0.372239161396720135E+03
    0.131291299354893409E+01    0.143608634306984140E+04   -0.470727879245463221E+01    0.372242924913368256E+03
    0.131332878627622485E+01    0.144913092147205634E+04   -0.477920429559016391E+01    0.372243636487489255E+03
    0.131326977370474807E+01    0.138563071428295711E+04   -0.453966368190219338E+01    0.372250689897969551E+03
    0.131607425789695998E+01    0.127233298142581907E+04   -0.444372772795094928E+01    0.372256332937198636E+03
    0.131684076174888154E+01    0.129274015437006801E+04   -0.458617482833246015E+01    0.372266003721238292E+03
    0.131546316116693385E+01    0.139467587127311572E+04   -0.477188741844660047E+01    0.372266718773446826E+03
    0.131251722483193989E+01    0.143271410309145313E+04   -0.461068837853714708E+01    0.372277814903341039E+03
    0.131544206550619225E+01    0.131070478994715495E+04   -0.454895219357127534E+01    0.372278449519713718E+03
    0.131544206550619225E+01    0.131070478994715495E+04   -0.454895219357127534E+01    0.372278449519713718E+03
    0.131242359883421256E+01    0.144361308801140558E+04   -0.466271551719059296E+01    0.372280187217489356E+03
    0.131458908047810752E+01    0.143347566904491759E+04   -0.480141940330178496E+01    0.372281340864129902E+03
    0.131336468004199958E+01    0.138072281986673761E+04   -0.456739765599652348E+01    0.372282963210035859E+03
    0.131532749054740372E+01    0.129590860424527455E+04   -0.445961926358926508E+01    0.372285905605644416E+03
    0.131368447226497920E+01    0.142964743827478628E+04   -0.465762904917148202E+01    0.372286602153790795E+03
    0.131368447226497920E+01    0.142964743827478628E+04   -0.465762904917148202E+01    0.372286602153790795E+03
    0.131573104609966540E+01    0.137541178700320461E+04   -0.471427484306992817E+01    0.372287724754348631E+03
    0.131477132140390007E+01    0.142285556469969356E+04   -0.480023242150545393E+01    0.372288140923286676E+03
    0.131447619719683706E+01    0.134674029107456636E+04   -0.458358424408616472E+01    0.372294972744151494E+03
    0.131439774986693014E+01    0.141868361487473067E+04   -0.478688688596922329E+01    0.372295078647374567E+03
    0.131598176132709299E+01    0.129085009312121338E+04   -0.452381065538350757E+01    0.372296123857975203E+03
    0.131274701561397711E+01    0.148195194724299017E+04   -0.478227425128206640E+01    0.372297654098237672E+03
    0.131446813249884764E+01    0.135648578948714976E+04   -0.451151304126913288E+01    0.372303701017122023E+03
    0.131535190868709173E+01    0.139543624661073090E+04   -0.476825381204421550E+01    0.372304623210436148E+03
    0.131535190868709173E+01    0.139543624661073090E+04   -0.476825381204421550E+01    0.372304623210436148E+03
    0.131647485813070109E+01    0.127401867957384911E+04   -0.449760073871924693E+01    0.372307036108193529E+03
    0.131647485813070109E+01    0.127401867957384911E+04   -0.449760073871924693E+01    0.372307036108193529E+03
    0.131620227382708688E+01    0.127121745143439466E+04   -0.445147883695526492E+01    0.372307489880035178E+03
    0.131620227382708688E+01    0.127121745143439466E+04   -0.445147883695526492E+01    0.372307489880035178E+03
    0.131636537577450796E+01    0.133854075834582045E+04   -0.467170883903410328E+01    0.372311075509535442E+03
    0.131636537577450796E+01    0.133854075834582045E+04   -0.467170883903410328E+01    0.372311075509535442E+03
    0.131492197680669465E+01    0.132635393651170807E+04   -0.455418366999204771E+01    0.372312053534214272E+03
    0.131492197680669465E+01    0.132635393651170807E+04   -0.455418366999204771E+01    0.372312053534214272E+03
    0.131542671329772576E+01    0.131425058676506342E+04   -0.455837283116721359E+01    0.372317734848031705E+03
    0.131396605045472126E+01    0.144051025759340655E+04   -0.480089458629574661E+01    0.372319719788558473E+03
    0.131494224964839757E+01    0.134722838934966558E+04   -0.451751334276429883E+01    0.372320615940174889E+03
    0.131662111745086752E+01    0.128643111587152225E+04   -0.455773205818685767E+01    0.372324170220428584E+03
    0.131368179278717245E+01    0.145356009888562016E+04   -0.473517500197303676E+01    0.372326037640280333E+03
    0.131494991441438613E+01    0.136091716169870665E+04   -0.455156349076029532E+01    0.372327552314353738E+03
    0.131498228997661082E+01    0.134962037257809834E+04   -0.452373535325197906E+01    0.372335765950838038E+03
    0.131498228997661082E+01    0.134962037257809834E+04   -0.452373535325197906E+01    0.372335765950838038E+03
    0.131517155134520447E+01    0.131595881906469754E+04   -0.445787084928657862E+01    0.372337046041956398E+03
    0.131510595845811151E+01    0.139804864777333569E+04   -0.477814397997345885E+01    0.372337947816112148E+03
    0.131637638101047028E+01    0.130566617549098328E+04   -0.453158656465377874E+01    0.372340679508442463E+03
    0.131637638101047028E+01    0.130566617549098328E+04   -0.453158656465377874E+01    0.372340679508442463E+03
    0.131606528761381103E+01    0.131755815128341919E+04   -0.462633003855602265E+01    0.372346735607671974E+03
    0.131547015171725845E+01    0.136029049098765336E+04   -0.460166861155083406E+01    0.372349632973083544E+03
    0.131462058038703344E+01    0.137748022409963210E+04   -0.470193222959251145E+01    0.372351456746077247E+03
    0.131384726214261693E+01    0.145353336065190956E+04   -0.481065867824253246E+01    0.372354167523651540E+03
    0.131378178598699313E+01    0.142902641191762564E+04   -0.476798057676908638E+01    0.372354546108640420E+03
    0.131378178598699313E+01    0.142902641191762564E+04   -0.476798057676908638E+01    0.372354546108640420E+03
    0.131673638090310208E+01    0.128813347432007640E+04   -0.456533543590250090E+01    0.372355189577199098E+03
    0.131537663900274104E+01    0.137232859897359572E+04   -0.473479104642060644E+01    0.372355534662042999E+03
    0.131537663900274104E+01    0.137232859897359572E+04   -0.473479104642060644E+01    0.372355534662042999E+03
    0.131543855359176809E+01    0.135803571468765699E+04   -0.470394932199347249E+01    0.372358087991356513E+03
    0.131338458661419555E+01    0.138618432802824100E+04   -0.459369723436006527E+01    0.372365380003545681E+03
    0.131433497793082488E+01    0.134184752237202042E+04   -0.446817834457055074E+01    0.372367295547679191E+03
    0.131433497793082488E+01    0.134184752237202042E+04   -0.446817834457055074E+01    0.372367295547679191E+03
    0.131548178682499195E+01    0.129929641771837487E+04   -0.443596658156256751E+01    0.372368321492013592E+03
    0.131360598182574995E+01    0.136864113050880292E+04   -0.451404096198515781E+01    0.372369539878677585E+03
    0.131586868841944371E+01    0.133391152362532512E+04   -0.455213074511507720E+01    0.372379789916831783E+03
    0.131586868841944371E+01    0.133391152362532512E+04   -0.455213074511507720E+01    0.372379789916831783E+03
    0.131607443071244457E+01    0.130090351307644801E+04   -0.447757885694413282E+01    0.372381523070265871E+03
    0.131599473650068743E+01    0.135774029678985789E+04   -0.471158871815808578E+01    0.372381707539488730E+03
    0.131368601102785165E+01    0.140506164785725650E+04   -0.459557910007294268E+01    0.372382970123853056E+03
    0.131653139048488232E+01    0.128277452272607252E+04   -0.453483434514047623E+01    0.372384280850601499E+03
    0.131505739221786278E+01    0.132271650711283428E+04   -0.445659549044223269E+01    0.372384364014462108E+03
    0.131332358061008403E+01    0.145706546801420950E+04   -0.478614064335319433E+01    0.372385659671756400E+03
    0.131383794762083350E+01    0.140835039095076991E+04   -0.460936585652050290E+01    0.372387645478396280E+03
    0.131580640110230696E+01    0.137456201083431483E+04   -0.473443131030711495E+01    0.372389804093967996E+03
    0.131463949146963621E+01    0.135961821862722536E+04   -0.464481061331793121E+01    0.372392323064136576E+03
    0.131592225074040825E+01    0.135896835231920841E+04   -0.471719298856857350E+01    0.372394642623859681E+03
    0.131687637274611591E+01    0.129389475130462370E+04   -0.456024111326118398E+01    0.372399027181620056E+03
    0.131285484574680722E+01    0.141150585932052377E+04   -0.460876621008149012E+01    0.372400511354815137E+03
    0.131454911457895185E+01    0.142792910449329520E+04   -0.479206937956540902E+01    0.372400638202016012E+03
    0.131454911457895185E+01    0.142792910449329520E+04   -0.479206937956540902E+01    0.372400638202016012E+03
    0.131408551943781227E+01    0.136322497547089506E+04   -0.450041541037975534E+01    0.372409832978579288E+03
    0.131408551943781227E+01    0.136322497547089506E+04   -0.450041541037975534E+01    0.372409832978579288E+03
    0.131435240060348679E+01    0.143151994494539508E+04   -0.473421426454130145E+01    0.372412634647573100E+03
    0.131603358370007961E+01    0.133388039652052066E+04   -0.466664910925227261E+01    0.372413916207775515E+03
    0.131249560839568669E+01    0.144307569351371262E+04   -0.463608461997806565E+01    0.372414035766870313E+03
    0.131598930398773906E+01    0.135709428383018621E+04   -0.470830772772904371E+01    0.372416389995316365E+03
    0.131514353887592561E+01    0.138815861049794648E+04   -0.466897705976959276E+01    0.372421633685273036E+03
    0.131514353887592561E+01    0.138815861049794648E+04   -0.466897705976959276E+01    0.372421633685273036E+03
    0.131634020740656443E+01    0.133228592752512213E+04   -0.461656053442086733E+01    0.372425558630547300E+03
    0.131634020740656443E+01    0.133228592752512213E+04   -0.461656053442086733E+01    0.372425558630547300E+03
    0.131532638885688202E+01    0.132218950003075861E+04   -0.447374444975373287E+01    0.372428183638950372E+03
    0.131324666826107572E+01    0.140552080189369281E+04   -0.464751116991507374E+01    0.372428748105652801E+03
    0.131324666826107572E+01    0.140552080189369281E+04   -0.464751116991507374E+01    0.372428748105652801E+03
    0.131576518302655798E+01    0.133147432843043043E+04   -0.453867591922241598E+01    0.372430000747292524E+03
    0.131576518302655798E+01    0.133147432843043043E+04   -0.453867591922241598E+01    0.372430000747292524E+03
    0.131436974547038865E+01    0.133832822405942397E+04   -0.452443395449693764E+01    0.372431256263866715E+03
    0.131321492852729071E+01    0.138868939268563508E+04   -0.455635214060903504E+01    0.372433835985432552E+03
    0.131321492852729071E+01    0.138868939268563508E+04   -0.455635214060903504E+01    0.372433835985432552E+03
    0.131678736713670608E+01    0.128869601038125256E+04   -0.453754958702336886E+01    0.372434894232147769E+03
    0.131443510223757265E+01    0.134053741717881530E+04   -0.454538873642408081E+01    0.372434981031265636E+03
    0.131438060367187237E+01    0.142259113609809629E+04   -0.469942117529262315E+01    0.372437770284963563E+03
    0.131677228396701573E+01    0.128667996363636212E+04   -0.454910939260971059E+01    0.372438647044665402E+03
    0.131350164916774870E+01    0.137596848003175819E+04   -0.453522843710693824E+01    0.372439319319727531E+03
    0.131350164916774870E+01    0.137596848003175819E+04   -0.453522843710693824E+01    0.372439319319727531E+03
    0.131647408989658254E+01    0.132420160962759292E+04   -0.460336887280238471E+01    0.372439862319524309E+03
    0.131647408989658254E+01    0.132420160962759292E+04   -0.460336887280238471E+01    0.372439862319524309E+03
    0.131345693647914530E+01    0.138093485014450334E+04   -0.457800667812923479E+01    0.372443218653879399E+03
    0.131640754377744673E+01    0.131000554954197196E+04   -0.454646911255483221E+01    0.372448237779792862E+03
    0.131396996543089983E+01    0.135210683989067570E+04   -0.452280714761478908E+01    0.372448570090937721E+03
    0.131542965228306286E+01    0.129780891432015551E+04   -0.448013193515411245E+01    0.372450792156107468E+03
    0.131680463630379974E+01    0.128142751510824746E+04   -0.451109932553987036E+01    0.372452814694580638E+03
    0.131621963095710215E+01    0.134306078202541153E+04   -0.468513652556104532E+01    0.372453801791023693E+03
    0.131634971121621258E+01    0.129510757369672228E+04   -0.456661445855841919E+01    0.372457352109616863E+03
    0.131380227826457840E+01    0.144773338752055338E+04   -0.474486933277731016E+01    0.372460026921211465E+03
    0.131380227826457840E+01    0.144773338752055338E+04   -0.474486933277731016E+01    0.372460026921211465E+03
    0.131647751437959326E+01    0.127371572418014216E+04   -0.444755629496115024E+01    0.372460282211798358E+03
    0.131463887438965132E+01    0.132512550361533931E+04   -0.449443899600049512E+01    0.372464241376883820E+03
    0.131463887438965132E+01    0.132512550361533931E+04   -0.449443899600049512E+01    0.372464241376883820E+03
    0.131400348869723582E+01    0.135871699988140881E+04   -0.449964857264371609E+01    0.372464392603707097E+03
    0.131479968543152270E+01    0.136251135273576324E+04   -0.466587983215061541E+01    0.372465751382214421E+03
    0.131499769218218576E+01    0.138206892030742119E+04   -0.462447462580112845E+01    0.372467189580279637E+03
    0.131356742468462384E+01    0.142857300220358979E+04   -0.465164602420566986E+01    0.372467743695250078E+03
    0.131559771469700904E+01    0.137919045788106564E+04   -0.474317723500323130E+01    0.372468022492811656E+03
    0.131369328051972345E+01    0.144208574539804636E+04   -0.478506066930716578E+01    0.372468621061371891E+03
    0.131573344904105771E+01    0.131127814971305475E+04   -0.457406320338126093E+01    0.372469484867429969E+03
    0.131367127134959705E+01    0.139172781415824534E+04   -0.455175418932896303E+01    0.372471055116521882E+03
    0.131367127134959705E+01    0.139172781415824534E+04   -0.455175418932896303E+01    0.372471055116521882E+03
    0.131290677022196811E+01    0.145202295168245428E+04   -0.474248064977581407E+01    0.372472869645324863E+03
    0.131521911955233284E+01    0.132385491411418116E+04   -0.456942618177757165E+01    0.372477219540470628E+03
    0.131670957220549356E+01    0.129672868496448473E+04   -0.457271944865714719E+01    0.372482926322341712E+03
    0.131500486745651224E+01    0.141208221609846032E+04   -0.475392976756052743E+01    0.372484378851095471E+03
    0.131274341917340154E+01    0.146013193029367926E+04   -0.474119486108479204E+01    0.372485366512703081E+03
    0.131260475238310215E+01    0.145900279332094306E+04   -0.469245126849980210E+01    0.372486415322263781E+03
    0.131390260303865136E+01    0.141117452980600774E+04   -0.462004333063529948E+01    0.372487877664822747E+03
    0.131390260303865136E+01    0.141117452980600774E+04   -0.462004333063529948E+01    0.372487877664822747E+03
    0.131663382387319028E+01    0.127226590175866545E+04   -0.448528295710093339E+01    0.372492427988824488E+03
    0.131663382387319028E+01    0.127226590175866545E+04   -0.448528295710093339E+01    0.372492427988824488E+03
    0.131262017218832039E+01    0.145941251261212255E+04   -0.469251640137662918E+01    0.372492637934549293E+03
    0.131276024065018038E+01    0.143997809045687859E+04   -0.469113693772132567E+01    0.372495093118520515E+03
    0.131405248854842216E+01    0.134861636650236687E+04   -0.451046698635088550E+01    0.372498405038201440E+03
    0.131405248854842216E+01    0.134861636650236687E+04   -0.451046698635088550E+01    0.372498405038201440E+03
    0.131271687988572316E+01    0.142398913031165375E+04   -0.459832056182227156E+01    0.372500855935064124E+03
    0.131505419887294472E+01    0.138428749388751203E+04   -0.474289390554716661E+01    0.372503499139598716E+03
    0.131505419887294472E+01    0.138428749388751203E+04   -0.474289390554716661E+01    0.372503499139598716E+03
    0.131402966097050733E+01    0.138751784691416447E+04   -0.456834650014400179E+01    0.372504296862733213E+03
    0.131313086928602685E+01    0.147186008946546372E+04   -0.477880415636063827E+01    0.372508076098938034E+03
    0.131313086928602685E+01    0.147186008946546372E+04   -0.477880415636063827E+01    0.372508076098938034E+03
    0.131316980917782233E+01    0.143442860612980485E+04   -0.472464336190259981E+01    0.372509206614684445E+03
    0.131458761789310707E+01    0.138494072354632499E+04   -0.471410780898402937E+01    0.372510045611791213E+03
    0.131322189685452506E+01    0.139809788407698716E+04   -0.456167314867619211E+01    0.372515021035250754E+03
    0.131499099758981042E+01    0.140777627515161475E+04   -0.473918925093299581E+01    0.372515419985652898E+03
    0.131499099758981042E+01    0.140777627515161475E+04   -0.473918925093299581E+01    0.372515419985652898E+03
    0.131302845758582487E+01    0.140634674148747331E+04   -0.458646685304218860E+01    0.372516417883759573E+03
    0.131340174649235109E+01    0.143100993670977687E+04   -0.473737664709228312E+01    0.372518236182665078E+03
    0.131352878858252375E+01    0.138127657052767290E+04   -0.458859299074333471E+01    0.372520161553641060E+03
    0.131485781783952538E+01    0.134874037430132375E+04   -0.451819925238268105E+01    0.372523015844977806E+03
    0.131563594011073981E+01    0.133464578393122656E+04   -0.464217900568401731E+01    0.372524513942044109E+03
    0.131563594011073981E+01    0.133464578393122656E+04   -0.464217900568401731E+01    0.372524513942044109E+03
    0.131502162902333319E+01    0.131023289913859026E+04   -0.445112955615276018E+01    0.372527431432483127E+03
    0.131447049046480791E+01    0.140659101761801367E+04   -0.476154064238430941E+01    0.372527963076989408E+03
    0.131308141851963978E+01    0.143432636177583618E+04   -0.462875951869918811E+01    0.372528208413910249E+03
    0.131294955478277675E+01    0.146927906470724906E+04   -0.476567997799855370E+01    0.372528497385219453E+03
    0.131294955478277675E+01    0.146927906470724906E+04   -0.476567997799855370E+01    0.372528497385219453E+03
    0.131297930018581388E+01    0.140336881762781331E+04   -0.456599117642986041E+01    0.372530678211600787E+03
    0.131649578691043634E+01    0.132315885240130228E+04   -0.461534471805610025E+01    0.372533681829347699E+03
    0.131649578691043634E+01    0.132315885240130228E+04   -0.461534471805610025E+01    0.372533681829347699E+03
    0.131347002774451216E+01    0.144364922115866875E+04   -0.468471144249680194E+01    0.372535350055604567E+03
    0.131630209407949739E+01    0.133319859215926544E+04   -0.461805085276912664E+01    0.372541121020565299E+03
    0.131307491114557795E+01    0.139925265443345029E+04   -0.457463364642029813E+01    0.372542049938052855E+03
    0.131307491114557795E+01    0.139925265443345029E+04   -0.457463364642029813E+01    0.372542049938052855E+03
    0.131391228824385919E+01    0.136454568822889428E+04   -0.450007013596591321E+01    0.372546496285877936E+03
    0.131472384885917659E+01    0.141992613643345385E+04   -0.475037296974940126E+01    0.372547120175078078E+03
    0.131472384885917659E+01    0.141992613643345385E+04   -0.475037296974940126E+01    0.372547120175078078E+03
    0.131270095946892074E+01    0.147420365041846480E+04   -0.476155440044447165E+01    0.372547574559833095E+03
    0.131270095946892074E+01    0.147420365041846480E+04   -0.476155440044447165E+01    0.372547574559833095E+03
    0.131319607239994873E+01    0.142019506107162260E+04   -0.468553147354785260E+01    0.372548627761991725E+03
    0.131297717877591924E+01    0.147119830877090453E+04   -0.477103385704576599E+01    0.372549267833745830E+03
    0.131289986864526664E+01    0.145234415615253670E+04   -0.473965770714213264E+01    0.372553735972589436E+03
    0.131408392406503638E+01    0.142823787864903193E+04   -0.469992031642710018E+01    0.372556919742805803E+03
    0.131666295806226752E+01    0.129899978877708486E+04   -0.457710488686860462E+01    0.372558746949682984E+03
    0.131594181665126198E+01    0.135024421717861514E+04   -0.463431002421283100E+01    0.372561059228988995E+03
    0.131586581558646354E+01    0.130147439618086150E+04   -0.446703054076075823E+01    0.372562809609937290E+03
    0.131586581558646354E+01    0.130147439618086150E+04   -0.446703054076075823E+01    0.372562809609937290E+03
    0.131492626252522116E+01    0.139302184123548614E+04   -0.475531668538147834E+01    0.372564684135370385E+03
    0.131626745115632282E+01    0.130216061420250912E+04   -0.457951900180537042E+01    0.372566220414053930E+03
    0.131626745115632282E+01    0.130216061420250912E+04   -0.457951900180537042E+01    0.372566220414053930E+03
    0.131450447186246500E+01    0.133917888747253824E+04   -0.447998620344292675E+01    0.372566515579270401E+03
    0.131450447186246500E+01    0.133917888747253824E+04   -0.447998620344292675E+01    0.372566515579270401E+03
    0.131382481408995844E+01    0.139042246026615112E+04   -0.456086532080668672E+01    0.372568246622288541E+03
    0.131400008978390437E+01    0.140791777527375098E+04   -0.473046060729845408E+01    0.372569639441654999E+03
    0.131357679746388767E+01    0.143957788933503366E+04   -0.468923737286970788E+01    0.372572108396609678E+03
    0.131338515310888337E+01    0.142701735963560895E+04   -0.472329989558879682E+01    0.372573283412602109E+03
    0.131338515310888337E+01    0.142701735963560895E+04   -0.472329989558879682E+01    0.372573283412602109E+03
    0.131531522112322663E+01    0.135979393992901851E+04   -0.458995192826098197E+01    0.372573556652156867E+03
    0.131517114107093969E+01    0.132311165346470830E+04   -0.446901304386757747E+01    0.372575012906731331E+03
    0.131350988667978608E+01    0.137799696937421777E+04   -0.456207777271216219E+01    0.372575407307820342E+03
    0.131350988667978608E+01    0.137799696937421777E+04   -0.456207777271216219E+01    0.372575407307820342E+03
    0.131320823360553840E+01    0.139152042119990710E+04   -0.457064618833996938E+01    0.372576440021630106E+03
    0.131273665566417574E+01    0.144489077873927840E+04   -0.464323996802616712E+01    0.372579081140469839E+03
    0.131495085473286388E+01    0.140846944968542221E+04   -0.473681113215389349E+01    0.372582346668327602E+03
    0.131470735430223007E+01    0.132632609797955820E+04   -0.450929692424010753E+01    0.372583616313657330E+03
    0.131563812508771605E+01    0.129072524068729990E+04   -0.445416112897826277E+01    0.372585404177302053E+03
    0.131563812508771605E+01    0.129072524068729990E+04   -0.445416112897826277E+01    0.372585404177302053E+03
    0.131429342397810545E+01    0.136518088044962360E+04   -0.453289071376247232E+01    0.372586113533865898E+03
    0.131572423390922832E+01    0.133294612273942289E+04   -0.454127073774052548E+01    0.372592170110510153E+03
    0.131573568031378674E+01    0.135307651359754368E+04   -0.461061299857981055E+01    0.372593088791917580E+03
    0.131358741809328960E+01    0.143018503886249482E+04   -0.474917802855842730E+01    0.372593386715227552E+03
    0.131641039395711168E+01    0.127970448570124427E+04   -0.447296493598338252E+01    0.372593596322271765E+03
    0.131664928866637720E+01    0.129443493576952756E+04   -0.456792841856467469E+01    0.372595325027934109E+03
    0.131664928866637720E+01    0.129443493576952756E+04   -0.456792841856467469E+01    0.372595325027934109E+03
    0.131391732134187622E+01    0.135436425292119065E+04   -0.451037719113934443E+01    0.372595450176885720E+03
    0.131419929957405834E+01    0.143415607950864501E+04   -0.479313798009226932E+01    0.372599986099401008E+03
    0.131545093371636046E+01    0.133667856904543009E+04   -0.453706859303747922E+01    0.372601091631166696E+03
    0.131448756370305420E+01    0.141219352664279586E+04   -0.477179972871145175E+01    0.372601105249076113E+03
    0.131453716217811967E+01    0.139967326908081759E+04   -0.464398401499054092E+01    0.372602755810545204E+03
    0.131629137487844239E+01    0.129930510796768021E+04   -0.450661504061436702E+01    0.372605813376999606E+03
    0.131320331691558967E+01    0.144934492982019378E+04   -0.475742427801780288E+01    0.372607128345834042E+03
    0.131468493974498868E+01    0.141103408225396288E+04   -0.477659046614292837E+01    0.372619309023318920E+03
    0.131416590135137890E+01    0.141821978940772919E+04   -0.467415612473211173E+01    0.372626860928237363E+03
    0.131636756691072887E+01    0.128634645620221113E+04   -0.449119230942241554E+01    0.372628031099216855E+03
    0.131387779766287616E+01    0.138644731582394297E+04   -0.456217627984348173E+01    0.372629749547990627E+03
    0.131387779766287616E+01    0.138644731582394297E+04   -0.456217627984348173E+01    0.372629749547990627E+03
    0.131363690795472055E+01    0.143240281377476117E+04   -0.466648332015236367E+01    0.372630350325311952E+03
    0.131505886259804572E+01    0.137979371540414922E+04   -0.463153063293189149E+01    0.372631866143072330E+03
    0.131470743485284003E+01    0.138738840994603015E+04   -0.472909471347881638E+01    0.372632627537000815E+03
    0.131470743485284003E+01    0.138738840994603015E+04   -0.472909471347881638E+01    0.372632627537000815E+03
    0.131428255073210809E+01    0.141827833417926422E+04   -0.477010395132881282E+01    0.372633994770549805E+03
    0.131294915057020467E+01    0.146145190961754156E+04   -0.471543694012506531E+01    0.372634954579144221E+03
    0.131386546509096203E+01    0.136565425629133142E+04   -0.456474413606274076E+01    0.372635254740314281E+03
    0.131305816943291420E+01    0.140276813722018869E+04   -0.456862235305378306E+01    0.372635545931615297E+03
    0.131604748820581285E+01    0.128664567534648677E+04   -0.446709582720684040E+01    0.372637452199479696E+03
    0.131324416476270245E+01    0.145565102074346305E+04   -0.473524357415354036E+01    0.372638821688033033E+03
    0.131526659033163473E+01    0.131188573733921748E+04   -0.445578442018293330E+01    0.372640399032667574E+03
    0.131526659033163473E+01    0.131188573733921748E+04   -0.445578442018293330E+01    0.372640399032667574E+03
    0.131438148641921626E+01    0.138315171318957482E+04   -0.468954472331062089E+01    0.372640645447276142E+03
    0.131343590631663520E+01    0.140708566478862167E+04   -0.459167058266832839E+01    0.372644436423352772E+03
    0.131474168953104842E+01    0.132510749541573909E+04   -0.450022663460648698E+01    0.372649652225526040E+03
    0.131337349613107257E+01    0.143826206357751380E+04   -0.474680464811335323E+01    0.372649822292617159E+03
    0.131598617246381644E+01    0.135015519374481391E+04   -0.464771346336871094E+01    0.372650373111864837E+03
    0.131566312198173319E+01    0.130723211240856881E+04   -0.447702103406866136E+01    0.372650568100628618E+03
    0.131572476601970889E+01    0.130715042461649750E+04   -0.455212526858342237E+01    0.372651055748501847E+03
    0.131572476601970889E+01    0.130715042461649750E+04   -0.455212526858342237E+01    0.372651055748501847E+03
    0.131328580151111884E+01    0.144149140955021835E+04   -0.474763460665950721E+01    0.372652984453945123E+03
    0.131328580151111884E+01    0.144149140955021835E+04   -0.474763460665950721E+01    0.372652984453945123E+03
    0.131302469511077713E+01    0.140918016895523351E+04   -0.458993585075669674E+01    0.372653757961584688E+03
    0.131402611533445191E+01    0.138647827790597398E+04   -0.466852898114994819E+01    0.372654687375979108E+03
    0.131280947493675004E+01    0.144795000382399735E+04   -0.467690708094332841E+01    0.372656690782704572E+03
    0.131470265351082660E+01    0.137089995418091621E+04   -0.456824356772896589E+01    0.372656948659321529E+03
    0.131616608641612820E+01    0.132907781041812609E+04   -0.464914264026753443E+01    0.372658553504138695E+03
    0.131589697443847142E+01    0.133770704230516230E+04   -0.458850300460359684E+01    0.372658850390787961E+03
    0.131589697443847142E+01    0.133770704230516230E+04   -0.458850300460359684E+01    0.372658850390787961E+03
    0.131414867857992212E+01    0.144142745566594704E+04   -0.478022550846508576E+01    0.372662582317429042E+03
    0.131660055236495044E+01    0.130291175244591295E+04   -0.456132953613021463E+01    0.372665326479134421E+03
    0.131287196460261568E+01    0.146334612455490196E+04   -0.471349553363303908E+01    0.372665785205258715E+03
    0.131592827955720870E+01    0.129307992898581506E+04   -0.445516541576756175E+01    0.372667470444481978E+03
    0.131509063700475837E+01    0.138035426991386157E+04   -0.463718516594060315E+01    0.372669085060607358E+03
    0.131531691797908556E+01    0.137470204957896999E+04   -0.472763367072473084E+01    0.372669654311721729E+03
    0.131531691797908556E+01    0.137470204957896999E+04   -0.472763367072473084E+01    0.372669654311721729E+03
    0.131613213411560515E+01    0.128978238281052541E+04   -0.451584232280602205E+01    0.372671506185249086E+03
    0.131609705538613553E+01    0.129784918540726130E+04   -0.454738846456024604E+01    0.372673300329085635E+03
    0.131365408742449352E+01    0.137751663892575039E+04   -0.453837029900416677E+01    0.372673530492245277E+03
    0.131573683959548404E+01    0.129426700232099802E+04   -0.444501748237870054E+01    0.372674300931383527E+03
    0.131400764415413063E+01    0.139630047394562280E+04   -0.469782610269836010E+01    0.372674809107459282E+03
    0.131308981748222342E+01    0.141090290595333840E+04   -0.458554809476422243E+01    0.372675913892768165E+03
    0.131451283907626881E+01    0.134380694102966891E+04   -0.456064977921844328E+01    0.372676691690280904E+03
    0.131289432952000706E+01    0.144542395471020927E+04   -0.468143100967077608E+01    0.372677820954226263E+03
    0.131289944440033279E+01    0.144379423037178321E+04   -0.465243424460761457E+01    0.372678907807856660E+03
    0.131630781799623975E+01    0.130964453125636010E+04   -0.454354105286837839E+01    0.372679874294457420E+03
    0.131600253657098754E+01    0.129362717532554007E+04   -0.451953833535695004E+01    0.372684032613783074E+03
    0.131534461804037228E+01    0.130159942877951380E+04   -0.445856320062554090E+01    0.372684454186129869E+03
    0.131633907708973541E+01    0.130761049018566791E+04   -0.459462980085790562E+01    0.372684875344896000E+03
    0.131531506459725289E+01    0.130262729261542404E+04   -0.446886040929796113E+01    0.372686862653663411E+03
    0.131364511795224836E+01    0.139334027850497478E+04   -0.455764769992368279E+01    0.372689051159243434E+03
    0.131398170552343863E+01    0.143622810295716226E+04   -0.473129943008324538E+01    0.372689477454635153E+03
    0.131514058662467970E+01    0.130930670372492159E+04   -0.447262206502004300E+01    0.372690179779432356E+03
    0.131409726347966660E+01    0.143968560296193505E+04   -0.478262569739894339E+01    0.372690285563174371E+03
    0.131421389897108876E+01    0.136119745388469619E+04   -0.459475108398980048E+01    0.372690455313400207E+03
    0.131483628917789819E+01    0.140928524283199727E+04   -0.472284279410618968E+01    0.372692645718151880E+03
    0.131466662750337560E+01    0.142269533376066079E+04   -0.475846303198927956E+01    0.372692653553203115E+03
    0.131304985574617739E+01    0.140814791533114953E+04   -0.460505913351425455E+01    0.372696148328790287E+03
    0.131399914402962992E+01    0.137932973634282553E+04   -0.454793463033066114E+01    0.372696558219906365E+03
    0.131343939988690117E+01    0.143118332107094125E+04   -0.465206197712465208E+01    0.372697696611244794E+03
    0.131377169572876573E+01    0.140982663462980872E+04   -0.461413795160160412E+01    0.372698430689955444E+03
    0.131377169572876573E+01    0.140982663462980872E+04   -0.461413795160160412E+01    0.372698430689955444E+03
    0.131403074477489024E+01    0.143801375406778902E+04   -0.478091990432081992E+01    0.372698989968191540E+03
    0.131624567039814444E+01    0.132876966150817316E+04   -0.464418878809812607E+01    0.372699933656253620E+03
    0.131548518647834678E+01    0.132600551813292600E+04   -0.459974007242403005E+01    0.372700036441377733E+03
    0.131380606372333153E+01    0.138042921167725308E+04   -0.454057801498676472E+01    0.372700289158642249E+03
    0.131329045183423276E+01    0.139756768107125208E+04   -0.461291825956734680E+01    0.372700636286801455E+03
    0.131287065754056154E+01    0.142717688962206762E+04   -0.464063504013241079E+01    0.372703242673281636E+03
    0.131573565582445884E+01    0.131147726085140243E+04   -0.448699386316724791E+01    0.372706542205894095E+03
    0.131573565582445884E+01    0.131147726085140243E+04   -0.448699386316724791E+01    0.372706542205894095E+03
    0.131457568585971440E+01    0.137472032163839253E+04   -0.467802868988232845E+01    0.372706731313457794E+03
    0.131378565222269117E+01    0.145344798623418842E+04   -0.478000813233281185E+01    0.372708316155532827E+03
    0.131490272990458590E+01    0.140973834351089681E+04   -0.476742304271446926E+01    0.372708624874095619E+03
    0.131302124029901890E+01    0.142175383518849139E+04   -0.460654999319687430E+01    0.372709031769961939E+03
    0.131623940849588372E+01    0.132625449923312044E+04   -0.463729535872104837E+01    0.372709959969789452E+03
    0.131623940849588372E+01    0.132625449923312044E+04   -0.463729535872104837E+01    0.372709959969789452E+03
    0.131329265644061333E+01    0.146026348424686398E+04   -0.475181365672183720E+01    0.372714293134470154E+03
    0.131504760179271551E+01    0.131618436647754811E+04   -0.447506321815551278E+01    0.372716035684964027E+03
    0.131277018338797147E+01    0.146121691094711241E+04   -0.473050166968490071E+01    0.372717190003325868E+03
    0.131479751709358750E+01    0.141112315471842930E+04   -0.472203308045864034E+01    0.372726008346029857E+03
    0.131479751709358750E+01    0.141112315471842930E+04   -0.472203308045864034E+01    0.372726008346029857E+03
    0.131513501656473686E+01    0.137732421811700033E+04   -0.472526600697708510E+01    0.372730146532162280E+03
    0.131319122863513837E+01    0.145641631491276189E+04   -0.474332033696047795E+01    0.372730168657646118E+03
    0.131330923760754192E+01    0.139783996619765253E+04   -0.457184188323667673E+01    0.372730295767236157E+03
    0.131490949835764437E+01    0.140762738562448385E+04   -0.473766879934970575E+01    0.372733065496880045E+03
    0.131355297543886418E+01    0.143394457644362137E+04   -0.466481579223030707E+01    0.372735365415853948E+03
    0.131336495193660019E+01    0.141469557116124565E+04   -0.459612373226055571E+01    0.372736124336183536E+03
    0.131542617999838418E+01    0.132574945837614814E+04   -0.459220364921607427E+01    0.372737383544022009E+03
    0.131606607373647311E+01    0.131904984656473516E+04   -0.461547487346927099E+01    0.372740484685558840E+03
    0.131389763826350281E+01    0.136035793520817811E+04   -0.452704679542897281E+01    0.372742682977272239E+03
    0.131624464874572533E+01    0.133389695866082297E+04   -0.462306578404081137E+01    0.372746320284358717E+03
    0.131546480011164824E+01    0.138181553421862736E+04   -0.473520692841361068E+01    0.372747148408964279E+03
    0.131462063680889463E+01    0.133025310297733085E+04   -0.448228459015164127E+01    0.372750555619125123E+03
    0.131540111886518107E+01    0.130254333498234064E+04   -0.445555068715658642E+01    0.372750665416058212E+03
    0.131293430638380304E+01    0.143105316843961259E+04   -0.463036521063007989E+01    0.372750756138752251E+03
    0.131293430638380304E+01    0.143105316843961259E+04   -0.463036521063007989E+01    0.372750756138752251E+03
    0.131545683325546436E+01    0.132097747654516479E+04   -0.457494262729930057E+01    0.372751447765010312E+03
    0.131290011354910563E+01    0.146338779874529996E+04   -0.475137407595093197E+01    0.372752345221123278E+03
    0.131280135598736170E+01    0.144820742023418188E+04   -0.468910974999328101E+01    0.372752527547089016E+03
    0.131314530272408403E+01    0.141702266251607216E+04   -0.465899385615313300E+01    0.372752669328890647E+03
    0.131318040300712680E+01    0.141006566595370123E+04   -0.464233674337770008E+01    0.372754568543628807E+03
    0.131354171922781182E+01    0.142005431167225743E+04   -0.462967897631840675E+01    0.372755177486455977E+03
    0.131328012763357505E+01    0.139436751529213689E+04   -0.455433867183237950E+01    0.372755701884198800E+03
    0.131653613358603838E+01    0.130217360918442682E+04   -0.457197422964843092E+01    0.372759528277657239E+03
    0.131361986592414537E+01    0.138147783205433007E+04   -0.453951834163147616E+01    0.372762192972555681E+03
    0.131323167137234820E+01    0.140738719395986891E+04   -0.463808655423986949E+01    0.372763174283384728E+03
    0.131512156358598631E+01    0.134620882886234403E+04   -0.454199848252123495E+01    0.372766985779377194E+03
    0.131485397478494592E+01    0.137933525067528217E+04   -0.461318817633449552E+01    0.372769288446704024E+03
    0.131284342245909702E+01    0.144165500931782981E+04   -0.465507578953784051E+01    0.372771386776453824E+03
    0.131466261222733016E+01    0.136566175784520851E+04   -0.465859555565119976E+01    0.372773587324773132E+03
    0.131297228089903029E+01    0.142012209223241234E+04   -0.461231039744227100E+01    0.372773841661395522E+03
    0.131352565380984143E+01    0.143668702026546407E+04   -0.475015818101794096E+01    0.372775706540232363E+03
    0.131614216781366622E+01    0.129169451956859984E+04   -0.451832451857256778E+01    0.372776576496046118E+03
    0.131413216009021538E+01    0.142514461670717355E+04   -0.476605691017169608E+01    0.372779635457702568E+03
    0.131314355580335507E+01    0.142547204290712352E+04   -0.468268832903639165E+01    0.372780208463556733E+03
    0.131471467961084487E+01    0.133986906938503398E+04   -0.449489079243999878E+01    0.372780366951774681E+03
    0.131408766549163158E+01    0.138621886746978771E+04   -0.467041922427518230E+01    0.372780665055616964E+03
    0.131408766549163158E+01    0.138621886746978771E+04   -0.467041922427518230E+01    0.372780665055616964E+03
    0.131567260428046873E+01    0.130377242854779456E+04   -0.452445384342950785E+01    0.372781558512230504E+03
    0.131457828122440512E+01    0.139576385286818095E+04   -0.464675182308483592E+01    0.372781615845166812E+03
    0.131528712778661405E+01    0.136303829627825007E+04   -0.469467288456207932E+01    0.372781779142219193E+03
    0.131528712778661405E+01    0.136303829627825007E+04   -0.469467288456207932E+01    0.372781779142219193E+03
    0.131495318031834696E+01    0.133921414602895766E+04   -0.450707556979016921E+01    0.372783390633210217E+03
    0.131577089892150734E+01    0.135522702165429405E+04   -0.465064544306321004E+01    0.372784806114564958E+03
    0.131345521169705437E+01    0.144837393754124469E+04   -0.476429861009372146E+01    0.372786916216080272E+03
    0.131341592898249027E+01    0.141240286783514557E+04   -0.468031228874663885E+01    0.372791521862319087E+03
    0.131464630370132118E+01    0.133636090587908529E+04   -0.454086460253824509E+01    0.372794719219352601E+03
    0.131627777308099025E+01    0.129948384748655599E+04   -0.455827223425424233E+01    0.372796283767707507E+03
    0.131513677322605282E+01    0.137078076101456236E+04   -0.470647566320927080E+01    0.372798962791965323E+03
    0.131296002253911070E+01    0.143556627879371126E+04   -0.466443350987008998E+01    0.372799044488594006E+03
    0.131631717757334998E+01    0.128955618312484398E+04   -0.450211500444583290E+01    0.372801304125991578E+03
    0.131500845952767076E+01    0.131902678970485704E+04   -0.450652910475685342E+01    0.372803114144861752E+03
    0.131506174056105385E+01    0.138198967379796022E+04   -0.464081150539813692E+01    0.372803894130260915E+03
    0.131584884377927391E+01    0.132792402312328500E+04   -0.462819237034150799E+01    0.372805161528643055E+03
    0.131566367642337756E+01    0.130258697311597325E+04   -0.451664738707391766E+01    0.372806926824808841E+03
    0.131437796313862032E+01    0.141430626742472555E+04   -0.476431761234088569E+01    0.372807365092911823E+03
    0.131620359879366466E+01    0.130140676634181682E+04   -0.450915354826145975E+01    0.372808712323987493E+03
    0.131436975980527393E+01    0.142549114606347507E+04   -0.475697741029317278E+01    0.372812719603464075E+03
    0.131650976086804916E+01    0.129380277173278841E+04   -0.452672215785632037E+01    0.372813215869743487E+03
    0.131278146302647780E+01    0.143282669725871438E+04   -0.463850432842667360E+01    0.372813950970598853E+03
    0.131386182574418964E+01    0.136789175423342795E+04   -0.453262014774612165E+01    0.372814977177697756E+03
    0.131505193435626944E+01    0.131362677560990710E+04   -0.447468349634444174E+01    0.372816066268170289E+03
    0.131505193435626944E+01    0.131362677560990710E+04   -0.447468349634444174E+01    0.372816066268170289E+03
    0.131487742813780195E+01    0.140295451352867804E+04   -0.469629248613391237E+01    0.372818659886367072E+03
    0.131387617416000002E+01    0.137320252075505368E+04   -0.452749294804546309E+01    0.372819754699650787E+03
    0.131315444948853632E+01    0.144552547437865496E+04   -0.470029632423661603E+01    0.372819865858735170E+03
    0.131568216300398766E+01    0.130958763682762947E+04   -0.454954608456950016E+01    0.372820370271350214E+03
    0.131612405663346199E+01    0.129661081328782302E+04   -0.450217773811628241E+01    0.372820862996916276E+03
    0.131623513443203022E+01    0.132213963489213347E+04   -0.457975624786122459E+01    0.372823127956955886E+03
    0.131541393081982294E+01    0.136115279436240826E+04   -0.461065670238519321E+01    0.372823136401616580E+03
    0.131607266516148780E+01    0.129011092036768696E+04   -0.449484051829988651E+01    0.372823810534823906E+03
    0.131285905271827952E+01    0.145057579669236793E+04   -0.468965269919965166E+01    0.372829601239174508E+03
    0.131334058434290402E+01    0.143020806804387644E+04   -0.471942786239504120E+01    0.372829798703265737E+03
    0.131432508692179351E+01    0.142773091720337106E+04   -0.476731017798882029E+01    0.372832254701852094E+03
    0.131540942513485604E+01    0.130758392025197031E+04   -0.450439883776200034E+01    0.372832436712361300E+03
    0.131530134353168160E+01    0.131027378928076541E+04   -0.446980336125305566E+01    0.372833009497548119E+03
    0.131448425144483250E+01    0.137453579222643521E+04   -0.456047032141464292E+01    0.372838523379341950E+03
    0.131434363715405356E+01    0.142692245882508951E+04   -0.476007519526693113E+01    0.372842277111270676E+03
    0.131594978157019415E+01    0.129136063709124028E+04   -0.448434874499227831E+01    0.372842861618236611E+03
    0.131431189618153565E+01    0.142926493270484411E+04   -0.476906424069882373E+01    0.372845660196892368E+03
    0.131572920309136920E+01    0.136288928596166716E+04   -0.466279547566219055E+01    0.372851992726879246E+03
    0.131450263765356867E+01    0.137756584631872192E+04   -0.458248840686284087E+01    0.372854034065212772E+03
    0.131502518059841433E+01    0.139699760807585108E+04   -0.470958117797830145E+01    0.372854102995561391E+03
    0.131296706886305437E+01    0.143158130770608363E+04   -0.463628917612118485E+01    0.372856948577858475E+03
    0.131618412582395039E+01    0.130720136329082516E+04   -0.453602288643419183E+01    0.372857847932158052E+03
    0.131277778862670402E+01    0.145411616734145400E+04   -0.468817583131148652E+01    0.372859531414695084E+03
    0.131604023489722644E+01    0.129247469001313061E+04   -0.450478220456264822E+01    0.372860869909992175E+03
    0.131570120968638493E+01    0.131034086558368267E+04   -0.449022967156130104E+01    0.372861083423001617E+03
    0.131536865011098314E+01    0.131015140951250692E+04   -0.451152293954038441E+01    0.372865038172529012E+03
    0.131619442532741782E+01    0.130971497364660581E+04   -0.453943816756536922E+01    0.372868396713188133E+03
    0.131352048084344797E+01    0.144462923899874454E+04   -0.470175371861417446E+01    0.372872885646992586E+03
    0.131370270169155723E+01    0.137331783368963784E+04   -0.453341140857382729E+01    0.372877089178920528E+03
    0.131409821704843432E+01    0.137637315835381628E+04   -0.455674650628682887E+01    0.372879152362032812E+03
    0.131469233607176550E+01    0.136749183822476516E+04   -0.456927974415963867E+01    0.372881752145456630E+03
    0.131428097602209593E+01    0.138646792961150391E+04   -0.459403827728008007E+01    0.372882202416406756E+03
    0.131382370458174647E+01    0.144340187114487958E+04   -0.473328345667831663E+01    0.372882455926226783E+03
    0.131505068835818673E+01    0.140425038661221265E+04   -0.473845535913646110E+01    0.372884772030633258E+03
    0.131445292680177728E+01    0.136075254556929440E+04   -0.461519367502894085E+01    0.372885002049736954E+03
    0.131281740745890185E+01    0.144133295006286539E+04   -0.467164013081497043E+01    0.372889185853915251E+03
    0.131572085030470309E+01    0.136095770259784467E+04   -0.465991080865623708E+01    0.372892798223893010E+03
    0.131298017121927146E+01    0.144465737984164934E+04   -0.471717221848873169E+01    0.372893506605251503E+03
    0.131424717037690186E+01    0.139676025448640257E+04   -0.471378226043538717E+01    0.372895023284228387E+03
    0.131321172074332271E+01    0.140845290413616658E+04   -0.463123923269306648E+01    0.372895695647639570E+03
    0.131326468502763927E+01    0.144023253121595121E+04   -0.473261837481802328E+01    0.372896396404983989E+03
    0.131630401100710737E+01    0.129945993872799272E+04   -0.453132469835765050E+01    0.372899530853892998E+03
    0.131376888108043710E+01    0.141514562406819095E+04   -0.464472012549267443E+01    0.372901627504118096E+03
    0.131437923551735003E+01    0.136171123438962059E+04   -0.460955541715524042E+01    0.372901687307896964E+03
    0.131329834762156228E+01    0.143341238027261193E+04   -0.465189964948975820E+01    0.372903999224720678E+03
    0.131526966580524762E+01    0.138618473217396513E+04   -0.472700201627789340E+01    0.372904807880454882E+03
    0.131365490954855968E+01    0.142632839714421038E+04   -0.473403123924302971E+01    0.372906160540011058E+03
    0.131341337342527154E+01    0.145170995935160045E+04   -0.476234644636849858E+01    0.372909037381480744E+03
    0.131374538945483943E+01    0.137562134913392538E+04   -0.457133868787911446E+01    0.372909039677704641E+03
    0.131329060422850641E+01    0.140968315344882922E+04   -0.459835601390427318E+01    0.372911882507303858E+03
    0.131379893552302618E+01    0.142822192579555531E+04   -0.468409477417151443E+01    0.372913492062092132E+03
    0.131487938896727652E+01    0.135774857806895261E+04   -0.455692720480650770E+01    0.372914987344847930E+03
    0.131342826692849357E+01    0.142117179145582418E+04   -0.470216577523246926E+01    0.372916913093500966E+03
    0.131533073295917147E+01    0.131016430025056025E+04   -0.449911275872598093E+01    0.372920570285216968E+03
    0.131462750818005336E+01    0.133264028522477247E+04   -0.449117520830242523E+01    0.372920710838183766E+03
    0.131434924632207539E+01    0.134667649667841761E+04   -0.452314007809606533E+01    0.372921327155318750E+03
    0.131490386509079293E+01    0.136966340101527749E+04   -0.459102308350437216E+01    0.372922072978317772E+03
    0.131576752140645903E+01    0.131053479304355869E+04   -0.449846554989618852E+01    0.372922571335064845E+03
    0.131571224586536761E+01    0.131087279761476884E+04   -0.449434484907597742E+01    0.372924597635811722E+03
    0.131460558533202576E+01    0.141395165816250596E+04   -0.470750265215149000E+01    0.372926292267418091E+03
    0.131525298796704204E+01    0.138690421771188585E+04   -0.472701379451805526E+01    0.372930726026104821E+03
    0.131458584021643032E+01    0.133749428035124629E+04   -0.452380561737320441E+01    0.372931987105637518E+03
    0.131412017883057586E+01    0.141993157024100242E+04   -0.475458684442056700E+01    0.372933046167340933E+03
    0.131364829096579205E+01    0.137999225160601031E+04   -0.457911659662857495E+01    0.372934972924589772E+03
    0.131557271495733685E+01    0.137139564999700588E+04   -0.470757936733821492E+01    0.372935216274954712E+03
    0.131614389805801379E+01    0.132842019858053959E+04   -0.461263248622393363E+01    0.372937837852048801E+03
    0.131517358384889449E+01    0.139120873657223638E+04   -0.474084394908599549E+01    0.372938675213519161E+03
    0.131592707638298356E+01    0.131342550989828806E+04   -0.451531671789425726E+01    0.372939185818195597E+03
    0.131475211077589060E+01    0.138638234863487014E+04   -0.472021472214572579E+01    0.372939521928704266E+03
    0.131456695744161300E+01    0.136902174126683235E+04   -0.465463797686741731E+01    0.372941501400699281E+03
    0.131348913689154689E+01    0.139719945922221768E+04   -0.458266564993501735E+01    0.372941869025314134E+03
    0.131338686599879573E+01    0.144793388806363168E+04   -0.474536385895946822E+01    0.372942566378110826E+03
    0.131561958741902707E+01    0.130143749578456141E+04   -0.448614445463818790E+01    0.372943115222736822E+03
    0.131503318517932599E+01    0.132267262195481680E+04   -0.447929616639631778E+01    0.372946227887235580E+03
    0.131444648028770006E+01    0.142175718420712838E+04   -0.476762288746102136E+01    0.372946577533949949E+03
    0.131444567571300208E+01    0.141767972533494185E+04   -0.471966719566119508E+01    0.372947718082294273E+03
    0.131352518170761634E+01    0.139226738128575016E+04   -0.461715537552043465E+01    0.372947962323987667E+03
    0.131438693165255649E+01    0.141214688224073939E+04   -0.467767244346545930E+01    0.372948099141281716E+03
    0.131604606851668837E+01    0.131439933562192891E+04   -0.452949107187640720E+01    0.372949355809321787E+03
    0.131619569132543068E+01    0.130225115170362915E+04   -0.451879296669730390E+01    0.372953400298109898E+03
    0.131429183574034059E+01    0.138883805615505389E+04   -0.459955697926644902E+01    0.372954596374394157E+03
    0.131568631681182557E+01    0.130449790781996467E+04   -0.451906165000079341E+01    0.372957833777480005E+03
    0.131341567214344446E+01    0.143357247694548641E+04   -0.466147392152714257E+01    0.372958355289945871E+03
    0.131482449894274800E+01    0.133258818534037528E+04   -0.454048841189226504E+01    0.372959483121039568E+03
    0.131591469333607614E+01    0.129959211485697642E+04   -0.451681205299722244E+01    0.372961329475384787E+03
    0.131597111639821485E+01    0.129998264093896069E+04   -0.452514307690807982E+01    0.372963002108724424E+03
    0.131294370785380621E+01    0.143990443041722165E+04   -0.467563521029836160E+01    0.372964892901363385E+03
    0.131594412723023568E+01    0.133508377189732823E+04   -0.460933810158516799E+01    0.372965165125294106E+03
    0.131478104495143544E+01    0.133197677437941411E+04   -0.448931555990716546E+01    0.372966949832091359E+03
    0.131399576567399978E+01    0.141629692885686472E+04   -0.473670410664902963E+01    0.372967086686711241E+03
    0.131577665084427475E+01    0.133483005803241031E+04   -0.456231440226170992E+01    0.372967266357194660E+03
    0.131627274955760121E+01    0.131013612034904372E+04   -0.456377748246433423E+01    0.372967302363420004E+03
    0.131366803025218415E+01    0.137917932899259949E+04   -0.455769647067201511E+01    0.372967645517367259E+03
    0.131479074356692349E+01    0.136034809287737767E+04   -0.455447757677083320E+01    0.372969001840455348E+03
    0.131427047434501243E+01    0.135569182722894175E+04   -0.456548529437986161E+01    0.372969341179969092E+03
    0.131523027476571874E+01    0.138733789343377634E+04   -0.471215024609857469E+01    0.372969589660208783E+03
    0.131595269598830522E+01    0.130676340654084106E+04   -0.451823027855346027E+01    0.372971358604676084E+03
    0.131536084737511683E+01    0.131996541065793144E+04   -0.449458247269082101E+01    0.372972224026495780E+03
    0.131495758658215234E+01    0.133127279039237783E+04   -0.449408532179371889E+01    0.372974998314235677E+03
    0.131623318052959770E+01    0.132382961624708423E+04   -0.461396751367965940E+01    0.372975358808490114E+03
    0.131553865579695106E+01    0.136972284974596732E+04   -0.467580550857557853E+01    0.372975822064839633E+03
    0.131524991963446802E+01    0.135164683583250735E+04   -0.456620242604831894E+01    0.372976623642868958E+03
    0.131372023047527708E+01    0.137748097236836202E+04   -0.456208208992520259E+01    0.372978072336506330E+03
    0.131533280775196082E+01    0.134349194665961022E+04   -0.463422766339469661E+01    0.372979477481499202E+03
    0.131567281864690111E+01    0.132948460181926225E+04   -0.461462266173760494E+01    0.372979561666577411E+03
    0.131371071075065760E+01    0.143774191454833795E+04   -0.475376564067573071E+01    0.372981873828111361E+03
    0.131333079175564293E+01    0.142810196587731434E+04   -0.465368285705365015E+01    0.372984235528935244E+03
    0.131585731599232969E+01    0.130207820915050615E+04   -0.448917116439543840E+01    0.372984700504542502E+03
    0.131510619158354070E+01    0.135570771023544808E+04   -0.465718084939649746E+01    0.372986390331180985E+03
    0.131437355656590094E+01    0.142423136545572061E+04   -0.472314817291633116E+01    0.372986851203702429E+03
    0.131436591719320006E+01    0.138518046298672903E+04   -0.468722127411329925E+01    0.372987131384339364E+03
    0.131483506731737942E+01    0.134490843224735181E+04   -0.451041055464457674E+01    0.372987335863298313E+03
    0.131322729593555287E+01    0.144133689942644151E+04   -0.468117544481404391E+01    0.372989347757682708E+03
    0.131518524097718315E+01    0.135593220105263549E+04   -0.466331072552821979E+01    0.372989936228590750E+03
    0.131599287218453376E+01    0.133949380850810621E+04   -0.463009864816905736E+01    0.372990433094189143E+03
    0.131517138923819688E+01    0.133012615945306129E+04   -0.450547311901787495E+01    0.372992789122964496E+03
    0.131524015080412804E+01    0.137761539577422400E+04   -0.471806850993760563E+01    0.372995822001062038E+03
    0.131512480233696127E+01    0.139420649206489679E+04   -0.474340097483863499E+01    0.372996347884430747E+03
    0.131490272842854417E+01    0.133433840100158613E+04   -0.449247107467651929E+01    0.372997020166283505E+03
    0.131498537239701663E+01    0.140321798995155336E+04   -0.472789572950118142E+01    0.372997338396272880E+03
    0.131564870772099307E+01    0.135396737695958018E+04   -0.461617614552286692E+01    0.372997773154815434E+03
    0.131523375725280256E+01    0.137517383184534674E+04   -0.465911750499846011E+01    0.373000992330772988E+03
    0.131472907587623933E+01    0.139610304946610268E+04   -0.467135261382021394E+01    0.373002340205516134E+03
    0.131365050151664509E+01    0.143808729377768805E+04   -0.475030528164554156E+01    0.373003058642167730E+03
    0.131487142106607169E+01    0.134950505590786634E+04   -0.453411781093569743E+01    0.373003643847031185E+03
    0.131365299308241745E+01    0.140784158483590932E+04   -0.468459032645199169E+01    0.373005282475439799E+03
    0.131406844891524122E+01    0.140062418375633001E+04   -0.461541109442124764E+01    0.373006773440201073E+03
    0.131406250062189045E+01    0.137493598123833135E+04   -0.454061290696944209E+01    0.373007551276115862E+03
    0.131632705704349307E+01    0.130476228660503239E+04   -0.455947304981498824E+01    0.373008168528982310E+03
    0.131360281846266091E+01    0.143933103463348243E+04   -0.470991845990046087E+01    0.373011008015414404E+03
    0.131495889394129062E+01    0.137142665113058843E+04   -0.469040954179247827E+01    0.373013032050220772E+03
    0.131423739922124838E+01    0.142264100806235479E+04   -0.476260510799416270E+01    0.373013750601693630E+03
    0.131432041131472799E+01    0.136995971010154017E+04   -0.455081147439863987E+01    0.373013887570151667E+03
    0.131429804670603612E+01    0.136070795898536267E+04   -0.459130313866951578E+01    0.373015214341180013E+03
    0.131443579331008586E+01    0.141453645603118161E+04   -0.468983134580006400E+01    0.373015415466400214E+03
    0.131578283976160804E+01    0.130557894445639340E+04   -0.451647331633079041E+01    0.373017022660537123E+03
    0.131371365765158399E+01    0.143446265372427843E+04   -0.475480899387793965E+01    0.373018244432025142E+03
    0.131482618118760519E+01    0.139411442757894429E+04   -0.466004489354264706E+01    0.373018936777833972E+03
    0.131534766879939413E+01    0.131380084959755186E+04   -0.451745809992241298E+01    0.373021427570178389E+03
    0.131591734833724106E+01    0.131659534785703818E+04   -0.458404638745005144E+01    0.373021451300840397E+03
    0.131340004846817315E+01    0.139881889538305359E+04   -0.458707340706131284E+01    0.373021676470979344E+03
    0.131550721514642355E+01    0.131587076199022931E+04   -0.454620331070911199E+01    0.373022101523316053E+03
    0.131541126473529868E+01    0.135475533872498863E+04   -0.458868567467425859E+01    0.373023196189385033E+03
    0.131498371503725608E+01    0.140049828626950853E+04   -0.472319235734352727E+01    0.373023790438250103E+03
    0.131435074187068968E+01    0.135291142425358930E+04   -0.451216284170323423E+01    0.373025173908954343E+03
    0.131364401228919236E+01    0.138524215308274506E+04   -0.459256695439521589E+01    0.373028029603675463E+03
    0.131522715391117795E+01    0.132209078098705095E+04   -0.454179370977735974E+01    0.373029295955010411E+03
    0.131324842484767057E+01    0.143634217034612288E+04   -0.470788012813916179E+01    0.373030495090599800E+03
    0.131296355267837073E+01    0.145435518073496655E+04   -0.472311049436139285E+01    0.373030986403562508E+03
    0.131415608198024225E+01    0.138194866708423160E+04   -0.456835986972171604E+01    0.373031459496681009E+03
    0.131563462078156057E+01    0.134605827183730707E+04   -0.460391036795577069E+01    0.373031969493426402E+03
    0.131412894502268229E+01    0.140005024338258863E+04   -0.462009733984979842E+01    0.373032648441781475E+03
    0.131487765578171989E+01    0.134301583192016801E+04   -0.451350741275824863E+01    0.373033026964999181E+03
    0.131436872242704506E+01    0.136705348573141555E+04   -0.462475126033910033E+01    0.373034126807600558E+03
    0.131583926483733804E+01    0.130577711584664348E+04   -0.452200981662045010E+01    0.373034192386677546E+03
    0.131621026892283322E+01    0.131049897033250227E+04   -0.456434254127079608E+01    0.373039136265415152E+03
    0.131587440819806689E+01    0.133661732230402140E+04   -0.460474079649027423E+01    0.373043522190761735E+03
    0.131557324409888521E+01    0.134972064243544037E+04   -0.466492952146566076E+01    0.373043756396790116E+03
    0.131473406126278358E+01    0.136013438974236897E+04   -0.463689060215139914E+01    0.373043907688476509E+03
    0.131468454804907586E+01    0.138797260029188510E+04   -0.471635800274388473E+01    0.373045177634774177E+03
    0.131580809329998361E+01    0.130186432502596017E+04   -0.450812879981520265E+01    0.373046308914385065E+03
    0.131529849049564418E+01    0.131273024632650777E+04   -0.449517167337290591E+01    0.373047836285570611E+03
    0.131539499321065256E+01    0.132139140625583741E+04   -0.450045499893824363E+01    0.373048079489964550E+03
    0.131447811702518025E+01    0.139555476587901649E+04   -0.472260786467063909E+01    0.373048258045990394E+03
    0.131329043926576250E+01    0.144106124152728307E+04   -0.468827355490049058E+01    0.373048869916011768E+03
    0.131352019273465137E+01    0.143583909628126185E+04   -0.473091892325146457E+01    0.373055625328838630E+03
    0.131557349961600578E+01    0.136372202786933394E+04   -0.469454898586899549E+01    0.373056000579115562E+03
    0.131573582228754327E+01    0.132789555301829819E+04   -0.455388781452699831E+01    0.373056492954001840E+03
    0.131594064886768858E+01    0.133674443992463921E+04   -0.462521477075222709E+01    0.373058807129946899E+03
    0.131366489409571896E+01    0.143443774157113194E+04   -0.468561907243986475E+01    0.373058967882361912E+03
    0.131303438598194910E+01    0.144098763083395465E+04   -0.469670302727037203E+01    0.373059728550591217E+03
    0.131434810596955964E+01    0.136686422231036613E+04   -0.462064321430717673E+01    0.373060454837677355E+03
    0.131390672639427408E+01    0.137354046904077177E+04   -0.453889062483760242E+01    0.373063111711806187E+03
    0.131580474109721979E+01    0.132192419190730152E+04   -0.459402107123708880E+01    0.373063971750401890E+03
    0.131587560727821096E+01    0.133893045108250112E+04   -0.464330747637157959E+01    0.373066848214899551E+03
    0.131580689070937873E+01    0.133426381814323304E+04   -0.463219702304247516E+01    0.373066969961770099E+03
    0.131576095206331023E+01    0.130715475609017858E+04   -0.451572813538926088E+01    0.373068149769213619E+03
    0.131381518031519651E+01    0.139967194942736569E+04   -0.467663764588138609E+01    0.373069573196617512E+03
    0.131553602609166309E+01    0.130937979583912170E+04   -0.450849234632079465E+01    0.373070202290658699E+03
    0.131328945721057533E+01    0.140797326359433214E+04   -0.462689067480239657E+01    0.373071948329389159E+03
    0.131426808842050824E+01    0.135771558971218792E+04   -0.456914441392897253E+01    0.373073880195068341E+03
    0.131420048633530584E+01    0.139275142393192209E+04   -0.460065752338846501E+01    0.373076069722306784E+03
    0.131559671628106867E+01    0.130883078265509130E+04   -0.451347079849407340E+01    0.373076299352696140E+03
    0.131425307542529213E+01    0.139230692749580339E+04   -0.460413353408269810E+01    0.373076792977203581E+03
    0.131601228609805010E+01    0.130874562149105714E+04   -0.455465096679072889E+01    0.373076964465417632E+03
    0.131472106053998306E+01    0.139677717674552696E+04   -0.473691008809682135E+01    0.373076985082954934E+03
    0.131437262941611355E+01    0.141599546527417260E+04   -0.474764814613830310E+01    0.373077025292001167E+03
    0.131592719498334931E+01    0.133962324358685737E+04   -0.462360207033355231E+01    0.373077356621867807E+03
    0.131530475716168049E+01    0.134422089741780064E+04   -0.454797942265405553E+01    0.373078310972494251E+03
    0.131533396688494264E+01    0.137606749942803913E+04   -0.468627521857914431E+01    0.373079855269149618E+03
    0.131341305725686586E+01    0.142336892070279737E+04   -0.463577321374116913E+01    0.373080088002278103E+03
    0.131389494944419671E+01    0.141888541872829728E+04   -0.466512891781170680E+01    0.373082291366028244E+03
    0.131567456205927957E+01    0.135032728831446457E+04   -0.461889331021228955E+01    0.373086648249738516E+03
    0.131362315105403238E+01    0.143194697080817627E+04   -0.473896811950105779E+01    0.373090725521443517E+03
    0.131565162989590290E+01    0.130918737069352369E+04   -0.450505553105924328E+01    0.373091223526719716E+03
    0.131375576274487482E+01    0.143923865140925045E+04   -0.474440918998957084E+01    0.373093262821096289E+03
    0.131411732127329550E+01    0.139799036950725963E+04   -0.469995997851585301E+01    0.373093557707652792E+03
    0.131515274091522061E+01    0.138582929404147080E+04   -0.471762487121675633E+01    0.373094723084634097E+03
    0.131509715891401191E+01    0.132512975066496870E+04   -0.451828073861899693E+01    0.373095221325258876E+03
    0.131509161752492121E+01    0.136448608972562783E+04   -0.467620831165729278E+01    0.373097001046602145E+03
    0.131510417334751550E+01    0.132109973382382759E+04   -0.450043383276452236E+01    0.373097122343446472E+03
    0.131610347848558495E+01    0.131137914323334144E+04   -0.454755672324136917E+01    0.373099768551859199E+03
    0.131379491783291202E+01    0.142353532524437105E+04   -0.466289601222934191E+01    0.373101746031228686E+03
    0.131408048351101292E+01    0.141630118169106663E+04   -0.473641099675057298E+01    0.373103969361492489E+03
    0.131380346195645847E+01    0.138599996870940072E+04   -0.462327716896549745E+01    0.373104041779462534E+03
    0.131323831802380853E+01    0.143878451307923478E+04   -0.469086479685414570E+01    0.373105055471131379E+03
    0.131571350691991129E+01    0.131834296275896895E+04   -0.457164459952249835E+01    0.373105226399949800E+03
    0.131462342854902348E+01    0.141151092006528825E+04   -0.475284090589949670E+01    0.373105338717280063E+03
    0.131367248130096970E+01    0.143644852581844134E+04   -0.472820429220918292E+01    0.373105678667912457E+03
    0.131383221320885557E+01    0.137319055191713551E+04   -0.454497307825258545E+01    0.373106067861841211E+03
    0.131324702984654351E+01    0.144206267002070467E+04   -0.472483784370552673E+01    0.373106771346897915E+03
    0.131497612280008824E+01    0.135725002996712465E+04   -0.464709572045677444E+01    0.373108019959567116E+03
    0.131443552532534258E+01    0.136476336669962507E+04   -0.461930837516119297E+01    0.373109661321871840E+03
    0.131611659530941383E+01    0.131442953140868917E+04   -0.458105069163836731E+01    0.373110187907540649E+03
    0.131440198253677942E+01    0.140161936875117840E+04   -0.464827004656708898E+01    0.373110427360632116E+03
    0.131483003658108966E+01    0.139724143788920173E+04   -0.469251249094616973E+01    0.373114842128849773E+03
    0.131444920867231296E+01    0.139427463786058433E+04   -0.471399924792250236E+01    0.373115017374375384E+03
    0.131594295925600036E+01    0.133165128130095763E+04   -0.458886809122940509E+01    0.373115090602505575E+03
    0.131400236743101795E+01    0.140567393118574182E+04   -0.463922836278538497E+01    0.373117584268048631E+03
    0.131333060779356448E+01    0.142557565088161414E+04   -0.466433892751063794E+01    0.373121145861652906E+03
    0.131455311341889325E+01    0.135182559797508407E+04   -0.458238136390579243E+01    0.373121515846287139E+03
    0.131441206118527298E+01    0.141931630011224161E+04   -0.473295941960884115E+01    0.373122317828339078E+03
    0.131429923839067908E+01    0.138888012754895362E+04   -0.468745691170702816E+01    0.373124227383368179E+03
    0.131366649832522864E+01    0.141346407079878168E+04   -0.462368693275489839E+01    0.373127388139124662E+03
    0.131372012717530140E+01    0.143250173614532264E+04   -0.469138838508666112E+01    0.373130040697552317E+03
    0.131477711401975683E+01    0.138255848010510454E+04   -0.462119984858173982E+01    0.373130202601425594E+03
    0.131422644996348970E+01    0.141774084961147173E+04   -0.474542039329153553E+01    0.373131750824171831E+03
    0.131382287841800105E+01    0.142563749088044960E+04   -0.473291803126101840E+01    0.373132249919846799E+03
    0.131372973383615221E+01    0.144206399559142801E+04   -0.474285830569665379E+01    0.373132849573979115E+03
    0.131530647694864045E+01    0.135514512343181968E+04   -0.460165678194095928E+01    0.373134745230621718E+03
    0.131565007090507113E+01    0.131781465985121577E+04   -0.456173208150180098E+01    0.373134822931530607E+03
    0.131364243614454845E+01    0.141856769649495845E+04   -0.464845336334872439E+01    0.373141528379377746E+03
    0.131353418655156529E+01    0.141252127325033143E+04   -0.465721077268244699E+01    0.373524315835257767E+03
    0.131319693592211473E+01    0.143111542556280551E+04   -0.466882086196956969E+01    0.373235099522046653E+03
    0.131434793075437861E+01    0.139315590661403485E+04   -0.464341596854292238E+01    0.373769510803933599E+03
    0.131434793075437861E+01    0.139315590661403485E+04   -0.464341596854292238E+01    0.373769510803933599E+03
    0.131472357886511682E+01    0.135847674824627120E+04   -0.459305598443044616E+01    0.373611799193118372E+03
    0.131511527899604230E+01    0.134553312692449390E+04   -0.460059953877137318E+01    0.373427728634115795E+03
    0.131517624151872492E+01    0.136061461004795774E+04   -0.462982196715075567E+01    0.373629467181680980E+03
    0.131517624151872492E+01    0.136061461004795774E+04   -0.462982196715075567E+01    0.373629467181680980E+03
    0.131462485597156609E+01    0.138899311672661133E+04   -0.469694291644031736E+01    0.373471965682962320E+03
    0.131462485597156609E+01    0.138899311672661133E+04   -0.469694291644031736E+01    0.373471965682962320E+03
    0.131433183354703531E+01    0.140355116952450339E+04   -0.470171647493535350E+01    0.373712377310433453E+03
    0.131433183354703531E+01    0.140355116952450339E+04   -0.470171647493535350E+01    0.373712377310433453E+03
    0.131440948050950590E+01    0.139690381716577713E+04   -0.465944087463624435E+01    0.373483927143186747E+03
    0.131509916660922199E+01    0.137862849738420005E+04   -0.468410874414802425E+01    0.373427467264050563E+03
    0.131386611757312566E+01    0.141782456096912074E+04   -0.469600148717613397E+01    0.373481555339482497E+03
    0.131494168666741285E+01    0.138958572824368775E+04   -0.468482466174726664E+01    0.373333098418097563E+03
    0.131402127626457044E+01    0.142463677117998191E+04   -0.472200578257686576E+01    0.373532843651974815E+03
    0.131468711057487120E+01    0.136228513288174872E+04   -0.460183438544692436E+01    0.373715398554745832E+03
    0.131468711057487120E+01    0.136228513288174872E+04   -0.460183438544692436E+01    0.373715398554745832E+03
    0.131360559657052645E+01    0.140373394441116852E+04   -0.465391109398893388E+01    0.373368167482377089E+03
    0.131388790079371387E+01    0.137605588329594320E+04   -0.458000866293454045E+01    0.373163718553582441E+03
    0.131442401134385745E+01    0.138511336474627205E+04   -0.467878406619012388E+01    0.373329536961506221E+03
    0.131514953550648683E+01    0.136487089627835758E+04   -0.459952422654784066E+01    0.373195819297152127E+03
    0.131545468823888934E+01    0.135678135943622237E+04   -0.465689898032740057E+01    0.373320216743227093E+03
    0.131386279595178124E+01    0.140412363642618061E+04   -0.462981349739891712E+01    0.373643862017093113E+03
    0.131386279595178124E+01    0.140412363642618061E+04   -0.462981349739891712E+01    0.373643862017093113E+03
    0.131334111164122658E+01    0.141951201749964798E+04   -0.464647921016410059E+01    0.373275192827390072E+03
    0.131478873832677978E+01    0.138171121152423666E+04   -0.468990625431002073E+01    0.373452825588880955E+03
    0.131503026857160465E+01    0.135481527102673340E+04   -0.459921370129967499E+01    0.373771360914853233E+03
    0.131503026857160465E+01    0.135481527102673340E+04   -0.459921370129967499E+01    0.373771360914853233E+03
    0.131558594628205250E+01    0.134689248193094045E+04   -0.464969506119071063E+01    0.373183207312841319E+03
    0.131551878916787124E+01    0.136474887039906707E+04   -0.465066708557614028E+01    0.373217037973213337E+03
    0.131536802026704436E+01    0.134987784790035084E+04   -0.464324406589566507E+01    0.373299056645687415E+03
    0.131429409184184931E+01    0.140429709775523543E+04   -0.466744529035262179E+01    0.373700851999857491E+03
    0.131429409184184931E+01    0.140429709775523543E+04   -0.466744529035262179E+01    0.373700851999857491E+03
    0.131458151379399668E+01    0.140462976432208052E+04   -0.467654087492616899E+01    0.373225291725683235E+03
    0.131407529921450617E+01    0.141993454431058308E+04   -0.472339866760532345E+01    0.373422067618255141E+03
    0.131515950081889543E+01    0.137359408074429507E+04   -0.469635597237820068E+01    0.373267528832724793E+03
    0.131457245233777309E+01    0.136894781627748125E+04   -0.461617276539049115E+01    0.373670542748002561E+03
    0.131410326810133204E+01    0.138820832662074463E+04   -0.460925345365608941E+01    0.373510599713024192E+03
    0.131560635039171059E+01    0.133704208056058769E+04   -0.457457261912011770E+01    0.373156572256374091E+03
    0.131533257467194442E+01    0.132271746035627302E+04   -0.451984428352033341E+01    0.373331999653843127E+03
    0.131562643515030486E+01    0.133512383077243112E+04   -0.460665270224124335E+01    0.373294445255426353E+03
    0.131494500740031373E+01    0.135262735008180744E+04   -0.456159943221285946E+01    0.373484705293129480E+03
    0.131494500740031373E+01    0.135262735008180744E+04   -0.456159943221285946E+01    0.373484705293129480E+03
    0.131396749414715375E+01    0.141466126028777762E+04   -0.469436681483884133E+01    0.373739801961114779E+03
    0.131520367712773423E+01    0.137783842520304711E+04   -0.469869907454275992E+01    0.373261656174815016E+03
    0.131450188140139224E+01    0.137301187744408981E+04   -0.463313769393078534E+01    0.373625804456944024E+03
    0.131479896747540104E+01    0.137078839347732583E+04   -0.463849760449482229E+01    0.373736111038469801E+03
    0.131415653649570263E+01    0.139000361603754982E+04   -0.464820186912209277E+01    0.373689751720431957E+03
    0.131549073728141241E+01    0.135502383526011863E+04   -0.463298359572973073E+01    0.373227520220399583E+03
    0.131528176607405678E+01    0.133685155339387416E+04   -0.457221836699721518E+01    0.373449994920157337E+03
    0.131393576601395079E+01    0.139122823721250643E+04   -0.459028513037070240E+01    0.373291549273006012E+03
    0.131518320456208593E+01    0.134073145629659143E+04   -0.454234801675634081E+01    0.373264340750467909E+03
    0.131527792960649426E+01    0.136190969746364635E+04   -0.467347301133324589E+01    0.373260153870321460E+03
    0.131362062627120113E+01    0.141353707014926363E+04   -0.467286367271269665E+01    0.373558320613495994E+03
    0.131362062627120113E+01    0.141353707014926363E+04   -0.467286367271269665E+01    0.373558320613495994E+03
    0.131475122161508429E+01    0.137359851006243844E+04   -0.466431420030933630E+01    0.373479813510232475E+03
    0.131485138552553882E+01    0.138991932222918763E+04   -0.470810101509417755E+01    0.373433911684148597E+03
    0.131438333735544122E+01    0.135945709582183031E+04   -0.455192741021148706E+01    0.373358082413991838E+03
    0.131402181202446822E+01    0.142505396551620379E+04   -0.472286975170716872E+01    0.373161230199300292E+03
    0.131412429920976526E+01    0.139564967832477623E+04   -0.462820030410006744E+01    0.373369385992346224E+03
    0.131424861522982828E+01    0.140264729822825575E+04   -0.468043962622332366E+01    0.373804904547887077E+03
    0.131424861522982828E+01    0.140264729822825575E+04   -0.468043962622332366E+01    0.373804904547887077E+03
    0.131373067313429126E+01    0.140317376591176026E+04   -0.467290142945055020E+01    0.373232957056682096E+03
    0.131462891594033215E+01    0.136937018106689879E+04   -0.463451702336054350E+01    0.373572704487237274E+03
    0.131462891594033215E+01    0.136937018106689879E+04   -0.463451702336054350E+01    0.373572704487237274E+03
    0.131555785236336020E+01    0.132410035692813040E+04   -0.453303089339733045E+01    0.373377865987597431E+03
    0.131546684998344476E+01    0.133819700192064192E+04   -0.459829455405056997E+01    0.373443389983219902E+03
    0.131393435578395423E+01    0.139927583115516563E+04   -0.465249941215286800E+01    0.373671147650892181E+03
    0.131321805107627565E+01    0.143131808756496434E+04   -0.469184316068299090E+01    0.373177098297994291E+03
    0.131356685920541971E+01    0.140377152799603482E+04   -0.459722342207342383E+01    0.373246345047162379E+03
    0.131495612772397230E+01    0.139179544955206620E+04   -0.472982835894049103E+01    0.373186067194408167E+03
    0.131507265767111559E+01    0.135262550669080315E+04   -0.461288796544402935E+01    0.373620969502484513E+03
    0.131525478086616232E+01    0.133671119515920827E+04   -0.459480154099874483E+01    0.373227393794251611E+03
    0.131405001488859541E+01    0.142093020163183905E+04   -0.469660870663116548E+01    0.373358706263058309E+03
    0.131602218050647357E+01    0.131350173069393759E+04   -0.454534172705575568E+01    0.373198149847025206E+03
    0.131363121710629049E+01    0.144005378952157298E+04   -0.473739463632719726E+01    0.373164456156139806E+03
    0.131471364399709345E+01    0.136981838924044973E+04   -0.460125667998747190E+01    0.373581519870321358E+03
    0.131480896431021055E+01    0.137726891359144088E+04   -0.465516768659029179E+01    0.373643656984705274E+03
    0.131459919081653998E+01    0.140756806477282544E+04   -0.471371655612507823E+01    0.373216143475909519E+03
    0.131389405784866842E+01    0.139821561534370767E+04   -0.460955589869050275E+01    0.373236870761118098E+03
    0.131458062774937923E+01    0.138337145268657832E+04   -0.462481053112630214E+01    0.373648527992663219E+03
    0.131595887768997089E+01    0.133271732450415311E+04   -0.460148862641152956E+01    0.373192058791556178E+03
    0.131602519269113571E+01    0.131266751590774857E+04   -0.455979673690824061E+01    0.373196235344307979E+03
    0.131438349010975641E+01    0.136946251112296363E+04   -0.457282705091876096E+01    0.373444189905548512E+03
    0.131441337857243057E+01    0.136608192107099899E+04   -0.457955326431215948E+01    0.373460575493245756E+03
    0.131441337857243057E+01    0.136608192107099899E+04   -0.457955326431215948E+01    0.373460575493245756E+03
    0.131465936263341265E+01    0.134590133977637515E+04   -0.456339109318466019E+01    0.373198354120210865E+03
    0.131480173464870065E+01    0.135449263809187050E+04   -0.458210539738185041E+01    0.373717641469565990E+03
    0.131480173464870065E+01    0.135449263809187050E+04   -0.458210539738185041E+01    0.373717641469565990E+03
    0.131475515820633237E+01    0.136622506564960463E+04   -0.465160744908757007E+01    0.373255016416677620E+03
    0.131532288628971861E+01    0.136034004869831369E+04   -0.463393827953020931E+01    0.373487529069069694E+03
    0.131502920931820677E+01    0.133193875177185873E+04   -0.454314601608743640E+01    0.373300287369524767E+03
    0.131426319803205160E+01    0.141504632064066436E+04   -0.473830676094451952E+01    0.373155084649676041E+03
    0.131360165915511451E+01    0.142209782813207562E+04   -0.471196504008605022E+01    0.373183719338944798E+03
    0.131358483636009571E+01    0.141571015170984811E+04   -0.467996496543631402E+01    0.373295903214243367E+03
    0.131538721121889934E+01    0.134324024653363495E+04   -0.460120367741990588E+01    0.373596961875493321E+03
    0.131400289141290738E+01    0.142613907567143792E+04   -0.473239803875768139E+01    0.373190633402880962E+03
    0.131532174451584405E+01    0.133311599260302955E+04   -0.454418072968805031E+01    0.373477647838822577E+03
    0.131445532938482312E+01    0.141085485339459979E+04   -0.471654979085674775E+01    0.373428876065625445E+03
    0.131554845900373873E+01    0.133239214457718526E+04   -0.455144382724531837E+01    0.373312424906440583E+03
    0.131441133177056813E+01    0.139644694741383955E+04   -0.470635707387938496E+01    0.373385052201217661E+03
    0.131508822743189024E+01    0.136405466116402567E+04   -0.464064063841705732E+01    0.373713540390629760E+03
    0.131426653824720630E+01    0.137534064468671886E+04   -0.461551345297310966E+01    0.373500180454013275E+03
    0.131511906848555182E+01    0.137414493439192211E+04   -0.463162614738536682E+01    0.373252904709731581E+03
    0.131409929023380867E+01    0.141577816933161102E+04   -0.470407404338267110E+01    0.373377662810592597E+03
    0.131403683589256781E+01    0.140768522425391075E+04   -0.465583947613295557E+01    0.373388544632783805E+03
    0.131430700914737075E+01    0.137305457279929601E+04   -0.460017761751670395E+01    0.373692652142789484E+03
    0.131597558904829404E+01    0.131316296903173861E+04   -0.456099038222892617E+01    0.373207995355062167E+03
    0.131475227591160637E+01    0.138622038712748235E+04   -0.468239600644469522E+01    0.373554696857824752E+03
    0.131475227591160637E+01    0.138622038712748235E+04   -0.468239600644469522E+01    0.373554696857824752E+03
    0.131517480469329717E+01    0.136038580355422437E+04   -0.461989592744901501E+01    0.373582288650495173E+03
    0.131482309256013408E+01    0.138132521921829448E+04   -0.465276460776976108E+01    0.373658873424046988E+03
    0.131482309256013408E+01    0.138132521921829448E+04   -0.465276460776976108E+01    0.373658873424046988E+03
    0.131565847470768271E+01    0.134959477152992258E+04   -0.463487474206152417E+01    0.373282751815483493E+03
    0.131518550926093658E+01    0.135102866605523741E+04   -0.458035733879231177E+01    0.373466667136633077E+03
    0.131439694052132761E+01    0.138809978754522717E+04   -0.463759724368003745E+01    0.373646058361631276E+03
    0.131481733907919041E+01    0.137197121833133633E+04   -0.465574993150949812E+01    0.373625827125404669E+03
    0.131481733907919041E+01    0.137197121833133633E+04   -0.465574993150949812E+01    0.373625827125404669E+03
    0.131386992589709295E+01    0.142251686053447065E+04   -0.471954983025640740E+01    0.373468426489211652E+03
    0.131471973115942475E+01    0.138630458575422108E+04   -0.468969198810615673E+01    0.373510848785519329E+03
    0.131507508932102501E+01    0.138317208661808536E+04   -0.465988153649329639E+01    0.373201162392655021E+03
    0.131400283517420502E+01    0.142407056620786602E+04   -0.473145039956741886E+01    0.373457009263494342E+03
    0.131377754729863749E+01    0.142024791452702334E+04   -0.466545677257772518E+01    0.373278187353400426E+03
    0.131329627517314607E+01    0.141200641692945237E+04   -0.463921832169917892E+01    0.373240594665834692E+03
    0.131435066591395255E+01    0.137168067338378478E+04   -0.460103542612040695E+01    0.373669299584603436E+03
    0.131435066591395255E+01    0.137168067338378478E+04   -0.460103542612040695E+01    0.373669299584603436E+03
    0.131464266807921071E+01    0.139598015297063557E+04   -0.467552965440827428E+01    0.373313924768591221E+03
    0.131399197162705161E+01    0.142016125451564449E+04   -0.470360410266789231E+01    0.373487031121119344E+03
    0.131443748155132578E+01    0.139739298471369648E+04   -0.470328045009271278E+01    0.373506650895151779E+03
    0.131372146999942174E+01    0.140681821703271339E+04   -0.465204152371841495E+01    0.373485451136746860E+03
    0.131501146993688711E+01    0.134077139954424138E+04   -0.453579959245069375E+01    0.373349502089700024E+03
    0.131487329180209866E+01    0.134401956829300207E+04   -0.453541311747048592E+01    0.373463368691129517E+03
    0.131555192149414446E+01    0.134127203418602403E+04   -0.461913303711515155E+01    0.373412834781880974E+03
    0.131473148201926615E+01    0.136333372126692825E+04   -0.460754037784950121E+01    0.373762387324460860E+03
    0.131409951788225743E+01    0.138471917936613590E+04   -0.462133005574963551E+01    0.373734198583961245E+03
    0.131409951788225743E+01    0.138471917936613590E+04   -0.462133005574963551E+01    0.373734198583961245E+03
    0.131391069888706880E+01    0.142654973612691788E+04   -0.473174167970508019E+01    0.373219188850121895E+03
    0.131357042965145587E+01    0.140782326426476538E+04   -0.464977475569377940E+01    0.373387927991994331E+03
    0.131357042965145587E+01    0.140782326426476538E+04   -0.464977475569377940E+01    0.373387927991994331E+03
    0.131379185939418619E+01    0.142704227878493725E+04   -0.472418015815967340E+01    0.373263443713298784E+03
    0.131468433880605184E+01    0.136349682177502200E+04   -0.461876264670076786E+01    0.373604463660899000E+03
    0.131411876184918186E+01    0.141012132346616318E+04   -0.470511319152135954E+01    0.373565762179095941E+03
    0.131443830697410480E+01    0.138952250325788373E+04   -0.467549776972159048E+01    0.373652910848368606E+03
    0.131403771986496665E+01    0.139721246455391247E+04   -0.464459152622361149E+01    0.373646092145122566E+03
    0.131435502961064832E+01    0.138865022262575076E+04   -0.467370762097578574E+01    0.373539750892816414E+03
    0.131390043335634066E+01    0.139557044461157921E+04   -0.461297422340583108E+01    0.373318850816301619E+03
    0.131362656036272774E+01    0.141845535503503106E+04   -0.470216992550382518E+01    0.373198161948766142E+03
    0.131415967072550166E+01    0.140646985288501241E+04   -0.468671871613181690E+01    0.373562229515953163E+03
    0.131393975304992727E+01    0.140964849724331111E+04   -0.464628368463496688E+01    0.373318009061045302E+03
    0.131591526541059145E+01    0.132498956758952636E+04   -0.460422544742684181E+01    0.373164995389234605E+03
    0.131424646439510995E+01    0.139018153880162799E+04   -0.465222095702322669E+01    0.373747132247950844E+03
    0.131511502306880490E+01    0.137816803047193707E+04   -0.467666930913198708E+01    0.373400276950620594E+03
    0.131480248486292939E+01    0.138616335132640415E+04   -0.469569598178904979E+01    0.373455007199919919E+03
    0.131532544602863100E+01    0.135326812125018910E+04   -0.459284119258264401E+01    0.373394342314942833E+03
    0.131410994102159862E+01    0.138279227528119827E+04   -0.463739371633711173E+01    0.373401022602380806E+03
    0.131576714146251561E+01    0.134380232187736533E+04   -0.464801135865784953E+01    0.373191762606870327E+03
    0.131479815692291435E+01    0.139482594074997951E+04   -0.467468169090637087E+01    0.373406308755561383E+03
    0.131363948626838734E+01    0.139085428244428067E+04   -0.461017492719697941E+01    0.373249866436654884E+03
    0.131401166284085957E+01    0.141219945971502011E+04   -0.466516472075060307E+01    0.373534052000583358E+03
    0.131394748706045350E+01    0.141943989932648037E+04   -0.468881749605030063E+01    0.373418801710770651E+03
    0.131456008000526836E+01    0.135504375468257831E+04   -0.455857568538685243E+01    0.373333274752518264E+03
    0.131464200725770808E+01    0.135616475187393735E+04   -0.458435389294499274E+01    0.373474470591985039E+03
    0.131392803003588643E+01    0.140672806900631440E+04   -0.463999986562800615E+01    0.373245723257422014E+03
    0.131454221343837929E+01    0.137572780560165120E+04   -0.464657182220171272E+01    0.373554716757548249E+03
    0.131454221343837929E+01    0.137572780560165120E+04   -0.464657182220171272E+01    0.373554716757548249E+03
    0.131454019697743307E+01    0.138607218814498674E+04   -0.465535094981148578E+01    0.373651806788475824E+03
    0.131454019697743307E+01    0.138607218814498674E+04   -0.465535094981148578E+01    0.373651806788475824E+03
    0.131571006054782735E+01    0.132978886990176034E+04   -0.456430530696237824E+01    0.373250737810883720E+03
    0.131448000465916359E+01    0.137740194186525196E+04   -0.464211001128389533E+01    0.373622636416803857E+03
    0.131448000465916359E+01    0.137740194186525196E+04   -0.464211001128389533E+01    0.373622636416803857E+03
    0.131367754025060490E+01    0.141442492939813587E+04   -0.470022702694722572E+01    0.373205874073401446E+03
    0.131501933628848588E+01    0.133425506217476232E+04   -0.453162580929700187E+01    0.373449147035390581E+03
    0.131418113014249238E+01    0.141439357117160534E+04   -0.468435253271446772E+01    0.373534300859223322E+03
    0.131400137825942909E+01    0.137921963980959777E+04   -0.458144422625234959E+01    0.373409009604284279E+03
    0.131554010295083090E+01    0.136200422743606987E+04   -0.464602450206040807E+01    0.373164989289825655E+03
    0.131583230821285868E+01    0.131432531953709463E+04   -0.454360243522265783E+01    0.373315624212491116E+03
    0.131403223180681117E+01    0.137313188200392142E+04   -0.457018098085077451E+01    0.373436357986747737E+03
    0.131565053754077810E+01    0.134134609081871213E+04   -0.460815956817936190E+01    0.373415672010699950E+03
    0.131413301783460468E+01    0.137725166672256546E+04   -0.459984196327572636E+01    0.373500418254291560E+03
    0.131456149882416984E+01    0.141140581019277488E+04   -0.474292954617257578E+01    0.373242407666886493E+03
    0.131449379979237824E+01    0.140208316534329970E+04   -0.470120990669358019E+01    0.373668462396120844E+03
    0.131472845472020650E+01    0.134293492192532267E+04   -0.453245857853594547E+01    0.373391681103984013E+03
    0.131377971443142405E+01    0.140173721254021120E+04   -0.460820856226470621E+01    0.373309288297789806E+03
    0.131366843554080859E+01    0.140975132721075488E+04   -0.467883865035834745E+01    0.373321235617833395E+03
    0.131552820840319162E+01    0.134592731320623807E+04   -0.464442116661611859E+01    0.373194469481679562E+03
    0.131445741383332182E+01    0.138867630386560131E+04   -0.466715621430859606E+01    0.373707221773917524E+03
    0.131365169068166088E+01    0.138337585939468636E+04   -0.458329628686239854E+01    0.373150046538448805E+03
    0.131323717497414338E+01    0.141488194358180453E+04   -0.462935648354878637E+01    0.373334226905136575E+03
    0.131532406121624934E+01    0.135798385549267778E+04   -0.461582209042438762E+01    0.373299831678506564E+03
    0.131450638205190784E+01    0.141015405953182699E+04   -0.472560706446948586E+01    0.373370397886992862E+03
    0.131502347106899120E+01    0.135023137462015893E+04   -0.459639352075796648E+01    0.373612747789911964E+03
    0.131451185734589315E+01    0.137544256719341593E+04   -0.464771112471062775E+01    0.373485554214827857E+03
    0.131541179987574863E+01    0.135975880832520670E+04   -0.463686173161270787E+01    0.373369695928296039E+03
    0.131465412908900658E+01    0.138127574509132592E+04   -0.466998756258754621E+01    0.373639101256044285E+03
    0.131416504380325616E+01    0.141153525993560106E+04   -0.466543221649708695E+01    0.373264049973662509E+03
    0.131355517866275950E+01    0.143448977379610051E+04   -0.470684452210378179E+01    0.373471208549670848E+03
    0.131327666393303932E+01    0.143233234441207037E+04   -0.466852668446664687E+01    0.373259580681182456E+03
    0.131534576210368814E+01    0.135090858757355704E+04   -0.463583422607968210E+01    0.373451235724280878E+03
    0.131504963394555596E+01    0.137411588975621089E+04   -0.465571791353792186E+01    0.373684437913260012E+03
    0.131502435614270374E+01    0.136255201273951366E+04   -0.462075398751505695E+01    0.373738624948707354E+03
    0.131502435614270374E+01    0.136255201273951366E+04   -0.462075398751505695E+01    0.373738624948707354E+03
    0.131434404307660069E+01    0.139956147452185360E+04   -0.464410895982770189E+01    0.373229917740873020E+03
    0.131470369380404728E+01    0.136942110816703735E+04   -0.463458436510146221E+01    0.373658054368433511E+03
    0.131470369380404728E+01    0.136942110816703735E+04   -0.463458436510146221E+01    0.373658054368433511E+03
    0.131390219352123205E+01    0.140943712674327139E+04   -0.464261799082250626E+01    0.373301069205740305E+03
    0.131474751958226133E+01    0.138660479402904411E+04   -0.468305709977194429E+01    0.373562128139064441E+03
    0.131571883620277896E+01    0.133099397640067650E+04   -0.459514852815796537E+01    0.373369842692239786E+03
    0.131454926655145488E+01    0.136973249298667815E+04   -0.463068039882691007E+01    0.373532615765823152E+03
    0.131358719774306687E+01    0.144411616075953316E+04   -0.473599356629677892E+01    0.373234720826480896E+03
    0.131483973911524865E+01    0.137069513820912380E+04   -0.464483402042658877E+01    0.373704214763264815E+03
    0.131518561731396444E+01    0.135592519209990769E+04   -0.462193345502913022E+01    0.373533252032240966E+03
    0.131518561731396444E+01    0.135592519209990769E+04   -0.462193345502913022E+01    0.373533252032240966E+03
    0.131541093297460199E+01    0.132396464353233250E+04   -0.455783538777127095E+01    0.373258985957368736E+03
    0.131533902491576660E+01    0.135555921001187107E+04   -0.465609831232465243E+01    0.373290242638206678E+03
    0.131491772884019165E+01    0.135691094812308279E+04   -0.460353056706134378E+01    0.373608866610829807E+03
    0.131316221652790865E+01    0.143487044593640189E+04   -0.469187621473763983E+01    0.373276712823889227E+03
    0.131502046710390474E+01    0.137440029816400283E+04   -0.463061563124746112E+01    0.373478016683546684E+03
    0.131431077106056637E+01    0.137297345697358651E+04   -0.459825835905114744E+01    0.373698043410400260E+03
    0.131431077106056637E+01    0.137297345697358651E+04   -0.459825835905114744E+01    0.373698043410400260E+03
    0.131357824577657278E+01    0.144308075677654483E+04   -0.472597762159873902E+01    0.373195486028973505E+03
    0.131505382905909340E+01    0.137518920858188585E+04   -0.464995161008508084E+01    0.373289739760460407E+03
    0.131428016450320873E+01    0.139070961131438025E+04   -0.467852090677248800E+01    0.373453008465869630E+03
    0.131492498892402310E+01    0.134194825383950547E+04   -0.453775918230369690E+01    0.373436217801157056E+03
    0.131408091796500215E+01    0.141736013376220376E+04   -0.471253058466292440E+01    0.373413783906169215E+03
    0.131462771337326156E+01    0.135890891923020263E+04   -0.461829263485065233E+01    0.373148205963566966E+03
    0.131403727633175649E+01    0.143477635718880242E+04   -0.474495060200759866E+01    0.373213192640490661E+03
    0.131453950902267014E+01    0.134433939349890989E+04   -0.452878798314459097E+01    0.373258384434724007E+03
    0.131578241654521455E+01    0.133790294413680886E+04   -0.463211269839356188E+01    0.373169670990303473E+03
    0.131585129342048490E+01    0.131853005609944307E+04   -0.455919367651355767E+01    0.373236109062825506E+03
    0.131368956159865879E+01    0.140944257426386002E+04   -0.467465118363334042E+01    0.373411879732586954E+03
    0.131462256216354390E+01    0.139905110216661160E+04   -0.469400825418226386E+01    0.373515785032778581E+03
    0.131409446219341786E+01    0.140505538464361302E+04   -0.468946433907277793E+01    0.373504564788909590E+03
    0.131432679244545159E+01    0.138373425074876400E+04   -0.459471807675599031E+01    0.373434530276593534E+03
    0.131456568351419634E+01    0.138349739136660219E+04   -0.468404447916146793E+01    0.373366087555713307E+03
    0.131404397223289870E+01    0.138804785170486184E+04   -0.465361490030690650E+01    0.373284694886980219E+03
    0.131431113512800324E+01    0.136719093289603779E+04   -0.460138552806710877E+01    0.373354663047890256E+03
    0.131457680587558756E+01    0.137080004980434228E+04   -0.459823190485578426E+01    0.373672989248581302E+03
    0.131440793621531626E+01    0.136201256452987127E+04   -0.456402882012375954E+01    0.373531314589673741E+03
    0.131430744579424363E+01    0.141169493192739878E+04   -0.470525598498001951E+01    0.373561509050024370E+03
    0.131397178872851139E+01    0.141092717401605023E+04   -0.465398413643059961E+01    0.373407943404584444E+03
    0.131505087508996676E+01    0.138302913739697033E+04   -0.468335078696687024E+01    0.373510741632916847E+03
    0.131346922124182020E+01    0.143358257148211101E+04   -0.471735707528703152E+01    0.373337791997459703E+03
    0.131433221491100460E+01    0.136195953690665829E+04   -0.454375413513588633E+01    0.373311288585228169E+03
    0.131498820215307011E+01    0.135144521053542417E+04   -0.456860324890122982E+01    0.373543851538368017E+03
    0.131382890800402286E+01    0.142221977836122824E+04   -0.472560518846149069E+01    0.373311262012883049E+03
    0.131370304188728415E+01    0.142186526934007702E+04   -0.470176059015460446E+01    0.373500774754486201E+03
    0.131546097973131837E+01    0.133028188503393267E+04   -0.454457726454757527E+01    0.373334218789208080E+03
    0.131404078784659850E+01    0.139591294062863130E+04   -0.464087059591560802E+01    0.373599281854327103E+03
    0.131552313352637151E+01    0.133572292488228254E+04   -0.458405744455877073E+01    0.373370440395084472E+03
    0.131350486032648450E+01    0.140067982125593358E+04   -0.459599475506221022E+01    0.373218102384594317E+03
    0.131396242469015267E+01    0.139478562358636373E+04   -0.463251854662341778E+01    0.373799906382660367E+03
    0.131454789061674404E+01    0.134433529144225304E+04   -0.453473664404653221E+01    0.373246069389088859E+03
    0.131419413385260908E+01    0.140962277438054525E+04   -0.466370670781160257E+01    0.373212201872482751E+03
    0.131450408757327897E+01    0.137378573635469047E+04   -0.463698046457416613E+01    0.373616112406949185E+03
    0.131450408757327897E+01    0.137378573635469047E+04   -0.463698046457416613E+01    0.373616112406949185E+03
    0.131527031476942469E+01    0.136914537882948434E+04   -0.466639119436144867E+01    0.373421267596520011E+03
    0.131457293104042683E+01    0.138312540165507062E+04   -0.462514119493855791E+01    0.373668285298986405E+03
    0.131536283360998385E+01    0.133251766131242198E+04   -0.454891017943794296E+01    0.373482993283192002E+03
    0.131536283360998385E+01    0.133251766131242198E+04   -0.454891017943794296E+01    0.373482993283192002E+03
    0.131504409767836727E+01    0.133994614072547165E+04   -0.456366077973709494E+01    0.373487998195868727E+03
    0.131476357730210380E+01    0.136013179113299111E+04   -0.460862163848237127E+01    0.373634833171444200E+03
    0.131544879447417773E+01    0.135725278710240946E+04   -0.463753817945739844E+01    0.373325380343899326E+03
    0.131437877576843376E+01    0.140821222937995844E+04   -0.471632641483519421E+01    0.373454602238498467E+03
    0.131560574385270979E+01    0.132957210728851351E+04   -0.454885058053399405E+01    0.373194059159165704E+03
    0.131494515123398581E+01    0.136785880192715604E+04   -0.462369246642487486E+01    0.373580903288694117E+03
    0.131495335181406769E+01    0.135265624440566626E+04   -0.460845604005803366E+01    0.373545921260427747E+03
    0.131573761682008716E+01    0.131156181400556579E+04   -0.451747816957021886E+01    0.373202001452327295E+03
    0.131528211015230645E+01    0.136664930630956155E+04   -0.466202069345500725E+01    0.373386335806574039E+03
    0.131388144883086344E+01    0.137364044218006802E+04   -0.457422922928112641E+01    0.373199863137451871E+03
    0.131472522844650874E+01    0.139422598913432330E+04   -0.466203229341508329E+01    0.373369011659334888E+03
    0.131521914084132008E+01    0.134317743231838631E+04   -0.457712586977578351E+01    0.373642078274923620E+03
    0.131521914084132008E+01    0.134317743231838631E+04   -0.457712586977578351E+01    0.373642078274923620E+03
    0.131336246554768588E+01    0.140254427493865751E+04   -0.460747504149858145E+01    0.373249367549678823E+03
    0.131526559921642683E+01    0.137464711479266725E+04   -0.467780830103886647E+01    0.373460559458740249E+03
    0.131430078756948032E+01    0.136860284364432459E+04   -0.459630478576558765E+01    0.373476509121299955E+03
    0.131396742258908850E+01    0.141150509495120423E+04   -0.465801209126388294E+01    0.373483662518038102E+03
    0.131426359881117860E+01    0.141010480893524482E+04   -0.470358932843057964E+01    0.373577032615122050E+03
    0.131426359881117860E+01    0.141010480893524482E+04   -0.470358932843057964E+01    0.373577032615122050E+03
    0.131486900598105305E+01    0.139728065915941716E+04   -0.470715264403704126E+01    0.373204229286898567E+03
    0.131484994948152911E+01    0.135897240773591579E+04   -0.462703974669449991E+01    0.373438503567351290E+03
    0.131530060911995816E+01    0.133806113421638088E+04   -0.459728069802738304E+01    0.373338261383786346E+03
    0.131370065625320365E+01    0.140359860875193226E+04   -0.467044489133269813E+01    0.373246728110166885E+03
    0.131501595197632715E+01    0.136246457674691510E+04   -0.462368553551047246E+01    0.373740747548954687E+03
    0.131501595197632715E+01    0.136246457674691510E+04   -0.462368553551047246E+01    0.373740747548954687E+03
    0.131439495141589102E+01    0.139023283792161919E+04   -0.466407440032507292E+01    0.373757217985034345E+03
    0.131439495141589102E+01    0.139023283792161919E+04   -0.466407440032507292E+01    0.373757217985034345E+03
    0.131504104818060474E+01    0.136535533611292794E+04   -0.460798952283834229E+01    0.373182387232360156E+03
    0.131392538452417096E+01    0.140431664856430280E+04   -0.467465508521408779E+01    0.373701221712897393E+03
    0.131392538452417096E+01    0.140431664856430280E+04   -0.467465508521408779E+01    0.373701221712897393E+03
    0.131450355630298987E+01    0.139552140520541070E+04   -0.471550448943479328E+01    0.373259186004003368E+03
    0.131373907296805026E+01    0.141465048800230397E+04   -0.466311648478599583E+01    0.373722145870333804E+03
    0.131486737537516341E+01    0.138613121124719737E+04   -0.466078915887135192E+01    0.373221339096772681E+03
    0.131413008376785689E+01    0.138796833819580320E+04   -0.459642284421518532E+01    0.373222134066381329E+03
    0.131474651295467870E+01    0.137061574908059856E+04   -0.461230446274722095E+01    0.373687160913534797E+03
    0.131462771044225346E+01    0.138851002343547134E+04   -0.464194151428874324E+01    0.373341653045468718E+03
    0.131426629624382008E+01    0.139950709782195349E+04   -0.469282493575904258E+01    0.373609663885604732E+03
    0.131533040713854232E+01    0.134464358849018345E+04   -0.459130050050984195E+01    0.373667291133612821E+03
    0.131378721974313351E+01    0.138566850237517201E+04   -0.458817040044828772E+01    0.373226162537461391E+03
    0.131512736577752665E+01    0.135053126415957240E+04   -0.456786969789970865E+01    0.373341007734805942E+03
    0.131424879888588597E+01    0.140227481456455598E+04   -0.468314530538203222E+01    0.373788701189650169E+03
    0.131424879888588597E+01    0.140227481456455598E+04   -0.468314530538203222E+01    0.373788701189650169E+03
    0.131428891591465025E+01    0.141779462311418411E+04   -0.473827214580954603E+01    0.373229652397082646E+03
    0.131468209355892895E+01    0.135181148573392488E+04   -0.455173710646627150E+01    0.373507141531039565E+03
    0.131484077505621255E+01    0.137975482299502482E+04   -0.463392450378697518E+01    0.373378677755450894E+03
    0.131589407346959075E+01    0.132736226230837860E+04   -0.458110696703160247E+01    0.373146749652934204E+03
    0.131413999204791354E+01    0.137634306353275701E+04   -0.459503826627008838E+01    0.373464416270847551E+03
    0.131448048963484276E+01    0.140111176047671142E+04   -0.470623335038167490E+01    0.373621286400831821E+03
    0.131378687837599806E+01    0.142435639753667738E+04   -0.467965617548242285E+01    0.373464210796514976E+03
    0.131403659269643480E+01    0.142138913281610030E+04   -0.471194548443896988E+01    0.373488886014739990E+03
    0.131356710749591277E+01    0.142834886856486605E+04   -0.470510358745601032E+01    0.373325747521550170E+03
    0.131524895227669480E+01    0.134721586326868328E+04   -0.461781266285230441E+01    0.373437751528153058E+03
    0.131524895227669480E+01    0.134721586326868328E+04   -0.461781266285230441E+01    0.373437751528153058E+03
    0.131518908351836905E+01    0.136968838617601841E+04   -0.468014885551588744E+01    0.373385385843046492E+03
    0.131465358306482027E+01    0.136535061528771894E+04   -0.459600468147840147E+01    0.373540764552563587E+03
    0.131366952975776163E+01    0.140317663636409998E+04   -0.466486895541300672E+01    0.373259718690596515E+03
    0.131386043499316618E+01    0.137882753179098245E+04   -0.459050653390065833E+01    0.373230755778810646E+03
    0.131519347418562682E+01    0.134136562992537552E+04   -0.460601895448055476E+01    0.373237650645429881E+03
    0.131580860447956205E+01    0.131956055416253730E+04   -0.457366756436158006E+01    0.373220882158668644E+03
    0.131563087592779682E+01    0.134552053812550503E+04   -0.461501686410976930E+01    0.373204505497799005E+03
    0.131543522512747368E+01    0.136327404781812220E+04   -0.467327511380065719E+01    0.373357422148392459E+03
    0.131383418033789900E+01    0.142661668037560344E+04   -0.470198725416845331E+01    0.373206514687145955E+03
    0.131420212830360783E+01    0.138446890155824440E+04   -0.462434210263353762E+01    0.373812999123373231E+03
    0.131503941122060897E+01    0.135435496743703561E+04   -0.456445513072078768E+01    0.373369364341856908E+03
    0.131481536739869487E+01    0.139868663811856277E+04   -0.470463564283791591E+01    0.373270132520960374E+03
    0.131374189824724108E+01    0.138109947262316700E+04   -0.458138471413776660E+01    0.373200216745615251E+03
    0.131462929861415789E+01    0.134227664974849517E+04   -0.454284814573768525E+01    0.373195010051501015E+03
    0.131501970492942233E+01    0.139367159605079587E+04   -0.469336372806073943E+01    0.373160107664527345E+03
    0.131512986101980722E+01    0.138329805076497314E+04   -0.468030518591019273E+01    0.373358393087984041E+03
    0.131420857906623278E+01    0.137752703848241981E+04   -0.459655092522914543E+01    0.373537015070868449E+03
    0.131427075157047413E+01    0.136295165338816514E+04   -0.455326990849627755E+01    0.373427210954502584E+03
    0.131449347438386366E+01    0.139173048345390771E+04   -0.467967502918727885E+01    0.373731958466789195E+03
    0.131449347438386366E+01    0.139173048345390771E+04   -0.467967502918727885E+01    0.373731958466789195E+03
    0.131466893986961075E+01    0.136780956866078941E+04   -0.463600398354985188E+01    0.373513810377829373E+03
    0.131514735718600306E+01    0.135981541812158957E+04   -0.466202323117116713E+01    0.373233015614634041E+03
    0.131437374147914277E+01    0.140131523605228540E+04   -0.468779405060726617E+01    0.373736119363149442E+03
    0.131437374147914277E+01    0.140131523605228540E+04   -0.468779405060726617E+01    0.373736119363149442E+03
    0.131363436205104400E+01    0.142487202393881535E+04   -0.468899622075438405E+01    0.373629326683078318E+03
    0.131381830214139694E+01    0.141529367262214510E+04   -0.469256814603911021E+01    0.373404726420557836E+03
    0.131522955060569613E+01    0.134976442660210614E+04   -0.464070561873627430E+01    0.373156278905577437E+03
    0.131440778532725244E+01    0.138453104313894050E+04   -0.462197760317956785E+01    0.373810607215069126E+03
    0.131440778532725244E+01    0.138453104313894050E+04   -0.462197760317956785E+01    0.373810607215069126E+03
    0.131358769140863707E+01    0.142448134748080111E+04   -0.465871961523511846E+01    0.373356184691094654E+03
    0.131451060341748804E+01    0.138940001616099835E+04   -0.464452261108411157E+01    0.373594775792186510E+03
    0.131481282086084317E+01    0.137631045943730396E+04   -0.467385068908510437E+01    0.373475003486964340E+03
    0.131465445319216223E+01    0.137139083130431845E+04   -0.464748459091540589E+01    0.373520968706153269E+03
    0.131386606460544852E+01    0.139422959298330738E+04   -0.460612079764193361E+01    0.373625293050855248E+03
    0.131357072079990855E+01    0.142452909336046787E+04   -0.465947768387602057E+01    0.373391089150554876E+03
    0.131346341219100937E+01    0.143810367927923676E+04   -0.471551563080310654E+01    0.373172996950513607E+03
    0.131555621066150441E+01    0.134315870968344552E+04   -0.463931729871177545E+01    0.373197339819104684E+03
    0.131385064058144518E+01    0.140366063409183585E+04   -0.461212899574928858E+01    0.373277508123171287E+03
    0.131489504963576964E+01    0.135340350413239457E+04   -0.456833537915428156E+01    0.373631914712206424E+03
    0.131559255247306517E+01    0.131161943673323799E+04   -0.451506166971327438E+01    0.373196061327765051E+03
    0.131431868202715596E+01    0.141024009021377060E+04   -0.468207964549986144E+01    0.373308475524027585E+03
    0.131332743927040596E+01    0.140379122379513228E+04   -0.459538416328113097E+01    0.373207343535786663E+03
    0.131403839117171239E+01    0.139456794706875235E+04   -0.466556070150310553E+01    0.373512322955448553E+03
    0.131450104121977063E+01    0.137118064941146645E+04   -0.460987818649631631E+01    0.373736752836265453E+03
    0.131450104121977063E+01    0.137118064941146645E+04   -0.460987818649631631E+01    0.373736752836265453E+03
    0.131428975914170421E+01    0.135977605115459096E+04   -0.456144939678649486E+01    0.373315169135107681E+03
    0.131380977070907279E+01    0.143066326735635562E+04   -0.473393975160972680E+01    0.373297149359869991E+03
    0.131427327331223998E+01    0.138642656936644880E+04   -0.461481283923420893E+01    0.373445967176786041E+03
    0.131502578419231786E+01    0.139367416345459606E+04   -0.470883884525808227E+01    0.373289695764058365E+03
    0.131466369888564216E+01    0.135786066555333173E+04   -0.458186502791996553E+01    0.373562579696451621E+03
    0.131441004496654212E+01    0.138075695765014461E+04   -0.463538051444966559E+01    0.373763398885438789E+03
    0.131441004496654212E+01    0.138075695765014461E+04   -0.463538051444966559E+01    0.373763398885438789E+03
    0.131502592974646904E+01    0.139187560267455819E+04   -0.472585698875253790E+01    0.373224731616138001E+03
    0.131482070387524907E+01    0.137620328349690044E+04   -0.465593632337279661E+01    0.373616776044363462E+03
    0.131468520069945560E+01    0.135560735922149343E+04   -0.459397555239617716E+01    0.373432325656245098E+03
    0.131417940269309508E+01    0.136041020760687752E+04   -0.453661952219952003E+01    0.373153939681295128E+03
    0.131362722944752419E+01    0.143216406022912020E+04   -0.472326142068413990E+01    0.373359265609938006E+03
    0.131531747137475996E+01    0.132984407346769558E+04   -0.453809693502229283E+01    0.373370568340737123E+03
    0.131468010309652872E+01    0.139235381196982144E+04   -0.468499980159205442E+01    0.373691379940467414E+03
    0.131348238154134167E+01    0.142093898491888058E+04   -0.469037737555382250E+01    0.373290504393913409E+03
    0.131492748284584882E+01    0.137249923126169188E+04   -0.460948791194668051E+01    0.373292683500983060E+03
    0.131377781725790932E+01    0.140872317583223162E+04   -0.467945097280302313E+01    0.373448605849838827E+03
    0.131533254398683508E+01    0.135822253677539948E+04   -0.465488159847029959E+01    0.373407467585293318E+03
    0.131500054213787854E+01    0.133900152743644867E+04   -0.452516016309803693E+01    0.373166990012080475E+03
    0.131491184097545677E+01    0.133443180131154850E+04   -0.453326731383976878E+01    0.373352324005402693E+03
    0.131411428359488180E+01    0.141283609723564064E+04   -0.472808421495604847E+01    0.373302142099712057E+03
    0.131542583355095788E+01    0.133370525132440184E+04   -0.453372472166141094E+01    0.373172461247306614E+03
    0.131542639026727026E+01    0.132534457641968493E+04   -0.454871749377744550E+01    0.373284379669595808E+03
    0.131560870642115058E+01    0.133483999092715203E+04   -0.457907808558260854E+01    0.373525306920084347E+03
    0.131560870642115058E+01    0.133483999092715203E+04   -0.457907808558260854E+01    0.373525306920084347E+03
    0.131350789785601219E+01    0.139956879841898217E+04   -0.459301143427398362E+01    0.373154330281836792E+03
    0.131471260483801755E+01    0.140402250859187347E+04   -0.474209828249174326E+01    0.373268982371157335E+03
    0.131474366475022020E+01    0.133407470213667330E+04   -0.451764983444931545E+01    0.373158264368861637E+03
    0.131454789410510742E+01    0.138274026828776073E+04   -0.461583719458625819E+01    0.373543474054359706E+03
    0.131454789410510742E+01    0.138274026828776073E+04   -0.461583719458625819E+01    0.373543474054359706E+03
    0.131516163074159698E+01    0.134745681379367943E+04   -0.460634574616337922E+01    0.373504156281742098E+03
    0.131441682835603624E+01    0.138244491239446211E+04   -0.460684198545874679E+01    0.373578519378523822E+03
    0.131414935408432654E+01    0.140369143860854183E+04   -0.467426881037653885E+01    0.373844275139329625E+03
    0.131414935408432654E+01    0.140369143860854183E+04   -0.467426881037653885E+01    0.373844275139329625E+03
    0.131378802576795262E+01    0.140006124541435202E+04   -0.466874649321921265E+01    0.373232522769454079E+03
    0.131412248986071178E+01    0.136939459516151783E+04   -0.456013527975555810E+01    0.373308887362437190E+03
    0.131429203449010945E+01    0.137854211440004610E+04   -0.459251808496204106E+01    0.373473587496812002E+03
    0.131446439466301035E+01    0.140516262031976703E+04   -0.471856828055178745E+01    0.373350684186671401E+03
    0.131345521129459386E+01    0.142048129537861837E+04   -0.465126308083749329E+01    0.373343645470705837E+03
    0.131462023237426484E+01    0.139427783428803241E+04   -0.465472436827139191E+01    0.373477087291302269E+03
    0.131355214078861171E+01    0.139864901077570312E+04   -0.462410306892497669E+01    0.373292537265975056E+03
    0.131569700893777131E+01    0.133667194125029710E+04   -0.462101629594949870E+01    0.373237818337492229E+03
    0.131379632742168795E+01    0.141351320393711103E+04   -0.463677238164399075E+01    0.373255628259751518E+03
    0.131452139551415148E+01    0.139151931793892027E+04   -0.466726033166435705E+01    0.373771292026228593E+03
    0.131439489474289961E+01    0.140141342021065429E+04   -0.470042136629296614E+01    0.373671962464635101E+03
    0.131384406707989787E+01    0.142218558748484156E+04   -0.470392091618872410E+01    0.373566373321654396E+03
    0.131466277961108857E+01    0.138206601801529928E+04   -0.469061138132045752E+01    0.373274947958993380E+03
    0.131405270272101959E+01    0.140620387779267094E+04   -0.466336196177830864E+01    0.373487701195126874E+03
    0.131332120482578540E+01    0.141660610298025495E+04   -0.464087820629871395E+01    0.373151894381219563E+03
    0.131423256445813319E+01    0.138662665398482068E+04   -0.463209945925407851E+01    0.373653694021950855E+03
    0.131423256445813319E+01    0.138662665398482068E+04   -0.463209945925407851E+01    0.373653694021950855E+03
    0.131554333261379042E+01    0.133713623564001455E+04   -0.458395143046131537E+01    0.373368996896394037E+03
    0.131358220118844393E+01    0.142898102628728338E+04   -0.472383329847058953E+01    0.373155889317441847E+03
    0.131452363929074667E+01    0.138319463478880357E+04   -0.465590977041434417E+01    0.373790912304063681E+03
    0.131487304584086484E+01    0.137225306854476480E+04   -0.466905181580570172E+01    0.373471763258905753E+03
    0.131349821147904522E+01    0.143949780550116111E+04   -0.473290235899545841E+01    0.373152860425915264E+03
    0.131510989643290799E+01    0.139254108265534205E+04   -0.471953527109719939E+01    0.373168509440925163E+03
    0.131539867394619225E+01    0.136400940557612375E+04   -0.465210146938476754E+01    0.373470943944453836E+03
