    0.153456212752461418E+01    0.154897880554199219E+04   -0.197337305545806885E+01   -0.327111280426059733E+06   -0.599146350544150419E+01    1
    0.153615966301560380E+01    0.157861013412475586E+04   -0.410227739810943604E+01   -0.239243302769851143E+06   -0.599396350544151169E+01    1
    0.155449994881153097E+01    0.890658783912658691E+03   -0.151840692758560181E+01   -0.236115554156435101E+06   -0.599646350544151474E+01    1
    0.150154332404136648E+01    0.150231966972351074E+04   -0.223749226331710815E+01   -0.227564602101958619E+06   -0.599896350544151957E+01    1
    0.155226638812422735E+01    0.152943150997161865E+04   -0.840319252014160156E+01   -0.213362177033307526E+06   -0.600146350544151552E+01    1
    0.154767936653494820E+01    0.122155275344848633E+04   -0.476320713758468628E+01   -0.207779814763491100E+06   -0.600396350544151858E+01    1
    0.154200296376943569E+01    0.135547931194305420E+04   -0.476478332281112671E+01   -0.207534008311903017E+06   -0.600646350544151630E+01    1
    0.155735903674364073E+01    0.899120402336120605E+03   -0.456752085685729980E+01   -0.204565619069451030E+06   -0.600896350544152469E+01    1
    0.151445852608680709E+01    0.126466014385223389E+04   -0.132180601358413696E+01   -0.204498779137166421E+06   -0.601146350544151886E+01    1
    0.155858710266351697E+01    0.108282110691070557E+04   -0.118612720966339111E+02   -0.203888335098190379E+06   -0.601396350544150859E+01    1
    0.156269085397124274E+01    0.889955186843872070E+03   -0.837010312080383301E+01   -0.202378222874920204E+06   -0.601646350544151520E+01    1
    0.155627871977090826E+01    0.107424068450927734E+04   -0.737796139717102051E+01   -0.199442901558784710E+06   -0.601896350544151559E+01    1
    0.155321582091450683E+01    0.676063466072082520E+03   -0.308769208192825317E+01   -0.193063236821709957E+06   -0.602146350544152753E+01    1
    0.152108462895154939E+01    0.103123278617858887E+04   -0.145191603899002075E+01   -0.188433836715344369E+06   -0.602396350544153325E+01    1
    0.152865535304546341E+01    0.948569750785827637E+03   -0.246554344892501831E+01   -0.188413899313803820E+06   -0.602646350544152298E+01    1
    0.156011698468923554E+01    0.594267392158508301E+03   -0.485424035787582397E+01   -0.187549686590861005E+06   -0.602896350544150561E+01    1
    0.154596540584564202E+01    0.713351035118103027E+03   -0.271302878856658936E+01   -0.187381539330289350E+06   -0.603146350544150955E+01    1
    0.152805947279334053E+01    0.138040525913238525E+04   -0.486049133539199829E+01   -0.180543218555759988E+06   -0.603396350544152682E+01    1
    0.153550030903816204E+01    0.142661077976226807E+04   -0.787681287527084351E+01   -0.176806287306385377E+06   -0.603646350544153165E+01    1
    0.153720756270289405E+01    0.703446459770202637E+03   -0.215845614671707153E+01   -0.175643611768554227E+06   -0.603896350544152227E+01    1
    0.154276822069287278E+01    0.109256095886230469E+04   -0.111859967112541199E+02   -0.175077166587815474E+06   -0.604146350544151556E+01    1
    0.154431598811745641E+01    0.990383028984069824E+03   -0.858626669645309448E+01   -0.173377075965693744E+06   -0.604396350544152039E+01    1
    0.154473831195831290E+01    0.943047976493835449E+03   -0.832319062948226929E+01   -0.172051095090770279E+06   -0.604646350544152966E+01    1
    0.149505065694451322E+01    0.124001214504241943E+04   -0.219964480400085449E+01   -0.172006928086081520E+06   -0.604896350544152206E+01    1
    0.153990125929713240E+01    0.113155891895294189E+04   -0.982602226734161377E+01   -0.171727716135312163E+06   -0.605146350544152156E+01    1
    0.150137411747574800E+01    0.112252902984619141E+04   -0.197906541824340820E+01   -0.169118883810002066E+06   -0.605396350544152995E+01    1
    0.155152460578680018E+01    0.596803259849548340E+03   -0.881566852331161499E+01   -0.168297642221503600E+06   -0.605646350544151790E+01    1
    0.152832418155670147E+01    0.150117347240447998E+04   -0.102674446105957031E+02   -0.167000295871118549E+06   -0.605896350544151829E+01    1
    0.152803597390651680E+01    0.815078139305114746E+03   -0.274145060777664185E+01   -0.166467517218839610E+06   -0.606146350544153112E+01    1
    0.154700241876840572E+01    0.703562831878662109E+03   -0.900246417522430420E+01   -0.165068291134331463E+06   -0.606396350544153950E+01    1
    0.152711565349102019E+01    0.149983136653900146E+04   -0.100067760944366455E+02   -0.164848048041994218E+06   -0.606646350544153368E+01    1
    0.153492972593307475E+01    0.115999512672424316E+04   -0.944106984138488770E+01   -0.164328575352277869E+06   -0.606896350544153407E+01    1
    0.152538307837843878E+01    0.152726314067840576E+04   -0.774966311454772949E+01   -0.163207642931678361E+06   -0.607146350544153712E+01    1
    0.153137006984353041E+01    0.127804658412933350E+04   -0.114220651984214783E+02   -0.163121499635725835E+06   -0.607396350544151886E+01    1
    0.153200755308866476E+01    0.653227353096008301E+03   -0.222264701128005981E+01   -0.160485764056390210E+06   -0.607646350544150149E+01    1
    0.146651722474694246E+01    0.149920458793640137E+04   -0.159009253978729248E+01   -0.156967552282090328E+06   -0.607896350544150277E+01    1
    0.151635634673237796E+01    0.156970090866088867E+04   -0.607502532005310059E+01   -0.154426389874829096E+06   -0.608146350544151737E+01    1
    0.153564859260320641E+01    0.878637480735778809E+03   -0.898704719543457031E+01   -0.153990688742913480E+06   -0.608396350544153197E+01    1
    0.153682011052966105E+01    0.775345540046691895E+03   -0.718747574090957642E+01   -0.151529889376862440E+06   -0.608646350544153236E+01    1
    0.151763802024722083E+01    0.153478012084960938E+04   -0.697527033090591431E+01   -0.151196164243555802E+06   -0.608896350544152032E+01    1
    0.154485719153881051E+01    0.447631096839904785E+03   -0.884584814310073853E+01   -0.151086261759753892E+06   -0.609146350544151804E+01    1
    0.151679502502083752E+01    0.117662239074707031E+04   -0.459483200311660767E+01   -0.150970332850547537E+06   -0.609396350544151844E+01    1
    0.151900017805695509E+01    0.141201927661895752E+04   -0.100396156907081604E+02   -0.147743421307644167E+06   -0.609646350544151083E+01    1
    0.152962648646235455E+01    0.881092953681945801E+03   -0.114514082074165344E+02   -0.144402317395309656E+06   -0.609896350544150234E+01    1
    0.151090064395666102E+01    0.109826569557189941E+04   -0.407101726531982422E+01   -0.143584503394936619E+06   -0.610146350544149918E+01    1
    0.153456475201249098E+01    0.656800770759582520E+03   -0.920808488130569458E+01   -0.143109167525360739E+06   -0.610396350544150579E+01    1
    0.152461495395898794E+01    0.101528165340423584E+04   -0.689956033229827881E+01   -0.142387869649105036E+06   -0.610646350544152394E+01    1
    0.152927903342843052E+01    0.604402422904968262E+03   -0.101645421981811523E+01   -0.142028531823979021E+06   -0.610896350544153233E+01    1
    0.151984346489310251E+01    0.105711939334869385E+04   -0.111529991030693054E+02   -0.135859194606918754E+06   -0.611146350544151318E+01    1
    0.151471667363047580E+01    0.123166489601135254E+04   -0.892491048574447632E+01   -0.134331106769993930E+06   -0.611396350544150202E+01    1
    0.153088645935058576E+01    0.455179476737976074E+03   -0.414608210325241089E+01   -0.134049920781054214E+06   -0.611646350544151840E+01    1
    0.152082378401756269E+01    0.957225203514099121E+03   -0.813048493862152100E+01   -0.133757803548358934E+06   -0.611896350544151613E+01    1
    0.151321663300395004E+01    0.125293416976928711E+04   -0.784006166458129883E+01   -0.132920969714879204E+06   -0.612146350544151030E+01    1
    0.151522553266882887E+01    0.112811875343322754E+04   -0.110610046982765198E+02   -0.131405429346431600E+06   -0.612396350544150803E+01    1
    0.153001401153802852E+01    0.501440930366516113E+03   -0.878545874357223511E+01   -0.130509002093867850E+06   -0.612646350544151108E+01    1
    0.152658623596429810E+01    0.544508695602416992E+03   -0.667792075872421265E+01   -0.127475155279268118E+06   -0.612896350544151858E+01    1
    0.152336426398158054E+01    0.645948624610900879E+03   -0.810687363147735596E+01   -0.125972462345438471E+06   -0.613146350544150476E+01    1
    0.151528577438592893E+01    0.918817114830017090E+03   -0.713933062553405762E+01   -0.124497552116708772E+06   -0.613396350544150160E+01    1
    0.151574306709766371E+01    0.895996236801147461E+03   -0.110853686928749084E+02   -0.124002189314302683E+06   -0.613646350544149932E+01    1
    0.150009305148124694E+01    0.769153141975402832E+03   -0.182674062252044678E+01   -0.123794652469565161E+06   -0.613896350544150327E+01    1
    0.150585895414352411E+01    0.128971090316772461E+04   -0.992295700311660767E+01   -0.123096998445802848E+06   -0.614146350544151343E+01    1
    0.150868132354617113E+01    0.115844624042510986E+04   -0.750918668508529663E+01   -0.123013180813695886E+06   -0.614396350544152714E+01    1
    0.151345026102662072E+01    0.836679720878601074E+03   -0.624420887231826782E+01   -0.119429302586045596E+06   -0.614646350544152309E+01    1
    0.149474944835901247E+01    0.128665111064910889E+04   -0.495751196146011353E+01   -0.118432716883008645E+06   -0.614896350544151282E+01    1
    0.149673283216953257E+01    0.151714663505554199E+04   -0.105416700243949890E+02   -0.117376684535338543E+06   -0.615146350544152742E+01    1
    0.149494271273016910E+01    0.155998029708862305E+04   -0.767696386575698853E+01   -0.116388288619048268E+06   -0.615396350544151360E+01    1
    0.150346150876879681E+01    0.118358347415924072E+04   -0.104988868236541748E+02   -0.116114607621609568E+06   -0.615646350544150067E+01    1
    0.151463633514046658E+01    0.686920475959777832E+03   -0.107463715076446533E+02   -0.114966093381854400E+06   -0.615896350544150195E+01    1
    0.151013818162679669E+01    0.812679457664489746E+03   -0.795429247617721558E+01   -0.112824551092629234E+06   -0.616146350544151922E+01    1
    0.149398309789896011E+01    0.976871991157531738E+03   -0.388295751810073853E+01   -0.112125097583663824E+06   -0.616396350544152849E+01    1
    0.147092855145335188E+01    0.106921586990356445E+04   -0.161222141981124878E+01   -0.112080338646458331E+06   -0.616646350544150668E+01    1
    0.151034340199828132E+01    0.746722507476806641E+03   -0.694370728731155396E+01   -0.111397322559354783E+06   -0.616896350544149996E+01    1
    0.151290524237751933E+01    0.418644213676452637E+03   -0.143293100595474243E+01   -0.110902983001134548E+06   -0.617146350544152167E+01    1
    0.151033329285979256E+01    0.737012696266174316E+03   -0.886629986763000488E+01   -0.110694625265162904E+06   -0.617396350544153449E+01    1
    0.147624909310340868E+01    0.108309376239776611E+04   -0.289225232601165771E+01   -0.109614656133143333E+06   -0.617646350544151179E+01    1
    0.151355023457407944E+01    0.475654745101928711E+03   -0.475865232944488525E+01   -0.109143834345506490E+06   -0.617896350544150152E+01    1
    0.149687394699454290E+01    0.752382969856262207E+03   -0.108156627416610718E+01   -0.107962122577084592E+06   -0.618146350544150103E+01    1
    0.144702855539917929E+01    0.133668575286865234E+04   -0.217079156637191772E+01   -0.105672800049705605E+06   -0.618396350544151829E+01    1
    0.146954962608218187E+01    0.158252000808715820E+04   -0.467330819368362427E+01   -0.103095822172330547E+06   -0.618646350544152934E+01    1
    0.149618290475606908E+01    0.100204362869262695E+04   -0.783412146568298340E+01   -0.100708495035634493E+06   -0.618896350544151730E+01    1
    0.150437531656622880E+01    0.657071852684020996E+03   -0.100106922984123230E+02   -0.100445552170782423E+06   -0.619146350544153012E+01    1
    0.149743957273364048E+01    0.932102346420288086E+03   -0.113623924255371094E+02   -0.100135187610936686E+06   -0.619396350544153673E+01    1
    0.148949721629619591E+01    0.991377878189086914E+03   -0.463417565822601318E+01   -0.998729269427612162E+05   -0.619646350544151137E+01    1
    0.149925666607618324E+01    0.812703418731689453E+03   -0.116984942555427551E+02   -0.984166434813156084E+05   -0.619896350544150465E+01    1
    0.145978733310699438E+01    0.146629617214202881E+04   -0.393263882398605347E+01   -0.979196510284094984E+05   -0.620146350544151748E+01    1
    0.149547869147658341E+01    0.529827356338500977E+03   -0.191802823543548584E+01   -0.969368302408603340E+05   -0.620396350544150987E+01    1
    0.150212301995158182E+01    0.522396922111511230E+03   -0.831849223375320435E+01   -0.937233403587217326E+05   -0.620646350544149783E+01    1
    0.149680483548045151E+01    0.545410418510437012E+03   -0.375627720355987549E+01   -0.931549853951492696E+05   -0.620896350544150710E+01    1
    0.148076474320292473E+01    0.138400900363922119E+04   -0.696112793684005737E+01   -0.926445978573022439E+05   -0.621146350544150838E+01    1
    0.115929416356086712E+01    0.550986695289611816E+03   -0.115620067119598389E+02   -0.877145820165591576E+05   -0.621396350544150700E+01    1
    0.149282803162336331E+01    0.645650005340576172E+03   -0.695630431175231934E+01   -0.862988185126365570E+05   -0.621646350544150472E+01    1
    0.149838195828795406E+01    0.414519977569580078E+03   -0.117058978676795959E+02   -0.861804298996019788E+05   -0.621896350544153709E+01    1
    0.115753590248823146E+01    0.731403660774230957E+03   -0.531614196300506592E+01   -0.860213032967304753E+05   -0.622146350544152416E+01    1
    0.116007499730586994E+01    0.521271538734436035E+03   -0.394565677642822266E+01   -0.852901660697269108E+05   -0.622396350544153076E+01    1
    0.115566758303046213E+01    0.106736943721771240E+04   -0.833280313014984131E+01   -0.848267128671426617E+05   -0.622646350544153204E+01    1
    0.115570386414527881E+01    0.111027855873107910E+04   -0.754912042617797852E+01   -0.842431983927673427E+05   -0.622896350544151112E+01    1
    0.147840401635766017E+01    0.113658587932586670E+04   -0.616521471738815308E+01   -0.842159437559458456E+05   -0.623146350544149907E+01    1
    0.147205124904513340E+01    0.903561568260192871E+03   -0.339919453859329224E+01   -0.841183936959311977E+05   -0.623396350544151101E+01    1
    0.148650622354745843E+01    0.830757260322570801E+03   -0.753046911954879761E+01   -0.835830787893495435E+05   -0.623646350544152739E+01    1
    0.144856349199414236E+01    0.121118834018707275E+04   -0.115130066871643066E+01   -0.833218352883968764E+05   -0.623896350544154199E+01    1
    0.148281378781199447E+01    0.846895718574523926E+03   -0.522486811876296997E+01   -0.828844184242614283E+05   -0.624146350544154416E+01    1
    0.147709216123223297E+01    0.119450550079345703E+04   -0.766108924150466919E+01   -0.826425324595019774E+05   -0.624396350544154188E+01    1
    0.116376925560235978E+01    0.663380765914916992E+03   -0.959876900911331177E+01   -0.824261169349949923E+05   -0.624646350544154139E+01    1
    0.116195189495086670E+01    0.842768764495849609E+03   -0.109311916828155518E+02   -0.820503065635302046E+05   -0.624896350544154089E+01    1
    0.146826484206318852E+01    0.794562029838562012E+03   -0.231523805856704712E+01   -0.816308837947991124E+05   -0.625146350544151908E+01    1
    0.146677588260769820E+01    0.159290895462036133E+04   -0.118725125789642334E+02   -0.805805668942860357E+05   -0.625396350544150437E+01    1
    0.115852414367794987E+01    0.745605134963989258E+03   -0.291658091545104980E+01   -0.794168490748071490E+05   -0.625646350544151275E+01    1
    0.116090139507651324E+01    0.849634146690368652E+03   -0.401799607276916504E+01   -0.784525908179307880E+05   -0.625896350544152913E+01    1
    0.147606027578115451E+01    0.595148801803588867E+03   -0.175960850715637207E+01   -0.782334688928296819E+05   -0.626146350544153396E+01    1
    0.115838254283666608E+01    0.710032320022583008E+03   -0.171717935800552368E+01   -0.781499683695981366E+05   -0.626396350544151304E+01    1
    0.116448258168697349E+01    0.978862977027893066E+03   -0.567424285411834717E+01   -0.768038458004226850E+05   -0.626646350544151076E+01    1
    0.147247141011357296E+01    0.117649679183959961E+04   -0.101714966297149658E+02   -0.767957466145856597E+05   -0.626896350544153069E+01    1
    0.143869228277206407E+01    0.117927706241607666E+04   -0.240631848573684692E+01   -0.767784542553642095E+05   -0.627146350544152575E+01    1
    0.115797684075236318E+01    0.158532252311706543E+04   -0.691362142562866211E+01   -0.766332242925172177E+05   -0.627396350544150305E+01    1
    0.148180834164619424E+01    0.765175819396972656E+03   -0.970092666149139404E+01   -0.765333783782962419E+05   -0.627646350544151854E+01    1
    0.116244605199694617E+01    0.793962574005126953E+03   -0.327549415826797485E+01   -0.759528704194533202E+05   -0.627896350544151893E+01    1
    0.145656261513233165E+01    0.158432910442352295E+04   -0.549876701831817627E+01   -0.756545343025453330E+05   -0.628146350544150600E+01    1
    0.116475166459679591E+01    0.120465133190155029E+04   -0.917362385988235474E+01   -0.752651350561863655E+05   -0.628396350544150373E+01    1
    0.117552598925828922E+01    0.421663880348205566E+03   -0.689905679225921631E+01   -0.748787834151531424E+05   -0.628646350544151566E+01    1
    0.117193151010274876E+01    0.491812658309936523E+03   -0.302458173036575317E+01   -0.742169027123575070E+05   -0.628896350544151872E+01    1
    0.117025640641450868E+01    0.990557551383972168E+03   -0.109488660693168640E+02   -0.729216805586165283E+05   -0.629146350544151289E+01    1
    0.117778487139344201E+01    0.418525767326354980E+03   -0.532098001241683960E+01   -0.725575481282087276E+05   -0.629396350544151328E+01    1
    0.117187481630444523E+01    0.104167366027832031E+04   -0.935550999641418457E+01   -0.709892003465297312E+05   -0.629646350544151456E+01    1
    0.117693482893109302E+01    0.664471244812011719E+03   -0.668741786479949951E+01   -0.708901222813210479E+05   -0.629896350544151140E+01    1
    0.117867292032837856E+01    0.434390640258789062E+03   -0.372540587186813354E+01   -0.704952730394169193E+05   -0.630146350544151979E+01    1
    0.115557657648324952E+01    0.143969881534576416E+04   -0.416534775495529175E+01   -0.704186183115241874E+05   -0.630396350544154327E+01    1
    0.116764382593631733E+01    0.142479774951934814E+04   -0.989436405897140503E+01   -0.704043878503031447E+05   -0.630646350544153300E+01    1
    0.117705944350361813E+01    0.728544926643371582E+03   -0.992036062479019165E+01   -0.703046121310617600E+05   -0.630896350544153339E+01    1
    0.116420834700465181E+01    0.876917433738708496E+03   -0.278205180168151855E+01   -0.701564044350611075E+05   -0.631146350544152401E+01    1
    0.117663828610181809E+01    0.786653161048889160E+03   -0.693495893478393555E+01   -0.698554224157063290E+05   -0.631396350544150398E+01    1
    0.117959013023972492E+01    0.621343755722045898E+03   -0.896739077568054199E+01   -0.693721502307152696E+05   -0.631646350544151769E+01    1
    0.118005971916317920E+01    0.434907412528991699E+03   -0.112887018918991089E+01   -0.690872186933732301E+05   -0.631896350544152607E+01    1
    0.116122219011783590E+01    0.915821051597595215E+03   -0.212180262804031372E+01   -0.688958445137593080E+05   -0.632146350544152202E+01    1
    0.147957915510535232E+01    0.506931877136230469E+03   -0.619370275735855103E+01   -0.685203964915975957E+05   -0.632396350544152774E+01    1
    0.145440419256091102E+01    0.133560199737548828E+04   -0.512699842453002930E+01   -0.681728651977589034E+05   -0.632646350544152636E+01    1
    0.117196888475418071E+01    0.768279385566711426E+03   -0.301070815324783325E+01   -0.675992845029371238E+05   -0.632896350544151876E+01    1
    0.117325541843175873E+01    0.125762116909027100E+04   -0.985032200813293457E+01   -0.674863392205590353E+05   -0.633146350544152003E+01    1
    0.117607363239526741E+01    0.796322488784790039E+03   -0.426106166839599609E+01   -0.671680497193709743E+05   -0.633396350544152309E+01    1
    0.117780278109312042E+01    0.100222616195678711E+04   -0.814738631248474121E+01   -0.664944468684778403E+05   -0.633646350544152615E+01    1
    0.117349446553587899E+01    0.135103406906127930E+04   -0.746342223882675171E+01   -0.661984481062169361E+05   -0.633896350544152920E+01    1
    0.146844636914134008E+01    0.904267311096191406E+03   -0.776583081483840942E+01   -0.660577225812543620E+05   -0.634146350544152781E+01    1
    0.117315398683547967E+01    0.842454910278320312E+03   -0.336318880319595337E+01   -0.659997142826506606E+05   -0.634396350544151222E+01    1
    0.117432251576185220E+01    0.135463244915008545E+04   -0.106536099910736084E+02   -0.655920081216662074E+05   -0.634646350544149573E+01    1
    0.118737093486785872E+01    0.402822470664978027E+03   -0.103464020490646362E+02   -0.654728931626166377E+05   -0.634896350544151034E+01    1
    0.118403416584134091E+01    0.656912851333618164E+03   -0.104607751369476318E+02   -0.653738582062596470E+05   -0.635146350544150984E+01    1
    0.145257543482780438E+01    0.146747140884399414E+04   -0.591078734397888184E+01   -0.653345375133747075E+05   -0.635396350544149158E+01    1
    0.145304026079177850E+01    0.799435997009277344E+03   -0.143641644716262817E+01   -0.652297160317963499E+05   -0.635646350544149996E+01    1
    0.146754471175074563E+01    0.859784698486328125E+03   -0.116191309690475464E+02   -0.638393135851275074E+05   -0.635896350544152256E+01    1
    0.147294595640301695E+01    0.598032712936401367E+03   -0.110673999190330505E+02   -0.634033303729919353E+05   -0.636146350544152384E+01    1
    0.145157681719064691E+01    0.153440225124359131E+04   -0.116798567175865173E+02   -0.626684939462246039E+05   -0.636396350544150557E+01    1
    0.144634876443743687E+01    0.130498518943786621E+04   -0.467744994163513184E+01   -0.624371615354950918E+05   -0.636646350544150952E+01    1
    0.144181199693083739E+01    0.112136924266815186E+04   -0.350426262617111206E+01   -0.620195000502175171E+05   -0.636896350544151346E+01    1
    0.145469288622736914E+01    0.134406912326812744E+04   -0.104359292387962341E+02   -0.617733742940242882E+05   -0.637146350544153250E+01    1
    0.118810727382302272E+01    0.494598937034606934E+03   -0.363535612821578979E+01   -0.617671301388257125E+05   -0.637396350544155155E+01    1
    0.145458861143589013E+01    0.130293605327606201E+04   -0.723598212003707886E+01   -0.610688974871898245E+05   -0.637646350544152529E+01    1
    0.117265504252910602E+01    0.159552500247955322E+04   -0.546311140060424805E+01   -0.609601776551896401E+05   -0.637896350544150614E+01    1
    0.144934038900732975E+01    0.155128092765808105E+04   -0.979836690425872803E+01   -0.607816507756370775E+05   -0.638146350544151897E+01    1
    0.144758436360955223E+01    0.791673898696899414E+03   -0.177196162939071655E+01   -0.607484939279676837E+05   -0.638396350544152380E+01    1
    0.117668224627375584E+01    0.123460431098937988E+04   -0.480784124135971069E+01   -0.606864510677384824E+05   -0.638646350544151620E+01    1
    0.118053292890787120E+01    0.137212917804718018E+04   -0.104612858891487122E+02   -0.604081600795860431E+05   -0.638896350544153080E+01    1
    0.146812457776665672E+01    0.673576951026916504E+03   -0.941242641210556030E+01   -0.603049907609410293E+05   -0.639146350544153830E+01    1
    0.145544890884160982E+01    0.664327263832092285E+03   -0.162818390130996704E+01   -0.602664258526635749E+05   -0.639396350544151737E+01    1
    0.118108188428878780E+01    0.712231945991516113E+03   -0.230703127384185791E+01   -0.597748534888576760E+05   -0.639646350544152220E+01    1
    0.119071769152879714E+01    0.728361821174621582E+03   -0.119681845307350159E+02   -0.593716373660134268E+05   -0.639896350544151460E+01    1
    0.118144768443703652E+01    0.129344339370727539E+04   -0.599470019340515137E+01   -0.593135832170169087E+05   -0.640146350544150433E+01    1
    0.117898044712543482E+01    0.862111282348632812E+03   -0.285702157020568848E+01   -0.588678105176575191E+05   -0.640396350544151272E+01    1
    0.118455998684763908E+01    0.124849679470062256E+04   -0.100741094946861267E+02   -0.585158809422403137E+05   -0.640646350544151311E+01    1
    0.116110659114718429E+01    0.138904047012329102E+04   -0.300968468189239502E+01   -0.579177716031364398E+05   -0.640896350544153304E+01    1
    0.119395101199150067E+01    0.638349533081054688E+03   -0.107063276171684265E+02   -0.578171227065357962E+05   -0.641146350544155297E+01    1
    0.146636036299467065E+01    0.611379885673522949E+03   -0.639802265167236328E+01   -0.577703130787310292E+05   -0.641396350544154892E+01    1
    0.118167557746767993E+01    0.155836188793182373E+04   -0.106365997791290283E+02   -0.576212815496422118E+05   -0.641646350544152533E+01    1
    0.119206769893169384E+01    0.475952720642089844E+03   -0.203267669677734375E+01   -0.571556624790561546E+05   -0.641896350544152039E+01    1
    0.140391434338688836E+01    0.136118698120117188E+04   -0.201370674371719360E+01   -0.564378126456007885E+05   -0.642146350544151190E+01    1
    0.146411606134772287E+01    0.668338274955749512E+03   -0.985635071992874146E+01   -0.564145905966196951E+05   -0.642396350544151495E+01    1
    0.118018846487402906E+01    0.118276422023773193E+04   -0.410797238349914551E+01   -0.557542433234469572E+05   -0.642646350544152956E+01    1
    0.144213371540307977E+01    0.157376477718353271E+04   -0.653747963905334473E+01   -0.554001642311438627E+05   -0.642896350544153616E+01    1
    0.145689789345860454E+01    0.928191113471984863E+03   -0.753373295068740845E+01   -0.553676589670494504E+05   -0.643146350544153833E+01    1
    0.145863056577444050E+01    0.511449360847473145E+03   -0.251721268892288208E+01   -0.545554692498931036E+05   -0.643396350544153695E+01    1
    0.138812190070152264E+01    0.159462456703186035E+04   -0.151097971200942993E+01   -0.542431777267558864E+05   -0.643646350544153023E+01    1
    0.144526703801751122E+01    0.140067367553710938E+04   -0.714999216794967651E+01   -0.541551209261997574E+05   -0.643896350544152440E+01    1
    0.146316643415093406E+01    0.557126665115356445E+03   -0.576876217126846313E+01   -0.540638474458435157E+05   -0.644146350544153545E+01    1
    0.145114824804067588E+01    0.106552500724792480E+04   -0.691705507040023804E+01   -0.530751195760391493E+05   -0.644396350544153229E+01    1
    0.119011172643899910E+01    0.122342936992645264E+04   -0.556701964139938354E+01   -0.527107083244478854E+05   -0.644646350544153979E+01    1
    0.118951378061771385E+01    0.736801123619079590E+03   -0.142921870946884155E+01   -0.526141078234557936E+05   -0.644896350544154906E+01    1
    0.145277538192272182E+01    0.975771856307983398E+03   -0.896372371912002563E+01   -0.524494431087209668E+05   -0.645146350544151925E+01    1
    0.119122288114428510E+01    0.135759432315826416E+04   -0.979140651226043701E+01   -0.523488189747899814E+05   -0.645396350544149033E+01    1
    0.120247026974558824E+01    0.425322628021240234E+03   -0.386172032356262207E+01   -0.522259409136313334E+05   -0.645646350544149072E+01    1
    0.120091487186551094E+01    0.686385536193847656E+03   -0.105921879410743713E+02   -0.521429794422010164E+05   -0.645896350544150355E+01    1
    0.144729292395114895E+01    0.116903839111328125E+04   -0.117548625469207764E+02   -0.512363680128358246E+05   -0.646146350544151460E+01    1
    0.144113050491213790E+01    0.145918924808502197E+04   -0.118892329931259155E+02   -0.511589956584982283E+05   -0.646396350544151854E+01    1
    0.145250936091542227E+01    0.919501972198486328E+03   -0.870896327495574951E+01   -0.511059113349768959E+05   -0.646646350544152693E+01    1
    0.119551362721323962E+01    0.618880629539489746E+03   -0.203335070610046387E+01   -0.509712149860691134E+05   -0.646896350544151133E+01    1
    0.140321737174987771E+01    0.133437075614929199E+04   -0.236671060323715210E+01   -0.508477375632901239E+05   -0.647146350544151172E+01    1
    0.120288632397651662E+01    0.567968297004699707E+03   -0.488008940219879150E+01   -0.508166453220530748E+05   -0.647396350544154586E+01    1
    0.144272799180150013E+01    0.135545971393585205E+04   -0.114524565935134888E+02   -0.506704710466294127E+05   -0.647646350544154359E+01    1
    0.144015779194235782E+01    0.147639107704162598E+04   -0.101799466609954834E+02   -0.506077422993095097E+05   -0.647896350544153865E+01    1
    0.119878964420557010E+01    0.766918969154357910E+03   -0.443975150585174561E+01   -0.504596622706697526E+05   -0.648146350544153194E+01    1
    0.119738632081747043E+01    0.109415876865386963E+04   -0.791134798526763916E+01   -0.504139693807036601E+05   -0.648396350544150657E+01    1
    0.145683633949756608E+01    0.663862991333007812E+03   -0.819594055414199829E+01   -0.497872427499241167E+05   -0.648646350544150696E+01    1
    0.120104179501533492E+01    0.921182537078857422E+03   -0.101262514591217041E+02   -0.495378690899247304E+05   -0.648896350544150824E+01    1
    0.145734867355227449E+01    0.415614604949951172E+03   -0.270843791961669922E+01   -0.494542204895898030E+05   -0.649146350544149886E+01    1
    0.119509234830737099E+01    0.143765811920166016E+04   -0.998835688829421997E+01   -0.487374616258818714E+05   -0.649396350544152856E+01    1
    0.144085658614039414E+01    0.102564957141876221E+04   -0.464436250925064087E+01   -0.483195219663646931E+05   -0.649646350544153872E+01    1
    0.141502219671607010E+01    0.149261093139648438E+04   -0.398247158527374268E+01   -0.481348058139485802E+05   -0.649896350544152046E+01    1
    0.120040076385140404E+01    0.111421890258789062E+04   -0.114720245003700256E+02   -0.480831739998501725E+05   -0.650146350544152618E+01    1
    0.144295182659625998E+01    0.119005367755889893E+04   -0.976580071449279785E+01   -0.477979127751209235E+05   -0.650396350544153723E+01    1
    0.120975458444952944E+01    0.465298342704772949E+03   -0.585105097293853760E+01   -0.476798658009142891E+05   -0.650646350544155183E+01    1
    0.120253787460923189E+01    0.105116217136383057E+04   -0.102042922973632812E+02   -0.471842668257099576E+05   -0.650896350544155666E+01    1
    0.118669398710131624E+01    0.955042886734008789E+03   -0.171825265884399414E+01   -0.470869720699033933E+05   -0.651146350544154462E+01    1
    0.144267494312524791E+01    0.115112645626068115E+04   -0.848573440313339233E+01   -0.468663733153542780E+05   -0.651396350544152725E+01    1
    0.121235977748036383E+01    0.400134468078613281E+03   -0.635634356737136841E+01   -0.466961917407382061E+05   -0.651646350544151254E+01    1
    0.120044817473888377E+01    0.125686857700347900E+04   -0.113721203207969666E+02   -0.466529267572495155E+05   -0.651896350544152003E+01    1
    0.119633842113018019E+01    0.833830857276916504E+03   -0.284715467691421509E+01   -0.466126272675285727E+05   -0.652146350544151776E+01    1
    0.138202878758311254E+01    0.151650290489196777E+04   -0.183808535337448120E+01   -0.462228467421672103E+05   -0.652396350544151549E+01    1
    0.144696508167386040E+01    0.748308014869689941E+03   -0.463256996870040894E+01   -0.459764522456654158E+05   -0.652646350544154163E+01    1
    0.145338380139470091E+01    0.598616504669189453E+03   -0.114425136446952820E+02   -0.456585249677288521E+05   -0.652896350544154469E+01    1
    0.120244623624086366E+01    0.901114034652709961E+03   -0.439816814661026001E+01   -0.456121699029418232E+05   -0.653146350544152288E+01    1
    0.145117211143970470E+01    0.674595332145690918E+03   -0.909775912761688232E+01   -0.451635867612738657E+05   -0.653396350544150284E+01    1
    0.141942739961743336E+01    0.130315470695495605E+04   -0.388981169462203979E+01   -0.451277775459433324E+05   -0.653646350544152011E+01    1
    0.143708733553290346E+01    0.130199913978576660E+04   -0.118644815087318420E+02   -0.447890382854008349E+05   -0.653896350544151694E+01    1
    0.143016818915605537E+01    0.965575170516967773E+03   -0.349349683523178101E+01   -0.440390127017447885E+05   -0.654146350544151645E+01    1
    0.120795931323766692E+01    0.908954882621765137E+03   -0.574925655126571655E+01   -0.439295810333620975E+05   -0.654396350544152305E+01    1
    0.144284551053643217E+01    0.920176386833190918E+03   -0.725644171237945557E+01   -0.430455122617686939E+05   -0.654646350544150213E+01    1
    0.118757856101989745E+01    0.119502055644989014E+04   -0.290297091007232666E+01   -0.430112277332972590E+05   -0.654896350544151318E+01    1
    0.121559156699180582E+01    0.576733040809631348E+03   -0.119540526270866394E+02   -0.429668430915015124E+05   -0.655146350544153577E+01    1
    0.121870700420737266E+01    0.423101043701171875E+03   -0.936334896087646484E+01   -0.423929863783861147E+05   -0.655396350544152639E+01    1
    0.121324306345582000E+01    0.828141641616821289E+03   -0.852021312713623047E+01   -0.421967136551931180E+05   -0.655646350544151346E+01    1
    0.144985874966382955E+01    0.429755783081054688E+03   -0.378432857990264893E+01   -0.419762701579727873E+05   -0.655896350544154050E+01    1
    0.140511925063133236E+01    0.159443366527557373E+04   -0.411267340183258057E+01   -0.418362182536901455E+05   -0.656146350544153023E+01    1
    0.141485316025614738E+01    0.133183588981628418E+04   -0.394777125120162964E+01   -0.417829769572522782E+05   -0.656396350544149687E+01    1
    0.121691681186556799E+01    0.614128184318542480E+03   -0.653711575269699097E+01   -0.415316383391593918E+05   -0.656646350544152924E+01    1
    0.143958028310537323E+01    0.992088198661804199E+03   -0.934715503454208374E+01   -0.415077746039535050E+05   -0.656896350544153496E+01    1
    0.143199787032008152E+01    0.134939076900482178E+04   -0.860552579164505005E+01   -0.414261988678573689E+05   -0.657146350544153623E+01    1
    0.118101692821383475E+01    0.144860389232635498E+04   -0.304726988077163696E+01   -0.413818968899521715E+05   -0.657396350544153485E+01    1
    0.120522036852836600E+01    0.147395162582397461E+04   -0.107184355258941650E+02   -0.413529874525463456E+05   -0.657646350544153258E+01    1
    0.142684451826810821E+01    0.126969554424285889E+04   -0.497381472587585449E+01   -0.413104040335530372E+05   -0.657896350544154984E+01    1
    0.120539436235427844E+01    0.137266561985015869E+04   -0.593591386079788208E+01   -0.408696976327170996E+05   -0.658146350544153069E+01    1
    0.117327828549742685E+01    0.152234075069427490E+04   -0.242252290248870850E+01   -0.401792395013286732E+05   -0.658396350544152664E+01    1
    0.141102077613472932E+01    0.145357656478881836E+04   -0.423981070518493652E+01   -0.399588460990055755E+05   -0.658646350544151371E+01    1
    0.143845680788755415E+01    0.937890982627868652E+03   -0.917221093177795410E+01   -0.397277178128629530E+05   -0.658896350544149989E+01    1
    0.144555631490349756E+01    0.483371281623840332E+03   -0.398923659324645996E+01   -0.396281289186967770E+05   -0.659146350544150383E+01    1
    0.144330102928876869E+01    0.703325009346008301E+03   -0.108857045769691467E+02   -0.393813136987569524E+05   -0.659396350544150245E+01    1
    0.144662868551015844E+01    0.519504570960998535E+03   -0.732801979780197144E+01   -0.390291298243009660E+05   -0.659646350544153037E+01    1
    0.142369119608402239E+01    0.158453667163848877E+04   -0.712925982475280762E+01   -0.388877181262507656E+05   -0.659896350544154586E+01    1
    0.143382118467092501E+01    0.110416419506072998E+04   -0.100418022871017456E+02   -0.388371370560537252E+05   -0.660146350544153382E+01    1
    0.122068100790381417E+01    0.695278882980346680E+03   -0.845704311132431030E+01   -0.385424981648196917E+05   -0.660396350544152799E+01    1
    0.122457538340091698E+01    0.434088230133056641E+03   -0.117399104237556458E+02   -0.385024662018855233E+05   -0.660646350544152128E+01    1
    0.120605179656743999E+01    0.814945960044860840E+03   -0.158569967746734619E+01   -0.383473596314452880E+05   -0.660896350544152167E+01    1
    0.141294107503294919E+01    0.947407817840576172E+03   -0.157214277982711792E+01   -0.383200820211473474E+05   -0.661146350544150341E+01    1
    0.121072557206153864E+01    0.140885105133056641E+04   -0.111602755188941956E+02   -0.382975875029550516E+05   -0.661396350544151090E+01    1
    0.119622860575318324E+01    0.121470267772674561E+04   -0.318109679222106934E+01   -0.382701795995297653E+05   -0.661646350544152284E+01    1
    0.120425956295728676E+01    0.926616120338439941E+03   -0.122837966680526733E+01   -0.381693897247166024E+05   -0.661896350544151524E+01    1
    0.142550294324755655E+01    0.145969908237457275E+04   -0.853874182701110840E+01   -0.380706500563511581E+05   -0.662146350544153428E+01    1
    0.120797328762773315E+01    0.820382860942126740E+03   -0.229245638023223819E+01   -0.373548476253430272E+05   -0.662396350544155332E+01    1
    0.142974435866475091E+01    0.119713993072509766E+04   -0.829735600948333740E+01   -0.372335265667406275E+05   -0.662646350544154661E+01    1
    0.144437979100942604E+01    0.477919888496398926E+03   -0.648829007148742676E+01   -0.368285461380984852E+05   -0.662896350544150970E+01    1
    0.144465932326912871E+01    0.462481236457824707E+03   -0.628993529081344604E+01   -0.368114024416106622E+05   -0.663146350544149499E+01    1
    0.142874010323882095E+01    0.698091697692871094E+03   -0.265303540229797363E+01   -0.367777010013826148E+05   -0.663396350544150870E+01    1
    0.142271743817925445E+01    0.832250642776489258E+03   -0.284665244817733765E+01   -0.365863743736315228E+05   -0.663646350544150021E+01    1
    0.121127938760519016E+01    0.158263945579528809E+04   -0.886994266510009766E+01   -0.364228035794682291E+05   -0.663896350544151659E+01    1
    0.122653769840598104E+01    0.536147928237915039E+03   -0.943211168050765991E+01   -0.363069461197181008E+05   -0.664146350544151787E+01    1
    0.142842846960425351E+01    0.118377294540405273E+04   -0.876975327730178833E+01   -0.360102995212417954E+05   -0.664396350544149605E+01    1
    0.121561829788684839E+01    0.131508553028106689E+04   -0.111316773295402527E+02   -0.359969817157653961E+05   -0.664646350544150177E+01    1
    0.139022246303558328E+01    0.157946565151214600E+04   -0.361297482252120972E+01   -0.359569817258669354E+05   -0.664896350544150394E+01    1
    0.121924147630333879E+01    0.107767026424407959E+04   -0.108136203289031982E+02   -0.358349875132921879E+05   -0.665146350544150700E+01    1
    0.121222495656609519E+01    0.158737895488739014E+04   -0.829409152269363403E+01   -0.357621750505282907E+05   -0.665396350544153758E+01    1
    0.121556191999912255E+01    0.134049463272094727E+04   -0.751792389154434204E+01   -0.357375508478037518E+05   -0.665646350544154952E+01    1
    0.121590011442303636E+01    0.132873690128326416E+04   -0.783978104591369629E+01   -0.356646937259576007E+05   -0.665896350544153570E+01    1
    0.122190093305110925E+01    0.906187486648559570E+03   -0.680377167463302612E+01   -0.355188306361249415E+05   -0.666146350544152188E+01    1
    0.122881244897246344E+01    0.481294965744018555E+03   -0.100852824449539185E+02   -0.354118091758603478E+05   -0.666396350544151161E+01    1
    0.118692277926206580E+01    0.159284400939941406E+04   -0.327264010906219482E+01   -0.352849578573002218E+05   -0.666646350544151556E+01    1
    0.122715474466681473E+01    0.604986286163330078E+03   -0.691569721698760986E+01   -0.352043570064782907E+05   -0.666896350544149996E+01    1
    0.121696035892367349E+01    0.124352147579193115E+04   -0.631687009334564209E+01   -0.351801116199772150E+05   -0.667146350544150746E+01    1
    0.121587807358503341E+01    0.144925706386566162E+04   -0.966803920269012451E+01   -0.346769914431883735E+05   -0.667396350544151140E+01    1
    0.141599359744191156E+01    0.118333270549774170E+04   -0.433543413877487183E+01   -0.344288163815679654E+05   -0.667646350544149936E+01    1
    0.143883162363767614E+01    0.516515374183654785E+03   -0.485329753160476685E+01   -0.343677335791304431E+05   -0.667896350544150152E+01    1
    0.143525174927115429E+01    0.695977330207824707E+03   -0.808417236804962158E+01   -0.333955276184848335E+05   -0.668146350544149747E+01    1
    0.122779652915596960E+01    0.793403673171997070E+03   -0.786182600259780884E+01   -0.332828838694771839E+05   -0.668396350544151296E+01    1
    0.144004350521564461E+01    0.449798536300659180E+03   -0.857246983051300049E+01   -0.330581760402624423E+05   -0.668646350544152668E+01    1
    0.121855288844704623E+01    0.135710980892181396E+04   -0.611165392398834229E+01   -0.328863729601632222E+05   -0.668896350544152263E+01    1
    0.137836109007596952E+01    0.134201612472534180E+04   -0.170013701915740967E+01   -0.327055735814973050E+05   -0.669146350544153190E+01    1
    0.122929951018095007E+01    0.713742566108703613E+03   -0.602064365148544312E+01   -0.326416053717534487E+05   -0.669396350544152785E+01    1
    0.122269437891840926E+01    0.121250984668731689E+04   -0.882093930244445801E+01   -0.325476811934727266E+05   -0.669646350544153623E+01    1
    0.142310287338495245E+01    0.699029541015625000E+03   -0.269832187891006470E+01   -0.325199947772194610E+05   -0.669896350544153307E+01    1
    0.122288462998867020E+01    0.123074221611022949E+04   -0.801845580339431763E+01   -0.322535175254944734E+05   -0.670146350544152813E+01    1
    0.121050815268158907E+01    0.939012718200683594E+03   -0.183845317363739014E+01   -0.317112291145947856E+05   -0.670396350544153474E+01    1
    0.121928074641823758E+01    0.155618422031402588E+04   -0.114399015307426453E+02   -0.317044921594982952E+05   -0.670646350544153957E+01    1
    0.122059238283634164E+01    0.143561735153198242E+04   -0.699645966291427612E+01   -0.316885310385489138E+05   -0.670896350544154174E+01    1
    0.122045940878391246E+01    0.149293844699859619E+04   -0.101105263233184814E+02   -0.315308735418230499E+05   -0.671146350544151993E+01    1
    0.123052706578373905E+01    0.815005254745483398E+03   -0.798064309358596802E+01   -0.314844488546561515E+05   -0.671396350544151943E+01    1
    0.138473390555977804E+01    0.129249961376190186E+04   -0.252849578857421875E+01   -0.313902124438366700E+05   -0.671646350544153314E+01    1
    0.122701277931332586E+01    0.107833416461944580E+04   -0.899933016300201416E+01   -0.311299873228854485E+05   -0.671896350544153709E+01    1
    0.123386208515167217E+01    0.635103058815002441E+03   -0.871369051933288574E+01   -0.310619138911546142E+05   -0.672146350544153126E+01    1
    0.119960542252063740E+01    0.119913320541381836E+04   -0.166016000509262085E+01   -0.310097816994866043E+05   -0.672396350544153432E+01    1
    0.123272723715305310E+01    0.507036733627319336E+03   -0.347436559200286865E+01   -0.308643987355810750E+05   -0.672646350544153382E+01    1
    0.123079748523831345E+01    0.796385788917541504E+03   -0.579510033130645752E+01   -0.308473815885648291E+05   -0.672896350544152355E+01    1
    0.123041422190758531E+01    0.848061699535316620E+03   -0.615630335378585869E+01   -0.308333309435870542E+05   -0.673146350544152305E+01    1
    0.139962899209856984E+01    0.997109866142272949E+03   -0.224234539270401001E+01   -0.302606106846564981E+05   -0.673396350544152700E+01    1
    0.142438039146065698E+01    0.978865838050842285E+03   -0.883577209711074829E+01   -0.301568858710504101E+05   -0.673646350544152295E+01    1
    0.123063340614438044E+01    0.948766303062438965E+03   -0.896546643972396851E+01   -0.301331896480538853E+05   -0.673896350544150913E+01    1
    0.123111803441907108E+01    0.763977707007726167E+03   -0.484109973042139075E+01   -0.300878398832486382E+05   -0.674146350544151751E+01    1
    0.141667297528982150E+01    0.832341551780700684E+03   -0.331776136159896851E+01   -0.299474417453885508E+05   -0.674396350544153478E+01    1
    0.123557487940192212E+01    0.640386366844177246E+03   -0.662106531858444214E+01   -0.298641841254322280E+05   -0.674646350544154760E+01    1
    0.123178191120028480E+01    0.906747388839721680E+03   -0.118863166570663452E+02   -0.298315982221772902E+05   -0.674896350544153822E+01    1
    0.123649687657356244E+01    0.413759803771972656E+03   -0.152812302112579346E+01   -0.292190617088275794E+05   -0.675146350544153151E+01    1
    0.123423575876355152E+01    0.848901724815368652E+03   -0.118968634605407715E+02   -0.291111874465955916E+05   -0.675396350544154078E+01    1
    0.122917598914504045E+01    0.117040667533874512E+04   -0.834152525663375854E+01   -0.291034384852500261E+05   -0.675646350544154206E+01    1
    0.138919466012120241E+01    0.147336325645446777E+04   -0.379452854394912720E+01   -0.289590057622150780E+05   -0.675896350544154600E+01    1
    0.124014972628355014E+01    0.490053915977478027E+03   -0.613768130540847778E+01   -0.284847850617008262E+05   -0.676146350544154284E+01    1
    0.123564068600535393E+01    0.846471500396728516E+03   -0.757713115215301514E+01   -0.282886979836486753E+05   -0.676396350544152813E+01    1
    0.122252300958037363E+01    0.154803445339202881E+04   -0.581521505117416382E+01   -0.281800236792929245E+05   -0.676646350544152320E+01    1
    0.123188300258517258E+01    0.110700912475585938E+04   -0.978239852190017700E+01   -0.281037299802194975E+05   -0.676896350544152448E+01    1
    0.141032837305068970E+01    0.151020607948303223E+04   -0.105227105617523193E+02   -0.279375005305695813E+05   -0.677146350544153020E+01    1
    0.123219189022779463E+01    0.111364469528198242E+04   -0.950935721397399902E+01   -0.278862392500863389E+05   -0.677396350544153325E+01    1
    0.136456736501455289E+01    0.159476239681243896E+04   -0.123437362909317017E+01   -0.276500022995633408E+05   -0.677646350544152742E+01    1
    0.123538931838870036E+01    0.970223045349121094E+03   -0.106655618548393250E+02   -0.272853224819672287E+05   -0.677896350544152249E+01    1
    0.137123208187222456E+01    0.135965490341186523E+04   -0.151339054107666016E+01   -0.271522842589857719E+05   -0.678146350544152821E+01    1
    0.138296068596543309E+01    0.118949743143376463E+04   -0.145680798056156569E+01   -0.270502002851050456E+05   -0.678396350544152327E+01    1
    0.141540039027929287E+01    0.116398854255676270E+04   -0.825585788488388062E+01   -0.267742081166685348E+05   -0.678646350544153254E+01    1
    0.123219699339866628E+01    0.125205669403076172E+04   -0.909706348180770874E+01   -0.267656749997070074E+05   -0.678896350544155069E+01    1
    0.121844521154165264E+01    0.967139792442321777E+03   -0.158592063188552856E+01   -0.265675874679778390E+05   -0.679146350544154576E+01    1
    0.142341566655454521E+01    0.772385412821732530E+03   -0.109005988701546404E+02   -0.265507677189997776E+05   -0.679396350544153282E+01    1
    0.120457131770604708E+01    0.134752127647018278E+04   -0.262702716812776060E+01   -0.263829174866238391E+05   -0.679646350544152344E+01    1
    0.122990104036275305E+01    0.124037968304583978E+04   -0.543777824279215682E+01   -0.263655364654617988E+05   -0.679896350544153183E+01    1
    0.123368347417116153E+01    0.120743460655212402E+04   -0.821179747581481934E+01   -0.262868707130381154E+05   -0.680146350544152245E+01    1
    0.141084184924364076E+01    0.134658246040344238E+04   -0.954419195652008057E+01   -0.262010579028425454E+05   -0.680396350544151129E+01    1
    0.124041839607954008E+01    0.798658084869384766E+03   -0.116828392744064331E+02   -0.261039148906045120E+05   -0.680646350544152234E+01    1
    0.142692745694518086E+01    0.544373011589050293E+03   -0.695039558410644531E+01   -0.259406751467245340E+05   -0.680896350544153428E+01    1
    0.121429715985059739E+01    0.145291960239410400E+04   -0.384874367713928223E+01   -0.257618348260652092E+05   -0.681146350544153911E+01    1
    0.141277582949995972E+01    0.105935757160186768E+04   -0.533061742782592773E+01   -0.256941071128311196E+05   -0.681396350544153862E+01    1
    0.141668476118445374E+01    0.101365902423858643E+04   -0.828217178583145142E+01   -0.256605562992916748E+05   -0.681646350544152657E+01    1
    0.142178098202347747E+01    0.780580925941467285E+03   -0.954052555561065674E+01   -0.256463069663727947E+05   -0.681896350544151630E+01    1
    0.141745597280440561E+01    0.911781912917924274E+03   -0.615027469888658818E+01   -0.253794346761480410E+05   -0.682146350544151847E+01    1
    0.123216319096684446E+01    0.145391888618469238E+04   -0.734304732084274292E+01   -0.251045850459912544E+05   -0.682396350544152064E+01    1
    0.141976302336010440E+01    0.832137343330633598E+03   -0.777882972732324518E+01   -0.250748279694866433E+05   -0.682646350544153968E+01    1
    0.124284997237540162E+01    0.769872010564115158E+03   -0.727581811559356240E+01   -0.249593989638421917E+05   -0.682896350544155251E+01    1
    0.124183280063867563E+01    0.644941616058349609E+03   -0.431109768152236938E+01   -0.249519791855505755E+05   -0.683146350544154934E+01    1
    0.124669132855256137E+01    0.527798792498609259E+03   -0.646064916039300474E+01   -0.247269195789108380E+05   -0.683396350544154174E+01    1
    0.124103867434859261E+01    0.914386391639709473E+03   -0.825043040513992310E+01   -0.246948203717528413E+05   -0.683646350544153680E+01    1
    0.124696865610480301E+01    0.549157571792602539E+03   -0.114048963189125061E+02   -0.245904914914836190E+05   -0.683896350544154874E+01    1
    0.120113452107481966E+01    0.139426000778005618E+04   -0.176324916074552540E+01   -0.244684827953542590E+05   -0.684146350544154913E+01    1
    0.123895950452940595E+01    0.109313011518661506E+04   -0.104767904336734397E+02   -0.243911767258630898E+05   -0.684396350544154775E+01    1
    0.120343681030869476E+01    0.148319716453552246E+04   -0.274716001749038696E+01   -0.243325263885715940E+05   -0.684646350544155524E+01    1
    0.141849677279152964E+01    0.824147961538108689E+03   -0.108888690508231960E+02   -0.241811977490488753E+05   -0.684896350544155474E+01    1
    0.140930805291562367E+01    0.966492941434023237E+03   -0.448717063637889346E+01   -0.241558238589744142E+05   -0.685146350544153826E+01    1
    0.124640866815447793E+01    0.680013966560363770E+03   -0.903607088327407837E+01   -0.238699251039858646E+05   -0.685396350544151556E+01    1
    0.139420878906409484E+01    0.915321186982628092E+03   -0.211684267147423455E+01   -0.237496501760026622E+05   -0.685646350544151773E+01    1
    0.141479005104303335E+01    0.826355934143066406E+03   -0.507001644372940063E+01   -0.236215928213868501E+05   -0.685896350544152789E+01    1
    0.124262554412610693E+01    0.859422578354778125E+03   -0.555234238299975402E+01   -0.235505538837455533E+05   -0.686146350544154071E+01    1
    0.140714540387392040E+01    0.119121017456054688E+04   -0.572246992588043213E+01   -0.234643095529595630E+05   -0.686396350544154465E+01    1
    0.138531518102288231E+01    0.135530922412872314E+04   -0.372642081975936890E+01   -0.233680553485169876E+05   -0.686646350544152817E+01    1
    0.142333893148899060E+01    0.514366316795349121E+03   -0.904198682308197021E+01   -0.233366964708457781E+05   -0.686896350544151790E+01    1
    0.142223424080014205E+01    0.561352753639221191E+03   -0.733921045064926147E+01   -0.233201980423761233E+05   -0.687146350544153250E+01    1
    0.123106479418873782E+01    0.130804934501647949E+04   -0.479992622137069702E+01   -0.233134829656386974E+05   -0.687396350544153822E+01    1
    0.137609800390005099E+01    0.134891419410705566E+04   -0.110860008001327515E+01   -0.231614440042500210E+05   -0.687646350544153773E+01    1
    0.124241288016209483E+01    0.106914158851212278E+04   -0.819603718255418201E+01   -0.227746579844669650E+05   -0.687896350544152835E+01    1
    0.141625169638395310E+01    0.812779307365417480E+03   -0.905867183208465576E+01   -0.227421634556165955E+05   -0.688146350544150920E+01    1
    0.124217046044468860E+01    0.110286386013031006E+04   -0.813935393095016479E+01   -0.226445625010745207E+05   -0.688396350544151847E+01    1
    0.140279427362574571E+01    0.136121934570448457E+04   -0.618695094252639333E+01   -0.224009778867411987E+05   -0.688646350544154107E+01    1
    0.125057173774838426E+01    0.628426003456115723E+03   -0.956339663267135620E+01   -0.221598944911932340E+05   -0.688896350544153702E+01    1
    0.124071841392517079E+01    0.128094866275787354E+04   -0.104202290177345276E+02   -0.220624247715922102E+05   -0.689146350544151343E+01    1
    0.123466289416551578E+01    0.148900625705718994E+04   -0.573251450061798096E+01   -0.220032454364337173E+05   -0.689396350544150760E+01    1
    0.121545505435376344E+01    0.120261098042606363E+04   -0.163383674547253399E+01   -0.220017759190807301E+05   -0.689646350544151510E+01    1
    0.140520969825983033E+01    0.121139733791351318E+04   -0.626966387033462524E+01   -0.218629345264898839E+05   -0.689896350544152792E+01    1
    0.123708272820058540E+01    0.129791319909774529E+04   -0.529886297580469723E+01   -0.216881119654181566E+05   -0.690146350544152209E+01    1
    0.124262149841153136E+01    0.121144292780082787E+04   -0.949895195499837541E+01   -0.216228714769399776E+05   -0.690396350544152249E+01    1
    0.121929571774846202E+01    0.139269327586475583E+04   -0.335339675579650809E+01   -0.214108127209466911E+05   -0.690646350544153442E+01    1
    0.121532578899264321E+01    0.129531822204589844E+04   -0.134223282337188721E+01   -0.213138243395198442E+05   -0.690896350544152682E+01    1
    0.124645185070037834E+01    0.101846668720245361E+04   -0.903120529651641846E+01   -0.211528430492711632E+05   -0.691146350544153076E+01    1
    0.140221690725088100E+01    0.126347053050994873E+04   -0.631288307905197144E+01   -0.207407567450368260E+05   -0.691396350544153826E+01    1
    0.140394231029751415E+01    0.118558659449289144E+04   -0.661050658795237478E+01   -0.206016859087095181E+05   -0.691646350544152089E+01    1
    0.139839392754435532E+01    0.143680267333984375E+04   -0.644199520349502563E+01   -0.205016693388351705E+05   -0.691896350544152217E+01    1
    0.124178918067812916E+01    0.142587707042694092E+04   -0.101105033755302429E+02   -0.204790156363220594E+05   -0.692146350544153677E+01    1
    0.123354032596556440E+01    0.900744764677917601E+03   -0.209173099492353032E+01   -0.202887775711353970E+05   -0.692396350544152206E+01    1
    0.125422065072655675E+01    0.634391951560974121E+03   -0.655096507072448730E+01   -0.201763867786063347E+05   -0.692646350544152334E+01    1
    0.141866865531206110E+01    0.417810440063476562E+03   -0.538746106624603271E+01   -0.200310983613187636E+05   -0.692896350544152639E+01    1
    0.124922428193092339E+01    0.995039343833923340E+03   -0.119052721858024597E+02   -0.199827629817640009E+05   -0.693146350544152234E+01    1
    0.124632400411963440E+01    0.119118313789367676E+04   -0.885331928730010986E+01   -0.199593011288173293E+05   -0.693396350544152806E+01    1
    0.124274495598077772E+01    0.145755617618560791E+04   -0.916334849596023560E+01   -0.197942699027820163E+05   -0.693646350544154089E+01    1
    0.141173740713000284E+01    0.767289185523986816E+03   -0.116800927519798279E+02   -0.197504814544450164E+05   -0.693896350544153240E+01    1
    0.124421810262301791E+01    0.139453998224683846E+04   -0.833068352659114453E+01   -0.195250783451471107E+05   -0.694146350544151414E+01    1
    0.139946192400455471E+01    0.134390082359313965E+04   -0.119408576488494873E+02   -0.194994063400422019E+05   -0.694396350544153496E+01    1
    0.141272117697000477E+01    0.693580722808837891E+03   -0.854627394676208496E+01   -0.194928011753973587E+05   -0.694646350544154600E+01    1
    0.139617628368705127E+01    0.149974047611395918E+04   -0.973480158221996206E+01   -0.193582269836120831E+05   -0.694896350544153751E+01    1
    0.138567830808162684E+01    0.127147109508514404E+04   -0.399297642707824707E+01   -0.193457578055143094E+05   -0.695146350544152813E+01    1
    0.124380419380744445E+01    0.145126780541810263E+04   -0.107616844586570402E+02   -0.193377769657837925E+05   -0.695396350544152142E+01    1
    0.139560890849232666E+01    0.146960144042968750E+04   -0.644137167930603027E+01   -0.193343156532503926E+05   -0.695646350544152892E+01    1
    0.124991201925873741E+01    0.104174046516418457E+04   -0.929226523637771606E+01   -0.193279051826568502E+05   -0.695896350544152753E+01    1
    0.139955781501531584E+01    0.131738986968994141E+04   -0.919981515407562256E+01   -0.192843605050547085E+05   -0.696146350544153414E+01    1
    0.124241191332936274E+01    0.156230030059814453E+04   -0.112521571516990662E+02   -0.192396603501722529E+05   -0.696396350544154430E+01    1
    0.138903869171961136E+01    0.936664186152126035E+03   -0.270431561753805383E+01   -0.191428228884091513E+05   -0.696646350544154380E+01    1
    0.140985641598518097E+01    0.797217679958960275E+03   -0.892131561756301750E+01   -0.190696294621001725E+05   -0.696896350544153265E+01    1
    0.125923961172505061E+01    0.420870718497323082E+03   -0.462092292264736759E+01   -0.189034236433937840E+05   -0.697146350544151527E+01    1
    0.137218263249993311E+01    0.113869409561157227E+04   -0.222611278295516968E+01   -0.188734041376736241E+05   -0.697396350544152011E+01    1
    0.125431039398811528E+01    0.853403649781824015E+03   -0.986568001989027543E+01   -0.187864330131010938E+05   -0.697646350544153115E+01    1
    0.125656101348996141E+01    0.702513980865478516E+03   -0.113394649624824524E+02   -0.187772482723160865E+05   -0.697896350544153865E+01    1
    0.140095603523254386E+01    0.108951361179351807E+04   -0.565878063440322876E+01   -0.187400930514188585E+05   -0.698146350544153194E+01    1
    0.124381678268135309E+01    0.154154325592456235E+04   -0.988339852031111832E+01   -0.187155934499830219E+05   -0.698396350544151723E+01    1
    0.135990382016301137E+01    0.142588644027709961E+04   -0.278586637973785400E+01   -0.187125270470667710E+05   -0.698646350544151318E+01    1
    0.134911763941078600E+01    0.144606324111862955E+04   -0.174262549715194126E+01   -0.183231296439222606E+05   -0.698896350544151179E+01    1
    0.139287737553119650E+01    0.156719257831573486E+04   -0.112773007154464722E+02   -0.182889651876036623E+05   -0.699146350544153172E+01    1
    0.139581104266047462E+01    0.141354842185974121E+04   -0.115321503281593323E+02   -0.182776751094814317E+05   -0.699396350544154721E+01    1
    0.139711837783455839E+01    0.817519807815551758E+03   -0.320745593309402466E+01   -0.182475494530432734E+05   -0.699646350544154494E+01    1
    0.139366102817058546E+01    0.151824212074279785E+04   -0.112849652767181396E+02   -0.182103006453466733E+05   -0.699896350544154533E+01    1
    0.139593949676156037E+01    0.138785164356231689E+04   -0.113660404682159424E+02   -0.180942273844180891E+05   -0.700146350544153595E+01    1
    0.125539011437624071E+01    0.549916190247181362E+03   -0.304356876350452055E+01   -0.180687342035518413E+05   -0.700396350544152480E+01    1
    0.140043172087669365E+01    0.109210340976715088E+04   -0.604826688766479492E+01   -0.180565913482219803E+05   -0.700646350544153584E+01    1
    0.125247368953227989E+01    0.107765896320343018E+04   -0.118117553591728210E+02   -0.178876944634839201E+05   -0.700896350544153979E+01    1
    0.124653882331252097E+01    0.148007307052612305E+04   -0.102061530351638794E+02   -0.178640113535654891E+05   -0.701146350544154107E+01    1
    0.122932033021796827E+01    0.115728428380338164E+04   -0.258781322265849134E+01   -0.178368172240512467E+05   -0.701396350544154057E+01    1
    0.139309176238739529E+01    0.150453001985907849E+04   -0.782996476522943841E+01   -0.178096461848710896E+05   -0.701646350544153208E+01    1
    0.139944327987853301E+01    0.736947972387808932E+03   -0.315937263835374438E+01   -0.177389503359039190E+05   -0.701896350544152625E+01    1
    0.124972192586501074E+01    0.129293784829898277E+04   -0.755273632438008402E+01   -0.176123959121709340E+05   -0.702146350544151598E+01    1
    0.139164785156249993E+01    0.156063761711120605E+04   -0.115542955994606018E+02   -0.175805712287321330E+05   -0.702396350544153236E+01    1
    0.125479274048209177E+01    0.541648173332214355E+03   -0.163350778818130493E+01   -0.175784496120078802E+05   -0.702646350544154696E+01    1
    0.123158599804043756E+01    0.122330348491668701E+04   -0.309967213869094849E+01   -0.175312896508424747E+05   -0.702896350544153314E+01    1
    0.139836367970706377E+01    0.120183047787571695E+04   -0.899948241575277308E+01   -0.174747822899633029E+05   -0.703146350544151755E+01    1
    0.135272018373012526E+01    0.153510756492614746E+04   -0.119556498527526855E+01   -0.174640458185092975E+05   -0.703396350544152327E+01    1
    0.125006438536047915E+01    0.921841144561767578E+03   -0.420476484298706055E+01   -0.173620401552487820E+05   -0.703646350544152632E+01    1
    0.126285237264633166E+01    0.495328712463378906E+03   -0.783809667825698853E+01   -0.173466502685521518E+05   -0.703896350544151961E+01    1
    0.139416458963155732E+01    0.953031015396118164E+03   -0.388993299007415771E+01   -0.173416265776009313E+05   -0.704146350544150845E+01    1
    0.140039359290003773E+01    0.105618162155151367E+04   -0.752234822511672974E+01   -0.171056828355623111E+05   -0.704396350544150884E+01    1
    0.125024630125164982E+01    0.134784438610076904E+04   -0.109883992075920105E+02   -0.170619060811195559E+05   -0.704646350544151279E+01    1
    0.139775309078693377E+01    0.117930967807769775E+04   -0.765180718898773193E+01   -0.169913859088455974E+05   -0.704896350544151762E+01    1
    0.124905824103930052E+01    0.143983587070856038E+04   -0.107979885797965593E+02   -0.169887696477288991E+05   -0.705146350544152156E+01    1
    0.140824071059246991E+01    0.663689578335330111E+03   -0.886559221944996523E+01   -0.169053232657156004E+05   -0.705396350544152728E+01    1
    0.140608926046139038E+01    0.745090467480101438E+03   -0.649942306658219238E+01   -0.168503052167892893E+05   -0.705646350544153478E+01    1
    0.125068055679202073E+01    0.135135715007781982E+04   -0.914786267280578613E+01   -0.168470743296874753E+05   -0.705896350544154227E+01    1
    0.125169242122216362E+01    0.126843181158490825E+04   -0.712916602758883222E+01   -0.168154899871506204E+05   -0.706146350544154533E+01    1
    0.138757102555632583E+01    0.151173300743103027E+04   -0.575152379274368286E+01   -0.167188327430291174E+05   -0.706396350544153684E+01    1
    0.140154707962274538E+01    0.954651141166687012E+03   -0.107113813757896423E+02   -0.166081246450715553E+05   -0.706646350544153545E+01    1
    0.140737390442490562E+01    0.516342854499816895E+03   -0.380327033996582031E+01   -0.165828159136106660E+05   -0.706896350544155450E+01    1
    0.126031903712153426E+01    0.704663753509521484E+03   -0.569291120767593384E+01   -0.165685226431943192E+05   -0.707146350544153979E+01    1
    0.125920139409899701E+01    0.846005654335021973E+03   -0.697135609388351440E+01   -0.165101359695294523E+05   -0.707396350544152686E+01    1
    0.139124577818007400E+01    0.146750475612694481E+04   -0.117639126935124807E+02   -0.164871981743977594E+05   -0.707646350544154679E+01    1
    0.139432499930262543E+01    0.128710057735443115E+04   -0.938720548152923584E+01   -0.162959943859619980E+05   -0.707896350544152941E+01    1
    0.125594029780626282E+01    0.110772874355316162E+04   -0.755052614212036133E+01   -0.160947842048663388E+05   -0.708146350544153069E+01    1
    0.125852719276286562E+01    0.962067760457622512E+03   -0.847959501176111274E+01   -0.159976865635715676E+05   -0.708396350544153908E+01    1
    0.122689638908487741E+01    0.123996611324031346E+04   -0.152462901791021110E+01   -0.158868432910843330E+05   -0.708646350544154124E+01    1
    0.140290656434297545E+01    0.824379396438598633E+03   -0.111176929473876953E+02   -0.158477664064514411E+05   -0.708896350544155673E+01    1
    0.126004378180503829E+01    0.898315739631652832E+03   -0.985287183523178101E+01   -0.157762646134655733E+05   -0.709146350544154203E+01    1
    0.139349252632856357E+01    0.126558182239532471E+04   -0.115060272216796875E+02   -0.156901549817893392E+05   -0.709396350544152199E+01    1
    0.139589573099613173E+01    0.114184343814849854E+04   -0.860322380065917969E+01   -0.156816190754217441E+05   -0.709646350544153037E+01    1
    0.126803262569904307E+01    0.420369338989257812E+03   -0.989292818307876587E+01   -0.156672997758160218E+05   -0.709896350544154053E+01    1
    0.138765969185650095E+01    0.156457709217307684E+04   -0.841732319430494869E+01   -0.156331786672757480E+05   -0.710146350544153915E+01    1
    0.125986441749930367E+01    0.962587404251098633E+03   -0.897142958641052246E+01   -0.154296234503743763E+05   -0.710396350544152710E+01    1
    0.122398614766161518E+01    0.150162969969975097E+04   -0.305617436243742269E+01   -0.153583837673684775E+05   -0.710646350544152217E+01    1
    0.126734457246065135E+01    0.509471535682678223E+03   -0.113173511624336243E+02   -0.153528672424133711E+05   -0.710896350544153144E+01    1
    0.125269827765226349E+01    0.140944721698760986E+04   -0.677683556079864502E+01   -0.153203286303132591E+05   -0.711146350544151939E+01    1
    0.124300074634551994E+01    0.964193654060363770E+03   -0.232276034355163574E+01   -0.150133022647244707E+05   -0.711396350544151357E+01    1
    0.125699351937174786E+01    0.123089964389801025E+04   -0.107104647755622864E+02   -0.149028974941637571E+05   -0.711646350544154149E+01    1
    0.125588868287801736E+01    0.111361165046691895E+04   -0.538994336128234863E+01   -0.148612082980474861E+05   -0.711896350544153389E+01    1
    0.125456759344339353E+01    0.141218972206115723E+04   -0.114024645090103149E+02   -0.147807800560348132E+05   -0.712146350544156537E+01    1
    0.138769228355551011E+01    0.146665942765964337E+04   -0.966890693275546909E+01   -0.147676396397590215E+05   -0.712396350544155688E+01    1
    0.126168925419154143E+01    0.928318054001470159E+03   -0.690575814085857864E+01   -0.147513296579443395E+05   -0.712646350544154750E+01    1
    0.126194266183187387E+01    0.943376956323679451E+03   -0.101153175240323190E+02   -0.146900222316806594E+05   -0.712896350544153723E+01    1
    0.138680883579896697E+01    0.116253335481632871E+04   -0.475546634968337756E+01   -0.145293681798246616E+05   -0.713146350544152074E+01    1
    0.139913024219870552E+01    0.713546156883239746E+03   -0.458082336187362671E+01   -0.145015861998030396E+05   -0.713396350544153002E+01    1
    0.123848130531907064E+01    0.107285737991333008E+04   -0.206143224239349365E+01   -0.141429069915813870E+05   -0.713646350544153840E+01    1
    0.125733927134871482E+01    0.700157213211059570E+03   -0.139355456829071045E+01   -0.140867553236389904E+05   -0.713896350544153169E+01    1
    0.138503739842176432E+01    0.150741951465606689E+04   -0.760189771652221680E+01   -0.139509168896498722E+05   -0.714146350544152320E+01    1
    0.140410250458717334E+01    0.545670056343078613E+03   -0.112773603796958923E+02   -0.138890469640063384E+05   -0.714396350544151826E+01    1
    0.125951310063600519E+01    0.117633035182952881E+04   -0.648121821880340576E+01   -0.138603064234379362E+05   -0.714646350544152398E+01    1
    0.126482134607434271E+01    0.515535116195678711E+03   -0.148747789859771729E+01   -0.138588741462803682E+05   -0.714896350544152526E+01    1
    0.137341652229859523E+01    0.949344336094826417E+03   -0.160769700089241319E+01   -0.138318060877160315E+05   -0.715146350544152209E+01    1
    0.126212346204560522E+01    0.965020768697788185E+03   -0.574372783512751717E+01   -0.137990728517732950E+05   -0.715396350544154291E+01    1
    0.138921835341453548E+01    0.932479143142700195E+03   -0.418470782041549683E+01   -0.137491232546643696E+05   -0.715646350544154330E+01    1
    0.139649690882563582E+01    0.733235573768615723E+03   -0.451420003175735474E+01   -0.136346093136885665E+05   -0.715896350544152416E+01    1
    0.125792772728940627E+01    0.136838439598942000E+04   -0.781684511651630842E+01   -0.136300656106530187E+05   -0.716146350544153698E+01    1
    0.127070022321939469E+01    0.578225636482238770E+03   -0.116917017102241516E+02   -0.135573379629546762E+05   -0.716396350544155514E+01    1
    0.138529129332303991E+01    0.144420793056488037E+04   -0.739409303665161133E+01   -0.135429992480852670E+05   -0.716646350544155020E+01    1
    0.140345478466382367E+01    0.512397063920556320E+03   -0.600685288135312945E+01   -0.135081045250986099E+05   -0.716896350544153993E+01    1
    0.125528079708058060E+01    0.142575103358459523E+04   -0.599822025676850412E+01   -0.134958505829603546E+05   -0.717146350544152789E+01    1
    0.126245134380419444E+01    0.109026689189458284E+04   -0.738173260273279919E+01   -0.134850982835274954E+05   -0.717396350544151140E+01    1
    0.126294726732373230E+01    0.107502875328063965E+04   -0.115558953881263733E+02   -0.134422295110986870E+05   -0.717646350544152867E+01    1
    0.138694904623031601E+01    0.752422022819519043E+03   -0.127636480331420898E+01   -0.134337557837085096E+05   -0.717896350544152639E+01    1
    0.125550830224156362E+01    0.154057397842407227E+04   -0.702074170112609863E+01   -0.134263843619256495E+05   -0.718146350544151257E+01    1
    0.127301512748916767E+01    0.470239583248652252E+03   -0.994828642258353213E+01   -0.133248715674000232E+05   -0.718396350544153606E+01    1
    0.139981103205929824E+01    0.695362899175912617E+03   -0.103179856012572664E+02   -0.133129529148231431E+05   -0.718646350544155155E+01    1
    0.126000688185118559E+01    0.126869795975091756E+04   -0.702335900738659458E+01   -0.132870581081749679E+05   -0.718896350544153506E+01    1
    0.125423333319661001E+01    0.130901103988660816E+04   -0.506140009476698438E+01   -0.132408247982088378E+05   -0.719146350544154345E+01    1
    0.139734099758863439E+01    0.812582683563232422E+03   -0.810092753171920776E+01   -0.132300144690869365E+05   -0.719396350544153229E+01    1
    0.138739393179706094E+01    0.125075337091821007E+04   -0.635089005982160515E+01   -0.131818455033387145E+05   -0.719646350544152558E+01    1
    0.139110883521437634E+01    0.109689476490020752E+04   -0.968005859851837158E+01   -0.130942210326585173E+05   -0.719896350544154728E+01    1
    0.127324097049236284E+01    0.468087339401245117E+03   -0.585767108201980591E+01   -0.130083166803454824E+05   -0.720146350544152902E+01    1
    0.139056118013386865E+01    0.792206460119203484E+03   -0.381795541366643043E+01   -0.129752812194550897E+05   -0.720396350544150454E+01    1
    0.126259019116759297E+01    0.117594912052154541E+04   -0.926190990209579468E+01   -0.129682631658230075E+05   -0.720646350544151826E+01    1
    0.126331129541705045E+01    0.113347014619546826E+04   -0.891596840919534372E+01   -0.129481669175462193E+05   -0.720896350544152131E+01    1
    0.126399540481473260E+01    0.594925918582239206E+03   -0.179014298929369531E+01   -0.127493636284138720E+05   -0.721146350544153858E+01    1
    0.126268899827599523E+01    0.119356658458709717E+04   -0.727511662244796753E+01   -0.127446999201345625E+05   -0.721396350544157183E+01    1
    0.126253945106863963E+01    0.122370638847351074E+04   -0.108518703579902649E+02   -0.127112420721429571E+05   -0.721646350544157311E+01    1
    0.127148675854773785E+01    0.664765565938497275E+03   -0.738072056945838195E+01   -0.126874629531296723E+05   -0.721896350544154153E+01    1
    0.139758315701362013E+01    0.707536532117757361E+03   -0.912867015629486289E+01   -0.124641072313403020E+05   -0.722146350544153215E+01    1
    0.127482338635488990E+01    0.486242615225152292E+03   -0.703721295649828971E+01   -0.124617016924097770E+05   -0.722396350544156540E+01    1
    0.127600867296630560E+01    0.439475624335355519E+03   -0.667141233907549314E+01   -0.122807357656427084E+05   -0.722646350544155958E+01    1
    0.127241148059607578E+01    0.684866492704779148E+03   -0.105446189533822086E+02   -0.122661666898945041E+05   -0.722896350544154398E+01    1
    0.126180600184307634E+01    0.136753111754931479E+04   -0.947427420140985177E+01   -0.121438964033799948E+05   -0.723146350544155947E+01    1
    0.139391630821824064E+01    0.853432583808898926E+03   -0.742417234182357788E+01   -0.121398219720685665E+05   -0.723396350544155720E+01    1
    0.139474144234657271E+01    0.809908914566040039E+03   -0.109915089607238770E+02   -0.120992893893416367E+05   -0.723646350544153627E+01    1
    0.127166437121525844E+01    0.774368184149564968E+03   -0.106399004029734101E+02   -0.120304651657883242E+05   -0.723896350544151890E+01    1
    0.127608234313130375E+01    0.430591702461242676E+03   -0.518623977899551392E+01   -0.120223330846756053E+05   -0.724146350544153172E+01    1
    0.127077103579044337E+01    0.837386965751647949E+03   -0.907471954822540283E+01   -0.120001831376267310E+05   -0.724396350544154721E+01    1
    0.138460593747496596E+01    0.868019723892211914E+03   -0.369828945398330688E+01   -0.119301629836034281E+05   -0.724646350544153783E+01    1
    0.126820729994773851E+01    0.938067579269409180E+03   -0.628824174404144287E+01   -0.119248302347044373E+05   -0.724896350544153822E+01    1
    0.139238003617558270E+01    0.568361275007529912E+03   -0.292609606344126227E+01   -0.116896950660172224E+05   -0.725146350544154306E+01    1
    0.126325627932350004E+01    0.135979692791636353E+04   -0.108641273284909126E+02   -0.116427407223126356E+05   -0.725396350544152924E+01    1
    0.136793759626150124E+01    0.137484414577484131E+04   -0.419410133361816406E+01   -0.116313103942762973E+05   -0.725646350544151186E+01    1
    0.127149933341943067E+01    0.795261297638876385E+03   -0.608368096171250450E+01   -0.116191713863115256E+05   -0.725896350544152913E+01    1
    0.127541775312918371E+01    0.640914779022620223E+03   -0.818470879700871556E+01   -0.113936507183281337E+05   -0.726146350544154107E+01    1
    0.139681085103750213E+01    0.604832720756530762E+03   -0.915704768896102905E+01   -0.113185317860696578E+05   -0.726396350544153080E+01    1
    0.138318452976320150E+01    0.128603074101856737E+04   -0.828812336221960066E+01   -0.113086369254161727E+05   -0.726646350544152231E+01    1
    0.127716800628304461E+01    0.416804075241088867E+03   -0.400370746850967407E+01   -0.112922306998709173E+05   -0.726896350544152803E+01    1
    0.139265363793969144E+01    0.618777060508728027E+03   -0.395891273021697998E+01   -0.112543275635700429E+05   -0.727146350544152398E+01    1
    0.139671207757190508E+01    0.597178038470420802E+03   -0.868668449206802684E+01   -0.112296652196505111E+05   -0.727396350544151549E+01    1
    0.127866341774814485E+01    0.476795510939323890E+03   -0.110990354826061886E+02   -0.111676270681389269E+05   -0.727646350544151943E+01    1
    0.126662699373364429E+01    0.115801601409912109E+04   -0.617565792798995972E+01   -0.110604374927863882E+05   -0.727896350544154469E+01    1
    0.127888061914715045E+01    0.481916119834870528E+03   -0.840808598776718519E+01   -0.110601555341815692E+05   -0.728146350544153353E+01    1
    0.126945084548592546E+01    0.106118040084838867E+04   -0.109119201302528381E+02   -0.110597330140669619E+05   -0.728396350544150817E+01    1
    0.126372844128012640E+01    0.147530174255371094E+04   -0.968485271930694580E+01   -0.108227895587498060E+05   -0.728646350544151122E+01    1
    0.126468712458596344E+01    0.116043698244041298E+04   -0.519621995780305479E+01   -0.107427014035018874E+05   -0.728896350544151073E+01    1
    0.137651777666840514E+01    0.156078853863682707E+04   -0.783146638332049605E+01   -0.107206887674452501E+05   -0.729146350544154043E+01    1
    0.138331515115499482E+01    0.120178587436676025E+04   -0.873048239946365356E+01   -0.107048038053917408E+05   -0.729396350544156746E+01    1
    0.126439564442038521E+01    0.146090643405914307E+04   -0.101757826209068298E+02   -0.106650891596539223E+05   -0.729646350544155187E+01    1
    0.138373254193067541E+01    0.117308959960937500E+04   -0.114381738901138306E+02   -0.106475420261639756E+05   -0.729896350544155670E+01    1
    0.139698287574586555E+01    0.507523705643654978E+03   -0.928083556043778657E+01   -0.106391767005220081E+05   -0.730146350544156686E+01    1
    0.136950346779227239E+01    0.103479189872741699E+04   -0.314631712436676025E+01   -0.104806089128440562E+05   -0.730396350544155748E+01    1
    0.127204272167086585E+01    0.547290539741516113E+03   -0.196479451656341553E+01   -0.104498774667618709E+05   -0.730646350544155698E+01    1
    0.126371147931218131E+01    0.114744546413421631E+04   -0.473587173223495483E+01   -0.104260356010332525E+05   -0.730896350544155382E+01    1
    0.125053600464189918E+01    0.101030872742847509E+04   -0.183184862159844108E+01   -0.104199080628669235E+05   -0.731146350544155865E+01    1
    0.137794790110786258E+01    0.133612836031531606E+04   -0.598114289623563433E+01   -0.103025701634124016E+05   -0.731396350544155460E+01    1
    0.139056894403696041E+01    0.790043902397155762E+03   -0.839034175872802734E+01   -0.102986947878876636E+05   -0.731646350544156032E+01    1
    0.139752016444870919E+01    0.425159911310766120E+03   -0.646095514749803801E+01   -0.102921589702087585E+05   -0.731896350544157581E+01    1
    0.137819984312370858E+01    0.141112889044915892E+04   -0.113292676040575930E+02   -0.102568589226690328E+05   -0.732146350544156910E+01    1
    0.138093646869872133E+01    0.835351460549111380E+03   -0.355972026180736734E+01   -0.102391301561281307E+05   -0.732396350544154373E+01    1
    0.139731249273419378E+01    0.414979100227355957E+03   -0.615811008214950562E+01   -0.101611634987105699E+05   -0.732646350544152813E+01    1
    0.139307601038217532E+01    0.412789773941040039E+03   -0.224604719877243042E+01   -0.101513814571435305E+05   -0.732896350544155784E+01    1
    0.125551948061585406E+01    0.123062548637390137E+04   -0.379321461915969849E+01   -0.100870978707210852E+05   -0.733146350544154046E+01    1
    0.137653709530234325E+01    0.147416212558746338E+04   -0.107691271901130676E+02   -0.100673817187245386E+05   -0.733396350544153375E+01    1
    0.138036617451310151E+01    0.126127698421478271E+04   -0.732422947883605957E+01   -0.100630432354222612E+05   -0.733646350544156611E+01    1
    0.127380562419891352E+01    0.930467271804809570E+03   -0.604317772388458252E+01   -0.984980038453205088E+04   -0.733896350544153719E+01    1
    0.137890602727612754E+01    0.126940256977686681E+04   -0.645195070209485255E+01   -0.980220570660434350E+04   -0.734146350544150650E+01    1
    0.127684069865221761E+01    0.839786367531476344E+03   -0.781848530488231219E+01   -0.979940993267646445E+04   -0.734396350544150422E+01    1
    0.127137109578251817E+01    0.117433443069458008E+04   -0.116296535134315491E+02   -0.976057186817679030E+04   -0.734646350544152593E+01    1
    0.138327217360103005E+01    0.106854590121846036E+04   -0.116253056522873965E+02   -0.970610880936081594E+04   -0.734896350544156096E+01    1
    0.137215801904597390E+01    0.159724999472454351E+04   -0.645053339411170601E+01   -0.970420026088242594E+04   -0.735146350544157823E+01    1
    0.126873538110896544E+01    0.135375328070929640E+04   -0.815102803029258105E+01   -0.969774203976539502E+04   -0.735396350544155997E+01    1
    0.127021374523043629E+01    0.107308783531188965E+04   -0.538878810405731201E+01   -0.968132201590702607E+04   -0.735646350544153549E+01    1
    0.128292571957111345E+01    0.489672470092773438E+03   -0.754401880502700806E+01   -0.959563294900026449E+04   -0.735896350544152344E+01    1
    0.137298246948122959E+01    0.104902126789093018E+04   -0.390460056066513062E+01   -0.954821556550184141E+04   -0.736146350544152295E+01    1
    0.138206571532826095E+01    0.110876181032941531E+04   -0.919093511297119470E+01   -0.954753952723950169E+04   -0.736396350544154643E+01    1
    0.137625735697015261E+01    0.141031164871649707E+04   -0.110668337161594259E+02   -0.951445061008015364E+04   -0.736646350544156725E+01    1
    0.138253979976255348E+01    0.107336448557445442E+04   -0.102054195517564370E+02   -0.946460590372536717E+04   -0.736896350544154632E+01    1
    0.127947412068059196E+01    0.750211433533798186E+03   -0.116054474771814995E+02   -0.939894860177104056E+04   -0.737146350544152007E+01    1
    0.127763522141822872E+01    0.861942561507275286E+03   -0.913691136579780228E+01   -0.939182772485884016E+04   -0.737396350544153822E+01    1
    0.126580686557292932E+01    0.141668474674224854E+04   -0.573609435558319092E+01   -0.927893795008908273E+04   -0.737646350544155016E+01    1
    0.137471235985915552E+01    0.145709210304762769E+04   -0.119524768377653299E+02   -0.926876622477471028E+04   -0.737896350544154433E+01    1
    0.137411857028384921E+01    0.148901073859112739E+04   -0.118079590136227264E+02   -0.926669019080961880E+04   -0.738146350544154561E+01    1
    0.128387179884910574E+01    0.524568152427673340E+03   -0.114181253910064697E+02   -0.913000850667072700E+04   -0.738396350544153446E+01    1
    0.137536944853279031E+01    0.140133491494370719E+04   -0.859301231066592131E+01   -0.912904552699905071E+04   -0.738646350544153130E+01    1
    0.127221698280572881E+01    0.123876388072967529E+04   -0.878622192144393921E+01   -0.912693742573867894E+04   -0.738896350544154057E+01    1
    0.127974787235622034E+01    0.792652723813172543E+03   -0.921650347334433562E+01   -0.909329395499296152E+04   -0.739146350544154362E+01    1
    0.126546777201890936E+01    0.148660213947296143E+04   -0.581454432010650635E+01   -0.905858452877295349E+04   -0.739396350544153691E+01    1
    0.128055750807523716E+01    0.748662209510803223E+03   -0.108047244548797607E+02   -0.904836290300093788E+04   -0.739646350544154352E+01    1
    0.127403596453593937E+01    0.113582350496011145E+04   -0.753020873314777450E+01   -0.901183442182290310E+04   -0.739896350544154302E+01    1
    0.138529953129887562E+01    0.867810440063476562E+03   -0.946562922000885010E+01   -0.899549838051840197E+04   -0.740146350544152654E+01    1
    0.138833308305218317E+01    0.721730065652774556E+03   -0.115771119753716913E+02   -0.899244007569545647E+04   -0.740396350544153936E+01    1
    0.126876430774914595E+01    0.126428399491132541E+04   -0.547652376987335288E+01   -0.895572536520318499E+04   -0.740646350544155663E+01    1
    0.138610442201991702E+01    0.811943261553853972E+03   -0.657130674527687297E+01   -0.894045414377798807E+04   -0.740896350544154902E+01    1
    0.126555857852562648E+01    0.938163232939469253E+03   -0.103667986494244602E+01   -0.892040006701344282E+04   -0.741146350544154320E+01    1
    0.136362804347830724E+01    0.133259418640493345E+04   -0.427406655470015018E+01   -0.889674454598034936E+04   -0.741396350544154359E+01    1
    0.127245258441621911E+01    0.127643803231904508E+04   -0.973112059760769732E+01   -0.885652246742505304E+04   -0.741646350544153510E+01    1
    0.128345448097586612E+01    0.607127690315246582E+03   -0.928892010450363159E+01   -0.882894521153472670E+04   -0.741896350544153549E+01    1
    0.138318651575762108E+01    0.821326248384867540E+03   -0.490091038649255317E+01   -0.881629334452472358E+04   -0.742146350544155275E+01    1
    0.126993209528835993E+01    0.141888090189553168E+04   -0.692296016516645807E+01   -0.879420634104483906E+04   -0.742396350544155403E+01    1
    0.138106355926394442E+01    0.585442423820495605E+03   -0.184447467327117920E+01   -0.868866378689335397E+04   -0.742646350544154910E+01    1
    0.133553170790076248E+01    0.141815481185913086E+04   -0.254709661006927490E+01   -0.865872833705742960E+04   -0.742896350544154505E+01    1
    0.137874331757426249E+01    0.708102846145629883E+03   -0.297043150663375854E+01   -0.861623994835995290E+04   -0.743146350544154011E+01    1
    0.126735347275298538E+01    0.129507632294074574E+04   -0.508998811036348897E+01   -0.858362943847789757E+04   -0.743396350544154139E+01    1
    0.137090067592693599E+01    0.152825784764466016E+04   -0.697577023979869981E+01   -0.850803921167428598E+04   -0.743646350544153645E+01    1
    0.137651515166759486E+01    0.123978898525238037E+04   -0.757363063097000122E+01   -0.848370006003419439E+04   -0.743896350544153950E+01    1
    0.132950160971205311E+01    0.144513274780473580E+04   -0.221509009294201675E+01   -0.846862625344095977E+04   -0.744146350544154078E+01    1
    0.127766277084946611E+01    0.100812079906463623E+04   -0.684108936786651611E+01   -0.840250911556198116E+04   -0.744396350544154561E+01    1
    0.138093282133439965E+01    0.992676591816306995E+03   -0.832195272683663845E+01   -0.834383236641016447E+04   -0.744646350544155311E+01    1
    0.126774758905672558E+01    0.150010140581442488E+04   -0.587256507683355800E+01   -0.830127418173783917E+04   -0.744896350544155084E+01    1
    0.138778892333889958E+01    0.635056848647600191E+03   -0.976282408581878514E+01   -0.823263848914985829E+04   -0.745146350544153524E+01    1
    0.127839563478827456E+01    0.102340073585510254E+04   -0.918684834241867065E+01   -0.823251112923396249E+04   -0.745396350544153474E+01    1
    0.137013507713498850E+01    0.153803349748950973E+04   -0.971888345809180088E+01   -0.816975522301099863E+04   -0.745646350544153602E+01    1
    0.138646479636288866E+01    0.679209761710874545E+03   -0.112926907469664144E+02   -0.807052179380924917E+04   -0.745896350544152664E+01    1
    0.137147874160287597E+01    0.143101084935256767E+04   -0.834781108429644902E+01   -0.795717998389530021E+04   -0.746146350544154657E+01    1
    0.137246857908868614E+01    0.137516961886629201E+04   -0.934868518623382982E+01   -0.793934856416155071E+04   -0.746396350544156384E+01    1
    0.138219199890804667E+01    0.673648715174098925E+03   -0.402390086335563790E+01   -0.792126599235768572E+04   -0.746646350544154203E+01    1
    0.137256330474615096E+01    0.719317555427551270E+03   -0.219187992811203003E+01   -0.788321104146902053E+04   -0.746896350544154330E+01    1
    0.136852752128253363E+01    0.156780679029927273E+04   -0.107549211216669374E+02   -0.780703441320572801E+04   -0.747146350544152860E+01    1
    0.138440922541920575E+01    0.591511616635046153E+03   -0.417989036815805282E+01   -0.774863274572085629E+04   -0.747396350544152899E+01    1
    0.128251525452733040E+01    0.536870050430297852E+03   -0.291573905944824219E+01   -0.773576417160067922E+04   -0.747646350544152227E+01    1
    0.128804620572211648E+01    0.551134564651863684E+03   -0.119516459596889923E+02   -0.768342204070956632E+04   -0.747896350544153421E+01    1
    0.138922263035774218E+01    0.472124743461608887E+03   -0.862640565633773804E+01   -0.764169562355633389E+04   -0.748146350544153549E+01    1
    0.138449824289341095E+01    0.676016089330517389E+03   -0.592333792497404055E+01   -0.762202447927432422E+04   -0.748396350544154654E+01    1
    0.128552366073510860E+01    0.703775311757869531E+03   -0.691252326163322817E+01   -0.762097394998016534E+04   -0.748646350544155847E+01    1
    0.136800211965835850E+01    0.893930490522135187E+03   -0.306409589806104599E+01   -0.761764316736929504E+04   -0.748896350544153755E+01    1
    0.135122213052732687E+01    0.122517083224036969E+04   -0.311827335652023763E+01   -0.757605626130294149E+04   -0.749146350544152462E+01    1
    0.137462914121747004E+01    0.998563694953918457E+03   -0.488552278280258179E+01   -0.754214292846252738E+04   -0.749396350544153744E+01    1
    0.128040268334698237E+01    0.103723420707552168E+04   -0.114508952871351450E+02   -0.753971410317823938E+04   -0.749646350544154938E+01    1
    0.126167207946876636E+01    0.129888280591483158E+04   -0.388398626112139489E+01   -0.745232831148034165E+04   -0.749896350544153645E+01    1
    0.126909559453972798E+01    0.158163168237597074E+04   -0.590721604684877200E+01   -0.744100051861018437E+04   -0.750146350544153506E+01    1
    0.128218884599804861E+01    0.821639108657836914E+03   -0.524395412206649780E+01   -0.741303911416835672E+04   -0.750396350544153812E+01    1
    0.138368461527416420E+01    0.700209814454679417E+03   -0.689109823231637453E+01   -0.735438338893726905E+04   -0.750646350544153140E+01    1
    0.126804564596514635E+01    0.134890817051279282E+04   -0.478303401062211009E+01   -0.731915882615851478E+04   -0.750896350544153712E+01    1
    0.137370223528146740E+01    0.117994196414947510E+04   -0.658479273319244385E+01   -0.730519298156641707E+04   -0.751146350544155084E+01    1
    0.127044205137491217E+01    0.120640828609466553E+04   -0.456089484691619873E+01   -0.730270439395888661E+04   -0.751396350544156100E+01    1
    0.138830424301959199E+01    0.410467853308293058E+03   -0.480278942140662046E+01   -0.726529526649168565E+04   -0.751646350544156139E+01    1
    0.128622508964538573E+01    0.757640600204467773E+03   -0.115826551318168640E+02   -0.724438998993943551E+04   -0.751896350544154934E+01    1
    0.137763906430006022E+01    0.666868567466735840E+03   -0.327232736349105835E+01   -0.722542562355360860E+04   -0.752146350544153108E+01    1
    0.128955923418402651E+01    0.447246289253234863E+03   -0.450522416830062866E+01   -0.720182973092825978E+04   -0.752396350544152792E+01    1
    0.136608563593066012E+01    0.827766652089630156E+03   -0.248362717973450486E+01   -0.719676516455073306E+04   -0.752646350544152831E+01    1
    0.126264356634610198E+01    0.131234852374104958E+04   -0.391864147637146587E+01   -0.711303333385141377E+04   -0.752896350544152071E+01    1
    0.137044833071804018E+01    0.120575557488928803E+04   -0.551411562148050560E+01   -0.709800521459028369E+04   -0.753146350544151932E+01    1
    0.123579782299511409E+01    0.157338220869645170E+04   -0.243733862614175756E+01   -0.699682204163839560E+04   -0.753396350544152504E+01    1
    0.128421397860646236E+01    0.928365063667297363E+03   -0.110642586946487427E+02   -0.693310378555038551E+04   -0.753646350544152721E+01    1
    0.125868728319420264E+01    0.113289585711194741E+04   -0.253256747613297151E+01   -0.675868081475910003E+04   -0.753896350544153382E+01    1
    0.132938114765882487E+01    0.143178830146789551E+04   -0.255394291877746582E+01   -0.674282372929082157E+04   -0.754146350544155730E+01    1
    0.128267502497715857E+01    0.805710672663002129E+03   -0.446632551232748831E+01   -0.673311948693217073E+04   -0.754396350544156391E+01    1
    0.133317130540031692E+01    0.154326652527950250E+04   -0.323604147718682889E+01   -0.672222519722861853E+04   -0.754646350544156075E+01    1
    0.128682692861770986E+01    0.847352331474222296E+03   -0.106912742804645227E+02   -0.666862546324103914E+04   -0.754896350544155137E+01    1
    0.138153769243955593E+01    0.704905652999877930E+03   -0.117206762433052063E+02   -0.665161775305998071E+04   -0.755146350544154288E+01    1
    0.127538226099014262E+01    0.155413222312927246E+04   -0.896925282478332520E+01   -0.664248281780649450E+04   -0.755396350544155126E+01    1
    0.132490011323945023E+01    0.140684187999745018E+04   -0.190943242304679295E+01   -0.663550776594973740E+04   -0.755646350544156054E+01    1
    0.129270235942810596E+01    0.494370309227619373E+03   -0.104901417786754845E+02   -0.660236376642406958E+04   -0.755896350544155382E+01    1
    0.137286122397260701E+01    0.112555020556171348E+04   -0.799639075516248798E+01   -0.656359785388255204E+04   -0.756146350544154888E+01    1
    0.138235371376275995E+01    0.588305807113647461E+03   -0.530768930912017822E+01   -0.653260714297198865E+04   -0.756396350544155549E+01    1
    0.136263853709430749E+01    0.809824614295521656E+03   -0.196707672339838879E+01   -0.650617115549917889E+04   -0.756646350544155588E+01    1
    0.128930759925842264E+01    0.732910776138305664E+03   -0.873951661586761475E+01   -0.647377041050148364E+04   -0.756896350544154206E+01    1
    0.127806978517770764E+01    0.142010595798492432E+04   -0.117707988023757935E+02   -0.645897988203210843E+04   -0.757146350544152291E+01    1
    0.124823975876569726E+01    0.133709044456481934E+04   -0.235353267192840576E+01   -0.643066786661798142E+04   -0.757396350544153663E+01    1
    0.137052043254375455E+01    0.122740011215209961E+04   -0.826876831054687500E+01   -0.643042960551059605E+04   -0.757646350544155300E+01    1
    0.127694524072408666E+01    0.152346506118774414E+04   -0.916985124349594116E+01   -0.632995073110636531E+04   -0.757896350544153474E+01    1
    0.138238707877993572E+01    0.595756053924560547E+03   -0.119432619214057922E+02   -0.628622665337908711E+04   -0.758146350544153247E+01    1
    0.137701032934784884E+01    0.764777493476867676E+03   -0.504493188858032227E+01   -0.623038122259994816E+04   -0.758396350544155684E+01    1
    0.128930886379220144E+01    0.794328504504840566E+03   -0.752223786426179064E+01   -0.617719278203936938E+04   -0.758646350544156611E+01    1
    0.137146425294180174E+01    0.745239809031052800E+03   -0.101485627260906242E+01   -0.617240256550490085E+04   -0.758896350544155673E+01    1
    0.136571130794665629E+01    0.138492757581160777E+04   -0.664172294813870057E+01   -0.603069964647211327E+04   -0.759146350544154735E+01    1
    0.128282131489274698E+01    0.115092147033298716E+04   -0.636860627666752599E+01   -0.601491191149773113E+04   -0.759396350544153709E+01    1
    0.138188838535530789E+01    0.505886611671180276E+03   -0.482166249766167621E+01   -0.599478871680235079E+04   -0.759646350544154547E+01    1
    0.127466953821313611E+01    0.950631755048495620E+03   -0.103880469826622956E+01   -0.596997996160404182E+04   -0.759896350544154231E+01    1
    0.129110314346652255E+01    0.517782353487726482E+03   -0.367719838113951347E+01   -0.591689655568442504E+04   -0.760146350544154181E+01    1
    0.128354437015601430E+01    0.109277967046596905E+04   -0.594602887374798694E+01   -0.589216132805383859E+04   -0.760396350544156086E+01    1
    0.137110953807017166E+01    0.109867918483066705E+04   -0.100873703116632907E+02   -0.587931699430930348E+04   -0.760646350544154970E+01    1
    0.136922109747941079E+01    0.106254383873315601E+04   -0.532659209108655851E+01   -0.585863174654297472E+04   -0.760896350544154476E+01    1
    0.136682720785218126E+01    0.131651026712380781E+04   -0.777146414785266160E+01   -0.584193387021377748E+04   -0.761146350544154160E+01    1
    0.137045949453535787E+01    0.109986411281332676E+04   -0.660453978566952227E+01   -0.582437731332908515E+04   -0.761396350544153933E+01    1
    0.129318855810809752E+01    0.646033931350866851E+03   -0.108861779259246578E+02   -0.579364723027536638E+04   -0.761646350544155126E+01    1
    0.137099981469511967E+01    0.107569608688354492E+04   -0.733762836456298828E+01   -0.575846893217102297E+04   -0.761896350544154100E+01    1
    0.136640287837386110E+01    0.131402294635772705E+04   -0.730172294378280640E+01   -0.572782293187434971E+04   -0.762146350544154316E+01    1
    0.129688218792842003E+01    0.443338791419314191E+03   -0.114762605242084614E+02   -0.571279689116590362E+04   -0.762396350544154444E+01    1
    0.127862812067270259E+01    0.156944091320037842E+04   -0.109833474159240723E+02   -0.567364654904161307E+04   -0.762646350544154927E+01    1
    0.127464181519746766E+01    0.931306481361389160E+03   -0.292636454105377197E+01   -0.565348732852178091E+04   -0.762896350544157276E+01    1
    0.126888356465331564E+01    0.131261661555298542E+04   -0.403186727756414687E+01   -0.559467597981868312E+04   -0.763146350544156782E+01    1
    0.137801640733480446E+01    0.685681867599487305E+03   -0.741392713785171509E+01   -0.555260393111275607E+04   -0.763396350544155755E+01    1
    0.137296013703346231E+01    0.935702443122863770E+03   -0.111297221779823303E+02   -0.552424604271451335E+04   -0.763646350544153574E+01    1
    0.134904580806133101E+01    0.155081549968110221E+04   -0.458786876158285573E+01   -0.551296304765211335E+04   -0.763896350544154323E+01    1
    0.126790462619560151E+01    0.145327890487880995E+04   -0.437662281566298983E+01   -0.548741277682424334E+04   -0.764146350544156938E+01    1
    0.136875375004526600E+01    0.114824708235664139E+04   -0.102192448052892111E+02   -0.547729917967793608E+04   -0.764396350544156888E+01    1
    0.127946494349241235E+01    0.150951936244964600E+04   -0.675878155231475830E+01   -0.547710035188328038E+04   -0.764646350544156750E+01    1
    0.134294226542248119E+01    0.111359871965980233E+04   -0.234555264252504259E+01   -0.546659665655902427E+04   -0.764896350544156256E+01    1
    0.129330959801255840E+01    0.448110171288903075E+03   -0.287937727809972444E+01   -0.545647273308549939E+04   -0.765146350544154341E+01    1
    0.137703154395818705E+01    0.709520554542541504E+03   -0.661543196439743042E+01   -0.545498685834904245E+04   -0.765396350544153847E+01    1
    0.137107901104688623E+01    0.101253886222839355E+04   -0.853200501203536987E+01   -0.540782194990002426E+04   -0.765646350544154597E+01    1
    0.128513102441445648E+01    0.961518115954619020E+03   -0.491345918772941381E+01   -0.539804904547663864E+04   -0.765896350544155435E+01    1
    0.129341218623029364E+01    0.722804172739647925E+03   -0.766348526007668251E+01   -0.539745519449791755E+04   -0.766146350544156007E+01    1
    0.127186626090130162E+01    0.906388292438397457E+03   -0.202040661653094133E+01   -0.539398709921818681E+04   -0.766396350544156224E+01    1
    0.137187792616622106E+01    0.963279210145905267E+03   -0.735972212145857974E+01   -0.539292976356321196E+04   -0.766646350544154576E+01    1
    0.132182056365370060E+01    0.143262059982098208E+04   -0.149477252033043762E+01   -0.538819324019424766E+04   -0.766896350544153993E+01    1
    0.129275241022258580E+01    0.751697400948458721E+03   -0.678927139675356095E+01   -0.537254907060005917E+04   -0.767146350544154476E+01    1
    0.129182060821403577E+01    0.836600482988451859E+03   -0.113412060223695512E+02   -0.536639329158855526E+04   -0.767396350544155315E+01    1
    0.128559524143961035E+01    0.119958924429888543E+04   -0.110577505373639120E+02   -0.535635781701679753E+04   -0.767646350544154465E+01    1
    0.136120467345630947E+01    0.151969040531717269E+04   -0.742464876823470910E+01   -0.532691721023945411E+04   -0.767896350544153261E+01    1
    0.126956517243091960E+01    0.146775581099463352E+04   -0.453840548186372672E+01   -0.532193395667453296E+04   -0.768146350544156054E+01    1
    0.128072438565928071E+01    0.153175378582758617E+04   -0.100839513755097627E+02   -0.527455185539883223E+04   -0.768396350544157336E+01    1
    0.129217381025746625E+01    0.472496402144711340E+03   -0.195666699363511398E+01   -0.520000862025228253E+04   -0.768646350544155865E+01    1
    0.128645550137880127E+01    0.101025075387855622E+04   -0.537502742635020070E+01   -0.515733919452040936E+04   -0.768896350544153862E+01    1
    0.136163693823381715E+01    0.129296284417434163E+04   -0.543046378957651399E+01   -0.513530839129839387E+04   -0.769146350544153723E+01    1
    0.127969174323997525E+01    0.105270453677453224E+04   -0.407445749036105020E+01   -0.510517644107784599E+04   -0.769396350544153851E+01    1
    0.127356167632637929E+01    0.103365309622863720E+04   -0.308426168329889627E+01   -0.507476617693892149E+04   -0.769646350544154245E+01    1
    0.128786454403996453E+01    0.113344941139221191E+04   -0.108529738187789917E+02   -0.505074471126718709E+04   -0.769896350544156061E+01    1
    0.137758954604826989E+01    0.608601650261414079E+03   -0.891855260675209749E+01   -0.501980655341065085E+04   -0.770146350544154501E+01    1
    0.126164713111383131E+01    0.152947721228889668E+04   -0.387658973076507962E+01   -0.501059200374546072E+04   -0.770396350544153563E+01    1
    0.134938467834591846E+01    0.133683881759643555E+04   -0.408502066135406494E+01   -0.500125772520296323E+04   -0.770646350544153691E+01    1
    0.133225256281919480E+01    0.134221230944713625E+04   -0.120953599090710817E+01   -0.497053001073146334E+04   -0.770896350544153819E+01    1
    0.137739696976648451E+01    0.495581887174231724E+03   -0.404913827379694968E+01   -0.496237560898776428E+04   -0.771146350544153947E+01    1
    0.135143528432306348E+01    0.153911169542724178E+04   -0.496554808074101928E+01   -0.494140958743231386E+04   -0.771396350544154874E+01    1
    0.137983750584306319E+01    0.422640470687074924E+03   -0.465475342430634864E+01   -0.492939076767750794E+04   -0.771646350544154558E+01    1
    0.128243936363301669E+01    0.149921780759670742E+04   -0.760441266699156859E+01   -0.492227419066656421E+04   -0.771896350544153709E+01    1
    0.128704819421532157E+01    0.630458036091450595E+03   -0.165624535138015361E+01   -0.488705537557728167E+04   -0.772146350544155613E+01    1
    0.128980156227150644E+01    0.625087785918445320E+03   -0.293896070555258326E+01   -0.486457352588774029E+04   -0.772396350544156185E+01    1
    0.129888258156180370E+01    0.532587170600891113E+03   -0.107453008294105530E+02   -0.482630723453250539E+04   -0.772646350544155958E+01    1
    0.128185318891067035E+01    0.117361208617502507E+04   -0.483776941645829250E+01   -0.481792035594923800E+04   -0.772896350544153776E+01    1
    0.128225591695951957E+01    0.154971470082222436E+04   -0.111242890325919106E+02   -0.481610126908169332E+04   -0.773146350544152750E+01    1
    0.137042761790632639E+01    0.688074299544738778E+03   -0.374091645704817033E+01   -0.480418268042420095E+04   -0.773396350544153144E+01    1
    0.129279383371772227E+01    0.511665181713673235E+03   -0.152831840496696714E+01   -0.478577660174076846E+04   -0.773646350544152828E+01    1
    0.130095196595191953E+01    0.420699787139892578E+03   -0.102664958834648132E+02   -0.478255755913084704E+04   -0.773896350544152600E+01    1
    0.128478687237143596E+01    0.133132911497816508E+04   -0.654148657971555725E+01   -0.477745359077527974E+04   -0.774146350544153350E+01    1
    0.136277836341261849E+01    0.912994146347045898E+03   -0.384451866149902344E+01   -0.470678862710763497E+04   -0.774396350544155521E+01    1
    0.136955787731409062E+01    0.947960710525512695E+03   -0.771245688199996948E+01   -0.468860836661521535E+04   -0.774646350544155915E+01    1
    0.137336489231110548E+01    0.759694970761540048E+03   -0.106279189881592391E+02   -0.466657807723055794E+04   -0.774896350544153556E+01    1
    0.137061070964536436E+01    0.738744699112232638E+03   -0.446754087130868704E+01   -0.464820289143552873E+04   -0.775146350544153329E+01    1
    0.130066538085386529E+01    0.470185097168817038E+03   -0.109537767419899303E+02   -0.464787639928430417E+04   -0.775396350544155766E+01    1
    0.136586033840775478E+01    0.814306306838989258E+03   -0.380121749639511108E+01   -0.463908367135448862E+04   -0.775646350544157048E+01    1
    0.136930363665279575E+01    0.944950348063427441E+03   -0.729608749551197366E+01   -0.461880723168279837E+04   -0.775896350544155400E+01    1
    0.129446717546349666E+01    0.852624296322535429E+03   -0.741720242743811653E+01   -0.461358720840987735E+04   -0.776146350544154462E+01    1
    0.136542110120058036E+01    0.115070717334747314E+04   -0.102324013710021973E+02   -0.459809603669265107E+04   -0.776396350544153169E+01    1
    0.137281680813610740E+01    0.727527009667222387E+03   -0.575486680230423886E+01   -0.457702588394863142E+04   -0.776646350544152586E+01    1
    0.128978323652249838E+01    0.741589780687433290E+03   -0.367776762653091183E+01   -0.457389478110370055E+04   -0.776896350544152536E+01    1
    0.128771869055628763E+01    0.119754869937896729E+04   -0.636559218168258667E+01   -0.453718028860185677E+04   -0.777146350544154885E+01    1
    0.128694261366230234E+01    0.132030398143348566E+04   -0.828578113650287662E+01   -0.453519868531137217E+04   -0.777396350544157233E+01    1
    0.137441785906725356E+01    0.674894699695572854E+03   -0.119115899226946365E+02   -0.452694820789982987E+04   -0.777646350544155851E+01    1
    0.128901503226011793E+01    0.120075312581524349E+04   -0.954068762723728625E+01   -0.450312894191862961E+04   -0.777896350544156334E+01    1
    0.134262770805789344E+01    0.103513410356771533E+04   -0.153975811546550823E+01   -0.447907527088725692E+04   -0.778146350544156551E+01    1
    0.128072474179552542E+01    0.137295258365596510E+04   -0.524607785781269165E+01   -0.446219397329004732E+04   -0.778396350544154192E+01    1
    0.129817689340695863E+01    0.673690147715375815E+03   -0.965793480895235668E+01   -0.444792306374981763E+04   -0.778646350544152810E+01    1
    0.129469460362183519E+01    0.876392479539542933E+03   -0.105290568020432769E+02   -0.441035453865995896E+04   -0.778896350544152760E+01    1
    0.127465442589216571E+01    0.145835061529750260E+04   -0.467254076038508792E+01   -0.438877854527507498E+04   -0.779146350544154132E+01    1
    0.134585464656976317E+01    0.978673590318151355E+03   -0.153007340504398570E+01   -0.438330312012264403E+04   -0.779396350544154437E+01    1
    0.130277220480890010E+01    0.423308108959015613E+03   -0.102149452516754149E+02   -0.434739536335285266E+04   -0.779646350544154743E+01    1
    0.128427964934654715E+01    0.155865081957487882E+04   -0.903844300026540992E+01   -0.429255580010579706E+04   -0.779896350544157446E+01    1
    0.128725694346308650E+01    0.760676965331710790E+03   -0.296371254297921816E+01   -0.427692645092299244E+04   -0.780146350544155798E+01    1
    0.131787560887033584E+01    0.143454654377739485E+04   -0.231723514960250832E+01   -0.424993409059065834E+04   -0.780396350544155126E+01    1
    0.133054707904822123E+01    0.119567984702852345E+04   -0.171607625402183039E+01   -0.422406626112431150E+04   -0.780646350544155965E+01    1
    0.128723164283809477E+01    0.139265511469293097E+04   -0.117921009464018596E+02   -0.420872260100862150E+04   -0.780896350544154672E+01    1
    0.128393230118147428E+01    0.105236636774743329E+04   -0.417833982645899038E+01   -0.420527043602605409E+04   -0.781146350544153734E+01    1
    0.128597387284628550E+01    0.148088291405608129E+04   -0.107261971300769510E+02   -0.418026767642871164E+04   -0.781396350544152618E+01    1
    0.135665086059175111E+01    0.153604854782823236E+04   -0.108547476970818000E+02   -0.417915757259592283E+04   -0.781646350544154433E+01    1
    0.136372159949541083E+01    0.114762248992919922E+04   -0.827216196060180664E+01   -0.416653170735628464E+04   -0.781896350544156693E+01    1
    0.129455604039430616E+01    0.953782463073730469E+03   -0.105411081314086914E+02   -0.415177778142461739E+04   -0.782146350544154956E+01    1
    0.136484669251765878E+01    0.106590765474978025E+04   -0.675382741851406543E+01   -0.413675297462055005E+04   -0.782396350544154018E+01    1
    0.129342359817624075E+01    0.863514685630798340E+03   -0.519472259283065796E+01   -0.413387256335222082E+04   -0.782646350544154412E+01    1
    0.129301757668309070E+01    0.680731498747225032E+03   -0.353053688078530215E+01   -0.413204891812919232E+04   -0.782896350544153297E+01    1
    0.136508339594115680E+01    0.105774920936571334E+04   -0.699354476980730322E+01   -0.413052535940955386E+04   -0.783146350544151915E+01    1
    0.129848615904004738E+01    0.689713394143108189E+03   -0.612760269559089998E+01   -0.411612934050924832E+04   -0.783396350544152842E+01    1
    0.136810324547809237E+01    0.582694696020013225E+03   -0.277003920645321244E+01   -0.408868000707090960E+04   -0.783646350544153591E+01    1
    0.135926258078213080E+01    0.137223753200550664E+04   -0.941829754605661051E+01   -0.408656310281396509E+04   -0.783896350544154696E+01    1
    0.135984083245396592E+01    0.111893780231475830E+04   -0.497894650697708130E+01   -0.404732721628113177E+04   -0.784146350544156334E+01    1
    0.129019679887561489E+01    0.124001879093794332E+04   -0.748849052346929067E+01   -0.403969556720857963E+04   -0.784396350544156284E+01    1
    0.136569025541654221E+01    0.101431389355081149E+04   -0.113338282302962003E+02   -0.402840895650203220E+04   -0.784646350544153925E+01    1
    0.136562172284484284E+01    0.101304262564548731E+04   -0.864231081041732807E+01   -0.400876989315636274E+04   -0.784896350544154320E+01    1
    0.129508526704506277E+01    0.633107121243055872E+03   -0.352028668460911653E+01   -0.400010448824147079E+04   -0.785146350544155780E+01    1
    0.129357080933533730E+01    0.105911496397560950E+04   -0.117114768744068183E+02   -0.397980941398974028E+04   -0.785396350544153155E+01    1
    0.129811207334723377E+01    0.812306896495544379E+03   -0.113700883550072582E+02   -0.395964056539039211E+04   -0.785646350544154082E+01    1
    0.130153294453015089E+01    0.613064145217703867E+03   -0.110415460741744713E+02   -0.391188755883447084E+04   -0.785896350544154210E+01    1
    0.135737136923353741E+01    0.142154838411758919E+04   -0.718474816683458695E+01   -0.389505523787166931E+04   -0.786146350544152739E+01    1
    0.130316944047631567E+01    0.518003574918810159E+03   -0.865491328738044174E+01   -0.389059386494713181E+04   -0.786396350544153577E+01    1
    0.129282941898107517E+01    0.109011607170104980E+04   -0.654688954353332520E+01   -0.384946108581710087E+04   -0.786646350544155126E+01    1
    0.128800954699516290E+01    0.743724584579467773E+03   -0.247527790069580078E+01   -0.376806350918861426E+04   -0.786896350544155521E+01    1
    0.129656462414860707E+01    0.784175801277160645E+03   -0.504785543680191040E+01   -0.374587517855046735E+04   -0.787146350544153250E+01    1
    0.135908549026250824E+01    0.128317039012908936E+04   -0.694331914186477661E+01   -0.371878905851568834E+04   -0.787396350544151957E+01    1
    0.129532270676493644E+01    0.670747256278991699E+03   -0.356712841987609863E+01   -0.371004677580913813E+04   -0.787646350544154750E+01    1
    0.129735261254929157E+01    0.870701701149009523E+03   -0.653384718817254928E+01   -0.370769390845027010E+04   -0.787896350544157364E+01    1
    0.135751609511375415E+01    0.137716407775878906E+04   -0.812081539630889893E+01   -0.370410316436951598E+04   -0.788146350544157315E+01    1
    0.137253691738314720E+01    0.590109967638092485E+03   -0.887091546486715465E+01   -0.370082544616887935E+04   -0.788396350544154512E+01    1
    0.136194291583125171E+01    0.113213761544258591E+04   -0.887733690346183479E+01   -0.367380197889999272E+04   -0.788646350544152952E+01    1
    0.130371189700196388E+01    0.542946814060323845E+03   -0.762475851949633654E+01   -0.367146683085668974E+04   -0.788896350544154679E+01    1
    0.128393332666988513E+01    0.883629199967344789E+03   -0.279484963077166704E+01   -0.365467626299757376E+04   -0.789146350544153208E+01    1
    0.135805272998213766E+01    0.133724272251129150E+04   -0.105348210930824280E+02   -0.365366904650903052E+04   -0.789396350544153957E+01    1
    0.136960752387642848E+01    0.730301237106323242E+03   -0.106996819376945496E+02   -0.363753793978904196E+04   -0.789646350544156483E+01    1
    0.130572321200966823E+01    0.432021713256835938E+03   -0.715548062324523926E+01   -0.362773043037095522E+04   -0.789896350544156256E+01    1
    0.136493836553692804E+01    0.958924365043640137E+03   -0.940100497007369995E+01   -0.361495911690271078E+04   -0.790146350544157272E+01    1
    0.136223997888565052E+01    0.110246853828430176E+04   -0.111773506402969360E+02   -0.361408488410637574E+04   -0.790396350544158199E+01    1
    0.127366879512340692E+01    0.126480930825554515E+04   -0.350904007407077145E+01   -0.359946751258913946E+04   -0.790646350544157883E+01    1
    0.135589264086243744E+01    0.143715439635189705E+04   -0.103685371295292423E+02   -0.357691044676013553E+04   -0.790896350544156768E+01    1
    0.135817082732049421E+01    0.129929394819905269E+04   -0.705746559277875996E+01   -0.356859384984521103E+04   -0.791146350544154675E+01    1
    0.136007174478746573E+01    0.120384464148597976E+04   -0.997689042141130855E+01   -0.355013255925525800E+04   -0.791396350544156046E+01    1
    0.132666073382689165E+01    0.121363660882150020E+04   -0.190467772221554732E+01   -0.354378892542735002E+04   -0.791646350544156441E+01    1
    0.135862596187591533E+01    0.127413957118988037E+04   -0.114405834078788757E+02   -0.351714171998051097E+04   -0.791896350544155680E+01    1
    0.137147790890336019E+01    0.597404146194458008E+03   -0.962388962507247925E+01   -0.349753683301830961E+04   -0.792146350544155364E+01    1
    0.136812668280585337E+01    0.769969121553483433E+03   -0.102689567218090456E+02   -0.347303811839608079E+04   -0.792396350544153183E+01    1
    0.128795323367289516E+01    0.156180254851256336E+04   -0.922378376871154870E+01   -0.346392558155549204E+04   -0.792646350544151979E+01    1
    0.128888787063331289E+01    0.151253317571850539E+04   -0.988395642103572136E+01   -0.342858251744717472E+04   -0.792896350544154149E+01    1
    0.128737822511201649E+01    0.106094380685354554E+04   -0.420687676011405731E+01   -0.339467657722443710E+04   -0.793146350544155609E+01    1
    0.130024862160539034E+01    0.842928241281241526E+03   -0.779604960813945347E+01   -0.338256786340655299E+04   -0.793396350544155116E+01    1
    0.130204282947778682E+01    0.736772441864013672E+03   -0.851197552680969238E+01   -0.337079638721596484E+04   -0.793646350544155954E+01    1
    0.135789768134382194E+01    0.127383994842403081E+04   -0.870746532436489140E+01   -0.335630637728636293E+04   -0.793896350544156792E+01    1
    0.136923167875326790E+01    0.680121877431531175E+03   -0.805315406483638796E+01   -0.335272821790026865E+04   -0.794146350544156743E+01    1
    0.128993233123826156E+01    0.146900127153885796E+04   -0.112192204897383689E+02   -0.334986185021312667E+04   -0.794396350544153673E+01    1
    0.130606237846612916E+01    0.503017139434814453E+03   -0.103326687812805176E+02   -0.333968076648299211E+04   -0.794646350544154068E+01    1
    0.135546073029172987E+01    0.138158314060660223E+04   -0.684696852403087064E+01   -0.332757229063750265E+04   -0.794896350544154995E+01    1
    0.129183278385399580E+01    0.127510275331414095E+04   -0.634988052102677170E+01   -0.330423774803235983E+04   -0.795146350544154590E+01    1
    0.132327098446525415E+01    0.126423694006182700E+04   -0.212180877479451446E+01   -0.329443244749743872E+04   -0.795396350544157293E+01    1
    0.130709102821533030E+01    0.461233381615107078E+03   -0.960966877775666362E+01   -0.327932971089378134E+04   -0.795646350544156711E+01    1
    0.136377510988712292E+01    0.715856862068176270E+03   -0.389664751291275024E+01   -0.327542925748145581E+04   -0.795896350544153108E+01    1
    0.129926579956345578E+01    0.921018776958653689E+03   -0.903924538942061417E+01   -0.325204027481690264E+04   -0.796146350544151815E+01    1
    0.128394486945800868E+01    0.139961194555794668E+04   -0.502537490851151336E+01   -0.324060597538457750E+04   -0.796396350544153631E+01    1
    0.136079513092130933E+01    0.108826907872411221E+04   -0.103330639903221559E+02   -0.324022754597878838E+04   -0.796646350544156423E+01    1
    0.130646565153783967E+01    0.472093045499334721E+03   -0.609465240846671463E+01   -0.323996442561806907E+04   -0.796896350544157794E+01    1
    0.130257827792122516E+01    0.158392474635937697E+04   -0.219492026549304953E+01   -0.321359822859116184E+04   -0.797146350544157034E+01    1
    0.127651540683607312E+01    0.135135393739906567E+04   -0.395028480195967191E+01   -0.318573939515700749E+04   -0.797396350544157606E+01    1
    0.129366773950170710E+01    0.650346893863302739E+03   -0.206756856394566668E+01   -0.316624025077313718E+04   -0.797646350544157112E+01    1
    0.130340495037767412E+01    0.685260740158966087E+03   -0.652040914697968699E+01   -0.315234553235190788E+04   -0.797896350544153865E+01    1
    0.135304423931858553E+01    0.148415617608229445E+04   -0.957534757920407031E+01   -0.313495630196499906E+04   -0.798146350544153194E+01    1
    0.130680393154382091E+01    0.519967599510076411E+03   -0.115421546825255170E+02   -0.313298863675389930E+04   -0.798396350544153499E+01    1
    0.127395524110379821E+01    0.124584455447630762E+04   -0.324508484703766875E+01   -0.312197975427595065E+04   -0.798646350544152916E+01    1
    0.137123323330586699E+01    0.447442290599397268E+03   -0.433671091336433978E+01   -0.311310593303352425E+04   -0.798896350544155798E+01    1
    0.129082187245441027E+01    0.149429144546077259E+04   -0.112110185283735699E+02   -0.309046246343638268E+04   -0.799146350544158590E+01    1
    0.130144175210136548E+01    0.776944034880589015E+03   -0.583321518635111502E+01   -0.307472164703955059E+04   -0.799396350544156853E+01    1
    0.130689356719667726E+01    0.517761641161796888E+03   -0.685211435928697288E+01   -0.306591381132645847E+04   -0.799646350544155382E+01    1
    0.130099590398652531E+01    0.869363094333394429E+03   -0.717560738798670528E+01   -0.304482160461655121E+04   -0.799896350544155155E+01    1
    0.129169854784151772E+01    0.141327488264791555E+04   -0.687407075507724219E+01   -0.303237030926517264E+04   -0.800146350544155105E+01    1
    0.129213300677822018E+01    0.143387025370348942E+04   -0.958462761577472833E+01   -0.301693852684436933E+04   -0.800396350544155233E+01    1
    0.129706970042724778E+01    0.776451302516493570E+03   -0.399153166055913289E+01   -0.296971643969796241E+04   -0.800646350544154828E+01    1
    0.127913324838548692E+01    0.997334942663239417E+03   -0.237246106501779686E+01   -0.296337464342023304E+04   -0.800896350544155666E+01    1
    0.135387267411947243E+01    0.138317029476165771E+04   -0.100671595931053162E+02   -0.292652705495777718E+04   -0.801146350544155617E+01    1
    0.136778327591014071E+01    0.645788226340785513E+03   -0.101523982284720695E+02   -0.291627606950495010E+04   -0.801396350544156277E+01    1
    0.129684112813739016E+01    0.114358441581338207E+04   -0.684252139978032581E+01   -0.289222156939897513E+04   -0.801646350544156761E+01    1
    0.137114566396578841E+01    0.460910183907042551E+03   -0.946076604307254954E+01   -0.287369039105483580E+04   -0.801896350544157066E+01    1
    0.134122249549269368E+01    0.101837275325922053E+04   -0.121671432477311114E+01   -0.285471989165588184E+04   -0.802146350544156306E+01    1
    0.130138349533037956E+01    0.918112218445746066E+03   -0.114676677729413434E+02   -0.284453233759485147E+04   -0.802396350544155901E+01    1
    0.135642939725890455E+01    0.121812276966491390E+04   -0.102972768641356822E+02   -0.283448484635481327E+04   -0.802646350544157983E+01    1
    0.129107806155270044E+01    0.155417278418102728E+04   -0.762407882640667900E+01   -0.282187375659716827E+04   -0.802896350544155801E+01    1
    0.134971761992973294E+01    0.157578145749727128E+04   -0.102158652741834270E+02   -0.279109153851011752E+04   -0.803146350544153265E+01    1
    0.136813420623053061E+01    0.594777467891321066E+03   -0.870541924450930082E+01   -0.279042419615508788E+04   -0.803396350544155879E+01    1
    0.135532323746955585E+01    0.126481990845423979E+04   -0.935968535905462140E+01   -0.278206116602825296E+04   -0.803646350544156363E+01    1
    0.134553110076327975E+01    0.136911118757743179E+04   -0.471311590734244490E+01   -0.277914113516782027E+04   -0.803896350544154359E+01    1
    0.135288235560096526E+01    0.136530690971777949E+04   -0.660310170838013910E+01   -0.276197413092571469E+04   -0.804146350544156086E+01    1
    0.129844282654869492E+01    0.113351795749511939E+04   -0.106271477496289215E+02   -0.272920997778588071E+04   -0.804396350544155503E+01    1
    0.135827217964903624E+01    0.108551511571207470E+04   -0.993302293610551423E+01   -0.271390616408501410E+04   -0.804646350544154387E+01    1
    0.130638431968350810E+01    0.679673570114324434E+03   -0.101303590353678068E+02   -0.271017717850208373E+04   -0.804896350544157535E+01    1
    0.129716637254450418E+01    0.122272523324443273E+04   -0.912833022976635711E+01   -0.269522491976672018E+04   -0.805146350544158196E+01    1
    0.131574856129288653E+01    0.149546394348144531E+04   -0.294400089979171753E+01   -0.266212382011501131E+04   -0.805396350544154949E+01    1
    0.135271602829098692E+01    0.136882491111755371E+04   -0.931736552715301514E+01   -0.264553407084037053E+04   -0.805646350544153833E+01    1
    0.135971346611369182E+01    0.980207787550472176E+03   -0.755037207958804935E+01   -0.261875615482434569E+04   -0.805896350544155560E+01    1
    0.128639993399977670E+01    0.114893298149108887E+04   -0.391599184274673462E+01   -0.257586557732000483E+04   -0.806146350544153556E+01    1
    0.129355949844391760E+01    0.980928161289096579E+03   -0.414660449906112660E+01   -0.256721308944683369E+04   -0.806396350544155283E+01    1
    0.130621089586979289E+01    0.713927026683062991E+03   -0.676349189001365581E+01   -0.256161196715427923E+04   -0.806646350544159318E+01    1
    0.129365681593456205E+01    0.148856611691402213E+04   -0.906982099343306913E+01   -0.255899889675998293E+04   -0.806896350544156249E+01    1
    0.136584037258529101E+01    0.649887927998813211E+03   -0.861169844195603496E+01   -0.255309642935423835E+04   -0.807146350544154600E+01    1
    0.129455902939438805E+01    0.975534892082214355E+03   -0.429003947973251343E+01   -0.254390262763556348E+04   -0.807396350544155439E+01    1
    0.134934245617260395E+01    0.152637055941433368E+04   -0.980115053987823259E+01   -0.254380298371118943E+04   -0.807646350544155922E+01    1
    0.136826347017288197E+01    0.482359194755554199E+03   -0.530760079622268677E+01   -0.251579137352894804E+04   -0.807896350544154984E+01    1
    0.129232342743873585E+01    0.151267249584197998E+04   -0.660057491064071655E+01   -0.251486001770383109E+04   -0.808146350544155112E+01    1
    0.135033019137193544E+01    0.127439459631654040E+04   -0.525731080630111780E+01   -0.250983809201600070E+04   -0.808396350544156483E+01    1
    0.131178444048038956E+01    0.426161484633013686E+03   -0.923954960141060511E+01   -0.250197307174210255E+04   -0.808646350544156611E+01    1
    0.129751355249715372E+01    0.126643668147056769E+04   -0.939920674345255591E+01   -0.249859458177033184E+04   -0.808896350544156206E+01    1
    0.135159135084045468E+01    0.138100348351305843E+04   -0.733024887709861783E+01   -0.249272248653220640E+04   -0.809146350544155979E+01    1
    0.130471115602254861E+01    0.156418135166168213E+04   -0.254576432704925537E+01   -0.249196437736849975E+04   -0.809396350544156107E+01    1
    0.134819677621212142E+01    0.157253733165988683E+04   -0.937080177196390096E+01   -0.248040938716703113E+04   -0.809646350544155524E+01    1
    0.135721559125184998E+01    0.704248762130737305E+03   -0.311020714044570923E+01   -0.246536099352523343E+04   -0.809896350544155830E+01    1
    0.134751949369311319E+01    0.154355266094207764E+04   -0.625716912746429443E+01   -0.245773546732820205E+04   -0.810146350544155602E+01    1
    0.129729293091191522E+01    0.131683481156751805E+04   -0.919333359336964584E+01   -0.239301618491616955E+04   -0.810396350544154842E+01    1
    0.136545949355805529E+01    0.624545686959460909E+03   -0.834712180887430932E+01   -0.239285139616468450E+04   -0.810646350544154259E+01    1
    0.136011011247784186E+01    0.886164735209066976E+03   -0.936787106285350823E+01   -0.235346896134818371E+04   -0.810896350544154565E+01    1
    0.130031219394525999E+01    0.110627450315833880E+04   -0.676564626988716178E+01   -0.234861063198957891E+04   -0.811146350544155936E+01    1
    0.129414992519617078E+01    0.154390735626220703E+04   -0.119476528167724609E+02   -0.231983277656274186E+04   -0.811396350544154998E+01    1
    0.135196352929472918E+01    0.131063463687896729E+04   -0.933244615793228149E+01   -0.230351950132202683E+04   -0.811646350544154060E+01    1
    0.128724196390555323E+01    0.153360533987092094E+04   -0.527169224801060921E+01   -0.228854495096395294E+04   -0.811896350544155077E+01    1
    0.136869668643142628E+01    0.418164893408446062E+03   -0.100022935363544576E+02   -0.226116102395592407E+04   -0.812146350544155737E+01    1
    0.131135504535673819E+01    0.406657668678948937E+03   -0.426761771930510569E+01   -0.225515346033030664E+04   -0.812396350544154444E+01    1
    0.129809744277459771E+01    0.131692018287327210E+04   -0.810745693185006289E+01   -0.224297757010968144E+04   -0.812646350544154039E+01    1
    0.129485666485755613E+01    0.140731242074990496E+04   -0.625347620842378049E+01   -0.223002585369914277E+04   -0.812896350544155055E+01    1
    0.136602082176154260E+01    0.546310477725609417E+03   -0.931951293896625188E+01   -0.222989261297614303E+04   -0.813146350544156249E+01    1
    0.135864322261641002E+01    0.913870357389212018E+03   -0.902272076850983140E+01   -0.218143710845575515E+04   -0.813396350544156377E+01    1
    0.135228971826087152E+01    0.122879712213801145E+04   -0.645663810400725779E+01   -0.218131458492628008E+04   -0.813646350544156149E+01    1
    0.136420105641175504E+01    0.612125474602536201E+03   -0.616805741089634552E+01   -0.217734813349385331E+04   -0.813896350544155744E+01    1
    0.130162628225581822E+01    0.112723584987022696E+04   -0.106857587822136288E+02   -0.217647861276549065E+04   -0.814146350544154274E+01    1
    0.136547016387838926E+01    0.559170913892276076E+03   -0.915428846589127332E+01   -0.217551235911507456E+04   -0.814396350544154046E+01    1
    0.130813739016897412E+01    0.140576152326374176E+04   -0.160490649939131558E+01   -0.215620432151606701E+04   -0.814646350544154174E+01    1
    0.130510633915252350E+01    0.926821209809054722E+03   -0.111696405974986259E+02   -0.215180512032267279E+04   -0.814896350544153947E+01    1
    0.130449923483118169E+01    0.840668053107968149E+03   -0.538936708091797989E+01   -0.211793274274793475E+04   -0.815146350544155496E+01    1
    0.129757318016023904E+01    0.140665437080218339E+04   -0.934211495067755315E+01   -0.209860424741180623E+04   -0.815396350544156689E+01    1
    0.130579020935297008E+01    0.846473932266235352E+03   -0.598531782627105713E+01   -0.208414651315806668E+04   -0.815646350544155219E+01    1
    0.136289236073071596E+01    0.654916025194751114E+03   -0.634670344640149597E+01   -0.208146780228368243E+04   -0.815896350544154103E+01    1
    0.129800172319926310E+01    0.139001898530692688E+04   -0.929724068703958295E+01   -0.207281566705954219E+04   -0.816146350544153343E+01    1
    0.129977464013099664E+01    0.780245685577392578E+03   -0.350974780321121216E+01   -0.206676736376171766E+04   -0.816396350544153115E+01    1
    0.135522548428331158E+01    0.104165290531948995E+04   -0.650412435934798516E+01   -0.206265258200225344E+04   -0.816646350544153243E+01    1
    0.134716458030939101E+01    0.149400453567504883E+04   -0.119457350373268127E+02   -0.203946692743365884E+04   -0.816896350544153371E+01    1
    0.135108639142513254E+01    0.127572994232177734E+04   -0.101200614571571350E+02   -0.203813624713078843E+04   -0.817146350544155275E+01    1
    0.134530535992369704E+01    0.156703271818269286E+04   -0.666241389676492535E+01   -0.202986375084487781E+04   -0.817396350544155581E+01    1
    0.129821409047842007E+01    0.138837864398956299E+04   -0.789933055639266968E+01   -0.202576553306375035E+04   -0.817646350544155887E+01    1
    0.133064655823661093E+01    0.141403846174340106E+04   -0.386732236763070603E+01   -0.200974427876993968E+04   -0.817896350544157080E+01    1
    0.130943168805398713E+01    0.675784668029397153E+03   -0.602475673371671228E+01   -0.200836110708423666E+04   -0.818146350544155609E+01    1
    0.131376621342392030E+01    0.481826451304037505E+03   -0.111053914119563366E+02   -0.200509177126724308E+04   -0.818396350544155382E+01    1
    0.129890723072515080E+01    0.135868326406027381E+04   -0.837456629102568506E+01   -0.200039464644346845E+04   -0.818646350544155332E+01    1
    0.129894092260575955E+01    0.135898953260743701E+04   -0.117465244619082245E+02   -0.199990290176339386E+04   -0.818896350544154927E+01    1
    0.129548739337921126E+01    0.155527355670928955E+04   -0.728847092390060425E+01   -0.199515919745360679E+04   -0.819146350544154167E+01    1
    0.129750967574141929E+01    0.145418646326277189E+04   -0.880811439035495525E+01   -0.198719527035472311E+04   -0.819396350544153940E+01    1
    0.130541823070725171E+01    0.597954995589102737E+03   -0.112439469882132848E+01   -0.198357914106732778E+04   -0.819646350544156022E+01    1
    0.135454917028016775E+01    0.100949003693538282E+04   -0.572043482694629279E+01   -0.197177798537864373E+04   -0.819896350544156505E+01    1
    0.130700576073286223E+01    0.654692450656592086E+03   -0.431256705450650379E+01   -0.196613992156082122E+04   -0.820146350544154679E+01    1
    0.135468443647000991E+01    0.105547763871305460E+04   -0.986832636815481479E+01   -0.196071438260508103E+04   -0.820396350544154984E+01    1
    0.130033760019662559E+01    0.128558425021463540E+04   -0.861724699704961417E+01   -0.195969102579844412E+04   -0.820646350544156711E+01    1
    0.135347903719609675E+01    0.111167826755154852E+04   -0.713609035862106023E+01   -0.194968016897521875E+04   -0.820896350544155951E+01    1
    0.134097433683872214E+01    0.102755930423736572E+04   -0.322983133792877197E+01   -0.194404318052420513E+04   -0.821146350544155013E+01    1
    0.129871923445793547E+01    0.678522232790177895E+03   -0.178895303318023480E+01   -0.193372907088970805E+04   -0.821396350544154608E+01    1
    0.136378570082434969E+01    0.568292913493235233E+03   -0.115144297546024514E+02   -0.192127757139272717E+04   -0.821646350544153847E+01    1
    0.134454913233518591E+01    0.157035951614379883E+04   -0.659610009193420410E+01   -0.192007074394347592E+04   -0.821896350544153975E+01    1
    0.131570554890817881E+01    0.402295173347194179E+03   -0.948032479470394840E+01   -0.191591477226608504E+04   -0.822146350544153570E+01    1
    0.136311031564167928E+01    0.601647362225763800E+03   -0.101448175217968810E+02   -0.191293799043661647E+04   -0.822396350544153876E+01    1
    0.135124295699577734E+01    0.103684992164962750E+04   -0.484118919162937456E+01   -0.190856631518186123E+04   -0.822646350544154537E+01    1
    0.130096773995730208E+01    0.119011808248887451E+04   -0.630477338799084119E+01   -0.187437031191485175E+04   -0.822896350544153954E+01    1
    0.130776857919293343E+01    0.869149405738796759E+03   -0.761546268681085969E+01   -0.187303443804290964E+04   -0.823146350544155148E+01    1
    0.136430090659260728E+01    0.520248222351074219E+03   -0.110824300646781921E+02   -0.185546473428082163E+04   -0.823396350544156164E+01    1
    0.130770413791265838E+01    0.783264889296767819E+03   -0.556825743314212218E+01   -0.184999664756293168E+04   -0.823646350544155403E+01    1
    0.136239834728837006E+01    0.617513132095336914E+03   -0.112245653867721558E+02   -0.184793069589361494E+04   -0.823896350544155531E+01    1
    0.134540852830928870E+01    0.152463053449328163E+04   -0.987983850416009446E+01   -0.183683980944874565E+04   -0.824146350544156370E+01    1
    0.136440586180686929E+01    0.501138305664062500E+03   -0.107353683710098267E+02   -0.181331172715347748E+04   -0.824396350544157208E+01    1
    0.129888056459426871E+01    0.144769344329833984E+04   -0.100808246731758118E+02   -0.178486019299014606E+04   -0.824646350544156448E+01    1
    0.130545109298054496E+01    0.875621510080345161E+03   -0.533151784979099830E+01   -0.177283440916708150E+04   -0.824896350544156221E+01    1
    0.136030371435284603E+01    0.703141832351684570E+03   -0.104743667840957642E+02   -0.176773834007827963E+04   -0.825146350544156348E+01    1
    0.136030174598693843E+01    0.699492526054382324E+03   -0.761412954330444336E+01   -0.176235321558101532E+04   -0.825396350544154522E+01    1
    0.135042893291115740E+01    0.118578696250915527E+04   -0.622331261634826660E+01   -0.176125970915800735E+04   -0.825646350544155361E+01    1
    0.133080665768980966E+01    0.109917542934417725E+04   -0.268500757217407227E+01   -0.175375792141665488E+04   -0.825896350544155666E+01    1
    0.134769946551918962E+01    0.136467435359954834E+04   -0.747854745388031006E+01   -0.175330977093195588E+04   -0.826146350544155261E+01    1
    0.130118507135326977E+01    0.117640333973304905E+04   -0.594598622122429266E+01   -0.173975351863686183E+04   -0.826396350544155922E+01    1
    0.131067289027156497E+01    0.151876562241853776E+04   -0.302299006178422758E+01   -0.173388568482692108E+04   -0.826646350544156405E+01    1
    0.129643356715104807E+01    0.134961276205720242E+04   -0.559095256678254415E+01   -0.173219253619883284E+04   -0.826896350544156711E+01    1
    0.134324919330027548E+01    0.159610027829518458E+04   -0.815409442198557244E+01   -0.170047540393964027E+04   -0.827146350544156306E+01    1
    0.135687061410083620E+01    0.861125167367448284E+03   -0.102739057379259098E+02   -0.169979328812784706E+04   -0.827396350544156967E+01    1
    0.126311436817070555E+01    0.142972002749439798E+04   -0.210128188753875378E+01   -0.169505910529292441E+04   -0.827646350544157450E+01    1
    0.133253723385647715E+01    0.158381613435410827E+04   -0.467758362621271129E+01   -0.166674429647185525E+04   -0.827896350544155801E+01    1
    0.130181076510584814E+01    0.734452233208115217E+03   -0.114980475643503333E+01   -0.165099994770729336E+04   -0.828146350544156284E+01    1
    0.135130647859336950E+01    0.113375188761984418E+04   -0.106245801935207176E+02   -0.164761673782586467E+04   -0.828396350544157301E+01    1
    0.135441516370949477E+01    0.911921654048733672E+03   -0.560027177409129528E+01   -0.164288757716819418E+04   -0.828646350544155297E+01    1
    0.134526096925508565E+01    0.146432190896853035E+04   -0.115220727909257015E+02   -0.164180495859977691E+04   -0.828896350544153648E+01    1
    0.129984656105464746E+01    0.145435489902577274E+04   -0.117112734055507843E+02   -0.162561695705577131E+04   -0.829146350544153066E+01    1
    0.134737920162601221E+01    0.133678662621400554E+04   -0.753084682997059396E+01   -0.162508801982135128E+04   -0.829396350544153727E+01    1
    0.129687224033994752E+01    0.756386801193866063E+03   -0.191512635170162682E+01   -0.162456534128474732E+04   -0.829646350544155098E+01    1
    0.136254349604845038E+01    0.532904028892517090E+03   -0.970920425653457642E+01   -0.161885105368629183E+04   -0.829896350544155581E+01    1
    0.130441932755112644E+01    0.115143187046051025E+04   -0.700197434425354004E+01   -0.159650185526236237E+04   -0.830146350544156597E+01    1
    0.134709904447217066E+01    0.762690785922623377E+03   -0.257141505737350862E+01   -0.159579656517318608E+04   -0.830396350544157613E+01    1
    0.129105757444853619E+01    0.954888285444527014E+03   -0.271348966073590425E+01   -0.158919537240194722E+04   -0.830646350544155432E+01    1
    0.130285340502258618E+01    0.128559838590728168E+04   -0.891624264806576505E+01   -0.157478454093728124E+04   -0.830896350544153961E+01    1
    0.131746638581156716E+01    0.429518175125122070E+03   -0.780217224359512329E+01   -0.157346293291318011E+04   -0.831146350544154267E+01    1
    0.135109062304252814E+01    0.111608978720635196E+04   -0.942920962738484292E+01   -0.156799853871411915E+04   -0.831396350544155993E+01    1
    0.129137299689777496E+01    0.115461114087713167E+04   -0.383093108005549077E+01   -0.155571056815792008E+04   -0.831646350544156299E+01    1
    0.129907119041349461E+01    0.111058769435871636E+04   -0.477206815203133949E+01   -0.155151074921574127E+04   -0.831896350544154295E+01    1
    0.133376071841216781E+01    0.153169446048174541E+04   -0.470797549925253200E+01   -0.152948150504810928E+04   -0.832146350544154956E+01    1
    0.130779099677321353E+01    0.659134520662716454E+03   -0.367081178119441454E+01   -0.151985405443132163E+04   -0.832396350544156860E+01    1
    0.130193815305352478E+01    0.127749166703581477E+04   -0.630950095561429247E+01   -0.148770355708910301E+04   -0.832646350544157166E+01    1
    0.131697027099334751E+01    0.489763434803080202E+03   -0.723989318331276799E+01   -0.147689089044755815E+04   -0.832896350544154984E+01    1
    0.135028432470164983E+01    0.112219720444811151E+04   -0.804558162870993954E+01   -0.146515648957094459E+04   -0.833146350544153869E+01    1
    0.130638743266919910E+01    0.901144187696499330E+03   -0.513998755539897889E+01   -0.145887729999109865E+04   -0.833396350544154885E+01    1
    0.131379669924711906E+01    0.577629642509067025E+03   -0.516010201439247673E+01   -0.145792001668007356E+04   -0.833646350544155190E+01    1
    0.130217547184448756E+01    0.136758778376498390E+04   -0.747112355630682501E+01   -0.145000959009383860E+04   -0.833896350544156029E+01    1
    0.135068293875214951E+01    0.108777452342441393E+04   -0.702333485718940143E+01   -0.144606564777407220E+04   -0.834146350544155091E+01    1
    0.131046748416423786E+01    0.884746265411376953E+03   -0.116976065039634705E+02   -0.144394234043623032E+04   -0.834396350544155041E+01    1
    0.134795108061977875E+01    0.123296531653848342E+04   -0.105186095721985211E+02   -0.141899621216822379E+04   -0.834646350544155702E+01    1
    0.131395550145506856E+01    0.710841345787048340E+03   -0.105222837328910828E+02   -0.141214592844912636E+04   -0.834896350544154231E+01    1
    0.135227779527025760E+01    0.937531977944499431E+03   -0.554709124486791971E+01   -0.140846980382767174E+04   -0.835146350544154359E+01    1
    0.129891149010096907E+01    0.988914082877637838E+03   -0.394239870221838729E+01   -0.140231337739845981E+04   -0.835396350544155375E+01    1
    0.130735166309656869E+01    0.570286280924363382E+03   -0.161392750463462953E+01   -0.140152014865822707E+04   -0.835646350544155148E+01    1
    0.130708359733994706E+01    0.105475677521678858E+04   -0.659384754282417962E+01   -0.139287645819901832E+04   -0.835896350544154032E+01    1
    0.130077256583602474E+01    0.147567008960984936E+04   -0.719368163641880010E+01   -0.137652905837690400E+04   -0.836146350544155048E+01    1
    0.135158636812037836E+01    0.101704182407083260E+04   -0.972415542189526505E+01   -0.137264774500881367E+04   -0.836396350544156064E+01    1
    0.131018642095327364E+01    0.137543087005615234E+04   -0.131271868944168091E+01   -0.136348267592758953E+04   -0.836646350544156014E+01    1
    0.133572815567851055E+01    0.157060627937316895E+04   -0.515596050024032593E+01   -0.136035003585010327E+04   -0.836896350544155077E+01    1
    0.130119055499444602E+01    0.145653612645545991E+04   -0.709708846982889874E+01   -0.134933314483207619E+04   -0.837146350544153961E+01    1
    0.136007547404935747E+01    0.544333298543774617E+03   -0.585220560994190286E+01   -0.133243026439403275E+04   -0.837396350544155155E+01    1
    0.129995526977715281E+01    0.158180543217437162E+04   -0.871587141506930507E+01   -0.132379420618172662E+04   -0.837646350544154394E+01    1
    0.131408418267753602E+01    0.749107947309829342E+03   -0.807765439242781014E+01   -0.130334147086636517E+04   -0.837896350544153812E+01    1
    0.128381022196076078E+01    0.137101944985535852E+04   -0.371663861862582756E+01   -0.130111135199437399E+04   -0.838146350544155716E+01    1
    0.134224852256663296E+01    0.150090335995343912E+04   -0.813268151519550742E+01   -0.129971435446994860E+04   -0.838396350544156199E+01    1
    0.130412079205512987E+01    0.129004449844360352E+04   -0.687254029512405396E+01   -0.129115037020350360E+04   -0.838646350544155617E+01    1
    0.136094679538075614E+01    0.490048765721958375E+03   -0.852041899405741532E+01   -0.127563364203112405E+04   -0.838896350544155567E+01    1
    0.134297225529327591E+01    0.138558150029674607E+04   -0.598908758349423920E+01   -0.126630642988650243E+04   -0.839146350544155339E+01    1
    0.134687254778250542E+01    0.752499477954404711E+03   -0.285981553398925570E+01   -0.125104521271758085E+04   -0.839396350544156533E+01    1
    0.135449300154026897E+01    0.822943602857740188E+03   -0.803880871688357956E+01   -0.124418465997297631E+04   -0.839646350544157194E+01    1
    0.132733500189975606E+01    0.107184982482139617E+04   -0.131359070631039287E+01   -0.123393015600922809E+04   -0.839896350544157322E+01    1
    0.130987677896577392E+01    0.920405566893993523E+03   -0.605814551253652578E+01   -0.123140783527418034E+04   -0.840146350544157805E+01    1
    0.129065396515780395E+01    0.142008269092276350E+04   -0.454300831616894918E+01   -0.122941040729216752E+04   -0.840396350544156867E+01    1
    0.131754003816823717E+01    0.447037304886038442E+03   -0.450445013469122024E+01   -0.121476172335406773E+04   -0.840646350544156462E+01    1
    0.135711393885177767E+01    0.646869974983380530E+03   -0.572502298665973708E+01   -0.121402438527055710E+04   -0.840896350544154636E+01    1
    0.131337518567589928E+01    0.819498086082858663E+03   -0.714013719182350926E+01   -0.121261391011381943E+04   -0.841146350544155119E+01    1
    0.131800576828321470E+01    0.560267675914017104E+03   -0.102408755067291626E+02   -0.120639385128342451E+04   -0.841396350544157201E+01    1
    0.136183036257679824E+01    0.411328411360740347E+03   -0.609797985503270912E+01   -0.120545795536997457E+04   -0.841646350544155197E+01    1
    0.135885479491094108E+01    0.566450711882663882E+03   -0.657778678303448139E+01   -0.120376318176941754E+04   -0.841896350544154082E+01    1
    0.131794151464054510E+01    0.536734109625535325E+03   -0.659106004946773716E+01   -0.120204066551405390E+04   -0.842146350544156341E+01    1
    0.131258302303740715E+01    0.876733329120100393E+03   -0.100947316831009584E+02   -0.117693415376173539E+04   -0.842396350544158601E+01    1
    0.134713504374264303E+01    0.118101810644498437E+04   -0.937960824104781565E+01   -0.117662355057236846E+04   -0.842646350544157130E+01    1
    0.133960656040299586E+01    0.141603221500703148E+04   -0.535996855062895960E+01   -0.117456760179032585E+04   -0.842896350544154593E+01    1
    0.131927125319770799E+01    0.114102440147424045E+04   -0.208866647532570937E+01   -0.116155154255571210E+04   -0.843146350544153300E+01    1
    0.135406922084107095E+01    0.517735152797028832E+03   -0.229374260186695622E+01   -0.115868205943942758E+04   -0.843396350544154316E+01    1
    0.132617290300368040E+01    0.144892734580836486E+04   -0.403914916383435685E+01   -0.114647685835943093E+04   -0.843646350544154799E+01    1
    0.131538341260744307E+01    0.749748651125049264E+03   -0.110416141004380073E+02   -0.114300192232915242E+04   -0.843896350544153862E+01    1
    0.135319758215890329E+01    0.838953148005970888E+03   -0.652225321732259999E+01   -0.113258569929760074E+04   -0.844146350544155588E+01    1
    0.134268297524575142E+01    0.115893445715673533E+04   -0.475784961046508315E+01   -0.112334284719251241E+04   -0.844396350544156249E+01    1
    0.131841556249257708E+01    0.579766416683680632E+03   -0.116812774685253125E+02   -0.111438515836613578E+04   -0.844646350544156377E+01    1
    0.130934310981631263E+01    0.136735291481018066E+04   -0.129003578424453735E+01   -0.110072784756933811E+04   -0.844896350544155261E+01    1
    0.135187956985022817E+01    0.886649217709894856E+03   -0.914152384866154222E+01   -0.108702598912396184E+04   -0.845146350544153258E+01    1
    0.135250085530255659E+01    0.851806734538383125E+03   -0.622631238628386630E+01   -0.108632894532818932E+04   -0.845396350544155517E+01    1
    0.130115396180703713E+01    0.812512045759882426E+03   -0.275918278354064128E+01   -0.108578714929763169E+04   -0.845646350544154934E+01    1
    0.135475482761774479E+01    0.737727765035257448E+03   -0.715787229937680003E+01   -0.108159583024461813E+04   -0.845896350544152931E+01    1
    0.135578847515008416E+01    0.678511179299385162E+03   -0.102803517409663137E+02   -0.106948126510038901E+04   -0.846146350544154835E+01    1
    0.133427168923907580E+01    0.114267522885921699E+04   -0.364510307356096952E+01   -0.106763329595286564E+04   -0.846396350544154608E+01    1
    0.126851178341879178E+01    0.142521824505874838E+04   -0.219260570903568563E+01   -0.106321788984668001E+04   -0.846646350544154203E+01    1
    0.135603315529242408E+01    0.635519814464492583E+03   -0.556319366381046265E+01   -0.105466691586721163E+04   -0.846896350544156640E+01    1
    0.130301629851784795E+01    0.149926122843075746E+04   -0.729356376674886064E+01   -0.104650671382070755E+04   -0.847146350544157123E+01    1
    0.135907547434223108E+01    0.492454257113097810E+03   -0.923693159146893628E+01   -0.104007404870060759E+04   -0.847396350544155652E+01    1
    0.130746596477630250E+01    0.133834731919951764E+04   -0.234931538471691503E+01   -0.103620747487450899E+04   -0.847646350544154359E+01    1
    0.132004185461143164E+01    0.521753318309178212E+03   -0.962688441869975264E+01   -0.103603780713824881E+04   -0.847896350544154132E+01    1
    0.131902819910645475E+01    0.582789397239685059E+03   -0.923765605688095093E+01   -0.103510624445938583E+04   -0.848146350544154792E+01    1
    0.135375330852270115E+01    0.690452980995178223E+03   -0.473441487550735474E+01   -0.102273614583902122E+04   -0.848396350544155275E+01    1
    0.130262703810751712E+01    0.156303757298808614E+04   -0.820708469871109969E+01   -0.101580429667399176E+04   -0.848646350544154515E+01    1
    0.135020284805601287E+01    0.917233251422556350E+03   -0.587789490395987624E+01   -0.101284015353711698E+04   -0.848896350544154288E+01    1
    0.132009025510467048E+01    0.532942431578636047E+03   -0.894677299474082055E+01   -0.100786898056607879E+04   -0.849146350544156370E+01    1
    0.134489867523908613E+01    0.120280904769897461E+04   -0.627035230398178101E+01   -0.996699500534406752E+03   -0.849396350544156498E+01    1
    0.130386237720251064E+01    0.149848883152008057E+04   -0.108168428540229797E+02   -0.994999186394863500E+03   -0.849646350544154494E+01    1
    0.134316648643987557E+01    0.129889654343304574E+04   -0.642183461841491532E+01   -0.991325857884474544E+03   -0.849896350544154799E+01    1
    0.130941089911862951E+01    0.115769068294575754E+04   -0.108804431430722293E+02   -0.988200756970053362E+03   -0.850146350544156881E+01    1
    0.127147113264103218E+01    0.135963152707253766E+04   -0.199777996074308106E+01   -0.976894073035487509E+03   -0.850396350544155410E+01    1
    0.131798853215441225E+01    0.683941419641218545E+03   -0.838764631331627264E+01   -0.958027742808889343E+03   -0.850646350544153940E+01    1
    0.131226719901059141E+01    0.100496093199558550E+04   -0.837853503828132062E+01   -0.951208432183800596E+03   -0.850896350544156732E+01    1
    0.134780972663319853E+01    0.992033415241951388E+03   -0.553550648753079777E+01   -0.949488999666097925E+03   -0.851146350544156682E+01    1
    0.135836852656424023E+01    0.408158371848053264E+03   -0.358672163368995456E+01   -0.944983893141680255E+03   -0.851396350544155389E+01    1
    0.135930433462903300E+01    0.437041866740285514E+03   -0.116717064336285343E+02   -0.938667327153136512E+03   -0.851646350544154984E+01    1
    0.135912431917856780E+01    0.441584875453242546E+03   -0.951670512626442999E+01   -0.926717088816803198E+03   -0.851896350544156356E+01    1
    0.131770319490571253E+01    0.703437261492600783E+03   -0.720272657999588883E+01   -0.924578877838412382E+03   -0.852146350544155773E+01    1
    0.130472210930412991E+01    0.132248688980908901E+04   -0.168614659254210331E+01   -0.919279224675760361E+03   -0.852396350544156256E+01    1
    0.131240047830952800E+01    0.101775933664790887E+04   -0.103553377370285169E+02   -0.912189836247970106E+03   -0.852646350544157627E+01    1
    0.130096725116372092E+01    0.127850956916809082E+04   -0.507777410745620728E+01   -0.910721912503819794E+03   -0.852896350544157578E+01    1
    0.135939834928315872E+01    0.419021821916741771E+03   -0.863875524966650943E+01   -0.909390288052368760E+03   -0.853146350544158594E+01    1
    0.131098078609311175E+01    0.110981387531515793E+04   -0.112617830814661684E+02   -0.899369016015212082E+03   -0.853396350544155702E+01    1
    0.130812444466005973E+01    0.728418585220960495E+03   -0.109880456884656752E+01   -0.891556091766138024E+03   -0.853646350544153698E+01    1
    0.134913288578943780E+01    0.814257847730788626E+03   -0.447338419183963865E+01   -0.886277852832549343E+03   -0.853896350544155069E+01    1
    0.131801896693963205E+01    0.711825178796787441E+03   -0.730225040434329564E+01   -0.877971512701791653E+03   -0.854146350544156263E+01    1
    0.131609613583087914E+01    0.844632434844970703E+03   -0.825839459896087646E+01   -0.877313303379130502E+03   -0.854396350544156391E+01    1
    0.130707927554834402E+01    0.136086098058556536E+04   -0.115419926699587840E+02   -0.877179319224463825E+03   -0.854646350544157585E+01    1
    0.131990298442372245E+01    0.614138561400779281E+03   -0.904369012012252327E+01   -0.875286371776918941E+03   -0.854896350544158778E+01    1
    0.135287043816717989E+01    0.486353571248102298E+03   -0.213172875705258136E+01   -0.875190757534265003E+03   -0.855146350544157485E+01    1
    0.134124475629329676E+01    0.136588907241821289E+04   -0.996147060394287109E+01   -0.866327449968666315E+03   -0.855396350544156370E+01    1
    0.130680023245876797E+01    0.138765186976505856E+04   -0.877086333733306134E+01   -0.857382141367929535E+03   -0.855646350544155254E+01    1
    0.130358943575465580E+01    0.159479152489686521E+04   -0.893300415447334473E+01   -0.854934427726533386E+03   -0.855896350544154494E+01    1
    0.134317448920565274E+01    0.125249166229285265E+04   -0.868257950701545234E+01   -0.850951082944771542E+03   -0.856146350544156221E+01    1
    0.135071410492734745E+01    0.852479515915920842E+03   -0.106837728165488972E+02   -0.846003595261417331E+03   -0.856396350544155283E+01    1
    0.130752779767531457E+01    0.135222172917275225E+04   -0.105665297507517231E+02   -0.843297058764614803E+03   -0.856646350544153634E+01    1
    0.133999284769506355E+01    0.139221820006244570E+04   -0.648199642356486994E+01   -0.811281737896493723E+03   -0.856896350544155361E+01    1
    0.130000767498268899E+01    0.139342879664175234E+04   -0.524922633132198158E+01   -0.810334678315731253E+03   -0.857146350544156199E+01    1
    0.132115346951713231E+01    0.579522535250822557E+03   -0.113710669000395779E+02   -0.801396670242296750E+03   -0.857396350544156327E+01    1
    0.134296355284452429E+01    0.123616406917572021E+04   -0.720565170049667358E+01   -0.800054849360853950E+03   -0.857646350544156988E+01    1
    0.132251372167856140E+01    0.497263003458576691E+03   -0.828907965546752834E+01   -0.798996730599437342E+03   -0.857896350544158537E+01    1
    0.129342843403816210E+01    0.158831307888031006E+04   -0.268093401193618774E+01   -0.798588871205124860E+03   -0.858146350544158310E+01    1
    0.131071564183134548E+01    0.104090006552115756E+04   -0.587972926302916576E+01   -0.789781833328642733E+03   -0.858396350544155240E+01    1
    0.135676650638560048E+01    0.495752237778466849E+03   -0.100655618952725376E+02   -0.782918883672334232E+03   -0.858646350544155190E+01    1
    0.135691714608144776E+01    0.487230957716574153E+03   -0.694189769256181233E+01   -0.782537515821361467E+03   -0.858896350544156739E+01    1
    0.132793515810246632E+01    0.100332334944454851E+04   -0.249256681249187295E+01   -0.774720294987658235E+03   -0.859146350544157400E+01    1
    0.130495357228359365E+01    0.155457002970037342E+04   -0.872402621666262945E+01   -0.774036991302104980E+03   -0.859396350544157706E+01    1
    0.135535706164169012E+01    0.525452868184267686E+03   -0.478273633169092438E+01   -0.766332440341419442E+03   -0.859646350544155702E+01    1
    0.131780365680456146E+01    0.810322332382202148E+03   -0.114014495611190796E+02   -0.756610841768961791E+03   -0.859896350544156007E+01    1
    0.131512813217449809E+01    0.933610179666816521E+03   -0.743886393629714959E+01   -0.747693644038678485E+03   -0.860146350544155780E+01    1
    0.130992192294160237E+01    0.158795644256173091E+04   -0.361366512997356715E+01   -0.740888488435305590E+03   -0.860396350544154487E+01    1
    0.131222857896411105E+01    0.711972441857633612E+03   -0.374006578487040464E+01   -0.739168049206033857E+03   -0.860646350544154437E+01    1
    0.135420944181906999E+01    0.604921602869930780E+03   -0.113028038018011010E+02   -0.729653116891431409E+03   -0.860896350544155808E+01    1
    0.132115377881042151E+01    0.625099274218059008E+03   -0.896219444633874573E+01   -0.719999073969147275E+03   -0.861146350544157890E+01    1
    0.131350547279842145E+01    0.103407009785908076E+04   -0.687162801353888320E+01   -0.695951942698291305E+03   -0.861396350544156597E+01    1
    0.129278293741848871E+01    0.135065940997249140E+04   -0.408690034105108602E+01   -0.692395474390665186E+03   -0.861646350544154060E+01    1
    0.133093498233726892E+01    0.129876606154894262E+04   -0.423112418174116112E+01   -0.686177720435111269E+03   -0.861896350544156142E+01    1
    0.135311458109388560E+01    0.539536703035590222E+03   -0.383750383990264510E+01   -0.685035064650656068E+03   -0.862146350544156093E+01    1
    0.135485118607026855E+01    0.545822142116577538E+03   -0.101960704716293584E+02   -0.682373041313154999E+03   -0.862396350544153734E+01    1
    0.132000263856458777E+01    0.720017112291666990E+03   -0.109848875038002340E+02   -0.681457154196810961E+03   -0.862646350544154927E+01    1
    0.130567630617746433E+01    0.156758252330954451E+04   -0.108444705128783525E+02   -0.678957871186246393E+03   -0.862896350544157364E+01    1
    0.135581441929756208E+01    0.494001150307642320E+03   -0.801547725519461451E+01   -0.677660840591203169E+03   -0.863146350544159802E+01    1
    0.127882957441806777E+01    0.148787686824798584E+04   -0.322012507915496826E+01   -0.676572177046653906E+03   -0.863396350544156732E+01    1
    0.127291201021150835E+01    0.139141838243723259E+04   -0.174431888111070421E+01   -0.675280581595836566E+03   -0.863646350544155261E+01    1
    0.130547416889205525E+01    0.158689230361651448E+04   -0.918584260812636444E+01   -0.668323241079765012E+03   -0.863896350544158409E+01    1
    0.132343172525167452E+01    0.523882079124450684E+03   -0.973470383882522583E+01   -0.665288584882286841E+03   -0.864146350544158359E+01    1
    0.134208100870309610E+01    0.121537860564001903E+04   -0.923430910480348999E+01   -0.662261962197370167E+03   -0.864396350544158132E+01    1
    0.131716613563802487E+01    0.876821769882574927E+03   -0.960199303778215274E+01   -0.659839308318249778E+03   -0.864646350544158437E+01    1
    0.131248613794843760E+01    0.104313495881263611E+04   -0.609554481531076142E+01   -0.652663073777442605E+03   -0.864896350544155545E+01    1
    0.129897592262895833E+01    0.151148731812444635E+04   -0.279724932200954868E+01   -0.644341883761463805E+03   -0.865146350544154608E+01    1
    0.134172875559926030E+01    0.122233045101165771E+04   -0.113625176548957825E+02   -0.638140675660405577E+03   -0.865396350544156867E+01    1
    0.135324104560466818E+01    0.606605448196553652E+03   -0.978122178224796990E+01   -0.636224578181978814E+03   -0.865646350544157173E+01    1
    0.130978439198757246E+01    0.114911811519663388E+04   -0.580601773284229061E+01   -0.625499244322378217E+03   -0.865896350544154458E+01    1
    0.130590338936262462E+01    0.158986961765859746E+04   -0.107837445441360718E+02   -0.623586127103885929E+03   -0.866146350544153165E+01    1
    0.134535092160449210E+01    0.100801751304345180E+04   -0.642717194516619905E+01   -0.619007875556861563E+03   -0.866396350544154892E+01    1
    0.131673322715330721E+01    0.917926346053362522E+03   -0.757180998949404316E+01   -0.616201516186831441E+03   -0.866646350544155020E+01    1
    0.134546036643185007E+01    0.100594783358161044E+04   -0.812420721607258223E+01   -0.615702115870165244E+03   -0.866896350544154437E+01    1
    0.135463551518385472E+01    0.520231677145487424E+03   -0.618708319021921938E+01   -0.614817366194902434E+03   -0.867146350544156519E+01    1
    0.132550159317288796E+01    0.437624429307344428E+03   -0.103306091862772913E+02   -0.610837960318449177E+03   -0.867396350544158778E+01    1
    0.133595847006950885E+01    0.102293272128686760E+04   -0.369151412729388184E+01   -0.594000015040960307E+03   -0.867646350544157663E+01    1
    0.133192181497348150E+01    0.874334243862458379E+03   -0.146036118930113190E+01   -0.590862760858988622E+03   -0.867896350544156370E+01    1
    0.134917426920752148E+01    0.800343536419998600E+03   -0.829707722661254543E+01   -0.589214055631008705E+03   -0.868146350544154544E+01    1
    0.131694956942086416E+01    0.934969311404148016E+03   -0.985765440024036010E+01   -0.588151275664583636E+03   -0.868396350544154672E+01    1
    0.130727235504632144E+01    0.151224450222204678E+04   -0.765359086947159017E+01   -0.587370551450744870E+03   -0.868646350544156398E+01    1
    0.134616941017787783E+01    0.951785702103675931E+03   -0.970033653488276393E+01   -0.585892912505322101E+03   -0.868896350544155460E+01    1
    0.130302628673501886E+01    0.159935509003106381E+04   -0.334993818714587022E+01   -0.585790211811567360E+03   -0.869146350544153812E+01    1
    0.130712214924968162E+01    0.153847058626906210E+04   -0.114553016615866312E+02   -0.583241545928736286E+03   -0.869396350544154295E+01    1
    0.130791431917548162E+01    0.104227969646453857E+04   -0.470322883129119873E+01   -0.580763142602564130E+03   -0.869646350544155133E+01    1
    0.130816034847180140E+01    0.150432463148642023E+04   -0.333608930257023140E+01   -0.577349786341686695E+03   -0.869896350544156149E+01    1
    0.131832340260744085E+01    0.744672226905822754E+03   -0.556198555231094360E+01   -0.576789702513540988E+03   -0.870146350544157876E+01    1
    0.133852770266824117E+01    0.134762235452697223E+04   -0.630229858814018762E+01   -0.576299326214746088E+03   -0.870396350544155695E+01    1
    0.131457667885422702E+01    0.556692218780517578E+03   -0.221642750501632690E+01   -0.573638419415335420E+03   -0.870646350544155112E+01    1
    0.132591206578911525E+01    0.439730578085360889E+03   -0.101508326044226802E+02   -0.569907639086379731E+03   -0.870896350544157904E+01    1
    0.131914334800005584E+01    0.847514669121257157E+03   -0.964147869567048410E+01   -0.567282486410876572E+03   -0.871146350544156256E+01    1
    0.134385295611346511E+01    0.106593647019880609E+04   -0.741149366060722059E+01   -0.567271996699141710E+03   -0.871396350544156739E+01    1
    0.130648906936329556E+01    0.765385096988602982E+03   -0.255563140468640349E+01   -0.564953563826456502E+03   -0.871646350544158111E+01    1
    0.134966089130538891E+01    0.758786235918493048E+03   -0.659646607525907047E+01   -0.564128503034408595E+03   -0.871896350544158238E+01    1
    0.133949062635898586E+01    0.130224618911743164E+04   -0.968232780694961548E+01   -0.561754997021351301E+03   -0.872146350544156768E+01    1
    0.132201561605046169E+01    0.466663686588812539E+03   -0.405672554019163734E+01   -0.554622972385136791E+03   -0.872396350544154586E+01    1
    0.135547787172635803E+01    0.445697865575717969E+03   -0.103562130427837786E+02   -0.554445504511367744E+03   -0.872646350544155780E+01    1
    0.128668520125103414E+01    0.146910174224154821E+04   -0.377463155332193878E+01   -0.548381863862342016E+03   -0.872896350544154487E+01    1
    0.130924981455868950E+01    0.142686419482745055E+04   -0.119363981386278546E+02   -0.548274721346221668E+03   -0.873146350544154615E+01    1
    0.133678869589013938E+01    0.144274205813530352E+04   -0.103548054031248284E+02   -0.545943263413633531E+03   -0.873396350544156164E+01    1
    0.131936262690424910E+01    0.152919862270355225E+04   -0.412610638141632080E+01   -0.545376390783227862E+03   -0.873646350544157535E+01    1
    0.135606772574486101E+01    0.408804731644597609E+03   -0.810515802021755505E+01   -0.542727044572641717E+03   -0.873896350544159617E+01    1
    0.131078541241165247E+01    0.133895877938954527E+04   -0.116321092357310807E+02   -0.537000791964424252E+03   -0.874146350544159745E+01    1
    0.131493037765279053E+01    0.865291305873721740E+03   -0.519147893270358018E+01   -0.530173185460095965E+03   -0.874396350544159340E+01    1
    0.131356673999438733E+01    0.115950231875028544E+04   -0.756203469094642511E+01   -0.529439777090218058E+03   -0.874646350544158580E+01    1
    0.134503510411072402E+01    0.610838306076165736E+03   -0.231992944325414285E+01   -0.524580824985774825E+03   -0.874896350544155332E+01    1
    0.134958362910747520E+01    0.659767794609069824E+03   -0.438511085510253906E+01   -0.523771000713608601E+03   -0.875146350544152973E+01    1
    0.130820593711704625E+01    0.892787866071894314E+03   -0.378159043259496741E+01   -0.522528408865787696E+03   -0.875396350544154345E+01    1
    0.131913908034938143E+01    0.824342317142985394E+03   -0.653518315592122523E+01   -0.515474300683576075E+03   -0.875646350544157492E+01    1
    0.132621860103524725E+01    0.438827764124532223E+03   -0.704903253964445042E+01   -0.515387691186979509E+03   -0.875896350544157620E+01    1
    0.135060987725951787E+01    0.462690864988393116E+03   -0.211051228637376198E+01   -0.512979505498898561E+03   -0.876146350544156327E+01    1
    0.128512177880442247E+01    0.156871547667863888E+04   -0.392774999072863018E+01   -0.511842458765826166E+03   -0.876396350544157698E+01    1
    0.129102950548325945E+01    0.159618665014103385E+04   -0.276781342015707210E+01   -0.508995519374397020E+03   -0.876646350544156228E+01    1
    0.132350705134069191E+01    0.620159222617140585E+03   -0.102769836132604606E+02   -0.507597804952944500E+03   -0.876896350544154046E+01    1
    0.131268962697214997E+01    0.124362506216182646E+04   -0.872428450535343281E+01   -0.504590409086811007E+03   -0.877146350544155773E+01    1
    0.131387802992665637E+01    0.624807283830396955E+03   -0.272316360544072467E+01   -0.503614492666115041E+03   -0.877396350544155901E+01    1
    0.130796408724188784E+01    0.151170024871826172E+04   -0.729036509990692139E+01   -0.501940331165968075E+03   -0.877646350544156029E+01    1
    0.134664058914980878E+01    0.877903485470964142E+03   -0.740395068588946792E+01   -0.501403270350686000E+03   -0.877896350544157933E+01    1
    0.131540065671247031E+01    0.108254547698586293E+04   -0.834171694400111541E+01   -0.497707242395575406E+03   -0.878146350544157350E+01    1
    0.131141772498606812E+01    0.132706385065036875E+04   -0.991619259272839670E+01   -0.497015235958832875E+03   -0.878396350544157656E+01    1
    0.133704767155099025E+01    0.139804213113103469E+04   -0.873623805233740036E+01   -0.496879574888699779E+03   -0.878646350544156718E+01    1
    0.128443370030240356E+01    0.128181591869471276E+04   -0.128867073990578085E+01   -0.495406507413064048E+03   -0.878896350544156668E+01    1
    0.129706924199467011E+01    0.125834748420596270E+04   -0.399464561935550222E+01   -0.480892111013227179E+03   -0.879146350544157329E+01    1
    0.134594370743036262E+01    0.606287693977355957E+03   -0.269117790460586548E+01   -0.478890707906289606E+03   -0.879396350544156391E+01    1
    0.135450452712046676E+01    0.453341657398604639E+03   -0.100713778664966807E+02   -0.478411463491778761E+03   -0.879646350544155275E+01    1
    0.127542599402327883E+01    0.146145974535083246E+04   -0.251523388237986367E+01   -0.478300984150705801E+03   -0.879896350544156114E+01    1
    0.131453779755234712E+01    0.130717866420745850E+04   -0.311049234867095947E+01   -0.471741250288424965E+03   -0.880146350544156952E+01    1
    0.133549708146348700E+01    0.145752260942174394E+04   -0.641128767408712630E+01   -0.471126847677994931E+03   -0.880396350544155304E+01    1
    0.130365846244766326E+01    0.134487382081664987E+04   -0.515689933022410507E+01   -0.468612468546230787E+03   -0.880646350544155077E+01    1
    0.131128456070757093E+01    0.135629634015504871E+04   -0.938710306328596999E+01   -0.467317482419118221E+03   -0.880896350544156093E+01    1
    0.131561861046738704E+01    0.961248377926472585E+03   -0.593664869588953525E+01   -0.465413733552579117E+03   -0.881146350544156221E+01    1
    0.134165560347904322E+01    0.112216832577389823E+04   -0.886419637112857295E+01   -0.460368139890001032E+03   -0.881396350544155993E+01    1
    0.134009544648771417E+01    0.120644015155585294E+04   -0.820477062525236533E+01   -0.459347224923328838E+03   -0.881646350544157542E+01    1
    0.133133796983866226E+01    0.154813913579637619E+04   -0.546707273055533527E+01   -0.455679301257039754E+03   -0.881896350544156959E+01    1
    0.135256877478222259E+01    0.538495506989963133E+03   -0.909709032995113631E+01   -0.454584153269514729E+03   -0.882146350544156377E+01    1
    0.133000613212326368E+01    0.150951028708576041E+04   -0.510183572406275943E+01   -0.449567384963514257E+03   -0.882396350544155972E+01    1
    0.130943231810331340E+01    0.895380043983459473E+03   -0.390998542308807373E+01   -0.448405857953817588E+03   -0.882646350544155922E+01    1
    0.131143472067481115E+01    0.736611448000932796E+03   -0.113516206277611609E+01   -0.439417024953228463E+03   -0.882896350544156583E+01    1
    0.132686022467185083E+01    0.473016536922713101E+03   -0.841369671350890869E+01   -0.431432947344620572E+03   -0.883146350544155112E+01    1
    0.134068734646569854E+01    0.111571143279349917E+04   -0.558540673075789407E+01   -0.429907155520701224E+03   -0.883396350544155062E+01    1
    0.134440121328234663E+01    0.954596638679504395E+03   -0.822486853599548340E+01   -0.429833668583522069E+03   -0.883646350544156434E+01    1
    0.130812464271783813E+01    0.158708534240722656E+04   -0.108802364468574524E+02   -0.428832141519816503E+03   -0.883896350544155851E+01    1
    0.133476022996902444E+01    0.147847998142242432E+04   -0.111715487837791443E+02   -0.424053456507474209E+03   -0.884146350544154913E+01    1
    0.132370771231896578E+01    0.631522857291042101E+03   -0.669083986062532432E+01   -0.422095803794278993E+03   -0.884396350544156462E+01    1
    0.133544473528861984E+01    0.143797318935394287E+04   -0.116356035470962524E+02   -0.420481928003697192E+03   -0.884646350544156057E+01    1
    0.131129982703050163E+01    0.139162327444446373E+04   -0.903947386733522151E+01   -0.419818295811644191E+03   -0.884896350544154764E+01    1
    0.133795094177452967E+01    0.129716188292687229E+04   -0.930686813958973147E+01   -0.417399345628719004E+03   -0.885146350544155602E+01    1
    0.133616665736624918E+01    0.139583345168037886E+04   -0.808546396580951132E+01   -0.417223660404580357E+03   -0.885396350544157507E+01    1
    0.132180032672349856E+01    0.133080622670109824E+04   -0.376952407057779659E+01   -0.404048614439166101E+03   -0.885646350544156391E+01    1
    0.134272201234374489E+01    0.102292421044253729E+04   -0.618218546750237863E+01   -0.401064364293996789E+03   -0.885896350544155453E+01    1
    0.134962870185241424E+01    0.655758607524154741E+03   -0.108739781280711387E+02   -0.394817060051830197E+03   -0.886146350544155581E+01    1
    0.134356325545320310E+01    0.975373376015355689E+03   -0.967579887440757425E+01   -0.394057730283309013E+03   -0.886396350544154821E+01    1
    0.133659031511806359E+01    0.135683320754527335E+04   -0.762037392913637923E+01   -0.393122486125452099E+03   -0.886646350544155659E+01    1
    0.130525184747918943E+01    0.128722111811983132E+04   -0.138055031532107542E+01   -0.384202985376270533E+03   -0.886896350544156320E+01    1
    0.133760355065904313E+01    0.129471368659271775E+04   -0.116864404463127354E+02   -0.384186950425954763E+03   -0.887146350544156626E+01    1
    0.133229345771447316E+01    0.158787964092447351E+04   -0.102406535972761770E+02   -0.382722807708074754E+03   -0.887396350544157109E+01    1
    0.134073527147077076E+01    0.675431716879643545E+03   -0.236944954929451512E+01   -0.374282573238595035E+03   -0.887646350544157769E+01    1
    0.131529864363547988E+01    0.995367963363261424E+03   -0.570702484770361362E+01   -0.369871228323931120E+03   -0.887896350544156832E+01    1
    0.131242707658238222E+01    0.136697818328299991E+04   -0.971340973973006072E+01   -0.360918479170903254E+03   -0.888146350544155538E+01    1
    0.132156731822697338E+01    0.852834701567581988E+03   -0.961109700408985113E+01   -0.358657246380854929E+03   -0.888396350544155489E+01    1
    0.131049809451820565E+01    0.142647128260846216E+04   -0.684995240708780173E+01   -0.353086202380673228E+03   -0.888646350544156682E+01    1
    0.132154827736193825E+01    0.795553067700514134E+03   -0.647944424594548884E+01   -0.344821811193313863E+03   -0.888896350544157698E+01    1
    0.129967633565895269E+01    0.138400710358310880E+04   -0.252690940262947805E+01   -0.343268965264272936E+03   -0.889146350544156050E+01    1
    0.134814226883458499E+01    0.695077042322346188E+03   -0.114929533011491873E+02   -0.335843843276847281E+03   -0.889396350544155823E+01    1
    0.134940200246123254E+01    0.622760934472907820E+03   -0.996048538772655689E+01   -0.327544882027280607E+03   -0.889646350544155240E+01    1
    0.129466774097799808E+01    0.105399593738155545E+04   -0.142587182000989898E+01   -0.327290063045866134E+03   -0.889896350544155190E+01    1
    0.134282176386053753E+01    0.969163462950142957E+03   -0.111190378898307696E+02   -0.325885858056169070E+03   -0.890146350544156562E+01    1
    0.131612283073891545E+01    0.653535367011950484E+03   -0.315194812484362785E+01   -0.325859182799206849E+03   -0.890396350544155624E+01    1
    0.133303475638210078E+01    0.150233646302459215E+04   -0.806485814331116302E+01   -0.320098543354221476E+03   -0.890646350544154686E+01    1
    0.133364150284249594E+01    0.146672438487373142E+04   -0.657475296895694505E+01   -0.317203146167790180E+03   -0.890896350544154636E+01    1
    0.132891483934521659E+01    0.445178341865539551E+03   -0.116988299489021301E+02   -0.313344067618118572E+03   -0.891146350544155830E+01    1
    0.132245854911238259E+01    0.432554696991496144E+03   -0.229174547405928841E+01   -0.311505321823272368E+03   -0.891396350544155958E+01    1
    0.131144822650066417E+01    0.147394711695205342E+04   -0.110914326717751131E+02   -0.309654450015788768E+03   -0.891646350544155375E+01    1
    0.134251006928726957E+01    0.974780630092427259E+03   -0.709165979546640202E+01   -0.304780375161024892E+03   -0.891896350544157634E+01    1
    0.132473067048091009E+01    0.699598472412778847E+03   -0.868268906722417455E+01   -0.303800116373594904E+03   -0.892146350544157585E+01    1
    0.134631200890256375E+01    0.770654438546845427E+03   -0.933077663296707271E+01   -0.303111324412233728E+03   -0.892396350544157180E+01    1
    0.133300602713227256E+01    0.148932640552520752E+04   -0.794045168161392212E+01   -0.300703288964279352E+03   -0.892646350544158196E+01    1
    0.132472977679849402E+01    0.923017122746539144E+03   -0.185661031652085740E+01   -0.296113972712502743E+03   -0.892896350544158146E+01    1
    0.132408682658672316E+01    0.748838520050048828E+03   -0.969146561622619629E+01   -0.294099511522370051E+03   -0.893146350544157919E+01    1
    0.134590778498593466E+01    0.791293599558504411E+03   -0.658294857536085942E+01   -0.292693810366098489E+03   -0.893396350544158580E+01    1
    0.134927478406034740E+01    0.604039662217869591E+03   -0.955264160126299444E+01   -0.291708635689755795E+03   -0.893646350544157997E+01    1
    0.131010058088764003E+01    0.157943341674369435E+04   -0.118801445053211925E+02   -0.288241145503238215E+03   -0.893896350544157769E+01    1
    0.131106099888590411E+01    0.151580272781779354E+04   -0.857471421393400490E+01   -0.286215784937413389E+03   -0.894146350544158430E+01    1
    0.135266274310930390E+01    0.424008726247497236E+03   -0.777562946065458949E+01   -0.284252144675841862E+03   -0.894396350544157848E+01    1
    0.131503594348035446E+01    0.127295214365802690E+04   -0.952261602393623363E+01   -0.281627746280549388E+03   -0.894646350544156910E+01    1
    0.127998508557879798E+01    0.138042850812635584E+04   -0.154810913857581589E+01   -0.279906414753945967E+03   -0.894896350544155617E+01    1
    0.129870144329667081E+01    0.141583080291748047E+04   -0.454480910301208496E+01   -0.279408658842676402E+03   -0.895146350544156100E+01    1
    0.131525391823053339E+01    0.124301850795745850E+04   -0.749058192968368530E+01   -0.278354140436490013E+03   -0.895396350544155872E+01    1
    0.133999866754463914E+01    0.107139907972634455E+04   -0.565725641989144901E+01   -0.277412788166819212E+03   -0.895646350544156356E+01    1
    0.131826975296901283E+01    0.108141848987542062E+04   -0.111703587961924029E+02   -0.275551346308910695E+03   -0.895896350544156839E+01    1
    0.133672406896079110E+01    0.124054610951897439E+04   -0.572966009132354692E+01   -0.275056981419038891E+03   -0.896146350544156434E+01    1
    0.134466040087147309E+01    0.841832208693713483E+03   -0.580252686037130605E+01   -0.273121999633403505E+03   -0.896396350544157094E+01    1
    0.130958241397503805E+01    0.138360995897913040E+04   -0.598340069668390662E+01   -0.269940367408873328E+03   -0.896646350544157400E+01    1
    0.134883332928334854E+01    0.611409638870583990E+03   -0.756385204737423145E+01   -0.267948658121706842E+03   -0.896896350544157706E+01    1
    0.132332543696094351E+01    0.417274695235123943E+03   -0.188821442090251246E+01   -0.262428646437451732E+03   -0.897146350544157656E+01    1
    0.134002815947774456E+01    0.102079913239713767E+04   -0.517033383301536364E+01   -0.259929693667975073E+03   -0.897396350544157784E+01    1
    0.132255189673791484E+01    0.863388841893972312E+03   -0.950136605404724932E+01   -0.258958978022160807E+03   -0.897646350544157912E+01    1
    0.133795432891845700E+01    0.106391117572784424E+04   -0.480231475830078125E+01   -0.258881657386176869E+03   -0.897896350544158217E+01    1
    0.131212001524694677E+01    0.147635906161002231E+04   -0.119877593129022948E+02   -0.258173851453175132E+03   -0.898146350544157102E+01    1
    0.134445618607624895E+01    0.841575524300201550E+03   -0.708171835687468221E+01   -0.256902745000867696E+03   -0.898396350544156519E+01    1
    0.133003278127977809E+01    0.426756493369825307E+03   -0.941521933014095502E+01   -0.254780777646515332E+03   -0.898646350544156469E+01    1
    0.131897045025692505E+01    0.106239755018283404E+04   -0.947486322155432603E+01   -0.249160679932684786E+03   -0.898896350544156952E+01    1
    0.131221734481308339E+01    0.148032049150829744E+04   -0.997197968279475866E+01   -0.248339660763482186E+03   -0.899146350544156370E+01    1
    0.133259235813982024E+01    0.146729190033738018E+04   -0.109102438319496056E+02   -0.245232832848511350E+03   -0.899396350544155609E+01    1
    0.132109534489553493E+01    0.940054207862317071E+03   -0.103530467139568465E+02   -0.244650578427675725E+03   -0.899646350544156270E+01    1
    0.132533450916607087E+01    0.718230398164971689E+03   -0.917126994953554409E+01   -0.241815850810804989E+03   -0.899896350544157286E+01    1
    0.131277053107343322E+01    0.135445826875399712E+04   -0.663964997932347867E+01   -0.241576665005838947E+03   -0.900146350544155993E+01    1
    0.131466647736752340E+01    0.764715005458116138E+03   -0.355050653165448260E+01   -0.239284904587366043E+03   -0.900396350544154345E+01    1
    0.129372981261024211E+01    0.118553050282331674E+04   -0.298006117587731012E+01   -0.237712235827658276E+03   -0.900646350544156249E+01    1
    0.134927192071916235E+01    0.561981639222257513E+03   -0.108937626332460038E+02   -0.235810460634514072E+03   -0.900896350544157087E+01    1
    0.133136004321635948E+01    0.152690606482140834E+04   -0.110060982683104047E+02   -0.234868829175715916E+03   -0.901146350544155972E+01    1
    0.133843830392360674E+01    0.113904514312744141E+04   -0.784913784265518188E+01   -0.234269662783641991E+03   -0.901396350544155567E+01    1
    0.131906456585102272E+01    0.105874320495053257E+04   -0.769526361398720304E+01   -0.233042019589228801E+03   -0.901646350544154451E+01    1
    0.133189926238229139E+01    0.149955494053736379E+04   -0.642112054312411740E+01   -0.231018394789973797E+03   -0.901896350544154757E+01    1
    0.130847785504460323E+01    0.159202232360839844E+04   -0.652604967355728149E+01   -0.229321557506902138E+03   -0.902146350544154885E+01    1
    0.134145633935635966E+01    0.965674594651499774E+03   -0.112234086553198793E+02   -0.224247356691540915E+03   -0.902396350544154657E+01    1
    0.135073910312270273E+01    0.473181120692826880E+03   -0.115941896004572094E+02   -0.219181985689879582E+03   -0.902646350544156384E+01    1
    0.133964037751923959E+01    0.106208504997109708E+04   -0.726309650173855736E+01   -0.216017848743596403E+03   -0.902896350544158466E+01    1
    0.134952017384659806E+01    0.536106705747761680E+03   -0.682056227774237644E+01   -0.212967681195355055E+03   -0.903146350544156640E+01    1
    0.133493326566593140E+01    0.775215643267625410E+03   -0.253896725986690797E+01   -0.209957599476175631E+03   -0.903396350544155347E+01    1
    0.131808580105745032E+01    0.115321088374046053E+04   -0.117224245171198191E+02   -0.208540624854163696E+03   -0.903646350544156718E+01    1
    0.134804931644639248E+01    0.608255459441954258E+03   -0.633163125256124815E+01   -0.202506190245762753E+03   -0.903896350544157734E+01    1
    0.131817368449440764E+01    0.115422611974645270E+04   -0.108973309745221485E+02   -0.202163142961235451E+03   -0.904146350544157329E+01    1
    0.134525726773068333E+01    0.749485830212111637E+03   -0.755575773110501014E+01   -0.201086246358628443E+03   -0.904396350544155325E+01    1
    0.128291265209736194E+01    0.131376436267267172E+04   -0.180861553472941772E+01   -0.200188744218523595E+03   -0.904646350544154920E+01    1
    0.131889678508014008E+01    0.111018537965239420E+04   -0.840205355390709308E+01   -0.198456441976096301E+03   -0.904896350544155403E+01    1
    0.132032820427131981E+01    0.712029576431407804E+03   -0.446048703135206015E+01   -0.198107923214714162E+03   -0.905146350544157308E+01    1
    0.132670065595619868E+01    0.675235532686696502E+03   -0.900866110274954579E+01   -0.197797847993185030E+03   -0.905396350544158146E+01    1
    0.131832746084332442E+01    0.103288710117340088E+04   -0.627093714475631714E+01   -0.197186335710139304E+03   -0.905646350544157919E+01    1
    0.133790395473188028E+01    0.106968284393683962E+04   -0.508102209735242383E+01   -0.189978422740426197E+03   -0.905896350544158224E+01    1
    0.132376086121623060E+01    0.807813409373634727E+03   -0.667536538270996971E+01   -0.189960150667025403E+03   -0.906146350544157819E+01    1
    0.133446395444869981E+01    0.132765672206878662E+04   -0.634909206628799438E+01   -0.189774649532492447E+03   -0.906396350544158480E+01    1
    0.133771609090923538E+01    0.114534287627599178E+04   -0.601674553655711808E+01   -0.188501623216891460E+03   -0.906646350544158075E+01    1
    0.128227232853619566E+01    0.145818056036488861E+04   -0.206549410603193451E+01   -0.183853005116443853E+03   -0.906896350544158203E+01    1
    0.132148550425770095E+01    0.972700397753164225E+03   -0.857574826032464621E+01   -0.182560748180252915E+03   -0.907146350544158153E+01    1
    0.133524527619292011E+01    0.126959682810448157E+04   -0.794623559792554524E+01   -0.182319891187349356E+03   -0.907396350544156682E+01    1
    0.132428424840924208E+01    0.710997774422079146E+03   -0.583992199977062043E+01   -0.180920826677063872E+03   -0.907646350544157521E+01    1
    0.131359156266859367E+01    0.143906391408945183E+04   -0.750805643729659611E+01   -0.178400110097156642E+03   -0.907896350544156583E+01    1
    0.132430237019650243E+01    0.641083249347978267E+03   -0.513625529964265759E+01   -0.177563205996644285E+03   -0.908146350544156533E+01    1
    0.131963771600693258E+01    0.109268703963104485E+04   -0.108835472500403370E+02   -0.174352905397731149E+03   -0.908396350544156839E+01    1
    0.132172927213739944E+01    0.898314357593743011E+03   -0.656208181001600455E+01   -0.173543072333872658E+03   -0.908646350544156078E+01    1
    0.132238229934869200E+01    0.933488858058640517E+03   -0.986421641419514117E+01   -0.170470590911936654E+03   -0.908896350544157805E+01    1
    0.130254621143984650E+01    0.140415321076717328E+04   -0.295242467380795226E+01   -0.168887316047768593E+03   -0.909146350544157755E+01    1
    0.131305040856874022E+01    0.151124851776840228E+04   -0.115038353913023528E+02   -0.166946519796892460E+03   -0.909396350544158061E+01    1
    0.132107484092431871E+01    0.101456596281536179E+04   -0.913916350251607135E+01   -0.166495302346910933E+03   -0.909646350544158011E+01    1
    0.132788895619511593E+01    0.637598729133605957E+03   -0.118314616084098816E+02   -0.164154359992381103E+03   -0.909896350544156363E+01    1
    0.132046249152346928E+01    0.795706696530542217E+03   -0.501776917392947208E+01   -0.160170697252176467E+03   -0.910146350544157379E+01    1
    0.134882583266023648E+01    0.524260367320708497E+03   -0.678089959361453243E+01   -0.152368752916966343E+03   -0.910396350544157329E+01    1
    0.133075616059899327E+01    0.414463543891906738E+03   -0.592723894119262695E+01   -0.148846767120784023E+03   -0.910646350544157457E+01    1
    0.131564222688473853E+01    0.136447156472702818E+04   -0.837937237291707504E+01   -0.146931564651453812E+03   -0.910896350544159006E+01    1
    0.133007369682874454E+01    0.152202256490190894E+04   -0.771435375532551681E+01   -0.146336679126525780E+03   -0.911146350544158423E+01    1
    0.134249928608473756E+01    0.845637767373955171E+03   -0.112709452254612952E+02   -0.145794880568241695E+03   -0.911396350544157485E+01    1
    0.130144532380928268E+01    0.133889197770070768E+04   -0.264590140157258880E+01   -0.144566283680124059E+03   -0.911646350544158679E+01    1
    0.133305631815670811E+01    0.109931564696744590E+04   -0.430123526132520251E+01   -0.143182260311081166E+03   -0.911896350544156853E+01    1
    0.132185381881160380E+01    0.972296843218155004E+03   -0.739694082915385387E+01   -0.141683832942722859E+03   -0.912146350544155915E+01    1
    0.133030875604915133E+01    0.150040471410178634E+04   -0.858129772171268357E+01   -0.140633798569119392E+03   -0.912396350544158175E+01    1
    0.129892710767507147E+01    0.980153929896844829E+03   -0.169328695046463551E+01   -0.135485922720954989E+03   -0.912646350544158658E+01    1
    0.134330691501452559E+01    0.791560177318098226E+03   -0.860809765041568298E+01   -0.134155665847219836E+03   -0.912896350544156654E+01    1
    0.131689795848163804E+01    0.104241134304424872E+04   -0.558763237465975138E+01   -0.133133587831052580E+03   -0.913146350544156249E+01    1
    0.132485203484847269E+01    0.887699833435963228E+03   -0.192023704810416973E+01   -0.131587107200044272E+03   -0.913396350544156022E+01    1
    0.132028506497539633E+01    0.109808846720638257E+04   -0.105408226832154259E+02   -0.130518625964338696E+03   -0.913646350544155794E+01    1
    0.133444581011246743E+01    0.126322593514875598E+04   -0.109766110938999013E+02   -0.130111162275830395E+03   -0.913896350544156100E+01    1
    0.129550839721207867E+01    0.109119665951496881E+04   -0.143743062313687631E+01   -0.129823759380717149E+03   -0.914146350544154807E+01    1
    0.130317654023458762E+01    0.977739900726536348E+03   -0.283118921692652847E+01   -0.129245688506400313E+03   -0.914396350544157244E+01    1
    0.129875619206771509E+01    0.128846915784448151E+04   -0.387630154009111649E+01   -0.128550089400770446E+03   -0.914646350544159326E+01    1
    0.131516411727080063E+01    0.142481959445239613E+04   -0.117441958730687759E+02   -0.124516569495133410E+03   -0.914896350544157855E+01    1
    0.133062124894405187E+01    0.146331263620285927E+04   -0.117940031922017976E+02   -0.121153709576127937E+03   -0.915146350544156206E+01    1
    0.133349433937256734E+01    0.130729799496425926E+04   -0.805295879570960693E+01   -0.120789711017354705E+03   -0.915396350544155446E+01    1
    0.128344658321142191E+01    0.143914277553558350E+04   -0.264335078001022339E+01   -0.119792004002002898E+03   -0.915646350544156995E+01    1
    0.134716877954793524E+01    0.572554822338503868E+03   -0.975497361130685547E+01   -0.119312541235445508E+03   -0.915896350544156768E+01    1
    0.133586787280255503E+01    0.117481163320600126E+04   -0.114047448501869475E+02   -0.118800519514699829E+03   -0.916146350544157251E+01    1
    0.128863283644849358E+01    0.121027282991838524E+04   -0.174922300691955535E+01   -0.118303988997581598E+03   -0.916396350544159333E+01    1
    0.133918051869730825E+01    0.995006768421584411E+03   -0.862150060977416466E+01   -0.118297548683847197E+03   -0.916646350544157862E+01    1
    0.134019919980718361E+01    0.955419969267340321E+03   -0.628799425049406935E+01   -0.116060158646637603E+03   -0.916896350544158523E+01    1
    0.134907164233795762E+01    0.470628248564196952E+03   -0.845687407821110249E+01   -0.114578190069147638E+03   -0.917146350544158828E+01    1
    0.131468687693361774E+01    0.147051115006658483E+04   -0.894218606202283972E+01   -0.110545647025550522E+03   -0.917396350544157535E+01    1
    0.128506580597703080E+01    0.131343175621672890E+04   -0.186998985758609493E+01   -0.109968200034394101E+03   -0.917646350544158729E+01    1
    0.132879166949520222E+01    0.643101674191000484E+03   -0.976589641501981376E+01   -0.109824875014856673E+03   -0.917896350544158324E+01    1
    0.133050848512859443E+01    0.145740082534980843E+04   -0.987300005146111914E+01   -0.109822234807274128E+03   -0.918146350544158274E+01    1
    0.133281471985797140E+01    0.133326392370711528E+04   -0.778991272635044041E+01   -0.107964473684731900E+03   -0.918396350544159290E+01    1
    0.134120560763982599E+01    0.616879367591797973E+03   -0.266962718684347955E+01   -0.103900781322980322E+03   -0.918646350544158530E+01    1
    0.134647974190921604E+01    0.600716915126864137E+03   -0.684823583987164586E+01   -0.101383862163781885E+03   -0.918896350544156881E+01    1
    0.133116694501364696E+01    0.466539286614797334E+03   -0.662035893616717175E+01   -0.101155916899110423E+03   -0.919146350544155233E+01    1
    0.131490038068689619E+01    0.142782140114066306E+04   -0.720560953509735835E+01   -0.961850556194590922E+02   -0.919396350544155005E+01    1
    0.132071806400634806E+01    0.111277183319083133E+04   -0.114436307235327899E+02   -0.955155249603189418E+02   -0.919646350544156199E+01    1
    0.131881581841518725E+01    0.123127896735158811E+04   -0.114281251240928459E+02   -0.936602608256103508E+02   -0.919896350544156327E+01    1
    0.134626842198667696E+01    0.592493108321857790E+03   -0.109051733645329847E+02   -0.917605180977980694E+02   -0.920146350544155389E+01    1
    0.134104523318256952E+01    0.868108118923202142E+03   -0.856463283264280761E+01   -0.905156431843996074E+02   -0.920396350544156228E+01    1
    0.129692553780382935E+01    0.128388804049693454E+04   -0.162550578518264288E+01   -0.899261833612347914E+02   -0.920646350544157599E+01    1
    0.133138782350388674E+01    0.141274037026695487E+04   -0.636777469384966199E+01   -0.887730166511688026E+02   -0.920896350544158970E+01    1
    0.128558116130115985E+01    0.132603548670461350E+04   -0.185776549786806378E+01   -0.876878449440258123E+02   -0.921146350544157499E+01    1
    0.132831956543049956E+01    0.155278061030927347E+04   -0.103073588969003467E+02   -0.872980325308149645E+02   -0.921396350544154608E+01    1
    0.133453134820162300E+01    0.102927209282602735E+04   -0.431509255415946669E+01   -0.843182580677566307E+02   -0.921646350544154558E+01    1
    0.128775844897151481E+01    0.140533697799126139E+04   -0.124882820686766216E+01   -0.835253314599122518E+02   -0.921896350544154153E+01    1
    0.131471088674806902E+01    0.145597777212120468E+04   -0.720715412750207740E+01   -0.824456197922308434E+02   -0.922146350544156768E+01    1
    0.134389903071496342E+01    0.705832906819453456E+03   -0.114554225884876271E+02   -0.816131067723567298E+02   -0.922396350544160093E+01    1
    0.132540573558063612E+01    0.709681649774981906E+03   -0.562019265762492726E+01   -0.798615325068336119E+02   -0.922646350544159510E+01    1
    0.132222218915123668E+01    0.104079635834590135E+04   -0.111530431929143976E+02   -0.794884922134862677E+02   -0.922896350544156263E+01    1
    0.133103380739537380E+01    0.549183806012679952E+03   -0.113124928109628229E+02   -0.728348619876206271E+02   -0.923146350544154970E+01    1
    0.131941554263019523E+01    0.122006046993520658E+04   -0.906265693141124373E+01   -0.721191977480648916E+02   -0.923396350544157052E+01    1
    0.129402664051648375E+01    0.129027467530322792E+04   -0.324987115835751794E+01   -0.709417432407306592E+02   -0.923646350544158246E+01    1
    0.133201048164409919E+01    0.133169304905433728E+04   -0.786822648205411213E+01   -0.663338007295272405E+02   -0.923896350544156419E+01    1
    0.132955032992362954E+01    0.605723786354064941E+03   -0.679225057363510132E+01   -0.639623988910113326E+02   -0.924146350544156014E+01    1
    0.134777285654071166E+01    0.484440329435209151E+03   -0.115607849449092193E+02   -0.615809424656226270E+02   -0.924396350544158452E+01    1
    0.130624677080486395E+01    0.849118942177227268E+03   -0.178699178333021891E+01   -0.611229921619083711E+02   -0.924646350544159468E+01    1
    0.131960952892617844E+01    0.990098971878510042E+03   -0.231376372123500573E+01   -0.607694230947111578E+02   -0.924896350544156931E+01    1
    0.128582019963091398E+01    0.140864377176534754E+04   -0.259699072672757936E+01   -0.607516985547308082E+02   -0.925146350544156171E+01    1
    0.133435169255461927E+01    0.119230491803912309E+04   -0.102976245945496654E+02   -0.585595501082039505E+02   -0.925396350544155943E+01    1
    0.132027624114730324E+01    0.118624967130973982E+04   -0.105269744409187158E+02   -0.572636481822347037E+02   -0.925646350544156959E+01    1
    0.134867286041575918E+01    0.433243964905122482E+03   -0.959847414459001058E+01   -0.568418138747351236E+02   -0.925896350544159397E+01    1
    0.132888509946237554E+01    0.148500129031535198E+04   -0.569463142661077715E+01   -0.546267404361843205E+02   -0.926146350544156682E+01    1
    0.134428732093665193E+01    0.655505749950280574E+03   -0.860585564402452974E+01   -0.536766287749688331E+02   -0.926396350544155034E+01    1
    0.132786569084329709E+01    0.154667675192893626E+04   -0.720635208936877092E+01   -0.483974717044235945E+02   -0.926646350544155872E+01    1
    0.133196104329953791E+01    0.130763286419806400E+04   -0.867952934696368317E+01   -0.464804759677976449E+02   -0.926896350544157777E+01    1
    0.133624742302737687E+01    0.107476886982528663E+04   -0.968278665162978669E+01   -0.453172982807085987E+02   -0.927146350544157194E+01    1
    0.133705754041305669E+01    0.102864381059438074E+04   -0.858633502515370672E+01   -0.427691038605042309E+02   -0.927396350544156967E+01    1
    0.131450690847883411E+01    0.157517680465645867E+04   -0.849415740721030943E+01   -0.426783750288911392E+02   -0.927646350544157094E+01    1
    0.131752742677774037E+01    0.138231569444428169E+04   -0.108079162072207602E+02   -0.422976526359566947E+02   -0.927896350544155446E+01    1
    0.129426391289696663E+01    0.146576258850624026E+04   -0.290487214222427781E+01   -0.406538804268633953E+02   -0.928146350544157173E+01    1
    0.132910753287346051E+01    0.706407582303016738E+03   -0.814014897472656607E+01   -0.398200240434518378E+02   -0.928396350544156412E+01    1
    0.131547483784845243E+01    0.147323919181890415E+04   -0.727462409874141347E+01   -0.385713746494477050E+02   -0.928646350544154231E+01    1
    0.133454045308234326E+01    0.115787024186641247E+04   -0.101045701872229561E+02   -0.384187123965036221E+02   -0.928896350544154714E+01    1
    0.132313889639041293E+01    0.805407617897271848E+03   -0.533124641371656072E+01   -0.377163647871907983E+02   -0.929146350544155908E+01    1
    0.132998912002483527E+01    0.661953203126917970E+03   -0.962121978928556842E+01   -0.372202674461717038E+02   -0.929396350544155325E+01    1
    0.133519893842511994E+01    0.111456953956811321E+04   -0.100165367835794044E+02   -0.317792884393631425E+02   -0.929646350544154565E+01    1
    0.131010600938005206E+01    0.110267813317539458E+04   -0.434564801322934002E+01   -0.293339881372782543E+02   -0.929896350544157535E+01    1
    0.133360266254040272E+01    0.773664610703212475E+03   -0.268273572609180633E+01   -0.292295582047835865E+02   -0.930146350544156952E+01    1
    0.133261629530096615E+01    0.125007185504978224E+04   -0.894221558719439358E+01   -0.288936116793685756E+02   -0.930396350544154238E+01    1
    0.133287199946012924E+01    0.479783326750014567E+03   -0.737158886519918255E+01   -0.265405823083024188E+02   -0.930646350544154366E+01    1
    0.132744554416043514E+01    0.152378484982249051E+04   -0.108322821643313922E+02   -0.256773936667879070E+02   -0.930896350544155737E+01    1
    0.133830985130860469E+01    0.647571356680311737E+03   -0.252283661195703424E+01   -0.252396737570458640E+02   -0.931146350544155688E+01    1
    0.133437405490015948E+01    0.119048896816100114E+04   -0.598884873542664842E+01   -0.245952068976117175E+02   -0.931396350544155460E+01    1
    0.132565718748414008E+01    0.908691977105128899E+03   -0.113068922487655836E+02   -0.233388888900507254E+02   -0.931646350544155588E+01    1
    0.134169729851353203E+01    0.796352674239474823E+03   -0.581710810009142243E+01   -0.231593889745407182E+02   -0.931896350544156427E+01    1
    0.131627348365921226E+01    0.136762177292074557E+04   -0.668434864167055842E+01   -0.227822250798760706E+02   -0.932146350544156732E+01    1
    0.134235122760691405E+01    0.717926838220530044E+03   -0.991309566810243226E+01   -0.215923779146852439E+02   -0.932396350544155084E+01    1
    0.134474416832524679E+01    0.593855344544024888E+03   -0.930091913086766375E+01   -0.213656749301084687E+02   -0.932646350544156100E+01    1
    0.129924330104055441E+01    0.122782748941137902E+04   -0.196190590776680729E+01   -0.213313785968644538E+02   -0.932896350544156405E+01    1
    0.134742363301103429E+01    0.486295108473076311E+03   -0.517903604495108816E+01   -0.207070313855811037E+02   -0.933146350544158310E+01    1
    0.133010707328950595E+01    0.137172562396952480E+04   -0.961283514711649190E+01   -0.189992685880827707E+02   -0.933396350544159858E+01    1
    0.129267672519409427E+01    0.143098598520467272E+04   -0.274307358985261018E+01   -0.186854806980549029E+02   -0.933646350544157499E+01    1
    0.131722705101087678E+01    0.142214725153562131E+04   -0.778955708188794382E+01   -0.182037570039788648E+02   -0.933896350544154963E+01    1
    0.133368946651575682E+01    0.118439871139923252E+04   -0.772044767759575290E+01   -0.181292079614748332E+02   -0.934146350544154380E+01    1
    0.129156028889407004E+01    0.132814864145369484E+04   -0.127299881810723470E+01   -0.180493204557059244E+02   -0.934396350544157350E+01    1
    0.134488359340161123E+01    0.580454692632217984E+03   -0.106983564067782613E+02   -0.165195045158154130E+02   -0.934646350544160143E+01    1
    0.133385650981966730E+01    0.116554218835361166E+04   -0.100776427123635539E+02   -0.157106456393890994E+02   -0.934896350544159382E+01    1
    0.131553516917513824E+01    0.782684944188204668E+03   -0.325722898123210847E+01   -0.140865798558150459E+02   -0.935146350544157734E+01    1
    0.131601288309705433E+01    0.152821827737111448E+04   -0.104042306843806127E+02   -0.140330352803358664E+02   -0.935396350544158750E+01    1
    0.132871688491702056E+01    0.143813955783843994E+04   -0.111688691377639771E+02   -0.132863851993628259E+02   -0.935646350544160832E+01    1
    0.133033973412900886E+01    0.136934669791137003E+04   -0.716042806098098605E+01   -0.128017028411649676E+02   -0.935896350544159361E+01    1
    0.133213569911006702E+01    0.125179150742638467E+04   -0.113658123743381179E+02   -0.110578043149444625E+02   -0.936146350544157002E+01    1
    0.132133005172437912E+01    0.116976688622953316E+04   -0.763728309664157123E+01   -0.100749922293816212E+02   -0.936396350544158551E+01    1
    0.133724015230536453E+01    0.977014183998107910E+03   -0.103175134062767029E+02   -0.100454135410387835E+02   -0.936646350544160100E+01    1
    0.129196023871290833E+01    0.136570428126056549E+04   -0.322007898562808492E+01   -0.894520974387188517E+01   -0.936896350544160228E+01    1
    0.132856479214371070E+01    0.796571842579761778E+03   -0.109386989871066422E+02   -0.863372288161400547E+01   -0.937146350544158402E+01    1
    0.129251502897668269E+01    0.119158962594504101E+04   -0.160497413814768919E+01   -0.755213015292753198E+01   -0.937396350544156576E+01    1
    0.131398148309547791E+01    0.707022658126430542E+03   -0.182310582877005523E+01   -0.633866437763037993E+01   -0.937646350544158835E+01    1
    0.129609891860395710E+01    0.109677573128756694E+04   -0.216816176253195714E+01   -0.131967257008682282E+01   -0.937896350544160207E+01    1
    0.133126554300006217E+01    0.636160443818003614E+03   -0.105802000574479091E+02   -0.904526152643995829E+00   -0.938146350544158913E+01    1
    0.132785763448227434E+01    0.850325219972701689E+03   -0.813451080423446271E+01   -0.871919990725814387E+00   -0.938396350544157087E+01    1
    0.132814524283498159E+01    0.838785114455410849E+03   -0.100235727068409393E+02   -0.801324383758469594E+00   -0.938646350544157038E+01    1
    0.133505130546673789E+01    0.108043245593153006E+04   -0.100466382814843005E+02   -0.977512552067878460E-01   -0.938896350544158054E+01    1
    0.132662281304097696E+01    0.885294977705966630E+03   -0.100265146843266759E+02    0.436745447033445089E+00   -0.939146350544156228E+01    1
    0.128939725782596981E+01    0.150073736012924996E+04   -0.294719973291102555E+01    0.657922876286988867E+00   -0.939396350544154224E+01    1
    0.132125564456683486E+01    0.121505346500347332E+04   -0.119289635517954338E+02    0.248685183580499825E+01   -0.939646350544157016E+01    1
    0.133416722732773807E+01    0.112295296751827391E+04   -0.107531178558714569E+02    0.324758250721589548E+01   -0.939896350544156256E+01    1
    0.131273891113355390E+01    0.114256599606126042E+04   -0.486806253048043835E+01    0.346281426468362952E+01   -0.940146350544155851E+01    1
    0.133862344654728793E+01    0.884676601251500074E+03   -0.933796626837593813E+01    0.420218753874132744E+01   -0.940396350544156334E+01    1
    0.131789033806996070E+01    0.143763376207565170E+04   -0.942631815997532385E+01    0.512366953671636338E+01   -0.940646350544154153E+01    1
    0.132035899501004783E+01    0.127063492249452315E+04   -0.819092862074011308E+01    0.520542873306447973E+01   -0.940896350544153570E+01    1
    0.132744320343301214E+01    0.153257911126400018E+04   -0.647138456144622420E+01    0.572640562776655315E+01   -0.941146350544155297E+01    1
    0.134777172459017103E+01    0.439796603889123958E+03   -0.545999934261256392E+01    0.668357222483024316E+01   -0.941396350544157201E+01    1
    0.133139172223792390E+01    0.643626841079306359E+03   -0.970697685420805811E+01    0.695716972200051487E+01   -0.941646350544155553E+01    1
    0.131598314101481928E+01    0.157442392203409736E+04   -0.101389015233621578E+02    0.705583276858209274E+01   -0.941896350544157102E+01    1
    0.133424442017058076E+01    0.412583130625908495E+03   -0.643029554268112413E+01    0.882578200787168043E+01   -0.942146350544156874E+01    1
    0.133101078452467902E+01    0.131364178657531738E+04   -0.689095228910446167E+01    0.944542470102953757E+01   -0.942396350544153627E+01    1
    0.129194451399463972E+01    0.126455869443007646E+04   -0.158224802671871245E+01    0.106509849060902866E+02   -0.942646350544157485E+01    1
    0.132788379468533946E+01    0.145238926841451212E+04   -0.794411540179915754E+01    0.107162152139046611E+02   -0.942896350544158146E+01    1
    0.131685561614509217E+01    0.152218914111447452E+04   -0.916652631947998309E+01    0.116817222407756844E+02   -0.943146350544154544E+01    1
    0.130052151276109851E+01    0.122478892214610778E+04   -0.217901074230279512E+01    0.119043746841028337E+02   -0.943396350544157514E+01    1
    0.132810980941289003E+01    0.144296501540137183E+04   -0.765637813501682185E+01    0.119343143048219531E+02   -0.943646350544158707E+01    1
    0.133568793150444431E+01    0.103068982107957572E+04   -0.818515799311735393E+01    0.127790693379820368E+02   -0.943896350544155460E+01    1
    0.132956030307032447E+01    0.771845231142404145E+03   -0.111561930469868607E+02    0.128516293142249083E+02   -0.944146350544158075E+01    1
    0.132660265115401121E+01    0.153111229438918781E+04   -0.732673453558404653E+01    0.129068329191396742E+02   -0.944396350544158736E+01    1
    0.132503170713838903E+01    0.988245790239335861E+03   -0.783185894730849075E+01    0.129983456807673292E+02   -0.944646350544156377E+01    1
    0.134378633019824334E+01    0.618234889625691949E+03   -0.668967056474133326E+01    0.143259216519188612E+02   -0.944896350544155794E+01    1
    0.129625539545015234E+01    0.109410242471269612E+04   -0.175371418930730272E+01    0.148763702477201605E+02   -0.945146350544157876E+01    1
    0.132887518131582394E+01    0.138423528897700317E+04   -0.103387628518489976E+02    0.168253492001534255E+02   -0.945396350544158537E+01    1
    0.133030069521001426E+01    0.471331053188667909E+03   -0.450787186556336739E+01    0.169372082057722082E+02   -0.945646350544156711E+01    1
    0.134107472671541927E+01    0.730082250462999582E+03   -0.107037447330052906E+02    0.177391131306470697E+02   -0.945896350544157727E+01    1
    0.134148420378109656E+01    0.707665121184558529E+03   -0.117429253569164409E+02    0.185492120836486265E+02   -0.946146350544157144E+01    1
    0.133643754051332309E+01    0.979377511107835744E+03   -0.883151460510634578E+01    0.190837284334916717E+02   -0.946396350544157272E+01    1
    0.129407170262161419E+01    0.135145103473075665E+04   -0.254910446279742331E+01    0.201968103150515503E+02   -0.946646350544157578E+01    1
    0.132614359549736660E+01    0.947975553174648212E+03   -0.116178127893089531E+02    0.208880724615896156E+02   -0.946896350544156284E+01    1
    0.131616885972653463E+01    0.158621786868141135E+04   -0.850023812634418263E+01    0.214154729113515145E+02   -0.947146350544156057E+01    1
    0.131627948604351208E+01    0.121570433543709305E+04   -0.576588619319686035E+01    0.225437617988180818E+02   -0.947396350544156363E+01    1
    0.132144270524489915E+01    0.124330264515833687E+04   -0.949500458938097580E+01    0.231160110221631498E+02   -0.947646350544157734E+01    1
    0.131634125903064625E+01    0.158585937331026435E+04   -0.977007503540481359E+01    0.239820246491343596E+02   -0.947896350544157862E+01    1
    0.131568795379353398E+01    0.151454643781706773E+04   -0.692232849215785251E+01    0.261334798384712030E+02   -0.948146350544156213E+01    1
    0.130710488337278363E+01    0.920478582382202148E+03   -0.267717778682708740E+01    0.264660610744021483E+02   -0.948396350544155275E+01    1
    0.133272305423102888E+01    0.588828684580538834E+03   -0.833075331530421970E+01    0.265142572522255477E+02   -0.948646350544155759E+01    1
    0.131866001767940744E+01    0.988514092524555394E+03   -0.513130760896944693E+01    0.269583027685812340E+02   -0.948896350544156952E+01    1
    0.131610234911812984E+01    0.120724990788360128E+04   -0.567675763634814956E+01    0.277042528550863949E+02   -0.949146350544157968E+01    1
    0.132687823790443460E+01    0.147063621275144737E+04   -0.116450523055677166E+02    0.277635744161616458E+02   -0.949396350544157563E+01    1
    0.134455175663222137E+01    0.537804360752027833E+03   -0.112161667984314484E+02    0.279394779063166538E+02   -0.949646350544157336E+01    1
    0.134177225200384864E+01    0.733888942612067467E+03   -0.502101733888773083E+01    0.286338319159210073E+02   -0.949896350544157819E+01    1
    0.132385091773958452E+01    0.110226129329723199E+04   -0.924716778719764321E+01    0.287317361249254759E+02   -0.950146350544158658E+01    1
    0.132775517575362256E+01    0.132962097558413461E+04   -0.487349306159835116E+01    0.298738726036396542E+02   -0.950396350544157542E+01    1
    0.133722075722062583E+01    0.973438236889027053E+03   -0.615766823394858065E+01    0.299962384759224392E+02   -0.950646350544157315E+01    1
    0.132960337307122023E+01    0.132343457318492278E+04   -0.116946637798006456E+02    0.300737415745736598E+02   -0.950896350544157620E+01    1
    0.133773376995647575E+01    0.680644114193503356E+03   -0.291075053043946141E+01    0.311330948446050684E+02   -0.951146350544157571E+01    1
    0.132827487495746310E+01    0.139107221028600998E+04   -0.102260482846718901E+02    0.313676058282799772E+02   -0.951396350544157521E+01    1
    0.132249765263570263E+01    0.112907508955975777E+04   -0.708769429396889361E+01    0.315351524040177082E+02   -0.951646350544155872E+01    1
    0.132713012032788291E+01    0.152365236818487256E+04   -0.594120779503973306E+01    0.326142420999434535E+02   -0.951896350544156356E+01    1
    0.132733447387800862E+01    0.123715088268080581E+04   -0.444018892572663137E+01    0.330543534920154798E+02   -0.952146350544157727E+01    1
    0.132448589761834556E+01    0.106618582969960016E+04   -0.847135324790629163E+01    0.330766937870262723E+02   -0.952396350544158743E+01    1
    0.131727857988029440E+01    0.154137475291667988E+04   -0.858474943616840491E+01    0.336697492919167871E+02   -0.952646350544159404E+01    1
    0.132023567967588029E+01    0.131496941533496238E+04   -0.759303014278522248E+01    0.342961332213411083E+02   -0.952896350544159176E+01    1
    0.132655341766948687E+01    0.147644676560681455E+04   -0.864760681947953991E+01    0.347048962953821274E+02   -0.953146350544158416E+01    1
    0.132541378706196600E+01    0.142429514138557670E+04   -0.491577538926159452E+01    0.348989282356449735E+02   -0.953396350544158544E+01    1
    0.134306703001121552E+01    0.601014609823870842E+03   -0.100429825274870286E+02    0.355342296057447697E+02   -0.953646350544159382E+01    1
    0.132512272420587829E+01    0.103687988323531613E+04   -0.891161034480426828E+01    0.366753372903226591E+02   -0.953896350544158977E+01    1
    0.133339354705165358E+01    0.776163531772486976E+03   -0.286274640812488990E+01    0.373176350754822579E+02   -0.954146350544158039E+01    1
    0.134097076729339393E+01    0.731364825406721820E+03   -0.686781062188318980E+01    0.373396421565176411E+02   -0.954396350544157279E+01    1
    0.133442783439721335E+01    0.109126572528041879E+04   -0.515998690551052253E+01    0.373884217796282314E+02   -0.954646350544158118E+01    1
    0.133958590168947955E+01    0.775175480747886581E+03   -0.999102965467830550E+01    0.374767063264138187E+02   -0.954896350544159311E+01    1
    0.133876936203028096E+01    0.879883531438659702E+03   -0.607641368922516367E+01    0.378136488873760186E+02   -0.955146350544159262E+01    1
    0.134723930342236131E+01    0.431566499928371172E+03   -0.441409913369675611E+01    0.382886396799942759E+02   -0.955396350544159212E+01    1
    0.133190546829141598E+01    0.668697794590316107E+03   -0.903803045564679941E+01    0.387316073007574460E+02   -0.955646350544157919E+01    1
    0.129415642364879746E+01    0.130001841664584504E+04   -0.306311477631813034E+01    0.394805742725774849E+02   -0.955896350544155915E+01    1
    0.133303625748528742E+01    0.112351947142117797E+04   -0.104511144277348009E+02    0.407969023381918419E+02   -0.956146350544157109E+01    1
    0.133177000241293064E+01    0.121280135980276054E+04   -0.723153902977361085E+01    0.416158503857465121E+02   -0.956396350544156881E+01    1
    0.133449294587086453E+01    0.107546575625769628E+04   -0.695877082408692971E+01    0.417773226520720300E+02   -0.956646350544156654E+01    1
    0.132009497511239715E+01    0.137429353490692438E+04   -0.104397247872262326E+02    0.421716155734717972E+02   -0.956896350544157492E+01    1
    0.132930845398262165E+01    0.137143661486223164E+04   -0.669801204971120878E+01    0.421923930257256075E+02   -0.957146350544156022E+01    1
    0.132692883587235189E+01    0.941760098514158472E+03   -0.974130930930042283E+01    0.425364945733717263E+02   -0.957396350544156682E+01    1
    0.134554441136818626E+01    0.466445913259935878E+03   -0.101225239852700390E+02    0.425935881344839231E+02   -0.957646350544157343E+01    1
    0.132699228047132478E+01    0.143520164489746094E+04   -0.117584155201911926E+02    0.434061302917288003E+02   -0.957896350544156228E+01    1
    0.129565862802031639E+01    0.122818494830572035E+04   -0.189922751311746829E+01    0.441508935942282505E+02   -0.958146350544155823E+01    1
    0.132390118594059114E+01    0.113138215241999319E+04   -0.960640991762106466E+01    0.445301618510824255E+02   -0.958396350544156839E+01    1
    0.132709516464502308E+01    0.144043798485121965E+04   -0.768521584382854783E+01    0.448642645310083026E+02   -0.958646350544157144E+01    1
    0.129469171942598060E+01    0.132100103014276237E+04   -0.250302174887869455E+01    0.456364543546726509E+02   -0.958896350544156206E+01    1
    0.132032325408953133E+01    0.744756375728891044E+03   -0.378655200591248686E+01    0.457300073573227337E+02   -0.959146350544155979E+01    1
    0.131806486806640355E+01    0.152823954954184092E+04   -0.109840116603030999E+02    0.472997428124035650E+02   -0.959396350544155752E+01    1
    0.132707648279070844E+01    0.142195203304290771E+04   -0.912455624341964722E+01    0.480368528693347798E+02   -0.959646350544158011E+01    1
    0.132965762176286817E+01    0.829314685518988199E+03   -0.795257117677890246E+01    0.487098979064868445E+02   -0.959896350544158317E+01    1
    0.132556979312764334E+01    0.149676780614285190E+04   -0.117589651511075388E+02    0.488684930232345209E+02   -0.960146350544156491E+01    1
    0.134293705941773878E+01    0.587629047586753813E+03   -0.838927288385366587E+01    0.489602513927221139E+02   -0.960396350544156263E+01    1
    0.132582813576987091E+01    0.102302013316641273E+04   -0.946784413456868457E+01    0.493918210698273015E+02   -0.960646350544156391E+01    1
    0.134109707996300687E+01    0.752589241286734932E+03   -0.544704874090791424E+01    0.500490100860049552E+02   -0.960896350544157762E+01    1
    0.132983073192386736E+01    0.837739844814767366E+03   -0.105085250888962207E+02    0.509655662884318872E+02   -0.961146350544157713E+01    1
    0.132609559768246243E+01    0.146466783047397826E+04   -0.964949574152315392E+01    0.513094037476521976E+02   -0.961396350544156775E+01    1
    0.133175360158208433E+01    0.120469280178388999E+04   -0.700596899797905071E+01    0.534214228702705327E+02   -0.961646350544157791E+01    1
    0.130627956682107560E+01    0.149946997830235728E+04   -0.519864317177601887E+01    0.536162089701145987E+02   -0.961896350544157919E+01    1
    0.134308121644164014E+01    0.569296361053316105E+03   -0.102747434094002301E+02    0.544115072901091139E+02   -0.962146350544157869E+01    1
    0.134200401995317131E+01    0.676175977582384007E+03   -0.610880638356790495E+01    0.555309129547809448E+02   -0.962396350544156931E+01    1
    0.129887610126033071E+01    0.120502944614442458E+04   -0.318327811201609023E+01    0.560844936313327480E+02   -0.962646350544156171E+01    1
    0.133991815530060321E+01    0.723703865545052395E+03   -0.107313699026944569E+02    0.563677239311824678E+02   -0.962896350544156654E+01    1
    0.134458898566961271E+01    0.489967656135559082E+03   -0.105222666859626770E+02    0.575184810076266331E+02   -0.963146350544157492E+01    1
    0.132350471760440347E+01    0.118635980008670413E+04   -0.104315174413347478E+02    0.577004506562737447E+02   -0.963396350544157087E+01    1
    0.133488168370564209E+01    0.520409361244199431E+03   -0.112877652410741174E+02    0.579241452243776394E+02   -0.963646350544155617E+01    1
    0.132509919848442070E+01    0.149737260341644287E+04   -0.115468703508377075E+02    0.588831833693821523E+02   -0.963896350544156810E+01    1
    0.133310219440964284E+01    0.109489584564000324E+04   -0.771830060716571076E+01    0.600397105238819222E+02   -0.964146350544157649E+01    1
    0.132703874010489886E+01    0.149771275069259377E+04   -0.614762377065918564E+01    0.625046483483911857E+02   -0.964396350544157244E+01    1
    0.133303168089438961E+01    0.586723303808914466E+03   -0.682649783943431032E+01    0.633455526469282404E+02   -0.964646350544158082E+01    1
    0.131310759938540444E+01    0.751338787493461496E+03   -0.180604033770147865E+01    0.634353325834080692E+02   -0.964896350544158388E+01    1
    0.133372785643729630E+01    0.564892537167451337E+03   -0.707147167939421983E+01    0.640029948836055951E+02   -0.965146350544159048E+01    1
    0.132844363575329782E+01    0.895477417555664033E+03   -0.111571225145287887E+02    0.645444582917235721E+02   -0.965396350544158643E+01    1
    0.132694987814304666E+01    0.987886641918995565E+03   -0.111269434163859096E+02    0.647548551920643263E+02   -0.965646350544157350E+01    1
    0.132168399349976062E+01    0.132857579854707888E+04   -0.113022670979022291E+02    0.649376907427738956E+02   -0.965896350544158544E+01    1
    0.131016237791530554E+01    0.999682414202470227E+03   -0.360098585165720841E+01    0.650554544134096204E+02   -0.966146350544157961E+01    1
    0.129320792715128774E+01    0.143422631991401954E+04   -0.347560812783501483E+01    0.653418990185701887E+02   -0.966396350544156313E+01    1
    0.133517449130606880E+01    0.518633233674556436E+03   -0.111211017273077495E+02    0.655153978341173797E+02   -0.966646350544158039E+01    1
    0.131383346276879287E+01    0.759418368339538574E+03   -0.238830643892288208E+01    0.655840324231876934E+02   -0.966896350544157812E+01    1
    0.132547562777230299E+01    0.108442956470707941E+04   -0.118230638309484419E+02    0.656509371716690566E+02   -0.967146350544155986E+01    1
    0.133894835845630911E+01    0.751687501561837507E+03   -0.100949099781250915E+02    0.665001293705511785E+02   -0.967396350544157357E+01    1
    0.133922444744256630E+01    0.735546131540488773E+03   -0.105879180841111999E+02    0.677335394645239717E+02   -0.967646350544157841E+01    1
    0.132963067576202065E+01    0.660798904364056739E+03   -0.570072859437029056E+01    0.678017865740914090E+02   -0.967896350544157613E+01    1
    0.133880979046225534E+01    0.762258291244506836E+03   -0.795004516839981079E+01    0.681861791830653488E+02   -0.968146350544158629E+01    1
    0.132377863073620761E+01    0.149288630139759675E+04   -0.501637715935124628E+01    0.685425466351892965E+02   -0.968396350544158580E+01    1
    0.133285341122605505E+01    0.680776308765365229E+03   -0.105763623692825011E+02    0.685483714974052418E+02   -0.968646350544157464E+01    1
    0.133959191215038276E+01    0.716050767898559570E+03   -0.871706646680831909E+01    0.689779177841635374E+02   -0.968896350544155638E+01    1
    0.133229349197028979E+01    0.114164526861299055E+04   -0.711499390500398299E+01    0.693176763271702612E+02   -0.969146350544159141E+01    1
    0.133461427394183008E+01    0.985678735436060265E+03   -0.961803036368428010E+01    0.693180193384593508E+02   -0.969396350544157315E+01    1
    0.133074207803944256E+01    0.124756137239720101E+04   -0.525049707664652487E+01    0.699962357191384399E+02   -0.969646350544156377E+01    1
    0.133859739794032340E+01    0.760959499074476525E+03   -0.398168867359251166E+01    0.702589011956658283E+02   -0.969896350544157571E+01    1
    0.131798830283446944E+01    0.151999631865693414E+04   -0.725801741337494022E+01    0.721729275638692798E+02   -0.970146350544158942E+01    1
    0.134344172964624997E+01    0.528079290683238582E+03   -0.764438025551212519E+01    0.723639916319833105E+02   -0.970396350544157116E+01    1
    0.132474293642068508E+01    0.157189820113036694E+04   -0.556986550826705962E+01    0.723774516772199945E+02   -0.970646350544157066E+01    1
    0.132936959736307525E+01    0.862020284954214617E+03   -0.745041689016385256E+01    0.724079921531338755E+02   -0.970896350544159326E+01    1
    0.132702600628085188E+01    0.136387243659105502E+04   -0.116801557718055911E+02    0.732446192164147760E+02   -0.971146350544159276E+01    1
    0.134186780429664765E+01    0.597757699269442696E+03   -0.813561531180359765E+01    0.733308692242362099E+02   -0.971396350544156739E+01    1
    0.133798423120227272E+01    0.880474005466996346E+03   -0.594432298164254647E+01    0.742150870165931451E+02   -0.971646350544155624E+01    1
    0.132538146675500013E+01    0.144136835815213681E+04   -0.115794157222113512E+02    0.742959012723122783E+02   -0.971896350544155929E+01    1
    0.132347451596477894E+01    0.152972598053023012E+04   -0.107941374405364670E+02    0.746847761279064457E+02   -0.972146350544156768E+01    1
    0.132266718821585627E+01    0.156555617361922714E+04   -0.115218105712625167E+02    0.749320572108719603E+02   -0.972396350544156718E+01    1
    0.132895754693206913E+01    0.126256506649312769E+04   -0.117472892356502996E+02    0.750116788588821919E+02   -0.972646350544156846E+01    1
    0.133387836569327689E+01    0.631659331859580107E+03   -0.106685993687897742E+02    0.752357787114370353E+02   -0.972896350544158750E+01    1
    0.132425140935658248E+01    0.149137066184498303E+04   -0.116816385303853174E+02    0.753798282854012882E+02   -0.973146350544158523E+01    1
    0.133453243414163580E+01    0.104948382377624512E+04   -0.641681557893753052E+01    0.756489024280325566E+02   -0.973396350544156164E+01    1
    0.134177634836930748E+01    0.592309454437339696E+03   -0.968371448546704094E+01    0.760261077671016778E+02   -0.973646350544155936E+01    1
    0.133360664572430743E+01    0.610224953819735674E+03   -0.729412366219542641E+01    0.761651278828045406E+02   -0.973896350544158551E+01    1
    0.132698152535189218E+01    0.135819305656925189E+04   -0.108193376153898786E+02    0.761997409148947327E+02   -0.974146350544160633E+01    1
    0.132908425526006613E+01    0.127760748437439634E+04   -0.750907211487571136E+01    0.763160535676548761E+02   -0.974396350544159695E+01    1
    0.131938024393505460E+01    0.964821107789553025E+03   -0.236426865084603399E+01    0.764210472889128596E+02   -0.974646350544158580E+01    1
    0.132845857726350047E+01    0.128368826676298477E+04   -0.104319478345809387E+02    0.764567370156231618E+02   -0.974896350544159240E+01    1
    0.132003279474377622E+01    0.150302999019622803E+04   -0.931441640853881836E+01    0.766269666201920359E+02   -0.975146350544158835E+01    1
    0.133605625825304974E+01    0.702073580577948178E+03   -0.289350027691380518E+01    0.775541536665978697E+02   -0.975396350544157364E+01    1
    0.130573498309341840E+01    0.125768801350810827E+04   -0.285211838163778175E+01    0.776975914031435195E+02   -0.975646350544157137E+01    1
    0.132285771647308437E+01    0.120097582784977658E+04   -0.713256864269096535E+01    0.779810714384566950E+02   -0.975896350544156022E+01    1
    0.133134729730026247E+01    0.772938549045645232E+03   -0.122476245028224007E+01    0.780809839463108801E+02   -0.976146350544155617E+01    1
    0.132199896672781714E+01    0.135669100612213742E+04   -0.107283121561626658E+02    0.785007281062584639E+02   -0.976396350544157343E+01    1
    0.132549751893866752E+01    0.110441727818341383E+04   -0.799617296484666529E+01    0.787436526281815077E+02   -0.976646350544158715E+01    1
    0.132091704265488552E+01    0.605991645362154941E+03   -0.235008048660538549E+01    0.790431890734841431E+02   -0.976896350544158665E+01    1
    0.131815136862504900E+01    0.897062105312347740E+03   -0.432339525872341568E+01    0.795545633647217869E+02   -0.977146350544156839E+01    1
    0.133326223562918389E+01    0.104799486711209465E+04   -0.762743334693783659E+01    0.796829493908621771E+02   -0.977396350544156434E+01    1
    0.131164535289469386E+01    0.785439527531884892E+03   -0.193018421858542943E+01    0.799519141531926607E+02   -0.977646350544156384E+01    1
    0.133739819348300881E+01    0.813633519871381054E+03   -0.748228700649212808E+01    0.817173483898949371E+02   -0.977896350544157755E+01    1
    0.132391883525625897E+01    0.122356412103258162E+04   -0.817638954079377811E+01    0.819542604518285884E+02   -0.978146350544159837E+01    1
    0.132009255521196223E+01    0.154977695221998533E+04   -0.115926698499885958E+02    0.819968413946899659E+02   -0.978396350544159255E+01    1
    0.132783461306499695E+01    0.983456422633778402E+03   -0.107932308080424626E+02    0.822748711618473294E+02   -0.978646350544159205E+01    1
    0.132271861833996462E+01    0.131382970898693020E+04   -0.826580808814637535E+01    0.829039335819787198E+02   -0.978896350544158800E+01    1
    0.133490616871844603E+01    0.104278315332332363E+04   -0.592016747597177329E+01    0.832423690780809125E+02   -0.979146350544156618E+01    1
    0.132080072721506059E+01    0.148684160565825118E+04   -0.119573628975793316E+02    0.835653666255052485E+02   -0.979396350544155858E+01    1
    0.132484680475919014E+01    0.109616686985317097E+04   -0.714739225196012118E+01    0.837723255454125706E+02   -0.979646350544157585E+01    1
    0.132041526426224065E+01    0.155031567799593927E+04   -0.101198677178215277E+02    0.840206251318373347E+02   -0.979896350544157357E+01    1
    0.133270223382643560E+01    0.707269600030437459E+03   -0.141464721282364359E+01    0.850496012359021165E+02   -0.980146350544157485E+01    1
    0.133397037847314137E+01    0.658552524716629478E+03   -0.114901426416037324E+02    0.856447815464447331E+02   -0.980396350544159745E+01    1
    0.132081475547935256E+01    0.153180839945725688E+04   -0.983008041455803649E+01    0.856461734211643488E+02   -0.980646350544159340E+01    1
    0.133261379942046942E+01    0.758379097233009588E+03   -0.996484281680496053E+01    0.861974124457620974E+02   -0.980896350544156981E+01    1
    0.133261388244505552E+01    0.761904562443548912E+03   -0.102301013618048522E+02    0.865128364521571598E+02   -0.981146350544158352E+01    1
    0.132089390317176680E+01    0.153729309918354056E+04   -0.928501010822273187E+01    0.865275847424201743E+02   -0.981396350544157947E+01    1
    0.132501336992726526E+01    0.141369420561567154E+04   -0.991887819675192262E+01    0.867467721633910855E+02   -0.981646350544155055E+01    1
    0.133337548875252754E+01    0.710800770027672797E+03   -0.112040591741554536E+02    0.877918975406089430E+02   -0.981896350544156427E+01    1
    0.133599261699463057E+01    0.841005211429652263E+03   -0.871645315615411675E+01    0.878420482542770173E+02   -0.982146350544156910E+01    1
    0.129995454813195921E+01    0.159559738816210074E+04   -0.369874265704441108E+01    0.881466276703725953E+02   -0.982396350544158103E+01    1
    0.132351139934334316E+01    0.147661009996198322E+04   -0.856864035103572164E+01    0.883979825862800794E+02   -0.982646350544159297E+01    1
    0.132577937864949558E+01    0.138245864354303990E+04   -0.825218564675126487E+01    0.885195548218497947E+02   -0.982896350544156405E+01    1
    0.131441308027428572E+01    0.841094258090234916E+03   -0.113328672064844227E+01    0.885646286784929657E+02   -0.983146350544155823E+01    1
    0.133241675670146931E+01    0.104895489215850830E+04   -0.114618651866912842E+02    0.891080943714961791E+02   -0.983396350544156661E+01    1
    0.129551714674738183E+01    0.131475106853634816E+04   -0.316474960893367729E+01    0.895031893906468667E+02   -0.983646350544158743E+01    1
    0.132882030390677919E+01    0.122550355680642701E+04   -0.117727443446648579E+02    0.898534760992946531E+02   -0.983896350544158338E+01    1
    0.133202455223216498E+01    0.107018374904130587E+04   -0.844925547308972646E+01    0.899700796601394472E+02   -0.984146350544157755E+01    1
    0.132833969413006847E+01    0.131268026633008185E+04   -0.706219619501163898E+01    0.899950266392696108E+02   -0.984396350544159304E+01    1
    0.132365075032502277E+01    0.129600775836185312E+04   -0.101899922521737913E+02    0.904219402145723734E+02   -0.984646350544158722E+01    1
    0.134011891033050423E+01    0.637355968076635463E+03   -0.103978892424169409E+02    0.906908941636622217E+02   -0.984896350544157961E+01    1
    0.132895466837882981E+01    0.942020010948181152E+03   -0.939322239160537720E+01    0.913367297614093445E+02   -0.985146350544158977E+01    1
    0.133768818640708909E+01    0.882817578315734863E+03   -0.524371021986007690E+01    0.914107815075612393E+02   -0.985396350544160171E+01    1
    0.133275240815539542E+01    0.107121508297085802E+04   -0.711475390026933496E+01    0.915538564285582765E+02   -0.985646350544160654E+01    1
    0.132683874940598479E+01    0.108409818590191935E+04   -0.943182586420759961E+01    0.924338185930558893E+02   -0.985896350544159006E+01    1
    0.133518469018676833E+01    0.600823780285601970E+03   -0.116895498511722487E+02    0.924811301822384735E+02   -0.986146350544157890E+01    1
    0.132474807826749785E+01    0.524878284497394588E+03   -0.229514784768413982E+01    0.927779921317859930E+02   -0.986396350544156952E+01    1
    0.132751705347532356E+01    0.127076504279053529E+04   -0.108319016495276301E+02    0.938635324511899967E+02   -0.986646350544157080E+01    1
    0.133518446157129578E+01    0.851437199176364743E+03   -0.968374950257714140E+01    0.939405296460533350E+02   -0.986896350544159517E+01    1
    0.133514647553997490E+01    0.607669709132268963E+03   -0.101158519487151963E+02    0.939644502897731400E+02   -0.987146350544160534E+01    1
    0.132323185105919827E+01    0.142031810283660889E+04   -0.110864472389221191E+02    0.942017255328999568E+02   -0.987396350544160839E+01    1
    0.133642991275450007E+01    0.515093306574252779E+03   -0.891150251903235002E+01    0.942189680550422963E+02   -0.987646350544159901E+01    1
    0.132838433104149112E+01    0.122769623816825833E+04   -0.107904940730298016E+02    0.947003042300730158E+02   -0.987896350544159318E+01    1
    0.133994265790335065E+01    0.633737646714067068E+03   -0.990518085512119484E+01    0.947573446837144502E+02   -0.988146350544159802E+01    1
    0.133176945087999554E+01    0.106362669502901963E+04   -0.903686501150614419E+01    0.949207326465888741E+02   -0.988396350544157976E+01    1
    0.132284374276399608E+01    0.818256664276123047E+03   -0.471219354867935181E+01    0.950868157707386672E+02   -0.988646350544157215E+01    1
    0.132439108323865762E+01    0.138942439217046740E+04   -0.105292218262371851E+02    0.952937421142160588E+02   -0.988896350544158409E+01    1
    0.133922359683103753E+01    0.664574285630182999E+03   -0.112301308876822912E+02    0.954734042097013571E+02   -0.989146350544158892E+01    1
    0.133056110915630676E+01    0.870517382056364113E+03   -0.882662091728157172E+01    0.955209476370883408E+02   -0.989396350544157777E+01    1
    0.134036776341050956E+01    0.612209286747108195E+03   -0.899990514304201028E+01    0.957696556321496359E+02   -0.989646350544156306E+01    1
    0.134123018904079450E+01    0.571441916622052531E+03   -0.976830350985649432E+01    0.958086606336227078E+02   -0.989896350544157144E+01    1
    0.130943126795275244E+01    0.145796974493902007E+04   -0.537277244003945409E+01    0.959145293833011010E+02   -0.990146350544156384E+01    1
    0.129968809128673501E+01    0.144447312496525183E+04   -0.325357509601081851E+01    0.959393833947917187E+02   -0.990396350544156512E+01    1
    0.133286183976090822E+01    0.535695843151801000E+03   -0.560406061060958383E+01    0.960226170373787795E+02   -0.990646350544157528E+01    1
    0.132355639751010967E+01    0.138249484465508613E+04   -0.900547095262429309E+01    0.961240280545380301E+02   -0.990896350544156945E+01    1
    0.133889182873244872E+01    0.704922627593113702E+03   -0.743243576881969759E+01    0.961522455614147589E+02   -0.991146350544157606E+01    1
    0.133425969904393238E+01    0.933362471945738662E+03   -0.969836792730609609E+01    0.964270235498233887E+02   -0.991396350544158622E+01    1
    0.130932108469447961E+01    0.929505767622523649E+03   -0.292260336760813466E+01    0.964813845132404708E+02   -0.991646350544158039E+01    1
    0.132899920471016020E+01    0.958265678657503372E+03   -0.100006041166098978E+02    0.966098500197999783E+02   -0.991896350544158878E+01    1
    0.134096068405946034E+01    0.580924384247215130E+03   -0.102906390990698142E+02    0.968624538067345497E+02   -0.992146350544157940E+01    1
    0.132827136553970893E+01    0.122093755701529631E+04   -0.101737886468422527E+02    0.972917728737330663E+02   -0.992396350544157890E+01    1
    0.133576284602263318E+01    0.811377603893603123E+03   -0.107853751310266688E+02    0.974708048183104552E+02   -0.992646350544160683E+01    1
    0.134108819136927737E+01    0.573948661118432483E+03   -0.868103199988137497E+01    0.978445881933366195E+02   -0.992896350544158146E+01    1
    0.133403714226756098E+01    0.700928526041037230E+03   -0.832456255032517944E+01    0.982320742596738228E+02   -0.993146350544157386E+01    1
    0.133636412406457894E+01    0.542427491957624625E+03   -0.107246135762735353E+02    0.984642200068243483E+02   -0.993396350544160534E+01    1
    0.132150932984670821E+01    0.147292124078662073E+04   -0.767428578175740483E+01    0.984912599889207740E+02   -0.993646350544158175E+01    1
    0.133720995518108055E+01    0.483638094480980044E+03   -0.110102936697984397E+02    0.986279326402654419E+02   -0.993896350544155815E+01    1
    0.133475111320423756E+01    0.664246904147892451E+03   -0.117318025782458726E+02    0.987792145890228994E+02   -0.994146350544156654E+01    1
    0.134164569045394844E+01    0.544139923550594517E+03   -0.926003539001486686E+01    0.988722568266344979E+02   -0.994396350544155716E+01    1
    0.132728576211322702E+01    0.125425089819725008E+04   -0.977584246096848020E+01    0.990510330065055769E+02   -0.994646350544158331E+01    1
    0.132571481412194281E+01    0.118408458995351430E+04   -0.829474520048250064E+01    0.990558906572156843E+02   -0.994896350544156149E+01    1
    0.134091957287103791E+01    0.576986673870993172E+03   -0.100938133563167405E+02    0.990788990561898117E+02   -0.995146350544157698E+01    1
    0.132340640857167902E+01    0.145943152937608443E+04   -0.770777547585162282E+01    0.992166511435959819E+02   -0.995396350544156050E+01    1
    0.133559905876367568E+01    0.910285617634847426E+03   -0.696226863357229053E+01    0.995930180418902182E+02   -0.995646350544155823E+01    1
    0.130387223017903464E+01    0.132220863264308127E+04   -0.303540367289183166E+01    0.999536847341786938E+02   -0.995896350544156483E+01    1
    0.132339705398509078E+01    0.114810378718170978E+04   -0.669343829508494537E+01    0.100059304178952175E+03   -0.996146350544156256E+01    1
    0.132356645591805999E+01    0.119680902988365551E+04   -0.397659698550080343E+01    0.100520729118421571E+03   -0.996396350544157627E+01    1
    0.133501584801740036E+01    0.826824288469447765E+03   -0.986111170663095216E+01    0.100531378480283365E+03   -0.996646350544158111E+01    1
    0.133401252529416614E+01    0.931234694870290468E+03   -0.110107033953780977E+02    0.100709634542505853E+03   -0.996896350544157528E+01    1
    0.132839651575538409E+01    0.119965931751292237E+04   -0.923541035337093241E+01    0.100748672184845475E+03   -0.997146350544156590E+01    1
    0.132722019903691879E+01    0.110405061448775609E+04   -0.982542146299165253E+01    0.100898137050421667E+03   -0.997396350544158317E+01    1
    0.132567965499616314E+01    0.117225368414531113E+04   -0.787226211498676953E+01    0.100962393511340167E+03   -0.997646350544157734E+01    1
    0.132870298742169402E+01    0.999316235076146995E+03   -0.975071982091688483E+01    0.101134541372848503E+03   -0.997896350544158217E+01    1
    0.133469845269335852E+01    0.926778876061348001E+03   -0.743492423780455880E+01    0.101228463364835363E+03   -0.998146350544154615E+01    1
    0.133017828904549784E+01    0.889021663165871701E+03   -0.812176296619215954E+01    0.101421759047591650E+03   -0.998396350544157229E+01    1
    0.132731313050329525E+01    0.109636568306099161E+04   -0.975038000426318696E+01    0.101645282457622272E+03   -0.998646350544158423E+01    1
    0.133308775937893942E+01    0.755074018365032316E+03   -0.764822625581246740E+01    0.101654870602373649E+03   -0.998896350544158551E+01    1
    0.133028671931413944E+01    0.899007295400093653E+03   -0.109517735148679893E+02    0.101765477764040554E+03   -0.999146350544158146E+01    1
    0.132317286086946839E+01    0.105057484983808399E+04   -0.611126835879591290E+01    0.101992053898264942E+03   -0.999396350544156498E+01    1
    0.129630121031491763E+01    0.143388252235201367E+04   -0.376704254229637137E+01    0.102472935495187755E+03   -0.999646350544157514E+01    1
    0.133514810814323592E+01    0.869759382971846435E+03   -0.814782567403837632E+01    0.102502321411749506E+03   -0.999896350544158885E+01    1
    0.134060469780794600E+01    0.580552300008057045E+03   -0.909717851074008799E+01    0.102748837929152842E+03   -0.100014635054415830E+02    1
    0.133463643742397986E+01    0.704226081243100111E+03   -0.109516564900539386E+02    0.103092112181029279E+03   -0.100039635054415896E+02    1
    0.133472845243015059E+01    0.817622285028336591E+03   -0.109127254692398417E+02    0.103143689150783132E+03   -0.100064635054415891E+02    1
    0.133116191089857017E+01    0.105945403802819055E+04   -0.112687999819680176E+02    0.103311663037479605E+03   -0.100089635054415762E+02    1
    0.133052850263331957E+01    0.894114807469488369E+03   -0.100014095045084055E+02    0.103382470503781292E+03   -0.100114635054415775E+02    1
    0.132653751888719174E+01    0.118040051572469952E+04   -0.111372578148418349E+02    0.103393427551049570E+03   -0.100139635054415805E+02    1
    0.132996149025727894E+01    0.928081539956558572E+03   -0.998754711799570138E+01    0.103566678088316451E+03   -0.100164635054415676E+02    1
    0.134275954329273928E+01    0.479996124673622944E+03   -0.989209181725022724E+01    0.103909860453311751E+03   -0.100189635054415582E+02    1
    0.133390736000469601E+01    0.800320546498237491E+03   -0.948088414154629078E+01    0.103947408443503662E+03   -0.100214635054415613E+02    1
    0.133078728887591424E+01    0.107280209729297485E+04   -0.105179129292919988E+02    0.103990363650700772E+03   -0.100239635054415519E+02    1
    0.132496787315644293E+01    0.156194191001233253E+04   -0.604774436874542154E+01    0.104078788636477611E+03   -0.100264635054415674E+02    1
    0.132183390384082777E+01    0.617975045202394881E+03   -0.136965960737555648E+01    0.104187866047752095E+03   -0.100289635054415669E+02    1
    0.133431725297760373E+01    0.753617768554045824E+03   -0.979582772151371728E+01    0.104501761359254431E+03   -0.100314635054415788E+02    1
    0.133414689646496343E+01    0.790256568621359520E+03   -0.958175525961945240E+01    0.104802631494606942E+03   -0.100339635054415943E+02    1
    0.133599334193071195E+01    0.763012104197400390E+03   -0.118468484116909121E+02    0.104816598714167810E+03   -0.100364635054415903E+02    1
    0.133339191922627598E+01    0.945963992004908391E+03   -0.945615049982111699E+01    0.105185892537983761E+03   -0.100389635054415933E+02    1
    0.133417886975664146E+01    0.907216393465014903E+03   -0.963200762041784486E+01    0.105188116161695007E+03   -0.100414635054415768E+02    1
    0.133717974385674498E+01    0.512450593110188493E+03   -0.901292792393295095E+01    0.105320686775397974E+03   -0.100439635054415621E+02    1
    0.133427156088432541E+01    0.777907498477904824E+03   -0.103854481769975830E+02    0.105364289163096601E+03   -0.100464635054415652E+02    1
    0.132396482140421345E+01    0.130251249713021139E+04   -0.761296274368510595E+01    0.105414826013684888E+03   -0.100489635054415736E+02    1
    0.133544874897518340E+01    0.653169239809267310E+03   -0.114880238864278805E+02    0.105526471778206485E+03   -0.100514635054415749E+02    1
    0.133051486185026202E+01    0.107708526039002118E+04   -0.100020856199860795E+02    0.105904026466532855E+03   -0.100539635054415708E+02    1
    0.132197542177601357E+01    0.149636701096562001E+04   -0.744549639537666330E+01    0.105976296708329187E+03   -0.100564635054415668E+02    1
    0.133017443409760139E+01    0.115907708488479784E+04   -0.725583817113345386E+01    0.105984237129576059E+03   -0.100589635054415929E+02    1
    0.133000447615447226E+01    0.109479935872151509E+04   -0.103609138816895197E+02    0.106178419564319029E+03   -0.100614635054416066E+02    1
    0.133275180846848285E+01    0.860819088653104586E+03   -0.106015473169692580E+02    0.106825502581029070E+03   -0.100639635054415955E+02    1
    0.133001051397199421E+01    0.711081091037492797E+03   -0.583564942644636186E+01    0.106887027817782212E+03   -0.100664635054416021E+02    1
    0.132853462481422735E+01    0.104120922302873873E+04   -0.856796065524322259E+01    0.106898802813955683E+03   -0.100689635054415891E+02    1
    0.132753778617160667E+01    0.116143947014793002E+04   -0.924407153491203104E+01    0.107144725586533411E+03   -0.100714635054415815E+02    1
    0.133494772911460080E+01    0.753286446968497557E+03   -0.119479058684840833E+02    0.107201189969684606E+03   -0.100739635054415739E+02    1
    0.133478072210156351E+01    0.757168392767731348E+03   -0.103733210372901663E+02    0.107253381068483634E+03   -0.100764635054415503E+02    1
    0.132800770914831112E+01    0.109891134675904209E+04   -0.103098037386938230E+02    0.107255741820692663E+03   -0.100789635054415552E+02    1
    0.132916715729053658E+01    0.101485762635297817E+04   -0.103002506974172654E+02    0.107487984032663974E+03   -0.100814635054415920E+02    1
    0.134080523191363676E+01    0.556002451563702607E+03   -0.101120186490965036E+02    0.107499414096874943E+03   -0.100839635054416146E+02    1
    0.134384877831959382E+01    0.432685253663946810E+03   -0.752470355495612875E+01    0.107853554808805427E+03   -0.100864635054415839E+02    1
    0.132492664360904855E+01    0.131698065324226218E+04   -0.777072575979923919E+01    0.107864568510300046E+03   -0.100889635054415923E+02    1
    0.131500866947941741E+01    0.729985935008890237E+03   -0.198874068926970260E+01    0.108171329197314606E+03   -0.100914635054415474E+02    1
    0.130997020729582148E+01    0.138469784987984463E+04   -0.517370873100329565E+01    0.108229971272486125E+03   -0.100939635054415753E+02    1
    0.133908577808043971E+01    0.628675019542305108E+03   -0.869624919944329733E+01    0.108382878132894518E+03   -0.100964635054415943E+02    1
    0.133590978177931041E+01    0.625532948354360997E+03   -0.889004942512768004E+01    0.108400635507497327E+03   -0.100989635054415920E+02    1
    0.132996655304365952E+01    0.961585958057009748E+03   -0.116707171023202587E+02    0.108424679524108171E+03   -0.101014635054416093E+02    1
    0.133660799756148974E+01    0.719883509832804748E+03   -0.982870984942541526E+01    0.108436665434755469E+03   -0.101039635054415999E+02    1
    0.133812362427731735E+01    0.663429207163970545E+03   -0.948859943106816139E+01    0.108474903699993888E+03   -0.101064635054415923E+02    1
    0.133632641220712078E+01    0.577590661591629328E+03   -0.809548138048597465E+01    0.108718397857048728E+03   -0.101089635054415865E+02    1
    0.132765304389595973E+01    0.118734622001647949E+04   -0.824375128746032715E+01    0.108767017130171041E+03   -0.101114635054415878E+02    1
    0.132783329519325499E+01    0.110890376259701520E+04   -0.840764114623592640E+01    0.108823991591001743E+03   -0.101139635054415891E+02    1
    0.132286134214995821E+01    0.974618683719353953E+03   -0.560308349885735169E+01    0.108838252993798505E+03   -0.101164635054415619E+02    1
    0.132680185352861280E+01    0.128300229955893656E+04   -0.753015314783269485E+01    0.108927643800671660E+03   -0.101189635054415721E+02    1
    0.133048297885676514E+01    0.106481368573366376E+04   -0.833753008687295782E+01    0.109586688674512686E+03   -0.101214635054415982E+02    1
    0.132344840138033426E+01    0.130020779948029030E+04   -0.729787770074932851E+01    0.109699290192747753E+03   -0.101239635054416031E+02    1
    0.134064085903719854E+01    0.579860049476889685E+03   -0.745451809631379092E+01    0.110101013421911318E+03   -0.101264635054416079E+02    1
    0.132894375957317457E+01    0.106864596352498938E+04   -0.116789963812633726E+02    0.110214935150956933E+03   -0.101289635054415985E+02    1
    0.132630938151862421E+01    0.116185061444030043E+04   -0.763429114827658939E+01    0.110296561750050387E+03   -0.101314635054415945E+02    1
    0.133693089330342696E+01    0.694037661376039750E+03   -0.915333409957967703E+01    0.110507375713181716E+03   -0.101339635054416046E+02    1
    0.132909837821318977E+01    0.106966822459977311E+04   -0.118798517910661765E+02    0.110535791199211758E+03   -0.101364635054416059E+02    1
    0.132773883709757134E+01    0.115647188096027753E+04   -0.820965009543447444E+01    0.110627795249331484E+03   -0.101389635054415859E+02    1
    0.133655718719819605E+01    0.600630280955348212E+03   -0.104762484064942054E+02    0.110777998758183173E+03   -0.101414635054415658E+02    1
    0.133832428652742719E+01    0.645304609985581465E+03   -0.107892280010233410E+02    0.110857441323646981E+03   -0.101439635054416009E+02    1
    0.133701540416634779E+01    0.689500947841992911E+03   -0.975820830398174266E+01    0.110857823867462457E+03   -0.101464635054415933E+02    1
    0.132755196417214827E+01    0.118509668854238635E+04   -0.798145379030736812E+01    0.111328435483567318E+03   -0.101489635054415803E+02    1
    0.131976187871623796E+01    0.114750222718253963E+04   -0.578542201496694997E+01    0.111374576237737756E+03   -0.101514635054415869E+02    1
    0.132814104556247092E+01    0.101529392338271168E+04   -0.744142721150619657E+01    0.111487336681397437E+03   -0.101539635054415811E+02    1
    0.132297401012750271E+01    0.132961605947388307E+04   -0.723128870764879572E+01    0.111754247327782480E+03   -0.101564635054415824E+02    1
    0.133521895497384024E+01    0.665268165569818620E+03   -0.776909682841189131E+01    0.111820136334644928E+03   -0.101589635054415854E+02    1
    0.133125967708600657E+01    0.100132215956409004E+04   -0.995805829673653342E+01    0.111903297610769755E+03   -0.101614635054415956E+02    1
    0.134131406035991918E+01    0.522753311152694778E+03   -0.826631432790357579E+01    0.112221336549899547E+03   -0.101639635054415987E+02    1
    0.132015359130544851E+01    0.118734621362614030E+04   -0.602770451704020882E+01    0.112224572819505681E+03   -0.101664635054415982E+02    1
    0.133775286023246798E+01    0.511666121362132458E+03   -0.105435508738510730E+02    0.112399989988442542E+03   -0.101689635054415835E+02    1
    0.133612344958559115E+01    0.530568771263798908E+03   -0.693487269083200530E+01    0.112637168386705923E+03   -0.101714635054415705E+02    1
    0.133134727207454451E+01    0.614788017672941919E+03   -0.549511729844321373E+01    0.112803852269350330E+03   -0.101739635054415700E+02    1
    0.132851331306466447E+01    0.114689388079850664E+04   -0.788710318114525588E+01    0.113018662315911456E+03   -0.101764635054415802E+02    1
    0.133861881467840282E+01    0.461925344240215054E+03   -0.988823909048125138E+01    0.113151042924171293E+03   -0.101789635054415779E+02    1
    0.133044618174322049E+01    0.103102718432926258E+04   -0.843885729761299075E+01    0.113403923731970394E+03   -0.101814635054415845E+02    1
    0.133725820850637178E+01    0.653955372425755968E+03   -0.109929899930909283E+02    0.113575678280500256E+03   -0.101839635054415911E+02    1
    0.133143302088752513E+01    0.978609939599850691E+03   -0.101211008563531522E+02    0.113639676217729630E+03   -0.101864635054415729E+02    1
    0.133305872980507090E+01    0.912215848233018050E+03   -0.944181023751416149E+01    0.113845798442262890E+03   -0.101889635054415688E+02    1
    0.133403290334440405E+01    0.805446981748712233E+03   -0.757864999477039536E+01    0.113890249091062685E+03   -0.101914635054415790E+02    1
    0.133672315924815810E+01    0.632431301280481080E+03   -0.896119731144960241E+01    0.114042527174582347E+03   -0.101939635054415820E+02    1
    0.133095711419457396E+01    0.968179486949445163E+03   -0.115526233433473227E+02    0.114329681290525230E+03   -0.101964635054415744E+02    1
    0.133239398375405949E+01    0.932764671140003657E+03   -0.929582953236929477E+01    0.114552921492559335E+03   -0.101989635054415739E+02    1
    0.132861934950592064E+01    0.871531651256706255E+03   -0.646449179560795617E+01    0.114866712009749563E+03   -0.102014635054415752E+02    1
    0.133297161444427115E+01    0.715459597688804593E+03   -0.680052826133900190E+01    0.115158093614722645E+03   -0.102039635054415658E+02    1
    0.132742052854762704E+01    0.952550132378711396E+03   -0.662472072714623117E+01    0.115496977332387644E+03   -0.102064635054415707E+02    1
    0.133919495103985575E+01    0.582934063669174066E+03   -0.971029242600731202E+01    0.115787991904007527E+03   -0.102089635054415755E+02    1
    0.134068262368656388E+01    0.542801577781205083E+03   -0.791146645981824559E+01    0.115796912940218476E+03   -0.102114635054415732E+02    1
    0.132662061918933527E+01    0.111619944662972466E+04   -0.730733092311294907E+01    0.115939191463533064E+03   -0.102139635054415798E+02    1
    0.133900120239882536E+01    0.587882192683133212E+03   -0.113051871481926121E+02    0.116309030475078600E+03   -0.102164635054415864E+02    1
    0.133824686601820231E+01    0.511460583648582428E+03   -0.114761067080332779E+02    0.117292966932839306E+03   -0.102189635054415806E+02    1
    0.133594280814227084E+01    0.788286140760227909E+03   -0.716492209970024962E+01    0.117436392669651696E+03   -0.102214635054415890E+02    1
    0.133841699393526681E+01    0.597681870866623512E+03   -0.916554753446182247E+01    0.117497109719465925E+03   -0.102239635054416027E+02    1
    0.133507906903476092E+01    0.945012849569610353E+03   -0.638224275178761147E+01    0.117670533737700623E+03   -0.102264635054415987E+02    1
    0.133930838083040604E+01    0.438831161122936692E+03   -0.890957735959336716E+01    0.117685959375413347E+03   -0.102289635054415928E+02    1
    0.133590124932350318E+01    0.906198080705515849E+03   -0.466370998838863393E+01    0.118034715585959873E+03   -0.102314635054415994E+02    1
    0.133889725710672547E+01    0.468692840658283103E+03   -0.972429213370710244E+01    0.118782753227917510E+03   -0.102339635054415954E+02    1
    0.133805093836669808E+01    0.558741125448616458E+03   -0.883781105300775494E+01    0.119205687800409862E+03   -0.102364635054415842E+02    1
    0.134040762844907890E+01    0.520021930217000317E+03   -0.111309903975278495E+02    0.119477737957037220E+03   -0.102389635054415962E+02    1
    0.134185781741353116E+01    0.457035914130854394E+03   -0.974087502025119711E+01    0.120104307229996209E+03   -0.102414635054415886E+02    1
    0.133831304283529673E+01    0.520192048480800054E+03   -0.836807409434647198E+01    0.120286160178543184E+03   -0.102439635054415703E+02    1
    0.131095676028358876E+01    0.850197196972256052E+03   -0.144861759104440146E+01    0.120320198919674397E+03   -0.102464635054415751E+02    1
    0.133929248490910324E+01    0.639189338536735931E+03   -0.693443989072607891E+01    0.120781421842603606E+03   -0.102489635054415871E+02    1
    0.132151437958750262E+01    0.108974590287053115E+04   -0.582111440131998492E+01    0.120902079461128665E+03   -0.102514635054415901E+02    1
    0.134149060099705619E+01    0.469816712783255355E+03   -0.100569859780659083E+02    0.121155382352737149E+03   -0.102539635054415914E+02    1
    0.129992980438497630E+01    0.158690412424761985E+04   -0.371652046127114843E+01    0.121160194533425852E+03   -0.102564635054415803E+02    1
    0.134237211540445278E+01    0.483360506384724317E+03   -0.700887315148738210E+01    0.121855536434979626E+03   -0.102589635054415886E+02    1
    0.132858822012333722E+01    0.108042973119194949E+04   -0.743762201059509032E+01    0.122702641640844377E+03   -0.102614635054415828E+02    1
    0.133390632098003037E+01    0.555900915097634993E+03   -0.585441857908072993E+01    0.122866993523378028E+03   -0.102639635054415805E+02    1
    0.134111151472053924E+01    0.585078099807233457E+03   -0.353914493689365273E+01    0.123260892426650628E+03   -0.102664635054415818E+02    1
    0.133878651987701569E+01    0.518245310522225964E+03   -0.823928277584312241E+01    0.123512912608616602E+03   -0.102689635054415902E+02    1
    0.134004485674403995E+01    0.511905172907951226E+03   -0.824043394127002848E+01    0.124261984954429522E+03   -0.102714635054415933E+02    1
    0.131852412655724049E+01    0.140238933546778617E+04   -0.642184601141419975E+01    0.124557925771033183E+03   -0.102739635054415963E+02    1
    0.130114342296944363E+01    0.157459855430744756E+04   -0.472867210225849810E+01    0.124563667696575124E+03   -0.102764635054415852E+02    1
    0.133968874533120430E+01    0.465586310010761451E+03   -0.904941525670097668E+01    0.124647748110232499E+03   -0.102789635054415900E+02    1
    0.132473513314972591E+01    0.153506346543026893E+04   -0.621083535269593678E+01    0.125122797526824911E+03   -0.102814635054415895E+02    1
    0.133668674014829247E+01    0.802131730865358691E+03   -0.654561077618385756E+01    0.125286387096553312E+03   -0.102839635054415783E+02    1
    0.134136150452112113E+01    0.433480319058135933E+03   -0.963809349391122794E+01    0.125356794488245214E+03   -0.102864635054415814E+02    1
    0.133455653734668611E+01    0.902790421418133519E+03   -0.686666693110307769E+01    0.125891360737494267E+03   -0.102889635054416004E+02    1
    0.132493142341409165E+01    0.111451711999952477E+04   -0.662869543847459042E+01    0.126549212061685239E+03   -0.102914635054415999E+02    1
    0.132032284235623676E+01    0.676494962379985054E+03   -0.282702282763801627E+01    0.126842817368665521E+03   -0.102939635054415781E+02    1
    0.132560199269782686E+01    0.808613582535660839E+03   -0.512537911057794648E+01    0.127350084395944407E+03   -0.102964635054415776E+02    1
    0.134035811218634260E+01    0.477156404473708221E+03   -0.822836079198806303E+01    0.127625113685872975E+03   -0.102989635054415878E+02    1
    0.130245094107682746E+01    0.137189824968353287E+04   -0.319250837780084140E+01    0.128080618505773316E+03   -0.103014635054415979E+02    1
    0.131131132235240289E+01    0.868433657307975409E+03   -0.268851033341065815E+01    0.128149578759470785E+03   -0.103039635054416063E+02    1
    0.133758183722898649E+01    0.573576348889387987E+03   -0.155135475676872048E+01    0.128186509906461652E+03   -0.103064635054415970E+02    1
    0.133071845081702911E+01    0.107024276046492719E+04   -0.704645451333694695E+01    0.128372668127263751E+03   -0.103089635054415965E+02    1
    0.130473050422847270E+01    0.146473832118593077E+04   -0.359285589170313813E+01    0.128772481323558054E+03   -0.103114635054416048E+02    1
    0.134067644106871908E+01    0.432958086607607072E+03   -0.799977867437816048E+01    0.128891333937682646E+03   -0.103139635054416061E+02    1
    0.133614778001201029E+01    0.793122386572877758E+03   -0.668782611349848732E+01    0.129558670161434350E+03   -0.103164635054415861E+02    1
    0.132809270669571444E+01    0.779136356874402054E+03   -0.223737988835540236E+01    0.130277366898817888E+03   -0.103189635054415838E+02    1
    0.133536509677704363E+01    0.671603194063113278E+03   -0.268757680910870000E+01    0.130720193298930781E+03   -0.103214635054415798E+02    1
    0.133301733464577854E+01    0.736700577333598403E+03   -0.659699050326627212E+01    0.130723266572981572E+03   -0.103239635054415633E+02    1
    0.133964224625766759E+01    0.495199019399282918E+03   -0.762157493419644716E+01    0.130919673763726848E+03   -0.103264635054415628E+02    1
    0.129748465213008712E+01    0.124575363243835841E+04   -0.259869550761084334E+01    0.131366014260164263E+03   -0.103289635054415765E+02    1
    0.131871477172914187E+01    0.141849978891009846E+04   -0.645579007182074349E+01    0.131887175485221405E+03   -0.103314635054415813E+02    1
    0.132210996505566403E+01    0.158387682852931653E+04   -0.668919642193779662E+01    0.132117337341542509E+03   -0.103339635054415915E+02    1
    0.133825348614580042E+01    0.556593051108087252E+03   -0.723770938209326875E+01    0.132192224184359759E+03   -0.103364635054415874E+02    1
    0.132775614377572149E+01    0.761817188464826586E+03   -0.177855837806749584E+01    0.132378100061364307E+03   -0.103389635054415834E+02    1
    0.133947826862283814E+01    0.632208291170743109E+03   -0.345946605222933634E+01    0.132993020078149755E+03   -0.103414635054416006E+02    1
    0.131907456654689970E+01    0.144703615546996139E+04   -0.658045793391699796E+01    0.133156799053460190E+03   -0.103439635054415824E+02    1
    0.134370108353654505E+01    0.419656212729204526E+03   -0.639662569090785649E+01    0.133312901739641120E+03   -0.103464635054415783E+02    1
    0.132270691190910794E+01    0.158865501399292907E+04   -0.542857999034221983E+01    0.133793152934097805E+03   -0.103489635054416009E+02    1
    0.132219041077896238E+01    0.609416842218778470E+03   -0.148214800256472756E+01    0.133800169582249453E+03   -0.103514635054416058E+02    1
    0.132438642213920632E+01    0.822141022707534148E+03   -0.163438850113183243E+01    0.133884677634549917E+03   -0.103539635054415875E+02    1
    0.133714979002526135E+01    0.738457097915428903E+03   -0.371500020437236422E+01    0.134116427895204993E+03   -0.103564635054415835E+02    1
    0.133359077303189388E+01    0.934374479211812059E+03   -0.678847261022025705E+01    0.134256863123362280E+03   -0.103589635054415830E+02    1
    0.131904228992809980E+01    0.144807763369287068E+04   -0.448144327732123937E+01    0.134426769946691365E+03   -0.103614635054415896E+02    1
    0.134069427198531899E+01    0.435163920244375333E+03   -0.740690386566123316E+01    0.135029141790651522E+03   -0.103639635054416033E+02    1
    0.133680683163793401E+01    0.480556297658829692E+03   -0.618388732500737159E+01    0.135929532859292635E+03   -0.103664635054415868E+02    1
    0.133522801148360037E+01    0.699968345470519125E+03   -0.682669227378840748E+01    0.136261160337882416E+03   -0.103689635054415756E+02    1
    0.132388118954468359E+01    0.620461469804796820E+03   -0.309744537839437051E+01    0.136596457005841955E+03   -0.103714635054415858E+02    1
    0.132573942871578909E+01    0.146017530762683418E+04   -0.619947364004172918E+01    0.136739804838868622E+03   -0.103739635054416031E+02    1
    0.133864930327398746E+01    0.566391518765136652E+03   -0.699393420960694367E+01    0.137109697699255833E+03   -0.103764635054415884E+02    1
    0.134251062358064677E+01    0.525336443718479472E+03   -0.563211530826784301E+01    0.137745165987317648E+03   -0.103789635054415808E+02    1
    0.131293050094976271E+01    0.118423460489267336E+04   -0.473823991409394019E+01    0.138475643575935180E+03   -0.103814635054415945E+02    1
    0.133957025107352790E+01    0.461475862733537895E+03   -0.699720182982763284E+01    0.138580533115256856E+03   -0.103839635054415815E+02    1
    0.129935820819379311E+01    0.125934924012323586E+04   -0.328252445747913768E+01    0.138681995267231116E+03   -0.103864635054415828E+02    1
    0.133493550695560037E+01    0.686329171166154197E+03   -0.669056212491083890E+01    0.138694313236059998E+03   -0.103889635054416019E+02    1
    0.129993193217242164E+01    0.111275372517448227E+04   -0.237680391001086555E+01    0.139733119790553530E+03   -0.103914635054415943E+02    1
    0.133336355900516645E+01    0.439355323048021603E+03   -0.420672722775572439E+01    0.139827682536706106E+03   -0.103939635054415920E+02    1
    0.131992316349066008E+01    0.114653457223784039E+04   -0.568264989671206777E+01    0.139889389835370139E+03   -0.103964635054415826E+02    1
    0.132314922936591062E+01    0.111381498776728313E+04   -0.612148395229763587E+01    0.141394009572110008E+03   -0.103989635054415750E+02    1
    0.130075158503257016E+01    0.107128643067748681E+04   -0.202561922763444180E+01    0.141646145537008977E+03   -0.104014635054415887E+02    1
    0.133039388817562254E+01    0.887266894568778184E+03   -0.670660144724884510E+01    0.141729226618949042E+03   -0.104039635054415900E+02    1
    0.133379616567015669E+01    0.767621166625575370E+03   -0.320270384045632639E+01    0.141863078538541401E+03   -0.104064635054415859E+02    1
    0.132312230299115163E+01    0.141506640911102295E+04   -0.681835269927978516E+01    0.142087828966911275E+03   -0.104089635054415872E+02    1
    0.133928206908411851E+01    0.612480646879712140E+03   -0.643463618443327334E+01    0.142183349385727638E+03   -0.104114635054416009E+02    1
    0.133002855246679652E+01    0.956893615169611394E+03   -0.685805531548532787E+01    0.142499742312389571E+03   -0.104139635054416111E+02    1
    0.133299524414752724E+01    0.755605277890218190E+03   -0.297253648747295784E+01    0.143459494636745319E+03   -0.104164635054415999E+02    1
    0.130700101908391098E+01    0.131633606742748134E+04   -0.326183420303447136E+01    0.144240561350703899E+03   -0.104189635054415959E+02    1
    0.134320606938374132E+01    0.400017616379791207E+03   -0.645569268333939572E+01    0.144898948461397254E+03   -0.104214635054416043E+02    1
    0.133431862353638686E+01    0.671635255441871664E+03   -0.126832262679061358E+01    0.145821702411236572E+03   -0.104239635054415931E+02    1
    0.133894907501452454E+01    0.528152071989590240E+03   -0.156101169428212394E+01    0.147657358874478916E+03   -0.104264635054415766E+02    1
    0.133238866624222041E+01    0.965139446325646418E+03   -0.666323235813704695E+01    0.147869573193182987E+03   -0.104289635054415690E+02    1
    0.130040809085533327E+01    0.111070941524472846E+04   -0.241735483300960574E+01    0.148098741434287888E+03   -0.104314635054415774E+02    1
    0.133701706804580667E+01    0.543938018304220918E+03   -0.633996878156826771E+01    0.148772870456939529E+03   -0.104339635054415965E+02    1
    0.132205814809227373E+01    0.865580790215288744E+03   -0.211340093885381108E+01    0.149362009102428203E+03   -0.104364635054415906E+02    1
    0.129924279164858802E+01    0.153403693065709467E+04   -0.435569300551167693E+01    0.149372733988794721E+03   -0.104389635054415759E+02    1
    0.131544326601262140E+01    0.737170214475101034E+03   -0.187576152523470796E+01    0.149479253435295277E+03   -0.104414635054415879E+02    1
    0.129957328966334273E+01    0.131782714250537356E+04   -0.294828801967219611E+01    0.150900240325108200E+03   -0.104439635054416051E+02    1
    0.130955723442079952E+01    0.140066550048937870E+04   -0.369495757643045408E+01    0.151260661252685509E+03   -0.104464635054416011E+02    1
    0.130247807845260755E+01    0.105009851720813572E+04   -0.236013027145271259E+01    0.151393503133184424E+03   -0.104489635054416006E+02    1
    0.129630832346677760E+01    0.143279302120208740E+04   -0.360530894994735718E+01    0.152138289195495531E+03   -0.104514635054416072E+02    1
    0.133178733377146719E+01    0.850260988836525030E+03   -0.640485091169901111E+01    0.152256471673007411E+03   -0.104539635054415960E+02    1
    0.131408602285222753E+01    0.964154658217883139E+03   -0.375561148147405177E+01    0.152322648067204739E+03   -0.104564635054415991E+02    1
    0.132490039395952497E+01    0.611994023690868289E+03   -0.319111060856657325E+01    0.152471950602992877E+03   -0.104589635054416004E+02    1
    0.133569224713420454E+01    0.708789177321545480E+03   -0.646534700585073807E+01    0.152609179433913880E+03   -0.104614635054415963E+02    1
    0.133344534129891468E+01    0.759010016045088605E+03   -0.635720942355245811E+01    0.153231217422998725E+03   -0.104639635054415887E+02    1
    0.133125501537919733E+01    0.101727531940098413E+04   -0.660541120379175872E+01    0.153238942320541469E+03   -0.104664635054415669E+02    1
    0.131375922028604286E+01    0.781083225920106997E+03   -0.212336180732955349E+01    0.153333003777635668E+03   -0.104689635054415788E+02    1
    0.132187255369230194E+01    0.624997779427778596E+03   -0.241775477574770470E+01    0.153370035987976678E+03   -0.104714635054415890E+02    1
    0.132014324017386797E+01    0.155357559105711744E+04   -0.665298955951676874E+01    0.153703126880678553E+03   -0.104739635054415707E+02    1
    0.130961206822003562E+01    0.129734358762218653E+04   -0.471477563268202182E+01    0.153979095076969770E+03   -0.104764635054415880E+02    1
    0.134264975905697459E+01    0.401480985519458102E+03   -0.628463965165731597E+01    0.154078563917515680E+03   -0.104789635054416106E+02    1
    0.132157755663545617E+01    0.136785174921967041E+04   -0.655105800251566972E+01    0.154762047605563055E+03   -0.104814635054415977E+02    1
    0.134273648607936336E+01    0.436197792442178070E+03   -0.591059621924667056E+01    0.155728002694925124E+03   -0.104839635054415812E+02    1
    0.132441887695743499E+01    0.900743296451047286E+03   -0.273655505481695371E+01    0.157223909046389906E+03   -0.104864635054415789E+02    1
    0.134180168886856088E+01    0.464395923484901516E+03   -0.603503605874666071E+01    0.157416308357770617E+03   -0.104889635054415802E+02    1
    0.133742165509800781E+01    0.814816582620582039E+03   -0.523127751889272297E+01    0.157441734133387001E+03   -0.104914635054415726E+02    1
    0.133182429812355974E+01    0.758407313775660214E+03   -0.602460797626290212E+01    0.157756245241927331E+03   -0.104939635054415792E+02    1
    0.131114648509868270E+01    0.127826866530164216E+04   -0.482805224087306684E+01    0.158129620968914594E+03   -0.104964635054415751E+02    1
    0.132985476413433545E+01    0.686565068757765175E+03   -0.517026459098766011E+01    0.158994519444669379E+03   -0.104989635054415622E+02    1
    0.131919299613611329E+01    0.147717931237611901E+04   -0.647152451643762383E+01    0.159105749277751954E+03   -0.105014635054415884E+02    1
    0.133283670217672778E+01    0.910956673944415570E+03   -0.651714465588199676E+01    0.159211433720867035E+03   -0.105039635054415896E+02    1
    0.132725433524256498E+01    0.133607799566123731E+04   -0.614690023280726550E+01    0.159230382657804739E+03   -0.105064635054415731E+02    1
    0.132331529949854643E+01    0.125820730679038684E+04   -0.648245858664402519E+01    0.159313381512331318E+03   -0.105089635054415851E+02    1
    0.132032369786489889E+01    0.149575692090699954E+04   -0.658433243802319801E+01    0.159424606643313098E+03   -0.105114635054415828E+02    1
    0.130319982293393632E+01    0.101785918981077032E+04   -0.202622389981901208E+01    0.159485746938684201E+03   -0.105139635054415876E+02    1
    0.132452760030523864E+01    0.150423120456428251E+04   -0.603924762640575441E+01    0.159768019216670041E+03   -0.105164635054415907E+02    1
    0.132440110857488569E+01    0.791112078701347173E+03   -0.456397111298611780E+01    0.159775707516450723E+03   -0.105189635054415813E+02    1
    0.132451252794243812E+01    0.144422158664448807E+04   -0.638412869315449605E+01    0.159817536694512000E+03   -0.105214635054415719E+02    1
    0.133184770104706018E+01    0.785920630625088165E+03   -0.611458232031189741E+01    0.160040019646592270E+03   -0.105239635054415785E+02    1
    0.133546975000044688E+01    0.810653707176489661E+03   -0.396668856623469068E+01    0.160089772897482874E+03   -0.105264635054416029E+02    1
    0.129774474882596902E+01    0.133468748008860121E+04   -0.331095724330157992E+01    0.160672016224210381E+03   -0.105289635054416095E+02    1
    0.129965153537801648E+01    0.120454977000901727E+04   -0.257845072389128660E+01    0.161202932276275305E+03   -0.105314635054415895E+02    1
    0.134282533092242207E+01    0.489267580042427198E+03   -0.500200458066556308E+01    0.161374569273502573E+03   -0.105339635054415872E+02    1
    0.131759284203343596E+01    0.743815670394117888E+03   -0.266883164209895440E+01    0.161749777466693388E+03   -0.105364635054416063E+02    1
    0.134015565698886263E+01    0.599947563093175972E+03   -0.367533072446020270E+01    0.162050228770234924E+03   -0.105389635054416075E+02    1
    0.132590818544272349E+01    0.139534120619305781E+04   -0.530174665977311577E+01    0.163392109950363363E+03   -0.105414635054416106E+02    1
    0.133989563979547199E+01    0.569248402064177640E+03   -0.588351758840955075E+01    0.164513668201795610E+03   -0.105439635054415923E+02    1
    0.134132681698209599E+01    0.506594862745558430E+03   -0.307119750708318051E+01    0.164521412765193190E+03   -0.105464635054415883E+02    1
    0.131716365780010403E+01    0.123439672053958930E+04   -0.547575337082878111E+01    0.164666174395706889E+03   -0.105489635054415913E+02    1
    0.132451950663400164E+01    0.110875755602457184E+04   -0.617864589448433321E+01    0.164920500182592320E+03   -0.105514635054415944E+02    1
    0.132500303723782764E+01    0.677347036733608547E+03   -0.380393461301725644E+01    0.165840870526948095E+03   -0.105539635054416134E+02    1
    0.132837790739706385E+01    0.123381165434213267E+04   -0.625744479240340024E+01    0.165882495612856246E+03   -0.105564635054415987E+02    1
    0.134066376364702822E+01    0.428405605219059510E+03   -0.604335645936422061E+01    0.167025163782811489E+03   -0.105589635054416018E+02    1
    0.133071794929429688E+01    0.464934564441357111E+03   -0.314098847539999859E+01    0.167079159315623656E+03   -0.105614635054416048E+02    1
    0.132137665732168208E+01    0.136796861584418320E+04   -0.642959974145025637E+01    0.167184182152841345E+03   -0.105639635054415955E+02    1
    0.131470713891398194E+01    0.142284262119289679E+04   -0.574671048326195599E+01    0.167362593982577437E+03   -0.105664635054416021E+02    1
    0.132843339162468910E+01    0.104516024589538574E+04   -0.647625821828842163E+01    0.167409813540530592E+03   -0.105689635054415980E+02    1
    0.133352432602063087E+01    0.497310795927603920E+03   -0.460734825557620020E+01    0.167548247489613573E+03   -0.105714635054415993E+02    1
    0.131437162727435064E+01    0.112712951497619133E+04   -0.461964522876982553E+01    0.168370767411691247E+03   -0.105739635054416077E+02    1
    0.132073674129289076E+01    0.894974042826120126E+03   -0.445742025868472780E+01    0.169302587448747886E+03   -0.105764635054416107E+02    1
    0.132729526865627179E+01    0.792073080707146801E+03   -0.237191767469578707E+01    0.170365408533762547E+03   -0.105789635054416209E+02    1
    0.133532188760242709E+01    0.796847972008630677E+03   -0.605079425523851722E+01    0.170914557172915750E+03   -0.105814635054416080E+02    1
    0.132341918707155592E+01    0.118758641963016089E+04   -0.622635616233009426E+01    0.171127994445362333E+03   -0.105839635054415790E+02    1
    0.133732920674822808E+01    0.669396720856931324E+03   -0.340243737698316551E+01    0.172569945988131451E+03   -0.105864635054415768E+02    1
    0.130068678670271698E+01    0.125259937324081648E+04   -0.280838685309882763E+01    0.172875873158318029E+03   -0.105889635054415869E+02    1
    0.133015937277713658E+01    0.431950283391698008E+03   -0.190139643928230662E+01    0.173044874419552514E+03   -0.105914635054415722E+02    1
    0.133437086780796754E+01    0.792166186517360643E+03   -0.362956848318822267E+01    0.173999081997477106E+03   -0.105939635054415842E+02    1
    0.133945055005242630E+01    0.506728059863720205E+03   -0.144023547613138980E+01    0.174118707547864688E+03   -0.105964635054415979E+02    1
    0.132146166011721178E+01    0.133788068664525508E+04   -0.632763080429601921E+01    0.174160428701406715E+03   -0.105989635054415849E+02    1
    0.132501165710006075E+01    0.608364539259956814E+03   -0.304789527129450910E+01    0.174168185402445260E+03   -0.106014635054415880E+02    1
    0.133268167739299592E+01    0.416494165171103248E+03   -0.315929698594700348E+01    0.174350988405404564E+03   -0.106039635054415911E+02    1
    0.133066530530737737E+01    0.100560144416490198E+04   -0.635917178900383728E+01    0.174437798995686421E+03   -0.106064635054415941E+02    1
    0.133980418244561461E+01    0.577996734153878720E+03   -0.562643701835569576E+01    0.174514468095282666E+03   -0.106089635054415883E+02    1
    0.133056010681792980E+01    0.463115323356212230E+03   -0.297114585295951095E+01    0.174579995185587165E+03   -0.106114635054415949E+02    1
    0.130534630308854438E+01    0.106835314305057750E+04   -0.201112334037536478E+01    0.174844553705797694E+03   -0.106139635054415997E+02    1
    0.133447750049673020E+01    0.430694638372372765E+03   -0.408899157033366834E+01    0.175622160336911577E+03   -0.106164635054416081E+02    1
    0.133449125291605020E+01    0.602265789343831216E+03   -0.557762784741289597E+01    0.176223830843804024E+03   -0.106189635054416005E+02    1
    0.130788233438134816E+01    0.138484697738401724E+04   -0.358354397102796796E+01    0.177108128216556509E+03   -0.106214635054415947E+02    1
    0.131668187633501077E+01    0.958560480241336222E+03   -0.229208420897228571E+01    0.177736008550137228E+03   -0.106239635054416013E+02    1
    0.133710752859348658E+01    0.560438764683409090E+03   -0.580676548123266478E+01    0.178090521701891817E+03   -0.106264635054415777E+02    1
    0.132304834326512233E+01    0.156383734905371261E+04   -0.590735530254241326E+01    0.178397911683075733E+03   -0.106289635054415665E+02    1
    0.133677817441662428E+01    0.729235791951670535E+03   -0.580220726676748821E+01    0.179006892611954981E+03   -0.106314635054415714E+02    1
    0.131776565297221060E+01    0.158201306067021005E+04   -0.638064229658282578E+01    0.179317478634223846E+03   -0.106339635054415975E+02    1
    0.130357536138878571E+01    0.133661534181495381E+04   -0.322777653321178803E+01    0.179375003554688874E+03   -0.106364635054415899E+02    1
    0.132399328468430100E+01    0.138504352812044363E+04   -0.638301934852980413E+01    0.180102874997402466E+03   -0.106389635054415930E+02    1
    0.132376842670842376E+01    0.145278865850889315E+04   -0.517710136143958799E+01    0.181162130983755276E+03   -0.106414635054416085E+02    1
    0.133815267316341013E+01    0.592743967326658094E+03   -0.297254973895958230E+01    0.181328429285339894E+03   -0.106439635054415778E+02    1
    0.131829347898594218E+01    0.699715204737593695E+03   -0.213648566178836319E+01    0.182160704753197365E+03   -0.106464635054415684E+02    1
    0.132547131587579803E+01    0.832423714802223003E+03   -0.492008605726355874E+01    0.182300175185157002E+03   -0.106489635054415697E+02    1
    0.132862398308408292E+01    0.125894203660091716E+04   -0.565892372258136866E+01    0.182424442885702661E+03   -0.106514635054415798E+02    1
    0.132314983931315644E+01    0.129839751986430792E+04   -0.633860867586390686E+01    0.182499519468609151E+03   -0.106539635054415758E+02    1
    0.133681870716039808E+01    0.636608775299485956E+03   -0.585262347198649646E+01    0.182659752553112014E+03   -0.106564635054415682E+02    1
    0.130908384552660739E+01    0.100535869107118606E+04   -0.312789946026766685E+01    0.183071110668259053E+03   -0.106589635054415695E+02    1
    0.132422937234134341E+01    0.148967719335742231E+04   -0.559836775405963838E+01    0.183474825459112765E+03   -0.106614635054415814E+02    1
    0.132523959702885397E+01    0.121808240730888247E+04   -0.634948138292552233E+01    0.183823742610566853E+03   -0.106639635054415916E+02    1
    0.133128901376702879E+01    0.512788283600073214E+03   -0.380749967562789848E+01    0.184068213808916084E+03   -0.106664635054416035E+02    1
    0.133250263462724328E+01    0.104346979136719847E+04   -0.532245927294751286E+01    0.184314498762101437E+03   -0.106689635054416012E+02    1
    0.133860374431688878E+01    0.641939069090854218E+03   -0.550862022029073728E+01    0.184355710060590013E+03   -0.106714635054416060E+02    1
    0.131977107350476763E+01    0.135701219609229429E+04   -0.612511072110776666E+01    0.184399139580818485E+03   -0.106739635054416162E+02    1
    0.131559300822825609E+01    0.125669753199692150E+04   -0.527104645935540184E+01    0.184707176979944165E+03   -0.106764635054415784E+02    1
    0.131723501873035320E+01    0.150593113228874722E+04   -0.618103079738871664E+01    0.184858045262937196E+03   -0.106789635054415992E+02    1
    0.130252188540301961E+01    0.127951479955522677E+04   -0.299886428961986340E+01    0.185370450860273252E+03   -0.106814635054415739E+02    1
    0.131752812100197247E+01    0.920669383850307554E+03   -0.147321233357450154E+01    0.186149072648282697E+03   -0.106839635054415858E+02    1
    0.132604361659478442E+01    0.135592556729327134E+04   -0.606137685071179977E+01    0.186882924955902297E+03   -0.106864635054415782E+02    1
    0.130809446278777886E+01    0.145166553187782324E+04   -0.498526047956960383E+01    0.187490437952495427E+03   -0.106889635054415617E+02    1
    0.130768297216498230E+01    0.106388423469797954E+04   -0.324600052402638894E+01    0.187537340763261454E+03   -0.106914635054415932E+02    1
    0.131079872506163908E+01    0.855616446315529629E+03   -0.189692139727019082E+01    0.187755818985094834E+03   -0.106939635054415962E+02    1
    0.131773221693703269E+01    0.873498571526737010E+03   -0.367452305087447861E+01    0.187956276887859019E+03   -0.106964635054415762E+02    1
    0.132318244317727096E+01    0.842619822615129237E+03   -0.138895866111566768E+01    0.188091717853616615E+03   -0.106989635054415917E+02    1
    0.132349423335028948E+01    0.686172459094400210E+03   -0.338137036712074490E+01    0.188624065823935666E+03   -0.107014635054415841E+02    1
    0.131984451342250986E+01    0.157152681854728257E+04   -0.636298660985337694E+01    0.188702521122342375E+03   -0.107039635054415889E+02    1
    0.131421167382822146E+01    0.811663115210421211E+03   -0.148801071023731524E+01    0.188921109024179316E+03   -0.107064635054415973E+02    1
    0.132287246258658509E+01    0.137897053043327151E+04   -0.633447766699204351E+01    0.189806361594998009E+03   -0.107089635054416092E+02    1
    0.134060400709486127E+01    0.522455343565810836E+03   -0.325217079308515800E+01    0.190002988084787205E+03   -0.107114635054416194E+02    1
    0.133215856190021276E+01    0.515399979567713672E+03   -0.407182504859088912E+01    0.191260717236050482E+03   -0.107139635054415958E+02    1
    0.131052038867148690E+01    0.972233714115285579E+03   -0.123414422753345399E+01    0.191349721024470455E+03   -0.107164635054415704E+02    1
    0.130428574919711449E+01    0.103106354364398817E+04   -0.214089766159962025E+01    0.191378866425251658E+03   -0.107189635054415895E+02    1
    0.132026508631486994E+01    0.936160805760894164E+03   -0.452733184592004445E+01    0.191397586039765258E+03   -0.107214635054416103E+02    1
    0.133414037027613763E+01    0.408811066699052219E+03   -0.342282367029803680E+01    0.191577215248004279E+03   -0.107239635054415992E+02    1
    0.133518797741690021E+01    0.779940886975301964E+03   -0.384765487980083876E+01    0.191709763151799450E+03   -0.107264635054415916E+02    1
    0.133045695779132300E+01    0.520810656961313498E+03   -0.354592660319405617E+01    0.192080545099665585E+03   -0.107289635054415982E+02    1
    0.131953897788246932E+01    0.876270373195393745E+03   -0.402890939110847679E+01    0.192179057385985004E+03   -0.107314635054416208E+02    1
    0.133282973235995716E+01    0.826907309066535845E+03   -0.590419410251797849E+01    0.193013484525953743E+03   -0.107339635054415954E+02    1
    0.132836581020585109E+01    0.107310979452504898E+04   -0.619306516732018153E+01    0.193035428767308417E+03   -0.107364635054415718E+02    1
    0.132624987985293874E+01    0.109484006715034525E+04   -0.611821586909437709E+01    0.193125497848894270E+03   -0.107389635054415802E+02    1
    0.132428495112061495E+01    0.119325723648071289E+04   -0.615066844224929810E+01    0.195135032107563291E+03   -0.107414635054415672E+02    1
    0.133807564086087138E+01    0.652407958208174705E+03   -0.369019523870098354E+01    0.195466381348555387E+03   -0.107439635054415810E+02    1
    0.133025163590522277E+01    0.105204258333757707E+04   -0.604317842740514166E+01    0.196306707953489536E+03   -0.107464635054415965E+02    1
    0.129698573069844536E+01    0.152718873366767571E+04   -0.392296872239382388E+01    0.196688710025452451E+03   -0.107489635054415729E+02    1
    0.132709138756697698E+01    0.935172017746037227E+03   -0.337761859272023024E+01    0.197016398819574079E+03   -0.107514635054415564E+02    1
    0.133635572207331244E+01    0.595597906414134172E+03   -0.551295884306780870E+01    0.197946392129524554E+03   -0.107539635054415914E+02    1
    0.133973945059759525E+01    0.579574032033789081E+03   -0.504585489580007795E+01    0.198134743681781458E+03   -0.107564635054416158E+02    1
    0.131094111903498467E+01    0.916536349887310735E+03   -0.138254030723903476E+01    0.198192867391680750E+03   -0.107589635054416046E+02    1
    0.133090099214046598E+01    0.498618787128730560E+03   -0.117789481280849451E+01    0.199216537812526497E+03   -0.107614635054416006E+02    1
    0.132112561841772203E+01    0.849187534262464851E+03   -0.156991716627444688E+01    0.199241028507198621E+03   -0.107639635054416143E+02    1
    0.130294784458514457E+01    0.135591984572674005E+04   -0.402198869792746905E+01    0.199541675706123669E+03   -0.107664635054416049E+02    1
    0.131686385460013811E+01    0.138683562071226061E+04   -0.579603530020689295E+01    0.199842764950985327E+03   -0.107689635054415938E+02    1
    0.131276093080266310E+01    0.985440945674670388E+03   -0.216080726605225415E+01    0.200251021802362118E+03   -0.107714635054415986E+02    1
    0.131993518406445887E+01    0.686778169183624414E+03   -0.153935847890625155E+01    0.200342452651101041E+03   -0.107739635054415874E+02    1
    0.133712132955855889E+01    0.488023625020678082E+03   -0.507995319383982213E+01    0.200708801564342934E+03   -0.107764635054415816E+02    1
    0.131145902600175401E+01    0.987414174574385811E+03   -0.147442759437297966E+01    0.201304388269412811E+03   -0.107789635054415971E+02    1
    0.133379937718920871E+01    0.436525311319098250E+03   -0.354569895840424287E+01    0.202254500831875077E+03   -0.107814635054415948E+02    1
    0.133626051954463709E+01    0.755638443752705825E+03   -0.409511275197613767E+01    0.202486406385740281E+03   -0.107839635054415872E+02    1
    0.131243364779521410E+01    0.147602600742464938E+04   -0.551647065211525245E+01    0.202592481137406367E+03   -0.107864635054415796E+02    1
    0.133566476338990570E+01    0.544938131383991617E+03   -0.510956023029247053E+01    0.202668957628552334E+03   -0.107889635054415631E+02    1
    0.133863038577828641E+01    0.521887671342097292E+03   -0.529616147501912771E+01    0.203100965028653206E+03   -0.107914635054415768E+02    1
    0.130770597344976158E+01    0.944290064587154006E+03   -0.204955221603852777E+01    0.203471653922342341E+03   -0.107939635054415746E+02    1
    0.132379868548146695E+01    0.145963357327763765E+04   -0.598966592183016733E+01    0.203731213532873426E+03   -0.107964635054415758E+02    1
    0.132640578130386499E+01    0.603366288730613178E+03   -0.315494716756890803E+01    0.204165380407301996E+03   -0.107989635054416127E+02    1
    0.131213601868083729E+01    0.131825387746995057E+04   -0.497988718277220421E+01    0.204526142283103468E+03   -0.108014635054416317E+02    1
    0.131805542906783790E+01    0.721510908104860050E+03   -0.221091940046201074E+01    0.204949031621606252E+03   -0.108039635054416046E+02    1
    0.134042092244734068E+01    0.485073408160952624E+03   -0.288273818124253189E+01    0.205448729093962640E+03   -0.108064635054416058E+02    1
    0.132716618586463020E+01    0.126765612122087077E+04   -0.590773496153875222E+01    0.205998567750995505E+03   -0.108089635054416302E+02    1
    0.131655707627214436E+01    0.129984954535336374E+04   -0.547086621480877699E+01    0.206084133864283274E+03   -0.108114635054416190E+02    1
    0.133900168119387719E+01    0.630464191884592310E+03   -0.415691764822507359E+01    0.206146724704640576E+03   -0.108139635054416186E+02    1
    0.133775094718729792E+01    0.710308821053914926E+03   -0.472478038381223442E+01    0.206907688878745319E+03   -0.108164635054416021E+02    1
    0.131474236712914649E+01    0.122610060812693700E+04   -0.497115132732497145E+01    0.207236265517448544E+03   -0.108189635054415856E+02    1
    0.133619827551604686E+01    0.473897769429382379E+03   -0.464270796083564186E+01    0.207428605809137252E+03   -0.108214635054416171E+02    1
    0.132932991273184542E+01    0.696785264892742362E+03   -0.170502182779893019E+01    0.208301301964783022E+03   -0.108239635054416308E+02    1
    0.133981425536677135E+01    0.538080122612048172E+03   -0.334149712472274096E+01    0.208571087623476899E+03   -0.108264635054416143E+02    1
    0.131097586376714759E+01    0.917073206524748116E+03   -0.268268901234652901E+01    0.208781710863926605E+03   -0.108289635054415960E+02    1
    0.131149500609133129E+01    0.968879012740023654E+03   -0.169919724990846888E+01    0.209002404893746473E+03   -0.108314635054415973E+02    1
    0.130912670171171230E+01    0.972776457638574243E+03   -0.146438090750011796E+01    0.209207655931913393E+03   -0.108339635054416092E+02    1
    0.131398005466289591E+01    0.137923910451708275E+04   -0.399501788541681968E+01    0.209418234087925612E+03   -0.108364635054415981E+02    1
    0.133495500095910469E+01    0.825637381925815021E+03   -0.544093597582303889E+01    0.209729062341209215E+03   -0.108389635054415692E+02    1
    0.131843582957701821E+01    0.885469290266909638E+03   -0.197952125363952192E+01    0.209808795604602949E+03   -0.108414635054415882E+02    1
    0.134043348623827363E+01    0.523038015829798496E+03   -0.355714431612669912E+01    0.210218964567233968E+03   -0.108439635054416161E+02    1
    0.130370698179968292E+01    0.111561794312693769E+04   -0.271475817271778652E+01    0.210727242194563416E+03   -0.108464635054416085E+02    1
    0.132907828137585748E+01    0.743493535095125708E+03   -0.492475260322420372E+01    0.210881530337956406E+03   -0.108489635054415974E+02    1
    0.133224584028452364E+01    0.544174866017049794E+03   -0.415862347536184807E+01    0.210893745251682617E+03   -0.108514635054415898E+02    1
    0.133317432031971927E+01    0.952812011284160121E+03   -0.535249916273763926E+01    0.211160211290057191E+03   -0.108539635054415893E+02    1
    0.133365201394354926E+01    0.462036134839771933E+03   -0.368825064946600101E+01    0.211261292100554840E+03   -0.108564635054415977E+02    1
    0.132822876200655382E+01    0.568954066409993857E+03   -0.323992598037869683E+01    0.211332680375529037E+03   -0.108589635054416007E+02    1
    0.133479979525865433E+01    0.800415958885545024E+03   -0.404476179922513523E+01    0.211356133958053874E+03   -0.108614635054415896E+02    1
    0.132246772367317011E+01    0.127673369477669598E+04   -0.604806346618432933E+01    0.211414997233348345E+03   -0.108639635054415891E+02    1
    0.131491288786980487E+01    0.800823305357925847E+03   -0.233812209504999835E+01    0.212251762943211872E+03   -0.108664635054415921E+02    1
    0.131942547268535759E+01    0.949707465077905681E+03   -0.436319172514996101E+01    0.212407215338169351E+03   -0.108689635054415881E+02    1
    0.131915675134945398E+01    0.866327590257671773E+03   -0.166236791978863430E+01    0.212960095304820982E+03   -0.108714635054415911E+02    1
    0.133491990980663311E+01    0.533536207778230391E+03   -0.473558358438294924E+01    0.213038018483832047E+03   -0.108739635054415942E+02    1
    0.130760632961736190E+01    0.957753472745758245E+03   -0.200151910212874284E+01    0.213455019567226771E+03   -0.108764635054415848E+02    1
    0.133695058120417909E+01    0.722217116719447858E+03   -0.420109342207000047E+01    0.213566957836453355E+03   -0.108789635054415808E+02    1
    0.131259728732014791E+01    0.964812949328186392E+03   -0.196309712229305156E+01    0.213724261261526124E+03   -0.108814635054415785E+02    1
    0.130680128926267014E+01    0.145501586983370430E+04   -0.479316461106128067E+01    0.213845955890544246E+03   -0.108839635054415798E+02    1
    0.132567118156318697E+01    0.797276394586434890E+03   -0.129846452292661674E+01    0.213911474048784214E+03   -0.108864635054415935E+02    1
    0.133121345300665306E+01    0.100491915980776378E+04   -0.454860528033036005E+01    0.214568986757890514E+03   -0.108889635054416019E+02    1
    0.132428446975070080E+01    0.814871789774150898E+03   -0.225465511522620154E+01    0.214615406739191315E+03   -0.108914635054416049E+02    1
    0.133240536185626235E+01    0.432696554868990688E+03   -0.269303045880815084E+01    0.215649715071664957E+03   -0.108939635054416133E+02    1
    0.131910008179888094E+01    0.866832966432221269E+03   -0.162197545620569272E+01    0.216273561591301302E+03   -0.108964635054416021E+02    1
    0.131368726114029344E+01    0.100085945845604010E+04   -0.119131022865472502E+01    0.217031644250821500E+03   -0.108989635054415928E+02    1
    0.131593393538217973E+01    0.105066360526253584E+04   -0.432663666275470860E+01    0.217078065221784186E+03   -0.109014635054415852E+02    1
    0.133359778095644366E+01    0.688076401165532843E+03   -0.532349676558288909E+01    0.217392523885583557E+03   -0.109039635054415935E+02    1
    0.132119954069153067E+01    0.691480397746056383E+03   -0.140168304953535205E+01    0.217971964066499595E+03   -0.109064635054416090E+02    1
    0.132105989523339895E+01    0.954507133260976843E+03   -0.463760385261211372E+01    0.218211322553506875E+03   -0.109089635054415979E+02    1
    0.131392951296873028E+01    0.111235347131168146E+04   -0.432483060635220440E+01    0.218804956498173084E+03   -0.109114635054415956E+02    1
    0.133855360332431816E+01    0.470801630413055818E+03   -0.481346462923016194E+01    0.219098411641094941E+03   -0.109139635054416093E+02    1
    0.133076920002013122E+01    0.477054064441007711E+03   -0.274315439727090649E+01    0.219272206059913742E+03   -0.109164635054416070E+02    1
    0.132412455037474874E+01    0.944699345217844666E+03   -0.311861151990681762E+01    0.220064244347615926E+03   -0.109189635054416012E+02    1
    0.132379173847150167E+01    0.145573562936973167E+04   -0.551302921917397803E+01    0.220672250171501503E+03   -0.109214635054415847E+02    1
    0.130995045850721548E+01    0.999444608784068123E+03   -0.306624353743222322E+01    0.220833211889167700E+03   -0.109239635054415860E+02    1
    0.133509009589570216E+01    0.483234709381246830E+03   -0.422702135290793812E+01    0.221119810594375139E+03   -0.109264635054415891E+02    1
    0.133545648671914385E+01    0.639384694938282109E+03   -0.523582165935731414E+01    0.221271635569119383E+03   -0.109289635054415832E+02    1
    0.131401279683649630E+01    0.133773197009462365E+04   -0.522747861888487453E+01    0.222060387582578386E+03   -0.109314635054415881E+02    1
    0.130769423831503406E+01    0.104194505015614550E+04   -0.228381967325393909E+01    0.222123835786106838E+03   -0.109339635054416000E+02    1
    0.132879307232490662E+01    0.114496526778814268E+04   -0.575411531367780604E+01    0.222235049387230305E+03   -0.109364635054415924E+02    1
    0.133365330634242785E+01    0.611691232794956704E+03   -0.146933607488671925E+01    0.222683616551077137E+03   -0.109389635054415901E+02    1
    0.133834853272875831E+01    0.578449393546166903E+03   -0.334262800982324038E+01    0.223201585464807266E+03   -0.109414635054415914E+02    1
    0.132017447154528389E+01    0.133041976474082958E+04   -0.588808239351951634E+01    0.224301334858643088E+03   -0.109439635054416016E+02    1
    0.133741419320350885E+01    0.580196919704400557E+03   -0.502918898815909099E+01    0.224457359599693064E+03   -0.109464635054416188E+02    1
    0.132143275043179353E+01    0.121610822540715435E+04   -0.573180512766579575E+01    0.225124437434556285E+03   -0.109489635054416006E+02    1
    0.133181574948175641E+01    0.100908199919842264E+04   -0.526281474724102427E+01    0.225213310246727190E+03   -0.109514635054416019E+02    1
    0.133163220416535322E+01    0.641505700290028358E+03   -0.179224027532837127E+01    0.225522185754075707E+03   -0.109539635054416085E+02    1
    0.133383397991353392E+01    0.469663779095356404E+03   -0.364442090128091678E+01    0.225977859214334302E+03   -0.109564635054416080E+02    1
    0.133675227933761454E+01    0.727307074621872516E+03   -0.450533315352862918E+01    0.226002660900616775E+03   -0.109589635054415968E+02    1
    0.132469275911143658E+01    0.125869709992420712E+04   -0.599846413262126177E+01    0.226115880614094095E+03   -0.109614635054415750E+02    1
    0.130505299970715560E+01    0.129592741867842096E+04   -0.326919859282142689E+01    0.226622583437197108E+03   -0.109639635054415798E+02    1
    0.130537495502388912E+01    0.114391834146311589E+04   -0.319040258294231549E+01    0.226904207910602139E+03   -0.109664635054415864E+02    1
    0.131972961785229814E+01    0.913041136665376371E+03   -0.247215779716773199E+01    0.226965168206116374E+03   -0.109689635054416037E+02    1
    0.132382486608765593E+01    0.113842865149369891E+04   -0.574825063063527342E+01    0.227723527251730786E+03   -0.109714635054416121E+02    1
    0.133889311613456763E+01    0.537062746993445558E+03   -0.103903297385344295E+01    0.227885273231737415E+03   -0.109739635054416098E+02    1
    0.131614695041599661E+01    0.900598426478758256E+03   -0.165258159113216685E+01    0.228262828603760909E+03   -0.109764635054416164E+02    1
    0.133741638780596772E+01    0.529867774424992263E+03   -0.482884792506497007E+01    0.228437131864685824E+03   -0.109789635054416053E+02    1
    0.130869800682437565E+01    0.145559674481703473E+04   -0.496822681270574407E+01    0.229048387210533889E+03   -0.109814635054416012E+02    1
    0.133904615277330663E+01    0.581661044022281317E+03   -0.425395538653656935E+01    0.229125475553522477E+03   -0.109839635054416149E+02    1
    0.131074877084865871E+01    0.927830022997095284E+03   -0.159619126360982477E+01    0.229202461249489176E+03   -0.109864635054416180E+02    1
    0.132381721372296113E+01    0.132887677179847128E+04   -0.599525459694933627E+01    0.229359408762999692E+03   -0.109889635054415997E+02    1
    0.133714121859805934E+01    0.507810347104194250E+03   -0.179994446350855952E+01    0.229556575544467620E+03   -0.109914635054415957E+02    1
    0.132048991851028652E+01    0.886684754738700349E+03   -0.410478114469684385E+01    0.229719267411627811E+03   -0.109939635054415934E+02    1
    0.133827237580551617E+01    0.408115578003645339E+03   -0.412519130773636711E+01    0.229868428525130440E+03   -0.109964635054415876E+02    1
    0.131270626184048655E+01    0.896466448335189966E+03   -0.273847386704092521E+01    0.230033755188872760E+03   -0.109989635054416066E+02    1
    0.131543981864345461E+01    0.862678803454042963E+03   -0.297222053901688454E+01    0.230310088800946204E+03   -0.110014635054415972E+02    1
    0.133888322517250158E+01    0.480363018195155746E+03   -0.135177323263913074E+01    0.230327184223269086E+03   -0.110039635054415790E+02    1
    0.131356976135823844E+01    0.933527677613299602E+03   -0.155998116658317088E+01    0.230505744599498257E+03   -0.110064635054415785E+02    1
    0.131959503296885639E+01    0.850133691510527569E+03   -0.180252723581858021E+01    0.230628223213396353E+03   -0.110089635054415780E+02    1
    0.132199513030549332E+01    0.726772895958933532E+03   -0.315178647130049683E+01    0.230661685829488022E+03   -0.110114635054415793E+02    1
    0.131309621999415138E+01    0.134341712028685379E+04   -0.510422917647644248E+01    0.230702016519042303E+03   -0.110139635054415805E+02    1
    0.133699250158883998E+01    0.551046094849886572E+03   -0.485042405054840842E+01    0.230767243232364137E+03   -0.110164635054415871E+02    1
    0.131323739500453907E+01    0.121601782254018053E+04   -0.465824693482051710E+01    0.230825557783179875E+03   -0.110189635054415902E+02    1
    0.133880843263439231E+01    0.590788889735044222E+03   -0.410243265870265450E+01    0.230840378559954814E+03   -0.110214635054416021E+02    1
    0.132998219305012078E+01    0.477722829807727180E+03   -0.188348758093673752E+01    0.230940035486766959E+03   -0.110239635054416123E+02    1
    0.133192239203623197E+01    0.943798060669242773E+03   -0.551263872065271432E+01    0.230950122408511277E+03   -0.110264635054415923E+02    1
    0.131984183326710336E+01    0.102661954525154761E+04   -0.476421196077168752E+01    0.231036756861926023E+03   -0.110289635054415864E+02    1
    0.131111837753961558E+01    0.922853389229920936E+03   -0.157490928043076650E+01    0.231062556073866944E+03   -0.110314635054415895E+02    1
    0.132417749562325193E+01    0.138736239094172061E+04   -0.519523833883606123E+01    0.231275800254165915E+03   -0.110339635054415819E+02    1
    0.131158650771504237E+01    0.941634924909312645E+03   -0.152437923836080103E+01    0.231425849116455566E+03   -0.110364635054415885E+02    1
    0.130281720503790588E+01    0.125775185558304111E+04   -0.338857591282676118E+01    0.231574660599012759E+03   -0.110389635054416093E+02    1
    0.133211575340174182E+01    0.755136431226575951E+03   -0.526170286400714016E+01    0.232041476515779721E+03   -0.110414635054416088E+02    1
    0.132009845678712878E+01    0.872071545058648212E+03   -0.390959127427402464E+01    0.232102060036452031E+03   -0.110439635054415941E+02    1
    0.133396905350813189E+01    0.812443208248178848E+03   -0.405216870172324484E+01    0.232880899886691310E+03   -0.110464635054415883E+02    1
    0.132704971619896184E+01    0.794165695677966369E+03   -0.468049133212354995E+01    0.233427695216882142E+03   -0.110489635054415984E+02    1
    0.133368141422587883E+01    0.784917107416074259E+03   -0.375428375526714753E+01    0.233474630355643512E+03   -0.110514635054416104E+02    1
    0.132976407836020627E+01    0.107886722027306132E+04   -0.558006030121496632E+01    0.233636913445195660E+03   -0.110539635054415903E+02    1
    0.132118414561175479E+01    0.825565284388822420E+03   -0.190608536076265800E+01    0.233666225764064365E+03   -0.110564635054415881E+02    1
    0.131586402186237872E+01    0.875763219972360844E+03   -0.123402580851849741E+01    0.233666371238292157E+03   -0.110589635054416089E+02    1
    0.132252252689547367E+01    0.128595574308402638E+04   -0.592152881047636548E+01    0.233787717394603135E+03   -0.110614635054416173E+02    1
    0.133555145713445644E+01    0.741165233770779309E+03   -0.507087303273577916E+01    0.234344561061604765E+03   -0.110639635054416168E+02    1
    0.133873708472898501E+01    0.528453394401512014E+03   -0.459718344099176690E+01    0.234571319196496916E+03   -0.110664635054416038E+02    1
    0.133733679923449289E+01    0.451529975104805260E+03   -0.423118006422156245E+01    0.234643893063407148E+03   -0.110689635054416016E+02    1
    0.129926045124364142E+01    0.153289210057957735E+04   -0.410754475864765300E+01    0.234978661055780634E+03   -0.110714635054415957E+02    1
    0.133652095136301119E+01    0.494425013463724895E+03   -0.440114949273593314E+01    0.235552266664906767E+03   -0.110739635054415775E+02    1
    0.132055765539826298E+01    0.910596180683909438E+03   -0.423074681160125721E+01    0.235570387194389241E+03   -0.110764635054415823E+02    1
    0.132853548234806773E+01    0.692089500082017366E+03   -0.428214525658268652E+01    0.236065461018128417E+03   -0.110789635054415925E+02    1
    0.133390491768140507E+01    0.761699250908653767E+03   -0.526533373620662282E+01    0.236318751248190864E+03   -0.110814635054416044E+02    1
    0.133024002442760425E+01    0.523842320060344719E+03   -0.301079072296563233E+01    0.236405146882383178E+03   -0.110839635054415950E+02    1
    0.133744544763216311E+01    0.494740503908522328E+03   -0.171386583205060461E+01    0.236512472218995896E+03   -0.110864635054415857E+02    1
    0.133357764175271498E+01    0.511610436525860905E+03   -0.388830578082677292E+01    0.236523458139091190E+03   -0.110889635054416029E+02    1
    0.133604830747984393E+01    0.639677395009112274E+03   -0.499396393952142326E+01    0.236652845106434938E+03   -0.110914635054416113E+02    1
    0.131275253160406646E+01    0.144752628817126947E+04   -0.416475964745899763E+01    0.236828303968816186E+03   -0.110939635054416108E+02    1
    0.131727713174845462E+01    0.133399030629806612E+04   -0.554068203914126300E+01    0.237106301400592173E+03   -0.110964635054415979E+02    1
    0.132429902129173271E+01    0.138805434703826904E+04   -0.574565899372100830E+01    0.237321124227037330E+03   -0.110989635054415849E+02    1
    0.131173036528142473E+01    0.907075707827569431E+03   -0.162155910502949574E+01    0.237556890489326946E+03   -0.111014635054415791E+02    1
    0.132665888708146751E+01    0.125354725848359999E+04   -0.509114812694999852E+01    0.237758024555332383E+03   -0.111039635054415804E+02    1
    0.132598071797920491E+01    0.128453069193559645E+04   -0.572417710653322409E+01    0.238173658974839782E+03   -0.111064635054415923E+02    1
    0.131266494453382476E+01    0.105015707126159032E+04   -0.375021562538733910E+01    0.238360797657542776E+03   -0.111089635054415883E+02    1
    0.133108271141279921E+01    0.950627758524243745E+03   -0.553232901277368505E+01    0.238846435485590774E+03   -0.111114635054415789E+02    1
    0.131712421728878071E+01    0.925753113022839784E+03   -0.371734328195656616E+01    0.239123328914410735E+03   -0.111139635054415784E+02    1
    0.131345733774711215E+01    0.993419103776267320E+03   -0.352442290515824297E+01    0.239397605783253567E+03   -0.111164635054415903E+02    1
    0.132935277780531336E+01    0.690448500573161368E+03   -0.145947618810716584E+01    0.239402144631447470E+03   -0.111189635054415987E+02    1
    0.132064766966854652E+01    0.879487944990976644E+03   -0.403145824476701442E+01    0.239677082300708946E+03   -0.111214635054415893E+02    1
    0.132627508658123072E+01    0.577658484131089836E+03   -0.157311109442616370E+01    0.239806963371226686E+03   -0.111239635054415906E+02    1
    0.131055276731114745E+01    0.105272223909431045E+04   -0.342470284991273743E+01    0.239816459684737680E+03   -0.111264635054415884E+02    1
    0.132652522507133819E+01    0.734696749247649905E+03   -0.189175526285733397E+01    0.240199213012591457E+03   -0.111289635054415879E+02    1
    0.132264044285126858E+01    0.833185801098601587E+03   -0.229214895669293206E+01    0.240259665711436554E+03   -0.111314635054415927E+02    1
    0.133609532536899467E+01    0.726018624559933642E+03   -0.429210618028480084E+01    0.240659003398418832E+03   -0.111339635054415798E+02    1
    0.130079812283735796E+01    0.145859328858233221E+04   -0.400625307647929230E+01    0.240981875478224964E+03   -0.111364635054415917E+02    1
    0.132330649194783367E+01    0.724095416042063562E+03   -0.333699087537627825E+01    0.241177427337517486E+03   -0.111389635054416001E+02    1
    0.132687874781272530E+01    0.946091321479995941E+03   -0.354670114261278435E+01    0.241342922021696950E+03   -0.111414635054415925E+02    1
    0.132483818926527008E+01    0.110852735989392568E+04   -0.405963829104336860E+01    0.241542156208166006E+03   -0.111439635054415920E+02    1
    0.132269310539290075E+01    0.641328234160147986E+03   -0.202608661964197800E+01    0.241570313220034166E+03   -0.111464635054415862E+02    1
    0.133452779268622379E+01    0.424761724472045898E+03   -0.297177296876907349E+01    0.241805190206761097E+03   -0.111489635054415874E+02    1
    0.131423475103090048E+01    0.944366549220270713E+03   -0.331396623722146089E+01    0.241903059784741487E+03   -0.111514635054415834E+02    1
    0.131014243969709332E+01    0.108526769176463108E+04   -0.355821892106022553E+01    0.241970377905459742E+03   -0.111539635054416042E+02    1
    0.133634769274283949E+01    0.451913039310103670E+03   -0.388792019442226433E+01    0.241993923022304244E+03   -0.111564635054416090E+02    1
    0.132453193172804862E+01    0.114187786022175419E+04   -0.416461958378810948E+01    0.242524923617397121E+03   -0.111589635054415837E+02    1
    0.131563929864954976E+01    0.922015311720705768E+03   -0.214432841135889518E+01    0.242666148974821539E+03   -0.111614635054415867E+02    1
    0.133045785079312617E+01    0.502280279686642189E+03   -0.147229613007374738E+01    0.242723694187282376E+03   -0.111639635054415951E+02    1
    0.131761925516928669E+01    0.140321450447429561E+04   -0.573224731448442171E+01    0.243118840731759065E+03   -0.111664635054415839E+02    1
    0.131183684079638785E+01    0.138486059190319929E+04   -0.392582519045175360E+01    0.243367395577845087E+03   -0.111689635054415888E+02    1
    0.131639559032500952E+01    0.917148082392577862E+03   -0.117698008066376048E+01    0.243563674902972593E+03   -0.111714635054416025E+02    1
    0.131754762009110604E+01    0.917164678858222146E+03   -0.370588786363184042E+01    0.245075957189543232E+03   -0.111739635054416020E+02    1
    0.133312549484447773E+01    0.586677035631007357E+03   -0.436006169569282598E+01    0.245312705100280795E+03   -0.111764635054416068E+02    1
    0.131507467877808049E+01    0.906726295019182658E+03   -0.137960233557053158E+01    0.245557332380090656E+03   -0.111789635054416063E+02    1
    0.131356829232505912E+01    0.138862985473941512E+04   -0.406147152457038096E+01    0.245725296099131810E+03   -0.111814635054415952E+02    1
    0.133514287289111122E+01    0.722133566704344958E+03   -0.381766952282196925E+01    0.246633772809163389E+03   -0.111839635054415911E+02    1
    0.133882688716420906E+01    0.463726041648779017E+03   -0.411936049328258047E+01    0.246719705100089072E+03   -0.111864635054416013E+02    1
    0.132324570657429663E+01    0.662533904305047145E+03   -0.261378662086757885E+01    0.247100715748615471E+03   -0.111889635054415901E+02    1
    0.133012929929235235E+01    0.556656459073913879E+03   -0.329868897766332125E+01    0.247343024358632874E+03   -0.111914635054416021E+02    1
    0.133860290233490242E+01    0.487479511492456766E+03   -0.420879666219065030E+01    0.247355642882504156E+03   -0.111939635054416211E+02    1
    0.133929743050449601E+01    0.434724099583453722E+03   -0.227994935136386445E+01    0.247857967379597710E+03   -0.111964635054416171E+02    1
    0.132086713796100019E+01    0.706852414756929420E+03   -0.252218556507763125E+01    0.248276615141627502E+03   -0.111989635054416166E+02    1
    0.130422414154340038E+01    0.124155691675708886E+04   -0.318546050267245917E+01    0.249077235720661946E+03   -0.112014635054416232E+02    1
    0.133676644657445820E+01    0.591916856074566567E+03   -0.319100743124994146E+01    0.249190101682858710E+03   -0.112039635054416014E+02    1
    0.133088128630072400E+01    0.994220038769410507E+03   -0.467317766775173737E+01    0.249222475022023588E+03   -0.112064635054415795E+02    1
    0.132221877494994322E+01    0.965714835920863834E+03   -0.474502614108534804E+01    0.250218230252568873E+03   -0.112089635054416075E+02    1
    0.131768297962896996E+01    0.891397548786887228E+03   -0.116865076692078595E+01    0.250300299394982744E+03   -0.112114635054416318E+02    1
    0.132765906150637569E+01    0.116827289864138629E+04   -0.556135828393072096E+01    0.250386383746693497E+03   -0.112139635054416207E+02    1
    0.131781853479320188E+01    0.892075606543762092E+03   -0.116640814679671934E+01    0.251130327333254172E+03   -0.112164635054415971E+02    1
    0.133364205187220941E+01    0.847691245049114741E+03   -0.448879635204949246E+01    0.251194801362135763E+03   -0.112189635054415966E+02    1
    0.130735029455654672E+01    0.108097273293575290E+04   -0.294736904344942019E+01    0.251498408376085195E+03   -0.112214635054416139E+02    1
    0.132849283073332414E+01    0.550694538033911499E+03   -0.149489722960210614E+01    0.251730422146776817E+03   -0.112239635054415956E+02    1
    0.133889572852276006E+01    0.426333528910010614E+03   -0.377379086581828638E+01    0.251824548166431271E+03   -0.112264635054415969E+02    1
    0.132215991603954830E+01    0.141691214972323769E+04   -0.586204936550524369E+01    0.251912395225855420E+03   -0.112289635054415964E+02    1
    0.132835319296577081E+01    0.110689837058678040E+04   -0.471308863516695276E+01    0.251926276024995559E+03   -0.112314635054415888E+02    1
    0.130305748380102293E+01    0.130053187182061515E+04   -0.351308743051238004E+01    0.252138210653309159E+03   -0.112339635054416149E+02    1
    0.133221787742056885E+01    0.631970509522855309E+03   -0.442578675486303563E+01    0.252368706431006729E+03   -0.112364635054416055E+02    1
    0.131900615006147870E+01    0.131674887195357041E+04   -0.561208169824950609E+01    0.252457884887462228E+03   -0.112389635054416051E+02    1
    0.133270333006491226E+01    0.649950376687344601E+03   -0.259208647015071847E+01    0.252635855821382307E+03   -0.112414635054416081E+02    1
    0.133367763222606084E+01    0.431664665656847717E+03   -0.159907801317703679E+01    0.252756304550504126E+03   -0.112439635054416005E+02    1
    0.132234897884349079E+01    0.658540268126165529E+03   -0.212703619366576646E+01    0.252950332126366277E+03   -0.112464635054416195E+02    1
    0.132575117648645846E+01    0.906296693845509935E+03   -0.498408300427376183E+01    0.253065525135907222E+03   -0.112489635054416279E+02    1
    0.131616846160277090E+01    0.878258488611076586E+03   -0.150773092759231808E+01    0.253361619888599932E+03   -0.112514635054416114E+02    1
    0.131680873898943318E+01    0.997331208364035433E+03   -0.404177002358745341E+01    0.253546106504594462E+03   -0.112539635054416163E+02    1
    0.133197817156789444E+01    0.856960591160542890E+03   -0.525150208924464312E+01    0.254277786976103044E+03   -0.112564635054416158E+02    1
    0.133225153595312751E+01    0.911013196863172880E+03   -0.456660640476082147E+01    0.254555028241210152E+03   -0.112589635054415886E+02    1
    0.133221753225736106E+01    0.824869846911237687E+03   -0.382015803382797969E+01    0.254559816402482511E+03   -0.112614635054415739E+02    1
    0.133449845501979358E+01    0.417506208155881723E+03   -0.255558687375459037E+01    0.254565069862765228E+03   -0.112639635054415876E+02    1
    0.133553167355909719E+01    0.526309227457742509E+03   -0.417739037438569571E+01    0.254650884055347149E+03   -0.112664635054416191E+02    1
    0.133609652398095924E+01    0.437274434169154517E+03   -0.341176457501407349E+01    0.254806133520493745E+03   -0.112689635054416346E+02    1
    0.131658229735709886E+01    0.155716990207169511E+04   -0.481515813894094791E+01    0.254904449718583521E+03   -0.112714635054416146E+02    1
    0.131388443926428344E+01    0.113604883123243394E+04   -0.431521904130228329E+01    0.255025413864038455E+03   -0.112739635054415963E+02    1
    0.133003936887098417E+01    0.103666504946979467E+04   -0.480245860942317027E+01    0.255216424314376525E+03   -0.112764635054416047E+02    1
    0.131040999354168242E+01    0.146188050502977853E+04   -0.509859771757331082E+01    0.255425635120017915E+03   -0.112789635054415953E+02    1
    0.133445071273640714E+01    0.745985937682335702E+03   -0.490607900493358962E+01    0.255847503735663764E+03   -0.112814635054415877E+02    1
    0.132458913216942631E+01    0.133836170776311724E+04   -0.562239082473054097E+01    0.255869935439267408E+03   -0.112839635054416103E+02    1
    0.131858011640310280E+01    0.123526563644409180E+04   -0.531754767894744873E+01    0.256120310467986542E+03   -0.112864635054416294E+02    1
    0.133701619518738024E+01    0.594696172930014200E+03   -0.439997795717219553E+01    0.256199377786227956E+03   -0.112889635054416289E+02    1
    0.130596000124020950E+01    0.115263869504673858E+04   -0.302268467300368293E+01    0.256403378760974647E+03   -0.112914635054416177E+02    1
    0.133861105936132629E+01    0.493898215390902692E+03   -0.311429950743813677E+01    0.256512254813784125E+03   -0.112939635054415959E+02    1
    0.132370985117272366E+01    0.892432540214082110E+03   -0.455743505874119936E+01    0.256547559253544250E+03   -0.112964635054415972E+02    1
    0.133128931529035732E+01    0.868737724998541125E+03   -0.393174788231627481E+01    0.256636944644208256E+03   -0.112989635054415967E+02    1
    0.133706173481918289E+01    0.475672647907882492E+03   -0.100457065893797726E+01    0.256786166210034366E+03   -0.113014635054415802E+02    1
    0.133373446092332748E+01    0.615191171651217928E+03   -0.450262659183748237E+01    0.257001426741979799E+03   -0.113039635054415903E+02    1
    0.131490505977381478E+01    0.843072725632070728E+03   -0.167037467565585729E+01    0.257115323329543912E+03   -0.113064635054415987E+02    1
    0.133959213671864164E+01    0.435779894335982760E+03   -0.322930096198038896E+01    0.257125268385060849E+03   -0.113089635054416053E+02    1
    0.133893853921442618E+01    0.403815436845549414E+03   -0.335833553238265736E+01    0.257292563195794401E+03   -0.113114635054416244E+02    1
    0.133758392766472811E+01    0.484400880595514991E+03   -0.127927695771059824E+01    0.257344514291277051E+03   -0.113139635054416186E+02    1
    0.131155985445262790E+01    0.941782508427002767E+03   -0.213545417997283593E+01    0.257586370301795625E+03   -0.113164635054416092E+02    1
    0.133641230047201010E+01    0.517285487247215087E+03   -0.414732081695349208E+01    0.257719898685463647E+03   -0.113189635054416193E+02    1
    0.133850709952712044E+01    0.405009579658508301E+03   -0.119716018438339233E+01    0.257886701266395903E+03   -0.113214635054416117E+02    1
    0.132118590263196900E+01    0.151240669646499055E+04   -0.574438053119832404E+01    0.257895093481269555E+03   -0.113239635054416024E+02    1
    0.132792831894793251E+01    0.625348191108932156E+03   -0.336562464706658382E+01    0.258006917299422071E+03   -0.113264635054415965E+02    1
    0.133894324478825655E+01    0.479858428934365520E+03   -0.347875146437064231E+01    0.258423802654756003E+03   -0.113289635054416049E+02    1
    0.132126614579077950E+01    0.836361508255135163E+03   -0.127086097403953957E+01    0.258542335811929547E+03   -0.113314635054416168E+02    1
    0.132080057837347131E+01    0.129468555095465126E+04   -0.567593709956087356E+01    0.258660651454200149E+03   -0.113339635054416039E+02    1
    0.133837067620405969E+01    0.445348813731643020E+03   -0.112188411893673390E+01    0.259278845743281011E+03   -0.113364635054416123E+02    1
    0.130827230953840923E+01    0.105220789000492596E+04   -0.279993783156734999E+01    0.259549520742773780E+03   -0.113389635054416189E+02    1
    0.131458418371762820E+01    0.839523054577452285E+03   -0.183470047801391445E+01    0.259612539604427297E+03   -0.113414635054415900E+02    1
    0.131159334270417727E+01    0.918348716531224568E+03   -0.220854978637198052E+01    0.260000470342048743E+03   -0.113439635054415930E+02    1
    0.131883908233905189E+01    0.127969473966206260E+04   -0.545823849810074613E+01    0.260232701337649132E+03   -0.113464635054415925E+02    1
    0.130490259175068624E+01    0.123440108928459995E+04   -0.323798422746180137E+01    0.260405647959381611E+03   -0.113489635054415743E+02    1
    0.133885222762155731E+01    0.452444557552883907E+03   -0.355885018937703812E+01    0.260438096051033938E+03   -0.113514635054415916E+02    1
    0.132159361091326488E+01    0.146982699748465484E+04   -0.576303112153147801E+01    0.260797717680293999E+03   -0.113539635054415946E+02    1
    0.132060456640614565E+01    0.155355825392569318E+04   -0.559865911953226991E+01    0.261310087775998227E+03   -0.113564635054415888E+02    1
    0.132973198955038718E+01    0.562495752882184206E+03   -0.131605482811809260E+01    0.261530742369739983E+03   -0.113589635054416167E+02    1
    0.131172451595184492E+01    0.112805538746761067E+04   -0.394429516917065470E+01    0.261603511977477638E+03   -0.113614635054416162E+02    1
    0.133279628280634843E+01    0.766540167176097953E+03   -0.497050779956697397E+01    0.262363328452299470E+03   -0.113639635054415891E+02    1
    0.131769898457721557E+01    0.834236231400893985E+03   -0.298177086200583652E+01    0.262467834927818785E+03   -0.113664635054415744E+02    1
    0.133345693887280259E+01    0.780421911418983882E+03   -0.492552690101488277E+01    0.263020440011236644E+03   -0.113689635054416254E+02    1
    0.133306015891464624E+01    0.792919739670452827E+03   -0.497313770184113668E+01    0.263168831382738745E+03   -0.113714635054416018E+02    1
    0.132136998328154287E+01    0.989029788119954333E+03   -0.465982193801540756E+01    0.263865468790678733E+03   -0.113739635054415924E+02    1
    0.132254483167869896E+01    0.665818479936172707E+03   -0.173174485884364771E+01    0.263910158436135703E+03   -0.113764635054415990E+02    1
    0.133826226798078451E+01    0.414536114686782867E+03   -0.143045349860902959E+01    0.264050023551859795E+03   -0.113789635054416234E+02    1
    0.132121235825578909E+01    0.782448700273600593E+03   -0.324667953954517685E+01    0.264941625286216777E+03   -0.113814635054416033E+02    1
    0.131229584122775433E+01    0.966949458828992874E+03   -0.300747859254846084E+01    0.264948073119400760E+03   -0.113839635054415904E+02    1
    0.133034875321651325E+01    0.932956383659116682E+03   -0.418409958762845946E+01    0.265163822516731386E+03   -0.113864635054416024E+02    1
    0.133738668515580983E+01    0.405359152849712586E+03   -0.143334251454470696E+01    0.265391475874273397E+03   -0.113889635054416090E+02    1
    0.132450319725303167E+01    0.124950530928770604E+04   -0.567762870806062914E+01    0.265411860394561472E+03   -0.113914635054416298E+02    1
    0.130666513190124434E+01    0.117492621854953950E+04   -0.336707039485337312E+01    0.265749172535479374E+03   -0.113939635054416204E+02    1
    0.133318204446197441E+01    0.730459540052949706E+03   -0.482769662185380177E+01    0.265819731404086497E+03   -0.113964635054416217E+02    1
    0.133198000601875122E+01    0.755335683302279449E+03   -0.487762033815980622E+01    0.266267063272800215E+03   -0.113989635054416159E+02    1
    0.132363790123738734E+01    0.642586187667075933E+03   -0.201608134447199738E+01    0.266587309981546241E+03   -0.114014635054415834E+02    1
    0.132350396640830592E+01    0.761020719777600334E+03   -0.173581381596240369E+01    0.266813277302849315E+03   -0.114039635054415989E+02    1
    0.130906593591892761E+01    0.127300874566876792E+04   -0.346817007523358889E+01    0.266904941170348138E+03   -0.114064635054416179E+02    1
    0.132485225589979105E+01    0.107491685202792723E+04   -0.540183187223354455E+01    0.266909461966637423E+03   -0.114089635054416156E+02    1
    0.132717741040400861E+01    0.569959233888591939E+03   -0.202113986763463949E+01    0.266953149260928740E+03   -0.114114635054415956E+02    1
    0.130999293652729043E+01    0.100937792124675525E+04   -0.280463940724195915E+01    0.267120955917431161E+03   -0.114139635054415827E+02    1
    0.133437020538986184E+01    0.535345951243109766E+03   -0.385115363653493326E+01    0.267208284168827618E+03   -0.114164635054415964E+02    1
    0.133548735740047042E+01    0.438463357200381097E+03   -0.142738160832440286E+01    0.267331301033275508E+03   -0.114189635054415941E+02    1
    0.130784307407587530E+01    0.120994814951229955E+04   -0.377319830929010180E+01    0.267463973247405193E+03   -0.114214635054416078E+02    1
    0.133448405797100800E+01    0.554741413387814532E+03   -0.131288172467930586E+01    0.267614368380161068E+03   -0.114239635054416127E+02    1
    0.133866622174502603E+01    0.428834331326650954E+03   -0.287704183659375268E+01    0.267663233379194139E+03   -0.114264635054416175E+02    1
    0.130854865788006403E+01    0.107205610671996374E+04   -0.282093323298399667E+01    0.267861099247126845E+03   -0.114289635054416152E+02    1
    0.130873573118422470E+01    0.110679722195498994E+04   -0.331266973623166727E+01    0.268457411349018912E+03   -0.114314635054416041E+02    1
    0.133745815754869679E+01    0.499223546082978373E+03   -0.370809321657304558E+01    0.268499049839520694E+03   -0.114339635054416000E+02    1
    0.133591893401077244E+01    0.499211360403056574E+03   -0.370945789020452210E+01    0.268536648852298981E+03   -0.114364635054415924E+02    1
    0.133539035283489516E+01    0.542506555434602660E+03   -0.400511227907598411E+01    0.268554147716685407E+03   -0.114389635054415937E+02    1
    0.132595820196514591E+01    0.106718685185694449E+04   -0.544866794973438662E+01    0.268657925613571820E+03   -0.114414635054415950E+02    1
    0.133819012143090088E+01    0.418021549824190629E+03   -0.300667551114435838E+01    0.268762258288729527E+03   -0.114439635054416158E+02    1
    0.132355846934282217E+01    0.119413280160226350E+04   -0.434564583335841892E+01    0.268909989220738396E+03   -0.114464635054416153E+02    1
    0.132557324204064009E+01    0.118391998689833963E+04   -0.461604291712152737E+01    0.269127777834943799E+03   -0.114489635054415952E+02    1
    0.132192700261342377E+01    0.102907546224814678E+04   -0.489795729778035849E+01    0.269254186935339135E+03   -0.114514635054415805E+02    1
    0.133545341448158172E+01    0.551538883159778493E+03   -0.258414420114323029E+01    0.269322283643999185E+03   -0.114539635054416049E+02    1
    0.133307917344600768E+01    0.486520237533918248E+03   -0.143434078728712144E+01    0.269533830268116105E+03   -0.114564635054416168E+02    1
    0.132530540547509523E+01    0.615166143639695065E+03   -0.171595223038284850E+01    0.269564296792732193E+03   -0.114589635054415790E+02    1
    0.132493149566864843E+01    0.878431477994754459E+03   -0.459887192364252950E+01    0.270022609015994362E+03   -0.114614635054415768E+02    1
    0.132517793688694874E+01    0.120841644721195598E+04   -0.467620663446562723E+01    0.270026570345390496E+03   -0.114639635054416029E+02    1
    0.133746767195542926E+01    0.510571038576181707E+03   -0.310993619147860301E+01    0.270231933691934387E+03   -0.114664635054416202E+02    1
    0.132377676662895216E+01    0.128491036479935815E+04   -0.566406911688127401E+01    0.270371860558994968E+03   -0.114689635054416286E+02    1
    0.131005645895955336E+01    0.140019240917131219E+04   -0.482667155355257815E+01    0.270642196457758814E+03   -0.114714635054416085E+02    1
    0.132625724802507783E+01    0.116857147119113870E+04   -0.553237709156382529E+01    0.270726560851661134E+03   -0.114739635054415938E+02    1
    0.133292864465680627E+01    0.586670265264131331E+03   -0.133406285916468548E+01    0.270815738503380601E+03   -0.114764635054416075E+02    1
    0.133582142132373538E+01    0.586783081946214452E+03   -0.420822996988576570E+01    0.271167746414203691E+03   -0.114789635054416159E+02    1
    0.130408451684544113E+01    0.144477801199183887E+04   -0.379245554413792796E+01    0.271272450934387393E+03   -0.114814635054416296E+02    1
    0.130003426000790956E+01    0.158219339467562281E+04   -0.407717534264645831E+01    0.271318757171145023E+03   -0.114839635054416132E+02    1
    0.132126820036666737E+01    0.119697817761420856E+04   -0.410698293831528005E+01    0.271365039044538889E+03   -0.114864635054415896E+02    1
    0.133289773078773299E+01    0.843095126505123289E+03   -0.477030760242293006E+01    0.271365066408242399E+03   -0.114889635054415979E+02    1
    0.131729620335254882E+01    0.804478518300516271E+03   -0.248051512073707414E+01    0.271709160850715080E+03   -0.114914635054416241E+02    1
    0.133313030053811210E+01    0.636364197516430522E+03   -0.435220212357255498E+01    0.271841707043687961E+03   -0.114939635054416378E+02    1
    0.132295663649976114E+01    0.140473210796988974E+04   -0.552006408201520582E+01    0.272250589098679029E+03   -0.114964635054416160E+02    1
    0.132566903458952723E+01    0.606863589913506303E+03   -0.181752200237112760E+01    0.272268143178289392E+03   -0.114989635054416262E+02    1
    0.132908543338877072E+01    0.998904760156113184E+03   -0.530813941376332021E+01    0.272408376207477090E+03   -0.115014635054416292E+02    1
    0.133781476708240854E+01    0.413123663156037708E+03   -0.264527112624887373E+01    0.272496012058268207E+03   -0.115039635054416056E+02    1
    0.133403795687243010E+01    0.567844053684778373E+03   -0.397501380440970387E+01    0.272640677479128044E+03   -0.115064635054415856E+02    1
    0.131547344822668455E+01    0.895372397732034301E+03   -0.302015160628181611E+01    0.272652370249521596E+03   -0.115089635054415869E+02    1
    0.133490340539925034E+01    0.521853174005943174E+03   -0.368487858359253906E+01    0.272728198445145267E+03   -0.115114635054416148E+02    1
    0.132519631931022230E+01    0.736345568821619281E+03   -0.200506981056373412E+01    0.272839942858612403E+03   -0.115139635054415930E+02    1
    0.132943150798086940E+01    0.100362682345320059E+04   -0.449376831622826600E+01    0.273045582057787669E+03   -0.115164635054415854E+02    1
    0.132011463545052754E+01    0.145320933695090548E+04   -0.577106708706453908E+01    0.273054720850090121E+03   -0.115189635054415955E+02    1
    0.133525033603126886E+01    0.657738753810042908E+03   -0.439035083066597398E+01    0.273068736688546210E+03   -0.115214635054416110E+02    1
    0.133466486590016675E+01    0.567014100460641657E+03   -0.255779242671455975E+01    0.273084454451138811E+03   -0.115239635054416336E+02    1
    0.132108838359550118E+01    0.863504573161711050E+03   -0.249075252754619214E+01    0.273087555071860152E+03   -0.115264635054416207E+02    1
    0.131677282464338852E+01    0.870371695063214133E+03   -0.304749275051839241E+01    0.273530151265223992E+03   -0.115289635054416113E+02    1
    0.133488373098415192E+01    0.508993862448662242E+03   -0.161285530201259952E+01    0.273632597077092214E+03   -0.115314635054416303E+02    1
    0.133711533588460818E+01    0.519007988395921075E+03   -0.364055528854578192E+01    0.273666508277678531E+03   -0.115339635054416245E+02    1
    0.131695191806283485E+01    0.148647611845747929E+04   -0.570483519908837167E+01    0.273997052694227989E+03   -0.115364635054416009E+02    1
    0.131810034586796987E+01    0.895512630101360628E+03   -0.241598745499658563E+01    0.274051812149674674E+03   -0.115389635054416022E+02    1
    0.133434141622324076E+01    0.625698543086037262E+03   -0.434717569817921223E+01    0.274084783854808506E+03   -0.115414635054416017E+02    1
    0.132889080784212799E+01    0.789770850513278901E+03   -0.307836118240502365E+01    0.274199987831524936E+03   -0.115439635054415906E+02    1
    0.130330130208775463E+01    0.137763445039278167E+04   -0.382901222684167841E+01    0.274341877585124735E+03   -0.115464635054416043E+02    1
    0.130221487902811917E+01    0.144709693426605691E+04   -0.383429207759269630E+01    0.274378191130223740E+03   -0.115489635054416180E+02    1
    0.132498295213104500E+01    0.766395147144632460E+03   -0.115011618282204076E+01    0.274540636544251413E+03   -0.115514635054416068E+02    1
    0.133008493240605219E+01    0.715833993499619510E+03   -0.439740403470103747E+01    0.274652964104304147E+03   -0.115539635054416081E+02    1
    0.133452060774768366E+01    0.520910463564059796E+03   -0.135036872024738130E+01    0.275160196287048052E+03   -0.115564635054416200E+02    1
    0.132957674580178664E+01    0.640633420461772971E+03   -0.164514671201698270E+01    0.275230325223495981E+03   -0.115589635054416195E+02    1
    0.133761574297780328E+01    0.436895865821524865E+03   -0.274011630599165024E+01    0.275443575884257257E+03   -0.115614635054416226E+02    1
    0.132505313660050583E+01    0.751434061430682732E+03   -0.216541148781794845E+01    0.275498899834784197E+03   -0.115639635054416257E+02    1
    0.132895247303204522E+01    0.758917911749462405E+03   -0.446893024014875095E+01    0.275678039050618850E+03   -0.115664635054416145E+02    1
    0.130826553594905026E+01    0.113153780827087348E+04   -0.332033922685679528E+01    0.275702390374036383E+03   -0.115689635054416051E+02    1
    0.133531682348540537E+01    0.480245172174940137E+03   -0.150199908984323294E+01    0.275948469375310196E+03   -0.115714635054416117E+02    1
    0.133108219413177609E+01    0.619130559360667007E+03   -0.383278693457657837E+01    0.276017846878785008E+03   -0.115739635054416041E+02    1
    0.131754414526618224E+01    0.101856736837526626E+04   -0.417138102980363978E+01    0.276178536050460878E+03   -0.115764635054416001E+02    1
    0.133245990980345397E+01    0.571854780251673901E+03   -0.175674501616682832E+01    0.276634515362128582E+03   -0.115789635054416102E+02    1
    0.130460744791308803E+01    0.143784288030221956E+04   -0.381456137159047692E+01    0.276634735331000456E+03   -0.115814635054416151E+02    1
    0.133027173233351026E+01    0.875130354271680289E+03   -0.389500050913752638E+01    0.276696213168904592E+03   -0.115839635054416235E+02    1
    0.130927068240836042E+01    0.137344005215265133E+04   -0.461958431601202779E+01    0.276788516573705010E+03   -0.115864635054416230E+02    1
    0.132511037849168978E+01    0.121915246184092530E+04   -0.475757800761923644E+01    0.276902716065707466E+03   -0.115889635054416225E+02    1
    0.131867614048730197E+01    0.816472728050788305E+03   -0.181543153124878387E+01    0.277173133750977854E+03   -0.115914635054416255E+02    1
    0.133648306603369238E+01    0.549043000864694818E+03   -0.376107812417247800E+01    0.277481576660596829E+03   -0.115939635054416250E+02    1
    0.131976224323888847E+01    0.111315099623603783E+04   -0.491381194868486837E+01    0.277618940875435499E+03   -0.115964635054416210E+02    1
    0.132613475194438157E+01    0.739794754839944289E+03   -0.115665806775657920E+01    0.277701538034035707E+03   -0.115989635054416205E+02    1
    0.133393047936750531E+01    0.642419105728044883E+03   -0.433728441331309345E+01    0.277781660656338147E+03   -0.116014635054416075E+02    1
    0.132145266824730823E+01    0.702374699823837773E+03   -0.217858628580029290E+01    0.278144285812511043E+03   -0.116039635054415893E+02    1
    0.133406248038461572E+01    0.702821420882226221E+03   -0.368272115398034572E+01    0.278866833487903250E+03   -0.116064635054415888E+02    1
    0.132873032578029471E+01    0.101752909648084756E+04   -0.525794016350132587E+01    0.278867864246076010E+03   -0.116089635054415989E+02    1
    0.132614637238755462E+01    0.969290461126444825E+03   -0.370789817304165403E+01    0.278872704676900298E+03   -0.116114635054416073E+02    1
    0.132877924576615070E+01    0.104543806569152730E+04   -0.467326885921606028E+01    0.278884160052427205E+03   -0.116139635054416086E+02    1
    0.133304004021110711E+01    0.542991743077472506E+03   -0.342893070119957599E+01    0.278887057114005302E+03   -0.116164635054416046E+02    1
    0.131088782057689457E+01    0.133189274449324535E+04   -0.378539004646726696E+01    0.279101439781749036E+03   -0.116189635054416112E+02    1
    0.133356524297898260E+01    0.777972843617505305E+03   -0.434796261341991652E+01    0.279154360798773723E+03   -0.116214635054416231E+02    1
    0.132640900812494333E+01    0.619177898241042271E+03   -0.259219762080524596E+01    0.279158367542009614E+03   -0.116239635054416119E+02    1
    0.132467660681263633E+01    0.120368267518916036E+04   -0.553972322462914857E+01    0.279251344325041032E+03   -0.116264635054416097E+02    1
    0.131533925408150587E+01    0.930721080480182991E+03   -0.321396261938831351E+01    0.279349455390902335E+03   -0.116289635054416181E+02    1
    0.131239856950245204E+01    0.958816941776760927E+03   -0.280746868883169931E+01    0.279543776614312492E+03   -0.116314635054416264E+02    1
    0.131948194958379839E+01    0.152552532361574458E+04   -0.572888789916421715E+01    0.279610022391951247E+03   -0.116339635054416153E+02    1
    0.131273349911552040E+01    0.931925967132975870E+03   -0.252409679847615820E+01    0.279889957837363340E+03   -0.116364635054416006E+02    1
    0.133296156518264985E+01    0.509237474520232354E+03   -0.149411535983391275E+01    0.279925585142343209E+03   -0.116389635054415947E+02    1
    0.133148755892169568E+01    0.651570638205866089E+03   -0.257320879612097642E+01    0.280057356967550845E+03   -0.116414635054415907E+02    1
    0.133640080138043049E+01    0.551467702898262132E+03   -0.336166970949239641E+01    0.280250536544694228E+03   -0.116439635054416044E+02    1
    0.132262647210021322E+01    0.938727040545788441E+03   -0.449806178009728796E+01    0.280520872042593851E+03   -0.116464635054416146E+02    1
    0.132003713849066684E+01    0.113925773482759405E+04   -0.503924832158685110E+01    0.280618057949875833E+03   -0.116489635054415963E+02    1
    0.131652387850190822E+01    0.818672420067028042E+03   -0.214657804842793709E+01    0.281134306365443251E+03   -0.116514635054415869E+02    1
    0.131287703323217508E+01    0.936976058946198805E+03   -0.267713746971270972E+01    0.281319108299236291E+03   -0.116539635054415989E+02    1
    0.131630575818136930E+01    0.141433099834145833E+04   -0.547746499843725321E+01    0.281360842251386828E+03   -0.116564635054416144E+02    1
    0.132582651614719538E+01    0.120509546522448636E+04   -0.490246068634422549E+01    0.281412045755739882E+03   -0.116589635054416210E+02    1
    0.130172519779290208E+01    0.152472005319071286E+04   -0.399769202863190998E+01    0.281594885611072755E+03   -0.116614635054416205E+02    1
    0.133187783883220168E+01    0.647896856075170035E+03   -0.266079123035216547E+01    0.281777521316884872E+03   -0.116639635054416093E+02    1
    0.130125009642077383E+01    0.155259404944506605E+04   -0.422933447310561128E+01    0.281784103171174536E+03   -0.116664635054416017E+02    1
    0.133621196480222126E+01    0.553392880739655311E+03   -0.360431431015745041E+01    0.281810291892250802E+03   -0.116689635054416101E+02    1
    0.133013665846224161E+01    0.981318141816320804E+03   -0.484358629133955354E+01    0.281887057849855580E+03   -0.116714635054416220E+02    1
    0.130723110600106440E+01    0.118419744464790438E+04   -0.325881108057151536E+01    0.282293557462043850E+03   -0.116739635054416055E+02    1
    0.132333153762569133E+01    0.688181050988886682E+03   -0.260820212939564833E+01    0.282362773698052024E+03   -0.116764635054415873E+02    1
    0.132928087188556332E+01    0.781942743316593010E+03   -0.457212429152022626E+01    0.282446765929101900E+03   -0.116789635054416063E+02    1
    0.132030738436165951E+01    0.130950270934523905E+04   -0.554505580326779679E+01    0.282511917679461533E+03   -0.116814635054416165E+02    1
    0.132850229421009147E+01    0.103000976136671852E+04   -0.522508030743523832E+01    0.282707949765813112E+03   -0.116839635054416195E+02    1
    0.131027492845180848E+01    0.140721299052335598E+04   -0.483793392270065414E+01    0.282716615271905653E+03   -0.116864635054416155E+02    1
    0.131802730948002211E+01    0.139686712977395655E+04   -0.557336121032835852E+01    0.282923000749170228E+03   -0.116889635054416168E+02    1
    0.130536883525274972E+01    0.128534676196692044E+04   -0.363961365197705433E+01    0.282976846994609787E+03   -0.116914635054416145E+02    1
    0.133075949440926644E+01    0.921491234023651828E+03   -0.443100644939856458E+01    0.283052622588680379E+03   -0.116939635054415945E+02    1
    0.131366008386343869E+01    0.136835719058076393E+04   -0.408405122448763258E+01    0.283162539601654885E+03   -0.116964635054415904E+02    1
    0.130469600316738377E+01    0.140978000221085790E+04   -0.416689089590004613E+01    0.283324914136076416E+03   -0.116989635054415899E+02    1
    0.133550666925989669E+01    0.603765535051418055E+03   -0.350822059557961552E+01    0.283448397666679227E+03   -0.117014635054415876E+02    1
    0.132514992397949083E+01    0.663376182812812431E+03   -0.149920365946135625E+01    0.283573394646613906E+03   -0.117039635054415960E+02    1
    0.132372749390815758E+01    0.807050311435632125E+03   -0.382792559901800900E+01    0.283865873402278112E+03   -0.117064635054415973E+02    1
    0.132609114103595527E+01    0.777958263153423104E+03   -0.404798585505437458E+01    0.283932680259722247E+03   -0.117089635054416057E+02    1
    0.133169993086278637E+01    0.801335052399738288E+03   -0.477016098886700313E+01    0.283945256913410958E+03   -0.117114635054416230E+02    1
    0.130530087876571121E+01    0.129593275460036739E+04   -0.355651495084932456E+01    0.283967244824939144E+03   -0.117139635054416136E+02    1
    0.132516564324845643E+01    0.635799037048965602E+03   -0.174707450822317512E+01    0.284232701863571322E+03   -0.117164635054415989E+02    1
    0.133523631522718866E+01    0.473618766234154407E+03   -0.278878984232453675E+01    0.284276397349446142E+03   -0.117189635054416126E+02    1
    0.132741604181074746E+01    0.106418192759323938E+04   -0.444645298568438996E+01    0.284664088389793221E+03   -0.117214635054416192E+02    1
    0.132551772173646820E+01    0.708347104152142037E+03   -0.182765738974034164E+01    0.284971546967625557E+03   -0.117239635054416205E+02    1
    0.132885070184399368E+01    0.973271097813499978E+03   -0.515115000926609312E+01    0.285151967564106201E+03   -0.117264635054416164E+02    1
    0.132404244796201964E+01    0.111973562534040548E+04   -0.534055534052850600E+01    0.285220772891397701E+03   -0.117289635054416106E+02    1
    0.132483625307917863E+01    0.719968286266460382E+03   -0.182524475192666813E+01    0.285488482339002530E+03   -0.117314635054416279E+02    1
    0.132486769500391488E+01    0.119509778877544613E+04   -0.547433091871302580E+01    0.285864578621007411E+03   -0.117339635054416238E+02    1
    0.133454999667231555E+01    0.469283160074362968E+03   -0.239192066289271388E+01    0.285981820825337081E+03   -0.117364635054416055E+02    1
    0.131746350868327466E+01    0.978975578563166096E+03   -0.387812181088359331E+01    0.286181924595633802E+03   -0.117389635054416122E+02    1
    0.132110895096649950E+01    0.769179037362030499E+03   -0.176551647288531122E+01    0.286190886984802546E+03   -0.117414635054416170E+02    1
    0.133341496768463852E+01    0.738945527345045321E+03   -0.390989891763285868E+01    0.286201914532658463E+03   -0.117439635054416183E+02    1
    0.133237451806561036E+01    0.832758603304362396E+03   -0.455964947531666276E+01    0.286232599125518277E+03   -0.117464635054416267E+02    1
    0.132714714367690534E+01    0.674965073014051654E+03   -0.155285562101458297E+01    0.286416239700296956E+03   -0.117489635054416226E+02    1
    0.133153451438109438E+01    0.582779958679075662E+03   -0.192053912904139601E+01    0.286601667901722294E+03   -0.117514635054416168E+02    1
    0.130268171116346632E+01    0.153066251519260072E+04   -0.434087942420640349E+01    0.286643079249747530E+03   -0.117539635054416145E+02    1
    0.130580346881301756E+01    0.133862634476342714E+04   -0.363457206326192583E+01    0.286768091257541982E+03   -0.117564635054416229E+02    1
    0.132335221614788479E+01    0.963233160714477208E+03   -0.335509630629082878E+01    0.286811082388743159E+03   -0.117589635054416117E+02    1
    0.130748115427894462E+01    0.139174407398713925E+04   -0.444072440882101027E+01    0.287061569503488727E+03   -0.117614635054416059E+02    1
    0.132745599986153096E+01    0.101249153096617681E+04   -0.521881576069799102E+01    0.287229492414771244E+03   -0.117639635054416214E+02    1
    0.131273344828729144E+01    0.101936829204318440E+04   -0.332203801941141741E+01    0.287564536174393425E+03   -0.117664635054416138E+02    1
    0.131876514703357484E+01    0.913248591005212688E+03   -0.264327501353146666E+01    0.287590167665440390E+03   -0.117689635054416115E+02    1
    0.132396657382053529E+01    0.843965692529492571E+03   -0.278396457056289393E+01    0.288121873924972533E+03   -0.117714635054416163E+02    1
    0.133508381334108228E+01    0.588990197656235068E+03   -0.377246173302132526E+01    0.288265378288039642E+03   -0.117739635054416123E+02    1
    0.133010408304696992E+01    0.562272079333474721E+03   -0.163942952464311631E+01    0.288286995507414645E+03   -0.117764635054416189E+02    1
    0.133441935662989741E+01    0.647504792339506366E+03   -0.351873548528521951E+01    0.288608457785444557E+03   -0.117789635054416078E+02    1
    0.132126980296058871E+01    0.117931690036351893E+04   -0.408842199369688952E+01    0.288807622935220593E+03   -0.117814635054415895E+02    1
    0.133536369075983585E+01    0.573303614518194877E+03   -0.356733147348057145E+01    0.288868240392227108E+03   -0.117839635054416121E+02    1
    0.133246281909627506E+01    0.549159234986185538E+03   -0.192960470552827523E+01    0.288958023570868932E+03   -0.117864635054416258E+02    1
    0.132728483222798244E+01    0.658225606879972929E+03   -0.144950433044615501E+01    0.289021941770856074E+03   -0.117889635054416235E+02    1
    0.130333521957287424E+01    0.142633704717036085E+04   -0.392416351451113599E+01    0.289094091470270996E+03   -0.117914635054416088E+02    1
    0.132257583982569371E+01    0.719642685209002366E+03   -0.270961045070165518E+01    0.289113416399606535E+03   -0.117939635054416119E+02    1
    0.131391981623572685E+01    0.945029569457278740E+03   -0.296199750776893467E+01    0.289175581894892105E+03   -0.117964635054416220E+02    1
    0.132554786279316517E+01    0.888633494674187887E+03   -0.325723292742881654E+01    0.289264553230568367E+03   -0.117989635054415967E+02    1
    0.130423297179173736E+01    0.137232125818593158E+04   -0.380459852487448558E+01    0.289488575483501052E+03   -0.118014635054416051E+02    1
    0.132861068236087521E+01    0.943410180609602435E+03   -0.402993171449543919E+01    0.289498267937597063E+03   -0.118039635054416081E+02    1
    0.132782547850610411E+01    0.104407018365936665E+04   -0.446559285872044587E+01    0.289624403829440439E+03   -0.118064635054415916E+02    1
    0.133169509671273811E+01    0.766123763638062997E+03   -0.459919029632720466E+01    0.289728595558695588E+03   -0.118089635054415893E+02    1
    0.133323581487999365E+01    0.499935980940777711E+03   -0.205101135237742227E+01    0.289774322300824224E+03   -0.118114635054416084E+02    1
    0.132842966372992199E+01    0.642586696534145062E+03   -0.175926787438710797E+01    0.289846009163409235E+03   -0.118139635054416257E+02    1
    0.132269885377009944E+01    0.102870212008148292E+04   -0.361476982871848662E+01    0.289942630186062786E+03   -0.118164635054416287E+02    1
    0.133175995683794635E+01    0.592187190254868710E+03   -0.348691025809017141E+01    0.290264671276338959E+03   -0.118189635054416140E+02    1
    0.130607428895783828E+01    0.138069727964979757E+04   -0.420323807692082152E+01    0.290442071676985506E+03   -0.118214635054415975E+02    1
    0.132789461308139445E+01    0.725175365060600598E+03   -0.257812958692540661E+01    0.290523305620662313E+03   -0.118239635054416112E+02    1
    0.133292296119417020E+01    0.597466815733390831E+03   -0.262906248897410322E+01    0.290753476136838572E+03   -0.118264635054416107E+02    1
    0.130924845900310705E+01    0.126398666631360993E+04   -0.352464434625294665E+01    0.290873535564687586E+03   -0.118289635054415978E+02    1
    0.131250140300285456E+01    0.100298938315974237E+04   -0.275510109645840728E+01    0.290885108320817835E+03   -0.118314635054415973E+02    1
    0.132986673754657603E+01    0.970346821472670513E+03   -0.471244805280273749E+01    0.290950230025387896E+03   -0.118339635054416146E+02    1
    0.132168946285725486E+01    0.712022095528225236E+03   -0.206150441271866924E+01    0.291049654106094295E+03   -0.118364635054416230E+02    1
    0.132314975079559938E+01    0.135298499099342189E+04   -0.522683205960350872E+01    0.291103197298080318E+03   -0.118389635054416189E+02    1
    0.132150914682986076E+01    0.106965013750761318E+04   -0.367199666051974383E+01    0.291183863350879619E+03   -0.118414635054416149E+02    1
    0.130886166096688195E+01    0.139364155277373925E+04   -0.459611753908496112E+01    0.291219475029582213E+03   -0.118439635054416019E+02    1
    0.133123036777603154E+01    0.872405118636092084E+03   -0.432143034919962687E+01    0.291220860375838697E+03   -0.118464635054415961E+02    1
    0.131685905916525381E+01    0.131037737228295191E+04   -0.520923185554194212E+01    0.291230925049042867E+03   -0.118489635054416116E+02    1
    0.132528616140795008E+01    0.978424462700729464E+03   -0.496307982292084837E+01    0.291235435952026194E+03   -0.118514635054416146E+02    1
    0.132359251596754435E+01    0.891267376214229216E+03   -0.303648004438807817E+01    0.291299826993464251E+03   -0.118539635054416124E+02    1
    0.130759952073823293E+01    0.141138830084745359E+04   -0.389076145102865922E+01    0.291413679100635022E+03   -0.118564635054416119E+02    1
    0.133152457718807304E+01    0.810817254200799653E+03   -0.467921211751160993E+01    0.291625403873823871E+03   -0.118589635054416220E+02    1
    0.132731192999172953E+01    0.717457993479252309E+03   -0.374854928990330194E+01    0.291807154392425161E+03   -0.118614635054416393E+02    1
    0.131741684075874921E+01    0.125364986632482669E+04   -0.508449261413249332E+01    0.291893870069262107E+03   -0.118639635054416104E+02    1
    0.130519615382939103E+01    0.136383105644003126E+04   -0.371737376443101830E+01    0.291966203660528208E+03   -0.118664635054415886E+02    1
    0.133208758240370928E+01    0.796396105715056137E+03   -0.458307001715535378E+01    0.292285189001632205E+03   -0.118689635054415987E+02    1
    0.132185770295414518E+01    0.142015535223237066E+04   -0.537841500775081993E+01    0.292746638855261438E+03   -0.118714635054416053E+02    1
    0.132339675399233103E+01    0.790985930077896455E+03   -0.356173496835225833E+01    0.292780970546442518E+03   -0.118739635054415924E+02    1
    0.132387737047146326E+01    0.998852780677140458E+03   -0.488312260354763961E+01    0.292876280319300463E+03   -0.118764635054416026E+02    1
    0.132364066607246267E+01    0.900687786750019313E+03   -0.436838162797927154E+01    0.293440930853039617E+03   -0.118789635054416269E+02    1
    0.133249368269672908E+01    0.657166512122659924E+03   -0.303408821517874117E+01    0.293509606594941772E+03   -0.118814635054416105E+02    1
    0.133079001676066566E+01    0.608628240335962460E+03   -0.341446989389085864E+01    0.293623952895350385E+03   -0.118839635054415957E+02    1
    0.132915459223723520E+01    0.609058027345706932E+03   -0.171595282418545736E+01    0.293838403152438673E+03   -0.118864635054416006E+02    1
    0.130520533790311788E+01    0.133817499582879441E+04   -0.371976425662340482E+01    0.293870206836266163E+03   -0.118889635054416125E+02    1
    0.131572456693603601E+01    0.130844677033759626E+04   -0.507306818995805120E+01    0.294340029565320265E+03   -0.118914635054416156E+02    1
    0.133366489027246171E+01    0.568802802727230301E+03   -0.269202826017460595E+01    0.294359902268811425E+03   -0.118939635054416222E+02    1
    0.131188843455880999E+01    0.111316770312062818E+04   -0.372803396603324799E+01    0.294404513628016616E+03   -0.118964635054416341E+02    1
    0.132875968065255945E+01    0.744434639988390245E+03   -0.287635499447985055E+01    0.294616268033650215E+03   -0.118989635054416087E+02    1
    0.133327490266777504E+01    0.547452050855802440E+03   -0.316128257884510688E+01    0.294635403397909897E+03   -0.119014635054415905E+02    1
    0.132204193535824155E+01    0.138490594351430082E+04   -0.549519677402138385E+01    0.294713172571811754E+03   -0.119039635054416060E+02    1
    0.132596485527639119E+01    0.108322982774687443E+04   -0.432461469661036979E+01    0.295088838860175429E+03   -0.119064635054416019E+02    1
    0.131499738032194369E+01    0.144058147213139569E+04   -0.536947639708303548E+01    0.295137536046746050E+03   -0.119089635054415997E+02    1
    0.133014693245389037E+01    0.651764564589261454E+03   -0.367745229832104670E+01    0.295155322808898518E+03   -0.119114635054416027E+02    1
    0.132823453647915191E+01    0.708194941519646250E+03   -0.381277194101921069E+01    0.295200241425262959E+03   -0.119139635054415916E+02    1
    0.132867352437447783E+01    0.804249262276206991E+03   -0.448784418406239904E+01    0.295220744423110602E+03   -0.119164635054415911E+02    1
    0.132236924164530212E+01    0.133817280497607044E+04   -0.551200048134216480E+01    0.295281369245705548E+03   -0.119189635054416030E+02    1
    0.130583495716102482E+01    0.151485831347962380E+04   -0.409084076574154576E+01    0.295332433341110459E+03   -0.119214635054416025E+02    1
    0.133183426786627002E+01    0.618921855355127605E+03   -0.259209110682742327E+01    0.295383084537294110E+03   -0.119239635054416091E+02    1
    0.132781212464034404E+01    0.664990074646557105E+03   -0.330121185222817637E+01    0.295618350216232216E+03   -0.119264635054416193E+02    1
    0.133416833268809909E+01    0.531822072250203291E+03   -0.285807771253626797E+01    0.295633625958611219E+03   -0.119289635054416028E+02    1
    0.131758968184365788E+01    0.118702299715026356E+04   -0.380086540708245479E+01    0.295654024207349948E+03   -0.119314635054416076E+02    1
    0.133405902201890436E+01    0.527840143177298160E+03   -0.278036766665006496E+01    0.295733017747881263E+03   -0.119339635054416267E+02    1
    0.132613979219068212E+01    0.919360119926759921E+03   -0.353041503061889017E+01    0.295778579951483721E+03   -0.119364635054416315E+02    1
    0.132775065408683379E+01    0.108313592444579263E+04   -0.495692342479659587E+01    0.295791177641768741E+03   -0.119389635054416079E+02    1
    0.131217230289714215E+01    0.106054729253556889E+04   -0.343668244327486860E+01    0.296268430118454262E+03   -0.119414635054415861E+02    1
    0.130891333957584610E+01    0.115118068130020652E+04   -0.335858245836234737E+01    0.296394523964641394E+03   -0.119439635054415838E+02    1
    0.133291147426924672E+01    0.662590313229916433E+03   -0.405687318978143896E+01    0.296483128690748686E+03   -0.119464635054416046E+02    1
    0.133335748498614493E+01    0.566257635615482400E+03   -0.331416603038659119E+01    0.297336316061991397E+03   -0.119489635054416041E+02    1
    0.132818052299469880E+01    0.100500456189788611E+04   -0.439736359599122029E+01    0.297399348458453801E+03   -0.119514635054415947E+02    1
    0.130261464098446833E+01    0.153661957045703411E+04   -0.410858146055014295E+01    0.297463707228569206E+03   -0.119539635054416209E+02    1
    0.132678356517509410E+01    0.934419897946526930E+03   -0.370737216249340307E+01    0.297990690433221118E+03   -0.119564635054416168E+02    1
    0.131132570535348125E+01    0.156730873988579765E+04   -0.533313390098787554E+01    0.297999725830590251E+03   -0.119589635054416217E+02    1
    0.132015688436655942E+01    0.147919537768104556E+04   -0.520855224116521587E+01    0.298057910668798627E+03   -0.119614635054416389E+02    1
    0.132003943334995766E+01    0.813293682213685543E+03   -0.299933117088068357E+01    0.298075365595112032E+03   -0.119639635054416171E+02    1
    0.132866221898465264E+01    0.645850831571464369E+03   -0.328440807263002732E+01    0.298089004540561632E+03   -0.119664635054416149E+02    1
    0.133346962382568046E+01    0.564023805411534113E+03   -0.271984829056076372E+01    0.298138875993126248E+03   -0.119689635054416375E+02    1
    0.132971123496397547E+01    0.842607853542786415E+03   -0.470061955264896003E+01    0.298268312936770485E+03   -0.119714635054416458E+02    1
    0.130983117618306544E+01    0.133590569144438405E+04   -0.447742975508285834E+01    0.298395454159872600E+03   -0.119739635054416222E+02    1
    0.131137406735416162E+01    0.105223800528117044E+04   -0.302518381030127337E+01    0.298493180709318608E+03   -0.119764635054416146E+02    1
    0.132758553710052385E+01    0.867729250604132062E+03   -0.467200723082232905E+01    0.298709008992395695E+03   -0.119789635054416408E+02    1
    0.132607300151998819E+01    0.696657930158874478E+03   -0.211024647425082179E+01    0.298918344676818037E+03   -0.119814635054416172E+02    1
    0.130944463601443850E+01    0.150430972812224195E+04   -0.498239400447925451E+01    0.298927670792222102E+03   -0.119839635054416167E+02    1
    0.131510153392709306E+01    0.138865366730644928E+04   -0.428919996037058215E+01    0.299004709282913609E+03   -0.119864635054416215E+02    1
    0.131958898303699401E+01    0.105813655458182711E+04   -0.455450631628534452E+01    0.299165015603867801E+03   -0.119889635054416122E+02    1
    0.132078949335507390E+01    0.111527763681707575E+04   -0.494507506351526782E+01    0.299242546903584696E+03   -0.119914635054416276E+02    1
    0.130769049214323441E+01    0.129258072298961406E+04   -0.399191144721743640E+01    0.299248843810335359E+03   -0.119939635054416147E+02    1
    0.132735054604295644E+01    0.738937800906574694E+03   -0.383820302857746931E+01    0.299802682483757906E+03   -0.119964635054415965E+02    1
    0.132040395023893420E+01    0.116046553418810254E+04   -0.505666600245586828E+01    0.299869656373025805E+03   -0.119989635054416173E+02    1
    0.131490939950189878E+01    0.153733616794997943E+04   -0.554303307809760071E+01    0.299948632031265106E+03   -0.120014635054416416E+02    1
    0.131667608898597233E+01    0.879860752190161747E+03   -0.245338515943911339E+01    0.299986217637966320E+03   -0.120039635054416376E+02    1
    0.132779064408189607E+01    0.927269308446448463E+03   -0.490368663447088426E+01    0.300002133997500209E+03   -0.120064635054416105E+02    1
    0.133153440290286151E+01    0.836673531211478121E+03   -0.441760352245458954E+01    0.300039565720236169E+03   -0.120089635054415869E+02    1
    0.133076591848746739E+01    0.666006435967763537E+03   -0.384219508678327948E+01    0.300115732082700902E+03   -0.120114635054415793E+02    1
    0.133103925140017920E+01    0.591632031198523691E+03   -0.228165631343584963E+01    0.300135143629893946E+03   -0.120139635054416054E+02    1
    0.131975747654040321E+01    0.777075513356009651E+03   -0.233390562025458870E+01    0.300415101174278448E+03   -0.120164635054416120E+02    1
    0.132013769131300918E+01    0.796777574680109069E+03   -0.222014068977893864E+01    0.300633309180125252E+03   -0.120189635054416044E+02    1
    0.132643179170623715E+01    0.639023508165052931E+03   -0.194778910933526284E+01    0.300772750238518597E+03   -0.120214635054416146E+02    1
    0.132785174290941743E+01    0.611867399389593061E+03   -0.243185294698684196E+01    0.301114133909247244E+03   -0.120239635054416034E+02    1
    0.133198692495248316E+01    0.740395421183353847E+03   -0.364412373650484867E+01    0.301129900246918282E+03   -0.120264635054416154E+02    1
    0.132503676813599713E+01    0.868525928688669751E+03   -0.314417705932763702E+01    0.301448617304525385E+03   -0.120289635054416131E+02    1
    0.131447039574731228E+01    0.975324750271888320E+03   -0.322180307187602466E+01    0.301463883595185507E+03   -0.120314635054415913E+02    1
    0.133302434027313432E+01    0.583203356650156479E+03   -0.282234251053455054E+01    0.301479080852426591E+03   -0.120339635054415872E+02    1
    0.132751895657163965E+01    0.101343871760206537E+04   -0.430923276020039037E+01    0.301663935473972344E+03   -0.120364635054415885E+02    1
    0.132032689869390651E+01    0.959858469937616178E+03   -0.310104336567624195E+01    0.301905281428800322E+03   -0.120389635054416146E+02    1
    0.131676879397493973E+01    0.907040857715162247E+03   -0.258793433055795674E+01    0.302032964714106924E+03   -0.120414635054416213E+02    1
    0.132627603311103681E+01    0.114323626751207439E+04   -0.511305782587091517E+01    0.302188635928227427E+03   -0.120439635054416190E+02    1
    0.132534667542367068E+01    0.670645447924748055E+03   -0.194184414850472109E+01    0.302235519544377325E+03   -0.120464635054416132E+02    1
    0.131500996823139182E+01    0.932814960043337578E+03   -0.292277641471219241E+01    0.302422951000696344E+03   -0.120489635054416180E+02    1
    0.131381869891341441E+01    0.153468189619288978E+04   -0.461852538267018531E+01    0.302545095414730895E+03   -0.120514635054416370E+02    1
    0.132868913641769471E+01    0.958422684581462363E+03   -0.427281101566595112E+01    0.302954251451954860E+03   -0.120539635054416294E+02    1
    0.132066081167333227E+01    0.114329745919408265E+04   -0.500302942654091876E+01    0.303082480575964951E+03   -0.120564635054416076E+02    1
    0.132750049116972946E+01    0.834452039149716484E+03   -0.443138223213902460E+01    0.303184416349008643E+03   -0.120589635054416071E+02    1
    0.131439226614422133E+01    0.108411113256832982E+04   -0.390594443877403386E+01    0.303235873401422737E+03   -0.120614635054416297E+02    1
    0.131712769451785072E+01    0.120550082464950219E+04   -0.484104665304519788E+01    0.303257608613629941E+03   -0.120639635054416221E+02    1
    0.131735923297675450E+01    0.863815375261754070E+03   -0.245288173141068278E+01    0.303278943181119644E+03   -0.120664635054415985E+02    1
    0.133053269224096771E+01    0.786993335909589973E+03   -0.445546508275671371E+01    0.303437497269366531E+03   -0.120689635054415838E+02    1
    0.132148655184598818E+01    0.969900773248219025E+03   -0.326772128184867761E+01    0.303570155608301548E+03   -0.120714635054415904E+02    1
    0.132793110458133667E+01    0.616816645571551476E+03   -0.210545780819556860E+01    0.303957496976277412E+03   -0.120739635054415935E+02    1
    0.131899271041597976E+01    0.842821381445252200E+03   -0.241205534550744893E+01    0.304130893298718490E+03   -0.120764635054415947E+02    1
    0.131414881825947893E+01    0.148226827300829291E+04   -0.450128026914810775E+01    0.304181058310372521E+03   -0.120789635054416227E+02    1
    0.132432653453268201E+01    0.995473056075223326E+03   -0.484481215764050077E+01    0.304194927741597439E+03   -0.120814635054416115E+02    1
    0.133138469030667039E+01    0.735308735218084280E+03   -0.424505945499745518E+01    0.304219323509121523E+03   -0.120839635054416004E+02    1
    0.132598589314170279E+01    0.729403662570326105E+03   -0.242856405088119764E+01    0.304247139590568622E+03   -0.120864635054416354E+02    1
    0.132785830463743815E+01    0.649945455338228612E+03   -0.301476919350476535E+01    0.304494041490462678E+03   -0.120889635054416420E+02    1
    0.132826972063702464E+01    0.101716867923273685E+04   -0.489128097437300813E+01    0.304502538291576286E+03   -0.120914635054416237E+02    1
    0.132724150195271129E+01    0.917250576869165002E+03   -0.374303350108764477E+01    0.304556320250378576E+03   -0.120939635054416090E+02    1
    0.132492730765802680E+01    0.758760127294728363E+03   -0.249624539228993392E+01    0.304858924251105236E+03   -0.120964635054415961E+02    1
    0.132061666041676795E+01    0.847260309286428765E+03   -0.256743958559498431E+01    0.304898195794989590E+03   -0.120989635054416009E+02    1
    0.132980148558213029E+01    0.788089784013872304E+03   -0.440720752344439148E+01    0.304942658818913230E+03   -0.121014635054416040E+02    1
    0.132935866565289129E+01    0.619122020070882286E+03   -0.224877216776884659E+01    0.304957074317836714E+03   -0.121039635054416070E+02    1
    0.133190548429586175E+01    0.585254713166264537E+03   -0.304615428746457084E+01    0.305315409300989359E+03   -0.121064635054416172E+02    1
    0.131059615854735934E+01    0.116743573372336209E+04   -0.376881827011872517E+01    0.305381774575052191E+03   -0.121089635054416167E+02    1
    0.132650772804241024E+01    0.773457119626534450E+03   -0.280698935078196143E+01    0.305506420726808983E+03   -0.121114635054416393E+02    1
    0.132159005534482543E+01    0.851089280405931959E+03   -0.358578549081034303E+01    0.305564629926698160E+03   -0.121139635054416530E+02    1
    0.132682533204682529E+01    0.655304518186932114E+03   -0.280015177165195972E+01    0.305600473220462050E+03   -0.121164635054416365E+02    1
    0.132169645427760085E+01    0.139525494386725609E+04   -0.527011312074179816E+01    0.305652286240711533E+03   -0.121189635054416289E+02    1
    0.132371081996682882E+01    0.780635049178220470E+03   -0.249795343509565448E+01    0.305980829687165510E+03   -0.121214635054416391E+02    1
    0.132804469056619934E+01    0.619916928529603069E+03   -0.250559369550379785E+01    0.305996597701614689E+03   -0.121239635054416226E+02    1
    0.132179496705144017E+01    0.126061303367530627E+04   -0.453509968386631890E+01    0.306045480447458772E+03   -0.121264635054416239E+02    1
    0.132983304596877150E+01    0.913398820803638046E+03   -0.439455232994477374E+01    0.306073086447343201E+03   -0.121289635054416411E+02    1
    0.132373844260703510E+01    0.123592879141041021E+04   -0.476137456909366996E+01    0.306133921436668857E+03   -0.121314635054416442E+02    1
    0.131994620089451864E+01    0.799534051349830634E+03   -0.267974486655432464E+01    0.306997727583330686E+03   -0.121339635054416437E+02    1
    0.133086787465473577E+01    0.639450370492993898E+03   -0.272797818397839009E+01    0.307032629870775963E+03   -0.121364635054416272E+02    1
    0.131248717406281412E+01    0.152943811029334665E+04   -0.531042201566485605E+01    0.307406132636728614E+03   -0.121389635054416267E+02    1
    0.131792884618903239E+01    0.906396514711085615E+03   -0.332348468352254223E+01    0.307466961395203612E+03   -0.121414635054416173E+02    1
    0.132453906997266158E+01    0.117964995429172222E+04   -0.526179506408098163E+01    0.307487374891507955E+03   -0.121439635054416275E+02    1
    0.132438953424557493E+01    0.781375840508784677E+03   -0.259788114574714157E+01    0.307535539250662737E+03   -0.121464635054416377E+02    1
    0.132340796620119971E+01    0.127655356838632270E+04   -0.493296711845940283E+01    0.307584956688441139E+03   -0.121489635054416052E+02    1
    0.133038815668288946E+01    0.621076866851179943E+03   -0.316461439483460794E+01    0.307655425869488681E+03   -0.121514635054416100E+02    1
    0.130559389560229366E+01    0.157880513666131674E+04   -0.427604338565460385E+01    0.307680847085065466E+03   -0.121539635054416379E+02    1
    0.131397373330766953E+01    0.148027532782081062E+04   -0.449365242253152886E+01    0.307707778586761492E+03   -0.121564635054416463E+02    1
    0.132657598426056644E+01    0.102199000076943105E+04   -0.502544958446954126E+01    0.307740880510911495E+03   -0.121589635054416263E+02    1
    0.132240852564569056E+01    0.916372021091863871E+03   -0.312920512206127022E+01    0.307787539068921092E+03   -0.121614635054415938E+02    1
    0.132860772298640661E+01    0.688015707008505160E+03   -0.261161737333042154E+01    0.307820400428641108E+03   -0.121639635054416129E+02    1
    0.130800500794472807E+01    0.148251107994839981E+04   -0.473387502674764526E+01    0.307889090332029127E+03   -0.121664635054416124E+02    1
    0.131083860803982355E+01    0.130698133592073827E+04   -0.444839065208225382E+01    0.307994456504301297E+03   -0.121689635054415835E+02    1
    0.131568836243989873E+01    0.127583778502547329E+04   -0.400084751387971327E+01    0.308076313145490872E+03   -0.121714635054416078E+02    1
    0.131129571544950640E+01    0.139509447304878950E+04   -0.408319418653373312E+01    0.308087455197800637E+03   -0.121739635054416304E+02    1
    0.131374571857987488E+01    0.130958290683120413E+04   -0.480108917091331744E+01    0.308135253723368351E+03   -0.121764635054416139E+02    1
    0.132837988098501714E+01    0.635676757539469236E+03   -0.227902269538541802E+01    0.308239721598101141E+03   -0.121789635054416117E+02    1
    0.132279234197000140E+01    0.756106000125773562E+03   -0.229646921731490217E+01    0.308361665673233688E+03   -0.121814635054416200E+02    1
    0.131215650313095678E+01    0.118495383906266079E+04   -0.407504651386753025E+01    0.308382981255542745E+03   -0.121839635054416231E+02    1
    0.132929052629805411E+01    0.945440597551479755E+03   -0.461945502993554946E+01    0.308480840032704691E+03   -0.121864635054416048E+02    1
    0.132589887835148801E+01    0.683933964690423977E+03   -0.218453939111408957E+01    0.308533699954873100E+03   -0.121889635054415848E+02    1
    0.132984584227734315E+01    0.653724218915211850E+03   -0.262390044158921398E+01    0.308631442063462032E+03   -0.121914635054416109E+02    1
    0.132682095181511395E+01    0.654716025980477298E+03   -0.220401519580546257E+01    0.308688638299021534E+03   -0.121939635054416140E+02    1
    0.130658464462552004E+01    0.141834467991663041E+04   -0.433827959631813975E+01    0.308763640656494772E+03   -0.121964635054416028E+02    1
    0.132577575356906197E+01    0.684037741093473301E+03   -0.218569251439916812E+01    0.308878464575121484E+03   -0.121989635054416237E+02    1
    0.132396294298689954E+01    0.746441364806759111E+03   -0.235368728466616339E+01    0.308905380131432366E+03   -0.122014635054416090E+02    1
    0.132116378516322941E+01    0.786678503661295053E+03   -0.236775284514571283E+01    0.309080227938265352E+03   -0.122039635054415836E+02    1
    0.133231984070203735E+01    0.629892124092960785E+03   -0.344079069975656537E+01    0.309080498490707896E+03   -0.122064635054416080E+02    1
    0.132197145425730533E+01    0.136012391510164798E+04   -0.508150773730756455E+01    0.309103803010458932E+03   -0.122089635054416448E+02    1
    0.132559670609676883E+01    0.699980946255086565E+03   -0.298258314133031632E+01    0.309182725033844235E+03   -0.122114635054416247E+02    1
    0.132798464022954721E+01    0.944265057761882986E+03   -0.406022669635892886E+01    0.309219811300134893E+03   -0.122139635054416171E+02    1
    0.132532581627226653E+01    0.113466924945578285E+04   -0.517184540803723536E+01    0.309261156733856524E+03   -0.122164635054416397E+02    1
    0.133065790648114834E+01    0.612472607920326709E+03   -0.262539952876508309E+01    0.309416217286667745E+03   -0.122189635054416126E+02    1
    0.132500521558998141E+01    0.115490080971733960E+04   -0.519770334182063110E+01    0.309435864469637409E+03   -0.122214635054415979E+02    1
    0.131616793165065404E+01    0.137640228665323866E+04   -0.436803437822492668E+01    0.309513548763849201E+03   -0.122239635054416258E+02    1
    0.131214949581023799E+01    0.108790702769959330E+04   -0.350827845910295721E+01    0.309809110554908102E+03   -0.122264635054416377E+02    1
    0.132597337152825379E+01    0.701692389453984106E+03   -0.231666943612613352E+01    0.309907922694045112E+03   -0.122289635054416284E+02    1
    0.133063358915464192E+01    0.840918727409258963E+03   -0.413745468908607261E+01    0.310044527180694956E+03   -0.122314635054416190E+02    1
    0.132742845875504867E+01    0.765644051289150866E+03   -0.394172326731514389E+01    0.310169603143136726E+03   -0.122339635054416185E+02    1
    0.132359939643331348E+01    0.100583621507557007E+04   -0.476513227759784019E+01    0.310185448899125390E+03   -0.122364635054416251E+02    1
    0.133058373847081324E+01    0.680781881003211311E+03   -0.373996523842993156E+01    0.310394180382825198E+03   -0.122389635054416299E+02    1
    0.130660764262434292E+01    0.134154870583360344E+04   -0.379728111619438025E+01    0.310497458122564012E+03   -0.122414635054416188E+02    1
    0.132309519180417978E+01    0.118670648288632879E+04   -0.525927929395695681E+01    0.310604254886832280E+03   -0.122439635054415987E+02    1
    0.132487396834818316E+01    0.901016331993598897E+03   -0.441990858570792255E+01    0.310668406514829485E+03   -0.122464635054415982E+02    1
    0.130903120073500334E+01    0.140293328866219235E+04   -0.398863581463589334E+01    0.310687277579468059E+03   -0.122489635054416066E+02    1
    0.131164177534742010E+01    0.112464525747569110E+04   -0.363970205481967213E+01    0.310797758289696731E+03   -0.122514635054416186E+02    1
    0.132567432959738629E+01    0.114851075924696443E+04   -0.508399071679602876E+01    0.310803484693877806E+03   -0.122539635054416287E+02    1
    0.133189893588929587E+01    0.732068623319291419E+03   -0.389968441407165933E+01    0.310922070541155790E+03   -0.122564635054416353E+02    1
    0.133148441586220234E+01    0.622349251433060090E+03   -0.322094484586881258E+01    0.311013751775782623E+03   -0.122589635054416242E+02    1
    0.132541567720469589E+01    0.743380694233953932E+03   -0.335982387689195683E+01    0.311056704597192379E+03   -0.122614635054416219E+02    1
    0.131010689120789903E+01    0.125782665665509535E+04   -0.412327169386505865E+01    0.311343017982557683E+03   -0.122639635054416267E+02    1
    0.133090817908223591E+01    0.813190618208443311E+03   -0.429130830588915835E+01    0.311347285589613648E+03   -0.122664635054416173E+02    1
    0.132482867545907435E+01    0.731436345166716478E+03   -0.310782633106883743E+01    0.311435118544686702E+03   -0.122689635054416257E+02    1
    0.132271936431236670E+01    0.955032430055308510E+03   -0.337172735015234792E+01    0.311544075206872606E+03   -0.122714635054416359E+02    1
    0.132075672708763481E+01    0.879821438877717696E+03   -0.361350346972403358E+01    0.311594629047024057E+03   -0.122739635054416176E+02    1
    0.132156635020965085E+01    0.868299806032873335E+03   -0.367446265830983876E+01    0.311744763042973489E+03   -0.122764635054416011E+02    1
    0.132418696434532768E+01    0.922196418489022108E+03   -0.442318191923345250E+01    0.311861612443711806E+03   -0.122789635054416202E+02    1
    0.132842316164100627E+01    0.829318830812779424E+03   -0.350265519605204645E+01    0.311998156855182003E+03   -0.122814635054416392E+02    1
    0.133085809299809932E+01    0.793599240956240692E+03   -0.426779144701329383E+01    0.312136645661045804E+03   -0.122839635054416405E+02    1
    0.130599877720629554E+01    0.149642496895546992E+04   -0.412007262463218282E+01    0.312154515239595185E+03   -0.122864635054416205E+02    1
    0.132306811394312573E+01    0.907399801484950672E+03   -0.418609031407667320E+01    0.312413248621316768E+03   -0.122889635054416111E+02    1
    0.131732035862640351E+01    0.158332951998825001E+04   -0.552423155425445511E+01    0.312431359418497664E+03   -0.122914635054416266E+02    1
    0.132233050626437110E+01    0.922937497059296447E+03   -0.415207508838894412E+01    0.312568674896366247E+03   -0.122939635054416136E+02    1
    0.132711443634911452E+01    0.697853474240798278E+03   -0.250596794912464560E+01    0.312572898016813042E+03   -0.122964635054416132E+02    1
    0.132087212988405955E+01    0.138626952591208214E+04   -0.498710978236475988E+01    0.312588318955451371E+03   -0.122989635054416180E+02    1
    0.132088768218972508E+01    0.138551269515024478E+04   -0.499092796752363732E+01    0.312978122221600586E+03   -0.123014635054416122E+02    1
    0.130829406219329281E+01    0.137823338593245398E+04   -0.390866069322443543E+01    0.313103932726906578E+03   -0.123039635054416205E+02    1
    0.132865193138229420E+01    0.954017958366904395E+03   -0.437727387086428799E+01    0.313104961411348711E+03   -0.123064635054416325E+02    1
    0.133173077847976251E+01    0.662611343484174313E+03   -0.329335977236510047E+01    0.313312871252795389E+03   -0.123089635054416231E+02    1
    0.132470624808528026E+01    0.115915780872758364E+04   -0.517660171761070309E+01    0.313315427582121515E+03   -0.123114635054416031E+02    1
    0.131367397060009461E+01    0.113510351681871180E+04   -0.341167319996973895E+01    0.313552905859918098E+03   -0.123139635054416132E+02    1
    0.131141219708726786E+01    0.110357824627227774E+04   -0.334626558612788827E+01    0.313632607594588137E+03   -0.123164635054416269E+02    1
    0.132567021973941479E+01    0.964774666731406683E+03   -0.475653367840546881E+01    0.313653006707952898E+03   -0.123189635054416264E+02    1
    0.131302932396508210E+01    0.120679070946315937E+04   -0.428334517171951923E+01    0.313686274864615598E+03   -0.123214635054416153E+02    1
    0.132889919631115960E+01    0.640612571115395440E+03   -0.255878310249086027E+01    0.313744994427709173E+03   -0.123239635054416059E+02    1
    0.131852007910908298E+01    0.145622156773888241E+04   -0.550004657738768454E+01    0.313812702879412370E+03   -0.123264635054416107E+02    1
    0.131949300096893518E+01    0.119198912323219474E+04   -0.499322392396482950E+01    0.313912635953195490E+03   -0.123289635054416244E+02    1
    0.132349430405914137E+01    0.732848001289755075E+03   -0.268458162083724794E+01    0.313986261270788020E+03   -0.123314635054416151E+02    1
    0.130890328031641667E+01    0.132479367557885098E+04   -0.378358439779053413E+01    0.314161614488476687E+03   -0.123339635054416057E+02    1
    0.133180861693971564E+01    0.678769109780545705E+03   -0.358330183897916221E+01    0.314275903095112312E+03   -0.123364635054416194E+02    1
    0.131949020989469568E+01    0.125790649786455401E+04   -0.428832821242265894E+01    0.314359370808417623E+03   -0.123389635054416154E+02    1
    0.132987066429660850E+01    0.846667280312910634E+03   -0.447183664848136875E+01    0.314491008229429212E+03   -0.123414635054416042E+02    1
    0.132841551147916670E+01    0.958393170783697428E+03   -0.473672995015882226E+01    0.314579131854970342E+03   -0.123439635054416268E+02    1
    0.132151072549147708E+01    0.816609676904193293E+03   -0.319502348104791700E+01    0.314594633931405724E+03   -0.123464635054416352E+02    1
    0.133043365270534508E+01    0.838311332572826814E+03   -0.420089470191297831E+01    0.314881705457974704E+03   -0.123489635054416169E+02    1
    0.131156899618678091E+01    0.118181932080485012E+04   -0.393637529935162966E+01    0.315180357303898006E+03   -0.123514635054416182E+02    1
    0.131101557301447480E+01    0.146963258079498132E+04   -0.498870503180242952E+01    0.315361541754171412E+03   -0.123539635054416301E+02    1
    0.132719114189651433E+01    0.775588888942907488E+03   -0.391349568473465936E+01    0.315480017997022742E+03   -0.123564635054416296E+02    1
    0.132459043606155724E+01    0.117432811406426617E+04   -0.468864499957069913E+01    0.315542320311171068E+03   -0.123589635054416167E+02    1
    0.132623169729401758E+01    0.712188986333530238E+03   -0.251357158732240649E+01    0.315559019397122370E+03   -0.123614635054416144E+02    1
    0.132825053832432061E+01    0.659800523966900528E+03   -0.256801439538626575E+01    0.315581988260575713E+03   -0.123639635054416210E+02    1
    0.133041913395777400E+01    0.725211173485981021E+03   -0.334727017341367095E+01    0.315622326456648125E+03   -0.123664635054416152E+02    1
    0.133003448112746137E+01    0.862828024128588027E+03   -0.431343380036274304E+01    0.315829760458691396E+03   -0.123689635054416058E+02    1
    0.130821541990089618E+01    0.138196782060136456E+04   -0.437344313872589030E+01    0.315846667496994542E+03   -0.123714635054416178E+02    1
    0.132086525281109379E+01    0.129769164222065706E+04   -0.533930449728412704E+01    0.316141329080613104E+03   -0.123739635054416421E+02    1
    0.131691515701911221E+01    0.149515885955488079E+04   -0.484414324996803103E+01    0.316159600348524123E+03   -0.123764635054416345E+02    1
    0.131778350916031894E+01    0.948243367136764505E+03   -0.293591074509539496E+01    0.316215749962222787E+03   -0.123789635054416340E+02    1
    0.132128843683959474E+01    0.137989673104167377E+04   -0.510401323925042849E+01    0.316329386176552873E+03   -0.123814635054416318E+02    1
    0.131326665360403205E+01    0.103815232979941266E+04   -0.319272620278466945E+01    0.316336758942870233E+03   -0.123839635054416313E+02    1
    0.132833030623591464E+01    0.928534884110236135E+03   -0.469749778531401319E+01    0.316448355021563657E+03   -0.123864635054416219E+02    1
    0.133117319139960166E+01    0.686966028892476629E+03   -0.365385451031297670E+01    0.316581239362452834E+03   -0.123889635054416214E+02    1
    0.131589851695446658E+01    0.115365200939469332E+04   -0.361264223541921581E+01    0.316746579472928829E+03   -0.123914635054416227E+02    1
    0.133033064737706863E+01    0.648287724654154317E+03   -0.295975878186568409E+01    0.316764851878989703E+03   -0.123939635054415991E+02    1
    0.132371614605004950E+01    0.124843742977594411E+04   -0.497852364749101195E+01    0.316791917321906453E+03   -0.123964635054416217E+02    1
    0.131830854847811230E+01    0.904594782551329899E+03   -0.327306981184750079E+01    0.316944017386563814E+03   -0.123989635054416230E+02    1
    0.132356485647268851E+01    0.113071311828462194E+04   -0.510196907491032459E+01    0.317059068749414166E+03   -0.124014635054416207E+02    1
    0.132237043054760939E+01    0.861114686584411402E+03   -0.289678206000275829E+01    0.317190703814862729E+03   -0.124039635054416433E+02    1
    0.132042267590634088E+01    0.129759561153814911E+04   -0.531745632912318467E+01    0.317278324375796046E+03   -0.124064635054416303E+02    1
    0.132420322990687378E+01    0.934920999226480035E+03   -0.444103667262693946E+01    0.317311205119512579E+03   -0.124089635054416316E+02    1
    0.133044102072755188E+01    0.698121041341015825E+03   -0.321577432891972670E+01    0.317315682441103036E+03   -0.124114635054416222E+02    1
    0.132558016433009573E+01    0.757806531201243160E+03   -0.345872659063813614E+01    0.317321233295885918E+03   -0.124139635054416200E+02    1
    0.131471640476330376E+01    0.112328151285648255E+04   -0.343434415079553723E+01    0.317842249985807825E+03   -0.124164635054416195E+02    1
    0.130891820213218724E+01    0.126935593615730568E+04   -0.368184334981619799E+01    0.318103877410781934E+03   -0.124189635054416208E+02    1
    0.132507581927448270E+01    0.799172542358676310E+03   -0.370616955184525132E+01    0.318124792004397136E+03   -0.124214635054416416E+02    1
    0.131363337177606909E+01    0.106959011123972050E+04   -0.359038214554844615E+01    0.318368165852794959E+03   -0.124239635054416162E+02    1
    0.132247708807697628E+01    0.765844630445716689E+03   -0.258816140470375444E+01    0.318422168388191949E+03   -0.124264635054416033E+02    1
    0.130864987228755902E+01    0.135010689144519415E+04   -0.386938652236297109E+01    0.318574163739982055E+03   -0.124289635054416223E+02    1
    0.132779209890722960E+01    0.988447085065742044E+03   -0.445980922788582923E+01    0.318866670368786231E+03   -0.124314635054416147E+02    1
    0.131016640303776533E+01    0.120215856968744720E+04   -0.377736722696755045E+01    0.318887818597254636E+03   -0.124339635054416231E+02    1
    0.131590776136193166E+01    0.141784915814262195E+04   -0.528826782660047812E+01    0.318926028706655870E+03   -0.124364635054416262E+02    1
    0.132186165066177708E+01    0.131453805328250019E+04   -0.486569257377985664E+01    0.318961295416599171E+03   -0.124389635054416150E+02    1
    0.132976843154749624E+01    0.840228042418016571E+03   -0.434973889289478688E+01    0.319044705353433812E+03   -0.124414635054416287E+02    1
    0.132325788493450580E+01    0.113780404088424893E+04   -0.429034643667695192E+01    0.319132737257790950E+03   -0.124439635054416300E+02    1
    0.132860761906165692E+01    0.802380944383362817E+03   -0.418608419978013302E+01    0.319239631459253474E+03   -0.124464635054416224E+02    1
    0.131498105882576310E+01    0.987327929558997312E+03   -0.306916430428261577E+01    0.319301182948764279E+03   -0.124489635054416148E+02    1
    0.131464269291685532E+01    0.119567733526833081E+04   -0.442093926109610358E+01    0.319305072446458098E+03   -0.124514635054416267E+02    1
    0.131531726418938688E+01    0.139827496086580231E+04   -0.519122268442831913E+01    0.319425696641856291E+03   -0.124539635054416244E+02    1
    0.132823427537030891E+01    0.721660062414972117E+03   -0.357647287196612496E+01    0.319438827847931918E+03   -0.124564635054416115E+02    1
    0.133060624388304527E+01    0.700682095084820048E+03   -0.334775439731623159E+01    0.319471336909939396E+03   -0.124589635054416199E+02    1
    0.132632643023816477E+01    0.107855464471828509E+04   -0.463815604940109427E+01    0.319544459227227890E+03   -0.124614635054416087E+02    1
    0.132589687455466709E+01    0.725589343747800172E+03   -0.263211018334375346E+01    0.319562795040244396E+03   -0.124639635054416171E+02    1
    0.130704362809404406E+01    0.134765078988948812E+04   -0.390145093717517000E+01    0.319744556895308222E+03   -0.124664635054416433E+02    1
    0.132105718561467511E+01    0.108549056857279015E+04   -0.473917953626074606E+01    0.319857174510703203E+03   -0.124689635054416232E+02    1
    0.131530965369423947E+01    0.135038154364709908E+04   -0.505006782010248667E+01    0.319881429139583304E+03   -0.124714635054416210E+02    1
    0.131863925193963061E+01    0.135318451140138541E+04   -0.531990683091994843E+01    0.319885650852586366E+03   -0.124739635054416453E+02    1
    0.131611153307440487E+01    0.977610494200818152E+03   -0.338895111543360272E+01    0.319991778586463511E+03   -0.124764635054416324E+02    1
    0.132807915827061418E+01    0.958972568087088575E+03   -0.434143889358999502E+01    0.320013165294145892E+03   -0.124789635054416088E+02    1
    0.131039999103972260E+01    0.117571634050584862E+04   -0.361572610161318764E+01    0.320079742045265789E+03   -0.124814635054416154E+02    1
    0.132065897831963319E+01    0.877600136623371554E+03   -0.350258485619652760E+01    0.320272703857763872E+03   -0.124839635054416185E+02    1
    0.132554463830768654E+01    0.710609009759361470E+03   -0.281702937541879450E+01    0.320320019097918589E+03   -0.124864635054416020E+02    1
    0.132154081665278689E+01    0.984206371102487651E+03   -0.432016838725444519E+01    0.320520722213904946E+03   -0.124889635054416246E+02    1
    0.132385907010899873E+01    0.744570283830933136E+03   -0.260744618495881397E+01    0.320526586441818722E+03   -0.124914635054416223E+02    1
    0.131264195877478618E+01    0.128037293480596418E+04   -0.385079579381562631E+01    0.320533676773736374E+03   -0.124939635054416076E+02    1
    0.132494822709100779E+01    0.861880802986593608E+03   -0.409742149620909135E+01    0.320645375296084239E+03   -0.124964635054416284E+02    1
    0.131833692752963572E+01    0.965503300649739572E+03   -0.308100545756815691E+01    0.320743541827843842E+03   -0.124989635054416404E+02    1
    0.131638172730321301E+01    0.945386007832808104E+03   -0.296960696570665128E+01    0.320758512992348528E+03   -0.125014635054416363E+02    1
    0.131440728606357293E+01    0.111839176823221419E+04   -0.342450442218137319E+01    0.320967180388201655E+03   -0.125039635054416163E+02    1
    0.132317133432347478E+01    0.120669134582822062E+04   -0.519279080803544613E+01    0.320991946626271897E+03   -0.125064635054416247E+02    1
    0.132470643370011087E+01    0.769823515549588137E+03   -0.273385485764007896E+01    0.321175500144138311E+03   -0.125089635054416348E+02    1
    0.131479391571907001E+01    0.135202222818714608E+04   -0.421292343360185662E+01    0.321275981051802034E+03   -0.125114635054416166E+02    1
    0.132735405954647012E+01    0.796409875420417848E+03   -0.400422566849583372E+01    0.321319250888969520E+03   -0.125139635054416161E+02    1
    0.132502332253725097E+01    0.116010453102575639E+04   -0.486863176546730081E+01    0.321332017461047826E+03   -0.125164635054416102E+02    1
    0.132866223093907476E+01    0.923596223920680472E+03   -0.432925207720963012E+01    0.321407777751017875E+03   -0.125189635054415973E+02    1
    0.130921552049561107E+01    0.135446369124262537E+04   -0.436231687506931287E+01    0.321485632602076805E+03   -0.125214635054416057E+02    1
    0.131963026951217621E+01    0.145331726822830319E+04   -0.534300221621199700E+01    0.321531126034665135E+03   -0.125239635054416141E+02    1
    0.131197071997159687E+01    0.149013219129969661E+04   -0.511162201049991527E+01    0.321614375592939723E+03   -0.125264635054416065E+02    1
    0.131915930974766549E+01    0.133185416794163825E+04   -0.529431779640865230E+01    0.321642419946255814E+03   -0.125289635054416202E+02    1
    0.132730229352823037E+01    0.695136971433552276E+03   -0.307608996596900752E+01    0.321680225093617196E+03   -0.125314635054416268E+02    1
    0.131973013496483360E+01    0.116107430168335895E+04   -0.397846205625490157E+01    0.321878748824495290E+03   -0.125339635054416014E+02    1
    0.131276537684717987E+01    0.120198513070246463E+04   -0.417581162254336391E+01    0.321919056414299234E+03   -0.125364635054416169E+02    1
    0.132267938658129647E+01    0.124268430734069193E+04   -0.521875852157887632E+01    0.322043564527389435E+03   -0.125389635054416182E+02    1
    0.130860672267841127E+01    0.151980361387619837E+04   -0.485825956340980447E+01    0.322111140449845379E+03   -0.125414635054415982E+02    1
    0.132789480447080388E+01    0.923601997741010450E+03   -0.460769844252033156E+01    0.322334269037079650E+03   -0.125439635054416225E+02    1
    0.130669345220910493E+01    0.137778300095704753E+04   -0.403624256509297474E+01    0.322346196798481628E+03   -0.125464635054416398E+02    1
    0.133019826560870946E+01    0.695528430113549348E+03   -0.346097671847832089E+01    0.322418925808505321E+03   -0.125489635054416233E+02    1
    0.132789104053279328E+01    0.954250294863539125E+03   -0.464046271969758894E+01    0.322555067906321312E+03   -0.125514635054416317E+02    1
    0.132403722447969185E+01    0.758770288224050773E+03   -0.301494322307186735E+01    0.322751615102980224E+03   -0.125539635054416507E+02    1
    0.131442781293680611E+01    0.117472632446155239E+04   -0.426783206543722127E+01    0.322772739136050120E+03   -0.125564635054416378E+02    1
    0.132171179900223401E+01    0.119806116616447298E+04   -0.513474801440376361E+01    0.322813515580736521E+03   -0.125589635054416231E+02    1
    0.131699918753668532E+01    0.130091761494205412E+04   -0.423123560227561057E+01    0.323118428808468479E+03   -0.125614635054416297E+02    1
    0.131522824086805645E+01    0.990881728048303785E+03   -0.317891405801505122E+01    0.323222826581014090E+03   -0.125639635054416470E+02    1
    0.131936470711877840E+01    0.888303737608258871E+03   -0.285739609044712495E+01    0.323235749262638024E+03   -0.125664635054416518E+02    1
    0.132091977995482024E+01    0.134187775130657155E+04   -0.485059236025042750E+01    0.323383512794148430E+03   -0.125689635054416371E+02    1
    0.132013588270512994E+01    0.106433611469086463E+04   -0.450731227406799029E+01    0.323415585900285578E+03   -0.125714635054416348E+02    1
    0.132874171128266139E+01    0.688353407787302785E+03   -0.300333793415526529E+01    0.323466139622440664E+03   -0.125739635054416201E+02    1
    0.131322230987069677E+01    0.119828712807411034E+04   -0.364132078545025806E+01    0.323537407654338494E+03   -0.125764635054416072E+02    1
    0.132949213814690514E+01    0.843579575627169106E+03   -0.424373570686047685E+01    0.323639534451459781E+03   -0.125789635054416333E+02    1
    0.132908557486936774E+01    0.799848314202130155E+03   -0.363011412104231823E+01    0.323684085000797268E+03   -0.125814635054416382E+02    1
    0.131640295257125106E+01    0.114861857078111598E+04   -0.441325326153864772E+01    0.323743761050477360E+03   -0.125839635054416181E+02    1
    0.132563321789407262E+01    0.870939297793042442E+03   -0.421901965841774551E+01    0.323810142309759158E+03   -0.125864635054416194E+02    1
    0.132064772765873539E+01    0.934357462999154336E+03   -0.312810809705977810E+01    0.323829783131624595E+03   -0.125889635054416402E+02    1
    0.131418493487745791E+01    0.128235279371701881E+04   -0.468114066473714452E+01    0.324003486915451901E+03   -0.125914635054416308E+02    1
    0.131967850230386952E+01    0.108287100856058896E+04   -0.367634847446489843E+01    0.324138376982268028E+03   -0.125939635054416197E+02    1
    0.132602586729268745E+01    0.729012536960435909E+03   -0.311513482161417521E+01    0.324158679995001194E+03   -0.125964635054416103E+02    1
    0.130877297461932662E+01    0.129047323705017106E+04   -0.397274726033769809E+01    0.324264760077593223E+03   -0.125989635054416134E+02    1
    0.131386167144128541E+01    0.150408158079844088E+04   -0.529091728299263586E+01    0.324278614287005212E+03   -0.126014635054416200E+02    1
    0.132380619534313393E+01    0.105111844128660005E+04   -0.483406294543722037E+01    0.324285582378663321E+03   -0.126039635054416195E+02    1
    0.130446664471594431E+01    0.155657374634259895E+04   -0.446289567897837358E+01    0.324300917815545063E+03   -0.126064635054416403E+02    1
    0.132112531564032754E+01    0.105801215884455678E+04   -0.460199662417237398E+01    0.324306701950273350E+03   -0.126089635054416505E+02    1
    0.130761749237657754E+01    0.152055244009200123E+04   -0.427233032932144319E+01    0.324413837126934709E+03   -0.126114635054416500E+02    1
    0.131353585658335281E+01    0.151555512475589694E+04   -0.529454263921225721E+01    0.324422579751653416E+03   -0.126139635054416424E+02    1
    0.130519812909650779E+01    0.151488949391766437E+04   -0.420572956174732315E+01    0.324465319477624632E+03   -0.126164635054416312E+02    1
    0.130939307249266901E+01    0.142570601925851815E+04   -0.411965428844710946E+01    0.324489737316315541E+03   -0.126189635054416254E+02    1
    0.132611360772530773E+01    0.101666176547720409E+04   -0.482568998567188245E+01    0.324558211473500364E+03   -0.126214635054416302E+02    1
    0.131360479350911774E+01    0.107258908239455468E+04   -0.329588243699782879E+01    0.324611547698845072E+03   -0.126239635054416262E+02    1
    0.131656470998643060E+01    0.101600264189997165E+04   -0.371891927530687738E+01    0.324662306183400005E+03   -0.126264635054416274E+02    1
    0.131195915369018934E+01    0.117149686623189245E+04   -0.351813859453949362E+01    0.324679758923002055E+03   -0.126289635054416181E+02    1
    0.132284384382636011E+01    0.847958078092069172E+03   -0.361614422872381347E+01    0.324983654922540609E+03   -0.126314635054416229E+02    1
    0.132252120576278198E+01    0.109770935474639464E+04   -0.488692192250621904E+01    0.324995236776640468E+03   -0.126339635054416419E+02    1
    0.130537739554042953E+01    0.154898288942953627E+04   -0.427666217503471557E+01    0.325094696951162121E+03   -0.126364635054416130E+02    1
    0.131680273353086497E+01    0.117682345611007941E+04   -0.380499429384889254E+01    0.325320078155090471E+03   -0.126389635054416214E+02    1
    0.131619688116680211E+01    0.979809891230019616E+03   -0.334614239373511069E+01    0.325370693524980595E+03   -0.126414635054416333E+02    1
    0.132038104849042393E+01    0.125445140593491783E+04   -0.516737158855637446E+01    0.325507098727552943E+03   -0.126439635054416275E+02    1
    0.132498963973129924E+01    0.815945672291724463E+03   -0.305051449914728146E+01    0.325544858508203902E+03   -0.126464635054416377E+02    1
    0.131015719514842877E+01    0.145562898739033722E+04   -0.482028705292741577E+01    0.325547902051602534E+03   -0.126489635054416176E+02    1
    0.130966590383011350E+01    0.158158971590552119E+04   -0.452649143460570969E+01    0.325641890647115815E+03   -0.126514635054416100E+02    1
    0.132228038203010567E+01    0.126199682035111209E+04   -0.474283722906933214E+01    0.325683455595387613E+03   -0.126539635054416237E+02    1
    0.132028728997787947E+01    0.140226827632905179E+04   -0.529394950031205447E+01    0.325804432167546452E+03   -0.126564635054416286E+02    1
    0.130964716273979276E+01    0.146816679535867934E+04   -0.480071394533957463E+01    0.325833494856425659E+03   -0.126589635054416334E+02    1
    0.130563948747725078E+01    0.150406446108698037E+04   -0.442782929677381176E+01    0.325850080612772672E+03   -0.126614635054416187E+02    1
    0.131328535912764366E+01    0.107529309514224406E+04   -0.338295495983712691E+01    0.325991397844615733E+03   -0.126639635054416093E+02    1
    0.131984866656781907E+01    0.947795477364938051E+03   -0.314850268847901837E+01    0.326007619910290600E+03   -0.126664635054416141E+02    1
    0.132226754460582607E+01    0.108856674978380283E+04   -0.482518325862942454E+01    0.326171287373206724E+03   -0.126689635054416279E+02    1
    0.132869237574307331E+01    0.841702022803089221E+03   -0.425955669442486151E+01    0.326224512817373466E+03   -0.126714635054416380E+02    1
    0.131376036562446297E+01    0.146188742837632867E+04   -0.447863026168821499E+01    0.326268100503767982E+03   -0.126739635054416304E+02    1
    0.132363181723501810E+01    0.101094272932953675E+04   -0.465856605752315289E+01    0.326294512381404900E+03   -0.126764635054416281E+02    1
    0.132732820207160507E+01    0.975706918374580937E+03   -0.433912867548133185E+01    0.326630503940907658E+03   -0.126789635054416294E+02    1
    0.132751175746399830E+01    0.921553994384919861E+03   -0.454290513720229150E+01    0.326700327924909629E+03   -0.126814635054416147E+02    1
    0.131587984745663178E+01    0.129238365925706967E+04   -0.488974305633620876E+01    0.326708110850304195E+03   -0.126839635054416231E+02    1
    0.131432136131040478E+01    0.130121946127277261E+04   -0.404032535992048469E+01    0.326715835663491816E+03   -0.126864635054416492E+02    1
    0.132378556230077860E+01    0.949116622182197716E+03   -0.438853807269789087E+01    0.326738888445354632E+03   -0.126889635054416239E+02    1
    0.132269950131028557E+01    0.119591220673106727E+04   -0.512827369007989464E+01    0.326747091562289597E+03   -0.126914635054416269E+02    1
    0.131187800271118360E+01    0.114350002158286043E+04   -0.349290497549091050E+01    0.326780711077438980E+03   -0.126939635054416495E+02    1
    0.132329827377239062E+01    0.779944569133217783E+03   -0.291560481664041404E+01    0.326916282381018277E+03   -0.126964635054416366E+02    1
    0.130924700521657522E+01    0.142929444251332393E+04   -0.462494130069420528E+01    0.326950793064612867E+03   -0.126989635054416361E+02    1
    0.132560558252702720E+01    0.906184597082863775E+03   -0.438457800116799845E+01    0.327070648718733935E+03   -0.127014635054416338E+02    1
    0.130474420455411999E+01    0.152919538759976399E+04   -0.435101166047664911E+01    0.327080801093153241E+03   -0.127039635054416280E+02    1
    0.132499007693761728E+01    0.841536093605822543E+03   -0.389627732621601730E+01    0.327129910093953129E+03   -0.127064635054416453E+02    1
    0.132881216486901943E+01    0.730748205338844969E+03   -0.352421269134759996E+01    0.327306206024817925E+03   -0.127089635054416341E+02    1
    0.132078013538595362E+01    0.109831637473934916E+04   -0.470715936018579484E+01    0.327408430429392524E+03   -0.127114635054416247E+02    1
    0.132460060233247368E+01    0.755215039258800402E+03   -0.287610658160138577E+01    0.327415900343502585E+03   -0.127139635054416260E+02    1
    0.131692143280739216E+01    0.148054082097200899E+04   -0.540326624172908154E+01    0.327441031749038416E+03   -0.127164635054416042E+02    1
    0.130510004580161709E+01    0.152589045186264093E+04   -0.441635786007893483E+01    0.327445252255163609E+03   -0.127189635054415966E+02    1
    0.131511084742206452E+01    0.101731048331274383E+04   -0.322871157536300935E+01    0.327502449443967862E+03   -0.127214635054416210E+02    1
    0.132765328408003391E+01    0.922598084543649748E+03   -0.407215708851178348E+01    0.327521473382339195E+03   -0.127239635054416436E+02    1
    0.132903048885160513E+01    0.752757419839645991E+03   -0.371009611599016154E+01    0.327581146448224217E+03   -0.127264635054416253E+02    1
    0.130630303503581402E+01    0.145298355892173663E+04   -0.430707205088511813E+01    0.327613719601142520E+03   -0.127289635054416124E+02    1
    0.132893165064664265E+01    0.850989258854812988E+03   -0.397348405231172563E+01    0.327624874249346021E+03   -0.127314635054416367E+02    1
    0.132336248480512175E+01    0.955103044580989035E+03   -0.436515364126815619E+01    0.327716398733925132E+03   -0.127339635054416487E+02    1
    0.132875901635635874E+01    0.739899626332765024E+03   -0.331945071250869894E+01    0.327800926934876884E+03   -0.127364635054416500E+02    1
    0.131341266598988304E+01    0.117461831968859633E+04   -0.409404892349960203E+01    0.327866627061375880E+03   -0.127389635054416583E+02    1
    0.131747787264423111E+01    0.105805352432310906E+04   -0.342963961693281050E+01    0.327871372037482786E+03   -0.127414635054416188E+02    1
    0.131681592925546331E+01    0.155563544989736602E+04   -0.542400501280913616E+01    0.328072134669700631E+03   -0.127439635054416325E+02    1
    0.131725317789607810E+01    0.952754463878237516E+03   -0.330226150893856563E+01    0.328087231480536957E+03   -0.127464635054416018E+02    1
    0.132591113653660364E+01    0.759967484440433395E+03   -0.334699759210193193E+01    0.328098830452754214E+03   -0.127489635054416137E+02    1
    0.130879790830261800E+01    0.137765189399079918E+04   -0.399312975643421453E+01    0.328136738140157377E+03   -0.127514635054416239E+02    1
    0.132764377332590988E+01    0.786770990938116029E+03   -0.386025586373662222E+01    0.328196967291102737E+03   -0.127539635054416127E+02    1
    0.132913237500887993E+01    0.737247198273518734E+03   -0.353238639559173428E+01    0.328213666870623001E+03   -0.127564635054416069E+02    1
    0.131438310035285055E+01    0.121092123200361630E+04   -0.376311105515710942E+01    0.328215329498310780E+03   -0.127589635054416135E+02    1
    0.131534835914602399E+01    0.107576208228394216E+04   -0.385823384988387197E+01    0.328379823474431760E+03   -0.127614635054416361E+02    1
    0.131074125671779118E+01    0.131843400544606038E+04   -0.438394669944299409E+01    0.328389920297097660E+03   -0.127639635054416161E+02    1
    0.131747442222921873E+01    0.942157610447255479E+03   -0.305460647640405014E+01    0.328480916917430477E+03   -0.127664635054416014E+02    1
    0.131704721844277417E+01    0.951906355414415543E+03   -0.309747743362171057E+01    0.328574335189441399E+03   -0.127689635054416080E+02    1
    0.132340137859866580E+01    0.119983447938178915E+04   -0.469596490237125241E+01    0.328821640194187466E+03   -0.127714635054416341E+02    1
    0.131679083563434363E+01    0.962009973081605267E+03   -0.324195662925134087E+01    0.328833980694180241E+03   -0.127739635054416034E+02    1
    0.131839516955683167E+01    0.143658409076461840E+04   -0.488562609532770065E+01    0.328858018313383809E+03   -0.127764635054416136E+02    1
    0.132713024577363270E+01    0.968901341426244699E+03   -0.425784049627440098E+01    0.328902228481249949E+03   -0.127789635054416006E+02    1
    0.131774421149872767E+01    0.124416411323472721E+04   -0.412102382327583072E+01    0.328931227870449788E+03   -0.127814635054415966E+02    1
    0.132397701868926942E+01    0.931686815725110819E+03   -0.350221404706061534E+01    0.328991238628827830E+03   -0.127839635054416227E+02    1
    0.131830760443386819E+01    0.923900093266807630E+03   -0.301233493940265262E+01    0.329000785256813515E+03   -0.127864635054416365E+02    1
    0.132347400038886986E+01    0.110701127179742571E+04   -0.424752140155154478E+01    0.329075358571869629E+03   -0.127889635054416217E+02    1
    0.130518347846094152E+01    0.154315794351398517E+04   -0.448256281405592016E+01    0.329144940957530139E+03   -0.127914635054416124E+02    1
    0.132164849461938738E+01    0.929140214712258171E+03   -0.324518293529224167E+01    0.329398712896720781E+03   -0.127939635054416314E+02    1
    0.131711756893762022E+01    0.962522530537507691E+03   -0.310497238788931540E+01    0.329411886292240524E+03   -0.127964635054416291E+02    1
    0.131834688605594996E+01    0.940784857766927871E+03   -0.343677576857252554E+01    0.329493018383057233E+03   -0.127989635054416233E+02    1
    0.131781269499369280E+01    0.105462312642709821E+04   -0.410019434381466130E+01    0.329604623391810719E+03   -0.128014635054416424E+02    1
    0.132192633832539697E+01    0.109217468426896835E+04   -0.397300270383763632E+01    0.329649875290846808E+03   -0.128039635054416223E+02    1
    0.131156400862009237E+01    0.129652653336932826E+04   -0.388697266808115671E+01    0.329674586112452630E+03   -0.128064635054416236E+02    1
    0.132101565136464449E+01    0.872575192568490138E+03   -0.340091430276265960E+01    0.329726340116737219E+03   -0.128089635054416195E+02    1
    0.132264770639078866E+01    0.891378884588832079E+03   -0.385792651478918458E+01    0.329778612262312265E+03   -0.128114635054415942E+02    1
    0.131647576721424198E+01    0.103237511917668144E+04   -0.328603661515185941E+01    0.329809611589632709E+03   -0.128139635054416061E+02    1
    0.132502185895287328E+01    0.790130038922324047E+03   -0.300016959455397014E+01    0.329837188522245015E+03   -0.128164635054416394E+02    1
    0.130672482665659295E+01    0.149122842804134075E+04   -0.450948702225640741E+01    0.329960831109610012E+03   -0.128189635054416442E+02    1
    0.131221037266429974E+01    0.125736739363115521E+04   -0.431053232703883182E+01    0.330043430816607042E+03   -0.128214635054416171E+02    1
    0.130711212501525864E+01    0.147700290679931641E+04   -0.451201081275939941E+01    0.330097444689974964E+03   -0.128239635054416024E+02    1
    0.132577945623008020E+01    0.911680348393400891E+03   -0.367064530065293226E+01    0.330374879689224144E+03   -0.128264635054416232E+02    1
    0.131330449606667354E+01    0.154607695683770385E+04   -0.531009049808727074E+01    0.330496433026221666E+03   -0.128289635054416262E+02    1
    0.131303651163758550E+01    0.126047801580103896E+04   -0.442580654204738000E+01    0.330540338682489732E+03   -0.128314635054416293E+02    1
    0.132176243177374486E+01    0.108509073821286938E+04   -0.473753843002402153E+01    0.330575265891696404E+03   -0.128339635054416590E+02    1
    0.132016301054349916E+01    0.932631635287049676E+03   -0.370856531400887235E+01    0.330664724723258360E+03   -0.128364635054416567E+02    1
    0.132787861752879888E+01    0.920070268049052856E+03   -0.440284839917892779E+01    0.330702359258127558E+03   -0.128389635054416225E+02    1
    0.132274954422560964E+01    0.109455667040963021E+04   -0.408935952766217792E+01    0.330841756622158869E+03   -0.128414635054415989E+02    1
    0.132793366042192673E+01    0.921571211260843029E+03   -0.430670091047779735E+01    0.330962427166855718E+03   -0.128439635054416179E+02    1
    0.131533663061460215E+01    0.117394241424259758E+04   -0.434095481113878989E+01    0.330992869726056483E+03   -0.128464635054416370E+02    1
    0.131856801581281413E+01    0.127958627037476367E+04   -0.433644661927203945E+01    0.331002588468058491E+03   -0.128489635054416524E+02    1
    0.130637748296331346E+01    0.145278425523402916E+04   -0.427791853354718832E+01    0.331163983674283372E+03   -0.128514635054416413E+02    1
    0.132397106517856145E+01    0.790912959585000863E+03   -0.316492868006269568E+01    0.331198315230747198E+03   -0.128539635054416230E+02    1
    0.131778462467757485E+01    0.141612259326904677E+04   -0.473917495176783365E+01    0.331242608607418049E+03   -0.128564635054416136E+02    1
    0.132028736415580794E+01    0.877066423762071963E+03   -0.326291929673260306E+01    0.331370470081400754E+03   -0.128589635054416007E+02    1
    0.131601539303659920E+01    0.120914491637095443E+04   -0.458025313879978047E+01    0.331583863634923432E+03   -0.128614635054416233E+02    1
    0.132396467646817917E+01    0.116968756807631530E+04   -0.470412969226103073E+01    0.331596706999027106E+03   -0.128639635054416157E+02    1
    0.132385075324857171E+01    0.796813807048063836E+03   -0.321651597188636096E+01    0.331648808230263228E+03   -0.128664635054416188E+02    1
    0.131705261494290515E+01    0.963571468190353130E+03   -0.325733692180627266E+01    0.331701684308912149E+03   -0.128689635054416307E+02    1
    0.132306792914086335E+01    0.120635553913793842E+04   -0.506549069106124250E+01    0.331800577883677590E+03   -0.128714635054416391E+02    1
    0.131514563590952704E+01    0.136734820535884955E+04   -0.503068772606991477E+01    0.331807750783478468E+03   -0.128739635054416439E+02    1
    0.132558800161160106E+01    0.766695699779452298E+03   -0.305221171774797639E+01    0.331815439028329820E+03   -0.128764635054416114E+02    1
    0.131465930060509950E+01    0.106787212740827499E+04   -0.363692825378962503E+01    0.331945463199729147E+03   -0.128789635054416216E+02    1
    0.131859383078873504E+01    0.972694826703435751E+03   -0.320291930220885490E+01    0.331955443891679806E+03   -0.128814635054416460E+02    1
    0.132776308354461414E+01    0.874677848594348006E+03   -0.427297112132839185E+01    0.331978344636042266E+03   -0.128839635054416206E+02    1
    0.132412114600031794E+01    0.793543411379405370E+03   -0.320248051496349895E+01    0.332074003773571746E+03   -0.128864635054416059E+02    1
    0.131821456003459936E+01    0.129082598228112420E+04   -0.434372018508517410E+01    0.332094748281074374E+03   -0.128889635054416409E+02    1
    0.131241034179620542E+01    0.132591171064262653E+04   -0.402517346769652562E+01    0.332122569626310110E+03   -0.128914635054416458E+02    1
    0.131797792842852202E+01    0.130593376514484771E+04   -0.509870015943158172E+01    0.332137761596752000E+03   -0.128939635054416346E+02    1
    0.132767900938413108E+01    0.932256661095899176E+03   -0.436467086308207097E+01    0.332153172575618669E+03   -0.128964635054416465E+02    1
    0.132031480305665028E+01    0.981761660512118624E+03   -0.336715364788807747E+01    0.332209680641137197E+03   -0.128989635054416567E+02    1
    0.131977219466616957E+01    0.127210501197446001E+04   -0.444396705269706871E+01    0.332232424799985552E+03   -0.129014635054416491E+02    1
    0.131754905456722371E+01    0.152672134224226602E+04   -0.524447190355615867E+01    0.332437555025211338E+03   -0.129039635054416486E+02    1
    0.132040958222209515E+01    0.138256056708411688E+04   -0.511850978833781678E+01    0.332539084130191100E+03   -0.129064635054416232E+02    1
    0.131730337797012442E+01    0.986491476027731778E+03   -0.321284721786574856E+01    0.332602599534733315E+03   -0.129089635054416068E+02    1
    0.131738042737513750E+01    0.140180530457731311E+04   -0.527275019364662434E+01    0.332753050529259099E+03   -0.129114635054416418E+02    1
    0.130567105334571720E+01    0.154900231663570003E+04   -0.455220844972275351E+01    0.332798415438071288E+03   -0.129139635054416377E+02    1
    0.132498443459350490E+01    0.855670271635361701E+03   -0.393719295169828953E+01    0.332950222799094490E+03   -0.129164635054416248E+02    1
    0.130931181134618346E+01    0.128787317504899033E+04   -0.388072851398755603E+01    0.333037945637320490E+03   -0.129189635054416154E+02    1
    0.131718423155211029E+01    0.149673521068540936E+04   -0.537423152067917442E+01    0.333102883979386434E+03   -0.129214635054416114E+02    1
    0.130783762102918200E+01    0.141605232067995394E+04   -0.409623414591540058E+01    0.333471037624133999E+03   -0.129239635054416215E+02    1
    0.132802205614679236E+01    0.788288214121711007E+03   -0.374314929852325129E+01    0.333558665109219760E+03   -0.129264635054416264E+02    1
    0.131560536511925941E+01    0.114708524194029724E+04   -0.365790119804823810E+01    0.333695317507067102E+03   -0.129289635054416401E+02    1
    0.131625525204476967E+01    0.114864819975350815E+04   -0.433588557085588899E+01    0.333744962326733344E+03   -0.129314635054416325E+02    1
    0.131892178257743753E+01    0.141843434106800532E+04   -0.530610455544562498E+01    0.333850619735942075E+03   -0.129339635054416302E+02    1
    0.132248043533671411E+01    0.112732084108034451E+04   -0.422382463595493007E+01    0.333885260093678085E+03   -0.129364635054416244E+02    1
    0.130669620717222412E+01    0.144134954207992860E+04   -0.417393596212488838E+01    0.333941577124507944E+03   -0.129389635054416257E+02    1
    0.131387128083703231E+01    0.149488887479489881E+04   -0.522457655615034788E+01    0.333951989962364166E+03   -0.129414635054416358E+02    1
    0.132828412680419272E+01    0.812791840269387876E+03   -0.376262207670632698E+01    0.333953952984473233E+03   -0.129439635054416371E+02    1
    0.132296852970849566E+01    0.103052621336854554E+04   -0.386649041242704072E+01    0.334092788865233615E+03   -0.129464635054416384E+02    1
    0.132500702071634957E+01    0.792211295526391382E+03   -0.311043995408792462E+01    0.334155199021189503E+03   -0.129489635054416325E+02    1
    0.132692531932486091E+01    0.975992604604427243E+03   -0.446108777141774571E+01    0.334189063779829098E+03   -0.129514635054416249E+02    1
    0.131779932482168816E+01    0.953626388745086842E+03   -0.317427490338226548E+01    0.334226004932144292E+03   -0.129539635054416209E+02    1
    0.131681226265084361E+01    0.130438233845359264E+04   -0.426464370349973798E+01    0.334234342219716950E+03   -0.129564635054416168E+02    1
    0.132268977712758562E+01    0.851093245050667292E+03   -0.347872120521525829E+01    0.334243946228293908E+03   -0.129589635054416252E+02    1
    0.131822243849075083E+01    0.115654347472356585E+04   -0.461315783094570619E+01    0.334330106954225585E+03   -0.129614635054416336E+02    1
    0.132506536787261342E+01    0.105001026713748161E+04   -0.429992059840005325E+01    0.334589227419477425E+03   -0.129639635054416367E+02    1
    0.131461408412948622E+01    0.152991210577030506E+04   -0.533535231227196238E+01    0.334722578720886190E+03   -0.129664635054416397E+02    1
    0.132304237713305173E+01    0.998086084657779224E+03   -0.374217377173889965E+01    0.334728409591675245E+03   -0.129689635054416375E+02    1
    0.130687633566572248E+01    0.156282376472544979E+04   -0.438426714143981222E+01    0.335010448910081777E+03   -0.129714635054416352E+02    1
    0.132195269400686399E+01    0.123311886190952100E+04   -0.508982357698140575E+01    0.335058892212037335E+03   -0.129739635054416382E+02    1
    0.132009207368908599E+01    0.895039991570332290E+03   -0.333718638409960455E+01    0.335110145175120977E+03   -0.129764635054416466E+02    1
    0.132000076916986631E+01    0.960731761607484032E+03   -0.328203066475478344E+01    0.335214656686279397E+03   -0.129789635054416319E+02    1
    0.131382411795429133E+01    0.117504211423129391E+04   -0.411972430723801075E+01    0.335247538766379421E+03   -0.129814635054416261E+02    1
    0.131793212310085051E+01    0.111252061244167248E+04   -0.369763376109333919E+01    0.335253264276275559E+03   -0.129839635054416238E+02    1
    0.130909765238880293E+01    0.151088682385373727E+04   -0.435379255351639216E+01    0.335261127073691569E+03   -0.129864635054416198E+02    1
    0.132375644352476907E+01    0.811819960308645250E+03   -0.324261505321825183E+01    0.335270971202501528E+03   -0.129889635054416388E+02    1
    0.132655966925058943E+01    0.955294529442280691E+03   -0.450514830881435291E+01    0.335341521665414803E+03   -0.129914635054416312E+02    1
    0.132806996070851158E+01    0.858323111755084255E+03   -0.401722556126449515E+01    0.335415175677203479E+03   -0.129939635054416147E+02    1
    0.131349557894083313E+01    0.158560613141393583E+04   -0.536199355109750542E+01    0.335593922714352857E+03   -0.129964635054416231E+02    1
    0.132358974402768848E+01    0.840542193210230948E+03   -0.312913987040485964E+01    0.335679703981726448E+03   -0.129989635054416333E+02    1
    0.132324253578045581E+01    0.110056590923251315E+04   -0.422572327753995758E+01    0.335695616620594251E+03   -0.130014635054416345E+02    1
    0.131625468278830104E+01    0.133819101264700566E+04   -0.502431559102067382E+01    0.335742157688514226E+03   -0.130039635054416269E+02    1
    0.132706554122358966E+01    0.954265285846531128E+03   -0.435139266185756490E+01    0.335759020977600017E+03   -0.130064635054416193E+02    1
    0.131732058355611348E+01    0.111130395863307422E+04   -0.365246922059781731E+01    0.335791743559218162E+03   -0.130089635054416242E+02    1
    0.132210342870321207E+01    0.849944998102133582E+03   -0.330024064685093954E+01    0.335835960509990002E+03   -0.130114635054416414E+02    1
    0.130922086959444894E+01    0.140290086654694232E+04   -0.447791781772517350E+01    0.335873112746994821E+03   -0.130139635054416480E+02    1
    0.131717715212265807E+01    0.151650475781184673E+04   -0.533562699437004273E+01    0.335944877471165000E+03   -0.130164635054416511E+02    1
    0.131936274080212090E+01    0.124003783274865555E+04   -0.499676653681376504E+01    0.336006820033197698E+03   -0.130189635054416346E+02    1
    0.131747335310043567E+01    0.105008485664353861E+04   -0.345019882668557365E+01    0.336058624689972646E+03   -0.130214635054416146E+02    1
    0.132231881669668305E+01    0.944968462732220360E+03   -0.407632406744664433E+01    0.336084157735779286E+03   -0.130239635054416301E+02    1
    0.132322487108428222E+01    0.114473081287457308E+04   -0.493481942622806447E+01    0.336166958867962762E+03   -0.130264635054416331E+02    1
    0.131646666534933154E+01    0.124686358126385016E+04   -0.475033975140155729E+01    0.336243044423319020E+03   -0.130289635054416202E+02    1
    0.132454549546480416E+01    0.110057654834883942E+04   -0.449364083795194880E+01    0.336487956822629428E+03   -0.130314635054416250E+02    1
    0.131897162105229016E+01    0.107469619634681385E+04   -0.431734710949596057E+01    0.336501535995707798E+03   -0.130339635054416352E+02    1
    0.131699566316666039E+01    0.154026474655576521E+04   -0.525451871248044888E+01    0.336548958688700282E+03   -0.130364635054416436E+02    1
    0.132384264420107156E+01    0.102979927545342798E+04   -0.465207901174350980E+01    0.336558772147775130E+03   -0.130389635054416271E+02    1
    0.131963282335156018E+01    0.130000734875598255E+04   -0.455969092597010750E+01    0.336590196013011337E+03   -0.130414635054416284E+02    1
    0.131163636621814939E+01    0.158002205826996556E+04   -0.468897056645761268E+01    0.336590649108157663E+03   -0.130439635054416474E+02    1
    0.132224175273491129E+01    0.113463906866101161E+04   -0.423091163598961995E+01    0.336714794139321100E+03   -0.130464635054416487E+02    1
    0.131751980774434152E+01    0.151028828091333003E+04   -0.528272251551444150E+01    0.336742520410278189E+03   -0.130489635054416411E+02    1
    0.132137632001082372E+01    0.911601391486257967E+03   -0.370505502067872783E+01    0.336868353896616270E+03   -0.130514635054416281E+02    1
    0.132250496158274000E+01    0.838297513121806787E+03   -0.317390955845682754E+01    0.337003183076819710E+03   -0.130539635054416348E+02    1
    0.130986842450008489E+01    0.128935900095384841E+04   -0.388834872637105988E+01    0.337028965344666858E+03   -0.130564635054416414E+02    1
    0.132338270467562347E+01    0.964997772745905309E+03   -0.431387059652731608E+01    0.337161214638485092E+03   -0.130589635054416231E+02    1
    0.131449708180986002E+01    0.143499462245273867E+04   -0.512111601675910855E+01    0.337221875816037368E+03   -0.130614635054416262E+02    1
    0.132199555027446447E+01    0.877132857276256004E+03   -0.315902131815342457E+01    0.337398756528318359E+03   -0.130639635054416221E+02    1
    0.131753818409579382E+01    0.145530538836358733E+04   -0.531260473763001428E+01    0.337502380109196110E+03   -0.130664635054416305E+02    1
    0.130997026698182828E+01    0.142181152136375977E+04   -0.462907964612994149E+01    0.337689000820993613E+03   -0.130689635054416389E+02    1
    0.132013274583827012E+01    0.100941766704922861E+04   -0.413621295274863865E+01    0.337729112930455017E+03   -0.130714635054416366E+02    1
    0.130975167962118344E+01    0.133317528967646899E+04   -0.396376670638848161E+01    0.337790928698785478E+03   -0.130739635054416432E+02    1
    0.132037323119550143E+01    0.108278902737259955E+04   -0.381366100880928371E+01    0.337972260001559050E+03   -0.130764635054416338E+02    1
    0.131655869221964217E+01    0.100670881354208973E+04   -0.336896835739992362E+01    0.338009808931730163E+03   -0.130789635054416298E+02    1
    0.130881912110642840E+01    0.154064431656479792E+04   -0.486882156694697166E+01    0.338022477016447965E+03   -0.130814635054416204E+02    1
    0.131739239148004361E+01    0.111324600558488123E+04   -0.428488869429080843E+01    0.338074254018534589E+03   -0.130839635054416252E+02    1
    0.131789894613971881E+01    0.103362013373120953E+04   -0.392608291806774545E+01    0.338086777780193188E+03   -0.130864635054416425E+02    1
    0.131573149324182470E+01    0.106002973319489092E+04   -0.371775902412025339E+01    0.338180859641801476E+03   -0.130889635054416367E+02    1
    0.132464488751093357E+01    0.881725344823275691E+03   -0.398533582851726997E+01    0.338244836631873682E+03   -0.130914635054416166E+02    1
    0.132680634341410886E+01    0.807145230365622410E+03   -0.366118979852630133E+01    0.338272121032040729E+03   -0.130939635054416481E+02    1
    0.131742375109868948E+01    0.115609556030950807E+04   -0.383938567277837350E+01    0.338318038099153171E+03   -0.130964635054416245E+02    1
    0.132353413218612115E+01    0.113692279230045915E+04   -0.489224481577840642E+01    0.338500877384231217E+03   -0.130989635054416134E+02    1
    0.131781148811775339E+01    0.100815304612476712E+04   -0.335616870330560957E+01    0.338519285257062506E+03   -0.131014635054416253E+02    1
    0.131547642380518526E+01    0.122509377015805740E+04   -0.454398062123782953E+01    0.338604409149697517E+03   -0.131039635054416319E+02    1
    0.131881190744431898E+01    0.106759879308098789E+04   -0.425379906249804751E+01    0.338750872023200998E+03   -0.131064635054416421E+02    1
    0.132660106832912827E+01    0.959319625238479148E+03   -0.439853980656756161E+01    0.338800600455959966E+03   -0.131089635054416362E+02    1
    0.132064472190552840E+01    0.130943119653728627E+04   -0.477944055821210689E+01    0.339039754370165781E+03   -0.131114635054416322E+02    1
    0.131529330508563302E+01    0.148619528851662949E+04   -0.527398904711258787E+01    0.339089173405810698E+03   -0.131139635054416299E+02    1
    0.131277990352524254E+01    0.140276952194316164E+04   -0.486815665821942734E+01    0.339172334162718244E+03   -0.131164635054416330E+02    1
    0.132197623630053496E+01    0.982855509058455596E+03   -0.357828799427295685E+01    0.339181003163761147E+03   -0.131189635054416556E+02    1
    0.131070135596865001E+01    0.127116628604214338E+04   -0.407347766973383951E+01    0.339208418544546362E+03   -0.131214635054416409E+02    1
    0.130692100055452198E+01    0.157548735805720094E+04   -0.444210627635669297E+01    0.339256833331129883E+03   -0.131239635054416244E+02    1
    0.132310330927092257E+01    0.112905906719749396E+04   -0.436812100813176230E+01    0.339260650973119255E+03   -0.131264635054416186E+02    1
    0.130577596984968469E+01    0.153401315101455521E+04   -0.441603093472989627E+01    0.339273145173611056E+03   -0.131289635054416109E+02    1
    0.131332002822563876E+01    0.131567987988671393E+04   -0.463465209525181621E+01    0.339283277715349868E+03   -0.131314635054416193E+02    1
    0.131225805375091742E+01    0.141457806930476681E+04   -0.484805379792040991E+01    0.339315760779425887E+03   -0.131339635054416277E+02    1
    0.132522356413387654E+01    0.105789791121437383E+04   -0.448995442039414261E+01    0.339351277005695238E+03   -0.131364635054416219E+02    1
    0.131195810259702039E+01    0.120586137297305345E+04   -0.374179445744761452E+01    0.339382595148647908E+03   -0.131389635054416285E+02    1
    0.131319096484507547E+01    0.115225219122275121E+04   -0.362706717400162404E+01    0.339439467551383586E+03   -0.131414635054416475E+02    1
    0.130928992863582838E+01    0.142581228444031717E+04   -0.455416392639043632E+01    0.339468275995946215E+03   -0.131439635054416346E+02    1
    0.132492214818527776E+01    0.107413978643194605E+04   -0.469888985449796159E+01    0.339510433988004024E+03   -0.131464635054416252E+02    1
    0.132673106294705545E+01    0.873228606560037178E+03   -0.377956952007475522E+01    0.339582236220086429E+03   -0.131489635054416389E+02    1
    0.132069564819522478E+01    0.109155558073733846E+04   -0.457991199783042902E+01    0.339591080598229212E+03   -0.131514635054416349E+02    1
    0.132589298978854542E+01    0.896303687548674361E+03   -0.419473282861975783E+01    0.339623985795379440E+03   -0.131539635054416326E+02    1
    0.131498629640888520E+01    0.109655792922590854E+04   -0.352445625383811034E+01    0.339687445423323084E+03   -0.131564635054416232E+02    1
    0.131553927648484104E+01    0.105192225733845999E+04   -0.345813177356485646E+01    0.339701975078639919E+03   -0.131589635054416334E+02    1
    0.132338577331365892E+01    0.103209785183951749E+04   -0.459288218374804913E+01    0.339716772973974514E+03   -0.131614635054416311E+02    1
    0.131647371615574915E+01    0.105057642195913377E+04   -0.377549212670555256E+01    0.339776407851843032E+03   -0.131639635054416200E+02    1
    0.131997965915911419E+01    0.135614123064036471E+04   -0.517730738476637953E+01    0.339782124764007051E+03   -0.131664635054416284E+02    1
    0.132267860769885415E+01    0.119393135854253524E+04   -0.496488057820194228E+01    0.339837082494645699E+03   -0.131689635054416136E+02    1
    0.130911474346660905E+01    0.135570829326520675E+04   -0.403822981741577536E+01    0.339862785480365403E+03   -0.131714635054416203E+02    1
    0.131716090447127132E+01    0.141232777071092687E+04   -0.523239975615334263E+01    0.339908583418275612E+03   -0.131739635054416446E+02    1
    0.131024862862017244E+01    0.133345682719603519E+04   -0.398648030155589161E+01    0.339933516708349202E+03   -0.131764635054416335E+02    1
    0.132149971207760131E+01    0.119568346833253440E+04   -0.497940617039617894E+01    0.339937322130676250E+03   -0.131789635054416099E+02    1
    0.132695119868781508E+01    0.918628557790340437E+03   -0.416389480491080288E+01    0.339969073318486210E+03   -0.131814635054416325E+02    1
    0.131682618335939705E+01    0.107465602732396292E+04   -0.398056814212506005E+01    0.339977687059650179E+03   -0.131839635054416391E+02    1
    0.131988304913456789E+01    0.128795931223863818E+04   -0.456920018965922026E+01    0.339985565825996957E+03   -0.131864635054416386E+02    1
    0.130934933268910503E+01    0.135144706204411705E+04   -0.424233656856186947E+01    0.340114458326088084E+03   -0.131889635054416452E+02    1
    0.131075222530936197E+01    0.159360440825001115E+04   -0.516692036435729740E+01    0.340152710179651308E+03   -0.131914635054416305E+02    1
    0.132538026211627891E+01    0.834762221899280348E+03   -0.367967247429907118E+01    0.340166287332189995E+03   -0.131939635054416318E+02    1
    0.132405246425475109E+01    0.850108356300599212E+03   -0.361869823637099408E+01    0.340222885093723676E+03   -0.131964635054416313E+02    1
    0.131624853845440559E+01    0.145486547052393757E+04   -0.525709113361610392E+01    0.340285954488893083E+03   -0.131989635054416237E+02    1
    0.132607668251862743E+01    0.877347211064135877E+03   -0.368822508912578151E+01    0.340297681110551366E+03   -0.132014635054416409E+02    1
    0.132244868522568582E+01    0.106655717192548082E+04   -0.464749885516259020E+01    0.340320190666440794E+03   -0.132039635054416546E+02    1
    0.131873359363402987E+01    0.139389367739822751E+04   -0.523369054859167004E+01    0.340351616232915433E+03   -0.132064635054416488E+02    1
    0.132003904155807827E+01    0.104958227785816598E+04   -0.431042426415124691E+01    0.340448257879312905E+03   -0.132089635054416465E+02    1
    0.131541624534482993E+01    0.105860472937536770E+04   -0.357874840463790456E+01    0.340452289066205367E+03   -0.132114635054416389E+02    1
    0.131975174571912612E+01    0.114927425502975802E+04   -0.470442464195655852E+01    0.340529230495028742E+03   -0.132139635054416313E+02    1
    0.131793780917344971E+01    0.984558371988659587E+03   -0.332343731206061754E+01    0.340559152008662466E+03   -0.132164635054416415E+02    1
    0.131037014891208248E+01    0.157889549128663703E+04   -0.510260916433252998E+01    0.340584208809380812E+03   -0.132189635054416570E+02    1
    0.132275379671567084E+01    0.921758521152760522E+03   -0.395181660431350323E+01    0.340617276961214088E+03   -0.132214635054416565E+02    1
    0.132164965292760384E+01    0.113384310840870103E+04   -0.480543850567608111E+01    0.340621087286512761E+03   -0.132239635054416311E+02    1
    0.132407022783509642E+01    0.895681459261374584E+03   -0.347387806177089686E+01    0.340640354371676722E+03   -0.132264635054416111E+02    1
    0.132494563914685237E+01    0.106758043718177896E+04   -0.466115463984198097E+01    0.340833245506636331E+03   -0.132289635054416213E+02    1
    0.132646599389290043E+01    0.864736640471424721E+03   -0.369962203972509585E+01    0.340928701393232586E+03   -0.132314635054416172E+02    1
    0.131833311976543954E+01    0.103844926432958209E+04   -0.400602296626884158E+01    0.340955834213254207E+03   -0.132339635054416274E+02    1
    0.131911553874228926E+01    0.973691619645106698E+03   -0.369539573108837516E+01    0.340994011054894031E+03   -0.132364635054416571E+02    1
    0.132064556179084258E+01    0.133097720995762734E+04   -0.494262001068350987E+01    0.341082727448782975E+03   -0.132389635054416477E+02    1
    0.131814032062128073E+01    0.100427759898058002E+04   -0.373893315849316110E+01    0.341089468975409773E+03   -0.132414635054416294E+02    1
    0.132167265601434147E+01    0.881503961287800394E+03   -0.341167672456452564E+01    0.341089897800419976E+03   -0.132439635054416431E+02    1
    0.132533971172662701E+01    0.823476174762983874E+03   -0.342638803598662101E+01    0.341102514389189651E+03   -0.132464635054416515E+02    1
    0.132004193319060859E+01    0.136612318458537220E+04   -0.510770667854386051E+01    0.341255681986208401E+03   -0.132489635054416510E+02    1
    0.132408605397085366E+01    0.900491624601677358E+03   -0.399890022704521542E+01    0.341289922934131141E+03   -0.132514635054416381E+02    1
    0.130931853836020484E+01    0.133283353853970038E+04   -0.410624739261044347E+01    0.341316670613761744E+03   -0.132539635054416323E+02    1
    0.132304208610044149E+01    0.982310830590388264E+03   -0.371568591589433694E+01    0.341343700838581071E+03   -0.132564635054416424E+02    1
    0.130740283739327912E+01    0.153609229415278560E+04   -0.438289359772727138E+01    0.341522213585616100E+03   -0.132589635054416259E+02    1
    0.131718678763137542E+01    0.150477733368537542E+04   -0.509445199106450541E+01    0.341551241014180732E+03   -0.132614635054416148E+02    1
    0.132017146497116045E+01    0.135988046011321012E+04   -0.504611570592293113E+01    0.341650630291940615E+03   -0.132639635054416125E+02    1
    0.131519374423736313E+01    0.117120743451449380E+04   -0.424339657605806675E+01    0.341665992087653990E+03   -0.132664635054416244E+02    1
    0.132063763656510047E+01    0.901120528904977050E+03   -0.331840252267492275E+01    0.341700288375838682E+03   -0.132689635054416204E+02    1
    0.132174924549832129E+01    0.115932503323225274E+04   -0.487895527830132014E+01    0.341755108215672408E+03   -0.132714635054416235E+02    1
    0.132594790850186750E+01    0.830454141115677885E+03   -0.352404251928267875E+01    0.341755839369050591E+03   -0.132739635054416478E+02    1
    0.131960497896092810E+01    0.102803147031339995E+04   -0.356676560583604640E+01    0.341771189882588260E+03   -0.132764635054416580E+02    1
    0.132582289011441223E+01    0.845692274125861104E+03   -0.353048259464560488E+01    0.341882827592860565E+03   -0.132789635054416344E+02    1
    0.131301056475231492E+01    0.152532826578752724E+04   -0.518897281865354554E+01    0.341885920057895078E+03   -0.132814635054416321E+02    1
    0.131712452788131085E+01    0.145621942139769294E+04   -0.527337038651925205E+01    0.341898696272984807E+03   -0.132839635054416476E+02    1
    0.132662446879126050E+01    0.842473155547543683E+03   -0.379485760455911070E+01    0.341939297259123236E+03   -0.132864635054416240E+02    1
    0.132090990455150981E+01    0.129547974425051279E+04   -0.508381463472208850E+01    0.342007341983907679E+03   -0.132889635054416306E+02    1
    0.132060105108943904E+01    0.933477187349361316E+03   -0.364757669645769766E+01    0.342147068942735814E+03   -0.132914635054416443E+02    1
    0.132519123004674588E+01    0.958852435138193073E+03   -0.438656857803299616E+01    0.342160206380760428E+03   -0.132939635054416438E+02    1
    0.131611240474419788E+01    0.156078252165924187E+04   -0.522019711624922245E+01    0.342194572511847241E+03   -0.132964635054416327E+02    1
    0.131595984096108731E+01    0.146665967311516692E+04   -0.525264259627214702E+01    0.342290551163370083E+03   -0.132989635054416180E+02    1
    0.130693756475827483E+01    0.153974379634232514E+04   -0.438294953652586461E+01    0.342307307208683142E+03   -0.133014635054416317E+02    1
    0.132564486039617546E+01    0.832851866162724946E+03   -0.350959862469391837E+01    0.342353453793648441E+03   -0.133039635054416348E+02    1
    0.131312218931720959E+01    0.121615543754062151E+04   -0.380122858604317848E+01    0.342388320807544801E+03   -0.133064635054416183E+02    1
    0.131678377455893547E+01    0.113514861286769974E+04   -0.374535056776602104E+01    0.342391794261169309E+03   -0.133089635054416320E+02    1
    0.132530856817790665E+01    0.837144765353921002E+03   -0.364286453349356520E+01    0.342455860315546033E+03   -0.133114635054416528E+02    1
    0.131262697918000848E+01    0.149386478520188166E+04   -0.454249350556758102E+01    0.342566389115657898E+03   -0.133139635054416541E+02    1
    0.132657720659388900E+01    0.881358129454674440E+03   -0.401836845036536694E+01    0.342724988855633512E+03   -0.133164635054416394E+02    1
    0.131491520918298255E+01    0.132355636088825963E+04   -0.480917869575565060E+01    0.342726834269330197E+03   -0.133189635054416335E+02    1
    0.130721002256261420E+01    0.150340448898189788E+04   -0.431840504026190963E+01    0.342948761387038871E+03   -0.133214635054416330E+02    1
    0.131583307891995038E+01    0.116227540506218816E+04   -0.427737268535931747E+01    0.342952829118824411E+03   -0.133239635054416272E+02    1
    0.131458243183123469E+01    0.131780265035835305E+04   -0.475900480565992279E+01    0.343015623165039756E+03   -0.133264635054416409E+02    1
    0.132175008142423334E+01    0.108905411500294395E+04   -0.464479313249442782E+01    0.343017362780499525E+03   -0.133289635054416316E+02    1
    0.131308173957147156E+01    0.142814827994690836E+04   -0.495311022102008724E+01    0.343101900327852718E+03   -0.133314635054416257E+02    1
    0.132115908831615947E+01    0.124245791761250393E+04   -0.501992992071346134E+01    0.343124136782247888E+03   -0.133339635054416235E+02    1
    0.132226902900086185E+01    0.110155062659100372E+04   -0.472218536346076867E+01    0.343138426252601278E+03   -0.133364635054416301E+02    1
    0.131760179088597429E+01    0.137370783749279144E+04   -0.515618493973440994E+01    0.343169833872852792E+03   -0.133389635054416313E+02    1
    0.132337188281112272E+01    0.899105406996515967E+03   -0.386131757523211228E+01    0.343270933211028819E+03   -0.133414635054416237E+02    1
    0.132051315434174743E+01    0.118178111454127861E+04   -0.424961392363884993E+01    0.343482914711232809E+03   -0.133439635054416215E+02    1
    0.132440407084265499E+01    0.918302377039255362E+03   -0.364559743399437686E+01    0.343548744838609650E+03   -0.133464635054416227E+02    1
    0.131059083652307873E+01    0.139645825445207674E+04   -0.458596500696494846E+01    0.343583388315798857E+03   -0.133489635054416524E+02    1
    0.131888490249016566E+01    0.120665553556537566E+04   -0.480702700932382410E+01    0.343586711195865689E+03   -0.133514635054416608E+02    1
    0.131014032360351584E+01    0.136812756966134407E+04   -0.441288478248791005E+01    0.343758035497826654E+03   -0.133539635054416284E+02    1
    0.131959997291481423E+01    0.102915500088505814E+04   -0.358477453606558960E+01    0.343781287684858171E+03   -0.133564635054416083E+02    1
    0.131437060196080369E+01    0.114899607823260885E+04   -0.367474635245575065E+01    0.343790747203333467E+03   -0.133589635054416274E+02    1
    0.131555402910433772E+01    0.135086452902538076E+04   -0.495124273366886580E+01    0.343910510640786185E+03   -0.133614635054416517E+02    1
    0.132284543997476978E+01    0.102366146402036145E+04   -0.446887158753861335E+01    0.343917509787543395E+03   -0.133639635054416388E+02    1
    0.130739318196155763E+01    0.150628254662121162E+04   -0.455644142640917060E+01    0.344098908085004496E+03   -0.133664635054416312E+02    1
    0.132522964457780867E+01    0.100120520375086869E+04   -0.421310682715782914E+01    0.344154570234859079E+03   -0.133689635054416325E+02    1
    0.131458570442332867E+01    0.114520300184454345E+04   -0.399916001905886453E+01    0.344248387309947589E+03   -0.133714635054416142E+02    1
    0.131923711414672473E+01    0.960129102600194983E+03   -0.336619097963705727E+01    0.344268068812317722E+03   -0.133739635054416244E+02    1
    0.131377578710855514E+01    0.128577029109105479E+04   -0.404008854756591695E+01    0.344298489194722947E+03   -0.133764635054416523E+02    1
    0.130966516275329536E+01    0.149725264132485927E+04   -0.438960759547744050E+01    0.344331943893522862E+03   -0.133789635054416376E+02    1
    0.132039529173378378E+01    0.118595972797548256E+04   -0.485622406389160499E+01    0.344420238131247743E+03   -0.133814635054416211E+02    1
    0.132310549888113704E+01    0.102155309496198367E+04   -0.392593164915328074E+01    0.344466656471809699E+03   -0.133839635054416366E+02    1
    0.131077186389217326E+01    0.144380405073407792E+04   -0.430447354529031845E+01    0.344642449011719577E+03   -0.133864635054416272E+02    1
    0.131817837150114348E+01    0.136182687961903389E+04   -0.465681903485899262E+01    0.344659824989200104E+03   -0.133889635054416143E+02    1
    0.132012057605861766E+01    0.133297890857773018E+04   -0.509406022272203529E+01    0.344772735671326132E+03   -0.133914635054416120E+02    1
    0.131210938009778366E+01    0.121091427294052801E+04   -0.385564737905402311E+01    0.345042051915844411E+03   -0.133939635054416293E+02    1
    0.132033578896997517E+01    0.117958040594164549E+04   -0.482352224919348060E+01    0.345050571993921608E+03   -0.133964635054416448E+02    1
    0.131832768270170031E+01    0.124804558343707504E+04   -0.427059769891950936E+01    0.345054004133367698E+03   -0.133989635054416496E+02    1
    0.131861086474629841E+01    0.129959340207788500E+04   -0.448370688555133157E+01    0.345165337778199103E+03   -0.134014635054416598E+02    1
    0.132362141861277505E+01    0.104056652920458669E+04   -0.409774242918163090E+01    0.345273344335256638E+03   -0.134039635054416504E+02    1
    0.131961530782375847E+01    0.977283081200020547E+03   -0.376847024499969585E+01    0.345289345958757337E+03   -0.134064635054416392E+02    1
    0.132442221665550086E+01    0.106023700282982418E+04   -0.461657914817391024E+01    0.345353254264317229E+03   -0.134089635054416281E+02    1
    0.132192903522962046E+01    0.108249855956520787E+04   -0.403546054482300676E+01    0.345417958650524156E+03   -0.134114635054416400E+02    1
    0.132383939940860529E+01    0.111719695017455797E+04   -0.469545581508345755E+01    0.345443839869745489E+03   -0.134139635054416679E+02    1
    0.131101405906465440E+01    0.158205012183646090E+04   -0.513566587218435266E+01    0.345456370803019297E+03   -0.134164635054416390E+02    1
    0.130831690359670105E+01    0.141356749730590855E+04   -0.420738729848620974E+01    0.345464246869732904E+03   -0.134189635054416208E+02    1
    0.131162087150460094E+01    0.149372707260081256E+04   -0.497549699514259647E+01    0.345654598558483315E+03   -0.134214635054416345E+02    1
    0.132110862988163058E+01    0.103337700627466211E+04   -0.431186877068554875E+01    0.345709902188557692E+03   -0.134239635054416411E+02    1
    0.132493977652927097E+01    0.903746965597533517E+03   -0.369796806848113135E+01    0.345783664866992751E+03   -0.134264635054416246E+02    1
    0.131559212696444838E+01    0.109343236280890073E+04   -0.359162375484538643E+01    0.345831116954199047E+03   -0.134289635054416028E+02    1
    0.131854408924096966E+01    0.134996993273527892E+04   -0.466939114836641167E+01    0.345851195559430664E+03   -0.134314635054416005E+02    1
    0.132096211773962735E+01    0.955737678305861664E+03   -0.345653590175021819E+01    0.345865651284052433E+03   -0.134339635054416675E+02    1
    0.131572801687997565E+01    0.147493933809537702E+04   -0.522578290460852646E+01    0.345961038459329302E+03   -0.134364635054416315E+02    1
    0.131927061417552016E+01    0.109236607229299602E+04   -0.436917247806498033E+01    0.345982462267842493E+03   -0.134389635054416257E+02    1
    0.131451455624379365E+01    0.112083100221610857E+04   -0.366690949780041642E+01    0.346074449886946923E+03   -0.134414635054416589E+02    1
    0.132423375946160649E+01    0.108377432462704883E+04   -0.462061364703989685E+01    0.346112233562658048E+03   -0.134439635054416353E+02    1
    0.132559409176717824E+01    0.963985563622517930E+03   -0.429361021794649300E+01    0.346116846254065763E+03   -0.134464635054416188E+02    1
    0.131901566098410905E+01    0.973400108490942216E+03   -0.356698922732890900E+01    0.346228038522969882E+03   -0.134489635054416361E+02    1
    0.132204374627665122E+01    0.112755456429657079E+04   -0.425526386853440286E+01    0.346256538363080040E+03   -0.134514635054416409E+02    1
    0.131351994199185063E+01    0.146265066434498158E+04   -0.506022773736344789E+01    0.346269456482380861E+03   -0.134539635054416493E+02    1
    0.132394150843075575E+01    0.878305812062778728E+03   -0.370416502569996275E+01    0.346378623957557068E+03   -0.134564635054416399E+02    1
    0.131512278484684586E+01    0.109897747421836448E+04   -0.363638849893944283E+01    0.346396025491049045E+03   -0.134589635054416448E+02    1
    0.131047310987327204E+01    0.129805862704350238E+04   -0.402832330305674624E+01    0.346422411208569997E+03   -0.134614635054416532E+02    1
    0.131012069713928714E+01    0.138594765623818148E+04   -0.446551335371720626E+01    0.346450676008652977E+03   -0.134639635054416260E+02    1
    0.132540265958654957E+01    0.953413736562493114E+03   -0.426904907408706524E+01    0.346451912596607713E+03   -0.134664635054416273E+02    1
    0.132171375448016160E+01    0.109731560264362997E+04   -0.464107529790065776E+01    0.346454089989497220E+03   -0.134689635054416481E+02    1
    0.132551270112991326E+01    0.980069398880004883E+03   -0.429486769437789917E+01    0.346496071451551984E+03   -0.134714635054416245E+02    1
    0.131991397961568024E+01    0.135077210086057039E+04   -0.503997626688529721E+01    0.346651161554391990E+03   -0.134739635054416116E+02    1
    0.131725985934100054E+01    0.125634737510864238E+04   -0.479965813441857492E+01    0.346731418703537429E+03   -0.134764635054416413E+02    1
    0.132488141877997334E+01    0.102899929604189151E+04   -0.447872277843612387E+01    0.346754164340373450E+03   -0.134789635054416284E+02    1
    0.132074026332361094E+01    0.109983773259572354E+04   -0.456007875357305359E+01    0.346765853516926654E+03   -0.134814635054416225E+02    1
    0.132530085154388177E+01    0.980106535471889742E+03   -0.417621740706231837E+01    0.346832464970731905E+03   -0.134839635054416238E+02    1
    0.131666367015678198E+01    0.139258793028579339E+04   -0.460469634132873562E+01    0.346840439991079450E+03   -0.134864635054416127E+02    1
    0.132312290815759681E+01    0.972443168042826073E+03   -0.373892642810395870E+01    0.346935314857311937E+03   -0.134889635054416406E+02    1
    0.132222606199240889E+01    0.117795884704672517E+04   -0.486592840988639175E+01    0.346949093554438605E+03   -0.134914635054416561E+02    1
    0.131677016880156428E+01    0.115064673908342183E+04   -0.431855273067964962E+01    0.347041641211777630E+03   -0.134939635054416360E+02    1
    0.132225761044176227E+01    0.113357825443443244E+04   -0.477026732455393088E+01    0.347043475729080797E+03   -0.134964635054416160E+02    1
    0.132292182462237307E+01    0.116994336236580261E+04   -0.469659943862490081E+01    0.347051877804086246E+03   -0.134989635054416226E+02    1
    0.131963074283094173E+01    0.126765452125130855E+04   -0.450323751915976001E+01    0.347060040762762185E+03   -0.135014635054416203E+02    1
    0.131796547342991466E+01    0.143974749774443535E+04   -0.498889338787130487E+01    0.347126225527195572E+03   -0.135039635054416109E+02    1
    0.132400241342518088E+01    0.100069896902607013E+04   -0.442236557365445204E+01    0.347136712940927225E+03   -0.135064635054416087E+02    1
    0.131379887226420333E+01    0.140749986244247020E+04   -0.441017445193507474E+01    0.347250237023724821E+03   -0.135089635054416330E+02    1
    0.132356978116327229E+01    0.877491942107798650E+03   -0.355243349779932771E+01    0.347308975393950675E+03   -0.135114635054416379E+02    1
    0.132041837486687985E+01    0.129389131719574698E+04   -0.474470818965706087E+01    0.347566199916664232E+03   -0.135139635054416232E+02    1
    0.132184268343554390E+01    0.100270256640564889E+04   -0.422599145574020785E+01    0.347566548743804333E+03   -0.135164635054416156E+02    1
    0.130702632108907646E+01    0.151355791767019491E+04   -0.439790079861560912E+01    0.347582144980940484E+03   -0.135189635054416062E+02    1
    0.131975492987667953E+01    0.102171495264123030E+04   -0.360182921231253950E+01    0.347645829766221993E+03   -0.135214635054416146E+02    1
    0.131523251972731003E+01    0.126350803884569837E+04   -0.460074019597544304E+01    0.347671509825396242E+03   -0.135239635054416372E+02    1
    0.132471398101614568E+01    0.978071289374239313E+03   -0.403467915040826153E+01    0.347686769613755814E+03   -0.135264635054416651E+02    1
    0.132499933682041315E+01    0.880351076891374760E+03   -0.376065434800520215E+01    0.347721820791280777E+03   -0.135289635054416664E+02    1
    0.131855345658026879E+01    0.141933838103762992E+04   -0.506794694416964742E+01    0.347727119317317602E+03   -0.135314635054416570E+02    1
    0.132280037673475581E+01    0.113037742726242550E+04   -0.476034306597782031E+01    0.347776030226347757E+03   -0.135339635054416370E+02    1
    0.132363931026102577E+01    0.892462033307163438E+03   -0.373597435178878179E+01    0.347786563697902352E+03   -0.135364635054416187E+02    1
    0.131455487746438537E+01    0.144611614666105902E+04   -0.509605757191046571E+01    0.347848130066305089E+03   -0.135389635054416093E+02    1
    0.130765487883801113E+01    0.146923268861341921E+04   -0.434519602664570215E+01    0.347904188114743874E+03   -0.135414635054416390E+02    1
    0.131665360608146909E+01    0.150380042049204076E+04   -0.505732494829368129E+01    0.348025463698991643E+03   -0.135439635054416598E+02    1
    0.131433396084721954E+01    0.148279353161846075E+04   -0.515294111052965231E+01    0.348055106629387410E+03   -0.135464635054416540E+02    1
    0.130742877973943150E+01    0.153901651948561675E+04   -0.443222476280113664E+01    0.348165723238231692E+03   -0.135489635054416642E+02    1
    0.131560004322816759E+01    0.144136131109138728E+04   -0.466511274722362668E+01    0.348183581423726139E+03   -0.135514635054416459E+02    1
    0.131718532126257526E+01    0.114542772533445986E+04   -0.434509005383658398E+01    0.348253801324769370E+03   -0.135539635054416312E+02    1
    0.132216693221647685E+01    0.110132100091806819E+04   -0.466096696335111904E+01    0.348282954777239695E+03   -0.135564635054416183E+02    1
    0.131519033540434549E+01    0.146584781775487181E+04   -0.471041224738163589E+01    0.348383108463070982E+03   -0.135589635054416107E+02    1
    0.131295374560596922E+01    0.140658749187965850E+04   -0.435617877232547013E+01    0.348400027894702248E+03   -0.135614635054416315E+02    1
    0.131083742601391995E+01    0.154108518293066663E+04   -0.457880334203264105E+01    0.348503691000392450E+03   -0.135639635054416399E+02    1
    0.131641843745503584E+01    0.108287957784471223E+04   -0.361592431663623515E+01    0.348525076553956183E+03   -0.135664635054416323E+02    1
    0.131484795891800488E+01    0.135177291822712641E+04   -0.486019931458412202E+01    0.348680043761713819E+03   -0.135689635054416371E+02    1
    0.132325130213182907E+01    0.106260333220549319E+04   -0.417500542920917361E+01    0.348730591528950470E+03   -0.135714635054416544E+02    1
    0.132115256840018880E+01    0.107184146369055202E+04   -0.446433931902436676E+01    0.348744286940109703E+03   -0.135739635054416397E+02    1
    0.131487604435311423E+01    0.158704838323195941E+04   -0.523005826157431031E+01    0.348762467529206901E+03   -0.135764635054416285E+02    1
    0.131336843135396575E+01    0.147495384645361924E+04   -0.457049385328260271E+01    0.348861052921463340E+03   -0.135789635054416316E+02    1
    0.132034665718685984E+01    0.126887244165325910E+04   -0.463035193883287466E+01    0.348894233057194185E+03   -0.135814635054416204E+02    1
    0.130847347258904168E+01    0.143549699320771288E+04   -0.438520159170196511E+01    0.348930018178776038E+03   -0.135839635054416519E+02    1
    0.132196200372006034E+01    0.100318456158496315E+04   -0.422528082431353713E+01    0.348946975884722292E+03   -0.135864635054416762E+02    1
    0.131300161297671547E+01    0.141948098719297923E+04   -0.439433407560459877E+01    0.348972295258694544E+03   -0.135889635054416580E+02    1
    0.131230076024396802E+01    0.141849501058752276E+04   -0.481629897115656647E+01    0.348988558869549536E+03   -0.135914635054416522E+02    1
    0.131574229818018629E+01    0.131943369761347549E+04   -0.484303927487348229E+01    0.348989951491134434E+03   -0.135939635054416570E+02    1
    0.132515319097493345E+01    0.976815977071657016E+03   -0.422112739968049233E+01    0.349047082019253651E+03   -0.135964635054416565E+02    1
    0.131965842209458084E+01    0.131768434944526234E+04   -0.505753333403477257E+01    0.349056011443160514E+03   -0.135989635054416436E+02    1
    0.131834682936087311E+01    0.111493523110200340E+04   -0.432994485770059079E+01    0.349164081025222572E+03   -0.136014635054416129E+02    1
    0.132179125869952219E+01    0.112476292853862196E+04   -0.469986709644375011E+01    0.349229393215342611E+03   -0.136039635054416372E+02    1
    0.132404701910939360E+01    0.107033108073457106E+04   -0.442364078330543098E+01    0.349260450446209290E+03   -0.136064635054416421E+02    1
    0.131930885409497978E+01    0.992009694062603558E+03   -0.374501667658668147E+01    0.349287664502511859E+03   -0.136089635054416078E+02    1
    0.132319528681191256E+01    0.896844826515899967E+03   -0.365637618335188996E+01    0.349315930356021340E+03   -0.136114635054416091E+02    1
    0.132231509390076307E+01    0.106311388348850414E+04   -0.403947483593109702E+01    0.349353480513544582E+03   -0.136139635054416299E+02    1
    0.131474843144263365E+01    0.143445790502743102E+04   -0.507016233756940071E+01    0.349362318474098288E+03   -0.136164635054416383E+02    1
    0.131865403853019636E+01    0.126178181876721851E+04   -0.490722485645841555E+01    0.349373845742881826E+03   -0.136189635054416218E+02    1
    0.132464644770585593E+01    0.988323701356422021E+03   -0.411083852999286936E+01    0.349383620968099081E+03   -0.136214635054416267E+02    1
    0.131786681922066773E+01    0.109957115674777106E+04   -0.419414814484502774E+01    0.349508172649247911E+03   -0.136239635054416368E+02    1
    0.132345014154156826E+01    0.918333606312080747E+03   -0.388311225680231686E+01    0.349523592957492269E+03   -0.136264635054416292E+02    1
    0.131267034158557783E+01    0.157738247178135430E+04   -0.521702524165618442E+01    0.349567402334274448E+03   -0.136289635054416358E+02    1
    0.131178803486482853E+01    0.158902862438058855E+04   -0.518263058141524091E+01    0.349642056808104371E+03   -0.136314635054416442E+02    1
    0.132507899763744907E+01    0.946093568667031718E+03   -0.402802070431899928E+01    0.349700195782928859E+03   -0.136339635054416384E+02    1
    0.132280915570258051E+01    0.102567943135748010E+04   -0.441329691038707672E+01    0.349858928034344899E+03   -0.136364635054416272E+02    1
    0.132246328872979069E+01    0.992524522819311528E+03   -0.377597400558053309E+01    0.349861642069546292E+03   -0.136389635054416285E+02    1
    0.131529057573958408E+01    0.152793033109806765E+04   -0.495029248949689382E+01    0.349928824667036338E+03   -0.136414635054416458E+02    1
    0.132160870950745335E+01    0.114938745834679639E+04   -0.475830215479264940E+01    0.350079765559257112E+03   -0.136439635054416524E+02    1
    0.132478939245762528E+01    0.986391159258922244E+03   -0.416958632164236853E+01    0.350093682208737619E+03   -0.136464635054416448E+02    1
    0.132255670366462663E+01    0.116872160350078821E+04   -0.476081554486631475E+01    0.350101376653722639E+03   -0.136489635054416425E+02    1
    0.132099297735437493E+01    0.122307306046432041E+04   -0.454169529381182979E+01    0.350113323072828280E+03   -0.136514635054416509E+02    1
    0.131137659540862273E+01    0.129755996077908503E+04   -0.402241325465271782E+01    0.350129604121271825E+03   -0.136539635054416379E+02    1
    0.131802495946050291E+01    0.143005757754195452E+04   -0.500037097002135855E+01    0.350131719372857447E+03   -0.136564635054416215E+02    1
    0.131630383172189358E+01    0.151154086389572672E+04   -0.519615226258635587E+01    0.350163388042346924E+03   -0.136589635054416352E+02    1
    0.131401785266394189E+01    0.118210731234373543E+04   -0.380791310620139889E+01    0.350199561563459838E+03   -0.136614635054416365E+02    1
    0.132462432469226332E+01    0.100427650037073545E+04   -0.422198564335951154E+01    0.350313448456221067E+03   -0.136639635054416395E+02    1
    0.131661781220757756E+01    0.108654303964122664E+04   -0.366030382481953431E+01    0.350319186342735634E+03   -0.136664635054416568E+02    1
    0.131916198229855253E+01    0.117353782749685274E+04   -0.411175865716118594E+01    0.350344667373179732E+03   -0.136689635054416563E+02    1
    0.132181885397521337E+01    0.106599165700858771E+04   -0.449035116881051088E+01    0.350471350999807555E+03   -0.136714635054416522E+02    1
    0.132476381754830030E+01    0.964587145424500704E+03   -0.420203811181464815E+01    0.350495773023217112E+03   -0.136739635054416429E+02    1
    0.132344946388997275E+01    0.109655377428108659E+04   -0.462118969787766964E+01    0.350499504474117145E+03   -0.136764635054416406E+02    1
    0.132469714642760783E+01    0.975736419392393032E+03   -0.409658972622706141E+01    0.350573329768602662E+03   -0.136789635054416419E+02    1
    0.131572363569709605E+01    0.115358383767528994E+04   -0.378911384047788857E+01    0.350576342274671561E+03   -0.136814635054416414E+02    1
    0.132331772462837383E+01    0.105533119337279163E+04   -0.453730572534679144E+01    0.350623073736244521E+03   -0.136839635054416391E+02    1
    0.132201017437595469E+01    0.103183386308432773E+04   -0.388745886697173582E+01    0.350630836163391677E+03   -0.136864635054416315E+02    1
    0.131692333032358944E+01    0.131798855756349576E+04   -0.493019652292240540E+01    0.350660708291371691E+03   -0.136889635054416328E+02    1
    0.132105507352238050E+01    0.126180891474897339E+04   -0.490026611774670062E+01    0.350767915795186354E+03   -0.136914635054416465E+02    1
    0.132183010731349704E+01    0.101523404801240315E+04   -0.381324861771724954E+01    0.350799866569370977E+03   -0.136939635054416460E+02    1
    0.131355371511440100E+01    0.119629367392981931E+04   -0.385104450549332178E+01    0.350830993360317791E+03   -0.136964635054416366E+02    1
    0.131950738934764966E+01    0.124617255975160197E+04   -0.490977278486269952E+01    0.350834773012087794E+03   -0.136989635054416379E+02    1
    0.131211868775935891E+01    0.141513104062662796E+04   -0.477742021913495485E+01    0.350992042867094483E+03   -0.137014635054416249E+02    1
    0.131622707563032071E+01    0.138329138582950259E+04   -0.504339429391435257E+01    0.351078759668283169E+03   -0.137039635054416298E+02    1
    0.131910367355879199E+01    0.124398793394722088E+04   -0.436806138300507030E+01    0.351106620719019361E+03   -0.137064635054416470E+02    1
    0.132139869746968874E+01    0.100301646322413660E+04   -0.412743743470646240E+01    0.351107818733473664E+03   -0.137089635054416430E+02    1
    0.131579060724974650E+01    0.140477460621464684E+04   -0.506436610498437290E+01    0.351183085449361613E+03   -0.137114635054416460E+02    1
    0.131959881348719676E+01    0.126413126002466879E+04   -0.494550548187960626E+01    0.351186816731604040E+03   -0.137139635054416349E+02    1
    0.132329541238279869E+01    0.922570388878537756E+03   -0.365890845712225321E+01    0.351202157055740145E+03   -0.137164635054416202E+02    1
    0.131483450295989690E+01    0.138582691785046563E+04   -0.444592676287656019E+01    0.351237401928500731E+03   -0.137189635054416392E+02    1
    0.132431787388323330E+01    0.988022929470550025E+03   -0.429973747965538600E+01    0.351250253437829770E+03   -0.137214635054416370E+02    1
    0.131704380140928601E+01    0.120027932962931163E+04   -0.402803034663751447E+01    0.351253300593795700E+03   -0.137239635054416382E+02    1
    0.131364928130984993E+01    0.131519639206967827E+04   -0.415641516862061433E+01    0.351295114913065504E+03   -0.137264635054416502E+02    1
    0.132342829482628987E+01    0.100105766346412406E+04   -0.432124537434093448E+01    0.351354018006759190E+03   -0.137289635054416390E+02    1
    0.131109762338500069E+01    0.159674019788493774E+04   -0.476410872175130073E+01    0.351355907660635921E+03   -0.137314635054416261E+02    1
    0.131530644312653977E+01    0.116429873752605795E+04   -0.413662048382234815E+01    0.351436527599700923E+03   -0.137339635054416203E+02    1
    0.131174666954369612E+01    0.148428125689332114E+04   -0.449590248781479040E+01    0.351449369360884248E+03   -0.137364635054416233E+02    1
    0.131910969983325588E+01    0.137135135493968892E+04   -0.502410165149642651E+01    0.351500441431387287E+03   -0.137389635054416193E+02    1
    0.131542288827564002E+01    0.112574218396357082E+04   -0.374161193441419826E+01    0.351560507447882969E+03   -0.137414635054416632E+02    1
    0.131491807425958784E+01    0.139711374303673165E+04   -0.448823451507066373E+01    0.351668860181799346E+03   -0.137439635054416591E+02    1
    0.131555871464149221E+01    0.153130516270160069E+04   -0.502696212972331935E+01    0.351737962485366722E+03   -0.137464635054416497E+02    1
    0.131892505489146794E+01    0.106448111564968667E+04   -0.412420672851515313E+01    0.351766558026484574E+03   -0.137489635054416368E+02    1
    0.131947213029362631E+01    0.117699794774359862E+04   -0.469159637831843224E+01    0.351855487042391360E+03   -0.137514635054416239E+02    1
    0.132154148503346502E+01    0.941670720745849280E+03   -0.366653412597656647E+01    0.351904185567289574E+03   -0.137539635054416234E+02    1
    0.130975007067256088E+01    0.137039630772717373E+04   -0.423096182149746980E+01    0.352011209791057411E+03   -0.137564635054416318E+02    1
    0.131728808388374286E+01    0.141097158323734038E+04   -0.513463633116321816E+01    0.352020753929188459E+03   -0.137589635054416384E+02    1
    0.132336622223408740E+01    0.109934300228848952E+04   -0.457497664904235890E+01    0.352041810258934731E+03   -0.137614635054416539E+02    1
    0.131554064473261545E+01    0.121308256391074656E+04   -0.440238772655201949E+01    0.352060804400290408E+03   -0.137639635054416622E+02    1
    0.131688987551218917E+01    0.126660721190800450E+04   -0.424189239051051903E+01    0.352100626751860773E+03   -0.137664635054416511E+02    1
    0.131683964867013614E+01    0.108395131516316269E+04   -0.367636179851655953E+01    0.352124537328791916E+03   -0.137689635054416470E+02    1
    0.132181506424998174E+01    0.105530352819185805E+04   -0.442721667117274542E+01    0.352128286805674747E+03   -0.137714635054416377E+02    1
    0.131777753422764254E+01    0.142835589326065542E+04   -0.512038453539956961E+01    0.352163155391574094E+03   -0.137739635054416318E+02    1
    0.131463267326911848E+01    0.114464684016344154E+04   -0.381197676491655102E+01    0.352177516184882052E+03   -0.137764635054416420E+02    1
    0.131562179506643062E+01    0.116654961895753399E+04   -0.384435921364292277E+01    0.352184578831053216E+03   -0.137789635054416326E+02    1
    0.130876227606477258E+01    0.144264165522727694E+04   -0.430490797404028402E+01    0.352199801200849265E+03   -0.137814635054416375E+02    1
    0.132186822119439995E+01    0.101052568669719381E+04   -0.381027101181970806E+01    0.352316199547144834E+03   -0.137839635054416600E+02    1
    0.131728797220550931E+01    0.138333468330627147E+04   -0.467689767730469796E+01    0.352452439246640097E+03   -0.137864635054416489E+02    1
    0.131820467434439625E+01    0.135822141000589772E+04   -0.507212598140328286E+01    0.352458720334970053E+03   -0.137889635054416413E+02    1
    0.132230482374042624E+01    0.108120850487077496E+04   -0.454937121251456222E+01    0.352478877024518397E+03   -0.137914635054416408E+02    1
    0.131809077304024025E+01    0.108265828723542154E+04   -0.409828464468197229E+01    0.352540947249869305E+03   -0.137939635054416492E+02    1
    0.132126349021662559E+01    0.104728540260045884E+04   -0.432952298285611370E+01    0.352616056974878575E+03   -0.137964635054416433E+02    1
    0.131473708972869430E+01    0.133593473180152068E+04   -0.477889232512227924E+01    0.352646931905441079E+03   -0.137989635054416215E+02    1
    0.130833981866625426E+01    0.157250842435902723E+04   -0.482043040128245792E+01    0.352647507367343053E+03   -0.138014635054416228E+02    1
    0.132035673249642160E+01    0.971597304575049179E+03   -0.368529988815484799E+01    0.352659201170061920E+03   -0.138039635054416472E+02    1
    0.132362265751560848E+01    0.925533083059222918E+03   -0.384004444075692675E+01    0.352676614391800513E+03   -0.138064635054416502E+02    1
    0.132066816751555938E+01    0.102790871960083859E+04   -0.415889701157574621E+01    0.352687226602506428E+03   -0.138089635054416373E+02    1
    0.131653230095493412E+01    0.117527317401867822E+04   -0.392763738394876682E+01    0.352731526525577465E+03   -0.138114635054416528E+02    1
    0.131705201353380263E+01    0.133082266931997992E+04   -0.495674044332969288E+01    0.352743631542390403E+03   -0.138139635054416470E+02    1
    0.132053498310689199E+01    0.102050172762676698E+04   -0.371871858307241432E+01    0.352761270165468829E+03   -0.138164635054416483E+02    1
    0.132018069293948948E+01    0.118787626219071603E+04   -0.430617618144921188E+01    0.352860538697378558E+03   -0.138189635054416442E+02    1
    0.130940091512574264E+01    0.144472172111232931E+04   -0.453183049238956226E+01    0.352913972329929436E+03   -0.138214635054416455E+02    1
    0.132299994164729151E+01    0.104749667657577766E+04   -0.412767338944916151E+01    0.352926252185395015E+03   -0.138239635054416645E+02    1
    0.131125582511537764E+01    0.131597062353544811E+04   -0.425525193304665450E+01    0.352953984727082968E+03   -0.138264635054416498E+02    1
    0.131256051597516388E+01    0.148732976198840970E+04   -0.500338086837514062E+01    0.353005656252743336E+03   -0.138289635054416298E+02    1
    0.131170878422728099E+01    0.148196658341589500E+04   -0.491159651426723531E+01    0.353011007724571243E+03   -0.138314635054416240E+02    1
    0.130874608070925680E+01    0.151271698908530789E+04   -0.443505694739444145E+01    0.353030130391377725E+03   -0.138339635054416430E+02    1
    0.132133948177024574E+01    0.119954326936831126E+04   -0.482397495773673590E+01    0.353062573818070234E+03   -0.138364635054416549E+02    1
    0.132047909738243296E+01    0.971352492980801571E+03   -0.361734939699162261E+01    0.353064007095240299E+03   -0.138389635054416473E+02    1
    0.131783639787604057E+01    0.106480208194566649E+04   -0.367459064485398024E+01    0.353077778890398520E+03   -0.138414635054416486E+02    1
    0.132367177364351729E+01    0.101159552289071746E+04   -0.433633743131956351E+01    0.353165651474990284E+03   -0.138439635054416463E+02    1
    0.132317452375954892E+01    0.109781942305926214E+04   -0.443360583682967224E+01    0.353189085723281892E+03   -0.138464635054416370E+02    1
    0.131675752352764652E+01    0.141205232587164141E+04   -0.511220774288064650E+01    0.353217137592705910E+03   -0.138489635054416382E+02    1
    0.131901167681437426E+01    0.136784644180895270E+04   -0.499082548332827347E+01    0.353242767104076052E+03   -0.138514635054416448E+02    1
    0.132177571482432210E+01    0.118523083151724995E+04   -0.457109651375230275E+01    0.353268377530093289E+03   -0.138539635054416426E+02    1
    0.131961242298665837E+01    0.108914428664744264E+04   -0.388005924902481603E+01    0.353376003255329351E+03   -0.138564635054416296E+02    1
    0.131773130814039718E+01    0.131513388198245570E+04   -0.449819054488669057E+01    0.353447268611511049E+03   -0.138589635054416220E+02    1
    0.132179303135448767E+01    0.120004966690975743E+04   -0.475816487690504353E+01    0.353452153416664203E+03   -0.138614635054416464E+02    1
    0.131629597984997226E+01    0.116343108922459510E+04   -0.425786453727633951E+01    0.353461311478023902E+03   -0.138639635054416424E+02    1
    0.131861292164295918E+01    0.105898049864907307E+04   -0.403229880474823066E+01    0.353477431908718756E+03   -0.138664635054416419E+02    1
    0.132019437580428423E+01    0.128380781142494357E+04   -0.493941683438605939E+01    0.353508312484463488E+03   -0.138689635054416538E+02    1
    0.132007162243081799E+01    0.114907223062539060E+04   -0.462459264684093085E+01    0.353514467739390057E+03   -0.138714635054416426E+02    1
    0.132124713180603859E+01    0.123568610824859115E+04   -0.477383723153435735E+01    0.353518194791152609E+03   -0.138739635054416350E+02    1
    0.131202085266315405E+01    0.131542719682318284E+04   -0.437303627013638962E+01    0.353565443916073946E+03   -0.138764635054416239E+02    1
    0.132117603340995560E+01    0.118940523892162628E+04   -0.479948651079287458E+01    0.353600434273675319E+03   -0.138789635054416340E+02    1
    0.131515154035611381E+01    0.145888618430552833E+04   -0.511828637844496193E+01    0.353621682742760470E+03   -0.138814635054416371E+02    1
    0.131508050576958158E+01    0.122791291277904088E+04   -0.440106321667015710E+01    0.353628877529995975E+03   -0.138839635054416455E+02    1
    0.132366292336372982E+01    0.965661386729864489E+03   -0.410967896142002775E+01    0.353671925559875831E+03   -0.138864635054416485E+02    1
    0.131353960808083614E+01    0.131515119920895063E+04   -0.456899289210806181E+01    0.353704922193737502E+03   -0.138889635054416338E+02    1
    0.131823997841122509E+01    0.131758504749797453E+04   -0.498702263677776259E+01    0.353711773135672502E+03   -0.138914635054416529E+02    1
    0.131654044336405884E+01    0.143499079137778926E+04   -0.478212492586533422E+01    0.353718330950259315E+03   -0.138939635054416470E+02    1
    0.131235838094003388E+01    0.133118800160092587E+04   -0.414367026037599384E+01    0.353761052076914098E+03   -0.138964635054416394E+02    1
    0.132166345398281426E+01    0.951727527650248476E+03   -0.367996287547826562E+01    0.353763186639427317E+03   -0.138989635054416638E+02    1
    0.131474587798505604E+01    0.142954346983396158E+04   -0.503236859914413692E+01    0.353770595744300181E+03   -0.139014635054416651E+02    1
    0.131644867594520343E+01    0.109315039065255587E+04   -0.372986202465532912E+01    0.353800695639873197E+03   -0.139039635054416468E+02    1
    0.131769718834486382E+01    0.118326168430221242E+04   -0.451744473473073960E+01    0.353809724934100529E+03   -0.139064635054416499E+02    1
    0.132224700847445842E+01    0.116846659099692033E+04   -0.467319560177029203E+01    0.353824375092164303E+03   -0.139089635054416618E+02    1
    0.132369281318145959E+01    0.979724000055651459E+03   -0.397322142532131828E+01    0.353847453549800775E+03   -0.139114635054416400E+02    1
    0.132220721435701560E+01    0.111234127553899725E+04   -0.462009419909032726E+01    0.353866420408971123E+03   -0.139139635054416413E+02    1
    0.131179780201800034E+01    0.148675372463863368E+04   -0.452621788154281735E+01    0.353876022485079829E+03   -0.139164635054416497E+02    1
    0.131378923582663032E+01    0.128260140423102393E+04   -0.446121269722375402E+01    0.353904377047605578E+03   -0.139189635054416438E+02    1
    0.131502451178184954E+01    0.131352424342690779E+04   -0.471724106101141949E+01    0.353911914059722449E+03   -0.139214635054416593E+02    1
    0.132099044688898948E+01    0.121665186436116073E+04   -0.484437481147293525E+01    0.353923933650896117E+03   -0.139239635054416535E+02    1
    0.132358521477013880E+01    0.102640445337350593E+04   -0.437195085397984684E+01    0.354053585967208903E+03   -0.139264635054416566E+02    1
    0.132191662322342296E+01    0.110857579419492140E+04   -0.423266482161626811E+01    0.354077831400514242E+03   -0.139289635054416649E+02    1
    0.130777826260288421E+01    0.151252042220306703E+04   -0.449660372506880890E+01    0.354154745347538324E+03   -0.139314635054416414E+02    1
    0.131464410939243037E+01    0.125562665725275247E+04   -0.406105084772901392E+01    0.354198704052788003E+03   -0.139339635054416284E+02    1
    0.131709033813344600E+01    0.107124997170937309E+04   -0.372154964470773564E+01    0.354205584949213232E+03   -0.139364635054416457E+02    1
    0.132280194060525336E+01    0.100925212131346404E+04   -0.395430406666368128E+01    0.354249402355978020E+03   -0.139389635054416594E+02    1
    0.131661053171525433E+01    0.136974666414714375E+04   -0.456811873723988082E+01    0.354256828040640301E+03   -0.139414635054416660E+02    1
    0.131798045965847010E+01    0.141669834093365398E+04   -0.503017796873785628E+01    0.354278415809082730E+03   -0.139439635054416531E+02    1
    0.132267329194242356E+01    0.109684729821950805E+04   -0.457849223202442790E+01    0.354297136416784610E+03   -0.139464635054416295E+02    1
    0.132301203816419100E+01    0.943598743570157808E+03   -0.380946580339920260E+01    0.354327817620434189E+03   -0.139489635054416432E+02    1
    0.132105889204414106E+01    0.121219823230531483E+04   -0.482545370402075502E+01    0.354357060003542188E+03   -0.139514635054416658E+02    1
    0.131944400350913793E+01    0.129447429365124958E+04   -0.496114098596782860E+01    0.354384468947358528E+03   -0.139539635054416635E+02    1
    0.132317717077957919E+01    0.104871056639044127E+04   -0.419163411028942789E+01    0.354395111854162678E+03   -0.139564635054416382E+02    1
    0.131707640407583981E+01    0.107494860696397313E+04   -0.381945402129180778E+01    0.354428546069498623E+03   -0.139589635054416146E+02    1
    0.131414120784894628E+01    0.155209481467140995E+04   -0.492427157829014295E+01    0.354497586202949492E+03   -0.139614635054416407E+02    1
    0.131522073406464601E+01    0.150552474933425378E+04   -0.489571011851148263E+01    0.354529950505866339E+03   -0.139639635054416544E+02    1
    0.131757594238065900E+01    0.108055005036394232E+04   -0.397822227236692960E+01    0.354532422712838695E+03   -0.139664635054416415E+02    1
    0.131931425694545745E+01    0.116495655446888395E+04   -0.412456749827700531E+01    0.354572083146880004E+03   -0.139689635054416588E+02    1
    0.132064447192781675E+01    0.107122217455748569E+04   -0.434613369233462965E+01    0.354623257695188784E+03   -0.139714635054416441E+02    1
    0.132257224996517020E+01    0.100317483568086482E+04   -0.390045681663332111E+01    0.354651216743802593E+03   -0.139739635054416382E+02    1
    0.131762907186538958E+01    0.107496738019849317E+04   -0.393955375986972456E+01    0.354693121480955597E+03   -0.139764635054416466E+02    1
    0.132044212796901661E+01    0.108799833189834999E+04   -0.397085333980067823E+01    0.354695394413445797E+03   -0.139789635054416461E+02    1
    0.131542655458858726E+01    0.114204010681578052E+04   -0.380896446235937880E+01    0.354716575704295110E+03   -0.139814635054416403E+02    1
    0.131539717980699145E+01    0.131683873208516479E+04   -0.429625448449091429E+01    0.354835033593985372E+03   -0.139839635054416291E+02    1
    0.132015150076293586E+01    0.991304952835552399E+03   -0.367732892061966332E+01    0.354875996453602113E+03   -0.139864635054416340E+02    1
    0.132096544354711853E+01    0.119001308584293429E+04   -0.477994551521998901E+01    0.354890812187476627E+03   -0.139889635054416388E+02    1
    0.132112022448360489E+01    0.121931397282993248E+04   -0.481661971828536117E+01    0.354968763160212688E+03   -0.139914635054416507E+02    1
    0.131345325696392745E+01    0.128588396527803343E+04   -0.442951565524197033E+01    0.354977341363067580E+03   -0.139939635054416627E+02    1
    0.131518183793822407E+01    0.135833653964236328E+04   -0.487222729660475640E+01    0.355037432271315595E+03   -0.139964635054416586E+02    1
    0.131500356571120980E+01    0.145391078559085418E+04   -0.468362780443945592E+01    0.355066937548944566E+03   -0.139989635054416386E+02    1
    0.132257940488033476E+01    0.976198077541342627E+03   -0.382442366498616337E+01    0.355094740321549182E+03   -0.140014635054416257E+02    1
    0.131493827793165852E+01    0.138979416725485180E+04   -0.494016901327162827E+01    0.355098991455785040E+03   -0.140039635054416287E+02    1
    0.130814663857219315E+01    0.152364578063432873E+04   -0.446909650425689975E+01    0.355124255822304519E+03   -0.140064635054416460E+02    1
    0.131512121973953477E+01    0.119423648144554591E+04   -0.391380986339880366E+01    0.355185738988755134E+03   -0.140089635054416615E+02    1
    0.132367030336893121E+01    0.990985357970352084E+03   -0.418087386077564371E+01    0.355197379193089432E+03   -0.140114635054416468E+02    1
    0.131734416754759542E+01    0.141166630114431678E+04   -0.482420240621000662E+01    0.355224531985427006E+03   -0.140139635054416285E+02    1
    0.131369223610559471E+01    0.154185680327300088E+04   -0.516717034875117065E+01    0.355299634759702428E+03   -0.140164635054416227E+02    1
    0.132211123474154979E+01    0.105767775472157155E+04   -0.441200159567564398E+01    0.355377785726021045E+03   -0.140189635054416417E+02    1
    0.131116325396891553E+01    0.136598666718927961E+04   -0.445138588691112069E+01    0.355407257369454214E+03   -0.140214635054416519E+02    1
    0.131578501559843675E+01    0.128715332227240651E+04   -0.469875294349735917E+01    0.355410290896981564E+03   -0.140239635054416496E+02    1
    0.132226438617994502E+01    0.114419269466390870E+04   -0.464317496435995469E+01    0.355427556354118906E+03   -0.140264635054416633E+02    1
    0.131895345769074601E+01    0.131208060261937067E+04   -0.465363537739251854E+01    0.355490925763735504E+03   -0.140289635054416539E+02    1
    0.131939319878124683E+01    0.132974440242382639E+04   -0.484769958479414509E+01    0.355492593363299079E+03   -0.140314635054416481E+02    1
    0.131447243500133770E+01    0.157046400308947045E+04   -0.517018883122628559E+01    0.355541073396603679E+03   -0.140339635054416494E+02    1
    0.131178461022967685E+01    0.156869128410488202E+04   -0.510379989417433144E+01    0.355568057104185243E+03   -0.140364635054416311E+02    1
    0.131865861852737942E+01    0.129520441347945416E+04   -0.493919650350372841E+01    0.355597696144989698E+03   -0.140389635054416129E+02    1
    0.131677614575814106E+01    0.146648830169541839E+04   -0.509162565511003606E+01    0.355638829392487594E+03   -0.140414635054416337E+02    1
    0.132027380513280868E+01    0.113377777226421222E+04   -0.412421693305225912E+01    0.355662405660963998E+03   -0.140439635054416438E+02    1
    0.131625210521581670E+01    0.149163179286985451E+04   -0.503464567255547468E+01    0.355721303154915461E+03   -0.140464635054416540E+02    1
    0.132053865946918569E+01    0.124319707812896240E+04   -0.485444927612886090E+01    0.355744453951949708E+03   -0.140489635054416713E+02    1
    0.132026887165475637E+01    0.101815950236428966E+04   -0.373853934456739090E+01    0.355752830040510048E+03   -0.140514635054416619E+02    1
    0.131993118975287205E+01    0.129065965256689287E+04   -0.491529376892951664E+01    0.355762238472500826E+03   -0.140539635054416667E+02    1
    0.132328254097130982E+01    0.965500191783273976E+03   -0.399141240506079065E+01    0.355795908909617651E+03   -0.140564635054416662E+02    1
    0.130946381844089887E+01    0.157128444722778204E+04   -0.461753435776113275E+01    0.355845773967084256E+03   -0.140589635054416551E+02    1
    0.132271597123157103E+01    0.104405469015693279E+04   -0.437266127738780508E+01    0.355900280245213025E+03   -0.140614635054416457E+02    1
    0.130933644896989598E+01    0.150461332949574921E+04   -0.445332222798808353E+01    0.355913643509517442E+03   -0.140639635054416470E+02    1
    0.131328130066631443E+01    0.153238681243312362E+04   -0.477571985437309365E+01    0.355979246027827571E+03   -0.140664635054416571E+02    1
    0.131006337912097681E+01    0.146134298390501999E+04   -0.438446883325682890E+01    0.356008145789209891E+03   -0.140689635054416513E+02    1
    0.131892856260116798E+01    0.133123526063096187E+04   -0.474450334076267222E+01    0.356008428767598218E+03   -0.140714635054416437E+02    1
    0.132159103428689018E+01    0.101819825272950118E+04   -0.386398003518074162E+01    0.356143782541996302E+03   -0.140739635054416361E+02    1
    0.131511360284910639E+01    0.153993188465358116E+04   -0.514338530005372796E+01    0.356151130595404254E+03   -0.140764635054416516E+02    1
    0.132043616685150056E+01    0.124195821752395523E+04   -0.485104663404258485E+01    0.356154584560520561E+03   -0.140789635054416777E+02    1
    0.131145822964402647E+01    0.155033157500613584E+04   -0.503674501728386836E+01    0.356163472054211582E+03   -0.140814635054416701E+02    1
    0.131024733437206486E+01    0.137842777623868142E+04   -0.433475842081645091E+01    0.356165889695188184E+03   -0.140839635054416696E+02    1
    0.131046447124993537E+01    0.136033276843801559E+04   -0.425590495776255562E+01    0.356166882880513754E+03   -0.140864635054416674E+02    1
    0.131603301028713915E+01    0.149830224539893015E+04   -0.511303985193574295E+01    0.356200176876919215E+03   -0.140889635054416473E+02    1
    0.131643693732621037E+01    0.112953724274648130E+04   -0.382380483994331399E+01    0.356234393350431333E+03   -0.140914635054416379E+02    1
    0.131758856519471479E+01    0.115844655185563715E+04   -0.438146098467727274E+01    0.356260636083532631E+03   -0.140939635054416375E+02    1
    0.130941802280416786E+01    0.143418206210820199E+04   -0.433004630537188184E+01    0.356302137208948182E+03   -0.140964635054416370E+02    1
    0.131565817900062232E+01    0.122744903585892939E+04   -0.405261085625205286E+01    0.356307143456576796E+03   -0.140989635054416542E+02    1
    0.131705546705540377E+01    0.136683727036642586E+04   -0.462530146333152636E+01    0.356363320519463116E+03   -0.141014635054416448E+02    1
    0.131448161866094049E+01    0.130316166709882236E+04   -0.419317435474716760E+01    0.356407161580777824E+03   -0.141039635054416141E+02    1
    0.130835563134972510E+01    0.158838344469485219E+04   -0.483738269015765443E+01    0.356434604466380847E+03   -0.141064635054416296E+02    1
    0.131797678525409090E+01    0.109735431094933938E+04   -0.381699157635872410E+01    0.356449250468718844E+03   -0.141089635054416558E+02    1
    0.130829988517680040E+01    0.153396332925770594E+04   -0.465927715106038143E+01    0.356476812236438832E+03   -0.141114635054416624E+02    1
    0.131762860108493984E+01    0.110656434292869108E+04   -0.382430521264858392E+01    0.356482884498101498E+03   -0.141139635054416477E+02    1
    0.131740832302984034E+01    0.108850878455317525E+04   -0.377447302858201184E+01    0.356491003866283791E+03   -0.141164635054416436E+02    1
    0.130806452178912869E+01    0.158502251148625896E+04   -0.479361601952053817E+01    0.356499412292048135E+03   -0.141189635054416573E+02    1
    0.131789594369889485E+01    0.109161737538360649E+04   -0.379305141441792593E+01    0.356523049512901252E+03   -0.141214635054416426E+02    1
    0.132281742121758850E+01    0.107614977929890438E+04   -0.430272377348147383E+01    0.356550875717166662E+03   -0.141239635054416262E+02    1
    0.130905524311193777E+01    0.145716995070274675E+04   -0.447948609769693107E+01    0.356583332075508224E+03   -0.141264635054416470E+02    1
    0.131677854579040821E+01    0.125188640306100342E+04   -0.420633277912674597E+01    0.356632455463785732E+03   -0.141289635054416554E+02    1
    0.132056858657360610E+01    0.124778970044096036E+04   -0.483387216628961536E+01    0.356636719637025351E+03   -0.141314635054416389E+02    1
    0.131535933286029572E+01    0.130583781271303724E+04   -0.427205699276898443E+01    0.356664586791319550E+03   -0.141339635054416366E+02    1
    0.131267139383967746E+01    0.128194497890596676E+04   -0.427183157578832429E+01    0.356755629970358655E+03   -0.141364635054416397E+02    1
    0.132224173170044490E+01    0.102475656663955351E+04   -0.424022988495067921E+01    0.356774027668785209E+03   -0.141389635054416445E+02    1
    0.132299629154033149E+01    0.102045274877039208E+04   -0.408621177198853047E+01    0.356822223409861977E+03   -0.141414635054416653E+02    1
    0.131987211704057850E+01    0.102207314539493939E+04   -0.374206685120573646E+01    0.356825476957182559E+03   -0.141439635054416755E+02    1
    0.132222459851354768E+01    0.114209822780735612E+04   -0.453492294448087918E+01    0.356828761367735183E+03   -0.141464635054416554E+02    1
    0.131765738046414027E+01    0.124200692686489265E+04   -0.470748098937357629E+01    0.356828789245008295E+03   -0.141489635054416549E+02    1
    0.131866054830822632E+01    0.122823496360509489E+04   -0.431070004744444546E+01    0.356872173159080603E+03   -0.141514635054416473E+02    1
    0.132206685007977409E+01    0.103560674574839504E+04   -0.400026596491160191E+01    0.356900932945400939E+03   -0.141539635054416255E+02    1
    0.131631220203986921E+01    0.111153321201972676E+04   -0.385101056064756442E+01    0.356987840451800366E+03   -0.141564635054416197E+02    1
    0.132022129932713628E+01    0.126178516398272950E+04   -0.485886711866997345E+01    0.357060318137624790E+03   -0.141589635054416352E+02    1
    0.132186817512338228E+01    0.994890018589655938E+03   -0.402060580512750665E+01    0.357067601309063321E+03   -0.141614635054416649E+02    1
    0.132322623609532464E+01    0.100625435859264508E+04   -0.410366384423359065E+01    0.357074128911933713E+03   -0.141639635054416821E+02    1
    0.131146361324031213E+01    0.131787059859276906E+04   -0.416146651474127172E+01    0.357090819985364476E+03   -0.141664635054416745E+02    1
    0.132273573517266119E+01    0.101728349861171500E+04   -0.403652809127088652E+01    0.357099874792213086E+03   -0.141689635054416456E+02    1
    0.131500127557071278E+01    0.140782940309544756E+04   -0.455778692651044803E+01    0.357113214467882301E+03   -0.141714635054416540E+02    1
    0.131721911774555411E+01    0.113137052630554035E+04   -0.418629983217268453E+01    0.357114999318011598E+03   -0.141739635054416837E+02    1
    0.131969006227712171E+01    0.130543897812970931E+04   -0.487899119872092157E+01    0.357138984440721515E+03   -0.141764635054416654E+02    1
    0.131974663802276782E+01    0.109117741938634845E+04   -0.393390094510119326E+01    0.357147444962152690E+03   -0.141789635054416436E+02    1
    0.131264856979197075E+01    0.146625866773785538E+04   -0.454541520959170420E+01    0.357153717207994703E+03   -0.141814635054416467E+02    1
    0.131758263530765629E+01    0.113269693203282782E+04   -0.389414197304991383E+01    0.357154793025335380E+03   -0.141839635054416604E+02    1
    0.131684647289498891E+01    0.110984865502399634E+04   -0.381081092134530941E+01    0.357157758241745114E+03   -0.141864635054416528E+02    1
    0.131270247653859884E+01    0.149221698207688837E+04   -0.499627785166827465E+01    0.357176797678110063E+03   -0.141889635054416292E+02    1
    0.132225035574493210E+01    0.982747901561067124E+03   -0.397021943918320552E+01    0.357212261965242192E+03   -0.141914635054416163E+02    1
    0.132236750860418262E+01    0.106366561650066888E+04   -0.440694660706274632E+01    0.357241370327246273E+03   -0.141939635054416406E+02    1
    0.130906637658872849E+01    0.149607184927610979E+04   -0.445272445957028928E+01    0.357244259080549625E+03   -0.141964635054416721E+02    1
    0.130750067790488811E+01    0.159892287125275402E+04   -0.474618958574169003E+01    0.357246196483537119E+03   -0.141989635054416450E+02    1
    0.131458568043083157E+01    0.154726213956583661E+04   -0.515836950455584464E+01    0.357250485722146152E+03   -0.142014635054416338E+02    1
    0.131277723262392931E+01    0.129239439379594796E+04   -0.409420332118715180E+01    0.357295042400697980E+03   -0.142039635054416422E+02    1
    0.131886410067370607E+01    0.117320672024959458E+04   -0.413349840280822711E+01    0.357324226470078656E+03   -0.142064635054416613E+02    1
    0.132251206265512833E+01    0.101496452970894416E+04   -0.398724060081292286E+01    0.357329183771462112E+03   -0.142089635054416501E+02    1
    0.132224820318071812E+01    0.112892057227018108E+04   -0.446899224496132774E+01    0.357375107137493330E+03   -0.142114635054416443E+02    1
    0.132154201379251757E+01    0.118673953766554109E+04   -0.464512998327608262E+01    0.357375621024212364E+03   -0.142139635054416527E+02    1
    0.131356926161004939E+01    0.151998627470671499E+04   -0.477618299146773317E+01    0.357418176552968987E+03   -0.142164635054416397E+02    1
    0.132273509566432934E+01    0.107511247044124775E+04   -0.444192398835934643E+01    0.357419307761480695E+03   -0.142189635054416357E+02    1
    0.131817703038450262E+01    0.105790624102578977E+04   -0.385363247718014357E+01    0.357451159693394743E+03   -0.142214635054416316E+02    1
    0.131471099351671161E+01    0.144164516433684344E+04   -0.502803776021682758E+01    0.357490746079279802E+03   -0.142239635054416507E+02    1
    0.131173866850466014E+01    0.155910917939089131E+04   -0.506652004965444736E+01    0.357588978709514038E+03   -0.142264635054416413E+02    1
    0.131805295860653726E+01    0.138758439870295751E+04   -0.489185336612590760E+01    0.357648854880934266E+03   -0.142289635054416355E+02    1
    0.131732881906503829E+01    0.138136454549984637E+04   -0.503476269043959324E+01    0.357657903150663856E+03   -0.142314635054416403E+02    1
    0.131398747036043528E+01    0.157792572519257078E+04   -0.515270139311914654E+01    0.357665180251668687E+03   -0.142339635054416327E+02    1
    0.131766355122042556E+01    0.123142135011136952E+04   -0.466517915250337012E+01    0.357666368695826293E+03   -0.142364635054416535E+02    1
    0.131007091897953076E+01    0.139309559187331251E+04   -0.431540878052724075E+01    0.357694755211490701E+03   -0.142389635054416850E+02    1
    0.131174228688998196E+01    0.147472077757245802E+04   -0.450373037362766127E+01    0.357700630774671197E+03   -0.142414635054416632E+02    1
    0.132177995459149233E+01    0.100233288602067682E+04   -0.404691629125670715E+01    0.357753088190926633E+03   -0.142439635054416325E+02    1
    0.132000844620473612E+01    0.115827868404040237E+04   -0.460732876452282181E+01    0.357802364884277551E+03   -0.142464635054416515E+02    1
    0.131690059387106362E+01    0.139650373872588102E+04   -0.472943184257980231E+01    0.357815306747889849E+03   -0.142489635054416510E+02    1
    0.131309733266009698E+01    0.128682963950854673E+04   -0.410261715102426638E+01    0.357844322208649771E+03   -0.142514635054416292E+02    1
    0.131710183297439642E+01    0.119297470878136096E+04   -0.445543319109308111E+01    0.357862451342888846E+03   -0.142539635054416358E+02    1
    0.131858585899695502E+01    0.133019415948946244E+04   -0.496644593916016586E+01    0.357981694941297178E+03   -0.142564635054416300E+02    1
    0.132241301930075217E+01    0.100762943017569546E+04   -0.414101512117983361E+01    0.357986286662932343E+03   -0.142589635054416437E+02    1
    0.132128810165739097E+01    0.105406612372205404E+04   -0.427847934528289198E+01    0.358010185779926701E+03   -0.142614635054416734E+02    1
    0.131785226525852561E+01    0.140166931972697535E+04   -0.494056798223569071E+01    0.358114958627088015E+03   -0.142639635054416747E+02    1
    0.131089975041163509E+01    0.150183105886986914E+04   -0.453191972970047363E+01    0.358131133063782158E+03   -0.142664635054416706E+02    1
    0.132171438313814527E+01    0.109182349696923211E+04   -0.446773512916025251E+01    0.358178644325075425E+03   -0.142689635054416559E+02    1
    0.131895866708287435E+01    0.121418054719655720E+04   -0.429655145565267915E+01    0.358201139907188406E+03   -0.142714635054416323E+02    1
    0.132287868093678784E+01    0.104136532753196161E+04   -0.420115391856756837E+01    0.358238378740429653E+03   -0.142739635054416247E+02    1
    0.131057056559819940E+01    0.140831815859246490E+04   -0.450849960232480029E+01    0.358298439712380230E+03   -0.142764635054416438E+02    1
    0.132142077986994666E+01    0.106612658446242062E+04   -0.435046492824571374E+01    0.358351479624201545E+03   -0.142789635054416628E+02    1
    0.131508972161744975E+01    0.147973459715017339E+04   -0.510596328040613123E+01    0.358359911373754301E+03   -0.142814635054416463E+02    1
    0.131698806272437619E+01    0.122629527454233357E+04   -0.457878868356529889E+01    0.358382110903326748E+03   -0.142839635054416352E+02    1
    0.132154767065096546E+01    0.101783272363937624E+04   -0.390280471587015754E+01    0.358398961610245919E+03   -0.142864635054416436E+02    1
    0.131514701457023775E+01    0.151443321956102272E+04   -0.495568621348346028E+01    0.358415286350878318E+03   -0.142889635054416413E+02    1
    0.132101896567418353E+01    0.113068815776744304E+04   -0.456524129385915600E+01    0.358440821495590171E+03   -0.142914635054416443E+02    1
    0.131920550249691648E+01    0.106858247119543512E+04   -0.384150488936091250E+01    0.358502547236114651E+03   -0.142939635054416438E+02    1
    0.132214642719040754E+01    0.112722243445357617E+04   -0.448674837055336440E+01    0.358585828501668630E+03   -0.142964635054416540E+02    1
    0.132054591177755598E+01    0.118879359007437370E+04   -0.442026638379171644E+01    0.358613551902893050E+03   -0.142989635054416482E+02    1
    0.132091126430182437E+01    0.102374857390793397E+04   -0.405420118237329952E+01    0.358634546879211200E+03   -0.143014635054416388E+02    1
    0.132137132038619520E+01    0.997621277693277534E+03   -0.388624073331506459E+01    0.358666368965592824E+03   -0.143039635054416721E+02    1
    0.131856362649249159E+01    0.135018878539827801E+04   -0.481308828137506950E+01    0.358668910114951586E+03   -0.143064635054416804E+02    1
    0.131372753011129673E+01    0.131576299002106202E+04   -0.455393438907429626E+01    0.358686593103817188E+03   -0.143089635054416515E+02    1
    0.132007837830828700E+01    0.126758687941587459E+04   -0.472975236569715207E+01    0.358714912406425640E+03   -0.143114635054416421E+02    1
    0.132195199798376950E+01    0.100517138194864140E+04   -0.393350017643950700E+01    0.358719917542564019E+03   -0.143139635054416576E+02    1
    0.131113615862564581E+01    0.137161583531592873E+04   -0.442881948405954962E+01    0.358751330309090804E+03   -0.143164635054416642E+02    1
    0.131697140236527810E+01    0.144345668209383393E+04   -0.499217906730581618E+01    0.358788960623835010E+03   -0.143189635054416531E+02    1
    0.131712064630107206E+01    0.135892021425059238E+04   -0.462114735321757131E+01    0.358807723319722299E+03   -0.143214635054416437E+02    1
    0.132016726597269707E+01    0.123549442040057693E+04   -0.480501197918431977E+01    0.358894846782830768E+03   -0.143239635054416432E+02    1
    0.131101083459494649E+01    0.150247639623025748E+04   -0.454395193607607251E+01    0.358912779265812389E+03   -0.143264635054416480E+02    1
    0.130877420356428686E+01    0.149542482991934753E+04   -0.449016130802416669E+01    0.358935290124649441E+03   -0.143289635054416493E+02    1
    0.131773755900461209E+01    0.128481681423845362E+04   -0.482394252335337193E+01    0.358950471653341594E+03   -0.143314635054416382E+02    1
    0.131738329289003842E+01    0.123519073914403407E+04   -0.422928962712943690E+01    0.358973679666731641E+03   -0.143339635054416519E+02    1
    0.131395229867856167E+01    0.150460178274393866E+04   -0.477007134083897988E+01    0.358998747118143001E+03   -0.143364635054416656E+02    1
    0.132002654126234620E+01    0.102814426885884495E+04   -0.382528467245101034E+01    0.359079599922346063E+03   -0.143389635054416669E+02    1
    0.132093717267895339E+01    0.108504713624914416E+04   -0.407128515863109719E+01    0.359096020714080851E+03   -0.143414635054416575E+02    1
    0.131730768725931680E+01    0.134250842281412406E+04   -0.494424377891428968E+01    0.359099771140965686E+03   -0.143439635054416392E+02    1
    0.131646709066022494E+01    0.125684563589696654E+04   -0.422083743675290890E+01    0.359115268181144529E+03   -0.143464635054416405E+02    1
    0.130981119237383559E+01    0.142487053874819139E+04   -0.435772588525182591E+01    0.359152525552747306E+03   -0.143489635054416542E+02    1
    0.131934915475464987E+01    0.104332393078791893E+04   -0.381567527560994613E+01    0.359189881873816034E+03   -0.143514635054416431E+02    1
    0.131973673903993594E+01    0.124648970887985115E+04   -0.482123357593539303E+01    0.359195885831933822E+03   -0.143539635054416319E+02    1
    0.131432330167517897E+01    0.155478505802916061E+04   -0.512878816403726034E+01    0.359214901455729660E+03   -0.143564635054416350E+02    1
    0.131861800220784375E+01    0.126907798948853247E+04   -0.447471451963903633E+01    0.359251067796752125E+03   -0.143589635054416522E+02    1
    0.131551907783820110E+01    0.140830907023106920E+04   -0.499594678375017587E+01    0.359266047548209485E+03   -0.143614635054416571E+02    1
    0.130989746727063450E+01    0.141893923414179062E+04   -0.440310507452249666E+01    0.359299645447548414E+03   -0.143639635054416459E+02    1
    0.131969064158481553E+01    0.121254175003359160E+04   -0.473585021669095507E+01    0.359319327845160046E+03   -0.143664635054416507E+02    1
    0.131453546648820141E+01    0.154713833331214960E+04   -0.510856247246941209E+01    0.359321122792712345E+03   -0.143689635054416520E+02    1
    0.131374807340429989E+01    0.155280356907442683E+04   -0.492317788565606573E+01    0.359321456730932255E+03   -0.143714635054416568E+02    1
    0.131063521507462033E+01    0.157978542552669433E+04   -0.501134921342102579E+01    0.359350336541307570E+03   -0.143739635054416564E+02    1
    0.132116960924338334E+01    0.100702148456420969E+04   -0.393120404456266925E+01    0.359365480740153146E+03   -0.143764635054416416E+02    1
    0.130928601980227755E+01    0.154851824196871462E+04   -0.480385941298744612E+01    0.359393239362183579E+03   -0.143789635054416518E+02    1
    0.132184487868381995E+01    0.104148972728171498E+04   -0.403259204763898982E+01    0.359409149123397924E+03   -0.143814635054416495E+02    1
    0.131894521395724351E+01    0.112449196178238572E+04   -0.434329430572677833E+01    0.359443755911493099E+03   -0.143839635054416402E+02    1
    0.131067660271087361E+01    0.140731400526401762E+04   -0.450668208614952626E+01    0.359486923635701714E+03   -0.143864635054416397E+02    1
    0.131650308635113955E+01    0.127391976457865712E+04   -0.427151516562329370E+01    0.359490573132333509E+03   -0.143889635054416356E+02    1
    0.132000018119068407E+01    0.126924142192017962E+04   -0.474536311842952951E+01    0.359535360211808893E+03   -0.143914635054416458E+02    1
    0.131275476705074579E+01    0.146994302733636732E+04   -0.493121946382549670E+01    0.359547657575647293E+03   -0.143939635054416524E+02    1
    0.131498906953199834E+01    0.131767411974086167E+04   -0.429795667967769024E+01    0.359621124172117277E+03   -0.143964635054416430E+02    1
    0.131411481864121793E+01    0.124134618558422017E+04   -0.404327221872410458E+01    0.359631068936085626E+03   -0.143989635054416389E+02    1
    0.132135930050259831E+01    0.101380727029080185E+04   -0.391160122231912410E+01    0.359656811106919577E+03   -0.144014635054416420E+02    1
    0.132162139376091625E+01    0.103694054553727528E+04   -0.419713326978205004E+01    0.359660901014200817E+03   -0.144039635054416379E+02    1
    0.132219553989641758E+01    0.101157563205897293E+04   -0.404591506378294063E+01    0.359662534773919219E+03   -0.144064635054416392E+02    1
    0.131088595586184375E+01    0.143942106863441495E+04   -0.465108674217991158E+01    0.359666543380877727E+03   -0.144089635054416387E+02    1
    0.131758034560165194E+01    0.109533547164889069E+04   -0.385980822144529689E+01    0.359666652840182905E+03   -0.144114635054416418E+02    1
    0.132143354603445529E+01    0.109515300504647621E+04   -0.418693041466424543E+01    0.359681169617678279E+03   -0.144139635054416484E+02    1
    0.131353516749786170E+01    0.137978694033378861E+04   -0.474908217975199598E+01    0.359709865805494644E+03   -0.144164635054416497E+02    1
    0.132100849774038376E+01    0.117174496195363145E+04   -0.444004314827916957E+01    0.359747503242378627E+03   -0.144189635054416634E+02    1
    0.131837895832647245E+01    0.113578578068444381E+04   -0.399779740193046962E+01    0.359789732110436432E+03   -0.144214635054416682E+02    1
    0.131686585106016230E+01    0.141500792893551852E+04   -0.482375820206931838E+01    0.359806284231211123E+03   -0.144239635054416517E+02    1
    0.131558938860785690E+01    0.140317116545856834E+04   -0.461055384932749845E+01    0.359823507621423971E+03   -0.144264635054416370E+02    1
    0.131825126364344603E+01    0.108311097786720939E+04   -0.384621023252170602E+01    0.359837213347836553E+03   -0.144289635054416401E+02    1
    0.131616419992302247E+01    0.142813141186898542E+04   -0.476944725321258733E+01    0.359844265654781452E+03   -0.144314635054416591E+02    1
    0.132249802564122376E+01    0.105934543067067352E+04   -0.428627463286063026E+01    0.359854012244913918E+03   -0.144339635054416675E+02    1
    0.131458170191912083E+01    0.119387699980372372E+04   -0.400623803659531941E+01    0.359906308515766852E+03   -0.144364635054416546E+02    1
    0.131612786249991287E+01    0.147478306387444491E+04   -0.505505423736086268E+01    0.359949388145720263E+03   -0.144389635054416594E+02    1
    0.131204051117537901E+01    0.149832721315960839E+04   -0.460767215637984417E+01    0.360001220466215500E+03   -0.144414635054416713E+02    1
    0.131715463403658561E+01    0.118995684835781071E+04   -0.406934070360970956E+01    0.360009748781722692E+03   -0.144439635054416584E+02    1
    0.132146389790548269E+01    0.106425321653793344E+04   -0.430183988265372541E+01    0.360053095386665177E+03   -0.144464635054416508E+02    1
    0.131885834670916613E+01    0.129010432020618509E+04   -0.487629344034253354E+01    0.360145997006351138E+03   -0.144489635054416592E+02    1
    0.131376326648270614E+01    0.157254268535166239E+04   -0.512264449134026467E+01    0.360155400763980424E+03   -0.144514635054416640E+02    1
    0.131557268698753238E+01    0.136628104060304349E+04   -0.488975185754037334E+01    0.360156698368015554E+03   -0.144539635054416653E+02    1
    0.131326676281647270E+01    0.132211358628223434E+04   -0.420773968753677163E+01    0.360166721406392242E+03   -0.144564635054416630E+02    1
    0.131577168465069461E+01    0.124208556021235904E+04   -0.412717805125952886E+01    0.360169640454993612E+03   -0.144589635054416572E+02    1
    0.131494321405788828E+01    0.120928658518870384E+04   -0.422204241048649909E+01    0.360184189068762748E+03   -0.144614635054416656E+02    1
    0.131471373656838852E+01    0.134050816685052177E+04   -0.473270309416900048E+01    0.360231013734611224E+03   -0.144639635054416615E+02    1
    0.131113768836730848E+01    0.146620413576299529E+04   -0.447622847448615957E+01    0.360291688199293787E+03   -0.144664635054416415E+02    1
    0.131694872461248180E+01    0.120594946649666531E+04   -0.411146419762947790E+01    0.360359142817944814E+03   -0.144689635054416321E+02    1
    0.132192457577341349E+01    0.105274899137091688E+04   -0.426744588958179527E+01    0.360376281721383180E+03   -0.144714635054416352E+02    1
    0.131181587249261922E+01    0.134797754852495018E+04   -0.441029426172774741E+01    0.360378700249966641E+03   -0.144739635054416436E+02    1
    0.132107024097224834E+01    0.105731655699963858E+04   -0.400978779605329461E+01    0.360389332414810951E+03   -0.144764635054416431E+02    1
    0.131764262438636548E+01    0.129409814034795136E+04   -0.445487470447540179E+01    0.360406806962135477E+03   -0.144789635054416461E+02    1
    0.131697461736325194E+01    0.131869458767856781E+04   -0.447610994323785949E+01    0.360429882020310970E+03   -0.144814635054416456E+02    1
    0.131570081348679024E+01    0.140085294367706683E+04   -0.497961992881360960E+01    0.360444142893199057E+03   -0.144839635054416540E+02    1
    0.131327019967527603E+01    0.159474427991007178E+04   -0.507349860594686142E+01    0.360483027227828529E+03   -0.144864635054416500E+02    1
    0.132088045409594623E+01    0.102428872231043761E+04   -0.392031083672001657E+01    0.360487613225542873E+03   -0.144889635054416459E+02    1
    0.130925590316691642E+01    0.147622079966466276E+04   -0.447723853020704432E+01    0.360504319493899516E+03   -0.144914635054416667E+02    1
    0.132125532476423579E+01    0.114820086797203157E+04   -0.439965652665695561E+01    0.360540015907527732E+03   -0.144939635054416520E+02    1
    0.131926872285366237E+01    0.127351104588533599E+04   -0.484101291647088061E+01    0.360568412364661469E+03   -0.144964635054416533E+02    1
    0.131284009323872497E+01    0.157749980780227929E+04   -0.492631427697615365E+01    0.360578606985248769E+03   -0.144989635054416528E+02    1
    0.131223511688437378E+01    0.131080787512137067E+04   -0.428424426437855743E+01    0.360581929353843464E+03   -0.145014635054416310E+02    1
    0.131716431509540088E+01    0.129574480912555214E+04   -0.480667058040175377E+01    0.360596512160624115E+03   -0.145039635054416500E+02    1
    0.131742029561159368E+01    0.114755978137987677E+04   -0.425995488072462791E+01    0.360601984659632308E+03   -0.145064635054416602E+02    1
    0.131781455893343247E+01    0.114388523100775365E+04   -0.428521738098357474E+01    0.360617550064543195E+03   -0.145089635054416561E+02    1
    0.130919871057813619E+01    0.148920171782549733E+04   -0.457462042841985905E+01    0.360622236036277855E+03   -0.145114635054416432E+02    1
    0.131639810573251581E+01    0.145786398073866167E+04   -0.502085609875370498E+01    0.360644431433482680E+03   -0.145139635054416480E+02    1
    0.130990863288808423E+01    0.144226622492133151E+04   -0.450397989016251898E+01    0.360666306828468009E+03   -0.145164635054416724E+02    1
    0.131522819387624157E+01    0.151156815497544449E+04   -0.506063312583976366E+01    0.360714791550845860E+03   -0.145189635054416772E+02    1
    0.131486621312494201E+01    0.136008139005306475E+04   -0.480524331293301632E+01    0.360770168692260256E+03   -0.145214635054416767E+02    1
    0.131580388826346395E+01    0.134269725396026843E+04   -0.444123640606302938E+01    0.360774991352732286E+03   -0.145239635054416674E+02    1
    0.132172896117983796E+01    0.109977949885176940E+04   -0.443728932314159064E+01    0.360799286538929152E+03   -0.145264635054416438E+02    1
    0.131776252561276719E+01    0.136472847123584370E+04   -0.497030808423854076E+01    0.360814926421169730E+03   -0.145289635054416326E+02    1
    0.131517564507807294E+01    0.150012006132212923E+04   -0.508708088481665577E+01    0.360876807716812323E+03   -0.145314635054416517E+02    1
    0.131974172401569723E+01    0.126857076071380629E+04   -0.469241374906888531E+01    0.360887979193294200E+03   -0.145339635054416725E+02    1
    0.132082544078087949E+01    0.102662597291629299E+04   -0.395389774836692354E+01    0.360889019661533155E+03   -0.145364635054416542E+02    1
    0.131846222263030421E+01    0.109799504604600270E+04   -0.390950891746764739E+01    0.360894060518763069E+03   -0.145389635054416431E+02    1
    0.132106890283478973E+01    0.113594842559515155E+04   -0.431796383105065296E+01    0.360895988588005252E+03   -0.145414635054416479E+02    1
    0.131883885265799727E+01    0.129009036034814903E+04   -0.460800972125691732E+01    0.360951743701892667E+03   -0.145439635054416545E+02    1
    0.131163946783253693E+01    0.133498738810424652E+04   -0.427257144225428931E+01    0.360962207658609600E+03   -0.145464635054416664E+02    1
    0.131266052565363056E+01    0.142454515065729856E+04   -0.478642199882260844E+01    0.361000496961156614E+03   -0.145489635054416606E+02    1
    0.131664401054049796E+01    0.121231759954795143E+04   -0.445378606580735514E+01    0.361025695810169054E+03   -0.145514635054416654E+02    1
    0.131053377642077051E+01    0.148914541207673506E+04   -0.475581881281792551E+01    0.361036786429433562E+03   -0.145539635054416561E+02    1
    0.131000196530982738E+01    0.146442555405155463E+04   -0.443295822822644148E+01    0.361054862286313664E+03   -0.145564635054416609E+02    1
    0.131715627241673050E+01    0.140680689521847830E+04   -0.485718446986252417E+01    0.361082684176897544E+03   -0.145589635054416568E+02    1
    0.131442252450998964E+01    0.138109820005053848E+04   -0.445063696720285140E+01    0.361092531181759796E+03   -0.145614635054416475E+02    1
    0.131514878851289674E+01    0.118279930361298216E+04   -0.406050093631449815E+01    0.361117309186009606E+03   -0.145639635054416505E+02    1
    0.130991081709522383E+01    0.143497583380392985E+04   -0.440355115270174391E+01    0.361117337367137679E+03   -0.145664635054416554E+02    1
    0.131497895035900347E+01    0.150774311002410263E+04   -0.508672027400768112E+01    0.361150929944127313E+03   -0.145689635054416673E+02    1
    0.131238042042473935E+01    0.158893237736810761E+04   -0.492029905732552209E+01    0.361152217352081777E+03   -0.145714635054416686E+02    1
    0.131565702495166437E+01    0.117399260251168107E+04   -0.396748852204593483E+01    0.361202243040895667E+03   -0.145739635054416681E+02    1
    0.131550427143264925E+01    0.140469546507460268E+04   -0.496688845051906736E+01    0.361254900526887809E+03   -0.145764635054416551E+02    1
    0.131322407894647686E+01    0.159080510944405501E+04   -0.508457376539543837E+01    0.361256593586821793E+03   -0.145789635054416493E+02    1
    0.131414028208327616E+01    0.126462810903958848E+04   -0.410980860751154964E+01    0.361264097062505016E+03   -0.145814635054416630E+02    1
    0.131124243716914268E+01    0.137195800674890188E+04   -0.440937339036342024E+01    0.361266763208413408E+03   -0.145839635054416590E+02    1
    0.132088935946684827E+01    0.107267152688302690E+04   -0.426989038720390379E+01    0.361374413272178913E+03   -0.145864635054416549E+02    1
    0.131255002843927948E+01    0.129330627987178241E+04   -0.420859231286971358E+01    0.361375708471575194E+03   -0.145889635054416598E+02    1
    0.131854630148050167E+01    0.119050276251859327E+04   -0.456205087686308985E+01    0.361381701366521838E+03   -0.145914635054416575E+02    1
    0.131112154393741021E+01    0.153622213052362031E+04   -0.493811214473106475E+01    0.361441160750501695E+03   -0.145939635054416641E+02    1
    0.131257427329900067E+01    0.132378295472679156E+04   -0.439787736639890880E+01    0.361445183555485414E+03   -0.145964635054416547E+02    1
    0.131622049729025337E+01    0.117673232502755309E+04   -0.423074757686404990E+01    0.361450607183233899E+03   -0.145989635054416382E+02    1
    0.131954022857031217E+01    0.123689434410574631E+04   -0.476380166754493395E+01    0.361495864545025540E+03   -0.146014635054416306E+02    1
    0.131739854949375901E+01    0.138655803530054436E+04   -0.481036824135319829E+01    0.361530382914288111E+03   -0.146039635054416355E+02    1
    0.131288563403210423E+01    0.158775070417282132E+04   -0.511722562378657564E+01    0.361561662940215456E+03   -0.146064635054416385E+02    1
    0.131242492127699806E+01    0.157281384871747605E+04   -0.509458491577278672E+01    0.361587968218019398E+03   -0.146089635054416309E+02    1
    0.131808640392422904E+01    0.119604204805547579E+04   -0.454273260957257019E+01    0.361620602779662818E+03   -0.146114635054416322E+02    1
    0.131600751719645404E+01    0.140552849105826454E+04   -0.499475649353817364E+01    0.361638635989027136E+03   -0.146139635054416477E+02    1
    0.131763129836598725E+01    0.138586011210302445E+04   -0.486768279537522552E+01    0.361650040454835278E+03   -0.146164635054416632E+02    1
    0.131019999359262496E+01    0.159467505466741272E+04   -0.498511754332806234E+01    0.361677269179944290E+03   -0.146189635054416698E+02    1
    0.132056157381625239E+01    0.119733024706051265E+04   -0.452267892473102950E+01    0.361683303207760559E+03   -0.146214635054416515E+02    1
    0.132076796908882099E+01    0.110933889702476790E+04   -0.417373381827111345E+01    0.361687848827962284E+03   -0.146239635054416439E+02    1
    0.131800585856446451E+01    0.111943761801609025E+04   -0.417039144110615823E+01    0.361714555308422064E+03   -0.146264635054416665E+02    1
    0.131969827735673717E+01    0.126855590387467191E+04   -0.471055660242780050E+01    0.361717484761644130E+03   -0.146289635054416518E+02    1
    0.131340992935110146E+01    0.157892078164580471E+04   -0.508654693758499565E+01    0.361734466041525877E+03   -0.146314635054416531E+02    1
    0.131677695358519853E+01    0.124571412574327405E+04   -0.459850196501529673E+01    0.361755423122664297E+03   -0.146339635054416579E+02    1
    0.131716690928990299E+01    0.141039445290835329E+04   -0.489359270874555552E+01    0.361786278955319233E+03   -0.146364635054416432E+02    1
    0.131721265667160159E+01    0.129736644998456745E+04   -0.480164858148636053E+01    0.361803960490220561E+03   -0.146389635054416569E+02    1
    0.131948774545115355E+01    0.120546093006138335E+04   -0.467908365074331556E+01    0.361824846837272275E+03   -0.146414635054416635E+02    1
    0.131325703080452683E+01    0.126755347504071005E+04   -0.420819777935461836E+01    0.361843589483268829E+03   -0.146439635054416648E+02    1
    0.131359017552512891E+01    0.142324048426809031E+04   -0.451369887514333090E+01    0.361850541849344040E+03   -0.146464635054416519E+02    1
    0.132024318302063182E+01    0.118927249318095210E+04   -0.442029784188685149E+01    0.361865663767820990E+03   -0.146489635054416496E+02    1
    0.131594362184638580E+01    0.126932832531692111E+04   -0.423736888124815447E+01    0.361868750514601629E+03   -0.146514635054416633E+02    1
    0.132141530214832437E+01    0.105188560606268675E+04   -0.407694824506064979E+01    0.361899007966467025E+03   -0.146539635054416575E+02    1
    0.132154229135270906E+01    0.112260102106484055E+04   -0.445712827136212297E+01    0.361934296377890007E+03   -0.146564635054416659E+02    1
    0.131927792590449666E+01    0.118219566520105536E+04   -0.458252573784491979E+01    0.361970260028487303E+03   -0.146589635054416707E+02    1
    0.131349125391607457E+01    0.127365295693587109E+04   -0.428980865192666982E+01    0.361981434292129848E+03   -0.146614635054416560E+02    1
    0.132097584303433613E+01    0.112243217896939086E+04   -0.446842250000358465E+01    0.362047869716148739E+03   -0.146639635054416715E+02    1
    0.132119000922196439E+01    0.110517252553522280E+04   -0.442111655802855097E+01    0.362057225683248930E+03   -0.146664635054416692E+02    1
    0.131567279904143963E+01    0.124879725861916177E+04   -0.448310543035281217E+01    0.362158966292783646E+03   -0.146689635054416616E+02    1
    0.131549622356662654E+01    0.149015634348825120E+04   -0.502421980852497274E+01    0.362209614180156450E+03   -0.146714635054416505E+02    1
    0.131360145464593869E+01    0.126855263445113906E+04   -0.428132502329062614E+01    0.362267057199150258E+03   -0.146739635054416304E+02    1
    0.131366907189146165E+01    0.125020163872605144E+04   -0.416747577082669540E+01    0.362267073449104998E+03   -0.146764635054416477E+02    1
    0.132056960708247972E+01    0.116556356270585593E+04   -0.459341860477155794E+01    0.362278710428726185E+03   -0.146789635054416703E+02    1
    0.131185652492455995E+01    0.136881867488840999E+04   -0.448463611188361000E+01    0.362318947635012989E+03   -0.146814635054416502E+02    1
    0.131425602196248459E+01    0.149363946456718918E+04   -0.505309084130921615E+01    0.362334618382514464E+03   -0.146839635054416533E+02    1
    0.131606017021293420E+01    0.118563658967413221E+04   -0.402525325082555874E+01    0.362337535786513911E+03   -0.146864635054416635E+02    1
    0.130992897487832649E+01    0.154946900724261855E+04   -0.484743849954477746E+01    0.362352384904014230E+03   -0.146889635054416399E+02    1
    0.131831663296988566E+01    0.117579458927331530E+04   -0.414822784845582504E+01    0.362358607411513276E+03   -0.146914635054416589E+02    1
    0.131553675425018768E+01    0.118721675989481992E+04   -0.415904210114793571E+01    0.362368777261816660E+03   -0.146939635054416762E+02    1
    0.132000657093018936E+01    0.105793927523694265E+04   -0.405475303376259788E+01    0.362417415495493231E+03   -0.146964635054416615E+02    1
    0.131936182466991569E+01    0.113415260440837710E+04   -0.410004648051015508E+01    0.362420852615705599E+03   -0.146989635054416574E+02    1
    0.131561689811125060E+01    0.117318305344545888E+04   -0.402234437027631042E+01    0.362444564179145232E+03   -0.147014635054416605E+02    1
    0.131336369655255591E+01    0.151794755957292500E+04   -0.505039909271308041E+01    0.362447406069039801E+03   -0.147039635054416440E+02    1
    0.131369633916396444E+01    0.130074458665704515E+04   -0.419746766387374581E+01    0.362543721897677415E+03   -0.147064635054416293E+02    1
    0.132162554434927615E+01    0.109067777159325306E+04   -0.432721420757397279E+01    0.362579793296123569E+03   -0.147089635054416537E+02    1
    0.132014402094624295E+01    0.105378776721135341E+04   -0.399767378851430699E+01    0.362587568172574265E+03   -0.147114635054416727E+02    1
    0.131221949740782851E+01    0.135641753094029673E+04   -0.448300644820286109E+01    0.362589548420399524E+03   -0.147139635054416580E+02    1
    0.131951231573742467E+01    0.118599838194385597E+04   -0.460896875030188546E+01    0.362589742820834999E+03   -0.147164635054416681E+02    1
    0.131730388868840009E+01    0.140217468779902174E+04   -0.490916509177491722E+01    0.362625370809225046E+03   -0.147189635054416552E+02    1
    0.131688310628338168E+01    0.116441815426806534E+04   -0.400379053744828983E+01    0.362641708385855964E+03   -0.147214635054416227E+02    1
    0.131463451593645386E+01    0.151382700007379299E+04   -0.506946039676958637E+01    0.362670197612579784E+03   -0.147239635054416418E+02    1
    0.131262641225682009E+01    0.141823545899924898E+04   -0.475370148568879358E+01    0.362707938574153957E+03   -0.147264635054416733E+02    1
    0.131768883200911202E+01    0.135535777504121620E+04   -0.473612385256609070E+01    0.362728049584063342E+03   -0.147289635054416852E+02    1
    0.131626151269990088E+01    0.119495138865524586E+04   -0.430311923889817116E+01    0.362729075948733907E+03   -0.147314635054416758E+02    1
    0.130912164417354493E+01    0.154682750376108106E+04   -0.461863322142688570E+01    0.362744196110931284E+03   -0.147339635054416522E+02    1
    0.132114316126057263E+01    0.112565921818615016E+04   -0.446730001717213998E+01    0.362746840267853088E+03   -0.147364635054416322E+02    1
    0.131311085182900755E+01    0.131798723190206442E+04   -0.444002420127611774E+01    0.362756430607322784E+03   -0.147389635054416495E+02    1
    0.131211436474153054E+01    0.136070428021139583E+04   -0.428749915140825877E+01    0.362841991769615333E+03   -0.147414635054416543E+02    1
    0.131302349916209327E+01    0.155671725819073777E+04   -0.489787142437474454E+01    0.362860209375158320E+03   -0.147439635054416520E+02    1
    0.131284736507455757E+01    0.138039833486972907E+04   -0.465042409659609302E+01    0.362876470935263285E+03   -0.147464635054416480E+02    1
    0.131178474049086424E+01    0.135000471196434592E+04   -0.427928953719604266E+01    0.362901435634660515E+03   -0.147489635054416404E+02    1
    0.131259234141699266E+01    0.159968476417830720E+04   -0.508206988145588223E+01    0.362912433079326377E+03   -0.147514635054416701E+02    1
    0.131904232979779490E+01    0.126694022733074871E+04   -0.457430649405198242E+01    0.362916620469042584E+03   -0.147539635054416873E+02    1
    0.132133235751574052E+01    0.106781206787545079E+04   -0.422564107651475052E+01    0.362917981851769355E+03   -0.147564635054416549E+02    1
    0.131754405013098186E+01    0.112903440193578172E+04   -0.413170177231453728E+01    0.362918427341615427E+03   -0.147589635054416277E+02    1
    0.131815868191630847E+01    0.134295367081111135E+04   -0.476161900702410623E+01    0.362919753388351751E+03   -0.147614635054416574E+02    1
    0.132057435059379435E+01    0.106878535480901655E+04   -0.418323203623074225E+01    0.362928762629193614E+03   -0.147639635054416569E+02    1
    0.131542866127308322E+01    0.131261533857292261E+04   -0.468373919696578334E+01    0.362963367534267320E+03   -0.147664635054416493E+02    1
    0.131782471389313671E+01    0.123442265240968618E+04   -0.463437764201789104E+01    0.362980121500166831E+03   -0.147689635054416755E+02    1
    0.131940973279200957E+01    0.111696207055262835E+04   -0.431711191887916357E+01    0.362988899673097308E+03   -0.147714635054416572E+02    1
    0.131305446875553034E+01    0.140470491456290756E+04   -0.475049760484152905E+01    0.362999201333453811E+03   -0.147739635054416514E+02    1
    0.131728842245243971E+01    0.113509016680170544E+04   -0.413022360772782626E+01    0.363001876844042101E+03   -0.147764635054416509E+02    1
    0.131793679410086373E+01    0.136084006103307138E+04   -0.482075204980017080E+01    0.363008994418999350E+03   -0.147789635054416575E+02    1
    0.131454081738391992E+01    0.150222739956776581E+04   -0.506145481378701945E+01    0.363011763771218511E+03   -0.147814635054416570E+02    1
    0.131849581385645576E+01    0.126918735347977918E+04   -0.478286617156006599E+01    0.363100623948278439E+03   -0.147839635054416281E+02    1
    0.131902330811731860E+01    0.129433006492494997E+04   -0.481467291359495064E+01    0.363104085152202629E+03   -0.147864635054416276E+02    1
    0.130998526046394037E+01    0.154997631083349916E+04   -0.484646065019127903E+01    0.363114186229403344E+03   -0.147889635054416466E+02    1
    0.131823738120800193E+01    0.134195676110082559E+04   -0.478457227796505791E+01    0.363118347488458426E+03   -0.147914635054416639E+02    1
    0.131911728111552762E+01    0.107756955904336724E+04   -0.397765853038462858E+01    0.363123926424343438E+03   -0.147939635054416563E+02    1
    0.132113977539817262E+01    0.112705708594196722E+04   -0.435099600096282035E+01    0.363153153127686608E+03   -0.147964635054416380E+02    1
    0.131258334108039554E+01    0.132812435718962774E+04   -0.439951081491904450E+01    0.363164970561374730E+03   -0.147989635054416393E+02    1
    0.131552402893792419E+01    0.147815251431591878E+04   -0.494359660246933341E+01    0.363176623148105250E+03   -0.148014635054416477E+02    1
    0.132125820739231692E+01    0.109899115791810436E+04   -0.435689801817472055E+01    0.363182833878355268E+03   -0.148039635054416507E+02    1
    0.131175294697593614E+01    0.143442627338769853E+04   -0.470153132421674425E+01    0.363194096635053882E+03   -0.148064635054416431E+02    1
    0.131498824403920667E+01    0.136002928219587193E+04   -0.444799280144918630E+01    0.363212380550941589E+03   -0.148089635054416533E+02    1
    0.131373237514544128E+01    0.125424187351072715E+04   -0.414280902267693829E+01    0.363240341302410513E+03   -0.148114635054416617E+02    1
    0.130911227472997127E+01    0.157157467054355197E+04   -0.467049437861912686E+01    0.363250271820181126E+03   -0.148139635054416701E+02    1
    0.131452516254942053E+01    0.137495965695956693E+04   -0.445095433135077112E+01    0.363253389274674987E+03   -0.148164635054416589E+02    1
    0.131519647060454448E+01    0.127886722352797460E+04   -0.422698548813516339E+01    0.363295921741090524E+03   -0.148189635054416513E+02    1
    0.131251514863192265E+01    0.139478967541034990E+04   -0.465600623937628200E+01    0.363298277860697112E+03   -0.148214635054416757E+02    1
    0.131980109179337490E+01    0.114131198423252954E+04   -0.418955250971658444E+01    0.363323846506753796E+03   -0.148239635054416805E+02    1
    0.130945812465340294E+01    0.155337022385696264E+04   -0.463631704724010252E+01    0.363365205875727327E+03   -0.148264635054416871E+02    1
    0.131320940416884535E+01    0.154058554874597758E+04   -0.506442665303520823E+01    0.363370467554942365E+03   -0.148289635054416618E+02    1
    0.131266951962884937E+01    0.139356036150138925E+04   -0.438699464811908513E+01    0.363417572013864458E+03   -0.148314635054416328E+02    1
    0.131780744931189409E+01    0.124831915896570263E+04   -0.467941645141767548E+01    0.363421716065568148E+03   -0.148339635054416359E+02    1
    0.131738496637647851E+01    0.135948815127429452E+04   -0.492770327445905387E+01    0.363438600760983377E+03   -0.148364635054416567E+02    1
    0.132121943474275594E+01    0.111336943835948841E+04   -0.438941951525671126E+01    0.363454018506708280E+03   -0.148389635054416757E+02    1
    0.131786656991990259E+01    0.135892722037804242E+04   -0.490604600312417816E+01    0.363469911977841662E+03   -0.148414635054416486E+02    1
    0.131999549459979737E+01    0.113474346794423604E+04   -0.418773330538492150E+01    0.363474289836939022E+03   -0.148439635054416375E+02    1
    0.131975371604147340E+01    0.118423661461038455E+04   -0.459265041348120651E+01    0.363542428263836484E+03   -0.148464635054416725E+02    1
    0.131036202450426131E+01    0.159220336142308997E+04   -0.497441113236037236E+01    0.363573718500107134E+03   -0.148489635054416915E+02    1
    0.131880232957702104E+01    0.117294805907509522E+04   -0.448609656644152643E+01    0.363607971470652501E+03   -0.148514635054416750E+02    1
    0.131606294526083367E+01    0.142628336828137640E+04   -0.500041094483297055E+01    0.363611134052394448E+03   -0.148539635054416514E+02    1
    0.131730993825783216E+01    0.118249466461468114E+04   -0.436954084319803648E+01    0.363642933496593628E+03   -0.148564635054416545E+02    1
    0.131213848468074690E+01    0.139505474195709166E+04   -0.438013581531023810E+01    0.363683815992129951E+03   -0.148589635054416469E+02    1
    0.132123337405185848E+01    0.108306448633227933E+04   -0.423119312482814180E+01    0.363685311835138577E+03   -0.148614635054416286E+02    1
    0.131900213437737368E+01    0.128928856695082482E+04   -0.479926187311559183E+01    0.363705371745704440E+03   -0.148639635054416406E+02    1
    0.131308286988324241E+01    0.157685967301133496E+04   -0.504469017790159846E+01    0.363710601816330211E+03   -0.148664635054416401E+02    1
    0.130889731901741002E+01    0.157262554958723854E+04   -0.476477382795542681E+01    0.363756474485495005E+03   -0.148689635054416325E+02    1
    0.131134461157579052E+01    0.141071215207290743E+04   -0.456311433963434432E+01    0.363758297003151881E+03   -0.148714635054416426E+02    1
    0.131129179964521159E+01    0.142004817231673633E+04   -0.459127266433881154E+01    0.363760753732762851E+03   -0.148739635054416670E+02    1
    0.132087375479251690E+01    0.115623571254828994E+04   -0.448300223624851402E+01    0.363808906251939447E+03   -0.148764635054416878E+02    1
    0.131360241043940174E+01    0.126782057560172620E+04   -0.423650468022822579E+01    0.363824074853775528E+03   -0.148789635054416536E+02    1
    0.131676751439103534E+01    0.120450654746801979E+04   -0.439996040680319744E+01    0.363839676108994638E+03   -0.148814635054416531E+02    1
    0.131411014537606485E+01    0.140185254704676049E+04   -0.483568587290499696E+01    0.363862849184041920E+03   -0.148839635054416650E+02    1
    0.131962277065024591E+01    0.107790501692470616E+04   -0.402234643236032596E+01    0.363885974792510751E+03   -0.148864635054416539E+02    1
    0.131259017449750481E+01    0.143180501075761276E+04   -0.477759902582864004E+01    0.363902909483768667E+03   -0.148889635054416729E+02    1
    0.131452861628986062E+01    0.129077103375909383E+04   -0.422425415548740890E+01    0.363909997156731606E+03   -0.148914635054416813E+02    1
    0.131491670695538643E+01    0.149285039980788133E+04   -0.503849305683613213E+01    0.363920262065016800E+03   -0.148939635054416524E+02    1
    0.132052612181652518E+01    0.112410188401284222E+04   -0.423216894777919439E+01    0.363922702676483823E+03   -0.148964635054416270E+02    1
    0.131664629475022865E+01    0.119446067105255588E+04   -0.408456902901832564E+01    0.363939284542937855E+03   -0.148989635054416603E+02    1
    0.131297544981228675E+01    0.143341118345040536E+04   -0.481818009039244899E+01    0.363939499647496177E+03   -0.149014635054416829E+02    1
    0.131829938438214667E+01    0.133101380311497360E+04   -0.475957736110706442E+01    0.363955654984431476E+03   -0.149039635054416841E+02    1
    0.131003239442987951E+01    0.146733639939800810E+04   -0.449689825339871785E+01    0.363963110813178957E+03   -0.149064635054416925E+02    1
    0.131321692520850863E+01    0.134398497793771503E+04   -0.429258530462431231E+01    0.363970122546978473E+03   -0.149089635054416814E+02    1
    0.132002486670119223E+01    0.112765677989027222E+04   -0.440205580545627306E+01    0.363970693509038654E+03   -0.149114635054416684E+02    1
    0.131901661357030298E+01    0.113556001253079558E+04   -0.434844488155256048E+01    0.363972177175700153E+03   -0.149139635054416626E+02    1
    0.131302208485864957E+01    0.134800765714969157E+04   -0.454004098001658640E+01    0.363981099866511386E+03   -0.149164635054416426E+02    1
    0.131325490356721941E+01    0.156941356867609375E+04   -0.503609861911037449E+01    0.363997687820546957E+03   -0.149189635054416296E+02    1
    0.131546486717406941E+01    0.121640996568821561E+04   -0.409444677552396818E+01    0.364018359446436421E+03   -0.149214635054416629E+02    1
    0.131693612222771050E+01    0.115462137799112816E+04   -0.401189547520318168E+01    0.364038857664459215E+03   -0.149239635054416642E+02    1
    0.131949430152910119E+01    0.116033079613648965E+04   -0.423276908363424997E+01    0.364060835657570806E+03   -0.149264635054416281E+02    1
    0.131769870179674986E+01    0.112324605474627492E+04   -0.399795325018324021E+01    0.364082032397845808E+03   -0.149289635054416419E+02    1
    0.131776986061997436E+01    0.118166119530055835E+04   -0.413178153337642939E+01    0.364084251315370750E+03   -0.149314635054416769E+02    1
    0.131794865129586825E+01    0.118758872095839251E+04   -0.446317534839486818E+01    0.364093910064904776E+03   -0.149339635054416817E+02    1
    0.130968609252794521E+01    0.158158989209037350E+04   -0.488179524106243701E+01    0.364156385011036889E+03   -0.149364635054416581E+02    1
    0.131765277314433638E+01    0.117314720351277288E+04   -0.435885678852576053E+01    0.364163977639631412E+03   -0.149389635054416470E+02    1
    0.132053612915343099E+01    0.114629793044684902E+04   -0.433933160099489790E+01    0.364164785102923872E+03   -0.149414635054416696E+02    1
    0.131186750091790838E+01    0.152455369011819289E+04   -0.469295849046744973E+01    0.364181113036167687E+03   -0.149439635054416691E+02    1
    0.131886212570725281E+01    0.129660366788230999E+04   -0.472175489523303149E+01    0.364185149957650310E+03   -0.149464635054416703E+02    1
    0.131273892561589167E+01    0.150766158512112952E+04   -0.497666617745996742E+01    0.364208668752854919E+03   -0.149489635054416752E+02    1
    0.131742747365521118E+01    0.118416296348580727E+04   -0.438089998428862515E+01    0.364251940109014981E+03   -0.149514635054416534E+02    1
    0.131462628128654591E+01    0.138984916947367628E+04   -0.484253880613998700E+01    0.364252603464243919E+03   -0.149539635054416529E+02    1
    0.131252631026595612E+01    0.148727818176102573E+04   -0.491601338547849931E+01    0.364260889401912380E+03   -0.149564635054416613E+02    1
    0.131717536821594305E+01    0.137981783209162654E+04   -0.477768913796838746E+01    0.364269310706277338E+03   -0.149589635054416750E+02    1
    0.131349069899842652E+01    0.147270111583475887E+04   -0.466983790693023693E+01    0.364272183757708149E+03   -0.149614635054416887E+02    1
    0.131583310706165069E+01    0.134770387103033158E+04   -0.481929368909674771E+01    0.364277409700032649E+03   -0.149639635054416829E+02    1
    0.131824596018475715E+01    0.112608440003477881E+04   -0.419658175812196355E+01    0.364299167865815150E+03   -0.149664635054416504E+02    1
    0.131988733678528414E+01    0.119904110319918709E+04   -0.444805420590402711E+01    0.364322975470066638E+03   -0.149689635054416303E+02    1
    0.131184563655041675E+01    0.150285061522127489E+04   -0.489255243787908611E+01    0.364351195819070938E+03   -0.149714635054416529E+02    1
    0.131777666388007653E+01    0.115125732769695378E+04   -0.426451692139550254E+01    0.364357311724958890E+03   -0.149739635054416844E+02    1
    0.131490000482250702E+01    0.122873759138668356E+04   -0.411007213693545825E+01    0.364375307762632474E+03   -0.149764635054416981E+02    1
    0.131830171382172567E+01    0.120645778521330885E+04   -0.456693790435847369E+01    0.364383101060101865E+03   -0.149789635054416674E+02    1
    0.131590356302529665E+01    0.142178954624682683E+04   -0.475545152870763488E+01    0.364403083973742355E+03   -0.149814635054416403E+02    1
    0.132070586081533747E+01    0.114246067525152148E+04   -0.445982144392293112E+01    0.364443730587512221E+03   -0.149839635054416380E+02    1
    0.131932991672208377E+01    0.124712315632872151E+04   -0.472508965483558008E+01    0.364470464437973703E+03   -0.149864635054416500E+02    1
    0.131660356341515228E+01    0.115722864320822828E+04   -0.409700698289880894E+01    0.364498586578757113E+03   -0.149889635054416637E+02    1
    0.131600377726898032E+01    0.136028545724449646E+04   -0.455030755702799006E+01    0.364506009850669216E+03   -0.149914635054416507E+02    1
    0.131594668126545722E+01    0.141430579657886847E+04   -0.473022044311138412E+01    0.364511604523169524E+03   -0.149939635054416538E+02    1
    0.131475304329757425E+01    0.139672748108579026E+04   -0.487104481725218896E+01    0.364539387525185305E+03   -0.149964635054416764E+02    1
    0.131676917866696619E+01    0.122200169489949963E+04   -0.446853041294808051E+01    0.364574141468831442E+03   -0.149989635054416883E+02    1
    0.131770377991674370E+01    0.124818010968653834E+04   -0.434910382223642511E+01    0.364575903189370990E+03   -0.150014635054416647E+02    1
    0.132033217149016879E+01    0.109296491096062118E+04   -0.412650249703067118E+01    0.364583318137386584E+03   -0.150039635054416571E+02    1
    0.131114882947746603E+01    0.140103680433695467E+04   -0.447199635095769743E+01    0.364586237184310619E+03   -0.150064635054416691E+02    1
    0.131365042568422674E+01    0.139032390000268924E+04   -0.475297125730082026E+01    0.364598684236927852E+03   -0.150089635054416703E+02    1
    0.131449980437066793E+01    0.139212015220633953E+04   -0.451465398712657784E+01    0.364610877876445898E+03   -0.150114635054416734E+02    1
    0.131612124803196862E+01    0.120791796743577743E+04   -0.432852878717514233E+01    0.364613513360022012E+03   -0.150139635054416622E+02    1
    0.132092534329740685E+01    0.110840858252421776E+04   -0.431588846955345851E+01    0.364634902719383376E+03   -0.150164635054416493E+02    1
    0.131857570929236578E+01    0.126204261807694729E+04   -0.449945182391879150E+01    0.364638422988112779E+03   -0.150189635054416488E+02    1
    0.131180132240815661E+01    0.135888399215509162E+04   -0.436343008925484988E+01    0.364646307178125994E+03   -0.150214635054416643E+02    1
    0.131594150781282848E+01    0.141875590587197394E+04   -0.497521463752775261E+01    0.364648935719097608E+03   -0.150239635054416585E+02    1
    0.131524122702875879E+01    0.120642622021495686E+04   -0.410555923568793268E+01    0.364685191356434586E+03   -0.150264635054416438E+02    1
    0.131411105616312085E+01    0.147238488610117042E+04   -0.498689633329060378E+01    0.364698417953339799E+03   -0.150289635054416664E+02    1
    0.131770963894367155E+01    0.135576806742878807E+04   -0.488683816101779200E+01    0.364714766961527403E+03   -0.150314635054416659E+02    1
    0.131620497913298506E+01    0.117192995403210125E+04   -0.410789821341570960E+01    0.364718392305327427E+03   -0.150339635054416547E+02    1
    0.131627749726554555E+01    0.121269811459929770E+04   -0.436483413941218945E+01    0.364787773902297886E+03   -0.150364635054416631E+02    1
    0.131793339099986007E+01    0.117958124953911693E+04   -0.415075292092537573E+01    0.364790864528064844E+03   -0.150389635054416626E+02    1
    0.131353079446623200E+01    0.130908884623186441E+04   -0.443232271915492948E+01    0.364791665714813917E+03   -0.150414635054416532E+02    1
    0.131256977707333866E+01    0.156693067589930411E+04   -0.505032794587751344E+01    0.364795509718586629E+03   -0.150439635054416634E+02    1
    0.131108843482449999E+01    0.142654597684732107E+04   -0.457185960077477738E+01    0.364852233437194059E+03   -0.150464635054416647E+02    1
    0.131897069748121520E+01    0.114635592562857710E+04   -0.414797947210138052E+01    0.364880255575982801E+03   -0.150489635054416446E+02    1
    0.131156709282671402E+01    0.149567950626111701E+04   -0.461152161089272639E+01    0.364901171769853079E+03   -0.150514635054416459E+02    1
    0.131198818237925940E+01    0.147690481115312127E+04   -0.483652333368259058E+01    0.364947948594555442E+03   -0.150539635054416649E+02    1
    0.131889859333606707E+01    0.128997051221908191E+04   -0.471829222107209567E+01    0.364953151739696409E+03   -0.150564635054416769E+02    1
    0.131496239334190124E+01    0.142308610957575638E+04   -0.493745607008378329E+01    0.364954061402041759E+03   -0.150589635054416728E+02    1
    0.131502518567809235E+01    0.148230907663101721E+04   -0.489333401479211361E+01    0.365019574996023323E+03   -0.150614635054416617E+02    1
    0.131298339634710026E+01    0.131210111920402369E+04   -0.434700478474664642E+01    0.365033697261020166E+03   -0.150639635054416559E+02    1
    0.131839179538788631E+01    0.114024732183153992E+04   -0.427424017508129950E+01    0.365040398206098871E+03   -0.150664635054416571E+02    1
    0.132005913334639602E+01    0.108846319393487420E+04   -0.412769360803480279E+01    0.365087607869521321E+03   -0.150689635054416691E+02    1
    0.131332171841767464E+01    0.139578472086019156E+04   -0.473636510255648435E+01    0.365114651212653143E+03   -0.150714635054416686E+02    1
    0.131736892025369601E+01    0.137812262007473373E+04   -0.485752927098363596E+01    0.365144488958587885E+03   -0.150739635054416610E+02    1
    0.131923574489637052E+01    0.120247993420727539E+04   -0.436907548704763737E+01    0.365145656826672393E+03   -0.150764635054416622E+02    1
    0.131286021559530486E+01    0.131668764386869816E+04   -0.434740600576147518E+01    0.365172146587421025E+03   -0.150789635054416618E+02    1
    0.131682155037436499E+01    0.133668967710453535E+04   -0.456897279058848582E+01    0.365226986553607048E+03   -0.150814635054416630E+02    1
    0.131658020481188753E+01    0.141617518216369308E+04   -0.493459763940234097E+01    0.365233249671005410E+03   -0.150839635054416572E+02    1
    0.131522992872952038E+01    0.121885437098990087E+04   -0.423034764842764677E+01    0.365254393873837046E+03   -0.150864635054416691E+02    1
    0.131676468812264735E+01    0.123513402560692020E+04   -0.451906828816150608E+01    0.365271336718633734E+03   -0.150889635054416633E+02    1
    0.131902119867515166E+01    0.110896784607158406E+04   -0.406650862341950337E+01    0.365287554391352842E+03   -0.150914635054416593E+02    1
    0.131029770098448828E+01    0.148191465691267285E+04   -0.464878862049241093E+01    0.365327556172421737E+03   -0.150939635054416605E+02    1
    0.131967482939583758E+01    0.112461731238221500E+04   -0.415353090658964685E+01    0.365351466566140573E+03   -0.150964635054416512E+02    1
    0.131650113841426153E+01    0.120818908335805736E+04   -0.436862750851769821E+01    0.365390418268806854E+03   -0.150989635054416720E+02    1
    0.131864628968884090E+01    0.111322758058481281E+04   -0.412608766716341968E+01    0.365392992102395340E+03   -0.151014635054416750E+02    1
    0.131672566951768211E+01    0.137613448952259273E+04   -0.491799122336904926E+01    0.365394316365276154E+03   -0.151039635054416586E+02    1
    0.131065546949656730E+01    0.146444779575821940E+04   -0.463786756482088069E+01    0.365407239601661502E+03   -0.151064635054416634E+02    1
    0.131306687827829260E+01    0.142907537146559957E+04   -0.452572579827616561E+01    0.365431268829282885E+03   -0.151089635054416540E+02    1
    0.131152521478125594E+01    0.145233116479923046E+04   -0.449755316512863601E+01    0.365438256339762290E+03   -0.151114635054416588E+02    1
    0.131905314021918674E+01    0.110282108922017528E+04   -0.409057655692468103E+01    0.365445832982016782E+03   -0.151139635054416601E+02    1
    0.131444466209001476E+01    0.134549775849071921E+04   -0.438943291167265315E+01    0.365453466197063676E+03   -0.151164635054416543E+02    1
    0.131806243688628144E+01    0.130684141628616999E+04   -0.462619403060447887E+01    0.365488425341535901E+03   -0.151189635054416733E+02    1
    0.131510665086275536E+01    0.130874309116163681E+04   -0.461591382076310186E+01    0.365504767682238537E+03   -0.151214635054416640E+02    1
    0.131358495181859891E+01    0.128940426023920645E+04   -0.422083956595773557E+01    0.365507929566593134E+03   -0.151239635054416617E+02    1
    0.131332723262498119E+01    0.133171676905137747E+04   -0.428849308776805760E+01    0.365521138926735205E+03   -0.151264635054416683E+02    1
    0.131329065151083868E+01    0.153829040449376407E+04   -0.489477810893721266E+01    0.365539626514633540E+03   -0.151289635054416625E+02    1
    0.131856380863522937E+01    0.128202447996417345E+04   -0.476764310116770940E+01    0.365548536512545297E+03   -0.151314635054416637E+02    1
    0.131189131199834441E+01    0.140690307732905649E+04   -0.441706844434164125E+01    0.365616845782919427E+03   -0.151339635054416703E+02    1
    0.131787873606118211E+01    0.112981728271722181E+04   -0.408916893271056203E+01    0.365650365770483916E+03   -0.151364635054416645E+02    1
    0.131641821247937285E+01    0.142450479910590138E+04   -0.489950973890979391E+01    0.365669219018447166E+03   -0.151389635054416534E+02    1
    0.131909497131014253E+01    0.122139437187141175E+04   -0.463975795467425467E+01    0.365671798311889461E+03   -0.151414635054416618E+02    1
    0.131290478240614794E+01    0.156718951386279377E+04   -0.500365233579931079E+01    0.365673619925565504E+03   -0.151439635054416790E+02    1
    0.131123173978990337E+01    0.141190880607116242E+04   -0.441697162530388443E+01    0.365675419726353084E+03   -0.151464635054416856E+02    1
    0.131236440250811137E+01    0.155756446225922605E+04   -0.486382804179649675E+01    0.365697732291697150E+03   -0.151489635054416656E+02    1
    0.131654920198328984E+01    0.137711952211310177E+04   -0.469121083236992398E+01    0.365699518800607621E+03   -0.151514635054416544E+02    1
    0.131806354108618096E+01    0.114014755393080691E+04   -0.407342165138275991E+01    0.365703888148558349E+03   -0.151539635054416735E+02    1
    0.131001885730768408E+01    0.155401533562103623E+04   -0.482636074905556889E+01    0.365743767016152105E+03   -0.151564635054416819E+02    1
    0.131138287873165638E+01    0.143823794514168389E+04   -0.446977651269190090E+01    0.365748568810783524E+03   -0.151589635054416814E+02    1
    0.131920825334797431E+01    0.126013731990968472E+04   -0.469040093989892881E+01    0.365753803423412705E+03   -0.151614635054416791E+02    1
    0.131698414718105328E+01    0.129418406765916711E+04   -0.472760739000738450E+01    0.365763638829901765E+03   -0.151639635054416555E+02    1
    0.131796837232665354E+01    0.129867856822735598E+04   -0.479220194168815095E+01    0.365792142652967755E+03   -0.151664635054416586E+02    1
    0.131113512277337407E+01    0.148843041079172167E+04   -0.457667380726206652E+01    0.365796946178690121E+03   -0.151689635054416811E+02    1
    0.131671593473309900E+01    0.140669527784300044E+04   -0.489764427306744388E+01    0.365799816047376453E+03   -0.151714635054416860E+02    1
    0.132017132696341766E+01    0.110797974540702603E+04   -0.425771569118650106E+01    0.365806001237843020E+03   -0.151739635054416659E+02    1
    0.131366858354621474E+01    0.145775900621865162E+04   -0.465893785504184788E+01    0.365813148669526868E+03   -0.151764635054416619E+02    1
    0.132015618150463965E+01    0.110884153321559484E+04   -0.420291305329109033E+01    0.365841749355788295E+03   -0.151789635054416774E+02    1
    0.131076474824714628E+01    0.151761729056640456E+04   -0.463417178288412224E+01    0.365843940212380176E+03   -0.151814635054416733E+02    1
    0.131688147288649882E+01    0.123658595764034590E+04   -0.452817347625276856E+01    0.365844290606231823E+03   -0.151839635054416675E+02    1
    0.130985750477127638E+01    0.155390432302993099E+04   -0.480520824452995399E+01    0.365852901458109613E+03   -0.151864635054416546E+02    1
    0.131385267676324857E+01    0.143374325298071108E+04   -0.459496362537946013E+01    0.365874915085618341E+03   -0.151889635054416505E+02    1
    0.131377879316048740E+01    0.147872151419546003E+04   -0.473522124809022316E+01    0.365875784143176759E+03   -0.151914635054416589E+02    1
    0.130972252972357195E+01    0.152465527853311914E+04   -0.462041205253047860E+01    0.365879049398812299E+03   -0.151939635054416531E+02    1
    0.131172234782442421E+01    0.158664897198081462E+04   -0.502008242059528342E+01    0.365888239796508401E+03   -0.151964635054416579E+02    1
    0.131711868307475632E+01    0.115459100235826645E+04   -0.407660002610566785E+01    0.365913733064331666E+03   -0.151989635054416645E+02    1
    0.131314477057499901E+01    0.153513230640814163E+04   -0.501945341216236418E+01    0.365919703772043079E+03   -0.152014635054416551E+02    1
    0.131984683750452070E+01    0.116331007191503340E+04   -0.447791709730486787E+01    0.365927700932750611E+03   -0.152039635054416511E+02    1
    0.131872916262323558E+01    0.112351128027277332E+04   -0.408513493895448665E+01    0.365933794012314763E+03   -0.152064635054416577E+02    1
    0.131476251507105957E+01    0.132882870066044234E+04   -0.464695726260657693E+01    0.365938060713465973E+03   -0.152089635054416590E+02    1
    0.131575660365689950E+01    0.119699225156250282E+04   -0.413750085124486944E+01    0.365955396201791871E+03   -0.152114635054416514E+02    1
    0.132007902725597970E+01    0.112445782107416153E+04   -0.432779866159923010E+01    0.365974487052543793E+03   -0.152139635054416544E+02    1
    0.131798251021917445E+01    0.125164215183782062E+04   -0.466650221235816254E+01    0.365996609320336177E+03   -0.152164635054416646E+02    1
    0.131799282178368715E+01    0.132645091299949604E+04   -0.472112062936485266E+01    0.366001803471912126E+03   -0.152189635054416783E+02    1
    0.132023123743213011E+01    0.116647506479367416E+04   -0.447163944814429382E+01    0.366012654993620174E+03   -0.152214635054416654E+02    1
    0.132026955061550400E+01    0.112106888223032502E+04   -0.431419198508941459E+01    0.366025439529297500E+03   -0.152239635054416649E+02    1
    0.131815020479459655E+01    0.132030117276082160E+04   -0.480689542495393596E+01    0.366045708474919934E+03   -0.152264635054416733E+02    1
    0.131614641719708336E+01    0.119297472374301742E+04   -0.421342094772142417E+01    0.366051265535798677E+03   -0.152289635054416639E+02    1
    0.131577721568850015E+01    0.127383980120863134E+04   -0.454596163981080803E+01    0.366087322934412725E+03   -0.152314635054416758E+02    1
    0.131511307680377620E+01    0.128855436265895946E+04   -0.453390705424635510E+01    0.366090562151247184E+03   -0.152339635054416735E+02    1
    0.131169160956649544E+01    0.155136121500506397E+04   -0.478210593687667895E+01    0.366094537843767569E+03   -0.152364635054416535E+02    1
    0.131840313623077399E+01    0.123402784458230076E+04   -0.438894476862727689E+01    0.366106971964256900E+03   -0.152389635054416566E+02    1
    0.131903774251317629E+01    0.124097141350390484E+04   -0.451300278624797535E+01    0.366111634070400783E+03   -0.152414635054416649E+02    1
    0.131167414615916078E+01    0.155500719732258472E+04   -0.497263845968443086E+01    0.366116809457710588E+03   -0.152439635054416538E+02    1
    0.131571926662287408E+01    0.140994912428730277E+04   -0.470988960228303277E+01    0.366118206521674949E+03   -0.152464635054416568E+02    1
    0.131734365621827321E+01    0.135380379920650739E+04   -0.486962034430977653E+01    0.366135152122904515E+03   -0.152489635054416670E+02    1
    0.131834758513040984E+01    0.117203808247227335E+04   -0.418064720553211266E+01    0.366147902841877340E+03   -0.152514635054416559E+02    1
    0.131792884855374837E+01    0.113409699320152959E+04   -0.410812621107892006E+01    0.366161403566094634E+03   -0.152539635054416500E+02    1
    0.131168828045256980E+01    0.147993363664355002E+04   -0.458401783962673992E+01    0.366164871125169043E+03   -0.152564635054416495E+02    1
    0.131376544093246106E+01    0.128829959336082402E+04   -0.434024117503077100E+01    0.366187042054295603E+03   -0.152589635054416579E+02    1
    0.130929619758752880E+01    0.158214717095262722E+04   -0.476346237063892541E+01    0.366188427826504096E+03   -0.152614635054416627E+02    1
    0.131137456023196664E+01    0.145650481954671932E+04   -0.451763717999622827E+01    0.366200340125147477E+03   -0.152639635054416516E+02    1
    0.131229770820792435E+01    0.137448832763249038E+04   -0.451494906884873437E+01    0.366210250129898441E+03   -0.152664635054416618E+02    1
    0.131343443953543826E+01    0.154400217845197176E+04   -0.495486812597535042E+01    0.366226196999611602E+03   -0.152689635054416559E+02    1
    0.131995772590243599E+01    0.111676874518156365E+04   -0.421249325509304384E+01    0.366240725902891199E+03   -0.152714635054416501E+02    1
    0.131759293664538313E+01    0.134554986349056207E+04   -0.474048927223429573E+01    0.366241457647177981E+03   -0.152739635054416727E+02    1
    0.131742198019230461E+01    0.131535907194214360E+04   -0.457907915704322832E+01    0.366245332086317205E+03   -0.152764635054416775E+02    1
    0.131513980820937526E+01    0.142084624753050093E+04   -0.492873998171504457E+01    0.366245730496062265E+03   -0.152789635054416646E+02    1
    0.131443720883795323E+01    0.150275810861404761E+04   -0.499600992777620423E+01    0.366247286489458475E+03   -0.152814635054416499E+02    1
    0.131963319297115489E+01    0.115730539635392688E+04   -0.444478430246989120E+01    0.366247372211976653E+03   -0.152839635054416565E+02    1
    0.131813902617978851E+01    0.131033890872463212E+04   -0.466794581219187510E+01    0.366265494301532726E+03   -0.152864635054416702E+02    1
    0.131462544587678498E+01    0.149236748223428799E+04   -0.499368742232362273E+01    0.366279643067137499E+03   -0.152889635054416608E+02    1
    0.131427520048295410E+01    0.150917360323031039E+04   -0.493500811144899743E+01    0.366300024799199662E+03   -0.152914635054416621E+02    1
    0.130999463804554428E+01    0.150334837706963253E+04   -0.465294288746106144E+01    0.366305006566458815E+03   -0.152939635054416758E+02    1
    0.131511186365053723E+01    0.137915481348562980E+04   -0.483069224714462475E+01    0.366311572513713941E+03   -0.152964635054416593E+02    1
    0.131943384260099106E+01    0.117150946530578381E+04   -0.448137143145926498E+01    0.366349163757635608E+03   -0.152989635054416411E+02    1
    0.131146542309266323E+01    0.149715209127252001E+04   -0.462228812757447027E+01    0.366350342775655236E+03   -0.153014635054416441E+02    1
    0.131599050037117693E+01    0.136091472045239061E+04   -0.484033792452745271E+01    0.366364828365072754E+03   -0.153039635054416578E+02    1
    0.131186428451520154E+01    0.148651492168644381E+04   -0.483510181349041535E+01    0.366369248026817672E+03   -0.153064635054416538E+02    1
    0.131700287588361475E+01    0.127042043805533967E+04   -0.437015427923037247E+01    0.366374942000509918E+03   -0.153089635054416373E+02    1
    0.131044534089817621E+01    0.157056698206219357E+04   -0.490054561040111025E+01    0.366378580956143594E+03   -0.153114635054416439E+02    1
    0.131539763970203083E+01    0.122900463316732885E+04   -0.415553675183126359E+01    0.366384689350534643E+03   -0.153139635054416736E+02    1
    0.131442832661451336E+01    0.139469909143149061E+04   -0.452875056294361045E+01    0.366395122923300278E+03   -0.153164635054416749E+02    1
    0.131845294812621483E+01    0.114261373752281793E+04   -0.411595709301210633E+01    0.366398514041992712E+03   -0.153189635054416655E+02    1
    0.131302719471957552E+01    0.131524309219582688E+04   -0.430426442180848134E+01    0.366405438575441963E+03   -0.153214635054416668E+02    1
    0.130973991812281709E+01    0.155830268405186666E+04   -0.471135037417845481E+01    0.366438984312870048E+03   -0.153239635054416645E+02    1
    0.131401898683395602E+01    0.128605902315576441E+04   -0.436989512237567013E+01    0.366484706354582499E+03   -0.153264635054416587E+02    1
    0.131611693166815291E+01    0.143138253475766396E+04   -0.490419581386839631E+01    0.366496867796071740E+03   -0.153289635054416671E+02    1
    0.131680592341069191E+01    0.124892162199754830E+04   -0.455669770790149808E+01    0.366510202970567093E+03   -0.153314635054416843E+02    1
    0.131688415805401160E+01    0.138896755677653437E+04   -0.482335210814155424E+01    0.366512428701168346E+03   -0.153339635054416732E+02    1
    0.131381138186096247E+01    0.129571228612287132E+04   -0.438453472394102572E+01    0.366512586902977432E+03   -0.153364635054416585E+02    1
    0.131047475928963442E+01    0.152984308823481933E+04   -0.465845420060754201E+01    0.366520309943923849E+03   -0.153389635054416544E+02    1
    0.130989211213777135E+01    0.154293524180214172E+04   -0.467120641659125191E+01    0.366527040279440939E+03   -0.153414635054416646E+02    1
    0.131422300303982675E+01    0.142764052667358760E+04   -0.462117053274944478E+01    0.366531628119196057E+03   -0.153439635054416748E+02    1
    0.131512162462156712E+01    0.145963035669128044E+04   -0.483456191320484496E+01    0.366534848410461677E+03   -0.153464635054416796E+02    1
    0.131027159875093613E+01    0.152438967446461288E+04   -0.476243102624906722E+01    0.366539301636445941E+03   -0.153489635054416809E+02    1
    0.131665163371634653E+01    0.140093913435691366E+04   -0.490956376666097682E+01    0.366565606719483014E+03   -0.153514635054416768E+02    1
    0.131259674582635610E+01    0.156643772870643647E+04   -0.500390208948003767E+01    0.366566728288777995E+03   -0.153539635054416728E+02    1
    0.131103969967050205E+01    0.143516981997910602E+04   -0.448276682744800326E+01    0.366568157980728074E+03   -0.153564635054416598E+02    1
    0.131320712490691061E+01    0.146673896149963252E+04   -0.465651191634165507E+01    0.366577129041041758E+03   -0.153589635054416593E+02    1
    0.131914407622816299E+01    0.112704052952965890E+04   -0.415326944263053655E+01    0.366600077234716252E+03   -0.153614635054416766E+02    1
    0.131920003016774956E+01    0.123701000990618559E+04   -0.465270828994126795E+01    0.366608326605567356E+03   -0.153639635054416761E+02    1
    0.131917709417324125E+01    0.122426970661553378E+04   -0.462525492017096340E+01    0.366616045633614704E+03   -0.153664635054416649E+02    1
    0.131895179785950245E+01    0.125775691596626257E+04   -0.469224440112805397E+01    0.366616736685146691E+03   -0.153689635054416645E+02    1
    0.131046162490068108E+01    0.149757396152904357E+04   -0.459031052794994476E+01    0.366618057989338411E+03   -0.153714635054416799E+02    1
    0.131014543656984217E+01    0.148990225294133575E+04   -0.459990790537027738E+01    0.366618625205550188E+03   -0.153739635054416919E+02    1
    0.131390169829065506E+01    0.133322025360944144E+04   -0.432681528782811231E+01    0.366641071578358833E+03   -0.153764635054416843E+02    1
    0.131481668006516461E+01    0.124382729771179197E+04   -0.426105930630783813E+01    0.366666583789662354E+03   -0.153789635054416909E+02    1
    0.131646407607299820E+01    0.125444209310516567E+04   -0.453606539348551596E+01    0.366674253176385491E+03   -0.153814635054416442E+02    1
    0.131610108530322867E+01    0.133354336640014753E+04   -0.476849073543404423E+01    0.366678922448454102E+03   -0.153839635054416544E+02    1
    0.131360286644170543E+01    0.141064454665398307E+04   -0.478845092386157667E+01    0.366680118614526236E+03   -0.153864635054416663E+02    1
    0.131585863800737357E+01    0.140404754330641663E+04   -0.470731580787221127E+01    0.366691206062608785E+03   -0.153889635054416694E+02    1
    0.130968066502966440E+01    0.157923693762609446E+04   -0.482735600635656237E+01    0.366693840530486625E+03   -0.153914635054416511E+02    1
    0.131709776813527468E+01    0.134630390628391433E+04   -0.466200664067259662E+01    0.366729767096672333E+03   -0.153939635054416435E+02    1
    0.131782419841296705E+01    0.114918790267196960E+04   -0.410990864408813561E+01    0.366731208899776732E+03   -0.153964635054416501E+02    1
    0.131686283273907234E+01    0.117631473509270108E+04   -0.412032022244500862E+01    0.366739920962672045E+03   -0.153989635054416762E+02    1
    0.131685536146296611E+01    0.116878169228554839E+04   -0.414111748771687171E+01    0.366744769669085258E+03   -0.154014635054416757E+02    1
    0.131058182107814325E+01    0.155834351014490903E+04   -0.474244692735323614E+01    0.366754139844056454E+03   -0.154039635054416753E+02    1
    0.131974931828346920E+01    0.118663590543967575E+04   -0.443974300370672115E+01    0.366759352449993685E+03   -0.154064635054416783E+02    1
    0.131599995373648126E+01    0.129453725472052429E+04   -0.435638843324569880E+01    0.366775033984749825E+03   -0.154089635054416672E+02    1
    0.131691178710553558E+01    0.126680909680670834E+04   -0.462845518667154998E+01    0.366782892553197428E+03   -0.154114635054416720E+02    1
    0.131710042461372323E+01    0.124152845644327908E+04   -0.455119810149439097E+01    0.366791375664412158E+03   -0.154139635054416733E+02    1
    0.131476697707916301E+01    0.146687473028631143E+04   -0.497459164071412907E+01    0.366791940533944285E+03   -0.154164635054416710E+02    1
    0.131815506157593987E+01    0.118260505744732836E+04   -0.441501713455132272E+01    0.366810442359719445E+03   -0.154189635054416563E+02    1
    0.131450987179467726E+01    0.133382507374764214E+04   -0.436396003814883660E+01    0.366843080714812231E+03   -0.154214635054416718E+02    1
    0.131645664522816497E+01    0.127078806603926705E+04   -0.459699482253514713E+01    0.366851408165248188E+03   -0.154239635054416944E+02    1
    0.131339582178397496E+01    0.141644712461785684E+04   -0.452903305760528774E+01    0.366853468337254185E+03   -0.154264635054416619E+02    1
    0.131992184595326201E+01    0.117492858716753562E+04   -0.446917424129271623E+01    0.366887910042584622E+03   -0.154289635054416507E+02    1
    0.131502441630321920E+01    0.128590205547412233E+04   -0.427783232311254480E+01    0.366889165864145809E+03   -0.154314635054416751E+02    1
    0.131812128541848317E+01    0.121985698035686391E+04   -0.456013054175064259E+01    0.366903311393527360E+03   -0.154339635054416942E+02    1
    0.131944309767895218E+01    0.116978224665875814E+04   -0.431555535485877861E+01    0.366907413924842388E+03   -0.154364635054416421E+02    1
    0.131321031672480304E+01    0.146327284143524594E+04   -0.464151559343918318E+01    0.366911619956097638E+03   -0.154389635054416470E+02    1
    0.131037498723494106E+01    0.156910895999929880E+04   -0.488166771296966306E+01    0.366914772098103128E+03   -0.154414635054416571E+02    1
    0.131942457914414368E+01    0.116430768679987227E+04   -0.428749231377832274E+01    0.366917507380289521E+03   -0.154439635054416851E+02    1
    0.131910657237125983E+01    0.117458836295209903E+04   -0.445745434909769944E+01    0.366922090768525266E+03   -0.154464635054416721E+02    1
    0.131848229609303402E+01    0.127932650462479046E+04   -0.460490748195001220E+01    0.366926933502254371E+03   -0.154489635054416414E+02    1
    0.131845188322414586E+01    0.114056362265433245E+04   -0.413213313506230229E+01    0.366939088497522448E+03   -0.154514635054416605E+02    1
    0.131234302929359870E+01    0.140950556805431097E+04   -0.465022448524189969E+01    0.366957802774477386E+03   -0.154539635054416777E+02    1
    0.131876386627407904E+01    0.125776920447188741E+04   -0.469030366353221950E+01    0.366996846960290384E+03   -0.154564635054416684E+02    1
    0.131120899296005478E+01    0.154563101175307861E+04   -0.490723068949221375E+01    0.367000330034181786E+03   -0.154589635054416750E+02    1
    0.131652232163853600E+01    0.140380792741645200E+04   -0.490693518241702975E+01    0.367001100836070179E+03   -0.154614635054416780E+02    1
    0.131993528126673398E+01    0.116261378606714447E+04   -0.438672214092007096E+01    0.367034776748377794E+03   -0.154639635054416669E+02    1
    0.131544301568036270E+01    0.144519099813647995E+04   -0.483974374142937247E+01    0.367037920539166350E+03   -0.154664635054416557E+02    1
    0.131094506441514480E+01    0.145994160611525672E+04   -0.452422746384194685E+01    0.367052842968247944E+03   -0.154689635054416481E+02    1
    0.131162986452533592E+01    0.139797607652258193E+04   -0.443117767360789472E+01    0.367084593946641121E+03   -0.154714635054416529E+02    1
    0.131391711865477356E+01    0.150300419116491935E+04   -0.484992761165346842E+01    0.367091893587570667E+03   -0.154739635054416489E+02    1
    0.131590815431173569E+01    0.123641546158754932E+04   -0.439680681766341941E+01    0.367113005104276453E+03   -0.154764635054416715E+02    1
    0.131671390244335806E+01    0.136176212987391591E+04   -0.486241670762461187E+01    0.367141787649816365E+03   -0.154789635054416781E+02    1
    0.131222055745459110E+01    0.157392689246390205E+04   -0.499384161012606498E+01    0.367186618633472449E+03   -0.154814635054416598E+02    1
    0.131905434191845372E+01    0.125217780828003629E+04   -0.463091010771804079E+01    0.367202331347440690E+03   -0.154839635054416558E+02    1
    0.131827006476049546E+01    0.122032946842789079E+04   -0.434713013998510434E+01    0.367231101475930075E+03   -0.154864635054416553E+02    1
    0.131961909893820306E+01    0.114132770594270755E+04   -0.433546755071499401E+01    0.367243083379792381E+03   -0.154889635054416779E+02    1
    0.131472875666485067E+01    0.124810006879687717E+04   -0.424032303383422082E+01    0.367250578993908675E+03   -0.154914635054416738E+02    1
    0.131234358664411577E+01    0.140680161985418863E+04   -0.463828524324359481E+01    0.367261480803181996E+03   -0.154939635054416449E+02    1
    0.131926414139297798E+01    0.119992453411479300E+04   -0.441096465928898063E+01    0.367265117140083134E+03   -0.154964635054416604E+02    1
    0.131161702811344472E+01    0.150425987695699814E+04   -0.484351304191065868E+01    0.367272485180803756E+03   -0.154989635054416759E+02    1
    0.131913309900101150E+01    0.119818233825190600E+04   -0.438583406809782872E+01    0.367278918179032644E+03   -0.155014635054416647E+02    1
    0.131933905430024145E+01    0.122351310404723745E+04   -0.453116785695732993E+01    0.367281635652206603E+03   -0.155039635054416571E+02    1
    0.131149169148276457E+01    0.141531477884088895E+04   -0.454335127494900171E+01    0.367284898058946112E+03   -0.155064635054416495E+02    1
    0.131151608479833026E+01    0.157107870661154016E+04   -0.484976260072757537E+01    0.367295752921667656E+03   -0.155089635054416490E+02    1
    0.131249332200204316E+01    0.142968306733678014E+04   -0.451017182067315492E+01    0.367297411608996583E+03   -0.155114635054416521E+02    1
    0.131698756331930378E+01    0.119697867035560103E+04   -0.434519711397437902E+01    0.367314140744791700E+03   -0.155139635054416534E+02    1
    0.131403656281993642E+01    0.146161845336791384E+04   -0.493287181135916786E+01    0.367314233722600363E+03   -0.155164635054416653E+02    1
    0.131024666774614529E+01    0.158535063236441579E+04   -0.488921389177636634E+01    0.367331343699624654E+03   -0.155189635054416843E+02    1
    0.131343684519489612E+01    0.153242457840632642E+04   -0.498474135586126099E+01    0.367353771096507955E+03   -0.155214635054416785E+02    1
    0.131229609227023913E+01    0.154844690260534230E+04   -0.484798571616375984E+01    0.367361126159815342E+03   -0.155239635054416691E+02    1
    0.131683375062069929E+01    0.123052425174875407E+04   -0.424612810764490423E+01    0.367392864785227403E+03   -0.155264635054416704E+02    1
    0.131775004831203058E+01    0.123771964449462484E+04   -0.458727123930138880E+01    0.367427991666148159E+03   -0.155289635054416681E+02    1
    0.131080083212621767E+01    0.159958130229341896E+04   -0.494631724779427717E+01    0.367447530680464297E+03   -0.155314635054416765E+02    1
    0.131568301610359195E+01    0.138858964051737507E+04   -0.464629724874381012E+01    0.367448458288624863E+03   -0.155339635054416654E+02    1
    0.131828638673131504E+01    0.127812840301693814E+04   -0.472132231848222528E+01    0.367456606722342769E+03   -0.155364635054416649E+02    1
    0.131039188951350494E+01    0.154609639794676377E+04   -0.471761163004963624E+01    0.367457129434258604E+03   -0.155389635054416573E+02    1
    0.131299199544690581E+01    0.154730987776289749E+04   -0.496520844556578833E+01    0.367473929548211686E+03   -0.155414635054416390E+02    1
    0.131891302565984581E+01    0.116488370487334942E+04   -0.438845237655706821E+01    0.367484487395466999E+03   -0.155439635054416669E+02    1
    0.131959960951226463E+01    0.116070132192517349E+04   -0.432840255073557589E+01    0.367489795542016395E+03   -0.155464635054416895E+02    1
    0.131528644288977570E+01    0.136501738358941475E+04   -0.453307068326065465E+01    0.367492415947009590E+03   -0.155489635054416784E+02    1
    0.131233702989606971E+01    0.137508736070458144E+04   -0.450565679842248912E+01    0.367502051023635204E+03   -0.155514635054416779E+02    1
    0.131636182865696827E+01    0.120493936609236334E+04   -0.415597182003638821E+01    0.367507788083651235E+03   -0.155539635054416756E+02    1
    0.131469469328881861E+01    0.130737783256552211E+04   -0.432061082311449063E+01    0.367514568309008610E+03   -0.155564635054416573E+02    1
    0.131186016631061531E+01    0.158226751351983057E+04   -0.494700274042709331E+01    0.367515683262079676E+03   -0.155589635054416568E+02    1
    0.131484363541332150E+01    0.136974715758658476E+04   -0.476900106087238118E+01    0.367525440798449210E+03   -0.155614635054416706E+02    1
    0.131693901710182804E+01    0.132967264760475655E+04   -0.458216206169585938E+01    0.367528801528977510E+03   -0.155639635054416594E+02    1
    0.131618119863360650E+01    0.136982184603477617E+04   -0.463636793550165649E+01    0.367534459296840964E+03   -0.155664635054416625E+02    1
    0.131006868707478930E+01    0.159413648528855401E+04   -0.483216393901604846E+01    0.367540973257965447E+03   -0.155689635054416868E+02    1
    0.131822940911970132E+01    0.121551879451568220E+04   -0.454542025136720707E+01    0.367553889169474473E+03   -0.155714635054416934E+02    1
    0.131565661916493126E+01    0.129586122529351405E+04   -0.460423139373837387E+01    0.367563571614549971E+03   -0.155739635054416929E+02    1
    0.131538050271726936E+01    0.142532779347938731E+04   -0.475184312162561273E+01    0.367599710351805925E+03   -0.155764635054416871E+02    1
    0.131016822083139606E+01    0.154930836694714617E+04   -0.471902720900729022E+01    0.367603428121643276E+03   -0.155789635054416937E+02    1
    0.131948654900241635E+01    0.118430975426543546E+04   -0.448504860540284866E+01    0.367614889314549941E+03   -0.155814635054416808E+02    1
    0.131645114183829159E+01    0.119790412164928330E+04   -0.416238533343331873E+01    0.367623309367339402E+03   -0.155839635054416679E+02    1
    0.131889186255282675E+01    0.123938524603833298E+04   -0.463407647614126716E+01    0.367629398310975489E+03   -0.155864635054416762E+02    1
    0.131198973415180231E+01    0.144211273702949006E+04   -0.451757691230785596E+01    0.367633377164418391E+03   -0.155889635054416580E+02    1
    0.131744957247157157E+01    0.120635187035672789E+04   -0.443752950298419524E+01    0.367638797393329526E+03   -0.155914635054416504E+02    1
    0.131805060656425055E+01    0.120748470931313386E+04   -0.449830376743699478E+01    0.367646799957664427E+03   -0.155939635054416659E+02    1
    0.131805630478689717E+01    0.129236646157650512E+04   -0.459654852841025097E+01    0.367666991868203468E+03   -0.155964635054416814E+02    1
    0.131776648018023845E+01    0.115522430503322994E+04   -0.418329313415782256E+01    0.367670927822019962E+03   -0.155989635054416595E+02    1
    0.131802241462492953E+01    0.127119613864517646E+04   -0.469560984707602813E+01    0.367689233791481684E+03   -0.156014635054416537E+02    1
    0.131652755058726001E+01    0.138600577035932793E+04   -0.476248535697093978E+01    0.367690300389783488E+03   -0.156039635054416657E+02    1
    0.131269254371996613E+01    0.135168530125327243E+04   -0.435616664876642457E+01    0.367708540052585136E+03   -0.156064635054416723E+02    1
    0.131781511271338170E+01    0.132507630462171960E+04   -0.473949342814495544E+01    0.367723697260429049E+03   -0.156089635054416913E+02    1
    0.131103589786066999E+01    0.145679177324644570E+04   -0.462442448967563013E+01    0.367740072561467741E+03   -0.156114635054416748E+02    1
    0.131887388284893148E+01    0.118630661265247090E+04   -0.447645871022422082E+01    0.367752791477617507E+03   -0.156139635054416690E+02    1
    0.131733631914584293E+01    0.126164787274429636E+04   -0.438994407339847292E+01    0.367754185248205431E+03   -0.156164635054416667E+02    1
    0.131541723530034460E+01    0.136033733314917436E+04   -0.452595113251648584E+01    0.367756475410336861E+03   -0.156189635054416733E+02    1
    0.131456432454224936E+01    0.148520479056615727E+04   -0.493983974959385996E+01    0.367778732914491457E+03   -0.156214635054416959E+02    1
    0.131643909713824048E+01    0.140306525664390142E+04   -0.483114941099542872E+01    0.367781685571018727E+03   -0.156239635054416848E+02    1
    0.131359767091737800E+01    0.131168265597888808E+04   -0.429508341882612221E+01    0.367781838791943642E+03   -0.156264635054416789E+02    1
    0.130988098395760000E+01    0.156462099828800569E+04   -0.475657879477840151E+01    0.367785722923961544E+03   -0.156289635054416731E+02    1
    0.131661313384063172E+01    0.127499423996829501E+04   -0.460983164046227856E+01    0.367811113815351121E+03   -0.156314635054416797E+02    1
    0.131644863710417503E+01    0.140241351170906910E+04   -0.483330428727166428E+01    0.367818505072932226E+03   -0.156339635054416792E+02    1
    0.131194964214540688E+01    0.144763571571964872E+04   -0.453743482015508270E+01    0.367826231548852320E+03   -0.156364635054416841E+02    1
    0.131958632785858132E+01    0.118440713919889640E+04   -0.445700225980981557E+01    0.367836816945469423E+03   -0.156389635054416853E+02    1
    0.131733131225159661E+01    0.125001171484250062E+04   -0.435512182905632095E+01    0.367852810027387875E+03   -0.156414635054416777E+02    1
    0.131253303772151342E+01    0.135602146804313520E+04   -0.438776876339427702E+01    0.367880819633334681E+03   -0.156439635054416897E+02    1
    0.131786970767230494E+01    0.131295497234262575E+04   -0.466376501043160552E+01    0.367895396206016983E+03   -0.156464635054416856E+02    1
    0.131337850251578114E+01    0.151946146267961353E+04   -0.497342388195375396E+01    0.367913573932471309E+03   -0.156489635054416816E+02    1
    0.131687120603266683E+01    0.124129482426350296E+04   -0.451136396564702835E+01    0.367941794093227941E+03   -0.156514635054416811E+02    1
    0.131867412637283743E+01    0.117408399791567035E+04   -0.439839969214049820E+01    0.367957749398276633E+03   -0.156539635054416717E+02    1
    0.131167284010322005E+01    0.155636989631880442E+04   -0.494408644856372881E+01    0.367971749013510646E+03   -0.156564635054416517E+02    1
    0.131694738555967605E+01    0.119242320750523277E+04   -0.417137030663607167E+01    0.368018497083190141E+03   -0.156589635054416565E+02    1
    0.131509636315797351E+01    0.140770442607405221E+04   -0.465648545953965431E+01    0.368020444747301212E+03   -0.156614635054416649E+02    1
    0.131598641947542472E+01    0.127278496358924576E+04   -0.453987386165775142E+01    0.368028707767440210E+03   -0.156639635054416715E+02    1
    0.131947629700833735E+01    0.116061238438448072E+04   -0.437580446161904479E+01    0.368032012424152640E+03   -0.156664635054416763E+02    1
    0.131155001809440108E+01    0.145456481780060153E+04   -0.468479977922485435E+01    0.368035862152792561E+03   -0.156689635054416705E+02    1
    0.131629081568340700E+01    0.130234291823726608E+04   -0.442251196468566476E+01    0.368038567966437313E+03   -0.156714635054416647E+02    1
    0.131813255282484132E+01    0.123649063771369242E+04   -0.459833194974779680E+01    0.368089705394467899E+03   -0.156739635054416464E+02    1
    0.131256359300607994E+01    0.142898819765273197E+04   -0.472372067449901500E+01    0.368091122857776327E+03   -0.156764635054416388E+02    1
    0.131825541420414982E+01    0.117024875801705775E+04   -0.434036065975278174E+01    0.368098358340835205E+03   -0.156789635054416649E+02    1
    0.131888811050023658E+01    0.114916412664115842E+04   -0.423159847228816233E+01    0.368103241410670876E+03   -0.156814635054416787E+02    1
    0.131165776301085835E+01    0.140629950035056845E+04   -0.448928777820315172E+01    0.368150170046151572E+03   -0.156839635054416906E+02    1
    0.131543937018006685E+01    0.137143937485576680E+04   -0.456695993206808737E+01    0.368165046677412874E+03   -0.156864635054416706E+02    1
    0.131545249719618540E+01    0.123006266830502955E+04   -0.421879524584981169E+01    0.368169276857435591E+03   -0.156889635054416736E+02    1
    0.131539438030576150E+01    0.128841253772747041E+04   -0.453791401124213856E+01    0.368176684031451373E+03   -0.156914635054416856E+02    1
    0.131214189620534416E+01    0.146769703836229155E+04   -0.479000174372878273E+01    0.368189759979938060E+03   -0.156939635054416744E+02    1
    0.131749120270649067E+01    0.117418817725105487E+04   -0.425396447994822946E+01    0.368200938276668637E+03   -0.156964635054416775E+02    1
    0.131761563886578026E+01    0.121212652428784963E+04   -0.426829003940489571E+01    0.368206993481154939E+03   -0.156989635054416663E+02    1
    0.131092020073496385E+01    0.145952694816894768E+04   -0.459426011171969151E+01    0.368210292749535597E+03   -0.157014635054416694E+02    1
    0.131312710306274072E+01    0.136920602792709587E+04   -0.440436760082959200E+01    0.368211062588039113E+03   -0.157039635054416777E+02    1
    0.131114668621343644E+01    0.144552169216491711E+04   -0.457934538090149701E+01    0.368213877522430835E+03   -0.157064635054416719E+02    1
    0.131191879309469073E+01    0.141641382600370139E+04   -0.447630462878344648E+01    0.368223612148632185E+03   -0.157089635054416696E+02    1
    0.131038224752501042E+01    0.154728027909607431E+04   -0.473797484115217227E+01    0.368245851621989857E+03   -0.157114635054416674E+02    1
    0.131427011677890948E+01    0.134816654118090764E+04   -0.441103328034466990E+01    0.368273231899269376E+03   -0.157139635054416757E+02    1
    0.131110125673651767E+01    0.144277065130289520E+04   -0.454199768386947511E+01    0.368282553192738135E+03   -0.157164635054416699E+02    1
    0.131476036903184590E+01    0.129227758131252540E+04   -0.447201474031779878E+01    0.368285319862024210E+03   -0.157189635054416552E+02    1
    0.131900459013643268E+01    0.115441317229230572E+04   -0.431081407149390117E+01    0.368305978906220275E+03   -0.157214635054416672E+02    1
    0.131172479624457017E+01    0.149323814159979293E+04   -0.464084016690034762E+01    0.368308546760656384E+03   -0.157239635054416684E+02    1
    0.131361627869342734E+01    0.145200968855227825E+04   -0.487401579968442622E+01    0.368328720300263853E+03   -0.157264635054416679E+02    1
    0.131419631521880009E+01    0.139738079707291445E+04   -0.454716832329224196E+01    0.368365802745469011E+03   -0.157289635054416745E+02    1
    0.131304316406296673E+01    0.147651114422086448E+04   -0.469271899913829671E+01    0.368366976655679537E+03   -0.157314635054416652E+02    1
    0.131281704433794078E+01    0.148133895401808036E+04   -0.487911580653987809E+01    0.368368378545736221E+03   -0.157339635054416664E+02    1
    0.131351146892548454E+01    0.131232783020285865E+04   -0.432674007535643845E+01    0.368391598102207922E+03   -0.157364635054416695E+02    1
    0.131792650361670516E+01    0.120656754066834492E+04   -0.429205026927260658E+01    0.368394247768873299E+03   -0.157389635054416566E+02    1
    0.131695047957568501E+01    0.135410918184912634E+04   -0.482549783468662419E+01    0.368394727771694193E+03   -0.157414635054416738E+02    1
    0.131883407810406772E+01    0.117921459497790488E+04   -0.430617601414523765E+01    0.368395850533008797E+03   -0.157439635054416858E+02    1
    0.131340104103597755E+01    0.134295327224521725E+04   -0.450397192725889273E+01    0.368406151174077763E+03   -0.157464635054416835E+02    1
    0.131459608090017865E+01    0.127238849151213185E+04   -0.434381688542205957E+01    0.368409169907236333E+03   -0.157489635054416812E+02    1
    0.131937074655481479E+01    0.118465878618399074E+04   -0.443561329299376350E+01    0.368414831874998129E+03   -0.157514635054416718E+02    1
    0.131220821657111597E+01    0.154151094275647029E+04   -0.494639468091706824E+01    0.368415830243384903E+03   -0.157539635054416820E+02    1
    0.131241567718490537E+01    0.155027490199571457E+04   -0.495838269670369680E+01    0.368418260763207741E+03   -0.157564635054416815E+02    1
    0.131288466065244247E+01    0.134462002393494754E+04   -0.436209750399978979E+01    0.368421366991127115E+03   -0.157589635054416721E+02    1
    0.131615334197631628E+01    0.135064584181158580E+04   -0.479730969157007081E+01    0.368421731924658161E+03   -0.157614635054416645E+02    1
    0.131425863900225326E+01    0.148564137200610844E+04   -0.494505414375536212E+01    0.368441303781803072E+03   -0.157639635054416640E+02    1
    0.131279999035243100E+01    0.152679965144052130E+04   -0.495377117937039912E+01    0.368442547467374254E+03   -0.157664635054416813E+02    1
    0.131313817194015492E+01    0.140463365321554988E+04   -0.470355905614068526E+01    0.368443458703277997E+03   -0.157689635054416737E+02    1
    0.131445954942729126E+01    0.140518528501358082E+04   -0.459560372167861964E+01    0.368445669874355076E+03   -0.157714635054416643E+02    1
    0.131169255257387274E+01    0.156842017196811298E+04   -0.489251806990939020E+01    0.368450270877562218E+03   -0.157739635054416674E+02    1
    0.131709974898198556E+01    0.122026638619701816E+04   -0.425521903857327644E+01    0.368453442393108730E+03   -0.157764635054416615E+02    1
    0.131312966811571785E+01    0.147142388812301419E+04   -0.467856951999050974E+01    0.368455414478662647E+03   -0.157789635054416664E+02    1
    0.131496249110371943E+01    0.125375489979739314E+04   -0.429518931778658786E+01    0.368456351635492922E+03   -0.157814635054416836E+02    1
    0.131706256604081684E+01    0.126537934495449826E+04   -0.461297921666699207E+01    0.368473782498327807E+03   -0.157839635054416760E+02    1
    0.131122842255901828E+01    0.158241597942317185E+04   -0.491992047394829424E+01    0.368481602429409008E+03   -0.157864635054416684E+02    1
    0.131299037506958571E+01    0.149984204803280772E+04   -0.475993939313378078E+01    0.368482232303222418E+03   -0.157889635054416626E+02    1
    0.131142659686912055E+01    0.143665260241531610E+04   -0.451934069878669487E+01    0.368482770399240280E+03   -0.157914635054416710E+02    1
    0.131391427505463754E+01    0.137034402384176519E+04   -0.444842778318406040E+01    0.368484894184052621E+03   -0.157939635054416900E+02    1
    0.131885931928382560E+01    0.119533159975679087E+04   -0.437143752629334958E+01    0.368486277164665978E+03   -0.157964635054416682E+02    1
    0.131189509731932885E+01    0.151034504895944610E+04   -0.486737899001878915E+01    0.368487895121508700E+03   -0.157989635054416677E+02    1
    0.131324440095326955E+01    0.135236601190066176E+04   -0.437186707751284054E+01    0.368489569680318141E+03   -0.158014635054416779E+02    1
    0.131349121708050887E+01    0.134183029626136158E+04   -0.451084210853267731E+01    0.368519495629560481E+03   -0.158039635054416756E+02    1
    0.131601679800128935E+01    0.128541094107503250E+04   -0.436324115382578626E+01    0.368520121400139828E+03   -0.158064635054416716E+02    1
    0.131922576832359684E+01    0.118558388710469922E+04   -0.445270188281298918E+01    0.368521613706441087E+03   -0.158089635054416604E+02    1
    0.131057355905105188E+01    0.156961683426523336E+04   -0.486244614771875483E+01    0.368526949942646183E+03   -0.158114635054416759E+02    1
    0.131834853043203970E+01    0.127660850525354886E+04   -0.462344635744779264E+01    0.368527572671714438E+03   -0.158139635054416896E+02    1
    0.131184221744978657E+01    0.150520036463714814E+04   -0.469514232313666913E+01    0.368543380212770558E+03   -0.158164635054416909E+02    1
    0.131752675313420409E+01    0.132962827987223795E+04   -0.477392666792128395E+01    0.368546479516065688E+03   -0.158189635054416851E+02    1
    0.131297272655465624E+01    0.149347553084624246E+04   -0.491141498243056240E+01    0.368570324307646842E+03   -0.158214635054416739E+02    1
    0.131675168000741416E+01    0.119594463865295984E+04   -0.420271092318797379E+01    0.368600989546887149E+03   -0.158239635054416841E+02    1
    0.131647864071524356E+01    0.138964436066475332E+04   -0.485909203822825564E+01    0.368603482655088897E+03   -0.158264635054416907E+02    1
    0.131676651154721602E+01    0.136589548637264602E+04   -0.483799783828504459E+01    0.368604586502043503E+03   -0.158289635054416760E+02    1
    0.131208657566809128E+01    0.153527390074024834E+04   -0.492649823009656540E+01    0.368609539009915011E+03   -0.158314635054416772E+02    1
    0.131349659129011775E+01    0.134854735559606934E+04   -0.454100583756946641E+01    0.368615206897370740E+03   -0.158339635054416714E+02    1
    0.131031850038168551E+01    0.154039990855479800E+04   -0.475594528850573006E+01    0.368631075105902255E+03   -0.158364635054416727E+02    1
    0.131420404084454967E+01    0.145829492661418612E+04   -0.491740195887426701E+01    0.368638733497688008E+03   -0.158389635054416935E+02    1
    0.131053603429567178E+01    0.153839035543388445E+04   -0.478842566162162164E+01    0.368652014880498029E+03   -0.158414635054416912E+02    1
    0.131376427973519516E+01    0.130481066408301695E+04   -0.435580729654805410E+01    0.368661314222819897E+03   -0.158439635054416783E+02    1
    0.131738212890680906E+01    0.134002873949630589E+04   -0.473505188943682231E+01    0.368672340322989385E+03   -0.158464635054416796E+02    1
    0.131477051661732935E+01    0.128639535599511669E+04   -0.444454879545735704E+01    0.368685089985796935E+03   -0.158489635054416773E+02    1
    0.131115211575470658E+01    0.156287451487986823E+04   -0.481752657137920437E+01    0.368686169347118607E+03   -0.158514635054416750E+02    1
    0.131525350652519779E+01    0.135793214353317080E+04   -0.451760079869860931E+01    0.368713806004352818E+03   -0.158539635054416763E+02    1
    0.131764540374144534E+01    0.127666274047729712E+04   -0.467826428165463604E+01    0.368727343649175396E+03   -0.158564635054416652E+02    1
    0.131220212568296990E+01    0.138571482267530746E+04   -0.444862282069551451E+01    0.368760876867272827E+03   -0.158589635054416593E+02    1
    0.131508020699961747E+01    0.138920320038025284E+04   -0.482583411040794275E+01    0.368768170374846875E+03   -0.158614635054416766E+02    1
    0.131265401584533525E+01    0.135873004409259397E+04   -0.442870128014369868E+01    0.368789212974874090E+03   -0.158639635054416708E+02    1
    0.131542940968793487E+01    0.123993910030155007E+04   -0.423776246062380579E+01    0.368790987049264913E+03   -0.158664635054416649E+02    1
    0.131653354234534459E+01    0.120131017940180504E+04   -0.421466798223788519E+01    0.368799985811469185E+03   -0.158689635054416858E+02    1
    0.131517522557591882E+01    0.131987483817119664E+04   -0.439697552827426996E+01    0.368800652999582780E+03   -0.158714635054416853E+02    1
    0.131518348947298436E+01    0.145289517936880338E+04   -0.487608397772712188E+01    0.368801961443495316E+03   -0.158739635054416635E+02    1
    0.131319292860004544E+01    0.135001608769172640E+04   -0.449837206905857201E+01    0.368809324038439115E+03   -0.158764635054416594E+02    1
    0.131609006897628245E+01    0.140925713210455660E+04   -0.486866389029801461E+01    0.368816531213419808E+03   -0.158789635054416802E+02    1
    0.131418173327924803E+01    0.143099192391972429E+04   -0.486110051573691671E+01    0.368820800499930954E+03   -0.158814635054416815E+02    1
    0.131552865800083207E+01    0.123959242526550565E+04   -0.431005153775182048E+01    0.368833139231409859E+03   -0.158839635054416775E+02    1
    0.131838279520786861E+01    0.118518969595469298E+04   -0.440774478797238256E+01    0.368837490492013217E+03   -0.158864635054416787E+02    1
    0.131138267152140120E+01    0.151756524646446269E+04   -0.483149309863986609E+01    0.368843400213963491E+03   -0.158889635054416729E+02    1
    0.131616426364627781E+01    0.121800244368028530E+04   -0.421947613629497731E+01    0.368850570266311593E+03   -0.158914635054416813E+02    1
    0.131500169553545687E+01    0.144628203336783986E+04   -0.491710488004327573E+01    0.368850944957560444E+03   -0.158939635054416701E+02    1
    0.131569499352717623E+01    0.142607859964555519E+04   -0.484588082036020928E+01    0.368851022426904024E+03   -0.158964635054416625E+02    1
    0.131684168360294707E+01    0.122623102238068714E+04   -0.443410369974263041E+01    0.368854375947358562E+03   -0.158989635054416727E+02    1
    0.131095604150788203E+01    0.147512330842539268E+04   -0.460878390029283480E+01    0.368857183014315922E+03   -0.159014635054416846E+02    1
    0.131652275544733888E+01    0.124001218998206582E+04   -0.445446948757236960E+01    0.368857446409909585E+03   -0.159039635054416930E+02    1
    0.131509601236056839E+01    0.125631164796219491E+04   -0.425895647441400182E+01    0.368860673468842720E+03   -0.159064635054416890E+02    1
    0.131813519258157874E+01    0.117057215376840190E+04   -0.423164864568565857E+01    0.368872806788305923E+03   -0.159089635054416956E+02    1
    0.131137500024320430E+01    0.156808009440485580E+04   -0.487750109956094491E+01    0.368894780226394687E+03   -0.159114635054416986E+02    1
    0.131785576233460699E+01    0.117116063626569553E+04   -0.425251540426415797E+01    0.368915585190371246E+03   -0.159139635054416875E+02    1
    0.131168548933336293E+01    0.155785869878072117E+04   -0.486012730237492185E+01    0.368918351753510137E+03   -0.159164635054416674E+02    1
    0.131387939244257224E+01    0.132725502492335227E+04   -0.435258624244013514E+01    0.368920694834249275E+03   -0.159189635054416705E+02    1
    0.131055960564325824E+01    0.153395548891348017E+04   -0.471202283282732193E+01    0.368929582331763186E+03   -0.159214635054416895E+02    1
    0.131372801675993944E+01    0.150631216550782779E+04   -0.492137528481994657E+01    0.368930299224733119E+03   -0.159239635054416837E+02    1
    0.131824766753542266E+01    0.125202002599070920E+04   -0.448979467945961996E+01    0.368934835116422562E+03   -0.159264635054416832E+02    1
    0.131540690554401896E+01    0.136372442265493783E+04   -0.454481199742180486E+01    0.368936330627426514E+03   -0.159289635054416916E+02    1
    0.131826123942646878E+01    0.126954368303534147E+04   -0.466090255948540211E+01    0.368940103993678179E+03   -0.159314635054416893E+02    1
    0.131415047520448924E+01    0.143665700573862091E+04   -0.467085447303901624E+01    0.368948218473521706E+03   -0.159339635054416906E+02    1
    0.131389157495018116E+01    0.141263362840421814E+04   -0.456786929290221444E+01    0.368960125412180389E+03   -0.159364635054416954E+02    1
    0.131640332507159941E+01    0.126213214002335826E+04   -0.452804563075610478E+01    0.368973171062869596E+03   -0.159389635054416967E+02    1
    0.131591725636091050E+01    0.132683605344869011E+04   -0.471070973826217632E+01    0.368978840140348211E+03   -0.159414635054416838E+02    1
    0.131825060560675333E+01    0.127738146339381387E+04   -0.466231074949072077E+01    0.368987542427927565E+03   -0.159439635054416726E+02    1
    0.131694044549647371E+01    0.135660787377152428E+04   -0.473418778319726385E+01    0.368991642497727639E+03   -0.159464635054416668E+02    1
    0.131822727238449722E+01    0.125693444391222420E+04   -0.463697858467664759E+01    0.368999619346641339E+03   -0.159489635054416556E+02    1
    0.131323119388632259E+01    0.150380480686317651E+04   -0.493434041981128413E+01    0.369010311277050448E+03   -0.159514635054416729E+02    1
    0.131306879255210518E+01    0.152662615019641203E+04   -0.490266692632732859E+01    0.369014112024971496E+03   -0.159539635054416777E+02    1
    0.131555554874870806E+01    0.125233289049653922E+04   -0.425136256811117619E+01    0.369015823803457010E+03   -0.159564635054416630E+02    1
    0.131479760028337522E+01    0.131196664062269701E+04   -0.454683791434982787E+01    0.369020442933603647E+03   -0.159589635054416608E+02    1
    0.131117046974024443E+01    0.148451241275908069E+04   -0.460654259349402562E+01    0.369032248916696403E+03   -0.159614635054416514E+02    1
    0.131122791991890186E+01    0.150452049060225022E+04   -0.465570753340465959E+01    0.369035402058013517E+03   -0.159639635054416704E+02    1
    0.131749330183071667E+01    0.132287276334480111E+04   -0.466833851362310703E+01    0.369035874686202646E+03   -0.159664635054416753E+02    1
    0.131293588150625640E+01    0.136530045360646614E+04   -0.452582806375541846E+01    0.369035951484434008E+03   -0.159689635054416534E+02    1
    0.131775793306122502E+01    0.127618423067088452E+04   -0.452104527349121810E+01    0.369044526612849040E+03   -0.159714635054416743E+02    1
    0.131228145865084111E+01    0.139511115473028008E+04   -0.455333040843847137E+01    0.369046953022743082E+03   -0.159739635054416986E+02    1
    0.131707987253639613E+01    0.132969053093002776E+04   -0.462819268137171402E+01    0.369056313473871967E+03   -0.159764635054416875E+02    1
    0.131791268355284208E+01    0.127803518471571010E+04   -0.467971066426847671E+01    0.369066496564428689E+03   -0.159789635054416781E+02    1
    0.131483684667755862E+01    0.133783554541906506E+04   -0.442972037211395175E+01    0.369069357147510459E+03   -0.159814635054416918E+02    1
    0.131820676864587161E+01    0.126946199509524172E+04   -0.465782462136431796E+01    0.369082042371599982E+03   -0.159839635054416895E+02    1
    0.131568358239310568E+01    0.133613167164753395E+04   -0.449472122244187045E+01    0.369085170942110665E+03   -0.159864635054416819E+02    1
    0.131640112406009457E+01    0.129429393590933410E+04   -0.463917629543897458E+01    0.369090101284963680E+03   -0.159889635054416974E+02    1
    0.131160884247779408E+01    0.155101428114321038E+04   -0.482392986139122826E+01    0.369104491874547193E+03   -0.159914635054417023E+02    1
    0.131109234596031410E+01    0.148830926145955141E+04   -0.471180238090121684E+01    0.369107534764473201E+03   -0.159939635054416911E+02    1
    0.131749995872061310E+01    0.132658376090212596E+04   -0.471649852601825259E+01    0.369120237481938830E+03   -0.159964635054416746E+02    1
    0.131560141549418796E+01    0.123456529148210666E+04   -0.425155319956516031E+01    0.369122460795929953E+03   -0.159989635054416723E+02    1
    0.131585551288552383E+01    0.128956461799083786E+04   -0.457621459237231498E+01    0.369131103487174641E+03   -0.160014635054416772E+02    1
    0.131450296844245740E+01    0.128186939923761929E+04   -0.435836778553013726E+01    0.369135243315570733E+03   -0.160039635054416713E+02    1
    0.131741448039625642E+01    0.118546908069047322E+04   -0.423259614357058300E+01    0.369136870516788804E+03   -0.160064635054416620E+02    1
    0.131292960735904018E+01    0.142367894142582691E+04   -0.453465512437206364E+01    0.369141463732866839E+03   -0.160089635054416526E+02    1
    0.131756683251947893E+01    0.118776825202112514E+04   -0.432053129529902780E+01    0.369144766586167179E+03   -0.160114635054416574E+02    1
    0.131840198222670235E+01    0.123709737113474080E+04   -0.447007130496341087E+01    0.369151725320057437E+03   -0.160139635054416587E+02    1
    0.131518800952197767E+01    0.143918081014718632E+04   -0.480863555442275636E+01    0.369166007698162105E+03   -0.160164635054416529E+02    1
    0.131117991195064709E+01    0.154193923137078423E+04   -0.485798719123492617E+01    0.369177203498664937E+03   -0.160189635054416541E+02    1
    0.131482351509005735E+01    0.145705378819961470E+04   -0.491159344677846033E+01    0.369178606462553603E+03   -0.160214635054416519E+02    1
    0.131397846248642303E+01    0.130129761920105398E+04   -0.432698545745223306E+01    0.369192154593425585E+03   -0.160239635054416709E+02    1
    0.131080134179535324E+01    0.152884937457393357E+04   -0.472012363446310346E+01    0.369198938658000770E+03   -0.160264635054416935E+02    1
    0.131812760641889337E+01    0.126789825564911143E+04   -0.455016132248860572E+01    0.369213498786527225E+03   -0.160289635054416735E+02    1
    0.131662563599909466E+01    0.122526006096838091E+04   -0.439546213033750188E+01    0.369247296016131031E+03   -0.160314635054416712E+02    1
    0.131059729382288803E+01    0.153944627773026946E+04   -0.475893774568678030E+01    0.369266593138999951E+03   -0.160339635054416938E+02    1
    0.131342860614279089E+01    0.137059471234918806E+04   -0.460764480136788546E+01    0.369271496744617650E+03   -0.160364635054416986E+02    1
    0.131650910500415286E+01    0.137703845927736415E+04   -0.483362591288234800E+01    0.369279399186789590E+03   -0.160389635054416750E+02    1
    0.131232374635989713E+01    0.151709598323945124E+04   -0.477546861594072780E+01    0.369284630118529094E+03   -0.160414635054416763E+02    1
    0.131556047496062378E+01    0.143001198593711547E+04   -0.487191554348565425E+01    0.369297718980869718E+03   -0.160439635054416883E+02    1
    0.131752882683525052E+01    0.131747970035520348E+04   -0.473888606555696601E+01    0.369304241864348285E+03   -0.160464635054416860E+02    1
    0.131870327651662334E+01    0.118425028545526811E+04   -0.439560574850169683E+01    0.369314802097410507E+03   -0.160489635054417015E+02    1
    0.131451971921069477E+01    0.145086602899429386E+04   -0.476033153077231397E+01    0.369334814180885871E+03   -0.160514635054416850E+02    1
    0.131486731882026175E+01    0.127379952419174924E+04   -0.437265497786714885E+01    0.369366651278012682E+03   -0.160539635054416685E+02    1
    0.131293429347231028E+01    0.135130607274784825E+04   -0.441092036439598623E+01    0.369378222611879210E+03   -0.160564635054416556E+02    1
    0.131580934262073912E+01    0.139807437363228291E+04   -0.486622966090477682E+01    0.369399517903783305E+03   -0.160589635054416675E+02    1
    0.131393056782157625E+01    0.146317636023457840E+04   -0.489938057804161087E+01    0.369415585518299622E+03   -0.160614635054416972E+02    1
    0.131694531558580530E+01    0.135099254945325220E+04   -0.479220042687381564E+01    0.369421767722032712E+03   -0.160639635054416772E+02    1
    0.131825059573397319E+01    0.117693750787126100E+04   -0.431915592286931904E+01    0.369425540664353946E+03   -0.160664635054416713E+02    1
    0.131142335479989747E+01    0.148721049619142195E+04   -0.474581276547956321E+01    0.369430148846727263E+03   -0.160689635054416868E+02    1
    0.131548759537454152E+01    0.134654333274952205E+04   -0.473026509279333496E+01    0.369436454656548335E+03   -0.160714635054416881E+02    1
    0.131648189517472702E+01    0.137868991789945380E+04   -0.482890057720438115E+01    0.369443955067208435E+03   -0.160739635054416823E+02    1
    0.131731813035511758E+01    0.122483747247423526E+04   -0.445829857209196234E+01    0.369449561871206242E+03   -0.160764635054416694E+02    1
    0.131558599949922406E+01    0.131357919555166882E+04   -0.441320319290115748E+01    0.369467745995901794E+03   -0.160789635054416813E+02    1
    0.131302734314533920E+01    0.138350552931353559E+04   -0.460135503981132388E+01    0.369486114169553503E+03   -0.160814635054416826E+02    1
    0.131828086088085361E+01    0.126587905195267240E+04   -0.460797323493452460E+01    0.369491312613154548E+03   -0.160839635054416696E+02    1
    0.131335164948192529E+01    0.141759334313758495E+04   -0.455646700908957403E+01    0.369495752192861971E+03   -0.160864635054416638E+02    1
    0.131490821128884039E+01    0.127416194238332446E+04   -0.428381252408147439E+01    0.369496050532502068E+03   -0.160889635054416615E+02    1
    0.131368851113113760E+01    0.148894889328856243E+04   -0.492148086990809563E+01    0.369503492020142744E+03   -0.160914635054416486E+02    1
    0.131428920373764901E+01    0.137142502912051259E+04   -0.469926716062403482E+01    0.369503846569145594E+03   -0.160939635054416534E+02    1
    0.131206490887177241E+01    0.152998837232431788E+04   -0.489912966483350498E+01    0.369509426575883140E+03   -0.160964635054416689E+02    1
    0.131775726352165967E+01    0.119855571688310511E+04   -0.428000652087327627E+01    0.369512066014837330E+03   -0.160989635054416844E+02    1
    0.131286633432541189E+01    0.152718571602207680E+04   -0.491472703944568323E+01    0.369514868120543042E+03   -0.161014635054417035E+02    1
    0.131365932128206464E+01    0.145011127220815024E+04   -0.467205092333336847E+01    0.369517670703505473E+03   -0.161039635054416941E+02    1
    0.131632721908270289E+01    0.127673502863781800E+04   -0.437559321168717918E+01    0.369536915600380041E+03   -0.161064635054416776E+02    1
    0.131823419577253520E+01    0.123069593801256724E+04   -0.454718888418667344E+01    0.369538687495077284E+03   -0.161089635054416753E+02    1
    0.131204342044317324E+01    0.154527215136581549E+04   -0.487637489239838828E+01    0.369542014460852158E+03   -0.161114635054416908E+02    1
    0.131328023891655543E+01    0.150642279464794251E+04   -0.492244980844819846E+01    0.369550150370812162E+03   -0.161139635054416850E+02    1
    0.131801997965431616E+01    0.126948458917589596E+04   -0.464579509783743205E+01    0.369553591441703020E+03   -0.161164635054416614E+02    1
    0.131386760060297680E+01    0.139218413365715378E+04   -0.451551597712341302E+01    0.369556089206221088E+03   -0.161189635054416556E+02    1
    0.131374009423940508E+01    0.132139074224803517E+04   -0.442621112530690652E+01    0.369563911529798247E+03   -0.161214635054416604E+02    1
    0.131107428543390059E+01    0.152527933980449029E+04   -0.473449997596259387E+01    0.369564531772265980E+03   -0.161239635054416652E+02    1
    0.131130352220049007E+01    0.149116056219101802E+04   -0.473906136269912626E+01    0.369569616779907733E+03   -0.161264635054416594E+02    1
    0.131500881084271426E+01    0.145303844860351819E+04   -0.487691559796395158E+01    0.369569768940200902E+03   -0.161289635054416749E+02    1
    0.131527974492043498E+01    0.142366561835549078E+04   -0.488485844526558299E+01    0.369580225569218840E+03   -0.161314635054416833E+02    1
    0.131532065105682228E+01    0.125551802284013775E+04   -0.434375376731881868E+01    0.369597985596848105E+03   -0.161339635054416810E+02    1
    0.131208013985795335E+01    0.140203953457911393E+04   -0.452523698750228309E+01    0.369598231260391060E+03   -0.161364635054416716E+02    1
    0.131687665603384407E+01    0.126834804070960013E+04   -0.458611440954309746E+01    0.369633573558929243E+03   -0.161389635054416587E+02    1
    0.131760715826882002E+01    0.129908860447776169E+04   -0.470353307214759031E+01    0.369637614648837655E+03   -0.161414635054416813E+02    1
    0.131099995058921914E+01    0.148263834650703302E+04   -0.465167265417797982E+01    0.369637643781619317E+03   -0.161439635054417074E+02    1
    0.131817190079465707E+01    0.124034218030415013E+04   -0.457120478928351304E+01    0.369652153819425791E+03   -0.161464635054416803E+02    1
    0.131506676681310952E+01    0.140138598062446135E+04   -0.464843725349515857E+01    0.369660089021948238E+03   -0.161489635054416709E+02    1
    0.131517881472127263E+01    0.126680476268353004E+04   -0.429227314310659214E+01    0.369663317704268479E+03   -0.161514635054416935E+02    1
    0.131854907619814998E+01    0.122416795661442393E+04   -0.445470845164107931E+01    0.369675050504438559E+03   -0.161539635054416983E+02    1
    0.131379355679639409E+01    0.133464215425820930E+04   -0.436869252991058410E+01    0.369675111077670977E+03   -0.161564635054416676E+02    1
    0.131817881092347999E+01    0.124146987856795158E+04   -0.445971130359867018E+01    0.369677951425319804E+03   -0.161589635054417045E+02    1
    0.131424764562050922E+01    0.130571441964808537E+04   -0.434135167827992330E+01    0.369685020007606965E+03   -0.161614635054416809E+02    1
    0.131744642045378102E+01    0.123830274943960694E+04   -0.436393359890759402E+01    0.369723243240969282E+03   -0.161639635054416679E+02    1
    0.131553790338660326E+01    0.131734381849202805E+04   -0.463678578286800569E+01    0.369734160266439915E+03   -0.161664635054416692E+02    1
    0.131839399753493236E+01    0.124305890829874011E+04   -0.450663442668260483E+01    0.369740030380958672E+03   -0.161689635054416705E+02    1
    0.131203875271637282E+01    0.146725556880925933E+04   -0.475473635408845041E+01    0.369747556106002833E+03   -0.161714635054416576E+02    1
    0.131172603175103797E+01    0.155154225873144765E+04   -0.486167964105322170E+01    0.369748075653809849E+03   -0.161739635054416553E+02    1
    0.131818401360010995E+01    0.118434562835717929E+04   -0.433256389427311461E+01    0.369757694825486624E+03   -0.161764635054416850E+02    1
    0.131229855619923774E+01    0.153902606157339301E+04   -0.490279933329565587E+01    0.369761506574497446E+03   -0.161789635054417076E+02    1
    0.131738671901843074E+01    0.119403708093581895E+04   -0.429246292569067300E+01    0.369783441485526396E+03   -0.161814635054416947E+02    1
    0.131489244247644055E+01    0.126973999002243363E+04   -0.431852548047288742E+01    0.369794260731544625E+03   -0.161839635054416675E+02    1
    0.131585216264102334E+01    0.126719804626758832E+04   -0.447738413274762870E+01    0.369798014757817327E+03   -0.161864635054416652E+02    1
    0.131125669016592683E+01    0.154902556751176985E+04   -0.484987317002371121E+01    0.369800820109160611E+03   -0.161889635054416878E+02    1
    0.131739620485321218E+01    0.120653245446655410E+04   -0.437998366447969190E+01    0.369802628422441160E+03   -0.161914635054416820E+02    1
    0.131252305718541473E+01    0.140560014044852687E+04   -0.449579453231432957E+01    0.369805352125964419E+03   -0.161939635054416726E+02    1
    0.131492594384044059E+01    0.143677415611520678E+04   -0.488786394188801587E+01    0.369805489195903817E+03   -0.161964635054416881E+02    1
    0.131580431103217421E+01    0.134029373058664669E+04   -0.452369533509253685E+01    0.369835052747291229E+03   -0.161989635054416858E+02    1
    0.131601484060080787E+01    0.134192861576877431E+04   -0.454826188075078619E+01    0.369838595045801014E+03   -0.162014635054416836E+02    1
    0.131231376409882317E+01    0.149756382916567736E+04   -0.485248105111867822E+01    0.369855838446823213E+03   -0.162039635054416920E+02    1
    0.131816437313617341E+01    0.126606760614738437E+04   -0.459501304841323410E+01    0.369869572960385426E+03   -0.162064635054416932E+02    1
    0.131503593089565185E+01    0.129250175378154108E+04   -0.433102498426734073E+01    0.369889465854952107E+03   -0.162089635054416838E+02    1
    0.131242641039791796E+01    0.152908662294656529E+04   -0.490416484653862383E+01    0.369895193646340886E+03   -0.162114635054416709E+02    1
    0.131145817951659449E+01    0.145356879482858108E+04   -0.457314016627146547E+01    0.369897906000061596E+03   -0.162139635054416900E+02    1
    0.131852312510919512E+01    0.123097709193708170E+04   -0.450896424603890367E+01    0.369905387259105680E+03   -0.162164635054416735E+02    1
    0.131627494205152229E+01    0.126077632097836931E+04   -0.449341976091987405E+01    0.369906379461564597E+03   -0.162189635054416819E+02    1
    0.131798954520864764E+01    0.121105097271632326E+04   -0.445020440607041401E+01    0.369907410506025428E+03   -0.162214635054417009E+02    1
    0.131170218989436993E+01    0.148353830256549213E+04   -0.463847188098050367E+01    0.369918088201926253E+03   -0.162239635054416880E+02    1
    0.131276064259932368E+01    0.138496763303751914E+04   -0.456062515449404327E+01    0.369919722786151738E+03   -0.162264635054416999E+02    1
    0.131398131816663755E+01    0.131239399014567334E+04   -0.435186777415921711E+01    0.369930055054574154E+03   -0.162289635054416870E+02    1
    0.131643656203718806E+01    0.135852521387751449E+04   -0.479817812791039344E+01    0.369934076197317779E+03   -0.162314635054416598E+02    1
    0.131800114430882731E+01    0.122393597359266300E+04   -0.437853147379450380E+01    0.369940620109527515E+03   -0.162339635054416611E+02    1
    0.131692190906410267E+01    0.121810163919921433E+04   -0.437465935416209906E+01    0.369954415172706206E+03   -0.162364635054416695E+02    1
    0.131577095983470627E+01    0.124381740789398214E+04   -0.433616256767548514E+01    0.369960957666640866E+03   -0.162389635054416921E+02    1
    0.131285309572880537E+01    0.140174590078785877E+04   -0.449126207786271436E+01    0.369966651413062664E+03   -0.162414635054416756E+02    1
    0.131832678079415899E+01    0.119050478707367643E+04   -0.435396381692521750E+01    0.369982928061113398E+03   -0.162439635054416662E+02    1
    0.131303691538375933E+01    0.135452448030298729E+04   -0.441747809600196017E+01    0.369994826709587187E+03   -0.162464635054416675E+02    1
    0.131149492075043916E+01    0.145532292610720697E+04   -0.462659453270776932E+01    0.369995447780243524E+03   -0.162489635054416759E+02    1
    0.131832282698865377E+01    0.119737176901491216E+04   -0.440596782479112914E+01    0.369995579375576085E+03   -0.162514635054416878E+02    1
    0.131675230921648523E+01    0.125998296858582353E+04   -0.453654330827082397E+01    0.370016684418923319E+03   -0.162539635054416749E+02    1
    0.131348222054108588E+01    0.133687161084809668E+04   -0.439828629160662921E+01    0.370019174786502447E+03   -0.162564635054416939E+02    1
    0.131613230965474370E+01    0.136345645850202754E+04   -0.479726589745398169E+01    0.370022427784351294E+03   -0.162589635054416917E+02    1
    0.131833037464376090E+01    0.123023992635238301E+04   -0.452836316151639373E+01    0.370028398423652675E+03   -0.162614635054416645E+02    1
    0.131572628176223816E+01    0.124527453273362948E+04   -0.433721069960011718E+01    0.370031516164508389E+03   -0.162639635054416516E+02    1
    0.131128208285669801E+01    0.154241300037081805E+04   -0.484112395745928659E+01    0.370034155101785927E+03   -0.162664635054416564E+02    1
    0.131285658425913221E+01    0.143777641812813908E+04   -0.475289726541252033E+01    0.370038298186804752E+03   -0.162689635054416648E+02    1
    0.131355359941062444E+01    0.148785149899965677E+04   -0.490369158988054910E+01    0.370041965367389253E+03   -0.162714635054416910E+02    1
    0.131800655587165827E+01    0.124823042299872077E+04   -0.457781403335947701E+01    0.370056355419557690E+03   -0.162739635054416993E+02    1
    0.131562209903944427E+01    0.137811683813449145E+04   -0.463922497541711643E+01    0.370059570415125734E+03   -0.162764635054416829E+02    1
    0.131663041146479465E+01    0.131553414324990763E+04   -0.453910934991977921E+01    0.370065835803416803E+03   -0.162789635054416628E+02    1
    0.131723193256449322E+01    0.126219944292935725E+04   -0.458050797098868578E+01    0.370066325356776588E+03   -0.162814635054416605E+02    1
    0.131678266144440714E+01    0.125605721895721808E+04   -0.436446738179375160E+01    0.370068680382555726E+03   -0.162839635054416760E+02    1
    0.131135925446933688E+01    0.146159912218633053E+04   -0.461280973080653567E+01    0.370087408515569791E+03   -0.162864635054416880E+02    1
    0.131737442445861452E+01    0.132228345027420437E+04   -0.470586664651258424E+01    0.370087479459167525E+03   -0.162889635054416893E+02    1
    0.131647468514914179E+01    0.133347843265861684E+04   -0.457311909738200484E+01    0.370090169069431170E+03   -0.162914635054416976E+02    1
    0.131614156235641944E+01    0.132522522270166110E+04   -0.451923090093926749E+01    0.370094818135685955E+03   -0.162939635054417096E+02    1
    0.131204158543100702E+01    0.147450059108618916E+04   -0.476755440615011850E+01    0.370098127707186450E+03   -0.162964635054417109E+02    1
    0.131533488320686365E+01    0.136991101556561216E+04   -0.477277889145223444E+01    0.370103846978876732E+03   -0.162989635054416766E+02    1
    0.131721863697604391E+01    0.120167722683047873E+04   -0.429224759591116634E+01    0.370105664860692912E+03   -0.163014635054416530E+02    1
    0.131291566821888783E+01    0.149784645468578037E+04   -0.477685938638408558E+01    0.370109878383589319E+03   -0.163039635054416934E+02    1
    0.131263562015286173E+01    0.144479215221625032E+04   -0.458488564846796454E+01    0.370119589802290704E+03   -0.163064635054417124E+02    1
    0.131355018404733381E+01    0.150029996083434526E+04   -0.487508374942288114E+01    0.370120788550415284E+03   -0.163089635054416817E+02    1
    0.131329261075449732E+01    0.141185697280587829E+04   -0.471976902130852949E+01    0.370130083941698217E+03   -0.163114635054416617E+02    1
    0.131533124864299400E+01    0.143135244266804943E+04   -0.485701833206635847E+01    0.370142959156593975E+03   -0.163139635054416914E+02    1
    0.131798124170663100E+01    0.119421535959147695E+04   -0.431564860681042806E+01    0.370151711544551063E+03   -0.163164635054416927E+02    1
    0.131191365353365108E+01    0.147455192674831142E+04   -0.462729604434056796E+01    0.370165426081515363E+03   -0.163189635054416620E+02    1
    0.131440515812861003E+01    0.137560129780353282E+04   -0.471798754376981666E+01    0.370166784576244766E+03   -0.163214635054416668E+02    1
    0.131745624927555438E+01    0.128039907097367768E+04   -0.451311342343938993E+01    0.370166843041105949E+03   -0.163239635054416858E+02    1
    0.131775216512334370E+01    0.125160542447681837E+04   -0.457434342639609692E+01    0.370166886343166539E+03   -0.163264635054416942E+02    1
    0.131470598988916776E+01    0.144775638196602472E+04   -0.479858117225789726E+01    0.370176766942256165E+03   -0.163289635054416813E+02    1
    0.131840146025501759E+01    0.122841604571350604E+04   -0.448957793163381069E+01    0.370183773309209300E+03   -0.163314635054416790E+02    1
    0.131516828262648611E+01    0.134329508990411432E+04   -0.467817166007283625E+01    0.370186481819683479E+03   -0.163339635054416732E+02    1
    0.131258779457730101E+01    0.147599439857495349E+04   -0.468297449982762348E+01    0.370192226113149275E+03   -0.163364635054416567E+02    1
    0.131549810536078837E+01    0.127329929017480981E+04   -0.444602329988428302E+01    0.370202886508080951E+03   -0.163389635054416793E+02    1
    0.131421318114241026E+01    0.130761375816903455E+04   -0.441863423258608279E+01    0.370205426709515621E+03   -0.163414635054416806E+02    1
    0.131425847393310713E+01    0.147132505943510932E+04   -0.483735390431685897E+01    0.370236922491488372E+03   -0.163439635054416783E+02    1
    0.131576794123925556E+01    0.124400212299198756E+04   -0.431787530614657111E+01    0.370237741381300339E+03   -0.163464635054416867E+02    1
    0.131496070435879431E+01    0.138118547362507707E+04   -0.477439847300283216E+01    0.370250601263303281E+03   -0.163489635054416631E+02    1
    0.131471393828599359E+01    0.138881334970550097E+04   -0.477856592493980248E+01    0.370262076947468756E+03   -0.163514635054416893E+02    1
    0.131506157744815533E+01    0.131015433200929147E+04   -0.455072823491327938E+01    0.370268708010895523E+03   -0.163539635054417154E+02    1
    0.131531308396492030E+01    0.139462476019940937E+04   -0.465673642707488078E+01    0.370281308544584988E+03   -0.163564635054416989E+02    1
    0.131543834000593796E+01    0.126122334813545444E+04   -0.430186435146213864E+01    0.370286660996482226E+03   -0.163589635054417037E+02    1
    0.131786893282093320E+01    0.128247044146554344E+04   -0.462981283240735841E+01    0.370289361923058721E+03   -0.163614635054416873E+02    1
    0.131561299606531312E+01    0.136002606330811886E+04   -0.476129609335058479E+01    0.370292331623233338E+03   -0.163639635054416566E+02    1
    0.131765873962230073E+01    0.120365124803635445E+04   -0.436614324894020189E+01    0.370299008312007686E+03   -0.163664635054416543E+02    1
    0.131776011978452767E+01    0.122169451587714229E+04   -0.446348254001592526E+01    0.370307718437129438E+03   -0.163689635054416627E+02    1
    0.131790360590362976E+01    0.121729760575885985E+04   -0.445798793265950266E+01    0.370311771247854040E+03   -0.163714635054416817E+02    1
    0.131164495434327066E+01    0.152212067147882294E+04   -0.483435120069233815E+01    0.370312363957703042E+03   -0.163739635054416688E+02    1
    0.131194197774270882E+01    0.152936254525044274E+04   -0.480942808554890711E+01    0.370325422103778010E+03   -0.163764635054416701E+02    1
    0.131748864650230391E+01    0.122298389819567706E+04   -0.433300213035699500E+01    0.370326472127137663E+03   -0.163789635054416678E+02    1
    0.131124844951067998E+01    0.149604220804780516E+04   -0.470781261399193962E+01    0.370342881094012796E+03   -0.163814635054416620E+02    1
    0.131500864956687780E+01    0.141440380706005408E+04   -0.484977824027453153E+01    0.370346792201689652E+03   -0.163839635054416632E+02    1
    0.131763868195446476E+01    0.124476356164265690E+04   -0.441083147421035360E+01    0.370360424813670193E+03   -0.163864635054416574E+02    1
    0.131345193543223604E+01    0.134056916936367156E+04   -0.444411360622215490E+01    0.370362669418909491E+03   -0.163889635054416658E+02    1
    0.131150049846477756E+01    0.148884946070750721E+04   -0.473691556928089774E+01    0.370364614602871143E+03   -0.163914635054416671E+02    1
    0.131195324642242950E+01    0.143302665864823985E+04   -0.454434783378487328E+01    0.370364773734729852E+03   -0.163939635054416755E+02    1
    0.131774426445618831E+01    0.120152848447502174E+04   -0.432093812157247825E+01    0.370368690256352807E+03   -0.163964635054416910E+02    1
    0.131834909423943336E+01    0.122095814462113549E+04   -0.446701511058641199E+01    0.370374733748654762E+03   -0.163989635054416958E+02    1
    0.131552941950098679E+01    0.138297147616322513E+04   -0.464399768707102112E+01    0.370375275562685147E+03   -0.164014635054416757E+02    1
    0.131385463177501283E+01    0.138301348693236059E+04   -0.468086076153114838E+01    0.370375314650327425E+03   -0.164039635054416735E+02    1
    0.131736359940269487E+01    0.122007746407442528E+04   -0.442031001593881445E+01    0.370375614919157897E+03   -0.164064635054416783E+02    1
    0.131196326945050745E+01    0.152229208188927942E+04   -0.477903572108244390E+01    0.370379834188843688E+03   -0.164089635054416725E+02    1
    0.131542164071790535E+01    0.138288891724615610E+04   -0.480379507956771068E+01    0.370386513359605146E+03   -0.164114635054416844E+02    1
    0.131428063615403601E+01    0.131076693585146609E+04   -0.444250855367472042E+01    0.370390469971649395E+03   -0.164139635054416999E+02    1
    0.131252247700678826E+01    0.151629160336614495E+04   -0.488091453272414899E+01    0.370391194746511417E+03   -0.164164635054416870E+02    1
    0.131704673072727019E+01    0.131528303143585890E+04   -0.471385904500622122E+01    0.370400006882050093E+03   -0.164189635054416740E+02    1
    0.131547763655055094E+01    0.138197727851950867E+04   -0.480460003994757479E+01    0.370404952297522925E+03   -0.164214635054416860E+02    1
    0.131190709138259276E+01    0.149152173132555777E+04   -0.479121551045187655E+01    0.370412717467483617E+03   -0.164239635054416944E+02    1
    0.131648106230012552E+01    0.125218906749967664E+04   -0.432922183630519797E+01    0.370419397559659615E+03   -0.164264635054416850E+02    1
    0.131358271815452987E+01    0.144095707545481559E+04   -0.464846375968942915E+01    0.370420735753406746E+03   -0.164289635054416898E+02    1
    0.131651521365930813E+01    0.136674663919121303E+04   -0.475810261544997992E+01    0.370430763341808643E+03   -0.164314635054417018E+02    1
    0.131719848426366348E+01    0.122467677484563251E+04   -0.431314940250866918E+01    0.370433653026257844E+03   -0.164339635054416959E+02    1
    0.131497615875678253E+01    0.143955172636887460E+04   -0.481254915382845283E+01    0.370440932951537548E+03   -0.164364635054416972E+02    1
    0.131623383176526887E+01    0.131055071320640491E+04   -0.465876490180191549E+01    0.370442175791710724E+03   -0.164389635054416843E+02    1
    0.131361761525890874E+01    0.134545192481881395E+04   -0.450764906853059788E+01    0.370444998820550268E+03   -0.164414635054416784E+02    1
    0.131275832563237849E+01    0.146639549389415811E+04   -0.467001123763598258E+01    0.370452868340983969E+03   -0.164439635054416904E+02    1
    0.131423165874555359E+01    0.145383770003834798E+04   -0.475265774552947473E+01    0.370453655946143726E+03   -0.164464635054416917E+02    1
    0.131273719361682395E+01    0.144550034273587949E+04   -0.461109615967179209E+01    0.370460483313808140E+03   -0.164489635054416929E+02    1
    0.131824929571047900E+01    0.121855449997289588E+04   -0.446074738488290023E+01    0.370463963341904559E+03   -0.164514635054416942E+02    1
    0.131615341366618854E+01    0.124203058753435721E+04   -0.429467996523454953E+01    0.370467887330861004E+03   -0.164539635054417026E+02    1
    0.131258957725721093E+01    0.147737278629482967E+04   -0.482060785345148712E+01    0.370468289547903396E+03   -0.164564635054416968E+02    1
    0.131162390760002601E+01    0.152608030272754240E+04   -0.482545286961915387E+01    0.370477198300222426E+03   -0.164589635054416910E+02    1
    0.131488104812558060E+01    0.138739050168686617E+04   -0.478406720856451884E+01    0.370480993173746583E+03   -0.164614635054416922E+02    1
    0.131605262477532547E+01    0.139318846823352965E+04   -0.478055685110250117E+01    0.370482785669129726E+03   -0.164639635054416793E+02    1
    0.131342861671861177E+01    0.144123126422153086E+04   -0.463762056984289828E+01    0.370484526207979798E+03   -0.164664635054416735E+02    1
    0.131549686217793216E+01    0.141771715036722571E+04   -0.483986701509804806E+01    0.370486262963137847E+03   -0.164689635054416854E+02    1
    0.131708950849386253E+01    0.129263294928539472E+04   -0.451232603462045656E+01    0.370486475901569293E+03   -0.164714635054416867E+02    1
    0.131561569937306100E+01    0.127138905464635309E+04   -0.444701307276017488E+01    0.370496118523642735E+03   -0.164739635054416951E+02    1
    0.131311536732524647E+01    0.139626676084861765E+04   -0.464696957296339264E+01    0.370496894808453419E+03   -0.164764635054416857E+02    1
    0.131646387443940727E+01    0.136620566152527522E+04   -0.478194944511097120E+01    0.370507656321528714E+03   -0.164789635054416657E+02    1
    0.131740476262646333E+01    0.123564138978610299E+04   -0.437527860557899562E+01    0.370511107687904257E+03   -0.164814635054416740E+02    1
    0.131552196104310704E+01    0.137610736049410070E+04   -0.479420966641689184E+01    0.370517056104138135E+03   -0.164839635054416931E+02    1
    0.131398340350355003E+01    0.137048595290352887E+04   -0.465091978020193775E+01    0.370521703242619310E+03   -0.164864635054417015E+02    1
    0.131542676111232670E+01    0.132104168172476056E+04   -0.462360890522570145E+01    0.370527793062810872E+03   -0.164889635054416956E+02    1
    0.131548045602966712E+01    0.125822026029368772E+04   -0.432800181819755103E+01    0.370530438385665775E+03   -0.164914635054416756E+02    1
    0.131470809116734100E+01    0.143001205371563037E+04   -0.485963008871499014E+01    0.370534012335231523E+03   -0.164939635054416733E+02    1
    0.131660374288008142E+01    0.122410274218216932E+04   -0.429563080111146078E+01    0.370566893116668439E+03   -0.164964635054416853E+02    1
    0.131532657007466880E+01    0.137466079886595753E+04   -0.459359215888332884E+01    0.370567593027421594E+03   -0.164989635054416866E+02    1
    0.131153524643399133E+01    0.151924945933640993E+04   -0.480593903272443868E+01    0.370585804808834382E+03   -0.165014635054416985E+02    1
    0.131295474684988145E+01    0.137527809317086258E+04   -0.453248726896290588E+01    0.370594754521075629E+03   -0.165039635054416891E+02    1
    0.131765039578363874E+01    0.124102817676247150E+04   -0.452144007360649081E+01    0.370594820544470394E+03   -0.165064635054416868E+02    1
    0.131570920193190410E+01    0.140681595364119153E+04   -0.480471413190227192E+01    0.370598494580895135E+03   -0.165089635054416917E+02    1
    0.131627055640056168E+01    0.137763762213622704E+04   -0.476214980804610022E+01    0.370601537283461937E+03   -0.165114635054416823E+02    1
    0.131562434031897113E+01    0.127299757776792671E+04   -0.445162403706682763E+01    0.370607573067118551E+03   -0.165139635054416836E+02    1
    0.131770620967815955E+01    0.127668671621443082E+04   -0.462370238496818153E+01    0.370607980226579571E+03   -0.165164635054416955E+02    1
    0.131322785159572986E+01    0.135571938767397069E+04   -0.447258811819436897E+01    0.370617978490359917E+03   -0.165189635054416826E+02    1
    0.131755688791636127E+01    0.122337138144827964E+04   -0.435010100665606991E+01    0.370626692245548497E+03   -0.165214635054416767E+02    1
    0.131193464186003084E+01    0.143011442963796821E+04   -0.458192683664488243E+01    0.370627374194076481E+03   -0.165239635054416887E+02    1
    0.131759749612472343E+01    0.121745885655894290E+04   -0.435080040917162592E+01    0.370632447782186887E+03   -0.165264635054416864E+02    1
    0.131502884259571839E+01    0.127704947908054578E+04   -0.437098580542449344E+01    0.370632656824195749E+03   -0.165289635054416841E+02    1
    0.131202477007538199E+01    0.153176630324293501E+04   -0.484728558663850428E+01    0.370641636818454799E+03   -0.165314635054416890E+02    1
    0.131537993484946347E+01    0.141757703312916510E+04   -0.484549983812441543E+01    0.370653608338066306E+03   -0.165339635054416796E+02    1
    0.131602949520320434E+01    0.134530806214070208E+04   -0.458455274082744513E+01    0.370658057169395761E+03   -0.165364635054416667E+02    1
    0.131456096865076288E+01    0.145411662523661425E+04   -0.487488344919757211E+01    0.370659076552191323E+03   -0.165389635054416857E+02    1
    0.131158354488216045E+01    0.148558948111254244E+04   -0.467531466876743806E+01    0.370664177136342403E+03   -0.165414635054416941E+02    1
    0.131191390649990725E+01    0.144856869969061427E+04   -0.465948379355895703E+01    0.370664678270167656E+03   -0.165439635054416883E+02    1
    0.131423820507644562E+01    0.142216609788285791E+04   -0.481777383872320364E+01    0.370693590601163635E+03   -0.165464635054416931E+02    1
    0.131262637249372904E+01    0.143909154221620497E+04   -0.472118533164920784E+01    0.370693768674344085E+03   -0.165489635054416802E+02    1
    0.131667988260299174E+01    0.122828303061884844E+04   -0.431120343253816607E+01    0.370695916437683934E+03   -0.165514635054416921E+02    1
    0.131484856057944954E+01    0.137528249108691716E+04   -0.474621679087011206E+01    0.370701234153091832E+03   -0.165539635054417005E+02    1
    0.131169954759479812E+01    0.153164966743306809E+04   -0.482667413870088247E+01    0.370703002875979791E+03   -0.165564635054416840E+02    1
    0.131416925136366003E+01    0.132601235145808346E+04   -0.449505553077761189E+01    0.370709379490451511E+03   -0.165589635054416746E+02    1
    0.131750039381866335E+01    0.129697549619899200E+04   -0.465290423019462995E+01    0.370717102350198161E+03   -0.165614635054416652E+02    1
    0.131403868845127381E+01    0.145069719953025674E+04   -0.472913109063528925E+01    0.370730694289777375E+03   -0.165639635054416736E+02    1
    0.131794137245654763E+01    0.125051830178752334E+04   -0.455229032312192139E+01    0.370732655296424014E+03   -0.165664635054416820E+02    1
    0.131384408862951552E+01    0.136903351610599816E+04   -0.447362787592015732E+01    0.370732897588669516E+03   -0.165689635054416939E+02    1
    0.131258224180110439E+01    0.139693083069806835E+04   -0.456416644521900849E+01    0.370733123654153985E+03   -0.165714635054416917E+02    1
    0.131454251635262898E+01    0.138826525283233059E+04   -0.457576539177840758E+01    0.370733760134903491E+03   -0.165739635054416681E+02    1
    0.131796393854947302E+01    0.121153835709762825E+04   -0.439445520135094903E+01    0.370736689733851506E+03   -0.165764635054416765E+02    1
    0.131565200389328418E+01    0.128412857581221260E+04   -0.435797235515221093E+01    0.370736893171825272E+03   -0.165789635054416742E+02    1
    0.131301345356864507E+01    0.137812003212563604E+04   -0.455213927082162151E+01    0.370737135085198020E+03   -0.165814635054416790E+02    1
    0.131529298257157623E+01    0.140748220154869432E+04   -0.472355185584872395E+01    0.370745503493644264E+03   -0.165839635054416910E+02    1
    0.131419876789986745E+01    0.141539222212453342E+04   -0.480057067101241230E+01    0.370747823214644313E+03   -0.165864635054416780E+02    1
    0.131447865003860676E+01    0.134369208545488300E+04   -0.460224354751869047E+01    0.370753058511525296E+03   -0.165889635054416864E+02    1
    0.131591360318132744E+01    0.130811260987183141E+04   -0.445110556033451576E+01    0.370758246680809179E+03   -0.165914635054417019E+02    1
    0.131651836712023984E+01    0.128003483083513288E+04   -0.457364956405214684E+01    0.370777614214525840E+03   -0.165939635054417032E+02    1
    0.131486023174220623E+01    0.128546527905561652E+04   -0.437559572591851254E+01    0.370790103404563638E+03   -0.165964635054417080E+02    1
    0.131767449459894825E+01    0.121606490416739462E+04   -0.441015152639434849E+01    0.370795320125269825E+03   -0.165989635054416951E+02    1
    0.131718389157502869E+01    0.129695826727823828E+04   -0.466374891070476760E+01    0.370797606109933724E+03   -0.166014635054416821E+02    1
    0.131382368987302689E+01    0.147166213267964099E+04   -0.487707834940994989E+01    0.370806786399313296E+03   -0.166039635054416941E+02    1
    0.131185107181867311E+01    0.151105160200937826E+04   -0.481736207574006503E+01    0.370813212354520033E+03   -0.166064635054417025E+02    1
    0.131360074623913747E+01    0.136914749736359659E+04   -0.459651942019472060E+01    0.370843199143824222E+03   -0.166089635054417037E+02    1
    0.131513936638359019E+01    0.143103913737004768E+04   -0.481909725773299602E+01    0.370856513330200414E+03   -0.166114635054417015E+02    1
    0.131505026932870850E+01    0.143129213467925683E+04   -0.479286748225611969E+01    0.370861620789406743E+03   -0.166139635054416956E+02    1
    0.131183390505013309E+01    0.145084488550095239E+04   -0.464681847829348005E+01    0.370863270624997995E+03   -0.166164635054416827E+02    1
    0.131515710969709221E+01    0.127543457482867279E+04   -0.436743766319121018E+01    0.370874359767739008E+03   -0.166189635054416875E+02    1
    0.131275148037532352E+01    0.142737326535999364E+04   -0.456949100817880094E+01    0.370876703400183544E+03   -0.166214635054416853E+02    1
    0.131320169393443065E+01    0.136320402264939139E+04   -0.450398304317031073E+01    0.370879983989676816E+03   -0.166239635054416794E+02    1
    0.131214352443770954E+01    0.149231996962406379E+04   -0.480554361831459875E+01    0.370886003649137365E+03   -0.166264635054416772E+02    1
    0.131148879115135952E+01    0.151335498292152056E+04   -0.473966796849716676E+01    0.370886055176485741E+03   -0.166289635054416678E+02    1
    0.131169314211743826E+01    0.150686235285496946E+04   -0.474179380518393767E+01    0.370889146679710507E+03   -0.166314635054416904E+02    1
    0.131622126195495937E+01    0.126424209304820761E+04   -0.434919949573525599E+01    0.370896843142414014E+03   -0.166339635054416846E+02    1
    0.131574262365359007E+01    0.127324944077891905E+04   -0.434364336954917096E+01    0.370906649120776365E+03   -0.166364635054416787E+02    1
    0.131219617488613483E+01    0.141819985307742286E+04   -0.456266912972243155E+01    0.370907195115545392E+03   -0.166389635054416836E+02    1
    0.131193634869437936E+01    0.147062574073968040E+04   -0.472725169653851829E+01    0.370909274282661841E+03   -0.166414635054416884E+02    1
    0.131421849657323753E+01    0.131687177004330078E+04   -0.439429632364257827E+01    0.370911766320150946E+03   -0.166439635054416968E+02    1
    0.131346828151348616E+01    0.141624682632915778E+04   -0.473895337296534791E+01    0.370913524328796427E+03   -0.166464635054417016E+02    1
    0.131284182559674623E+01    0.140023157640877616E+04   -0.461559790225283351E+01    0.370914168555283538E+03   -0.166489635054417029E+02    1
    0.131710089759903592E+01    0.132273940211141507E+04   -0.465735312782338440E+01    0.370916411780034537E+03   -0.166514635054417042E+02    1
    0.131325411123376412E+01    0.135782797658270943E+04   -0.446561220565432127E+01    0.370921503480238016E+03   -0.166539635054416983E+02    1
    0.131570846958262333E+01    0.125738064980437275E+04   -0.436306406729129570E+01    0.370941248713545519E+03   -0.166564635054417032E+02    1
    0.131484865217727576E+01    0.141724993689981170E+04   -0.470818923396086841E+01    0.370942887945985206E+03   -0.166589635054417080E+02    1
    0.131518955339425681E+01    0.127591349120434074E+04   -0.438204747029375952E+01    0.370943161190135527E+03   -0.166614635054416809E+02    1
    0.131671299793852903E+01    0.125018800422835284E+04   -0.447110897470411572E+01    0.370943172244146979E+03   -0.166639635054416573E+02    1
    0.131262943679357114E+01    0.140874441800425461E+04   -0.452442785842957562E+01    0.370946734167208831E+03   -0.166664635054417118E+02    1
    0.131274484725734308E+01    0.151111030860919413E+04   -0.483671819365353173E+01    0.370947845096773506E+03   -0.166689635054417131E+02    1
    0.131240095950254676E+01    0.140819292618390318E+04   -0.456950878214054068E+01    0.370951166341887756E+03   -0.166714635054417109E+02    1
    0.131690398288852251E+01    0.132514954450304617E+04   -0.464018341607483720E+01    0.370954527576585178E+03   -0.166739635054416837E+02    1
    0.131757620202470305E+01    0.125739839415596816E+04   -0.456151107076272400E+01    0.370957520805115848E+03   -0.166764635054416601E+02    1
    0.131747436487168024E+01    0.126167286438852398E+04   -0.456901884325084229E+01    0.370967162273392546E+03   -0.166789635054416863E+02    1
    0.131469848294243796E+01    0.134377442699532367E+04   -0.445559733603426089E+01    0.370971397638029259E+03   -0.166814635054416982E+02    1
    0.131297356962897105E+01    0.141018950370311040E+04   -0.453515494597026603E+01    0.370971893795459437E+03   -0.166839635054416888E+02    1
    0.131532059880846219E+01    0.129465046598353933E+04   -0.436856641387488143E+01    0.370974184603532933E+03   -0.166864635054416794E+02    1
    0.131690662478811849E+01    0.128029490744636905E+04   -0.459868059123244954E+01    0.370976176904863735E+03   -0.166889635054416594E+02    1
    0.131409178859784093E+01    0.134242632503139021E+04   -0.454707032269093858E+01    0.370976978349259184E+03   -0.166914635054416678E+02    1
    0.131644538373220987E+01    0.128309006888983095E+04   -0.442113374674764525E+01    0.370980984345945899E+03   -0.166939635054416726E+02    1
    0.131257225571567560E+01    0.148037740683954280E+04   -0.470303468252045676E+01    0.370991376009981934E+03   -0.166964635054416881E+02    1
    0.131642640910302866E+01    0.135274446827178303E+04   -0.475768570764719811E+01    0.371002450409718335E+03   -0.166989635054416858E+02    1
    0.131604926484708407E+01    0.125970215174573786E+04   -0.443502761691819281E+01    0.371005577905336963E+03   -0.167014635054416694E+02    1
    0.131350794052607878E+01    0.141892469836191071E+04   -0.474767042592803623E+01    0.371008147077837066E+03   -0.167039635054416671E+02    1
    0.131277243408412847E+01    0.150883986089511041E+04   -0.484811221424424854E+01    0.371012747891499032E+03   -0.167064635054416755E+02    1
    0.131288251850465842E+01    0.146451168919331599E+04   -0.467056731565018080E+01    0.371026673570907860E+03   -0.167089635054416981E+02    1
    0.131365483932046456E+01    0.147838072156674752E+04   -0.486824587878042347E+01    0.371030064612580077E+03   -0.167114635054416922E+02    1
    0.131408584796186512E+01    0.147032020275329046E+04   -0.484941280810422537E+01    0.371030191378132145E+03   -0.167139635054416722E+02    1
    0.131239500175761692E+01    0.149178484839445855E+04   -0.472520801908734711E+01    0.371037492917996019E+03   -0.167164635054416841E+02    1
    0.131651125399789204E+01    0.134892395971274004E+04   -0.467136018824546362E+01    0.371039596445656684E+03   -0.167189635054417067E+02    1
    0.131151889201443961E+01    0.148384275659799232E+04   -0.467038714205437255E+01    0.371042540181282334E+03   -0.167214635054416974E+02    1
    0.131661463420052383E+01    0.133257840940943606E+04   -0.461107621421248659E+01    0.371048186267407004E+03   -0.167239635054416915E+02    1
    0.131792818100634346E+01    0.123373635845988292E+04   -0.447571206842837199E+01    0.371054190079123373E+03   -0.167264635054417035E+02    1
    0.131741856774507404E+01    0.121940901146880537E+04   -0.436889113914938143E+01    0.371054715673804026E+03   -0.167289635054417083E+02    1
    0.131403743814511431E+01    0.146647200461294096E+04   -0.486061372509613054E+01    0.371064030847594267E+03   -0.167314635054416883E+02    1
    0.131394532840943157E+01    0.143140457846036452E+04   -0.481179780152678127E+01    0.371069690698665511E+03   -0.167339635054416789E+02    1
    0.131205308411212984E+01    0.149384232479588127E+04   -0.479587171627268294E+01    0.371070494193635113E+03   -0.167364635054416766E+02    1
    0.131567103293048748E+01    0.126069101665082462E+04   -0.437106584990862679E+01    0.371078226128328424E+03   -0.167389635054416566E+02    1
    0.131667088405234600E+01    0.130082467034255524E+04   -0.464466623594669592E+01    0.371084998020440025E+03   -0.167414635054416792E+02    1
    0.131497760000364883E+01    0.142728630860912563E+04   -0.484322993058101670E+01    0.371087776804656642E+03   -0.167439635054416840E+02    1
    0.131720682489946950E+01    0.128925567951630956E+04   -0.463515581412796340E+01    0.371090140216394559E+03   -0.167464635054416853E+02    1
    0.131704684596026600E+01    0.122463157380564553E+04   -0.433697404531126018E+01    0.371097070748966360E+03   -0.167489635054416972E+02    1
    0.131657380336599150E+01    0.126581173115272941E+04   -0.439714231264108246E+01    0.371099700979503268E+03   -0.167514635054416772E+02    1
    0.131215499437687599E+01    0.143116083420253881E+04   -0.456689676989328941E+01    0.371101989839194289E+03   -0.167539635054416784E+02    1
    0.131599786013585640E+01    0.135770337327542734E+04   -0.463134206199245391E+01    0.371111901969501844E+03   -0.167564635054416833E+02    1
    0.131515227451597982E+01    0.128381006968756583E+04   -0.435007523019230824E+01    0.371115611566362873E+03   -0.167589635054416810E+02    1
    0.131153601112989926E+01    0.150452243522482422E+04   -0.475661621553520853E+01    0.371120703182255795E+03   -0.167614635054416787E+02    1
    0.131544473468630430E+01    0.139757205076399782E+04   -0.481994030361081993E+01    0.371121297553975467E+03   -0.167639635054416836E+02    1
    0.131224943335183042E+01    0.150880854535196386E+04   -0.478435904078517193E+01    0.371121904129587733E+03   -0.167664635054416848E+02    1
    0.131637431621278189E+01    0.129975614229164739E+04   -0.462194260351669506E+01    0.371122507447854900E+03   -0.167689635054416719E+02    1
    0.131639393094639434E+01    0.124733306873376932E+04   -0.441486021378732651E+01    0.371122508058597532E+03   -0.167714635054416945E+02    1
    0.131722858465810289E+01    0.123520798588230059E+04   -0.437996132103984515E+01    0.371124725619945309E+03   -0.167739635054417136E+02    1
    0.131488128014242611E+01    0.129061685048555955E+04   -0.436748809280948258E+01    0.371129287798726295E+03   -0.167764635054416935E+02    1
    0.131548185476028023E+01    0.141215933006062232E+04   -0.478920780937552149E+01    0.371130117672798463E+03   -0.167789635054416841E+02    1
    0.131306093814537039E+01    0.146323075983668514E+04   -0.468390528907301285E+01    0.371131829623057627E+03   -0.167814635054416890E+02    1
    0.131667564922757130E+01    0.134172856248956123E+04   -0.473119430887446235E+01    0.371141220130925149E+03   -0.167839635054416725E+02    1
    0.131312128907659420E+01    0.149258884217573723E+04   -0.479632445861637802E+01    0.371144871368967074E+03   -0.167864635054416631E+02    1
    0.131726708634975131E+01    0.125350151005604994E+04   -0.441944230465426191E+01    0.371154911796853753E+03   -0.167889635054416750E+02    1
    0.131713759292241583E+01    0.122934524278153140E+04   -0.440758510956353877E+01    0.371157673511746452E+03   -0.167914635054416870E+02    1
    0.131718206587586617E+01    0.131123944700903940E+04   -0.463296366470146559E+01    0.371158102145227190E+03   -0.167939635054416776E+02    1
    0.131302496344762387E+01    0.150321188341822062E+04   -0.485712322291161769E+01    0.371159025701867392E+03   -0.167964635054416860E+02    1
    0.131184296671312617E+01    0.146498316494526398E+04   -0.462564479853050869E+01    0.371163038081770708E+03   -0.167989635054416873E+02    1
    0.131454315140707667E+01    0.130426419818195336E+04   -0.437708017371056624E+01    0.371169846915822291E+03   -0.168014635054416921E+02    1
    0.131312676847393606E+01    0.143961311962294712E+04   -0.476415923256115903E+01    0.371169857608001848E+03   -0.168039635054417182E+02    1
    0.131273812361958231E+01    0.141241493868027101E+04   -0.453296746615375667E+01    0.371172299348640649E+03   -0.168064635054416911E+02    1
    0.131182113617473739E+01    0.148150463103310494E+04   -0.473438472069542549E+01    0.371183387077003886E+03   -0.168089635054416782E+02    1
    0.131527535294711129E+01    0.140130470110600208E+04   -0.482043379673333749E+01    0.371185750879359148E+03   -0.168114635054417008E+02    1
    0.131573390815948832E+01    0.134918941565724754E+04   -0.456920203216465470E+01    0.371188352671703058E+03   -0.168139635054416949E+02    1
    0.131179420621757847E+01    0.147775677192851344E+04   -0.467315472379926966E+01    0.371192047153341036E+03   -0.168164635054416856E+02    1
    0.131671310758145710E+01    0.125648630019223538E+04   -0.438625345301095404E+01    0.371200783083043405E+03   -0.168189635054416904E+02    1
    0.131232060898652447E+01    0.150253134010345593E+04   -0.475937733383998474E+01    0.371203622336211254E+03   -0.168214635054416952E+02    1
    0.131471917895713397E+01    0.141034716954922987E+04   -0.481313053477261121E+01    0.371209709363356353E+03   -0.168239635054416823E+02    1
    0.131536824682395448E+01    0.136061346127226307E+04   -0.456786573241791061E+01    0.371212200274641646E+03   -0.168264635054416729E+02    1
    0.131608032835815125E+01    0.135785832407474254E+04   -0.475944760007936996E+01    0.371213144473497891E+03   -0.168289635054416742E+02    1
    0.131523789684088355E+01    0.128678587147623603E+04   -0.444944903376525147E+01    0.371218157955039658E+03   -0.168314635054416719E+02    1
    0.131702011570131572E+01    0.131821622063094719E+04   -0.468369597431538942E+01    0.371222518393231894E+03   -0.168339635054416767E+02    1
    0.131458228792443688E+01    0.134788110634678878E+04   -0.447177263709890749E+01    0.371224800823168266E+03   -0.168364635054416887E+02    1
    0.131531766075541601E+01    0.136562073310586788E+04   -0.458677399002146569E+01    0.371226857647183692E+03   -0.168389635054417113E+02    1
    0.131255917727800364E+01    0.143220969987205717E+04   -0.468078217524160323E+01    0.371227663392500858E+03   -0.168414635054416912E+02    1
    0.131528165214847825E+01    0.133930611694993650E+04   -0.466041750198958304E+01    0.371236752804906303E+03   -0.168439635054416854E+02    1
    0.131361384149954552E+01    0.140902028114133896E+04   -0.472633294350874067E+01    0.371237536163966411E+03   -0.168464635054417080E+02    1
    0.131425863977923241E+01    0.142110993491026829E+04   -0.480744846570481332E+01    0.371240192585150965E+03   -0.168489635054416915E+02    1
    0.131371740322827102E+01    0.143205300564249683E+04   -0.464334696698093996E+01    0.371241238709157528E+03   -0.168514635054416821E+02    1
    0.131412047890326300E+01    0.132207354480613822E+04   -0.441019711463328346E+01    0.371242006646142158E+03   -0.168539635054416870E+02    1
    0.131772662412883834E+01    0.126465863249050335E+04   -0.454196399347342705E+01    0.371242855083359359E+03   -0.168564635054416740E+02    1
    0.131492104692404066E+01    0.140717518090653539E+04   -0.481634936992540119E+01    0.371244874183533057E+03   -0.168589635054416611E+02    1
    0.131522821631593323E+01    0.129450139984541352E+04   -0.448028495986539177E+01    0.371250436067905071E+03   -0.168614635054416695E+02    1
    0.131240647630410479E+01    0.141046301154411435E+04   -0.454764473868976715E+01    0.371258484719631383E+03   -0.168639635054416850E+02    1
    0.131295502020342592E+01    0.150380249595639748E+04   -0.485168334952529534E+01    0.371261799470541177E+03   -0.168664635054416863E+02    1
    0.131734410278363390E+01    0.127855026526415281E+04   -0.460309941497100006E+01    0.371271995941395517E+03   -0.168689635054416627E+02    1
    0.131689592053949189E+01    0.128001540630078853E+04   -0.458946980995537857E+01    0.371272665130657401E+03   -0.168714635054416853E+02    1
    0.131204760957880850E+01    0.148293646015738227E+04   -0.476374302397309624E+01    0.371281484991500918E+03   -0.168739635054416866E+02    1
    0.131757603088990294E+01    0.127170839224075939E+04   -0.457971480200343350E+01    0.371288375429166535E+03   -0.168764635054416914E+02    1
    0.131312544171945311E+01    0.142559055222942516E+04   -0.459406201661897828E+01    0.371290244074055181E+03   -0.168789635054417211E+02    1
    0.131355205498833150E+01    0.140839791132470873E+04   -0.456916791651868515E+01    0.371291980952896836E+03   -0.168814635054416904E+02    1
    0.131388668424059851E+01    0.142732327876523345E+04   -0.465078873547282967E+01    0.371294816268834325E+03   -0.168839635054416703E+02    1
    0.131649235296160949E+01    0.128112001319253932E+04   -0.456264853003029458E+01    0.371296196761271517E+03   -0.168864635054416929E+02    1
    0.131621795220679338E+01    0.129118082792887799E+04   -0.457527947853671257E+01    0.371303211564137996E+03   -0.168889635054416836E+02    1
    0.131700819318846052E+01    0.132023651265814306E+04   -0.467850029841551684E+01    0.371313770313272926E+03   -0.168914635054416848E+02    1
    0.131747892932545074E+01    0.123760905806530218E+04   -0.441858856027735314E+01    0.371315402896620355E+03   -0.168939635054416968E+02    1
    0.131233436650161073E+01    0.146425599694302150E+04   -0.464280896158607970E+01    0.371316035278827940E+03   -0.168964635054416838E+02    1
    0.131319604096213105E+01    0.148843953479501261E+04   -0.485338225751785579E+01    0.371316121274490115E+03   -0.168989635054416993E+02    1
    0.131450434647226277E+01    0.144197118402656679E+04   -0.484859019308083550E+01    0.371319526524373202E+03   -0.169014635054417077E+02    1
    0.131478646377458941E+01    0.133623422292620307E+04   -0.460225734569139533E+01    0.371330967026443943E+03   -0.169039635054416841E+02    1
    0.131400688863234971E+01    0.143226343713629785E+04   -0.481270944264016709E+01    0.371332413635972273E+03   -0.169064635054416925E+02    1
    0.131432404301092554E+01    0.135817743075991848E+04   -0.448438224253126005E+01    0.371336508115522292E+03   -0.169089635054417116E+02    1
    0.131547939940737901E+01    0.140840035953290271E+04   -0.479795179878378342E+01    0.371345501425695943E+03   -0.169114635054416986E+02    1
    0.131223001903993697E+01    0.143291449465408982E+04   -0.457321582674701332E+01    0.371352417641769193E+03   -0.169139635054416964E+02    1
    0.131262068092036532E+01    0.141089682816888899E+04   -0.453634070382187726E+01    0.371355705179083941E+03   -0.169164635054416870E+02    1
    0.131231444077299453E+01    0.150833572360512676E+04   -0.481514569976824003E+01    0.371358658878865924E+03   -0.169189635054416918E+02    1
    0.131636398758064455E+01    0.132180197709085064E+04   -0.454613670647275026E+01    0.371361236659992016E+03   -0.169214635054416931E+02    1
    0.131471362658823021E+01    0.143961598711331317E+04   -0.483765274679540980E+01    0.371362031492074664E+03   -0.169239635054416695E+02    1
    0.131467818433754413E+01    0.136744050089083021E+04   -0.453556793844374262E+01    0.371362203791922070E+03   -0.169264635054416779E+02    1
    0.131439717939863066E+01    0.133803216109700656E+04   -0.456221588406501510E+01    0.371365468942357040E+03   -0.169289635054416827E+02    1
    0.131698783411103126E+01    0.132176508530414526E+04   -0.467645456957879002E+01    0.371371102469824905E+03   -0.169314635054416733E+02    1
    0.131622821898569375E+01    0.126519311505585620E+04   -0.437919313961097600E+01    0.371376161304495952E+03   -0.169339635054416782E+02    1
    0.131734840454883861E+01    0.122948723880871989E+04   -0.439889806303149378E+01    0.371377836195061548E+03   -0.169364635054416866E+02    1
    0.131702766065482324E+01    0.123785696450323144E+04   -0.442947834425947562E+01    0.371380399489334195E+03   -0.169389635054416914E+02    1
    0.131739391814366447E+01    0.126805138825778090E+04   -0.450189951457286064E+01    0.371380680579857540E+03   -0.169414635054416891E+02    1
    0.131281047598508138E+01    0.149754628618243873E+04   -0.483924786265908580E+01    0.371391861709354089E+03   -0.169439635054417010E+02    1
    0.131235977156015671E+01    0.141387773147293888E+04   -0.455697288170708692E+01    0.371394294523749409E+03   -0.169464635054417201E+02    1
    0.131751325857186097E+01    0.124084881572520135E+04   -0.442993636338339503E+01    0.371396376398186760E+03   -0.169489635054417178E+02    1
    0.131524066579259857E+01    0.137682433202458628E+04   -0.461765101021257962E+01    0.371398672150649190E+03   -0.169514635054417191E+02    1
    0.131751969782969391E+01    0.126911264505624604E+04   -0.453062164841570247E+01    0.371406082442951686E+03   -0.169539635054416813E+02    1
    0.131630922557487851E+01    0.136144524595758912E+04   -0.475177324913869725E+01    0.371406338271330299E+03   -0.169564635054416541E+02    1
    0.131763454012556225E+01    0.124638779059043236E+04   -0.449118987852745022E+01    0.371407042573857950E+03   -0.169589635054416661E+02    1
    0.131362346627106485E+01    0.140060580134977181E+04   -0.469946669402793393E+01    0.371408271458071454E+03   -0.169614635054416674E+02    1
    0.131333613419224293E+01    0.141974301355305624E+04   -0.472617916482465894E+01    0.371410054495974919E+03   -0.169639635054416757E+02    1
    0.131460604890054400E+01    0.130752847666396156E+04   -0.440003149999171050E+01    0.371412460586695715E+03   -0.169664635054416770E+02    1
    0.131512998772407297E+01    0.135192299027570607E+04   -0.468275206994692184E+01    0.371412642844113975E+03   -0.169689635054416712E+02    1
    0.131741036541513035E+01    0.128088226952088007E+04   -0.455385355816804704E+01    0.371426386401257048E+03   -0.169714635054416760E+02    1
    0.131485148837513899E+01    0.135386211593030089E+04   -0.450165775618420305E+01    0.371428485800985072E+03   -0.169739635054416880E+02    1
    0.131684974978796476E+01    0.123680081127321091E+04   -0.439323799226513501E+01    0.371432515367410360E+03   -0.169764635054417177E+02    1
    0.131750025778213886E+01    0.127354977824930052E+04   -0.453663369571268404E+01    0.371436486932942330E+03   -0.169789635054416905E+02    1
    0.131761863463390294E+01    0.125231627687277660E+04   -0.451734244087017700E+01    0.371437526447185405E+03   -0.169814635054416563E+02    1
    0.131703408071647332E+01    0.123620728630908934E+04   -0.438465757891832730E+01    0.371443146675363437E+03   -0.169839635054416753E+02    1
    0.131402334081140104E+01    0.145206802896247177E+04   -0.484473949896117073E+01    0.371450057872704519E+03   -0.169864635054416873E+02    1
    0.131519663031451484E+01    0.134713789444534063E+04   -0.451966106552689517E+01    0.371452034823816120E+03   -0.169889635054416921E+02    1
    0.131739963126426218E+01    0.123415206375005482E+04   -0.443404067790816647E+01    0.371465483079486376E+03   -0.169914635054417005E+02    1
    0.131252860109321645E+01    0.140824095940726420E+04   -0.455580562652262255E+01    0.371466730905771897E+03   -0.169939635054416947E+02    1
    0.131253979600364468E+01    0.149247285730071485E+04   -0.474869821255792868E+01    0.371469181693649205E+03   -0.169964635054416995E+02    1
    0.131383375203855679E+01    0.135049079519443103E+04   -0.444748579109761177E+01    0.371474029070255824E+03   -0.169989635054416972E+02    1
    0.131732962166719214E+01    0.124086429129958287E+04   -0.446340360192967989E+01    0.371476826467813112E+03   -0.170014635054416807E+02    1
    0.131580165927327664E+01    0.128676996621765329E+04   -0.440157800558176859E+01    0.371476834912446577E+03   -0.170039635054416678E+02    1
    0.131698140998319735E+01    0.128876009578926778E+04   -0.461459445257405232E+01    0.371479417563811239E+03   -0.170064635054416797E+02    1
    0.131741670728526739E+01    0.126793246549168862E+04   -0.456415261905472391E+01    0.371482678940114397E+03   -0.170089635054416881E+02    1
    0.131551108268082806E+01    0.128841464717767121E+04   -0.448667952092263089E+01    0.371484960672262162E+03   -0.170114635054416929E+02    1
    0.131362442582599592E+01    0.145558320903781009E+04   -0.482950077188849569E+01    0.371486751533713459E+03   -0.170139635054416907E+02    1
    0.131597373638061699E+01    0.136828971056960791E+04   -0.467999703716365900E+01    0.371486880564414037E+03   -0.170164635054416635E+02    1
    0.131294272347070895E+01    0.148258690635737958E+04   -0.474789030559755343E+01    0.371493453595723452E+03   -0.170189635054416577E+02    1
    0.131377501019089471E+01    0.135395185437101190E+04   -0.453819015860191843E+01    0.371494153928445655E+03   -0.170214635054416767E+02    1
    0.131414093438882751E+01    0.142427537439162461E+04   -0.480127078334427004E+01    0.371495962106999627E+03   -0.170239635054417029E+02    1
    0.131562907241671057E+01    0.127448326995889352E+04   -0.442935827662955539E+01    0.371503469764846727E+03   -0.170264635054417042E+02    1
    0.131213811623645893E+01    0.143906160398969564E+04   -0.461891209695137750E+01    0.371509551545816862E+03   -0.170289635054416841E+02    1
    0.131618393953881263E+01    0.136779114077198369E+04   -0.474988966847914540E+01    0.371510597522163948E+03   -0.170314635054416641E+02    1
    0.131754928457038512E+01    0.124914496477472949E+04   -0.449947221361296990E+01    0.371518106337462882E+03   -0.170339635054416583E+02    1
    0.131401279689992867E+01    0.134963937061575666E+04   -0.455532161386723455E+01    0.371518187294135942E+03   -0.170364635054416667E+02    1
    0.131714280884678514E+01    0.129590201879232654E+04   -0.463109319362631044E+01    0.371519310569774746E+03   -0.170389635054416857E+02    1
    0.131758260324992915E+01    0.126168003794262995E+04   -0.452476055985656522E+01    0.371519347201464086E+03   -0.170414635054416799E+02    1
    0.131398031294822748E+01    0.133876110224984723E+04   -0.443770711601841050E+01    0.371533460893487927E+03   -0.170439635054416740E+02    1
    0.131551664783611999E+01    0.135133815325654609E+04   -0.470792881172983346E+01    0.371541879762093004E+03   -0.170464635054416753E+02    1
    0.131489383888788947E+01    0.134028146139385399E+04   -0.447432806146115070E+01    0.371543304505499179E+03   -0.170489635054416730E+02    1
    0.131451786938932158E+01    0.131843428068543335E+04   -0.448481245273780882E+01    0.371545768748111811E+03   -0.170514635054416743E+02    1
    0.131546127695873660E+01    0.138108374255240597E+04   -0.477862700258125894E+01    0.371551803765668183E+03   -0.170539635054416756E+02    1
    0.131750206461601427E+01    0.127458336049443415E+04   -0.455490191587486404E+01    0.371552024739657156E+03   -0.170564635054416698E+02    1
    0.131201489748734490E+01    0.145306030660509555E+04   -0.465880405591235469E+01    0.371558786689531871E+03   -0.170589635054416640E+02    1
    0.131381444520407586E+01    0.136845873733761096E+04   -0.460559344011605720E+01    0.371558821856554005E+03   -0.170614635054416794E+02    1
    0.131557343962653817E+01    0.137451500766120716E+04   -0.476740487449975969E+01    0.371559185084027376E+03   -0.170639635054416878E+02    1
    0.131266340245658508E+01    0.141045951106468419E+04   -0.460857453401722950E+01    0.371559730659104162E+03   -0.170664635054416962E+02    1
    0.131202744633959711E+01    0.149166939671596583E+04   -0.472050042514930013E+01    0.371562742587858963E+03   -0.170689635054417188E+02    1
    0.131236173456382432E+01    0.142165910713296694E+04   -0.459467719151288811E+01    0.371570679517649126E+03   -0.170714635054417094E+02    1
    0.131186971751143400E+01    0.148165534101067442E+04   -0.469071524243176796E+01    0.371571023382637577E+03   -0.170739635054416929E+02    1
    0.131389586537841030E+01    0.144643899617637703E+04   -0.482694921191015869E+01    0.371573128529815392E+03   -0.170764635054416978E+02    1
    0.131216476721096553E+01    0.147705740648304959E+04   -0.469303989113549402E+01    0.371575369096971258E+03   -0.170789635054416777E+02    1
    0.131455485581351872E+01    0.144175648262477989E+04   -0.483715117790184923E+01    0.371580264679186655E+03   -0.170814635054416755E+02    1
    0.131453458239097665E+01    0.143516453868492135E+04   -0.476171470761955540E+01    0.371582746109125935E+03   -0.170839635054416874E+02    1
    0.131584714038164385E+01    0.137090048939048415E+04   -0.476793272805235979E+01    0.371583211831721485E+03   -0.170864635054416922E+02    1
    0.131608290723819232E+01    0.128927356470058476E+04   -0.455038037985971133E+01    0.371584939749933937E+03   -0.170889635054416971E+02    1
    0.131643220736134503E+01    0.129963826519053237E+04   -0.461468091799156355E+01    0.371586584989837093E+03   -0.170914635054416877E+02    1
    0.131279419072878079E+01    0.141644488006735719E+04   -0.456333148124334098E+01    0.371586754390919623E+03   -0.170939635054416890E+02    1
    0.131575830240186420E+01    0.133919485094093830E+04   -0.468961490380984536E+01    0.371589887847794728E+03   -0.170964635054417080E+02    1
    0.131214424370641303E+01    0.150311612946975310E+04   -0.476456362630982255E+01    0.371595909955940272E+03   -0.170989635054417128E+02    1
    0.131309859499518122E+01    0.144727408827586055E+04   -0.465676637179276298E+01    0.371598433618028537E+03   -0.171014635054417035E+02    1
    0.131347338436743688E+01    0.139116529385840568E+04   -0.452232596310811896E+01    0.371598475453929325E+03   -0.171039635054416870E+02    1
    0.131367425240270341E+01    0.144309406795953373E+04   -0.480756814641932273E+01    0.371602044080107760E+03   -0.171064635054416954E+02    1
    0.131582017943095542E+01    0.126768289472994275E+04   -0.437381783127991497E+01    0.371603302948284124E+03   -0.171089635054417073E+02    1
    0.131380944013022694E+01    0.147183332532089116E+04   -0.483666208598376279E+01    0.371614395856289093E+03   -0.171114635054416873E+02    1
    0.131688342497571997E+01    0.130026731666795695E+04   -0.454682910467093837E+01    0.371618630838496017E+03   -0.171139635054416743E+02    1
    0.131217420689675635E+01    0.149685045995207793E+04   -0.477950035279998975E+01    0.371620058031101053E+03   -0.171164635054416721E+02    1
    0.131220807849758736E+01    0.145440992180933358E+04   -0.462160931097268612E+01    0.371620213485816976E+03   -0.171189635054416875E+02    1
    0.131380945650230929E+01    0.136095478363644634E+04   -0.446906405655608907E+01    0.371621167089930168E+03   -0.171214635054416995E+02    1
    0.131626267576170330E+01    0.135961752505750064E+04   -0.474160084863348530E+01    0.371624655374486053E+03   -0.171239635054416937E+02    1
    0.131598138509210361E+01    0.135587731575489579E+04   -0.474227394846428751E+01    0.371626722864222756E+03   -0.171264635054417020E+02    1
    0.131323499671651733E+01    0.139083638518801263E+04   -0.461492055848590610E+01    0.371627073269738617E+03   -0.171289635054416927E+02    1
    0.131279417163075940E+01    0.148094366492975951E+04   -0.473618263331881018E+01    0.371628056095890258E+03   -0.171314635054416975E+02    1
    0.131556831657784157E+01    0.136188044446852905E+04   -0.459894012040969979E+01    0.371630456005560859E+03   -0.171339635054417023E+02    1
    0.131362200064691637E+01    0.135242985119426453E+04   -0.449553715339799709E+01    0.371633379258578259E+03   -0.171364635054416929E+02    1
    0.131257216407017019E+01    0.144661330911840059E+04   -0.471551809042917824E+01    0.371640376605512984E+03   -0.171389635054417084E+02    1
    0.131654992507339808E+01    0.134210761353532598E+04   -0.466699521087818248E+01    0.371641322669477063E+03   -0.171414635054416920E+02    1
    0.131736505233938228E+01    0.128332739736508711E+04   -0.457052580797712071E+01    0.371650721781061065E+03   -0.171439635054416826E+02    1
    0.131465527705205476E+01    0.132188272921908856E+04   -0.451728601485985060E+01    0.371651265908274127E+03   -0.171464635054416981E+02    1
    0.131354535061860922E+01    0.141647468554239322E+04   -0.473292356252381907E+01    0.371665587447179632E+03   -0.171489635054416958E+02    1
    0.131320929672752484E+01    0.146900114409054822E+04   -0.473492712795360049E+01    0.371666043936827066E+03   -0.171514635054417042E+02    1
    0.131585370905456589E+01    0.137923932106042480E+04   -0.471579770294432876E+01    0.371676939075675079E+03   -0.171539635054416983E+02    1
    0.131236358841129119E+01    0.147474876841518699E+04   -0.476694292540639175E+01    0.371681360143597431E+03   -0.171564635054416819E+02    1
    0.131479151065542665E+01    0.130579456615211279E+04   -0.445710516183909888E+01    0.371683488003300795E+03   -0.171589635054416974E+02    1
    0.131381419560557244E+01    0.140835475006616616E+04   -0.459350276877410568E+01    0.371686289987763701E+03   -0.171614635054417057E+02    1
    0.131513187566162193E+01    0.137355846034335354E+04   -0.473936567421169386E+01    0.371687401154938016E+03   -0.171639635054417141E+02    1
    0.131725928712768248E+01    0.124586662832330012E+04   -0.444116632694157865E+01    0.371687512335154679E+03   -0.171664635054417083E+02    1
    0.131470797504055259E+01    0.131086457304828127E+04   -0.447002063160006458E+01    0.371688088670474826E+03   -0.171689635054416918E+02    1
    0.131487179658015352E+01    0.143120277131547323E+04   -0.480432485779663576E+01    0.371688777522567193E+03   -0.171714635054416824E+02    1
    0.131193701871836876E+01    0.149349145937678486E+04   -0.475732402512562569E+01    0.371690038205529333E+03   -0.171739635054416730E+02    1
    0.131496462159966288E+01    0.133663653453319694E+04   -0.447795259197556650E+01    0.371703816297098285E+03   -0.171764635054416779E+02    1
    0.131707960180956762E+01    0.125131234527698189E+04   -0.447970490509976838E+01    0.371707107397649452E+03   -0.171789635054416863E+02    1
    0.131426876909810231E+01    0.133196218415246631E+04   -0.450497953569044096E+01    0.371711413660792232E+03   -0.171814635054417018E+02    1
    0.131375101494273827E+01    0.145660914274800098E+04   -0.483056532336359901E+01    0.371711610268038612E+03   -0.171839635054417066E+02    1
    0.131661568678298235E+01    0.131682671968639443E+04   -0.457936546193894234E+01    0.371717765127076859E+03   -0.171864635054416972E+02    1
    0.131344116705199898E+01    0.144153013998279243E+04   -0.465998054506115267E+01    0.371718740040245393E+03   -0.171889635054417056E+02    1
    0.131731065980385642E+01    0.128085516796419438E+04   -0.455355636604769032E+01    0.371720107626996423E+03   -0.171914635054417175E+02    1
    0.131724478118893096E+01    0.128588070065365082E+04   -0.458263778507486297E+01    0.371720135142724303E+03   -0.171939635054417153E+02    1
    0.131288231051250048E+01    0.143092829374298412E+04   -0.459603640539723113E+01    0.371728739061259546E+03   -0.171964635054417130E+02    1
    0.131428507528203942E+01    0.132214730470806899E+04   -0.444092453392248032E+01    0.371729272289022333E+03   -0.171989635054416929E+02    1
    0.131251437764271661E+01    0.148560636374516503E+04   -0.474862247441210972E+01    0.371732540009355603E+03   -0.172014635054416765E+02    1
    0.131583072409980528E+01    0.131862107593803739E+04   -0.462894031838982034E+01    0.371733226642102636E+03   -0.172039635054416777E+02    1
    0.131513585597103999E+01    0.134408543825907532E+04   -0.465061121495602148E+01    0.371738252477958099E+03   -0.172064635054416861E+02    1
    0.131590869295099266E+01    0.136274082143497390E+04   -0.464612932634071552E+01    0.371738752147544176E+03   -0.172089635054416874E+02    1
    0.131570804034330879E+01    0.136519267677023845E+04   -0.464110238636939165E+01    0.371742776190523045E+03   -0.172114635054416958E+02    1
    0.131730851068322430E+01    0.127713420878235320E+04   -0.455595088708883722E+01    0.371758328835333714E+03   -0.172139635054416971E+02    1
    0.131711912812711285E+01    0.124961711548876156E+04   -0.442627056361026217E+01    0.371759668509592530E+03   -0.172164635054416983E+02    1
    0.131697826865172662E+01    0.129066964576647388E+04   -0.453077428602497001E+01    0.371774566175369387E+03   -0.172189635054417103E+02    1
    0.131665286720379138E+01    0.129326480613293052E+04   -0.449230369140757979E+01    0.371779131067731953E+03   -0.172214635054417009E+02    1
    0.131398292548957496E+01    0.141608306318413088E+04   -0.476697085609618831E+01    0.371783755616314920E+03   -0.172239635054417022E+02    1
    0.131559797764413067E+01    0.135757433363071777E+04   -0.459751660063000411E+01    0.371787524304659655E+03   -0.172264635054416999E+02    1
    0.131510327190880671E+01    0.139773630840607507E+04   -0.479449053702915862E+01    0.371790798574362498E+03   -0.172289635054416941E+02    1
    0.131446254572915500E+01    0.140717620965184847E+04   -0.478021834818316194E+01    0.371794253786604941E+03   -0.172314635054416883E+02    1
    0.131291509412241236E+01    0.147744126021951161E+04   -0.474687932697122683E+01    0.371795628070392240E+03   -0.172339635054417002E+02    1
    0.131688754321506440E+01    0.124663689491795094E+04   -0.442884087062702658E+01    0.371795819441556375E+03   -0.172364635054417157E+02    1
    0.131703563708690297E+01    0.129537298883688209E+04   -0.457265518586433917E+01    0.371798945975068136E+03   -0.172389635054417170E+02    1
    0.131514896380412649E+01    0.131191776186647962E+04   -0.453343720160257391E+01    0.371800174046431266E+03   -0.172414635054417147E+02    1
    0.131314393004108521E+01    0.139320712731709227E+04   -0.460592783516004722E+01    0.371800747711973656E+03   -0.172439635054417089E+02    1
    0.131255101597828738E+01    0.146647084478223633E+04   -0.475973005276506100E+01    0.371810023970204327E+03   -0.172464635054417137E+02    1
    0.131411247733855818E+01    0.136498442459062107E+04   -0.448890749062280214E+01    0.371817365653765535E+03   -0.172489635054417114E+02    1
    0.131467374010972859E+01    0.131310071651256067E+04   -0.446961813676536046E+01    0.371819427385644701E+03   -0.172514635054416949E+02    1
    0.131190842163048393E+01    0.147425561051721547E+04   -0.469074912812935541E+01    0.371819728959387589E+03   -0.172539635054416856E+02    1
    0.131626034385444646E+01    0.126287527065328322E+04   -0.438130242886879095E+01    0.371819911421991492E+03   -0.172564635054416833E+02    1
    0.131654848265026159E+01    0.126051366149595651E+04   -0.439873117162137461E+01    0.371823337336169573E+03   -0.172589635054416775E+02    1
    0.131535995974383813E+01    0.130393042776271864E+04   -0.452304203683975015E+01    0.371824705987740799E+03   -0.172614635054416752E+02    1
    0.131598326003956823E+01    0.128868780354394221E+04   -0.442516125166084251E+01    0.371831744699245519E+03   -0.172639635054416871E+02    1
    0.131547135908890045E+01    0.138405827207648235E+04   -0.477665630939489905E+01    0.371832530461239855E+03   -0.172664635054417097E+02    1
    0.131296941708520420E+01    0.147072084567230240E+04   -0.480600806702495209E+01    0.371834051743603368E+03   -0.172689635054417181E+02    1
    0.131728204865450049E+01    0.128461291996038017E+04   -0.457265884771769393E+01    0.371835332183850596E+03   -0.172714635054417158E+02    1
    0.131390762819761364E+01    0.138260851679478446E+04   -0.465956787165683561E+01    0.371838866785608047E+03   -0.172739635054417029E+02    1
    0.131591158976041922E+01    0.128918092786461170E+04   -0.442077101320241095E+01    0.371840795253862439E+03   -0.172764635054416900E+02    1
    0.131280527635857136E+01    0.146341080023393943E+04   -0.468052590833091209E+01    0.371841980747556818E+03   -0.172789635054416983E+02    1
    0.131230330992774613E+01    0.145655418781352591E+04   -0.470109366709268706E+01    0.371845402426246324E+03   -0.172814635054416890E+02    1
    0.131682515900497110E+01    0.125001966023020964E+04   -0.440511732860746719E+01    0.371846820547792788E+03   -0.172839635054416867E+02    1
    0.131479163941564359E+01    0.138778711829387112E+04   -0.475412304385265205E+01    0.371847214863408567E+03   -0.172864635054416880E+02    1
    0.131556278038301500E+01    0.135433470600443570E+04   -0.471106923693977730E+01    0.371847463765819555E+03   -0.172889635054416999E+02    1
    0.131646708615903818E+01    0.131018252960029076E+04   -0.464100886750459996E+01    0.371847880962627585E+03   -0.172914635054417154E+02    1
    0.131622479589010855E+01    0.136031034784697658E+04   -0.471885772121996983E+01    0.371861480229798758E+03   -0.172939635054416989E+02    1
    0.131689300050543112E+01    0.124774675427965190E+04   -0.442478265879659016E+01    0.371861490728092804E+03   -0.172964635054416895E+02    1
    0.131390093409268505E+01    0.134507430530763509E+04   -0.449759008240086722E+01    0.371872726037944062E+03   -0.172989635054416979E+02    1
    0.131424474808927472E+01    0.133746078361885202E+04   -0.452403938199493183E+01    0.371873243218651908E+03   -0.173014635054417134E+02    1
    0.131368646843763548E+01    0.136133032598266777E+04   -0.454699783359812848E+01    0.371874001847830414E+03   -0.173039635054417218E+02    1
    0.131356499902319923E+01    0.144808848920152991E+04   -0.480343687501882677E+01    0.371878996945460699E+03   -0.173064635054417195E+02    1
    0.131580118186075001E+01    0.127671621990730364E+04   -0.445370290185938522E+01    0.371880241523571215E+03   -0.173089635054417208E+02    1
    0.131735436402290707E+01    0.126248721383140628E+04   -0.451113711986459620E+01    0.371880646093232713E+03   -0.173114635054417008E+02    1
    0.131285442102832484E+01    0.145270336720183400E+04   -0.475650261710435274E+01    0.371882399963581065E+03   -0.173139635054416985E+02    1
    0.131495925664062763E+01    0.140477830736327360E+04   -0.468286076777434612E+01    0.371886749734201032E+03   -0.173164635054417140E+02    1
    0.131623372482655898E+01    0.132212939521402677E+04   -0.454405986311554777E+01    0.371886991982790278E+03   -0.173189635054417153E+02    1
    0.131429179132716700E+01    0.140998343234728554E+04   -0.463826887106932428E+01    0.371888086450642334E+03   -0.173214635054417201E+02    1
    0.131328131856270636E+01    0.144284842962605171E+04   -0.477089966614001693E+01    0.371894224036487799E+03   -0.173239635054416965E+02    1
    0.131626350144126913E+01    0.134742740099613320E+04   -0.465516197067715698E+01    0.371901557039623299E+03   -0.173264635054416765E+02    1
    0.131201801469892376E+01    0.146403238717156114E+04   -0.467619545427735872E+01    0.371902330917223026E+03   -0.173289635054416884E+02    1
    0.131451933766986739E+01    0.144152864769507732E+04   -0.481662551082145374E+01    0.371903679681090466E+03   -0.173314635054416897E+02    1
    0.131220285966803329E+01    0.146774307776052046E+04   -0.471472384273645595E+01    0.371907520859255044E+03   -0.173339635054416874E+02    1
    0.131473457921758152E+01    0.130866645129345329E+04   -0.442420045275496410E+01    0.371908806962683911E+03   -0.173364635054416851E+02    1
    0.131245883396280094E+01    0.145667706617590943E+04   -0.472045809078620238E+01    0.371922297109119711E+03   -0.173389635054416864E+02    1
    0.131625784956633551E+01    0.132178086234408784E+04   -0.466029459610120078E+01    0.371922636689182809E+03   -0.173414635054416877E+02    1
    0.131447844047106499E+01    0.131861994934147651E+04   -0.444096590490460930E+01    0.371925324131107857E+03   -0.173439635054416961E+02    1
    0.131511569958161667E+01    0.133290769401066427E+04   -0.460718625448450592E+01    0.371927072949849105E+03   -0.173464635054417151E+02    1
    0.131588196014359626E+01    0.133912274725880206E+04   -0.456724135499531592E+01    0.371931808277097673E+03   -0.173489635054417093E+02    1
    0.131691358547765724E+01    0.130945712493684505E+04   -0.463346806311675330E+01    0.371935225539094802E+03   -0.173514635054416964E+02    1
    0.131704085715095176E+01    0.125188889973827872E+04   -0.443085882526154773E+01    0.371937406987525208E+03   -0.173539635054417012E+02    1
    0.131700608506700734E+01    0.127520453320073102E+04   -0.449997802496448607E+01    0.371939783302643605E+03   -0.173564635054416954E+02    1
    0.131635340733819128E+01    0.130462045957882287E+04   -0.449751657974506536E+01    0.371942961653656369E+03   -0.173589635054416860E+02    1
    0.131500774248108865E+01    0.134361417190901534E+04   -0.449444989939633732E+01    0.371945743589129904E+03   -0.173614635054416944E+02    1
    0.131386422266743308E+01    0.141201331831420839E+04   -0.460707261551235447E+01    0.371946561275543957E+03   -0.173639635054417028E+02    1
    0.131545857699039059E+01    0.138597193332787174E+04   -0.477715199933130918E+01    0.371949917325648073E+03   -0.173664635054416898E+02    1
    0.131401573055510279E+01    0.135836781063765829E+04   -0.448302674356391684E+01    0.371952257838158062E+03   -0.173689635054416875E+02    1
    0.131259381306102796E+01    0.148765340874928256E+04   -0.477274185894201786E+01    0.371956632061739356E+03   -0.173714635054417137E+02    1
    0.131255749831819335E+01    0.148935799762636293E+04   -0.479287869904371799E+01    0.371956667925586316E+03   -0.173739635054417256E+02    1
    0.131229170097502523E+01    0.143469240383610304E+04   -0.461268797129135688E+01    0.371962396330760214E+03   -0.173764635054417091E+02    1
    0.131302422713072664E+01    0.139973634065468650E+04   -0.461072175846148902E+01    0.371964089736487949E+03   -0.173789635054416927E+02    1
    0.131552365590762399E+01    0.138219773816903194E+04   -0.467652314392279056E+01    0.371968600419840072E+03   -0.173814635054416833E+02    1
    0.131404522779138211E+01    0.144524798767043512E+04   -0.481807347875702696E+01    0.371969029557707245E+03   -0.173839635054416917E+02    1
    0.131426018687177937E+01    0.144750040707358835E+04   -0.481208225603125950E+01    0.371971951987539228E+03   -0.173864635054417178E+02    1
    0.131675622855476337E+01    0.128183943980001027E+04   -0.447696836650105290E+01    0.371973598097865818E+03   -0.173889635054417120E+02    1
    0.131707646468958384E+01    0.125103773089514380E+04   -0.444741276552584974E+01    0.371973778090673932E+03   -0.173914635054416991E+02    1
    0.131577957073187424E+01    0.136171963214301991E+04   -0.463255535679563391E+01    0.371977080103801029E+03   -0.173939635054416968E+02    1
    0.131716564329333008E+01    0.127889135317889122E+04   -0.453868681256498352E+01    0.371977531393975141E+03   -0.173964635054416874E+02    1
    0.131313164656850057E+01    0.147704464820160683E+04   -0.481324517397423435E+01    0.371978662558114024E+03   -0.173989635054416993E+02    1
    0.131218583499297736E+01    0.149364943408555541E+04   -0.475626733189575024E+01    0.371986404734625125E+03   -0.174014635054417113E+02    1
    0.131257441941564568E+01    0.149261396906862615E+04   -0.480017863890652396E+01    0.371987728682781892E+03   -0.174039635054417055E+02    1
    0.131486455247629896E+01    0.130452908569139527E+04   -0.440930015168231826E+01    0.371990760667697145E+03   -0.174064635054416925E+02    1
    0.131413777948766386E+01    0.133359877911890794E+04   -0.444749731801727322E+01    0.372000871551537841E+03   -0.174089635054416974E+02    1
    0.131412708462520400E+01    0.144962887532580794E+04   -0.482262915791611579E+01    0.372001759994298652E+03   -0.174114635054417128E+02    1
    0.131241519804704487E+01    0.149121781862955686E+04   -0.476767847803135680E+01    0.372013083644227322E+03   -0.174139635054416999E+02    1
    0.131283278941362447E+01    0.148459139452967383E+04   -0.475873970033048366E+01    0.372016712552376077E+03   -0.174164635054416941E+02    1
    0.131399349997727821E+01    0.134966809283942712E+04   -0.453635275323377485E+01    0.372021512318570785E+03   -0.174189635054417025E+02    1
    0.131244442291632590E+01    0.143587898541356958E+04   -0.463418061392307035E+01    0.372029385966338054E+03   -0.174214635054416966E+02    1
    0.131441447151034962E+01    0.136486481407384508E+04   -0.464587221938038475E+01    0.372030226244652226E+03   -0.174239635054416944E+02    1
    0.131407552244213321E+01    0.133989575971099157E+04   -0.445829423101407940E+01    0.372030712620772306E+03   -0.174264635054417099E+02    1
    0.131595068406342430E+01    0.133390093776875119E+04   -0.455233349207333049E+01    0.372037841273056301E+03   -0.174289635054417076E+02    1
    0.131347877382721645E+01    0.147392349250110988E+04   -0.482630011724513786E+01    0.372039042066057618E+03   -0.174314635054416947E+02    1
    0.131598448595354034E+01    0.130101968461798879E+04   -0.457186048138042977E+01    0.372040769999875181E+03   -0.174339635054416888E+02    1
    0.131299815417547028E+01    0.147611212711060307E+04   -0.476473258600056759E+01    0.372044824326589776E+03   -0.174364635054417043E+02    1
    0.131291397928374898E+01    0.139958421959757879E+04   -0.454614801954935022E+01    0.372047644720562175E+03   -0.174389635054416985E+02    1
    0.131369637601415290E+01    0.137270780139165890E+04   -0.449776988807485267E+01    0.372047918516043637E+03   -0.174414635054416962E+02    1
    0.131357053211410224E+01    0.147084389110224447E+04   -0.481560447859579011E+01    0.372048521750166060E+03   -0.174439635054417046E+02    1
    0.131694151155906503E+01    0.125862599492756385E+04   -0.444813263399217007E+01    0.372049274962651566E+03   -0.174464635054417094E+02    1
    0.131570918298513262E+01    0.137530238477241619E+04   -0.475733927415849855E+01    0.372050612580809002E+03   -0.174489635054417072E+02    1
    0.131449163970910665E+01    0.137182536449771078E+04   -0.454014113012550879E+01    0.372051662139176130E+03   -0.174514635054416907E+02    1
    0.131442593897816629E+01    0.134875887416253045E+04   -0.459120767475596292E+01    0.372054723177929077E+03   -0.174539635054417026E+02    1
    0.131558564578165060E+01    0.139112243360747198E+04   -0.473847033561772690E+01    0.372056268005515790E+03   -0.174564635054417039E+02    1
    0.131510153071893354E+01    0.139881197001726832E+04   -0.469304227180702593E+01    0.372058556551970071E+03   -0.174589635054416838E+02    1
    0.131494846531990217E+01    0.141930357799697276E+04   -0.476683095720890204E+01    0.372063716966477784E+03   -0.174614635054417029E+02    1
    0.131396474414009723E+01    0.145043974391919755E+04   -0.482059190935937565E+01    0.372065351492579055E+03   -0.174639635054417148E+02    1
    0.131498066751479814E+01    0.130387170902301204E+04   -0.441115473375930378E+01    0.372075845009037153E+03   -0.174664635054416841E+02    1
    0.131575405668848178E+01    0.134726244389350200E+04   -0.458713447841120292E+01    0.372077494138189024E+03   -0.174689635054416961E+02    1
    0.131607592180237676E+01    0.135295426097279869E+04   -0.464221466076943123E+01    0.372077931949469018E+03   -0.174714635054417151E+02    1
    0.131557927696848287E+01    0.139198501928536075E+04   -0.474190631534009288E+01    0.372080032339557874E+03   -0.174739635054416880E+02    1
    0.131328275801495753E+01    0.146451090554368261E+04   -0.481042989526152986E+01    0.372081589674832117E+03   -0.174764635054416857E+02    1
    0.131706100256333758E+01    0.125929408855265410E+04   -0.447960979071348575E+01    0.372086651442395578E+03   -0.174789635054416870E+02    1
    0.131700730064216143E+01    0.128448054162054723E+04   -0.457471722005141856E+01    0.372090764252388340E+03   -0.174814635054416989E+02    1
    0.131415300590819806E+01    0.144884060500114288E+04   -0.478427174174721515E+01    0.372092468351687785E+03   -0.174839635054417109E+02    1
    0.131295376586123869E+01    0.139670470820418177E+04   -0.455726358580128732E+01    0.372092622199706113E+03   -0.174864635054416979E+02    1
    0.131572250429347970E+01    0.138199662255552471E+04   -0.471723510987714434E+01    0.372093080498414395E+03   -0.174889635054417063E+02    1
    0.131544154256346491E+01    0.132266637784104068E+04   -0.459814721759418354E+01    0.372095147747716510E+03   -0.174914635054417218E+02    1
    0.131242944439879761E+01    0.143809378865955910E+04   -0.464333286196098882E+01    0.372097920825595054E+03   -0.174939635054417053E+02    1
    0.131423319658637117E+01    0.139103995528214978E+04   -0.457802418479703643E+01    0.372098149076622576E+03   -0.174964635054416782E+02    1
    0.131536921446828869E+01    0.133469708993390645E+04   -0.463185855184492024E+01    0.372098994220990505E+03   -0.174989635054416972E+02    1
    0.131670213261675051E+01    0.132348173491251191E+04   -0.463468364795817500E+01    0.372102463201949604E+03   -0.175014635054417163E+02    1
    0.131508472061545278E+01    0.140927336079872111E+04   -0.473832851638733921E+01    0.372102944163142070E+03   -0.175039635054416998E+02    1
    0.131677097116893749E+01    0.126388230418561625E+04   -0.443217545033380667E+01    0.372105553545628823E+03   -0.175064635054416939E+02    1
    0.131631674134222942E+01    0.131344586014653896E+04   -0.452858691918291711E+01    0.372110222183200335E+03   -0.175089635054417165E+02    1
    0.131670962731823282E+01    0.126339726891430428E+04   -0.442676034146832276E+01    0.372112681541834434E+03   -0.175114635054417072E+02    1
    0.131412108725444243E+01    0.139478047751826489E+04   -0.457521430872508272E+01    0.372118226970607111E+03   -0.175139635054416942E+02    1
    0.131251957915280082E+01    0.147574587384261872E+04   -0.473443873563308060E+01    0.372118330724152543E+03   -0.175164635054416991E+02    1
    0.131518466938408807E+01    0.140581389135545783E+04   -0.475140149653512900E+01    0.372119029528284841E+03   -0.175189635054417074E+02    1
    0.131578088397222714E+01    0.137547395860327401E+04   -0.474896409689766852E+01    0.372119421574148646E+03   -0.175214635054417123E+02    1
    0.131356695196418816E+01    0.146278289319435635E+04   -0.481971491079347469E+01    0.372119554941025342E+03   -0.175239635054417064E+02    1
    0.131335568431376748E+01    0.138900467521443966E+04   -0.453028102150556045E+01    0.372127373569640270E+03   -0.175264635054417006E+02    1
    0.131635490739407390E+01    0.129966691206394580E+04   -0.459387252428400750E+01    0.372131319909528429E+03   -0.175289635054416912E+02    1
    0.131588005603949498E+01    0.136989589951315338E+04   -0.469424851967438173E+01    0.372132999246384145E+03   -0.175314635054417032E+02    1
    0.131255069280456360E+01    0.145405339095253566E+04   -0.472078324576223274E+01    0.372137205305721182E+03   -0.175339635054417222E+02    1
    0.131516068992458024E+01    0.140994380095630481E+04   -0.476069745490202223E+01    0.372137680652033964E+03   -0.175364635054416986E+02    1
    0.131391751350588337E+01    0.140280740076626398E+04   -0.471933717653712126E+01    0.372141750653937606E+03   -0.175389635054416715E+02    1
    0.131554993680927912E+01    0.131933870178891789E+04   -0.459689095802384884E+01    0.372147769935916017E+03   -0.175414635054416941E+02    1
    0.131514161669318352E+01    0.129808297783245598E+04   -0.444475630428469515E+01    0.372152717312397101E+03   -0.175439635054417096E+02    1
    0.131360479527658125E+01    0.136663231432221437E+04   -0.450420406352173686E+01    0.372155887909811611E+03   -0.175464635054416895E+02    1
    0.131675412447842000E+01    0.126013060681147749E+04   -0.443718384788654241E+01    0.372157037754243504E+03   -0.175489635054416873E+02    1
    0.131681591386614105E+01    0.131402857347763711E+04   -0.462484244988671378E+01    0.372157690871409898E+03   -0.175514635054416992E+02    1
    0.131369271015065814E+01    0.138011131945609941E+04   -0.452055632234765437E+01    0.372160960973407668E+03   -0.175539635054417076E+02    1
    0.131655792631652924E+01    0.133022342653347368E+04   -0.464775310634237027E+01    0.372161099263688925E+03   -0.175564635054416947E+02    1
    0.131242360906333921E+01    0.144055080091058448E+04   -0.465391629534137774E+01    0.372161323711047828E+03   -0.175589635054416817E+02    1
    0.131290267450340647E+01    0.148106280690475819E+04   -0.476914658568654115E+01    0.372163789623030254E+03   -0.175614635054417043E+02    1
    0.131401443800175155E+01    0.143647787007359148E+04   -0.480052291962086919E+01    0.372166759016021842E+03   -0.175639635054417163E+02    1
    0.131647692401358141E+01    0.128718950975271309E+04   -0.447725111913423124E+01    0.372167268570681472E+03   -0.175664635054417069E+02    1
    0.131375672407193034E+01    0.135324448396856405E+04   -0.448749088601551449E+01    0.372167642240204714E+03   -0.175689635054417153E+02    1
    0.131548172780247219E+01    0.128746562434733028E+04   -0.442157588301663118E+01    0.372169270575926703E+03   -0.175714635054417130E+02    1
    0.131538523540978680E+01    0.131886401063366407E+04   -0.457896129864934931E+01    0.372169782272494047E+03   -0.175739635054417178E+02    1
    0.131409546295149493E+01    0.145194056013996124E+04   -0.481374914300716306E+01    0.372175842272888644E+03   -0.175764635054417049E+02    1
    0.131554799172174786E+01    0.130840358835479083E+04   -0.445357874874390092E+01    0.372177129021111909E+03   -0.175789635054416706E+02    1
    0.131236863373216628E+01    0.144221565350689912E+04   -0.462956983353950768E+01    0.372182415160132450E+03   -0.175814635054416719E+02    1
    0.131653792844881368E+01    0.132408016027360145E+04   -0.460097058315552854E+01    0.372184038331872273E+03   -0.175839635054417016E+02    1
    0.131368219375763129E+01    0.136831201895595996E+04   -0.450190684920310247E+01    0.372184377768376578E+03   -0.175864635054417242E+02    1
    0.131235914716498736E+01    0.146109366360550348E+04   -0.471008354685900343E+01    0.372186254002341457E+03   -0.175889635054417290E+02    1
    0.131478333448054308E+01    0.139559957941819289E+04   -0.465214046017517102E+01    0.372191245154072931E+03   -0.175914635054417161E+02    1
    0.131674270748490985E+01    0.130126510888457915E+04   -0.461187966267383764E+01    0.372199175605859807E+03   -0.175939635054416961E+02    1
    0.131348996473632895E+01    0.140158080530803159E+04   -0.456076797203337492E+01    0.372199906065246125E+03   -0.175964635054417116E+02    1
    0.131654901340242469E+01    0.132824405473394791E+04   -0.465948117514084981E+01    0.372200373328820035E+03   -0.175989635054416951E+02    1
    0.131441666159531234E+01    0.135175705841711169E+04   -0.459637728963123493E+01    0.372201450994131847E+03   -0.176014635054416786E+02    1
    0.131580015720817345E+01    0.132753138008362066E+04   -0.464388384974927249E+01    0.372204100575309099E+03   -0.176039635054416799E+02    1
    0.131228119954637590E+01    0.145252388706684314E+04   -0.466518599410524981E+01    0.372207190239608906E+03   -0.176064635054416989E+02    1
    0.131634892747620857E+01    0.131828343577808323E+04   -0.464687690271197162E+01    0.372208808068756355E+03   -0.176089635054417215E+02    1
    0.131323441558822385E+01    0.146156064948432549E+04   -0.472114220045658950E+01    0.372210945331492098E+03   -0.176114635054416908E+02    1
    0.131387463259903869E+01    0.143385981439057377E+04   -0.467911004499075744E+01    0.372218259060138109E+03   -0.176139635054416814E+02    1
    0.131394190033898095E+01    0.136175145846413898E+04   -0.448961564319715034E+01    0.372220410961572725E+03   -0.176164635054416969E+02    1
    0.131370819730744293E+01    0.137082727175949663E+04   -0.458144610679233821E+01    0.372226027499591055E+03   -0.176189635054417053E+02    1
    0.131563044520669248E+01    0.128610966375902353E+04   -0.445875016855236250E+01    0.372226967004663948E+03   -0.176214635054416959E+02    1
    0.131460749977652647E+01    0.137398448236715421E+04   -0.468988208461480216E+01    0.372227855527758834E+03   -0.176239635054417079E+02    1
    0.131255257886940080E+01    0.148176455680875733E+04   -0.474507856172523912E+01    0.372228258239346303E+03   -0.176264635054417269E+02    1
    0.131696947045736801E+01    0.128956322306571587E+04   -0.456476428338616902E+01    0.372230909741957817E+03   -0.176289635054416891E+02    1
    0.131665044266427156E+01    0.126514057446967581E+04   -0.445516053923586952E+01    0.372231000932130428E+03   -0.176314635054416762E+02    1
    0.131545817681362087E+01    0.139244353720813683E+04   -0.477290079151727475E+01    0.372232448681935807E+03   -0.176339635054416739E+02    1
    0.131496953770385616E+01    0.132223312857474730E+04   -0.444748897072862359E+01    0.372234737126752123E+03   -0.176364635054416965E+02    1
    0.131421526096948238E+01    0.138300055242784538E+04   -0.468325800754555033E+01    0.372235473070599653E+03   -0.176389635054416978E+02    1
    0.131252298853353677E+01    0.142484903568164441E+04   -0.460427376708703218E+01    0.372237780228143038E+03   -0.176414635054416955E+02    1
    0.131530091942355298E+01    0.129278061464324264E+04   -0.441967984457132346E+01    0.372238478875873909E+03   -0.176439635054417217E+02    1
    0.131361951819326039E+01    0.146243896646178337E+04   -0.481498325397778526E+01    0.372239161396720135E+03   -0.176464635054417087E+02    1
    0.131291299354893409E+01    0.143608634306984140E+04   -0.470727879245463221E+01    0.372242924913368256E+03   -0.176489635054416993E+02    1
    0.131332878627622485E+01    0.144913092147205634E+04   -0.477920429559016391E+01    0.372243636487489255E+03   -0.176514635054417006E+02    1
    0.131326977370474807E+01    0.138563071428295711E+04   -0.453966368190219338E+01    0.372250689897969551E+03   -0.176539635054417090E+02    1
    0.131607425789695998E+01    0.127233298142581907E+04   -0.444372772795094928E+01    0.372256332937198636E+03   -0.176564635054416925E+02    1
    0.131684076174888154E+01    0.129274015437006801E+04   -0.458617482833246015E+01    0.372266003721238292E+03   -0.176589635054416902E+02    1
    0.131546316116693385E+01    0.139467587127311572E+04   -0.477188741844660047E+01    0.372266718773446826E+03   -0.176614635054417057E+02    1
    0.131251722483193989E+01    0.143271410309145313E+04   -0.461068837853714708E+01    0.372277814903341039E+03   -0.176639635054417035E+02    1
    0.131544206550619225E+01    0.131070478994715495E+04   -0.454895219357127534E+01    0.372278449519713718E+03   -0.176664635054416941E+02    1
    0.131242359883421256E+01    0.144361308801140558E+04   -0.466271551719059296E+01    0.372280187217489356E+03   -0.176689635054416883E+02    1
    0.131458908047810752E+01    0.143347566904491759E+04   -0.480141940330178496E+01    0.372281340864129902E+03   -0.176714635054417109E+02    1
    0.131336468004199958E+01    0.138072281986673761E+04   -0.456739765599652348E+01    0.372282963210035859E+03   -0.176739635054417086E+02    1
    0.131532749054740372E+01    0.129590860424527455E+04   -0.445961926358926508E+01    0.372285905605644416E+03   -0.176764635054416814E+02    1
    0.131368447226497920E+01    0.142964743827478628E+04   -0.465762904917148202E+01    0.372286602153790795E+03   -0.176789635054416863E+02    1
    0.131573104609966540E+01    0.137541178700320461E+04   -0.471427484306992817E+01    0.372287724754348631E+03   -0.176814635054417160E+02    1
    0.131477132140390007E+01    0.142285556469969356E+04   -0.480023242150545393E+01    0.372288140923286676E+03   -0.176839635054417350E+02    1
    0.131447619719683706E+01    0.134674029107456636E+04   -0.458358424408616472E+01    0.372294972744151494E+03   -0.176864635054417043E+02    1
    0.131439774986693014E+01    0.141868361487473067E+04   -0.478688688596922329E+01    0.372295078647374567E+03   -0.176889635054416772E+02    1
    0.131598176132709299E+01    0.129085009312121338E+04   -0.452381065538350757E+01    0.372296123857975203E+03   -0.176914635054417104E+02    1
    0.131274701561397711E+01    0.148195194724299017E+04   -0.478227425128206640E+01    0.372297654098237672E+03   -0.176939635054417259E+02    1
    0.131446813249884764E+01    0.135648578948714976E+04   -0.451151304126913288E+01    0.372303701017122023E+03   -0.176964635054416846E+02    1
    0.131535190868709173E+01    0.139543624661073090E+04   -0.476825381204421550E+01    0.372304623210436148E+03   -0.176989635054417178E+02    1
    0.131647485813070109E+01    0.127401867957384911E+04   -0.449760073871924693E+01    0.372307036108193529E+03   -0.177014635054416800E+02    1
    0.131620227382708688E+01    0.127121745143439466E+04   -0.445147883695526492E+01    0.372307489880035178E+03   -0.177039635054416742E+02    1
    0.131636537577450796E+01    0.133854075834582045E+04   -0.467170883903410328E+01    0.372311075509535442E+03   -0.177064635054417110E+02    1
    0.131492197680669465E+01    0.132635393651170807E+04   -0.455418366999204771E+01    0.372312053534214272E+03   -0.177089635054417336E+02    1
    0.131542671329772576E+01    0.131425058676506342E+04   -0.455837283116721359E+01    0.372317734848031705E+03   -0.177114635054417242E+02    1
    0.131396605045472126E+01    0.144051025759340655E+04   -0.480089458629574661E+01    0.372319719788558473E+03   -0.177139635054417290E+02    1
    0.131494224964839757E+01    0.134722838934966558E+04   -0.451751334276429883E+01    0.372320615940174889E+03   -0.177164635054417303E+02    1
    0.131662111745086752E+01    0.128643111587152225E+04   -0.455773205818685767E+01    0.372324170220428584E+03   -0.177189635054416996E+02    1
    0.131368179278717245E+01    0.145356009888562016E+04   -0.473517500197303676E+01    0.372326037640280333E+03   -0.177214635054416831E+02    1
    0.131494991441438613E+01    0.136091716169870665E+04   -0.455156349076029532E+01    0.372327552314353738E+03   -0.177239635054416915E+02    1
    0.131498228997661082E+01    0.134962037257809834E+04   -0.452373535325197906E+01    0.372335765950838038E+03   -0.177264635054416964E+02    1
    0.131517155134520447E+01    0.131595881906469754E+04   -0.445787084928657862E+01    0.372337046041956398E+03   -0.177289635054416870E+02    1
    0.131510595845811151E+01    0.139804864777333569E+04   -0.477814397997345885E+01    0.372337947816112148E+03   -0.177314635054416740E+02    1
    0.131637638101047028E+01    0.130566617549098328E+04   -0.453158656465377874E+01    0.372340679508442463E+03   -0.177339635054416682E+02    1
    0.131606528761381103E+01    0.131755815128341919E+04   -0.462633003855602265E+01    0.372346735607671974E+03   -0.177364635054416695E+02    1
    0.131547015171725845E+01    0.136029049098765336E+04   -0.460166861155083406E+01    0.372349632973083544E+03   -0.177389635054416921E+02    1
    0.131462058038703344E+01    0.137748022409963210E+04   -0.470193222959251145E+01    0.372351456746077247E+03   -0.177414635054417182E+02    1
    0.131384726214261693E+01    0.145353336065190956E+04   -0.481065867824253246E+01    0.372354167523651540E+03   -0.177439635054417160E+02    1
    0.131378178598699313E+01    0.142902641191762564E+04   -0.476798057676908638E+01    0.372354546108640420E+03   -0.177464635054417279E+02    1
    0.131673638090310208E+01    0.128813347432007640E+04   -0.456533543590250090E+01    0.372355189577199098E+03   -0.177489635054417256E+02    1
    0.131537663900274104E+01    0.137232859897359572E+04   -0.473479104642060644E+01    0.372355534662042999E+03   -0.177514635054417163E+02    1
    0.131543855359176809E+01    0.135803571468765699E+04   -0.470394932199347249E+01    0.372358087991356513E+03   -0.177539635054417104E+02    1
    0.131338458661419555E+01    0.138618432802824100E+04   -0.459369723436006527E+01    0.372365380003545681E+03   -0.177564635054416833E+02    1
    0.131433497793082488E+01    0.134184752237202042E+04   -0.446817834457055074E+01    0.372367295547679191E+03   -0.177589635054416810E+02    1
    0.131548178682499195E+01    0.129929641771837487E+04   -0.443596658156256751E+01    0.372368321492013592E+03   -0.177614635054416965E+02    1
    0.131360598182574995E+01    0.136864113050880292E+04   -0.451404096198515781E+01    0.372369539878677585E+03   -0.177639635054417191E+02    1
    0.131586868841944371E+01    0.133391152362532512E+04   -0.455213074511507720E+01    0.372379789916831783E+03   -0.177664635054417204E+02    1
    0.131607443071244457E+01    0.130090351307644801E+04   -0.447757885694413282E+01    0.372381523070265871E+03   -0.177689635054417252E+02    1
    0.131599473650068743E+01    0.135774029678985789E+04   -0.471158871815808578E+01    0.372381707539488730E+03   -0.177714635054417265E+02    1
    0.131368601102785165E+01    0.140506164785725650E+04   -0.459557910007294268E+01    0.372382970123853056E+03   -0.177739635054417029E+02    1
    0.131653139048488232E+01    0.128277452272607252E+04   -0.453483434514047623E+01    0.372384280850601499E+03   -0.177764635054417006E+02    1
    0.131505739221786278E+01    0.132271650711283428E+04   -0.445659549044223269E+01    0.372384364014462108E+03   -0.177789635054417126E+02    1
    0.131332358061008403E+01    0.145706546801420950E+04   -0.478614064335319433E+01    0.372385659671756400E+03   -0.177814635054417174E+02    1
    0.131383794762083350E+01    0.140835039095076991E+04   -0.460936585652050290E+01    0.372387645478396280E+03   -0.177839635054417080E+02    1
    0.131580640110230696E+01    0.137456201083431483E+04   -0.473443131030711495E+01    0.372389804093967996E+03   -0.177864635054416915E+02    1
    0.131463949146963621E+01    0.135961821862722536E+04   -0.464481061331793121E+01    0.372392323064136576E+03   -0.177889635054416893E+02    1
    0.131592225074040825E+01    0.135896835231920841E+04   -0.471719298856857350E+01    0.372394642623859681E+03   -0.177914635054416941E+02    1
    0.131687637274611591E+01    0.129389475130462370E+04   -0.456024111326118398E+01    0.372399027181620056E+03   -0.177939635054417025E+02    1
    0.131285484574680722E+01    0.141150585932052377E+04   -0.460876621008149012E+01    0.372400511354815137E+03   -0.177964635054417144E+02    1
    0.131454911457895185E+01    0.142792910449329520E+04   -0.479206937956540902E+01    0.372400638202016012E+03   -0.177989635054417157E+02    1
    0.131408551943781227E+01    0.136322497547089506E+04   -0.450041541037975534E+01    0.372409832978579288E+03   -0.178014635054417028E+02    1
    0.131435240060348679E+01    0.143151994494539508E+04   -0.473421426454130145E+01    0.372412634647573100E+03   -0.178039635054416934E+02    1
    0.131603358370007961E+01    0.133388039652052066E+04   -0.466664910925227261E+01    0.372413916207775515E+03   -0.178064635054417018E+02    1
    0.131249560839568669E+01    0.144307569351371262E+04   -0.463608461997806565E+01    0.372414035766870313E+03   -0.178089635054416995E+02    1
    0.131598930398773906E+01    0.135709428383018621E+04   -0.470830772772904371E+01    0.372416389995316365E+03   -0.178114635054416972E+02    1
    0.131514353887592561E+01    0.138815861049794648E+04   -0.466897705976959276E+01    0.372421633685273036E+03   -0.178139635054417091E+02    1
    0.131634020740656443E+01    0.133228592752512213E+04   -0.461656053442086733E+01    0.372425558630547300E+03   -0.178164635054417140E+02    1
    0.131532638885688202E+01    0.132218950003075861E+04   -0.447374444975373287E+01    0.372428183638950372E+03   -0.178189635054417082E+02    1
    0.131324666826107572E+01    0.140552080189369281E+04   -0.464751116991507374E+01    0.372428748105652801E+03   -0.178214635054417059E+02    1
    0.131576518302655798E+01    0.133147432843043043E+04   -0.453867591922241598E+01    0.372430000747292524E+03   -0.178239635054417143E+02    1
    0.131436974547038865E+01    0.133832822405942397E+04   -0.452443395449693764E+01    0.372431256263866715E+03   -0.178264635054417155E+02    1
    0.131321492852729071E+01    0.138868939268563508E+04   -0.455635214060903504E+01    0.372433835985432552E+03   -0.178289635054417239E+02    1
    0.131678736713670608E+01    0.128869601038125256E+04   -0.453754958702336886E+01    0.372434894232147769E+03   -0.178314635054417252E+02    1
    0.131443510223757265E+01    0.134053741717881530E+04   -0.454538873642408081E+01    0.372434981031265636E+03   -0.178339635054417229E+02    1
    0.131438060367187237E+01    0.142259113609809629E+04   -0.469942117529262315E+01    0.372437770284963563E+03   -0.178364635054417100E+02    1
    0.131677228396701573E+01    0.128667996363636212E+04   -0.454910939260971059E+01    0.372438647044665402E+03   -0.178389635054416971E+02    1
    0.131350164916774870E+01    0.137596848003175819E+04   -0.453522843710693824E+01    0.372439319319727531E+03   -0.178414635054416912E+02    1
    0.131647408989658254E+01    0.132420160962759292E+04   -0.460336887280238471E+01    0.372439862319524309E+03   -0.178439635054417067E+02    1
    0.131345693647914530E+01    0.138093485014450334E+04   -0.457800667812923479E+01    0.372443218653879399E+03   -0.178464635054417187E+02    1
    0.131640754377744673E+01    0.131000554954197196E+04   -0.454646911255483221E+01    0.372448237779792862E+03   -0.178489635054417128E+02    1
    0.131396996543089983E+01    0.135210683989067570E+04   -0.452280714761478908E+01    0.372448570090937721E+03   -0.178514635054417035E+02    1
    0.131542965228306286E+01    0.129780891432015551E+04   -0.448013193515411245E+01    0.372450792156107468E+03   -0.178539635054416905E+02    1
    0.131680463630379974E+01    0.128142751510824746E+04   -0.451109932553987036E+01    0.372452814694580638E+03   -0.178564635054417025E+02    1
    0.131621963095710215E+01    0.134306078202541153E+04   -0.468513652556104532E+01    0.372453801791023693E+03   -0.178589635054417002E+02    1
    0.131634971121621258E+01    0.129510757369672228E+04   -0.456661445855841919E+01    0.372457352109616863E+03   -0.178614635054417015E+02    1
    0.131380227826457840E+01    0.144773338752055338E+04   -0.474486933277731016E+01    0.372460026921211465E+03   -0.178639635054417028E+02    1
    0.131647751437959326E+01    0.127371572418014216E+04   -0.444755629496115024E+01    0.372460282211798358E+03   -0.178664635054416969E+02    1
    0.131463887438965132E+01    0.132512550361533931E+04   -0.449443899600049512E+01    0.372464241376883820E+03   -0.178689635054416947E+02    1
    0.131400348869723582E+01    0.135871699988140881E+04   -0.449964857264371609E+01    0.372464392603707097E+03   -0.178714635054416924E+02    1
    0.131479968543152270E+01    0.136251135273576324E+04   -0.466587983215061541E+01    0.372465751382214421E+03   -0.178739635054417150E+02    1
    0.131499769218218576E+01    0.138206892030742119E+04   -0.462447462580112845E+01    0.372467189580279637E+03   -0.178764635054417269E+02    1
    0.131356742468462384E+01    0.142857300220358979E+04   -0.465164602420566986E+01    0.372467743695250078E+03   -0.178789635054417033E+02    1
    0.131559771469700904E+01    0.137919045788106564E+04   -0.474317723500323130E+01    0.372468022492811656E+03   -0.178814635054417046E+02    1
    0.131369328051972345E+01    0.144208574539804636E+04   -0.478506066930716578E+01    0.372468621061371891E+03   -0.178839635054417236E+02    1
    0.131573344904105771E+01    0.131127814971305475E+04   -0.457406320338126093E+01    0.372469484867429969E+03   -0.178864635054417214E+02    1
    0.131367127134959705E+01    0.139172781415824534E+04   -0.455175418932896303E+01    0.372471055116521882E+03   -0.178889635054417226E+02    1
    0.131290677022196811E+01    0.145202295168245428E+04   -0.474248064977581407E+01    0.372472869645324863E+03   -0.178914635054417097E+02    1
    0.131521911955233284E+01    0.132385491411418116E+04   -0.456942618177757165E+01    0.372477219540470628E+03   -0.178939635054417145E+02    1
    0.131670957220549356E+01    0.129672868496448473E+04   -0.457271944865714719E+01    0.372482926322341712E+03   -0.178964635054417123E+02    1
    0.131500486745651224E+01    0.141208221609846032E+04   -0.475392976756052743E+01    0.372484378851095471E+03   -0.178989635054416958E+02    1
    0.131274341917340154E+01    0.146013193029367926E+04   -0.474119486108479204E+01    0.372485366512703081E+03   -0.179014635054417113E+02    1
    0.131260475238310215E+01    0.145900279332094306E+04   -0.469245126849980210E+01    0.372486415322263781E+03   -0.179039635054417019E+02    1
    0.131390260303865136E+01    0.141117452980600774E+04   -0.462004333063529948E+01    0.372487877664822747E+03   -0.179064635054416961E+02    1
    0.131663382387319028E+01    0.127226590175866545E+04   -0.448528295710093339E+01    0.372492427988824488E+03   -0.179089635054416974E+02    1
    0.131262017218832039E+01    0.145941251261212255E+04   -0.469251640137662918E+01    0.372492637934549293E+03   -0.179114635054417057E+02    1
    0.131276024065018038E+01    0.143997809045687859E+04   -0.469113693772132567E+01    0.372495093118520515E+03   -0.179139635054417035E+02    1
    0.131405248854842216E+01    0.134861636650236687E+04   -0.451046698635088550E+01    0.372498405038201440E+03   -0.179164635054416941E+02    1
    0.131271687988572316E+01    0.142398913031165375E+04   -0.459832056182227156E+01    0.372500855935064124E+03   -0.179189635054417025E+02    1
    0.131505419887294472E+01    0.138428749388751203E+04   -0.474289390554716661E+01    0.372503499139598716E+03   -0.179214635054417109E+02    1
    0.131402966097050733E+01    0.138751784691416447E+04   -0.456834650014400179E+01    0.372504296862733213E+03   -0.179239635054417015E+02    1
    0.131313086928602685E+01    0.147186008946546372E+04   -0.477880415636063827E+01    0.372508076098938034E+03   -0.179264635054417028E+02    1
    0.131316980917782233E+01    0.143442860612980485E+04   -0.472464336190259981E+01    0.372509206614684445E+03   -0.179289635054417040E+02    1
    0.131458761789310707E+01    0.138494072354632499E+04   -0.471410780898402937E+01    0.372510045611791213E+03   -0.179314635054416947E+02    1
    0.131322189685452506E+01    0.139809788407698716E+04   -0.456167314867619211E+01    0.372515021035250754E+03   -0.179339635054417172E+02    1
    0.131499099758981042E+01    0.140777627515161475E+04   -0.473918925093299581E+01    0.372515419985652898E+03   -0.179364635054417185E+02    1
    0.131302845758582487E+01    0.140634674148747331E+04   -0.458646685304218860E+01    0.372516417883759573E+03   -0.179389635054416985E+02    1
    0.131340174649235109E+01    0.143100993670977687E+04   -0.473737664709228312E+01    0.372518236182665078E+03   -0.179414635054416891E+02    1
    0.131352878858252375E+01    0.138127657052767290E+04   -0.458859299074333471E+01    0.372520161553641060E+03   -0.179439635054416868E+02    1
    0.131485781783952538E+01    0.134874037430132375E+04   -0.451819925238268105E+01    0.372523015844977806E+03   -0.179464635054417165E+02    1
    0.131563594011073981E+01    0.133464578393122656E+04   -0.464217900568401731E+01    0.372524513942044109E+03   -0.179489635054416965E+02    1
    0.131502162902333319E+01    0.131023289913859026E+04   -0.445112955615276018E+01    0.372527431432483127E+03   -0.179514635054416942E+02    1
    0.131447049046480791E+01    0.140659101761801367E+04   -0.476154064238430941E+01    0.372527963076989408E+03   -0.179539635054417133E+02    1
    0.131308141851963978E+01    0.143432636177583618E+04   -0.462875951869918811E+01    0.372528208413910249E+03   -0.179564635054417145E+02    1
    0.131294955478277675E+01    0.146927906470724906E+04   -0.476567997799855370E+01    0.372528497385219453E+03   -0.179589635054417087E+02    1
    0.131297930018581388E+01    0.140336881762781331E+04   -0.456599117642986041E+01    0.372530678211600787E+03   -0.179614635054417207E+02    1
    0.131649578691043634E+01    0.132315885240130228E+04   -0.461534471805610025E+01    0.372533681829347699E+03   -0.179639635054417219E+02    1
    0.131347002774451216E+01    0.144364922115866875E+04   -0.468471144249680194E+01    0.372535350055604567E+03   -0.179664635054417268E+02    1
    0.131630209407949739E+01    0.133319859215926544E+04   -0.461805085276912664E+01    0.372541121020565299E+03   -0.179689635054417103E+02    1
    0.131307491114557795E+01    0.139925265443345029E+04   -0.457463364642029813E+01    0.372542049938052855E+03   -0.179714635054417116E+02    1
    0.131391228824385919E+01    0.136454568822889428E+04   -0.450007013596591321E+01    0.372546496285877936E+03   -0.179739635054417235E+02    1
    0.131472384885917659E+01    0.141992613643345385E+04   -0.475037296974940126E+01    0.372547120175078078E+03   -0.179764635054417106E+02    1
    0.131270095946892074E+01    0.147420365041846480E+04   -0.476155440044447165E+01    0.372547574559833095E+03   -0.179789635054417012E+02    1
    0.131319607239994873E+01    0.142019506107162260E+04   -0.468553147354785260E+01    0.372548627761991725E+03   -0.179814635054417096E+02    1
    0.131297717877591924E+01    0.147119830877090453E+04   -0.477103385704576599E+01    0.372549267833745830E+03   -0.179839635054417073E+02    1
    0.131289986864526664E+01    0.145234415615253670E+04   -0.473965770714213264E+01    0.372553735972589436E+03   -0.179864635054417192E+02    1
    0.131408392406503638E+01    0.142823787864903193E+04   -0.469992031642710018E+01    0.372556919742805803E+03   -0.179889635054417312E+02    1
    0.131666295806226752E+01    0.129899978877708486E+04   -0.457710488686860462E+01    0.372558746949682984E+03   -0.179914635054417218E+02    1
    0.131594181665126198E+01    0.135024421717861514E+04   -0.463431002421283100E+01    0.372561059228988995E+03   -0.179939635054417089E+02    1
    0.131586581558646354E+01    0.130147439618086150E+04   -0.446703054076075823E+01    0.372562809609937290E+03   -0.179964635054416995E+02    1
    0.131492626252522116E+01    0.139302184123548614E+04   -0.475531668538147834E+01    0.372564684135370385E+03   -0.179989635054417079E+02    1
    0.131626745115632282E+01    0.130216061420250912E+04   -0.457951900180537042E+01    0.372566220414053930E+03   -0.180014635054417198E+02    1
    0.131450447186246500E+01    0.133917888747253824E+04   -0.447998620344292675E+01    0.372566515579270401E+03   -0.180039635054417140E+02    1
    0.131382481408995844E+01    0.139042246026615112E+04   -0.456086532080668672E+01    0.372568246622288541E+03   -0.180064635054417224E+02    1
    0.131400008978390437E+01    0.140791777527375098E+04   -0.473046060729845408E+01    0.372569639441654999E+03   -0.180089635054417236E+02    1
    0.131357679746388767E+01    0.143957788933503366E+04   -0.468923737286970788E+01    0.372572108396609678E+03   -0.180114635054417214E+02    1
    0.131338515310888337E+01    0.142701735963560895E+04   -0.472329989558879682E+01    0.372573283412602109E+03   -0.180139635054417120E+02    1
    0.131531522112322663E+01    0.135979393992901851E+04   -0.458995192826098197E+01    0.372573556652156867E+03   -0.180164635054416955E+02    1
    0.131517114107093969E+01    0.132311165346470830E+04   -0.446901304386757747E+01    0.372575012906731331E+03   -0.180189635054416968E+02    1
    0.131350988667978608E+01    0.137799696937421777E+04   -0.456207777271216219E+01    0.372575407307820342E+03   -0.180214635054417158E+02    1
    0.131320823360553840E+01    0.139152042119990710E+04   -0.457064618833996938E+01    0.372576440021630106E+03   -0.180239635054417278E+02    1
    0.131273665566417574E+01    0.144489077873927840E+04   -0.464323996802616712E+01    0.372579081140469839E+03   -0.180264635054417077E+02    1
    0.131495085473286388E+01    0.140846944968542221E+04   -0.473681113215389349E+01    0.372582346668327602E+03   -0.180289635054416983E+02    1
    0.131470735430223007E+01    0.132632609797955820E+04   -0.450929692424010753E+01    0.372583616313657330E+03   -0.180314635054417174E+02    1
    0.131563812508771605E+01    0.129072524068729990E+04   -0.445416112897826277E+01    0.372585404177302053E+03   -0.180339635054417080E+02    1
    0.131429342397810545E+01    0.136518088044962360E+04   -0.453289071376247232E+01    0.372586113533865898E+03   -0.180364635054417128E+02    1
    0.131572423390922832E+01    0.133294612273942289E+04   -0.454127073774052548E+01    0.372592170110510153E+03   -0.180389635054417070E+02    1
    0.131573568031378674E+01    0.135307651359754368E+04   -0.461061299857981055E+01    0.372593088791917580E+03   -0.180414635054416834E+02    1
    0.131358741809328960E+01    0.143018503886249482E+04   -0.474917802855842730E+01    0.372593386715227552E+03   -0.180439635054416847E+02    1
    0.131641039395711168E+01    0.127970448570124427E+04   -0.447296493598338252E+01    0.372593596322271765E+03   -0.180464635054416966E+02    1
    0.131664928866637720E+01    0.129443493576952756E+04   -0.456792841856467469E+01    0.372595325027934109E+03   -0.180489635054417086E+02    1
    0.131391732134187622E+01    0.135436425292119065E+04   -0.451037719113934443E+01    0.372595450176885720E+03   -0.180514635054417028E+02    1
    0.131419929957405834E+01    0.143415607950864501E+04   -0.479313798009226932E+01    0.372599986099401008E+03   -0.180539635054417147E+02    1
    0.131545093371636046E+01    0.133667856904543009E+04   -0.453706859303747922E+01    0.372601091631166696E+03   -0.180564635054417302E+02    1
    0.131448756370305420E+01    0.141219352664279586E+04   -0.477179972871145175E+01    0.372601105249076113E+03   -0.180589635054417279E+02    1
    0.131453716217811967E+01    0.139967326908081759E+04   -0.464398401499054092E+01    0.372602755810545204E+03   -0.180614635054417079E+02    1
    0.131629137487844239E+01    0.129930510796768021E+04   -0.450661504061436702E+01    0.372605813376999606E+03   -0.180639635054417056E+02    1
    0.131320331691558967E+01    0.144934492982019378E+04   -0.475742427801780288E+01    0.372607128345834042E+03   -0.180664635054417246E+02    1
    0.131468493974498868E+01    0.141103408225396288E+04   -0.477659046614292837E+01    0.372619309023318920E+03   -0.180689635054417082E+02    1
    0.131416590135137890E+01    0.141821978940772919E+04   -0.467415612473211173E+01    0.372626860928237363E+03   -0.180714635054416881E+02    1
    0.131636756691072887E+01    0.128634645620221113E+04   -0.449119230942241554E+01    0.372628031099216855E+03   -0.180739635054417107E+02    1
    0.131387779766287616E+01    0.138644731582394297E+04   -0.456217627984348173E+01    0.372629749547990627E+03   -0.180764635054417226E+02    1
    0.131363690795472055E+01    0.143240281377476117E+04   -0.466648332015236367E+01    0.372630350325311952E+03   -0.180789635054417168E+02    1
    0.131505886259804572E+01    0.137979371540414922E+04   -0.463153063293189149E+01    0.372631866143072330E+03   -0.180814635054417288E+02    1
    0.131470743485284003E+01    0.138738840994603015E+04   -0.472909471347881638E+01    0.372632627537000815E+03   -0.180839635054417300E+02    1
    0.131428255073210809E+01    0.141827833417926422E+04   -0.477010395132881282E+01    0.372633994770549805E+03   -0.180864635054417207E+02    1
    0.131294915057020467E+01    0.146145190961754156E+04   -0.471543694012506531E+01    0.372634954579144221E+03   -0.180889635054417219E+02    1
    0.131386546509096203E+01    0.136565425629133142E+04   -0.456474413606274076E+01    0.372635254740314281E+03   -0.180914635054417339E+02    1
    0.131305816943291420E+01    0.140276813722018869E+04   -0.456862235305378306E+01    0.372635545931615297E+03   -0.180939635054417245E+02    1
    0.131604748820581285E+01    0.128664567534648677E+04   -0.446709582720684040E+01    0.372637452199479696E+03   -0.180964635054416974E+02    1
    0.131324416476270245E+01    0.145565102074346305E+04   -0.473524357415354036E+01    0.372638821688033033E+03   -0.180989635054417057E+02    1
    0.131526659033163473E+01    0.131188573733921748E+04   -0.445578442018293330E+01    0.372640399032667574E+03   -0.181014635054417319E+02    1
    0.131438148641921626E+01    0.138315171318957482E+04   -0.468954472331062089E+01    0.372640645447276142E+03   -0.181039635054417332E+02    1
    0.131343590631663520E+01    0.140708566478862167E+04   -0.459167058266832839E+01    0.372644436423352772E+03   -0.181064635054417060E+02    1
    0.131474168953104842E+01    0.132510749541573909E+04   -0.450022663460648698E+01    0.372649652225526040E+03   -0.181089635054417109E+02    1
    0.131337349613107257E+01    0.143826206357751380E+04   -0.474680464811335323E+01    0.372649822292617159E+03   -0.181114635054417050E+02    1
    0.131598617246381644E+01    0.135015519374481391E+04   -0.464771346336871094E+01    0.372650373111864837E+03   -0.181139635054417347E+02    1
    0.131566312198173319E+01    0.130723211240856881E+04   -0.447702103406866136E+01    0.372650568100628618E+03   -0.181164635054417111E+02    1
    0.131572476601970889E+01    0.130715042461649750E+04   -0.455212526858342237E+01    0.372651055748501847E+03   -0.181189635054417018E+02    1
    0.131328580151111884E+01    0.144149140955021835E+04   -0.474763460665950721E+01    0.372652984453945123E+03   -0.181214635054417315E+02    1
    0.131302469511077713E+01    0.140918016895523351E+04   -0.458993585075669674E+01    0.372653757961584688E+03   -0.181239635054417327E+02    1
    0.131402611533445191E+01    0.138647827790597398E+04   -0.466852898114994819E+01    0.372654687375979108E+03   -0.181264635054417091E+02    1
    0.131280947493675004E+01    0.144795000382399735E+04   -0.467690708094332841E+01    0.372656690782704572E+03   -0.181289635054417104E+02    1
    0.131470265351082660E+01    0.137089995418091621E+04   -0.456824356772896589E+01    0.372656948659321529E+03   -0.181314635054417330E+02    1
    0.131616608641612820E+01    0.132907781041812609E+04   -0.464914264026753443E+01    0.372658553504138695E+03   -0.181339635054417272E+02    1
    0.131589697443847142E+01    0.133770704230516230E+04   -0.458850300460359684E+01    0.372658850390787961E+03   -0.181364635054417285E+02    1
    0.131414867857992212E+01    0.144142745566594704E+04   -0.478022550846508576E+01    0.372662582317429042E+03   -0.181389635054417298E+02    1
    0.131660055236495044E+01    0.130291175244591295E+04   -0.456132953613021463E+01    0.372665326479134421E+03   -0.181414635054417097E+02    1
    0.131287196460261568E+01    0.146334612455490196E+04   -0.471349553363303908E+01    0.372665785205258715E+03   -0.181439635054416861E+02    1
    0.131592827955720870E+01    0.129307992898581506E+04   -0.445516541576756175E+01    0.372667470444481978E+03   -0.181464635054417016E+02    1
    0.131509063700475837E+01    0.138035426991386157E+04   -0.463718516594060315E+01    0.372669085060607358E+03   -0.181489635054417100E+02    1
    0.131531691797908556E+01    0.137470204957896999E+04   -0.472763367072473084E+01    0.372669654311721729E+03   -0.181514635054417006E+02    1
    0.131613213411560515E+01    0.128978238281052541E+04   -0.451584232280602205E+01    0.372671506185249086E+03   -0.181539635054417161E+02    1
    0.131609705538613553E+01    0.129784918540726130E+04   -0.454738846456024604E+01    0.372673300329085635E+03   -0.181564635054417067E+02    1
    0.131365408742449352E+01    0.137751663892575039E+04   -0.453837029900416677E+01    0.372673530492245277E+03   -0.181589635054416974E+02    1
    0.131573683959548404E+01    0.129426700232099802E+04   -0.444501748237870054E+01    0.372674300931383527E+03   -0.181614635054417164E+02    1
    0.131400764415413063E+01    0.139630047394562280E+04   -0.469782610269836010E+01    0.372674809107459282E+03   -0.181639635054417106E+02    1
    0.131308981748222342E+01    0.141090290595333840E+04   -0.458554809476422243E+01    0.372675913892768165E+03   -0.181664635054416941E+02    1
    0.131451283907626881E+01    0.134380694102966891E+04   -0.456064977921844328E+01    0.372676691690280904E+03   -0.181689635054416954E+02    1
    0.131289432952000706E+01    0.144542395471020927E+04   -0.468143100967077608E+01    0.372677820954226263E+03   -0.181714635054416895E+02    1
    0.131289944440033279E+01    0.144379423037178321E+04   -0.465243424460761457E+01    0.372678907807856660E+03   -0.181739635054416837E+02    1
    0.131630781799623975E+01    0.130964453125636010E+04   -0.454354105286837839E+01    0.372679874294457420E+03   -0.181764635054417170E+02    1
    0.131600253657098754E+01    0.129362717532554007E+04   -0.451953833535695004E+01    0.372684032613783074E+03   -0.181789635054417218E+02    1
    0.131534461804037228E+01    0.130159942877951380E+04   -0.445856320062554090E+01    0.372684454186129869E+03   -0.181814635054416982E+02    1
    0.131633907708973541E+01    0.130761049018566791E+04   -0.459462980085790562E+01    0.372684875344896000E+03   -0.181839635054417172E+02    1
    0.131531506459725289E+01    0.130262729261542404E+04   -0.446886040929796113E+01    0.372686862653663411E+03   -0.181864635054417079E+02    1
    0.131364511795224836E+01    0.139334027850497478E+04   -0.455764769992368279E+01    0.372689051159243434E+03   -0.181889635054416949E+02    1
    0.131398170552343863E+01    0.143622810295716226E+04   -0.473129943008324538E+01    0.372689477454635153E+03   -0.181914635054417175E+02    1
    0.131514058662467970E+01    0.130930670372492159E+04   -0.447262206502004300E+01    0.372690179779432356E+03   -0.181939635054417188E+02    1
    0.131409726347966660E+01    0.143968560296193505E+04   -0.478262569739894339E+01    0.372690285563174371E+03   -0.181964635054416988E+02    1
    0.131421389897108876E+01    0.136119745388469619E+04   -0.459475108398980048E+01    0.372690455313400207E+03   -0.181989635054417001E+02    1
    0.131483628917789819E+01    0.140928524283199727E+04   -0.472284279410618968E+01    0.372692645718151880E+03   -0.182014635054416978E+02    1
    0.131466662750337560E+01    0.142269533376066079E+04   -0.475846303198927956E+01    0.372692653553203115E+03   -0.182039635054416848E+02    1
    0.131304985574617739E+01    0.140814791533114953E+04   -0.460505913351425455E+01    0.372696148328790287E+03   -0.182064635054416897E+02    1
    0.131399914402962992E+01    0.137932973634282553E+04   -0.454793463033066114E+01    0.372696558219906365E+03   -0.182089635054416981E+02    1
    0.131343939988690117E+01    0.143118332107094125E+04   -0.465206197712465208E+01    0.372697696611244794E+03   -0.182114635054417242E+02    1
    0.131377169572876573E+01    0.140982663462980872E+04   -0.461413795160160412E+01    0.372698430689955444E+03   -0.182139635054417290E+02    1
    0.131403074477489024E+01    0.143801375406778902E+04   -0.478091990432081992E+01    0.372698989968191540E+03   -0.182164635054417197E+02    1
    0.131624567039814444E+01    0.132876966150817316E+04   -0.464418878809812607E+01    0.372699933656253620E+03   -0.182189635054417316E+02    1
    0.131548518647834678E+01    0.132600551813292600E+04   -0.459974007242403005E+01    0.372700036441377733E+03   -0.182214635054417151E+02    1
    0.131380606372333153E+01    0.138042921167725308E+04   -0.454057801498676472E+01    0.372700289158642249E+03   -0.182239635054417057E+02    1
    0.131329045183423276E+01    0.139756768107125208E+04   -0.461291825956734680E+01    0.372700636286801455E+03   -0.182264635054417212E+02    1
    0.131287065754056154E+01    0.142717688962206762E+04   -0.464063504013241079E+01    0.372703242673281636E+03   -0.182289635054417118E+02    1
    0.131573565582445884E+01    0.131147726085140243E+04   -0.448699386316724791E+01    0.372706542205894095E+03   -0.182314635054416989E+02    1
    0.131457568585971440E+01    0.137472032163839253E+04   -0.467802868988232845E+01    0.372706731313457794E+03   -0.182339635054417037E+02    1
    0.131378565222269117E+01    0.145344798623418842E+04   -0.478000813233281185E+01    0.372708316155532827E+03   -0.182364635054417050E+02    1
    0.131490272990458590E+01    0.140973834351089681E+04   -0.476742304271446926E+01    0.372708624874095619E+03   -0.182389635054416956E+02    1
    0.131302124029901890E+01    0.142175383518849139E+04   -0.460654999319687430E+01    0.372709031769961939E+03   -0.182414635054417147E+02    1
    0.131623940849588372E+01    0.132625449923312044E+04   -0.463729535872104837E+01    0.372709959969789452E+03   -0.182439635054417160E+02    1
    0.131329265644061333E+01    0.146026348424686398E+04   -0.475181365672183720E+01    0.372714293134470154E+03   -0.182464635054417208E+02    1
    0.131504760179271551E+01    0.131618436647754811E+04   -0.447506321815551278E+01    0.372716035684964027E+03   -0.182489635054417221E+02    1
    0.131277018338797147E+01    0.146121691094711241E+04   -0.473050166968490071E+01    0.372717190003325868E+03   -0.182514635054417198E+02    1
    0.131479751709358750E+01    0.141112315471842930E+04   -0.472203308045864034E+01    0.372726008346029857E+03   -0.182539635054417104E+02    1
    0.131513501656473686E+01    0.137732421811700033E+04   -0.472526600697708510E+01    0.372730146532162280E+03   -0.182564635054417046E+02    1
    0.131319122863513837E+01    0.145641631491276189E+04   -0.474332033696047795E+01    0.372730168657646118E+03   -0.182589635054417094E+02    1
    0.131330923760754192E+01    0.139783996619765253E+04   -0.457184188323667673E+01    0.372730295767236157E+03   -0.182614635054417214E+02    1
    0.131490949835764437E+01    0.140762738562448385E+04   -0.473766879934970575E+01    0.372733065496880045E+03   -0.182639635054417120E+02    1
    0.131355297543886418E+01    0.143394457644362137E+04   -0.466481579223030707E+01    0.372735365415853948E+03   -0.182664635054417133E+02    1
    0.131336495193660019E+01    0.141469557116124565E+04   -0.459612373226055571E+01    0.372736124336183536E+03   -0.182689635054417430E+02    1
    0.131542617999838418E+01    0.132574945837614814E+04   -0.459220364921607427E+01    0.372737383544022009E+03   -0.182714635054417194E+02    1
    0.131606607373647311E+01    0.131904984656473516E+04   -0.461547487346927099E+01    0.372740484685558840E+03   -0.182739635054417171E+02    1
    0.131389763826350281E+01    0.136035793520817811E+04   -0.452704679542897281E+01    0.372742682977272239E+03   -0.182764635054417397E+02    1
    0.131624464874572533E+01    0.133389695866082297E+04   -0.462306578404081137E+01    0.372746320284358717E+03   -0.182789635054417126E+02    1
    0.131546480011164824E+01    0.138181553421862736E+04   -0.473520692841361068E+01    0.372747148408964279E+03   -0.182814635054416854E+02    1
    0.131462063680889463E+01    0.133025310297733085E+04   -0.448228459015164127E+01    0.372750555619125123E+03   -0.182839635054417045E+02    1
    0.131540111886518107E+01    0.130254333498234064E+04   -0.445555068715658642E+01    0.372750665416058212E+03   -0.182864635054417093E+02    1
    0.131293430638380304E+01    0.143105316843961259E+04   -0.463036521063007989E+01    0.372750756138752251E+03   -0.182889635054416928E+02    1
    0.131545683325546436E+01    0.132097747654516479E+04   -0.457494262729930057E+01    0.372751447765010312E+03   -0.182914635054417118E+02    1
    0.131290011354910563E+01    0.146338779874529996E+04   -0.475137407595093197E+01    0.372752345221123278E+03   -0.182939635054417238E+02    1
    0.131280135598736170E+01    0.144820742023418188E+04   -0.468910974999328101E+01    0.372752527547089016E+03   -0.182964635054417037E+02    1
    0.131314530272408403E+01    0.141702266251607216E+04   -0.465899385615313300E+01    0.372752669328890647E+03   -0.182989635054417015E+02    1
    0.131318040300712680E+01    0.141006566595370123E+04   -0.464233674337770008E+01    0.372754568543628807E+03   -0.183014635054417028E+02    1
    0.131354171922781182E+01    0.142005431167225743E+04   -0.462967897631840675E+01    0.372755177486455977E+03   -0.183039635054417182E+02    1
    0.131328012763357505E+01    0.139436751529213689E+04   -0.455433867183237950E+01    0.372755701884198800E+03   -0.183064635054417337E+02    1
    0.131653613358603838E+01    0.130217360918442682E+04   -0.457197422964843092E+01    0.372759528277657239E+03   -0.183089635054417066E+02    1
    0.131361986592414537E+01    0.138147783205433007E+04   -0.453951834163147616E+01    0.372762192972555681E+03   -0.183114635054417114E+02    1
    0.131323167137234820E+01    0.140738719395986891E+04   -0.463808655423986949E+01    0.372763174283384728E+03   -0.183139635054417198E+02    1
    0.131512156358598631E+01    0.134620882886234403E+04   -0.454199848252123495E+01    0.372766985779377194E+03   -0.183164635054416998E+02    1
    0.131485397478494592E+01    0.137933525067528217E+04   -0.461318817633449552E+01    0.372769288446704024E+03   -0.183189635054416975E+02    1
    0.131284342245909702E+01    0.144165500931782981E+04   -0.465507578953784051E+01    0.372771386776453824E+03   -0.183214635054417130E+02    1
    0.131466261222733016E+01    0.136566175784520851E+04   -0.465859555565119976E+01    0.372773587324773132E+03   -0.183239635054417072E+02    1
    0.131297228089903029E+01    0.142012209223241234E+04   -0.461231039744227100E+01    0.372773841661395522E+03   -0.183264635054417049E+02    1
    0.131352565380984143E+01    0.143668702026546407E+04   -0.475015818101794096E+01    0.372775706540232363E+03   -0.183289635054417204E+02    1
    0.131614216781366622E+01    0.129169451956859984E+04   -0.451832451857256778E+01    0.372776576496046118E+03   -0.183314635054417252E+02    1
    0.131413216009021538E+01    0.142514461670717355E+04   -0.476605691017169608E+01    0.372779635457702568E+03   -0.183339635054417123E+02    1
    0.131314355580335507E+01    0.142547204290712352E+04   -0.468268832903639165E+01    0.372780208463556733E+03   -0.183364635054416993E+02    1
    0.131471467961084487E+01    0.133986906938503398E+04   -0.449489079243999878E+01    0.372780366951774681E+03   -0.183389635054416935E+02    1
    0.131408766549163158E+01    0.138621886746978771E+04   -0.467041922427518230E+01    0.372780665055616964E+03   -0.183414635054417232E+02    1
    0.131567260428046873E+01    0.130377242854779456E+04   -0.452445384342950785E+01    0.372781558512230504E+03   -0.183439635054417280E+02    1
    0.131457828122440512E+01    0.139576385286818095E+04   -0.464675182308483592E+01    0.372781615845166812E+03   -0.183464635054417045E+02    1
    0.131528712778661405E+01    0.136303829627825007E+04   -0.469467288456207932E+01    0.372781779142219193E+03   -0.183489635054417271E+02    1
    0.131495318031834696E+01    0.133921414602895766E+04   -0.450707556979016921E+01    0.372783390633210217E+03   -0.183514635054417141E+02    1
    0.131577089892150734E+01    0.135522702165429405E+04   -0.465064544306321004E+01    0.372784806114564958E+03   -0.183539635054416799E+02    1
    0.131345521169705437E+01    0.144837393754124469E+04   -0.476429861009372146E+01    0.372786916216080272E+03   -0.183564635054416776E+02    1
    0.131341592898249027E+01    0.141240286783514557E+04   -0.468031228874663885E+01    0.372791521862319087E+03   -0.183589635054416895E+02    1
    0.131464630370132118E+01    0.133636090587908529E+04   -0.454086460253824509E+01    0.372794719219352601E+03   -0.183614635054417192E+02    1
    0.131627777308099025E+01    0.129948384748655599E+04   -0.455827223425424233E+01    0.372796283767707507E+03   -0.183639635054417241E+02    1
    0.131513677322605282E+01    0.137078076101456236E+04   -0.470647566320927080E+01    0.372798962791965323E+03   -0.183664635054416934E+02    1
    0.131296002253911070E+01    0.143556627879371126E+04   -0.466443350987008998E+01    0.372799044488594006E+03   -0.183689635054417053E+02    1
    0.131631717757334998E+01    0.128955618312484398E+04   -0.450211500444583290E+01    0.372801304125991578E+03   -0.183714635054417350E+02    1
    0.131500845952767076E+01    0.131902678970485704E+04   -0.450652910475685342E+01    0.372803114144861752E+03   -0.183739635054417434E+02    1
    0.131506174056105385E+01    0.138198967379796022E+04   -0.464081150539813692E+01    0.372803894130260915E+03   -0.183764635054417163E+02    1
    0.131584884377927391E+01    0.132792402312328500E+04   -0.462819237034150799E+01    0.372805161528643055E+03   -0.183789635054416998E+02    1
    0.131566367642337756E+01    0.130258697311597325E+04   -0.451664738707391766E+01    0.372806926824808841E+03   -0.183814635054417046E+02    1
    0.131437796313862032E+01    0.141430626742472555E+04   -0.476431761234088569E+01    0.372807365092911823E+03   -0.183839635054417236E+02    1
    0.131620359879366466E+01    0.130140676634181682E+04   -0.450915354826145975E+01    0.372808712323987493E+03   -0.183864635054417178E+02    1
    0.131436975980527393E+01    0.142549114606347507E+04   -0.475697741029317278E+01    0.372812719603464075E+03   -0.183889635054416836E+02    1
    0.131650976086804916E+01    0.129380277173278841E+04   -0.452672215785632037E+01    0.372813215869743487E+03   -0.183914635054416813E+02    1
    0.131278146302647780E+01    0.143282669725871438E+04   -0.463850432842667360E+01    0.372813950970598853E+03   -0.183939635054416790E+02    1
    0.131386182574418964E+01    0.136789175423342795E+04   -0.453262014774612165E+01    0.372814977177697756E+03   -0.183964635054416838E+02    1
    0.131505193435626944E+01    0.131362677560990710E+04   -0.447468349634444174E+01    0.372816066268170289E+03   -0.183989635054417136E+02    1
    0.131487742813780195E+01    0.140295451352867804E+04   -0.469629248613391237E+01    0.372818659886367072E+03   -0.184014635054417433E+02    1
    0.131387617416000002E+01    0.137320252075505368E+04   -0.452749294804546309E+01    0.372819754699650787E+03   -0.184039635054417232E+02    1
    0.131315444948853632E+01    0.144552547437865496E+04   -0.470029632423661603E+01    0.372819865858735170E+03   -0.184064635054417067E+02    1
    0.131568216300398766E+01    0.130958763682762947E+04   -0.454954608456950016E+01    0.372820370271350214E+03   -0.184089635054416974E+02    1
    0.131612405663346199E+01    0.129661081328782302E+04   -0.450217773811628241E+01    0.372820862996916276E+03   -0.184114635054417164E+02    1
    0.131623513443203022E+01    0.132213963489213347E+04   -0.457975624786122459E+01    0.372823127956955886E+03   -0.184139635054417177E+02    1
    0.131541393081982294E+01    0.136115279436240826E+04   -0.461065670238519321E+01    0.372823136401616580E+03   -0.184164635054416834E+02    1
    0.131607266516148780E+01    0.129011092036768696E+04   -0.449484051829988651E+01    0.372823810534823906E+03   -0.184189635054417131E+02    1
    0.131285905271827952E+01    0.145057579669236793E+04   -0.468965269919965166E+01    0.372829601239174508E+03   -0.184214635054417428E+02    1
    0.131334058434290402E+01    0.143020806804387644E+04   -0.471942786239504120E+01    0.372829798703265737E+03   -0.184239635054417477E+02    1
    0.131432508692179351E+01    0.142773091720337106E+04   -0.476731017798882029E+01    0.372832254701852094E+03   -0.184264635054417276E+02    1
    0.131540942513485604E+01    0.130758392025197031E+04   -0.450439883776200034E+01    0.372832436712361300E+03   -0.184289635054416934E+02    1
    0.131530134353168160E+01    0.131027378928076541E+04   -0.446980336125305566E+01    0.372833009497548119E+03   -0.184314635054417089E+02    1
    0.131448425144483250E+01    0.137453579222643521E+04   -0.456047032141464292E+01    0.372838523379341950E+03   -0.184339635054417315E+02    1
    0.131434363715405356E+01    0.142692245882508951E+04   -0.476007519526693113E+01    0.372842277111270676E+03   -0.184364635054417434E+02    1
    0.131594978157019415E+01    0.129136063709124028E+04   -0.448434874499227831E+01    0.372842861618236611E+03   -0.184389635054417340E+02    1
    0.131431189618153565E+01    0.142926493270484411E+04   -0.476906424069882373E+01    0.372845660196892368E+03   -0.184414635054417246E+02    1
    0.131572920309136920E+01    0.136288928596166716E+04   -0.466279547566219055E+01    0.372851992726879246E+03   -0.184439635054417259E+02    1
    0.131450263765356867E+01    0.137756584631872192E+04   -0.458248840686284087E+01    0.372854034065212772E+03   -0.184464635054417236E+02    1
    0.131502518059841433E+01    0.139699760807585108E+04   -0.470958117797830145E+01    0.372854102995561391E+03   -0.184489635054417001E+02    1
    0.131296706886305437E+01    0.143158130770608363E+04   -0.463628917612118485E+01    0.372856948577858475E+03   -0.184514635054416871E+02    1
    0.131618412582395039E+01    0.130720136329082516E+04   -0.453602288643419183E+01    0.372857847932158052E+03   -0.184539635054416848E+02    1
    0.131277778862670402E+01    0.145411616734145400E+04   -0.468817583131148652E+01    0.372859531414695084E+03   -0.184564635054416826E+02    1
    0.131604023489722644E+01    0.129247469001313061E+04   -0.450478220456264822E+01    0.372860869909992175E+03   -0.184589635054417052E+02    1
    0.131570120968638493E+01    0.131034086558368267E+04   -0.449022967156130104E+01    0.372861083423001617E+03   -0.184614635054417349E+02    1
    0.131536865011098314E+01    0.131015140951250692E+04   -0.451152293954038441E+01    0.372865038172529012E+03   -0.184639635054417504E+02    1
    0.131619442532741782E+01    0.130971497364660581E+04   -0.453943816756536922E+01    0.372868396713188133E+03   -0.184664635054417374E+02    1
    0.131352048084344797E+01    0.144462923899874454E+04   -0.470175371861417446E+01    0.372872885646992586E+03   -0.184689635054417209E+02    1
    0.131370270169155723E+01    0.137331783368963784E+04   -0.453341140857382729E+01    0.372877089178920528E+03   -0.184714635054417080E+02    1
    0.131409821704843432E+01    0.137637315835381628E+04   -0.455674650628682887E+01    0.372879152362032812E+03   -0.184739635054416986E+02    1
    0.131469233607176550E+01    0.136749183822476516E+04   -0.456927974415963867E+01    0.372881752145456630E+03   -0.184764635054416999E+02    1
    0.131428097602209593E+01    0.138646792961150391E+04   -0.459403827728008007E+01    0.372882202416406756E+03   -0.184789635054417190E+02    1
    0.131382370458174647E+01    0.144340187114487958E+04   -0.473328345667831663E+01    0.372882455926226783E+03   -0.184814635054417309E+02    1
    0.131505068835818673E+01    0.140425038661221265E+04   -0.473845535913646110E+01    0.372884772030633258E+03   -0.184839635054417180E+02    1
    0.131445292680177728E+01    0.136075254556929440E+04   -0.461519367502894085E+01    0.372885002049736954E+03   -0.184864635054416979E+02    1
    0.131281740745890185E+01    0.144133295006286539E+04   -0.467164013081497043E+01    0.372889185853915251E+03   -0.184889635054417099E+02    1
    0.131572085030470309E+01    0.136095770259784467E+04   -0.465991080865623708E+01    0.372892798223893010E+03   -0.184914635054417289E+02    1
    0.131298017121927146E+01    0.144465737984164934E+04   -0.471717221848873169E+01    0.372893506605251503E+03   -0.184939635054417195E+02    1
    0.131424717037690186E+01    0.139676025448640257E+04   -0.471378226043538717E+01    0.372895023284228387E+03   -0.184964635054417172E+02    1
    0.131321172074332271E+01    0.140845290413616658E+04   -0.463123923269306648E+01    0.372895695647639570E+03   -0.184989635054417150E+02    1
    0.131326468502763927E+01    0.144023253121595121E+04   -0.473261837481802328E+01    0.372896396404983989E+03   -0.185014635054417056E+02    1
    0.131630401100710737E+01    0.129945993872799272E+04   -0.453132469835765050E+01    0.372899530853892998E+03   -0.185039635054416998E+02    1
    0.131376888108043710E+01    0.141514562406819095E+04   -0.464472012549267443E+01    0.372901627504118096E+03   -0.185064635054416939E+02    1
    0.131437923551735003E+01    0.136171123438962059E+04   -0.460955541715524042E+01    0.372901687307896964E+03   -0.185089635054417023E+02    1
    0.131329834762156228E+01    0.143341238027261193E+04   -0.465189964948975820E+01    0.372903999224720678E+03   -0.185114635054417072E+02    1
    0.131526966580524762E+01    0.138618473217396513E+04   -0.472700201627789340E+01    0.372904807880454882E+03   -0.185139635054417084E+02    1
    0.131365490954855968E+01    0.142632839714421038E+04   -0.473403123924302971E+01    0.372906160540011058E+03   -0.185164635054417239E+02    1
    0.131341337342527154E+01    0.145170995935160045E+04   -0.476234644636849858E+01    0.372909037381480744E+03   -0.185189635054417323E+02    1
    0.131374538945483943E+01    0.137562134913392538E+04   -0.457133868787911446E+01    0.372909039677704641E+03   -0.185214635054417158E+02    1
    0.131329060422850641E+01    0.140968315344882922E+04   -0.459835601390427318E+01    0.372911882507303858E+03   -0.185239635054417100E+02    1
    0.131379893552302618E+01    0.142822192579555531E+04   -0.468409477417151443E+01    0.372913492062092132E+03   -0.185264635054417077E+02    1
    0.131487938896727652E+01    0.135774857806895261E+04   -0.455692720480650770E+01    0.372914987344847930E+03   -0.185289635054417126E+02    1
    0.131342826692849357E+01    0.142117179145582418E+04   -0.470216577523246926E+01    0.372916913093500966E+03   -0.185314635054417280E+02    1
    0.131533073295917147E+01    0.131016430025056025E+04   -0.449911275872598093E+01    0.372920570285216968E+03   -0.185339635054417222E+02    1
    0.131462750818005336E+01    0.133264028522477247E+04   -0.449117520830242523E+01    0.372920710838183766E+03   -0.185364635054417128E+02    1
    0.131434924632207539E+01    0.134667649667841761E+04   -0.452314007809606533E+01    0.372921327155318750E+03   -0.185389635054417283E+02    1
    0.131490386509079293E+01    0.136966340101527749E+04   -0.459102308350437216E+01    0.372922072978317772E+03   -0.185414635054417154E+02    1
    0.131576752140645903E+01    0.131053479304355869E+04   -0.449846554989618852E+01    0.372922571335064845E+03   -0.185439635054416954E+02    1
    0.131571224586536761E+01    0.131087279761476884E+04   -0.449434484907597742E+01    0.372924597635811722E+03   -0.185464635054417109E+02    1
    0.131460558533202576E+01    0.141395165816250596E+04   -0.470750265215149000E+01    0.372926292267418091E+03   -0.185489635054417263E+02    1
    0.131525298796704204E+01    0.138690421771188585E+04   -0.472701379451805526E+01    0.372930726026104821E+03   -0.185514635054417099E+02    1
    0.131458584021643032E+01    0.133749428035124629E+04   -0.452380561737320441E+01    0.372931987105637518E+03   -0.185539635054417076E+02    1
    0.131412017883057586E+01    0.141993157024100242E+04   -0.475458684442056700E+01    0.372933046167340933E+03   -0.185564635054417195E+02    1
    0.131364829096579205E+01    0.137999225160601031E+04   -0.457911659662857495E+01    0.372934972924589772E+03   -0.185589635054417137E+02    1
    0.131557271495733685E+01    0.137139564999700588E+04   -0.470757936733821492E+01    0.372935216274954712E+03   -0.185614635054417185E+02    1
    0.131614389805801379E+01    0.132842019858053959E+04   -0.461263248622393363E+01    0.372937837852048801E+03   -0.185639635054417234E+02    1
    0.131517358384889449E+01    0.139120873657223638E+04   -0.474084394908599549E+01    0.372938675213519161E+03   -0.185664635054417282E+02    1
    0.131592707638298356E+01    0.131342550989828806E+04   -0.451531671789425726E+01    0.372939185818195597E+03   -0.185689635054417366E+02    1
    0.131475211077589060E+01    0.138638234863487014E+04   -0.472021472214572579E+01    0.372939521928704266E+03   -0.185714635054417307E+02    1
    0.131456695744161300E+01    0.136902174126683235E+04   -0.465463797686741731E+01    0.372941501400699281E+03   -0.185739635054417107E+02    1
    0.131348913689154689E+01    0.139719945922221768E+04   -0.458266564993501735E+01    0.372941869025314134E+03   -0.185764635054416978E+02    1
    0.131338686599879573E+01    0.144793388806363168E+04   -0.474536385895946822E+01    0.372942566378110826E+03   -0.185789635054416991E+02    1
    0.131561958741902707E+01    0.130143749578456141E+04   -0.448614445463818790E+01    0.372943115222736822E+03   -0.185814635054417110E+02    1
    0.131503318517932599E+01    0.132267262195481680E+04   -0.447929616639631778E+01    0.372946227887235580E+03   -0.185839635054417265E+02    1
    0.131444648028770006E+01    0.142175718420712838E+04   -0.476762288746102136E+01    0.372946577533949949E+03   -0.185864635054417242E+02    1
    0.131444567571300208E+01    0.141767972533494185E+04   -0.471966719566119508E+01    0.372947718082294273E+03   -0.185889635054417255E+02    1
    0.131352518170761634E+01    0.139226738128575016E+04   -0.461715537552043465E+01    0.372947962323987667E+03   -0.185914635054417268E+02    1
    0.131438693165255649E+01    0.141214688224073939E+04   -0.467767244346545930E+01    0.372948099141281716E+03   -0.185939635054417280E+02    1
    0.131604606851668837E+01    0.131439933562192891E+04   -0.452949107187640720E+01    0.372949355809321787E+03   -0.185964635054417258E+02    1
    0.131619569132543068E+01    0.130225115170362915E+04   -0.451879296669730390E+01    0.372953400298109898E+03   -0.185989635054417199E+02    1
    0.131429183574034059E+01    0.138883805615505389E+04   -0.459955697926644902E+01    0.372954596374394157E+03   -0.186014635054417212E+02    1
    0.131568631681182557E+01    0.130449790781996467E+04   -0.451906165000079341E+01    0.372957833777480005E+03   -0.186039635054417261E+02    1
    0.131341567214344446E+01    0.143357247694548641E+04   -0.466147392152714257E+01    0.372958355289945871E+03   -0.186064635054417202E+02    1
    0.131482449894274800E+01    0.133258818534037528E+04   -0.454048841189226504E+01    0.372959483121039568E+03   -0.186089635054417109E+02    1
    0.131591469333607614E+01    0.129959211485697642E+04   -0.451681205299722244E+01    0.372961329475384787E+03   -0.186114635054417228E+02    1
    0.131597111639821485E+01    0.129998264093896069E+04   -0.452514307690807982E+01    0.372963002108724424E+03   -0.186139635054417383E+02    1
    0.131294370785380621E+01    0.143990443041722165E+04   -0.467563521029836160E+01    0.372964892901363385E+03   -0.186164635054417431E+02    1
    0.131594412723023568E+01    0.133508377189732823E+04   -0.460933810158516799E+01    0.372965165125294106E+03   -0.186189635054417373E+02    1
    0.131478104495143544E+01    0.133197677437941411E+04   -0.448931555990716546E+01    0.372966949832091359E+03   -0.186214635054417350E+02    1
    0.131399576567399978E+01    0.141629692885686472E+04   -0.473670410664902963E+01    0.372967086686711241E+03   -0.186239635054417292E+02    1
    0.131577665084427475E+01    0.133483005803241031E+04   -0.456231440226170992E+01    0.372967266357194660E+03   -0.186264635054417056E+02    1
    0.131627274955760121E+01    0.131013612034904372E+04   -0.456377748246433423E+01    0.372967302363420004E+03   -0.186289635054417175E+02    1
    0.131366803025218415E+01    0.137917932899259949E+04   -0.455769647067201511E+01    0.372967645517367259E+03   -0.186314635054417295E+02    1
    0.131479074356692349E+01    0.136034809287737767E+04   -0.455447757677083320E+01    0.372969001840455348E+03   -0.186339635054417236E+02    1
    0.131427047434501243E+01    0.135569182722894175E+04   -0.456548529437986161E+01    0.372969341179969092E+03   -0.186364635054417107E+02    1
    0.131523027476571874E+01    0.138733789343377634E+04   -0.471215024609857469E+01    0.372969589660208783E+03   -0.186389635054416942E+02    1
    0.131595269598830522E+01    0.130676340654084106E+04   -0.451823027855346027E+01    0.372971358604676084E+03   -0.186414635054417062E+02    1
    0.131536084737511683E+01    0.131996541065793144E+04   -0.449458247269082101E+01    0.372972224026495780E+03   -0.186439635054417110E+02    1
    0.131495758658215234E+01    0.133127279039237783E+04   -0.449408532179371889E+01    0.372974998314235677E+03   -0.186464635054416981E+02    1
    0.131623318052959770E+01    0.132382961624708423E+04   -0.461396751367965940E+01    0.372975358808490114E+03   -0.186489635054416958E+02    1
    0.131553865579695106E+01    0.136972284974596732E+04   -0.467580550857557853E+01    0.372975822064839633E+03   -0.186514635054417113E+02    1
    0.131524991963446802E+01    0.135164683583250735E+04   -0.456620242604831894E+01    0.372976623642868958E+03   -0.186539635054417232E+02    1
    0.131372023047527708E+01    0.137748097236836202E+04   -0.456208208992520259E+01    0.372978072336506330E+03   -0.186564635054417209E+02    1
    0.131533280775196082E+01    0.134349194665961022E+04   -0.463422766339469661E+01    0.372979477481499202E+03   -0.186589635054417222E+02    1
    0.131567281864690111E+01    0.132948460181926225E+04   -0.461462266173760494E+01    0.372979561666577411E+03   -0.186614635054417235E+02    1
    0.131371071075065760E+01    0.143774191454833795E+04   -0.475376564067573071E+01    0.372981873828111361E+03   -0.186639635054417070E+02    1
    0.131333079175564293E+01    0.142810196587731434E+04   -0.465368285705365015E+01    0.372984235528935244E+03   -0.186664635054417083E+02    1
    0.131585731599232969E+01    0.130207820915050615E+04   -0.448917116439543840E+01    0.372984700504542502E+03   -0.186689635054417167E+02    1
    0.131510619158354070E+01    0.135570771023544808E+04   -0.465718084939649746E+01    0.372986390331180985E+03   -0.186714635054417109E+02    1
    0.131437355656590094E+01    0.142423136545572061E+04   -0.472314817291633116E+01    0.372986851203702429E+03   -0.186739635054417086E+02    1
    0.131436591719320006E+01    0.138518046298672903E+04   -0.468722127411329925E+01    0.372987131384339364E+03   -0.186764635054417063E+02    1
    0.131483506731737942E+01    0.134490843224735181E+04   -0.451041055464457674E+01    0.372987335863298313E+03   -0.186789635054417289E+02    1
    0.131322729593555287E+01    0.144133689942644151E+04   -0.468117544481404391E+01    0.372989347757682708E+03   -0.186814635054417231E+02    1
    0.131518524097718315E+01    0.135593220105263549E+04   -0.466331072552821979E+01    0.372989936228590750E+03   -0.186839635054417208E+02    1
    0.131599287218453376E+01    0.133949380850810621E+04   -0.463009864816905736E+01    0.372990433094189143E+03   -0.186864635054417292E+02    1
    0.131517138923819688E+01    0.133012615945306129E+04   -0.450547311901787495E+01    0.372992789122964496E+03   -0.186889635054417198E+02    1
    0.131524015080412804E+01    0.137761539577422400E+04   -0.471806850993760563E+01    0.372995822001062038E+03   -0.186914635054417140E+02    1
    0.131512480233696127E+01    0.139420649206489679E+04   -0.474340097483863499E+01    0.372996347884430747E+03   -0.186939635054417117E+02    1
    0.131490272842854417E+01    0.133433840100158613E+04   -0.449247107467651929E+01    0.372997020166283505E+03   -0.186964635054417023E+02    1
    0.131498537239701663E+01    0.140321798995155336E+04   -0.472789572950118142E+01    0.372997338396272880E+03   -0.186989635054416929E+02    1
    0.131338088403854103E+01    0.141693009282427056E+04   -0.467892744420963602E+01    0.372997359302002906E+03   -0.187014635054416978E+02    1
    0.131564870772099307E+01    0.135396737695958018E+04   -0.461617614552286692E+01    0.372997773154815434E+03   -0.187039635054417168E+02    1
    0.131523375725280256E+01    0.137517383184534674E+04   -0.465911750499846011E+01    0.373000992330772988E+03   -0.187064635054417181E+02    1
    0.131472907587623933E+01    0.139610304946610268E+04   -0.467135261382021394E+01    0.373002340205516134E+03   -0.187089635054417265E+02    1
    0.131422192811389027E+01    0.138675393275951001E+04   -0.459378315501096157E+01    0.373002537049290254E+03   -0.187114635054417349E+02    1
    0.131365050151664509E+01    0.143808729377768805E+04   -0.475030528164554156E+01    0.373003058642167730E+03   -0.187139635054417255E+02    1
    0.131487142106607169E+01    0.134950505590786634E+04   -0.453411781093569743E+01    0.373003643847031185E+03   -0.187164635054417161E+02    1
    0.131505275730661930E+01    0.136859802044454364E+04   -0.460662143135608027E+01    0.373004047462441406E+03   -0.187189635054417280E+02    1
    0.131365299308241745E+01    0.140784158483590932E+04   -0.468459032645199169E+01    0.373005282475439799E+03   -0.187214635054417222E+02    1
    0.131406844891524122E+01    0.140062418375633001E+04   -0.461541109442124764E+01    0.373006773440201073E+03   -0.187239635054417235E+02    1
    0.131406250062189045E+01    0.137493598123833135E+04   -0.454061290696944209E+01    0.373007551276115862E+03   -0.187264635054417354E+02    1
    0.131632705704349307E+01    0.130476228660503239E+04   -0.455947304981498824E+01    0.373008168528982310E+03   -0.187289635054417083E+02    1
    0.131441931213028740E+01    0.140140809696894303E+04   -0.473434798700530557E+01    0.373008285178654660E+03   -0.187314635054417060E+02    1
    0.131554005453680745E+01    0.136809302210386431E+04   -0.467667818876385777E+01    0.373009306150228213E+03   -0.187339635054417073E+02    1
    0.131360281846266091E+01    0.143933103463348243E+04   -0.470991845990046087E+01    0.373011008015414404E+03   -0.187364635054417192E+02    1
    0.131495889394129062E+01    0.137142665113058843E+04   -0.469040954179247827E+01    0.373013032050220772E+03   -0.187389635054417312E+02    1
    0.131423739922124838E+01    0.142264100806235479E+04   -0.476260510799416270E+01    0.373013750601693630E+03   -0.187414635054417182E+02    1
    0.131432041131472799E+01    0.136995971010154017E+04   -0.455081147439863987E+01    0.373013887570151667E+03   -0.187439635054417266E+02    1
    0.131499816087432930E+01    0.138741671708497006E+04   -0.467024647940719273E+01    0.373014225903159115E+03   -0.187464635054417386E+02    1
    0.131429804670603612E+01    0.136070795898536267E+04   -0.459130313866951578E+01    0.373015214341180013E+03   -0.187489635054417292E+02    1
    0.131443579331008586E+01    0.141453645603118161E+04   -0.468983134580006400E+01    0.373015415466400214E+03   -0.187514635054417340E+02    1
    0.131578283976160804E+01    0.130557894445639340E+04   -0.451647331633079041E+01    0.373017022660537123E+03   -0.187539635054417424E+02    1
    0.131371365765158399E+01    0.143446265372427843E+04   -0.475480899387793965E+01    0.373018244432025142E+03   -0.187564635054417472E+02    1
    0.131482618118760519E+01    0.139411442757894429E+04   -0.466004489354264706E+01    0.373018936777833972E+03   -0.187589635054417307E+02    1
    0.131534766879939413E+01    0.131380084959755186E+04   -0.451745809992241298E+01    0.373021427570178389E+03   -0.187614635054417285E+02    1
    0.131591734833724106E+01    0.131659534785703818E+04   -0.458404638745005144E+01    0.373021451300840397E+03   -0.187639635054417191E+02    1
    0.131340004846817315E+01    0.139881889538305359E+04   -0.458707340706131284E+01    0.373021676470979344E+03   -0.187664635054417133E+02    1
    0.131550721514642355E+01    0.131587076199022931E+04   -0.454620331070911199E+01    0.373022101523316053E+03   -0.187689635054417145E+02    1
    0.131541126473529868E+01    0.135475533872498863E+04   -0.458868567467425859E+01    0.373023196189385033E+03   -0.187714635054416945E+02    1
    0.131368908962526421E+01    0.139140550728193989E+04   -0.456987413293722877E+01    0.373023588805717623E+03   -0.187739635054417100E+02    1
    0.131498371503725608E+01    0.140049828626950853E+04   -0.472319235734352727E+01    0.373023790438250103E+03   -0.187764635054417113E+02    1
    0.131435074187068968E+01    0.135291142425358930E+04   -0.451216284170323423E+01    0.373025173908954343E+03   -0.187789635054416983E+02    1
    0.131364401228919236E+01    0.138524215308274506E+04   -0.459256695439521589E+01    0.373028029603675463E+03   -0.187814635054417245E+02    1
    0.131522715391117795E+01    0.132209078098705095E+04   -0.454179370977735974E+01    0.373029295955010411E+03   -0.187839635054417435E+02    1
    0.131324842484767057E+01    0.143634217034612288E+04   -0.470788012813916179E+01    0.373030495090599800E+03   -0.187864635054417235E+02    1
    0.131296355267837073E+01    0.145435518073496655E+04   -0.472311049436139285E+01    0.373030986403562508E+03   -0.187889635054417070E+02    1
    0.131415608198024225E+01    0.138194866708423160E+04   -0.456835986972171604E+01    0.373031459496681009E+03   -0.187914635054417296E+02    1
    0.131563462078156057E+01    0.134605827183730707E+04   -0.460391036795577069E+01    0.373031969493426402E+03   -0.187939635054417380E+02    1
    0.131412894502268229E+01    0.140005024338258863E+04   -0.462009733984979842E+01    0.373032648441781475E+03   -0.187964635054417251E+02    1
    0.131487765578171989E+01    0.134301583192016801E+04   -0.451350741275824863E+01    0.373033026964999181E+03   -0.187989635054417050E+02    1
    0.131436872242704506E+01    0.136705348573141555E+04   -0.462475126033910033E+01    0.373034126807600558E+03   -0.188014635054416956E+02    1
    0.131583926483733804E+01    0.130577711584664348E+04   -0.452200981662045010E+01    0.373034192386677546E+03   -0.188039635054417005E+02    1
    0.131621026892283322E+01    0.131049897033250227E+04   -0.456434254127079608E+01    0.373039136265415152E+03   -0.188064635054417089E+02    1
    0.131361043156407709E+01    0.140133311850547693E+04   -0.458989333289296386E+01    0.373039599083501059E+03   -0.188089635054417172E+02    1
    0.131587440819806689E+01    0.133661732230402140E+04   -0.460474079649027423E+01    0.373043522190761735E+03   -0.188114635054417079E+02    1
    0.131557324409888521E+01    0.134972064243544037E+04   -0.466492952146566076E+01    0.373043756396790116E+03   -0.188139635054417163E+02    1
    0.131473406126278358E+01    0.136013438974236897E+04   -0.463689060215139914E+01    0.373043907688476509E+03   -0.188164635054417246E+02    1
    0.131468454804907586E+01    0.138797260029188510E+04   -0.471635800274388473E+01    0.373045177634774177E+03   -0.188189635054417082E+02    1
    0.131580809329998361E+01    0.130186432502596017E+04   -0.450812879981520265E+01    0.373046308914385065E+03   -0.188214635054417236E+02    1
    0.131452597395802151E+01    0.134510067166436806E+04   -0.454653607998538423E+01    0.373046515012144141E+03   -0.188239635054417285E+02    1
    0.131529849049564418E+01    0.131273024632650777E+04   -0.449517167337290591E+01    0.373047836285570611E+03   -0.188264635054417262E+02    1
    0.131539499321065256E+01    0.132139140625583741E+04   -0.450045499893824363E+01    0.373048079489964550E+03   -0.188289635054417310E+02    1
    0.131447811702518025E+01    0.139555476587901649E+04   -0.472260786467063909E+01    0.373048258045990394E+03   -0.188314635054417181E+02    1
    0.131329043926576250E+01    0.144106124152728307E+04   -0.468827355490049058E+01    0.373048869916011768E+03   -0.188339635054417229E+02    1
    0.131352019273465137E+01    0.143583909628126185E+04   -0.473091892325146457E+01    0.373055625328838630E+03   -0.188364635054417349E+02    1
    0.131557349961600578E+01    0.136372202786933394E+04   -0.469454898586899549E+01    0.373056000579115562E+03   -0.188389635054417184E+02    1
    0.131573582228754327E+01    0.132789555301829819E+04   -0.455388781452699831E+01    0.373056492954001840E+03   -0.188414635054416948E+02    1
    0.131594064886768858E+01    0.133674443992463921E+04   -0.462521477075222709E+01    0.373058807129946899E+03   -0.188439635054417067E+02    1
    0.131366489409571896E+01    0.143443774157113194E+04   -0.468561907243986475E+01    0.373058967882361912E+03   -0.188464635054417187E+02    1
    0.131303438598194910E+01    0.144098763083395465E+04   -0.469670302727037203E+01    0.373059728550591217E+03   -0.188489635054417128E+02    1
    0.131434810596955964E+01    0.136686422231036613E+04   -0.462064321430717673E+01    0.373060454837677355E+03   -0.188514635054417283E+02    1
    0.131390672639427408E+01    0.137354046904077177E+04   -0.453889062483760242E+01    0.373063111711806187E+03   -0.188539635054417438E+02    1
    0.131580474109721979E+01    0.132192419190730152E+04   -0.459402107123708880E+01    0.373063971750401890E+03   -0.188564635054417344E+02    1
    0.131587560727821096E+01    0.133893045108250112E+04   -0.464330747637157959E+01    0.373066848214899551E+03   -0.188589635054417144E+02    1
    0.131580689070937873E+01    0.133426381814323304E+04   -0.463219702304247516E+01    0.373066969961770099E+03   -0.188614635054416979E+02    1
    0.131576095206331023E+01    0.130715475609017858E+04   -0.451572813538926088E+01    0.373068149769213619E+03   -0.188639635054417063E+02    1
    0.131381518031519651E+01    0.139967194942736569E+04   -0.467663764588138609E+01    0.373069573196617512E+03   -0.188664635054417253E+02    1
    0.131498847985289102E+01    0.133634375617855721E+04   -0.457354723375700445E+01    0.373069786801288501E+03   -0.188689635054417160E+02    1
    0.131553602609166309E+01    0.130937979583912170E+04   -0.450849234632079465E+01    0.373070202290658699E+03   -0.188714635054417066E+02    1
    0.131328945721057533E+01    0.140797326359433214E+04   -0.462689067480239657E+01    0.373071948329389159E+03   -0.188739635054417114E+02    1
    0.131426808842050824E+01    0.135771558971218792E+04   -0.456914441392897253E+01    0.373073880195068341E+03   -0.188764635054417091E+02    1
    0.131420048633530584E+01    0.139275142393192209E+04   -0.460065752338846501E+01    0.373076069722306784E+03   -0.188789635054417317E+02    1
    0.131559671628106867E+01    0.130883078265509130E+04   -0.451347079849407340E+01    0.373076299352696140E+03   -0.188814635054417224E+02    1
    0.131425307542529213E+01    0.139230692749580339E+04   -0.460413353408269810E+01    0.373076792977203581E+03   -0.188839635054417059E+02    1
    0.131601228609805010E+01    0.130874562149105714E+04   -0.455465096679072889E+01    0.373076964465417632E+03   -0.188864635054417001E+02    1
    0.131472106053998306E+01    0.139677717674552696E+04   -0.473691008809682135E+01    0.373076985082954934E+03   -0.188889635054417084E+02    1
    0.131437262941611355E+01    0.141599546527417260E+04   -0.474764814613830310E+01    0.373077025292001167E+03   -0.188914635054417275E+02    1
    0.131592719498334931E+01    0.133962324358685737E+04   -0.462360207033355231E+01    0.373077356621867807E+03   -0.188939635054417217E+02    1
    0.131530475716168049E+01    0.134422089741780064E+04   -0.454797942265405553E+01    0.373078310972494251E+03   -0.188964635054417158E+02    1
    0.131533396688494264E+01    0.137606749942803913E+04   -0.468627521857914431E+01    0.373079855269149618E+03   -0.188989635054417100E+02    1
    0.131341305725686586E+01    0.142336892070279737E+04   -0.463577321374116913E+01    0.373080088002278103E+03   -0.189014635054417184E+02    1
    0.131389494944419671E+01    0.141888541872829728E+04   -0.466512891781170680E+01    0.373082291366028244E+03   -0.189039635054417268E+02    1
    0.131567456205927957E+01    0.135032728831446457E+04   -0.461889331021228955E+01    0.373086648249738516E+03   -0.189064635054417138E+02    1
    0.131362315105403238E+01    0.143194697080817627E+04   -0.473896811950105779E+01    0.373090725521443517E+03   -0.189089635054417116E+02    1
    0.131565162989590290E+01    0.130918737069352369E+04   -0.450505553105924328E+01    0.373091223526719716E+03   -0.189114635054417128E+02    1
    0.131387044933142794E+01    0.138334691542906671E+04   -0.455764417597024707E+01    0.373093193966086744E+03   -0.189139635054417177E+02    1
    0.131375576274487482E+01    0.143923865140925045E+04   -0.474440918998957084E+01    0.373093262821096289E+03   -0.189164635054417261E+02    1
    0.131411732127329550E+01    0.139799036950725963E+04   -0.469995997851585301E+01    0.373093557707652792E+03   -0.189189635054417238E+02    1
    0.131515274091522061E+01    0.138582929404147080E+04   -0.471762487121675633E+01    0.373094723084634097E+03   -0.189214635054417144E+02    1
    0.131509715891401191E+01    0.132512975066496870E+04   -0.451828073861899693E+01    0.373095221325258876E+03   -0.189239635054417228E+02    1
    0.131557733110581543E+01    0.135811441774791729E+04   -0.464148369297085228E+01    0.373096510411045074E+03   -0.189264635054417489E+02    1
    0.131509161752492121E+01    0.136448608972562783E+04   -0.467620831165729278E+01    0.373097001046602145E+03   -0.189289635054417538E+02    1
    0.131510417334751550E+01    0.132109973382382759E+04   -0.450043383276452236E+01    0.373097122343446472E+03   -0.189314635054417231E+02    1
    0.131610347848558495E+01    0.131137914323334144E+04   -0.454755672324136917E+01    0.373099768551859199E+03   -0.189339635054417244E+02    1
    0.131448091579082016E+01    0.134668928431496533E+04   -0.454048383368205055E+01    0.373100972722108850E+03   -0.189364635054417541E+02    1
    0.131379491783291202E+01    0.142353532524437105E+04   -0.466289601222934191E+01    0.373101746031228686E+03   -0.189389635054417411E+02    1
    0.131466232800403304E+01    0.140650404788217475E+04   -0.474250610223356972E+01    0.373102227450589226E+03   -0.189414635054417353E+02    1
    0.131408048351101292E+01    0.141630118169106663E+04   -0.473641099675057298E+01    0.373103969361492489E+03   -0.189439635054417295E+02    1
    0.131380346195645847E+01    0.138599996870940072E+04   -0.462327716896549745E+01    0.373104041779462534E+03   -0.189464635054417201E+02    1
    0.131323831802380853E+01    0.143878451307923478E+04   -0.469086479685414570E+01    0.373105055471131379E+03   -0.189489635054417320E+02    1
    0.131571350691991129E+01    0.131834296275896895E+04   -0.457164459952249835E+01    0.373105226399949800E+03   -0.189514635054417369E+02    1
    0.131462342854902348E+01    0.141151092006528825E+04   -0.475284090589949670E+01    0.373105338717280063E+03   -0.189539635054417346E+02    1
    0.131367248130096970E+01    0.143644852581844134E+04   -0.472820429220918292E+01    0.373105678667912457E+03   -0.189564635054417181E+02    1
    0.131383221320885557E+01    0.137319055191713551E+04   -0.454497307825258545E+01    0.373106067861841211E+03   -0.189589635054417229E+02    1
    0.131324702984654351E+01    0.144206267002070467E+04   -0.472483784370552673E+01    0.373106771346897915E+03   -0.189614635054417313E+02    1
    0.131497612280008824E+01    0.135725002996712465E+04   -0.464709572045677444E+01    0.373108019959567116E+03   -0.189639635054417255E+02    1
    0.131443552532534258E+01    0.136476336669962507E+04   -0.461930837516119297E+01    0.373109661321871840E+03   -0.189664635054417232E+02    1
    0.131611659530941383E+01    0.131442953140868917E+04   -0.458105069163836731E+01    0.373110187907540649E+03   -0.189689635054417209E+02    1
    0.131440198253677942E+01    0.140161936875117840E+04   -0.464827004656708898E+01    0.373110427360632116E+03   -0.189714635054417187E+02    1
    0.131348064210702553E+01    0.139402365449856848E+04   -0.460861118507260681E+01    0.373113232689101778E+03   -0.189739635054417022E+02    1
    0.131483003658108966E+01    0.139724143788920173E+04   -0.469251249094616973E+01    0.373114842128849773E+03   -0.189764635054417283E+02    1
    0.131444920867231296E+01    0.139427463786058433E+04   -0.471399924792250236E+01    0.373115017374375384E+03   -0.189789635054417261E+02    1
    0.131594295925600036E+01    0.133165128130095763E+04   -0.458886809122940509E+01    0.373115090602505575E+03   -0.189814635054417060E+02    1
    0.131400236743101795E+01    0.140567393118574182E+04   -0.463922836278538497E+01    0.373117584268048631E+03   -0.189839635054416966E+02    1
    0.131333060779356448E+01    0.142557565088161414E+04   -0.466433892751063794E+01    0.373121145861652906E+03   -0.189864635054416873E+02    1
    0.131384796997820241E+01    0.140863611056725358E+04   -0.463102965298554903E+01    0.373121165608924457E+03   -0.189889635054417134E+02    1
    0.131455311341889325E+01    0.135182559797508407E+04   -0.458238136390579243E+01    0.373121515846287139E+03   -0.189914635054417182E+02    1
    0.131441206118527298E+01    0.141931630011224161E+04   -0.473295941960884115E+01    0.373122317828339078E+03   -0.189939635054417231E+02    1
    0.131429923839067908E+01    0.138888012754895362E+04   -0.468745691170702816E+01    0.373124227383368179E+03   -0.189964635054417208E+02    1
    0.131366649832522864E+01    0.141346407079878168E+04   -0.462368693275489839E+01    0.373127388139124662E+03   -0.189989635054417043E+02    1
    0.131372012717530140E+01    0.143250173614532264E+04   -0.469138838508666112E+01    0.373130040697552317E+03   -0.190014635054417127E+02    1
    0.131521281042911586E+01    0.132958731466311156E+04   -0.456767099461011927E+01    0.373130150945593812E+03   -0.190039635054417211E+02    1
    0.131477711401975683E+01    0.138255848010510454E+04   -0.462119984858173982E+01    0.373130202601425594E+03   -0.190064635054417117E+02    1
    0.131319432135755676E+01    0.142924047682081050E+04   -0.468180134688288163E+01    0.373131456750886457E+03   -0.190089635054416917E+02    1
    0.131422644996348970E+01    0.141774084961147173E+04   -0.474542039329153553E+01    0.373131750824171831E+03   -0.190114635054416894E+02    1
    0.131382287841800105E+01    0.142563749088044960E+04   -0.473291803126101840E+01    0.373132249919846799E+03   -0.190139635054417120E+02    1
    0.131372973383615221E+01    0.144206399559142801E+04   -0.474285830569665379E+01    0.373132849573979115E+03   -0.190164635054417204E+02    1
    0.131413858786527671E+01    0.140352819640827829E+04   -0.462809761141570242E+01    0.373134261302604841E+03   -0.190189635054417181E+02    1
    0.131530647694864045E+01    0.135514512343181968E+04   -0.460165678194095928E+01    0.373134745230621718E+03   -0.190214635054417371E+02    1
    0.131565007090507113E+01    0.131781465985121577E+04   -0.456173208150180098E+01    0.373134822931530607E+03   -0.190239635054417349E+02    1
    0.131508676806393354E+01    0.139215495980753690E+04   -0.473086328125175015E+01    0.373135527667774738E+03   -0.190264635054417326E+02    1
    0.131448873288538470E+01    0.139987332988155231E+04   -0.465549794292304675E+01    0.373141000545931320E+03   -0.190289635054417481E+02    1
    0.131364243614454845E+01    0.141856769649495845E+04   -0.464845336334872439E+01    0.373141528379377746E+03   -0.190314635054417529E+02    1
    0.131545450053201929E+01    0.133436286070376855E+04   -0.453564935233751410E+01    0.373145069388482909E+03   -0.190339635054417506E+02    1
    0.131317752127943255E+01    0.142261151001941380E+04   -0.463134065657678562E+01    0.373145431633227759E+03   -0.190364635054417235E+02    1
