    0.133996141156936810E+01    0.435226177730669519E+03   -0.113435308981154215E+01   -0.388384629191107678E+01   -0.723785708251015958E+01    0.167490550053607194E+03
    0.134219053585646009E+01    0.415016675692531635E+03   -0.568670916064929521E+01   -0.101820026173984068E+01   -0.765236697673310662E+01    0.168012142246385679E+03
    0.133952747160870045E+01    0.413916789773560026E+03   -0.104801167526382422E+01   -0.104417170975054816E+02   -0.626014196891661623E+01    0.170239430329055608E+03
    0.133958792766138624E+01    0.406910201313500238E+03   -0.121577197810467830E+01   -0.906610566601837320E+01   -0.904967460531266354E+01    0.170572050417388539E+03
    0.134018075379674140E+01    0.419750389565801072E+03   -0.114872284433367966E+01   -0.921438051323168672E+01   -0.118860713794064274E+02    0.171512581965528113E+03
    0.133912481906754577E+01    0.476826120009381157E+03   -0.100901252464726809E+01   -0.745090631769004652E+01   -0.119504678658642316E+02    0.171672421605337320E+03
    0.133916739274266550E+01    0.464387734659636862E+03   -0.101120867799195580E+01   -0.932979609105152541E+01   -0.107887370099399575E+02    0.171834776322585412E+03
    0.134139849810899325E+01    0.409958143425273931E+03   -0.230798939788174984E+01   -0.110336411859479000E+01   -0.933998557644655492E+01    0.171910011473057637E+03
    0.134006868243872468E+01    0.457243072125476488E+03   -0.106584664443676935E+01   -0.595172593004441275E+01   -0.118187696168588321E+02    0.171917857205230177E+03
    0.133929252015806566E+01    0.400242774297114011E+03   -0.110066747239502760E+01   -0.689981414814731409E+01   -0.101682130872343635E+02    0.172476552701695084E+03
    0.133999249439114321E+01    0.440309159616566831E+03   -0.105346409500651106E+01   -0.975519139273575142E+01   -0.781359252249748870E+01    0.172584984708677439E+03
    0.134086406511574241E+01    0.425748182464208980E+03   -0.131833840830985238E+01   -0.117381407027317941E+01   -0.659903243081801971E+01    0.172632196802949409E+03
    0.134094765751736644E+01    0.446680181123299633E+03   -0.141986943135345633E+01   -0.111236383802484795E+01   -0.684556589041584473E+01    0.172658241646128943E+03
    0.134090124988690529E+01    0.424685547899055564E+03   -0.108259560977280955E+01   -0.535016240537833099E+01   -0.808262777075133343E+01    0.172710723046298597E+03
    0.134199445684523866E+01    0.435033864530583003E+03   -0.183946098817966686E+01   -0.101155233683380352E+01   -0.525156136541135066E+01    0.172874216359703439E+03
    0.133917366763374868E+01    0.432176701383578916E+03   -0.100543514912596166E+01   -0.361707745852311113E+01   -0.109675752749617370E+02    0.172893683002179216E+03
    0.134139057508040449E+01    0.428400266041138707E+03   -0.103828495199447524E+01   -0.112146034293966501E+01   -0.809980235186057662E+01    0.172963948174973552E+03
    0.134049502792157771E+01    0.427943520077932646E+03   -0.106170114866982956E+01   -0.904819254980509058E+01   -0.770225489466094526E+01    0.172986978773745022E+03
    0.134184524098372382E+01    0.410585610268095763E+03   -0.102935047309984995E+01   -0.528305829740891042E+01   -0.738463884752269983E+01    0.173120014449986627E+03
    0.133950436669747219E+01    0.411893536225493619E+03   -0.112542819090547042E+01   -0.785614988900894229E+01   -0.117621852680475385E+02    0.173206764597917072E+03
    0.134133370719137934E+01    0.428339308075918780E+03   -0.155372553503743127E+01   -0.102076599682515123E+01   -0.625113967092625344E+01    0.173334650188502621E+03
    0.134183572271136642E+01    0.420720040779440069E+03   -0.101746858583204158E+01   -0.574149427658603528E+01   -0.102824619707026450E+02    0.173363543315922129E+03
    0.133992013958950551E+01    0.428190109137877528E+03   -0.109008693924986844E+01   -0.909791860049467971E+01   -0.101153639225125023E+02    0.173390446873011797E+03
    0.134018733089058228E+01    0.417890868576216292E+03   -0.111010834447439777E+01   -0.937111937810891860E+01   -0.955463042248892158E+01    0.173502873169969860E+03
    0.134173116944736992E+01    0.404699202519943412E+03   -0.206981513451956900E+01   -0.107155836098509560E+01   -0.606385193115237353E+01    0.173547441246784615E+03
    0.134021285958603231E+01    0.456052001577478734E+03   -0.101084666776845111E+01   -0.915761562095161352E+01   -0.104428367755399822E+02    0.173661526400249898E+03
    0.133969018715905497E+01    0.402766003823941389E+03   -0.113837187900296755E+01   -0.841259572635670949E+01   -0.102451001659152681E+02    0.173708457646842760E+03
    0.133927708037049742E+01    0.428188880104344946E+03   -0.105203686044802325E+01   -0.378113701482085673E+01   -0.996801820619954881E+01    0.173721878892991867E+03
    0.134011223208969765E+01    0.404396803829153214E+03   -0.113398007289398350E+01   -0.930822605924839586E+01   -0.840957829039786198E+01    0.173765863715015485E+03
    0.134055750844372845E+01    0.404661146248197952E+03   -0.104958770044323124E+01   -0.211777829432445230E+01   -0.901735106241161510E+01    0.173793862745061858E+03
    0.133936025578344475E+01    0.405118826573583192E+03   -0.116430132680654275E+01   -0.554259155872353837E+01   -0.977666514227303729E+01    0.173856672040160959E+03
    0.134306013267091795E+01    0.436703350944779288E+03   -0.134511609757502626E+01   -0.107514073363356744E+01   -0.885549447704791248E+01    0.173915856766132947E+03
    0.134032576576994833E+01    0.456060613054346163E+03   -0.102295750605411229E+01   -0.458714926538963041E+01   -0.889112741622126279E+01    0.173920226720480628E+03
    0.134251323567261704E+01    0.427018010228380604E+03   -0.118505875415054440E+01   -0.115364472530251128E+01   -0.479845394762792221E+01    0.173937929736411832E+03
    0.133927780167443400E+01    0.425594172625523470E+03   -0.100877400553057406E+01   -0.468124735707585060E+01   -0.999799350066027692E+01    0.173943292301710073E+03
    0.134123294291717166E+01    0.423281456601595892E+03   -0.111882639433861719E+01   -0.144573697120560141E+01   -0.777799379406753655E+01    0.174073081560723665E+03
    0.134009659139507087E+01    0.428336486720176936E+03   -0.105218531800890425E+01   -0.980105975655498440E+01   -0.813861458223931677E+01    0.174103044472718011E+03
    0.133965279297369810E+01    0.437303770868196921E+03   -0.104892551208591023E+01   -0.731777072197865408E+01   -0.117888842020723139E+02    0.174171528728274325E+03
    0.134279954634354382E+01    0.438269354968224434E+03   -0.147635178161893243E+01   -0.104893414476955371E+01   -0.904459799773938578E+01    0.174194778540626260E+03
    0.133996878270482034E+01    0.407021475871731013E+03   -0.116141337865377636E+01   -0.623576488286978936E+01   -0.931688752673288789E+01    0.174202659363669625E+03
    0.133934385272637879E+01    0.428004563073378392E+03   -0.102459706465967848E+01   -0.473133293483744577E+01   -0.820110454555576851E+01    0.174216140481232912E+03
    0.133989238281727085E+01    0.428724495014832030E+03   -0.106238507992950204E+01   -0.111494502729985676E+02   -0.112149465493802669E+02    0.174219438403666572E+03
    0.134073979269129184E+01    0.407522065266805782E+03   -0.101289663947519948E+01   -0.116202313814267626E+02   -0.610365693847351842E+01    0.174259304302592625E+03
    0.134139436347370711E+01    0.417322851814099579E+03   -0.102004991675826240E+01   -0.112839381125173421E+02   -0.793162053531302824E+01    0.174285628236107812E+03
    0.134047565623065990E+01    0.452245404767112461E+03   -0.102502134158877212E+01   -0.524888861074952118E+01   -0.934493073181021039E+01    0.174330856137572994E+03
    0.134116170687319491E+01    0.432197975083405311E+03   -0.122011897717648488E+01   -0.122753366678348286E+01   -0.716306327475790283E+01    0.174399880002145551E+03
    0.134143771379253396E+01    0.469418498230784735E+03   -0.109458447123958535E+01   -0.114661846098968923E+01   -0.607581528115964797E+01    0.174400002203369866E+03
    0.134084599265284754E+01    0.401559376409227582E+03   -0.106887949434840124E+01   -0.568871670871203783E+01   -0.631597331404600570E+01    0.174418715381709376E+03
    0.133959015038086005E+01    0.424738214556978903E+03   -0.110508228670513731E+01   -0.617674276531778688E+01   -0.110627628864163015E+02    0.174426557132477114E+03
    0.134063228533298973E+01    0.417001980533111237E+03   -0.110359168991345769E+01   -0.518302118634379827E+01   -0.869684327331703422E+01    0.174428088875580897E+03
    0.134029202505159262E+01    0.415850544932924777E+03   -0.110262374956790232E+01   -0.784994325126506176E+01   -0.116409356516993441E+02    0.174429086244672703E+03
    0.134017243796778929E+01    0.444095466551389165E+03   -0.102316449539640431E+01   -0.112893871118956017E+02   -0.101139026266858210E+02    0.174451877297822875E+03
    0.133975442494203212E+01    0.410970803990407660E+03   -0.102977858012101819E+01   -0.819359847093676130E+01   -0.955718420465400520E+01    0.174457812919824448E+03
    0.134155616660217114E+01    0.430811732210760852E+03   -0.126171227017903931E+01   -0.103306728844991902E+01   -0.705355073741277128E+01    0.174466954986511894E+03
    0.134014474048043275E+01    0.429480247081341929E+03   -0.108056843295047322E+01   -0.676095276261639100E+01   -0.113707147311229928E+02    0.174544609302345464E+03
    0.134041762621083427E+01    0.420841073082197056E+03   -0.109229784201689029E+01   -0.398608450118705981E+01   -0.115062967806903629E+02    0.174563342005851553E+03
    0.134004161132776800E+01    0.452625101847976339E+03   -0.104323403300764461E+01   -0.494151740555081442E+01   -0.119238058862377372E+02    0.174567604404726580E+03
    0.133970499106172602E+01    0.411268555416569541E+03   -0.105028789482386209E+01   -0.774482184796633888E+01   -0.119928027261849905E+02    0.174580507291951278E+03
    0.134045967291026358E+01    0.414218679329602537E+03   -0.112520433670257169E+01   -0.468233568311261550E+01   -0.100620434998781878E+02    0.174590199043343603E+03
    0.133973224609288666E+01    0.414220903752645143E+03   -0.103689933808308155E+01   -0.704469346170141897E+01   -0.828123353484625113E+01    0.174622493615684789E+03
    0.133942363240062079E+01    0.453427770231717432E+03   -0.102214099611045839E+01   -0.567494221571487945E+01   -0.995756326305051509E+01    0.174631580239109041E+03
    0.134005533112497766E+01    0.425505287086024282E+03   -0.106195864048181399E+01   -0.103233041287399665E+02   -0.111703134410420759E+02    0.174638672508603918E+03
    0.134100973232629661E+01    0.411038066781217424E+03   -0.107298778459348654E+01   -0.924875561932936741E+01   -0.103792412209378195E+02    0.174648218753462288E+03
    0.134061801072520059E+01    0.408792070837454105E+03   -0.106415915012824946E+01   -0.958376952248498526E+01   -0.729535420873559470E+01    0.174652191950687268E+03
    0.134178602003880365E+01    0.445384885251106766E+03   -0.160285194230313266E+01   -0.103594377676317606E+01   -0.772035596378586764E+01    0.174661778997683371E+03
    0.134080990733155958E+01    0.415328502547876894E+03   -0.102434813565624339E+01   -0.164967960165916061E+01   -0.987710996999275537E+01    0.174663971594443751E+03
    0.134140623259955061E+01    0.424294293919213658E+03   -0.133133130795273047E+01   -0.110885685579466298E+01   -0.623587938098902761E+01    0.174669158359181552E+03
    0.134177695561934041E+01    0.432267554534368401E+03   -0.115854170025787440E+01   -0.109684608804520245E+01   -0.489801416786383648E+01    0.174676287342313515E+03
    0.134099669694671819E+01    0.436531651504184993E+03   -0.102709008382111122E+01   -0.467063166562214516E+01   -0.116238391222739672E+02    0.174708133178725348E+03
    0.133985913855827876E+01    0.429786248342943281E+03   -0.104095516642210306E+01   -0.335198283464840685E+01   -0.110150484069970460E+02    0.174724256765130178E+03
    0.134107593455184837E+01    0.422334309592905299E+03   -0.102224352012766673E+01   -0.552252126386603059E+01   -0.692287939971390021E+01    0.174774510325405458E+03
    0.134042148768791236E+01    0.400024998119947782E+03   -0.113455761910651098E+01   -0.369737260577913140E+01   -0.106482729328862824E+02    0.174804490459546287E+03
    0.133949037235602408E+01    0.406334926851920898E+03   -0.114745617001389455E+01   -0.480717212931892934E+01   -0.118208104258561342E+02    0.174816913886603402E+03
    0.134249913655534070E+01    0.411761714468491959E+03   -0.212614304875354421E+01   -0.101346467411074137E+01   -0.871287098723396802E+01    0.174828730977324255E+03
    0.134015158063390261E+01    0.404301319636378423E+03   -0.111782903805050537E+01   -0.107842334881069561E+02   -0.117669183306666216E+02    0.174829142324826933E+03
    0.133950983333997864E+01    0.418855197440971779E+03   -0.109939528996063984E+01   -0.581911883530389495E+01   -0.119696014843063185E+02    0.174835835624548736E+03
    0.134224415464799707E+01    0.470797219067971639E+03   -0.132451752085820118E+01   -0.104075614987095300E+01   -0.742884968043140237E+01    0.174849045042066848E+03
    0.133971044952043838E+01    0.432669808335335802E+03   -0.106869762611193408E+01   -0.607419589745419319E+01   -0.923419682394674801E+01    0.174871043612131700E+03
    0.134144972873294188E+01    0.410145512501212238E+03   -0.104068077613422361E+01   -0.950161490898137728E+01   -0.115793173685894910E+02    0.174898117327285547E+03
    0.134189776311181763E+01    0.428184516703832571E+03   -0.120962132902202413E+01   -0.107289463792294804E+01   -0.482687793941423671E+01    0.174911519130225372E+03
    0.134072489181134635E+01    0.422521381846986344E+03   -0.108035442104729640E+01   -0.513013861896106249E+01   -0.943128212585912706E+01    0.174920244785106490E+03
    0.133940840624356761E+01    0.446579078444478114E+03   -0.101155501927333802E+01   -0.432718983799136492E+01   -0.905143775428262742E+01    0.174923979370563472E+03
    0.134168295983256969E+01    0.400782164396808298E+03   -0.104290924840457855E+01   -0.521091254085932842E+01   -0.713921608559445620E+01    0.174939398201620463E+03
    0.134003336763025116E+01    0.412275725381637983E+03   -0.108353587204147495E+01   -0.810866689402979013E+01   -0.887029630689757376E+01    0.174953369003289197E+03
    0.134095305911272988E+01    0.404059896214843036E+03   -0.104917122026081699E+01   -0.177324879158143212E+01   -0.100478882179490920E+02    0.174960762850254298E+03
    0.134111841107932661E+01    0.420635216229244634E+03   -0.103397001153566670E+01   -0.101756138118616910E+02   -0.112471539798173765E+02    0.174966423625586231E+03
    0.134078788284976103E+01    0.412149516697745867E+03   -0.107625117631149969E+01   -0.115116674929785532E+02   -0.109042952010829612E+02    0.174966454840852862E+03
    0.134017950737059266E+01    0.424713406005839943E+03   -0.105765305922193420E+01   -0.997067668107575855E+01   -0.103445733639896780E+02    0.175004531932971986E+03
    0.133962349071443199E+01    0.410389327619268613E+03   -0.108427853653465078E+01   -0.550167615324766146E+01   -0.802198875858961102E+01    0.175015382825919744E+03
    0.134141075659003683E+01    0.420064076902387797E+03   -0.145480649824081887E+01   -0.112062104871242418E+01   -0.780566662285946666E+01    0.175027494893570747E+03
    0.134022476419962433E+01    0.411981947139411773E+03   -0.113324881129250699E+01   -0.459400978345981681E+01   -0.109081014133787253E+02    0.175081274971667710E+03
    0.134027468881617962E+01    0.409065723112288538E+03   -0.109987866581051286E+01   -0.836821745280069429E+01   -0.101339117432493460E+02    0.175107762077714654E+03
    0.134015369147569197E+01    0.408008680808617953E+03   -0.114182314956824804E+01   -0.449849327780586705E+01   -0.997716577323873111E+01    0.175123054560319304E+03
    0.133982724376643492E+01    0.418224691522538819E+03   -0.106203596755423213E+01   -0.741641196473728126E+01   -0.117058833638015045E+02    0.175137269471422997E+03
    0.134072121138469602E+01    0.400769897385529589E+03   -0.110296919330675891E+01   -0.877516475898777060E+01   -0.871809006788081220E+01    0.175137688445540050E+03
    0.134039525814771610E+01    0.425318404669166853E+03   -0.103178640485677242E+01   -0.853446907325211157E+01   -0.796411459122538812E+01    0.175140693484414953E+03
    0.134037599735928503E+01    0.403529926181787175E+03   -0.115172150917655181E+01   -0.458732170961882169E+01   -0.105722078136577284E+02    0.175143801238095648E+03
    0.134037309297387974E+01    0.405045403398033500E+03   -0.109495250239353226E+01   -0.799006792456240333E+01   -0.827503160885308731E+01    0.175147221435972256E+03
    0.134205734144620115E+01    0.441408812808961102E+03   -0.112643769676467898E+01   -0.120997612577204805E+01   -0.606784950695750425E+01    0.175152698393323362E+03
    0.134070291589810142E+01    0.412861869595790949E+03   -0.107441934191944277E+01   -0.115016791464260546E+02   -0.117672607640201790E+02    0.175178716148179149E+03
    0.134030151480041315E+01    0.436042082750843292E+03   -0.104163031882228907E+01   -0.689165607188927432E+01   -0.116070965210767199E+02    0.175201950861600778E+03
    0.134155370381110162E+01    0.471303400221709353E+03   -0.121848678557450363E+01   -0.109023575663735528E+01   -0.806900889730929194E+01    0.175203876633896186E+03
    0.134133835588355232E+01    0.423076822817119194E+03   -0.126822400967363969E+01   -0.113337176524482430E+01   -0.987364235197146911E+01    0.175212516251322654E+03
    0.134162646726439760E+01    0.416690399629942988E+03   -0.100348839468006013E+01   -0.109893799817821893E+02   -0.106858372743987502E+02    0.175212605879257978E+03
    0.134024678817888598E+01    0.445392608835751901E+03   -0.100091399207722986E+01   -0.961418192231084312E+01   -0.113672808120527034E+02    0.175213649677541298E+03
    0.134001705724912634E+01    0.443927259651834333E+03   -0.100347742493686098E+01   -0.882599698748760808E+01   -0.114387866709906270E+02    0.175215825666578212E+03
    0.134056806973018450E+01    0.426474868044961511E+03   -0.101361438748861588E+01   -0.641309815174689923E+01   -0.693839880935127873E+01    0.175241055542438971E+03
    0.133996146209084821E+01    0.413250001268989308E+03   -0.100222172727010950E+01   -0.101477251080795412E+02   -0.921750443493307792E+01    0.175241799290685833E+03
    0.133988110904488589E+01    0.403526241281729767E+03   -0.104312990721182963E+01   -0.796277756821305971E+01   -0.116637847772779164E+02    0.175258969581672034E+03
    0.133949406541079497E+01    0.416180345968994459E+03   -0.106239987370727462E+01   -0.411914114793479591E+01   -0.115579719598093309E+02    0.175272827993463181E+03
    0.133966523068739995E+01    0.421826087049573800E+03   -0.100299915991832300E+01   -0.623035778365515558E+01   -0.117275472597787758E+02    0.175281892906591281E+03
    0.134136670668552127E+01    0.449531586669602461E+03   -0.114731527592190297E+01   -0.120950208880747390E+01   -0.118394481307258843E+02    0.175302273211648810E+03
    0.134120385106400830E+01    0.406629400306997184E+03   -0.105597391918832884E+01   -0.725020656410439468E+01   -0.804710477082229403E+01    0.175306552123142069E+03
    0.133986763183234037E+01    0.440086419494889071E+03   -0.100315550189207237E+01   -0.765402858319218282E+01   -0.119789366099367847E+02    0.175317190346464997E+03
    0.134039448753524093E+01    0.418862988444160862E+03   -0.105854986821862873E+01   -0.109055327886016951E+02   -0.948834172400539266E+01    0.175325228979978704E+03
    0.134235574903585353E+01    0.412308119357630176E+03   -0.132973230238159701E+01   -0.119119565970908070E+01   -0.114675645969402460E+02    0.175330625971278323E+03
    0.134036897039044889E+01    0.415555252992015255E+03   -0.110585575879933096E+01   -0.447934714130037381E+01   -0.973572421414614730E+01    0.175343853566510802E+03
    0.133994306113335826E+01    0.426968778390339082E+03   -0.102181683425504133E+01   -0.334274122929540418E+01   -0.875197198470756632E+01    0.175349237838075226E+03
    0.134039279371884956E+01    0.438263546867436673E+03   -0.101424669654564603E+01   -0.910135781719860404E+01   -0.106755746609583184E+02    0.175351523314719088E+03
    0.134078547489679312E+01    0.414979969540675995E+03   -0.100555876522578735E+01   -0.261015217613871009E+01   -0.863963257097614878E+01    0.175357619039693702E+03
    0.134001990844339014E+01    0.412066070205552478E+03   -0.106625391569676609E+01   -0.835247351296558804E+01   -0.939688024646481246E+01    0.175365539812807413E+03
    0.134168555850769855E+01    0.404504288809213051E+03   -0.138196682003902538E+01   -0.104579242589322874E+01   -0.852485705014784756E+01    0.175381817805917024E+03
    0.133979166782741088E+01    0.426446764776316058E+03   -0.101770410532754063E+01   -0.709667295692289102E+01   -0.108029711159774990E+02    0.175386924384052747E+03
    0.134148421061740475E+01    0.404381760717108875E+03   -0.103555876203391151E+01   -0.425372110794703673E+01   -0.703888791793527346E+01    0.175393681093904149E+03
    0.134005175074052274E+01    0.452894719739229060E+03   -0.100909063279269162E+01   -0.525227821933390526E+01   -0.814931936518762967E+01    0.175396704356393457E+03
    0.134190689609951419E+01    0.404277765944146154E+03   -0.170364203800379954E+01   -0.110271838529118149E+01   -0.779356495770188928E+01    0.175410732318569558E+03
    0.134170265075543504E+01    0.402162299295316188E+03   -0.149670792693625110E+01   -0.118069365538996784E+01   -0.102141197216853019E+02    0.175436608526287785E+03
    0.133981351914991098E+01    0.431066462240666908E+03   -0.100361554397016661E+01   -0.697936457210630756E+01   -0.916010218751450367E+01    0.175441546028578614E+03
    0.134092259909059264E+01    0.403023135277178881E+03   -0.108674410996927051E+01   -0.108331854911543584E+02   -0.112178583938137706E+02    0.175443742406019851E+03
    0.134003192110308600E+01    0.433359931423707792E+03   -0.105249946758154600E+01   -0.654633901464992718E+01   -0.107502471361453136E+02    0.175478181934830218E+03
    0.134036044389372977E+01    0.400218499026794291E+03   -0.108634051130096765E+01   -0.919950117925814581E+01   -0.804110563931063282E+01    0.175494578548098332E+03
    0.134151089704981730E+01    0.413068004768558069E+03   -0.103595118535531405E+01   -0.609402315225062896E+01   -0.964231233563118550E+01    0.175500793469893779E+03
    0.134036993703933605E+01    0.425865383572333485E+03   -0.100696417508495095E+01   -0.299846788754999771E+01   -0.944856361329131111E+01    0.175514889921388317E+03
    0.134014017612404968E+01    0.424514213935604516E+03   -0.103915057720452708E+01   -0.972255085877831604E+01   -0.100815263726093782E+02    0.175517638702573379E+03
    0.134085930340826165E+01    0.410895398038179451E+03   -0.105907391614580959E+01   -0.344855526795022627E+01   -0.971546687457892943E+01    0.175518223435092693E+03
    0.133984103462598947E+01    0.413247732046756141E+03   -0.110053781784581695E+01   -0.394151239890175908E+01   -0.103526645028136173E+02    0.175522236159276758E+03
    0.134110189036025851E+01    0.409291543002971821E+03   -0.105617617263412100E+01   -0.813605302413735210E+01   -0.921010573579789593E+01    0.175523165642170113E+03
    0.133968488763870486E+01    0.445470620458898509E+03   -0.102363430546581036E+01   -0.413523221662393858E+01   -0.108198440514225851E+02    0.175531428972968797E+03
    0.134057095192978348E+01    0.424112373904285334E+03   -0.104162771816957189E+01   -0.102550226090126220E+02   -0.117502906163912826E+02    0.175546612872616492E+03
    0.134250936243368590E+01    0.416886142588726386E+03   -0.144793935114202910E+01   -0.110809763313797305E+01   -0.106758711421473951E+02    0.175553651864892515E+03
    0.134000308086259001E+01    0.400174899529205845E+03   -0.103067586654077914E+01   -0.837786926275315302E+01   -0.100436292946129520E+02    0.175554175862818852E+03
    0.134340703291068841E+01    0.414309511565463708E+03   -0.109237256492840551E+01   -0.109311219026878703E+01   -0.397453662071858638E+01    0.175556777136387154E+03
    0.134158136555892593E+01    0.403911143670644776E+03   -0.102430680247238648E+01   -0.900043315012095846E+01   -0.783426562717690267E+01    0.175557127793787345E+03
    0.134009166912070188E+01    0.440461226728891745E+03   -0.101388110488824701E+01   -0.700165632340333843E+01   -0.905684020650472377E+01    0.175575424138014228E+03
    0.134002377135309203E+01    0.441832716142930110E+03   -0.103208630204655627E+01   -0.489840298465199542E+01   -0.814660240682038683E+01    0.175591118952126408E+03
    0.134144589432305650E+01    0.477086327647072153E+03   -0.101840074516077550E+01   -0.115007855679679594E+01   -0.114580739502564199E+02    0.175608377432738223E+03
    0.134026132028915490E+01    0.404992364153472806E+03   -0.110286978663089563E+01   -0.480358230485412196E+01   -0.729737826101590681E+01    0.175618173939027088E+03
    0.133976709617487399E+01    0.452968890798197378E+03   -0.101809516203110562E+01   -0.489711304268073278E+01   -0.928612345325669075E+01    0.175637976836970381E+03
    0.134038254792745404E+01    0.430021052876579802E+03   -0.102444765056088904E+01   -0.995755281713696760E+01   -0.988681860468664375E+01    0.175648488047977253E+03
    0.134003946795851392E+01    0.400411533155819029E+03   -0.105407510486145739E+01   -0.101737338660208820E+02   -0.103822314968080676E+02    0.175671707451413340E+03
    0.134209444715875881E+01    0.403737021488669996E+03   -0.152442267798583053E+01   -0.102822260800918208E+01   -0.493532209588521109E+01    0.175674144247499726E+03
    0.134232186834518985E+01    0.401494883156590618E+03   -0.139977806663230275E+01   -0.118375351646804994E+01   -0.837997016998762945E+01    0.175690893696988439E+03
    0.134007181281596188E+01    0.424339591874124437E+03   -0.101860007813699305E+01   -0.119423567247467179E+02   -0.963181406415027119E+01    0.175694621702854079E+03
    0.134108279681285270E+01    0.429912764790643280E+03   -0.101620485152101026E+01   -0.640450282767766055E+01   -0.995780424572873812E+01    0.175697497490089745E+03
    0.134217353732162792E+01    0.438810300130442272E+03   -0.165923784395939400E+01   -0.100437715727593790E+01   -0.822405405279659441E+01    0.175707592439824168E+03
    0.134119372509204093E+01    0.406199793607749200E+03   -0.104973779701839831E+01   -0.700690055680697199E+01   -0.784160176825442434E+01    0.175711100927328573E+03
    0.134252844446633923E+01    0.421390190607163845E+03   -0.169110615409606702E+01   -0.101849828935984732E+01   -0.669229243688319553E+01    0.175711526833029552E+03
    0.134108209794037814E+01    0.402925824268055749E+03   -0.104086589191318524E+01   -0.292954923523726229E+01   -0.109762471145640532E+02    0.175734395393616410E+03
    0.133974160389741659E+01    0.454669332041797929E+03   -0.100124536353880522E+01   -0.538703937322264892E+01   -0.892160809455117487E+01    0.175744721659008746E+03
    0.133976844093581837E+01    0.409912386786154514E+03   -0.110974683940827035E+01   -0.422012501724005329E+01   -0.101801099759026545E+02    0.175744862008924429E+03
    0.134007171869504238E+01    0.400397384217071249E+03   -0.106176533688852359E+01   -0.118550610664197080E+02   -0.106931950634264528E+02    0.175768228858713599E+03
    0.134066944561664569E+01    0.403920168042736123E+03   -0.111066938088844758E+01   -0.665289779891691424E+01   -0.999426564148396679E+01    0.175775379774221960E+03
    0.134385751969774159E+01    0.410143613895237081E+03   -0.132478385846645175E+01   -0.103566133398772564E+01   -0.822497843535701456E+01    0.175778314770273028E+03
    0.133996427608555835E+01    0.425191503384111058E+03   -0.104328303148636437E+01   -0.657243833621585427E+01   -0.894917132607525545E+01    0.175782061305554294E+03
    0.133981810634580034E+01    0.402349015577854345E+03   -0.107798248056117707E+01   -0.550141610285951543E+01   -0.778764002065989658E+01    0.175785719121636362E+03
    0.134011554193549287E+01    0.401701715165856740E+03   -0.100926319258298314E+01   -0.107307178738339690E+02   -0.925245042552923991E+01    0.175786303259568058E+03
    0.134033596354619422E+01    0.406851691427053936E+03   -0.109147564297646937E+01   -0.737813496076548780E+01   -0.919857978774330221E+01    0.175786367107111573E+03
    0.134023513582675902E+01    0.414206679209787637E+03   -0.101418352942002343E+01   -0.349334859796779185E+01   -0.688048402196673781E+01    0.175794732997468998E+03
    0.134054465774576537E+01    0.432536221686143449E+03   -0.104896774906111645E+01   -0.501927443652295402E+01   -0.942868691769248457E+01    0.175802561376515200E+03
    0.134094957400566650E+01    0.413467874689585301E+03   -0.105297604457360450E+01   -0.631569391737302865E+01   -0.791629546503401915E+01    0.175826920583773017E+03
    0.134041404331113245E+01    0.415014107167682937E+03   -0.103553933518732499E+01   -0.353679512794918693E+01   -0.742778514196008821E+01    0.175835881075175905E+03
    0.134030636997567010E+01    0.413296639114582774E+03   -0.107730323637161973E+01   -0.699950120229818040E+01   -0.884082722207880245E+01    0.175841103636493585E+03
    0.134018399912887731E+01    0.405712083501645168E+03   -0.112949273210414880E+01   -0.532371695106667975E+01   -0.890791007064420270E+01    0.175850616731777961E+03
    0.134017903186436849E+01    0.402846657030032020E+03   -0.106800500247227426E+01   -0.104069900022438482E+02   -0.910865225778484344E+01    0.175851692243858565E+03
    0.134090620853783649E+01    0.412878844565530699E+03   -0.105692215886426943E+01   -0.799072415622941179E+01   -0.117045437281831770E+02    0.175858886378198747E+03
    0.134169177768845094E+01    0.401599863111914317E+03   -0.149518380439986132E+01   -0.106385825611576301E+01   -0.776386439363276182E+01    0.175865001120006127E+03
    0.133969930275194704E+01    0.405644599970086631E+03   -0.111134645591516623E+01   -0.435236494698288290E+01   -0.103756097106040794E+02    0.175867519879634756E+03
    0.134172607414250145E+01    0.406255710899071460E+03   -0.156097439859062348E+01   -0.105004047867238626E+01   -0.894391668815680774E+01    0.175878352578791748E+03
    0.133999466192241390E+01    0.418455726629458695E+03   -0.101465907391354726E+01   -0.797981268630027074E+01   -0.109904891787184944E+02    0.175879577514352434E+03
    0.133990809376080500E+01    0.405647888403787533E+03   -0.107491189825304900E+01   -0.673890637487683541E+01   -0.980174928632201237E+01    0.175892328199669805E+03
    0.134019913458680340E+01    0.424803325333056421E+03   -0.100492640120103616E+01   -0.937713283787589447E+01   -0.829562766057819445E+01    0.175897194795237851E+03
    0.133975675211232548E+01    0.404822041246428341E+03   -0.106723662534051655E+01   -0.363939558467217772E+01   -0.114856945426546062E+02    0.175907509481940679E+03
    0.134113176648964183E+01    0.411823509291555808E+03   -0.103789773181773270E+01   -0.917619125019532156E+01   -0.920852236972342553E+01    0.175910153946173352E+03
    0.133992941929767873E+01    0.402557691992276546E+03   -0.108337352025183442E+01   -0.353927108331780715E+01   -0.944089399693378439E+01    0.175915675283995142E+03
    0.133991308536651665E+01    0.432635251553530281E+03   -0.101816947617664866E+01   -0.441075156099367227E+01   -0.751312369490334042E+01    0.175922317903109160E+03
    0.134168500838429017E+01    0.420751320937150354E+03   -0.106938479169121514E+01   -0.114076631487074920E+01   -0.930320054684764841E+01    0.175938006886788742E+03
    0.134162158188869829E+01    0.403979555223421187E+03   -0.144330219882020749E+01   -0.113100810141866148E+01   -0.720521427402071879E+01    0.175954240797745342E+03
    0.134078625778957372E+01    0.408915250656265584E+03   -0.104809761970774318E+01   -0.326042264842120666E+01   -0.909485001286110695E+01    0.175957120991121030E+03
    0.134197136154037411E+01    0.417723485207473800E+03   -0.109434744935575523E+01   -0.109616549538201724E+01   -0.554549746665039045E+01    0.175968330111816158E+03
    0.134352470957131609E+01    0.463274279885439171E+03   -0.113624182039590593E+01   -0.101897445876366888E+01   -0.106133822624370406E+02    0.175973133594988724E+03
    0.134082020317044392E+01    0.405816696695085966E+03   -0.104453838687052425E+01   -0.781670288401904045E+01   -0.738404157422602658E+01    0.175974705098752111E+03
    0.133956414546934854E+01    0.423025883555787630E+03   -0.104527980805018750E+01   -0.459219939460438198E+01   -0.103734975748060965E+02    0.175990655133372627E+03
    0.134094525124985875E+01    0.413688347541541759E+03   -0.105861272137953222E+01   -0.628560619923958974E+01   -0.856681615333859625E+01    0.176003877877002253E+03
    0.134136521010063148E+01    0.410080028582073794E+03   -0.102659413918638798E+01   -0.113582200347955045E+02   -0.974393834406757620E+01    0.176008868248471856E+03
    0.134035693602812289E+01    0.416768490658145083E+03   -0.104718394426945594E+01   -0.104423344207315001E+02   -0.114732444922825696E+02    0.176010326814357882E+03
    0.133978673527360592E+01    0.428107589694077376E+03   -0.104819044854885490E+01   -0.431907000274556374E+01   -0.879252310668724490E+01    0.176018106520175479E+03
    0.134074729241655444E+01    0.402564110052825981E+03   -0.108338131197365861E+01   -0.107038963802240623E+02   -0.114311992635953743E+02    0.176018420439997442E+03
    0.134069920415622446E+01    0.404693177731203946E+03   -0.103894130833206333E+01   -0.540266932955190171E+01   -0.639372656519673210E+01    0.176020665452752098E+03
    0.134302992905283602E+01    0.455067313839134215E+03   -0.115310825977024400E+01   -0.105307137271778295E+01   -0.615767451686919731E+01    0.176033884016672914E+03
    0.134122864169649758E+01    0.402477485921532605E+03   -0.105963191592486616E+01   -0.942057210790970956E+01   -0.117415035166501323E+02    0.176034780626019483E+03
    0.133991213898010053E+01    0.401564058054453596E+03   -0.105227219970939423E+01   -0.662333560607910599E+01   -0.940624092018219926E+01    0.176036011030132329E+03
    0.134298886256109840E+01    0.426090791361461243E+03   -0.121525898096225404E+01   -0.112286152599723899E+01   -0.731695873518030293E+01    0.176037723790635653E+03
    0.134032853658086082E+01    0.422390861952328009E+03   -0.108370127487537715E+01   -0.480875832627471755E+01   -0.117133556232203517E+02    0.176046815779855422E+03
    0.134052516245095221E+01    0.425861043600995345E+03   -0.102453518816170863E+01   -0.920797324852127730E+01   -0.117305953828281222E+02    0.176068622299912136E+03
    0.134041918779295699E+01    0.406403921001339313E+03   -0.112264456224926867E+01   -0.558989625508306620E+01   -0.108857810983279659E+02    0.176076527216296085E+03
    0.134378415681872965E+01    0.440685297555851662E+03   -0.100066510512689177E+01   -0.113513209007515492E+01   -0.742621445077605102E+01    0.176087040807547055E+03
    0.134053119523902442E+01    0.418088875105325940E+03   -0.104159836278796902E+01   -0.960037965169434315E+01   -0.997082944854019715E+01    0.176092322712028079E+03
    0.134338035436364134E+01    0.408603173538071189E+03   -0.114565896464649519E+01   -0.111919340330125294E+01   -0.494355862255323775E+01    0.176104049450754758E+03
    0.134031904512330780E+01    0.403972803562670947E+03   -0.106644348671535916E+01   -0.766610531722598232E+01   -0.808720983424868756E+01    0.176105420631402978E+03
    0.134169063768590036E+01    0.414640658713970083E+03   -0.143979528525276024E+01   -0.106033416904940303E+01   -0.104436149306207628E+02    0.176110125759584946E+03
    0.134015896406073232E+01    0.425403878201552459E+03   -0.101892436844097389E+01   -0.332783421262706902E+01   -0.113301584315398340E+02    0.176113958699721366E+03
    0.134001306682358479E+01    0.426483436641013043E+03   -0.102715734338121223E+01   -0.539215257442335361E+01   -0.758083988611234716E+01    0.176119807829796457E+03
    0.134103562965200163E+01    0.401305776603399693E+03   -0.109235920807543074E+01   -0.517513434202161005E+01   -0.822300467842228144E+01    0.176128532619279952E+03
    0.134089113517322089E+01    0.426001132465583055E+03   -0.104201157699533908E+01   -0.531642712133424311E+01   -0.106053315339447440E+02    0.176135631104341371E+03
    0.133975601415571188E+01    0.441868483291767973E+03   -0.102639395314762716E+01   -0.460256370775404733E+01   -0.952191589520582049E+01    0.176145169174480486E+03
    0.134054210722001477E+01    0.415405240285701495E+03   -0.104007170152971717E+01   -0.908277009463873952E+01   -0.883058849842181992E+01    0.176149944270268122E+03
    0.134017263215590443E+01    0.405322301106865666E+03   -0.101024471032438434E+01   -0.118330354714122112E+02   -0.941915391430079652E+01    0.176151756945050977E+03
    0.134176021891329178E+01    0.407829413754618031E+03   -0.152270597587219214E+01   -0.109990186038647408E+01   -0.882106937622194742E+01    0.176155328184877646E+03
    0.134332052210764563E+01    0.410953838277684042E+03   -0.135599079149388224E+01   -0.107308415082692221E+01   -0.829824690194841175E+01    0.176158471103897909E+03
    0.134031938476174517E+01    0.409761995203154584E+03   -0.110009462131748492E+01   -0.588202311852183701E+01   -0.880160808181578780E+01    0.176158858113823783E+03
    0.133959434350929674E+01    0.430211233756503475E+03   -0.102432007971538042E+01   -0.485062805041913858E+01   -0.110907769905913813E+02    0.176174979597153936E+03
    0.134072566270609861E+01    0.430613210478726728E+03   -0.102644658261019295E+01   -0.652856516390620722E+01   -0.113728714954016077E+02    0.176178720993871366E+03
    0.134097580577556807E+01    0.415963158266802566E+03   -0.103177286392206469E+01   -0.931560862470325901E+01   -0.105201201041452208E+02    0.176191893892762891E+03
    0.134026296812619772E+01    0.402626347416027500E+03   -0.107759149549867139E+01   -0.804318066045706814E+01   -0.931621233879162247E+01    0.176198471643263247E+03
    0.134203960222912366E+01    0.481866592221532699E+03   -0.109954475086964543E+01   -0.110583777228419322E+01   -0.906988607941933189E+01    0.176199723777181532E+03
    0.134014553201360309E+01    0.409493755777712067E+03   -0.100015694757099460E+01   -0.112884560144783990E+02   -0.115917871897649345E+02    0.176209894436536160E+03
    0.134050804302447690E+01    0.415800570701688343E+03   -0.104476976256140297E+01   -0.104727035324340321E+02   -0.119169402455871065E+02    0.176210040292034876E+03
    0.134225906913332649E+01    0.417166563909287618E+03   -0.122891443014009560E+01   -0.113263237696870789E+01   -0.539756966903041047E+01    0.176217817153794272E+03
    0.134076390829524650E+01    0.412911375280849938E+03   -0.104633157604913229E+01   -0.976077906858379407E+01   -0.949557052981102245E+01    0.176224962924564181E+03
    0.134031472568732291E+01    0.402441001398509172E+03   -0.104067902489167530E+01   -0.956065440066077343E+01   -0.807079703912662438E+01    0.176232409974557982E+03
    0.134155491486705891E+01    0.400268806208823491E+03   -0.105765284544343707E+01   -0.608411523343098359E+01   -0.968096352875168265E+01    0.176243356962200494E+03
    0.134056966838161884E+01    0.405347437581800534E+03   -0.111027298645483619E+01   -0.600573710997332810E+01   -0.112855154526325894E+02    0.176245729792864779E+03
    0.134053744763976179E+01    0.407644783574908047E+03   -0.102143027222393279E+01   -0.108450001102493161E+02   -0.742632655053615398E+01    0.176250585755899579E+03
    0.134099218037250978E+01    0.419551387492792458E+03   -0.101892478137034104E+01   -0.546673791892035954E+01   -0.723445678589339547E+01    0.176275594754677229E+03
    0.134058775350608061E+01    0.400383073694635812E+03   -0.105371705294960627E+01   -0.103335175439074760E+02   -0.771644379352684240E+01    0.176276000531339946E+03
    0.134188032928850531E+01    0.416233200576424736E+03   -0.121794724474046845E+01   -0.105146671616547316E+01   -0.104011759170183389E+02    0.176277116467742758E+03
    0.134072967886825323E+01    0.421921224951797228E+03   -0.103430964642395296E+01   -0.571373697821078874E+01   -0.766603220848453315E+01    0.176277850643059367E+03
    0.134258786927804064E+01    0.423682575233432033E+03   -0.164295991192684809E+01   -0.101195134229313943E+01   -0.731472104662174782E+01    0.176283906260056654E+03
    0.134029474596344955E+01    0.405195237088453894E+03   -0.104359890508066933E+01   -0.323073810142683726E+01   -0.834193995687723344E+01    0.176286399000291055E+03
    0.134099622116075978E+01    0.403575126004268441E+03   -0.107883224109233211E+01   -0.661929619300283889E+01   -0.900834714664306091E+01    0.176288981057134720E+03
    0.133976967875811548E+01    0.431136388350941274E+03   -0.105095177880447466E+01   -0.489104411505217129E+01   -0.999790319823708629E+01    0.176289497338008857E+03
    0.134190887099584732E+01    0.407240061326786360E+03   -0.110049697637535893E+01   -0.118369322590222836E+01   -0.541453683686042986E+01    0.176301871116244229E+03
    0.134079868310987371E+01    0.413218456919898017E+03   -0.105102042064641310E+01   -0.763524676502733612E+01   -0.946901586544046481E+01    0.176305583987133559E+03
    0.134231674430388459E+01    0.409606141365706662E+03   -0.128802659182882095E+01   -0.119194484309304904E+01   -0.787041029318469221E+01    0.176306017509617789E+03
    0.134005342336499900E+01    0.426225689398388624E+03   -0.105329256366412949E+01   -0.511430532482311051E+01   -0.836648711889369778E+01    0.176309489439913250E+03
    0.134038635716250876E+01    0.423177085394438336E+03   -0.102445521530586703E+01   -0.925412354998170805E+01   -0.116251125312840919E+02    0.176349360355422732E+03
    0.134138841309628387E+01    0.419374712294513699E+03   -0.100434759580875621E+01   -0.735732466512035455E+01   -0.109560788224856687E+02    0.176350251552218879E+03
    0.134171540616443385E+01    0.446571276567394648E+03   -0.107518875772037248E+01   -0.113664108172009648E+01   -0.703228080339545336E+01    0.176351179280764939E+03
    0.134254437676422755E+01    0.419381459687165091E+03   -0.125589708601229155E+01   -0.116317485087266448E+01   -0.926605733138280740E+01    0.176362374917349257E+03
    0.134241094095909341E+01    0.433650808557024504E+03   -0.105923018054521023E+01   -0.118978962503738828E+01   -0.530579905301345800E+01    0.176366005492272507E+03
    0.134163451309012149E+01    0.408606992861287040E+03   -0.121211898164173881E+01   -0.127488180449715571E+01   -0.941673111959006803E+01    0.176375558686184547E+03
    0.134030383119293806E+01    0.437296067135573423E+03   -0.101940382225933313E+01   -0.563095997250188596E+01   -0.844191519128655088E+01    0.176380740863119740E+03
    0.134186573154416888E+01    0.403568427682185586E+03   -0.160671036085151364E+01   -0.106527502849303168E+01   -0.781962364883780037E+01    0.176383617675832681E+03
    0.134163835781113461E+01    0.403891150049078362E+03   -0.101361525326925772E+01   -0.368494341971723927E+01   -0.775612864172804795E+01    0.176385860017134348E+03
    0.134354006868658216E+01    0.444337794001070222E+03   -0.112088323029533576E+01   -0.105592577177209712E+01   -0.682372173194270104E+01    0.176394636423507677E+03
    0.134023663928157166E+01    0.423812938100207134E+03   -0.104441523279210990E+01   -0.587972052180780302E+01   -0.812080938468836777E+01    0.176407984654931397E+03
    0.134022308988706440E+01    0.404032744117413017E+03   -0.106318561860164174E+01   -0.329288326035509193E+01   -0.102409131116078385E+02    0.176408255307070192E+03
    0.134196554364842591E+01    0.458335249864575417E+03   -0.122406039043117154E+01   -0.103077040286989252E+01   -0.664342186793055323E+01    0.176409367939572292E+03
    0.134097393371603535E+01    0.426247247490009102E+03   -0.100864325128254784E+01   -0.689584218494203149E+01   -0.884808822261925343E+01    0.176412888032404226E+03
    0.133971832284068970E+01    0.423943897958386060E+03   -0.104960577692679990E+01   -0.431357077665145106E+01   -0.112050432834145184E+02    0.176419858303587205E+03
    0.134033541460542271E+01    0.415839009018210220E+03   -0.103476967143554077E+01   -0.887787241046958187E+01   -0.109222260895992171E+02    0.176445115372402370E+03
    0.133995622887770516E+01    0.427951309089398023E+03   -0.106295367084149461E+01   -0.500836804406733194E+01   -0.112794621458842173E+02    0.176451323422033852E+03
    0.133985743141445912E+01    0.413030179036656250E+03   -0.104675416877933891E+01   -0.612965293398065558E+01   -0.109813827424484050E+02    0.176451758211749166E+03
    0.133977177347080989E+01    0.404118542263189624E+03   -0.109765439650213992E+01   -0.428872338654792085E+01   -0.105526769435447267E+02    0.176464750832527614E+03
    0.134058296161239876E+01    0.419386044625264390E+03   -0.102137522382516011E+01   -0.114009415299873496E+02   -0.902428061034510165E+01    0.176471184753039722E+03
    0.134261309962566600E+01    0.421403833399512337E+03   -0.144740864320530882E+01   -0.106799055298157697E+01   -0.102053833446190652E+02    0.176473098432691927E+03
    0.134036370236662572E+01    0.432890724952471771E+03   -0.100033500231671901E+01   -0.827321767210831283E+01   -0.116045454547821318E+02    0.176487225248840616E+03
    0.134101206404677353E+01    0.413289480015394588E+03   -0.101018607203226374E+01   -0.339284240053394548E+01   -0.750229725947289339E+01    0.176493077378673377E+03
    0.134205530193014355E+01    0.406722093172068639E+03   -0.125792320731983587E+01   -0.108602362477935444E+01   -0.546313020443877484E+01    0.176504448336546943E+03
    0.134102780723804371E+01    0.403783668057609191E+03   -0.101810912116003394E+01   -0.105676333261475275E+02   -0.710793510221715863E+01    0.176504762259336360E+03
    0.133975887316804498E+01    0.400018339270933097E+03   -0.105078232833928986E+01   -0.509631254994107685E+01   -0.118081449378566923E+02    0.176516853674982428E+03
    0.134116190163691296E+01    0.403606363554129530E+03   -0.106197389144556631E+01   -0.539181355858965983E+01   -0.772297987217847304E+01    0.176520724527763832E+03
    0.134026561954031154E+01    0.410331335744010346E+03   -0.101887095439635189E+01   -0.891450529590290586E+01   -0.891035055412022459E+01    0.176526451673570079E+03
    0.134023638088767183E+01    0.408242854217933768E+03   -0.104065193837886660E+01   -0.854707326398014189E+01   -0.115896413892808798E+02    0.176533888594379448E+03
    0.134021064981940774E+01    0.412453347449416128E+03   -0.100723148675625396E+01   -0.113948865097966419E+02   -0.108560710303900869E+02    0.176537089780854842E+03
    0.134307647821094900E+01    0.402576564556718836E+03   -0.124047412647944100E+01   -0.117267891263630020E+01   -0.981821574724268231E+01    0.176548368086118387E+03
    0.134041041230879010E+01    0.420934344674398858E+03   -0.102980522523841955E+01   -0.514185754594984967E+01   -0.722238472843795698E+01    0.176555829650315673E+03
    0.134069981520879544E+01    0.410975457223218370E+03   -0.105166653911802754E+01   -0.817179120705565332E+01   -0.101331416208069811E+02    0.176560489500796621E+03
    0.134295484627823436E+01    0.449915525423268036E+03   -0.122442641811079334E+01   -0.105053129092684827E+01   -0.110455593245693144E+02    0.176586428495455948E+03
    0.134168949048526120E+01    0.410378095144907718E+03   -0.100456605740947857E+01   -0.381204662821533979E+01   -0.978310078294702379E+01    0.176598467076162706E+03
    0.134250914830768320E+01    0.486304188660977104E+03   -0.118372353671455421E+01   -0.100635649774964619E+01   -0.939242924506027954E+01    0.176600994736994721E+03
    0.134060036623720324E+01    0.412001996106212516E+03   -0.105062835612082850E+01   -0.413105925607310631E+01   -0.748701609889050967E+01    0.176603825761118117E+03
    0.134013360265343495E+01    0.406567108566785691E+03   -0.101429938228317518E+01   -0.743629067911911168E+01   -0.107875226066459025E+02    0.176609556823497599E+03
    0.134014936690775088E+01    0.408346336010919970E+03   -0.108842937287881014E+01   -0.411622900000214909E+01   -0.899568917859166639E+01    0.176617453982400434E+03
    0.133973947734272536E+01    0.411939755284839805E+03   -0.104945977071620788E+01   -0.522757604484946814E+01   -0.109431500480953972E+02    0.176618589148984938E+03
    0.134041639532669943E+01    0.405727180986854023E+03   -0.101629830074384131E+01   -0.856867415625263007E+01   -0.783945808563317303E+01    0.176620006633139042E+03
    0.134038085397397899E+01    0.414999300855987087E+03   -0.103231592713862241E+01   -0.107235578966782015E+02   -0.119083715008027884E+02    0.176621524226244958E+03
    0.134034279442531878E+01    0.423675281779879356E+03   -0.100768633560142540E+01   -0.741667663573120617E+01   -0.835809119359216979E+01    0.176626551734533734E+03
    0.134119990590960114E+01    0.404284728078452076E+03   -0.104516520651624489E+01   -0.933238689352599593E+01   -0.111744861211237154E+02    0.176631953798666871E+03
    0.134043142292732287E+01    0.419120100216285437E+03   -0.105027356802244576E+01   -0.607106073654462630E+01   -0.841068376886426350E+01    0.176634318336776403E+03
    0.134052020650692638E+01    0.400474900687034392E+03   -0.110798241888357829E+01   -0.646737421489659159E+01   -0.989903465958181528E+01    0.176636780772890120E+03
    0.134184216837147141E+01    0.419815031331811554E+03   -0.118017297820817113E+01   -0.110407882279985614E+01   -0.683081595678344655E+01    0.176640848119807231E+03
    0.134209995150500050E+01    0.443745534384177688E+03   -0.126774210225367767E+01   -0.102716247184879172E+01   -0.607087775344293412E+01    0.176658041980550081E+03
    0.134111355166260315E+01    0.413379380461186031E+03   -0.101936891062192636E+01   -0.105558722322338294E+02   -0.919548794334163233E+01    0.176659567469424303E+03
    0.134059435948834982E+01    0.410430936518073509E+03   -0.109216655816881847E+01   -0.466109055054159072E+01   -0.110865169229050782E+02    0.176666019278517865E+03
    0.134274475343204336E+01    0.406741777482112752E+03   -0.115731528120685567E+01   -0.124952778428288092E+01   -0.103192063796708062E+02    0.176672841262447605E+03
    0.134030462560575381E+01    0.411535560835576121E+03   -0.105246022881788548E+01   -0.400178317263743644E+01   -0.762129177345692721E+01    0.176673615640979051E+03
    0.134213835671071635E+01    0.457019606515048565E+03   -0.103642359900312186E+01   -0.122520281740303361E+01   -0.104007586414991202E+02    0.176674629969660032E+03
    0.134070142110568113E+01    0.421815390242065746E+03   -0.101111789980966371E+01   -0.504766799846048730E+01   -0.697089454756766802E+01    0.176679400701943393E+03
    0.134242221016016861E+01    0.474274581080544635E+03   -0.102774369079491201E+01   -0.114520872466733614E+01   -0.747687453764329391E+01    0.176680803874985884E+03
    0.134173682679259598E+01    0.401800176120183323E+03   -0.125118727900786553E+01   -0.118410683139400774E+01   -0.675651189772008820E+01    0.176683220477198688E+03
    0.134089388754966810E+01    0.422993242358888267E+03   -0.102450604838314696E+01   -0.484679352368746663E+01   -0.781084118896765212E+01    0.176685701581693593E+03
    0.134194112908778562E+01    0.424770249138344923E+03   -0.141972595249677269E+01   -0.101159391530576315E+01   -0.842235179913390652E+01    0.176685985525552553E+03
    0.134082918384684846E+01    0.415064454896903612E+03   -0.104475413270898621E+01   -0.693010435349160847E+01   -0.101960385580930559E+02    0.176688490474314449E+03
    0.134031057802232323E+01    0.412290103831320948E+03   -0.102008888855850266E+01   -0.923445983466322851E+01   -0.936328629222546027E+01    0.176690486907779643E+03
    0.134037753880738175E+01    0.405998930328673964E+03   -0.100140254442217724E+01   -0.119602007339547978E+02   -0.820692488793251584E+01    0.176694783243670202E+03
    0.134062400048354502E+01    0.424006329619050916E+03   -0.100961329180111470E+01   -0.935853414223474189E+01   -0.954296525713981048E+01    0.176698709183860558E+03
    0.134019973682853633E+01    0.431003965544745995E+03   -0.101613354631113850E+01   -0.658278262627156785E+01   -0.962025410206151399E+01    0.176699605761062969E+03
    0.134318924729042322E+01    0.427293879176036000E+03   -0.102925723674603731E+01   -0.123080146983437544E+01   -0.814994966671835641E+01    0.176700814285429828E+03
    0.134258790671908224E+01    0.407924606470443223E+03   -0.159878609445522279E+01   -0.102443751240060976E+01   -0.598555397694298463E+01    0.176704910678567330E+03
    0.134035691739849017E+01    0.401211623334074091E+03   -0.102025061251784166E+01   -0.116029370128319975E+02   -0.846528717375255191E+01    0.176709282841514153E+03
    0.134051321168871285E+01    0.408092928126224820E+03   -0.104284888692047772E+01   -0.101790521768842570E+02   -0.929336259346781546E+01    0.176711260954627107E+03
    0.134023282198760496E+01    0.434391872977955302E+03   -0.103204193743941630E+01   -0.566570087537879452E+01   -0.964587500232970996E+01    0.176711720666819247E+03
    0.133999080312182106E+01    0.412828646858959928E+03   -0.106588835449615615E+01   -0.601530623023735522E+01   -0.962163555867650899E+01    0.176712411946608768E+03
    0.134066061905622358E+01    0.421499171875078446E+03   -0.101011149131868905E+01   -0.110024794427175028E+02   -0.909259638556293481E+01    0.176717799726184751E+03
    0.134106096858504475E+01    0.407159258162949072E+03   -0.103898425516177007E+01   -0.105844013733413469E+02   -0.101609879131598966E+02    0.176721755660472866E+03
    0.134006342478949159E+01    0.438062343248125444E+03   -0.101209476792831055E+01   -0.602029792679626574E+01   -0.112386289627713012E+02    0.176729549045809563E+03
    0.134122823663008894E+01    0.429819317720126662E+03   -0.100099859362576282E+01   -0.462773876503055348E+01   -0.107318850037195865E+02    0.176737762840215396E+03
    0.133991981243597991E+01    0.419571365306707037E+03   -0.101920950443687097E+01   -0.378903750457412869E+01   -0.889093472794819029E+01    0.176747019082782799E+03
    0.134145698317714279E+01    0.410159940581940532E+03   -0.101683680670352139E+01   -0.735226708554460107E+01   -0.101600659485901570E+02    0.176747354774101723E+03
    0.134175301887389731E+01    0.403461445332840185E+03   -0.118891666816208463E+01   -0.115464993078160916E+01   -0.728555716948029364E+01    0.176764209111695834E+03
    0.134192220349969582E+01    0.425910646133877663E+03   -0.131032289214911835E+01   -0.103492062094335679E+01   -0.100369921813708913E+02    0.176764817169932485E+03
    0.133998348704862114E+01    0.424833147612259779E+03   -0.103921147034314920E+01   -0.445749053100654091E+01   -0.832332123194762019E+01    0.176765299344614789E+03
    0.134219323086821207E+01    0.421363946771561018E+03   -0.125451306048224609E+01   -0.116940048183328749E+01   -0.107901513089869781E+02    0.176771065378266144E+03
    0.134230083540677936E+01    0.492245334295305213E+03   -0.116888883197182913E+01   -0.100276131021136194E+01   -0.111112154412712627E+02    0.176771550161277560E+03
    0.134246387112852616E+01    0.447077619194441525E+03   -0.106822032002016698E+01   -0.120195585379656755E+01   -0.112224764226253040E+02    0.176771796418440999E+03
    0.134026022432074710E+01    0.412777296004328150E+03   -0.100079688726051153E+01   -0.332055250127315027E+01   -0.762713050385799995E+01    0.176775915521628235E+03
    0.134094227993993242E+01    0.428764862969448359E+03   -0.100646551662633499E+01   -0.655615800179378994E+01   -0.981539219326506185E+01    0.176777400658502188E+03
    0.134113533645418936E+01    0.410944921427677514E+03   -0.102288248886383215E+01   -0.105034828291712614E+02   -0.959652619329638235E+01    0.176803753718745384E+03
    0.134009953946484606E+01    0.432183808714801444E+03   -0.104477689914886618E+01   -0.475106240923624146E+01   -0.116603815982291152E+02    0.176810253179662823E+03
    0.134088571894310626E+01    0.407808579992384466E+03   -0.104227152185720762E+01   -0.117438796503276528E+02   -0.104181430838825158E+02    0.176820213458383591E+03
    0.134033365241089264E+01    0.405166452255931574E+03   -0.104248967123312397E+01   -0.323181073851723077E+01   -0.119686784617217725E+02    0.176823549032153664E+03
    0.134000294919765861E+01    0.423724715191272026E+03   -0.100028004233667467E+01   -0.505660890265426310E+01   -0.754899409725427084E+01    0.176826520323755631E+03
    0.134254956963361005E+01    0.484337325959093732E+03   -0.106841708759648135E+01   -0.107470849848757233E+01   -0.886193561859929346E+01    0.176829680890512691E+03
    0.134025300696661520E+01    0.430340313574100605E+03   -0.102809436924711051E+01   -0.393367012317315812E+01   -0.106918077503353590E+02    0.176832318867744050E+03
    0.134181578585132311E+01    0.427929975397251155E+03   -0.114628703028139611E+01   -0.122523803875881043E+01   -0.113583089029739188E+02    0.176833065948429009E+03
    0.134046534704116671E+01    0.420305307453348803E+03   -0.106430968948785321E+01   -0.505825141638890940E+01   -0.936635128814077156E+01    0.176834699121535607E+03
    0.134366195201991001E+01    0.427709459532887479E+03   -0.110139394990826212E+01   -0.110041631194942724E+01   -0.943281137955642635E+01    0.176837190670683242E+03
    0.134223785933355821E+01    0.401370335288385945E+03   -0.146236586824392667E+01   -0.112806638561438710E+01   -0.867591419587983381E+01    0.176838427286065382E+03
    0.134156270251854481E+01    0.405675824568133407E+03   -0.101124182017187536E+01   -0.112023468587965187E+02   -0.111288031030197683E+02    0.176842352437937620E+03
    0.134131864779286691E+01    0.411841443657843456E+03   -0.101176376463344830E+01   -0.891906229319286581E+01   -0.974841477742419116E+01    0.176847711513384581E+03
    0.134034618173165065E+01    0.414049427365595989E+03   -0.108981022190087984E+01   -0.485913785657348640E+01   -0.113084014634298278E+02    0.176860026789662129E+03
    0.133981347629394976E+01    0.418780112970251821E+03   -0.101589547715913930E+01   -0.484496468391257995E+01   -0.888673039559020594E+01    0.176861127256649922E+03
    0.134052820415406604E+01    0.401357425550369101E+03   -0.104973162689933908E+01   -0.111401110406199049E+02   -0.882344080846462653E+01    0.176864556090609199E+03
    0.134204127993801081E+01    0.420802874767070932E+03   -0.120315554709922523E+01   -0.120759181192071097E+01   -0.949967009389276384E+01    0.176867069133433176E+03
    0.134007282918475701E+01    0.408622341512820583E+03   -0.105742622240096829E+01   -0.365444743835002761E+01   -0.109619750420036013E+02    0.176868517443623773E+03
    0.134114515739192730E+01    0.400542865749547104E+03   -0.103878526899617007E+01   -0.944475892502404157E+01   -0.817367074839336638E+01    0.176870589640699620E+03
    0.134093554822345196E+01    0.408974187348423868E+03   -0.102366363094309420E+01   -0.112266244998218170E+02   -0.827528979743446413E+01    0.176870912910859374E+03
    0.134032623142814544E+01    0.417062345080720092E+03   -0.107487087683292515E+01   -0.490470672299853216E+01   -0.940069428265066165E+01    0.176877091789537985E+03
    0.134213866896361278E+01    0.430959659140749750E+03   -0.144108344204286531E+01   -0.101671427402301617E+01   -0.703077452022054583E+01    0.176877697230649517E+03
    0.134243051682789982E+01    0.462942018257761220E+03   -0.121007522157965219E+01   -0.105220250219065115E+01   -0.113105169035787707E+02    0.176878523907447800E+03
    0.134077247862793025E+01    0.421026249981217120E+03   -0.102553349870635202E+01   -0.367430469870657639E+01   -0.102405784061229532E+02    0.176881945376378894E+03
    0.134039787027847135E+01    0.408710776166428445E+03   -0.102542121237451767E+01   -0.963472560673225864E+01   -0.935319531559612471E+01    0.176888369630537113E+03
    0.134190436518059530E+01    0.446268403159354648E+03   -0.121234845520709555E+01   -0.105560116679498073E+01   -0.938782630681385299E+01    0.176894266674619985E+03
    0.134140565871598194E+01    0.414115759944717183E+03   -0.100242114026570484E+01   -0.843319332895948648E+01   -0.104264145466430413E+02    0.176898176139995712E+03
    0.134189093744555366E+01    0.445546121401161940E+03   -0.106202154300031637E+01   -0.123059811931490870E+01   -0.888899843874649420E+01    0.176901220233503807E+03
    0.134048217940529413E+01    0.411600550453918572E+03   -0.103724512188283313E+01   -0.331471606422000953E+01   -0.118568173073465868E+02    0.176901892663338799E+03
    0.134282928976534910E+01    0.433634367958263852E+03   -0.112220867719779349E+01   -0.116639623333446885E+01   -0.115169909402452149E+02    0.176903242038767416E+03
    0.134208086878442412E+01    0.409304476623218761E+03   -0.155723477711714864E+01   -0.104682371169232802E+01   -0.784325241098040493E+01    0.176909191855748588E+03
    0.134038369056621409E+01    0.435381077451065323E+03   -0.101092624512923912E+01   -0.405104400974401635E+01   -0.919082811674932287E+01    0.176916441144118153E+03
    0.134049831049040025E+01    0.411491011598855380E+03   -0.106157716600801422E+01   -0.523311668783463801E+01   -0.772803421833823467E+01    0.176920503850788521E+03
    0.134098684285528225E+01    0.414730835898569069E+03   -0.105342389537087655E+01   -0.566013095279885370E+01   -0.108421713589169642E+02    0.176921953684956918E+03
    0.134283357102825263E+01    0.406375925572288168E+03   -0.166694762680579700E+01   -0.102261318404125312E+01   -0.102423041691669461E+02    0.176925784013708551E+03
    0.134095617435978309E+01    0.405956250433864000E+03   -0.104815960827139598E+01   -0.784706500918336491E+01   -0.981957634165768134E+01    0.176926907147877728E+03
    0.134336011964427193E+01    0.413670542212243561E+03   -0.138101025919397280E+01   -0.103897051557820497E+01   -0.901428495789667394E+01    0.176940299284261755E+03
    0.134220956657494872E+01    0.478046306430055665E+03   -0.106773461682017334E+01   -0.110288126260450881E+01   -0.111015594809933553E+02    0.176945003209643517E+03
    0.134244482600320270E+01    0.449000304894853912E+03   -0.113224981687160309E+01   -0.113424987069094207E+01   -0.845755958101670835E+01    0.176949799257574682E+03
    0.134145525030630752E+01    0.409723763705615568E+03   -0.101258725052639420E+01   -0.418585264479403651E+01   -0.772454206052861636E+01    0.176952776050007571E+03
    0.134268966433414461E+01    0.471953661038216410E+03   -0.119200852138372504E+01   -0.102017269564310986E+01   -0.117026832749344223E+02    0.176960046614206476E+03
    0.134061624158266635E+01    0.406386108771951797E+03   -0.104946387356510762E+01   -0.876565106958053342E+01   -0.110262259701050702E+02    0.176965898066428849E+03
    0.134138359649797589E+01    0.414879680670161576E+03   -0.102522846209725316E+01   -0.467155203150738885E+01   -0.972782305915124823E+01    0.176971404459044891E+03
    0.134071802711273702E+01    0.407500268055567233E+03   -0.108178066048055221E+01   -0.429807788588465023E+01   -0.113007186413388165E+02    0.176973741058378494E+03
    0.133989874487679650E+01    0.440286833263529843E+03   -0.100156340227654894E+01   -0.542147685872319141E+01   -0.105407415144130336E+02    0.176977297287160525E+03
    0.134070339905016866E+01    0.417798862035664570E+03   -0.102623909417988912E+01   -0.776941217456900546E+01   -0.116684285288652383E+02    0.176978575557109366E+03
    0.134004235227194113E+01    0.428558295606157742E+03   -0.102997203344524202E+01   -0.582414027497854114E+01   -0.113894333825976322E+02    0.176987789436456524E+03
    0.134040608058267030E+01    0.407395371754657617E+03   -0.104581429922852465E+01   -0.395224375207128276E+01   -0.743883554781638168E+01    0.176988056652765010E+03
    0.134104830871599789E+01    0.412648752010675366E+03   -0.101868247959524538E+01   -0.113601078692001671E+02   -0.962364436918371879E+01    0.176990438539152649E+03
    0.134084280065208317E+01    0.436069285883244504E+03   -0.100522484981449267E+01   -0.496060939623597719E+01   -0.102612484998110016E+02    0.176996732311099208E+03
    0.134064590339777534E+01    0.426260526940423404E+03   -0.101485804497565546E+01   -0.567013017567944821E+01   -0.790825407967231886E+01    0.177000887966408527E+03
    0.134034123170441277E+01    0.441819043434628270E+03   -0.101256767566476924E+01   -0.518333190780485520E+01   -0.107092199908934838E+02    0.177003233382000474E+03
    0.134008443550059808E+01    0.402092657749323962E+03   -0.106987437494484183E+01   -0.476388257146153915E+01   -0.768834747065085722E+01    0.177005220429796964E+03
    0.134288281816936905E+01    0.401148170387175981E+03   -0.140620931926392778E+01   -0.106343756738205641E+01   -0.554382069517028953E+01    0.177014203390821990E+03
    0.134089012394988605E+01    0.410706136898444015E+03   -0.104555229480379808E+01   -0.532833934549168653E+01   -0.763576914796949069E+01    0.177017374351634828E+03
    0.134232238412674132E+01    0.480645256153416028E+03   -0.106511610732674988E+01   -0.109205083248611601E+01   -0.114900655392949691E+02    0.177019450951961005E+03
    0.134211110845740533E+01    0.423802845906561231E+03   -0.111965601329636044E+01   -0.110005965036910958E+01   -0.565658453733223254E+01    0.177026376944311608E+03
    0.134260260166909884E+01    0.428013891949141055E+03   -0.110472930669030944E+01   -0.106861124753485370E+01   -0.471573799526861492E+01    0.177031312433917094E+03
    0.134272633807140895E+01    0.426971870515941532E+03   -0.133255540096655700E+01   -0.104225862583277618E+01   -0.619520510447541994E+01    0.177034077168264503E+03
    0.134036312889149323E+01    0.409239253965666364E+03   -0.101123887505533183E+01   -0.103483457613050227E+02   -0.102520872857809238E+02    0.177039014449188301E+03
    0.134238283549009241E+01    0.401104804906151060E+03   -0.124542452649185620E+01   -0.122789588534209493E+01   -0.107210584516722083E+02    0.177046171590638039E+03
    0.134231306893746227E+01    0.478211217242998373E+03   -0.116308098565000506E+01   -0.100257657322519123E+01   -0.683420537071662881E+01    0.177050712631757619E+03
    0.134109581461201977E+01    0.400036669392412421E+03   -0.108046855758929183E+01   -0.426326727346668211E+01   -0.111672901069181982E+02    0.177054129355551595E+03
    0.134024195923403733E+01    0.426966909720416652E+03   -0.103239975495997527E+01   -0.528977373635734782E+01   -0.848050762703957339E+01    0.177059081127140871E+03
    0.134004981496506836E+01    0.438027623791949281E+03   -0.101045998939554060E+01   -0.562089893914835592E+01   -0.111919561926138602E+02    0.177061338343427735E+03
    0.134206037046072324E+01    0.418667955865371084E+03   -0.145094158740845103E+01   -0.105007087982519920E+01   -0.865608054648713221E+01    0.177063851510983511E+03
    0.134420295503015708E+01    0.418575365687956662E+03   -0.105428127319542675E+01   -0.108066283501674043E+01   -0.107297786241692226E+02    0.177070714169374412E+03
    0.134004075195003125E+01    0.403373910041071383E+03   -0.108014858934291880E+01   -0.606871700133031133E+01   -0.119574891822392484E+02    0.177073608761336516E+03
    0.134265733545967647E+01    0.421549185763195851E+03   -0.156152524536450343E+01   -0.101518186397627552E+01   -0.101185526461683910E+02    0.177076291043073525E+03
    0.133987345987099005E+01    0.401380817486807643E+03   -0.102376507130454719E+01   -0.454897895935041952E+01   -0.988494172490629808E+01    0.177083342630726690E+03
    0.134205492603129328E+01    0.469658061778337583E+03   -0.109385700463109359E+01   -0.109936214527694531E+01   -0.100713449702058302E+02    0.177083734620677035E+03
    0.133992957258441781E+01    0.409290096683937463E+03   -0.107313396293252161E+01   -0.435179128483274447E+01   -0.100328256384508272E+02    0.177089236420631323E+03
    0.134085060772196196E+01    0.413711997723538502E+03   -0.102271910540687827E+01   -0.113910422955638495E+02   -0.106186651696115977E+02    0.177091534362009725E+03
    0.134247532200270392E+01    0.433872327954245236E+03   -0.133990412109204726E+01   -0.106354136918193554E+01   -0.112286489719580533E+02    0.177091627073231962E+03
    0.133997314325942174E+01    0.416229316203826841E+03   -0.106815606866053159E+01   -0.512506273953998104E+01   -0.117590272109194451E+02    0.177097775589774983E+03
    0.134337718342982204E+01    0.403837166769077726E+03   -0.121036894341926882E+01   -0.113850873661626828E+01   -0.103327110560110036E+02    0.177100152127874708E+03
    0.134022964704067382E+01    0.409760867154407663E+03   -0.106197047313403914E+01   -0.647573484441310665E+01   -0.104122879076661814E+02    0.177103996718343637E+03
    0.134257548486794720E+01    0.451351934636265014E+03   -0.102144095548977276E+01   -0.100621181013243799E+01   -0.476798264642639857E+01    0.177104125733279375E+03
    0.134082999528493585E+01    0.425155194851962960E+03   -0.102969188919547250E+01   -0.549414352433773967E+01   -0.110637915013063903E+02    0.177115620138006079E+03
    0.134060677825374164E+01    0.413045025226659163E+03   -0.102546194024709081E+01   -0.113982021948569781E+02   -0.115186270060138067E+02    0.177116145141065772E+03
    0.134174639179192967E+01    0.423445009222942588E+03   -0.116462770540559468E+01   -0.117615310797347483E+01   -0.104969202460186555E+02    0.177117229175650721E+03
    0.134223381607572012E+01    0.421687769903573042E+03   -0.117908123436390611E+01   -0.106851325234958949E+01   -0.547830655945277112E+01    0.177117981067022583E+03
    0.134063318004257304E+01    0.411078322982409418E+03   -0.100927515891861042E+01   -0.114284193301211285E+02   -0.822381784128568150E+01    0.177121908304089686E+03
    0.134063029358620622E+01    0.422579050979812564E+03   -0.101930072714904973E+01   -0.667936504369618955E+01   -0.879148294389707630E+01    0.177122365481187728E+03
    0.134201837179328121E+01    0.403344473295165642E+03   -0.143265907721816177E+01   -0.103824440054449596E+01   -0.870234348733816709E+01    0.177122453127181529E+03
    0.134284061414062172E+01    0.429375296104640256E+03   -0.143687596985574828E+01   -0.101733518566545733E+01   -0.118961458746310971E+02    0.177123870624998290E+03
    0.134052464361414558E+01    0.413508221901206753E+03   -0.101451113165248508E+01   -0.936386502331197690E+01   -0.908982842388303958E+01    0.177125162667564268E+03
    0.134228819420664913E+01    0.423144955666139310E+03   -0.135506089144683806E+01   -0.108086009171559638E+01   -0.730010984927933926E+01    0.177135851826023838E+03
    0.134079534789318622E+01    0.413562527330351202E+03   -0.102770500416372812E+01   -0.850873368348146286E+01   -0.115484163745403858E+02    0.177136063365605025E+03
    0.134071186026600842E+01    0.402747464629428066E+03   -0.105527706585764314E+01   -0.832080264194358143E+01   -0.973117050853674392E+01    0.177151325556530708E+03
    0.134034690939326584E+01    0.416792768946882575E+03   -0.100412534669650810E+01   -0.803773819012509350E+01   -0.117745698367894498E+02    0.177153870130032033E+03
    0.134070003702494978E+01    0.429875943599963421E+03   -0.102043377135188074E+01   -0.458273912781374815E+01   -0.914989076632864951E+01    0.177157258775419280E+03
    0.134294771497228904E+01    0.426593718661376840E+03   -0.102482768411550040E+01   -0.123408937522200723E+01   -0.659750414191414336E+01    0.177166916304003678E+03
    0.134007232943110521E+01    0.402975567020231949E+03   -0.101908380522150210E+01   -0.429203906521077627E+01   -0.749036076873083179E+01    0.177171709360452326E+03
    0.134064043908295272E+01    0.411445158161570475E+03   -0.102940945978899379E+01   -0.917701023341972366E+01   -0.109008257697500248E+02    0.177178855075684908E+03
    0.134138316059327711E+01    0.406758747772160177E+03   -0.101500955373497703E+01   -0.932774660036275804E+01   -0.114301606096195023E+02    0.177182666154964863E+03
    0.134101415099607291E+01    0.403522548602177721E+03   -0.101478851076985066E+01   -0.113247906510316962E+02   -0.756567120017543271E+01    0.177188331549698546E+03
    0.134061325328435443E+01    0.414625424810919640E+03   -0.100929651077349725E+01   -0.946394184341615485E+01   -0.872272448879363083E+01    0.177188945811706787E+03
    0.134232430469554909E+01    0.415485966688513827E+03   -0.157993044808413785E+01   -0.102158883754620788E+01   -0.108027770481195926E+02    0.177196264371551081E+03
    0.134101253569512813E+01    0.415360522002422726E+03   -0.101853992254353187E+01   -0.713091386576814390E+01   -0.925615836000342895E+01    0.177207458930668224E+03
    0.134048729504914377E+01    0.417146577944409387E+03   -0.103323202061836739E+01   -0.700825334070904837E+01   -0.119254031386058035E+02    0.177209201383838149E+03
    0.134256305402427945E+01    0.405911807804167722E+03   -0.127420569553435925E+01   -0.116880028920661516E+01   -0.107644699238362236E+02    0.177215477560593570E+03
    0.133988887406453694E+01    0.400135979474603346E+03   -0.108885379863316523E+01   -0.460275855804240841E+01   -0.113140327615355822E+02    0.177222531984496470E+03
    0.134073213975409211E+01    0.411358905956579008E+03   -0.107352546388640491E+01   -0.476431957206991274E+01   -0.115353990143145069E+02    0.177223522809690678E+03
    0.134001308543149467E+01    0.418002800274426136E+03   -0.105551194984499119E+01   -0.439942670804194869E+01   -0.101312008241744138E+02    0.177225059882871562E+03
    0.134045473777743407E+01    0.406183766538154771E+03   -0.102893177391460533E+01   -0.879735486643471454E+01   -0.105036831112141513E+02    0.177227337871375255E+03
    0.134240650177216581E+01    0.432500794982986747E+03   -0.113518522544609013E+01   -0.118569157334970043E+01   -0.102020833346418875E+02    0.177232988400417298E+03
    0.134020932908103618E+01    0.405826337593642506E+03   -0.108953533632668531E+01   -0.430161960887501671E+01   -0.995663622118442859E+01    0.177233719895676131E+03
    0.134213285875028809E+01    0.409284271847722721E+03   -0.153758648796713970E+01   -0.103728036525337863E+01   -0.106222400785198214E+02    0.177235254037074753E+03
    0.134055835785794764E+01    0.404127869370668407E+03   -0.101708463956503259E+01   -0.650852011433578870E+01   -0.712476893046307058E+01    0.177239699376734507E+03
    0.134007173229980325E+01    0.420020058634273823E+03   -0.104590488403797188E+01   -0.573554297798178681E+01   -0.117908876980978121E+02    0.177244366843019066E+03
    0.134004311177893243E+01    0.405120341511083495E+03   -0.105136890141955774E+01   -0.588781030543744777E+01   -0.968174018035540485E+01    0.177244885250571258E+03
    0.134180862640213405E+01    0.408871137104043953E+03   -0.109812396479775032E+01   -0.118468872639208733E+01   -0.116551746939441152E+02    0.177247774930321043E+03
    0.134143847045270292E+01    0.410637666878208393E+03   -0.100039060980611438E+01   -0.100089693955737484E+02   -0.119381489162767540E+02    0.177248825931410011E+03
    0.134068772396457980E+01    0.409088905066071277E+03   -0.102967803983033335E+01   -0.106565619070330904E+02   -0.103844762735316536E+02    0.177256555926966257E+03
    0.134217456977578520E+01    0.453737554414471845E+03   -0.110316032683249254E+01   -0.108278431953331200E+01   -0.634760792232090409E+01    0.177258227732099783E+03
    0.134227214583076870E+01    0.423355060000148057E+03   -0.152574340514741635E+01   -0.101446270982163789E+01   -0.854137478850149989E+01    0.177260408330275766E+03
    0.134204049974097206E+01    0.447761390572033520E+03   -0.118396816126853111E+01   -0.105495061246038624E+01   -0.774371682709916254E+01    0.177261041871314546E+03
    0.133991928512636105E+01    0.401215513864484478E+03   -0.108616477553680824E+01   -0.518785442991948997E+01   -0.111636057438889846E+02    0.177269310779141279E+03
    0.134029629898614355E+01    0.400007600544628929E+03   -0.100729477208126639E+01   -0.673383036235371524E+01   -0.833331731561380273E+01    0.177271699071864930E+03
    0.134110471718502700E+01    0.406599992880433319E+03   -0.102664061121202366E+01   -0.740415353468733262E+01   -0.842224067435341084E+01    0.177278290883937927E+03
    0.134088280975793595E+01    0.410633474233211984E+03   -0.101500877846538273E+01   -0.109632846695038246E+02   -0.867154888539120350E+01    0.177279348897693069E+03
    0.134107922007673674E+01    0.412874665560063420E+03   -0.101404720212139132E+01   -0.810222001816800841E+01   -0.931216077057881542E+01    0.177285757594938275E+03
    0.134077832426019716E+01    0.408353245631808193E+03   -0.105231705631430650E+01   -0.697773404505306871E+01   -0.111095145838257086E+02    0.177290855340835719E+03
    0.134044995389133748E+01    0.400117214461081062E+03   -0.102690098877879876E+01   -0.918342114640096341E+01   -0.939690978818936529E+01    0.177291337579954245E+03
    0.134234937131796883E+01    0.412531700263901314E+03   -0.147199884641790923E+01   -0.103900021801968556E+01   -0.648479262621119901E+01    0.177291926487971807E+03
    0.134200640465413135E+01    0.447468544436916147E+03   -0.104477124543288902E+01   -0.110998377006131577E+01   -0.693243250192175342E+01    0.177292037342949925E+03
    0.134121757700373490E+01    0.411937611902276615E+03   -0.101315228063200991E+01   -0.675296201885897140E+01   -0.824600417321590129E+01    0.177292506246719711E+03
    0.134048676923112042E+01    0.406128360282619553E+03   -0.100702085199879754E+01   -0.111006341747498745E+02   -0.902411295473189234E+01    0.177300107229028299E+03
    0.134048676923112042E+01    0.406128360282619553E+03   -0.100702085199879754E+01   -0.111006341747498745E+02   -0.902411295473189234E+01    0.177300107229028299E+03
    0.134039047481149254E+01    0.420137220146494599E+03   -0.105543927646683322E+01   -0.510026986968384310E+01   -0.935468108723165770E+01    0.177305701986425731E+03
    0.134046582723490104E+01    0.416416240293787212E+03   -0.100109969108453711E+01   -0.848596922774336981E+01   -0.987710958341095768E+01    0.177314485648590846E+03
    0.134071093598943492E+01    0.412939296085204717E+03   -0.102348505137150347E+01   -0.884665411004409030E+01   -0.118531208136427111E+02    0.177315491224011964E+03
    0.134084977379384673E+01    0.409482599085902507E+03   -0.104843654316764834E+01   -0.683082388904002968E+01   -0.106247875705938064E+02    0.177316694311659433E+03
    0.134276265056805344E+01    0.455675317059758640E+03   -0.111907604981023034E+01   -0.108724828062100265E+01   -0.100172803129347692E+02    0.177324409831190906E+03
    0.134129271991179699E+01    0.410859188764353860E+03   -0.102419466522664671E+01   -0.641667092053859012E+01   -0.947658638661470931E+01    0.177329269908797301E+03
    0.134247562305903467E+01    0.406875467287751405E+03   -0.139211804714980580E+01   -0.110891327207738044E+01   -0.934508959004997486E+01    0.177329516179792279E+03
    0.134007871299212922E+01    0.401124683337606086E+03   -0.102565824496199554E+01   -0.600283462277499957E+01   -0.990648127730498196E+01    0.177330862333332220E+03
    0.134282992769190956E+01    0.420535631906797619E+03   -0.111508223064784850E+01   -0.100846558614481197E+01   -0.422782450780841579E+01    0.177333045563556709E+03
    0.134232244576885340E+01    0.417915360897526966E+03   -0.132966432036532822E+01   -0.110826363700262220E+01   -0.961727634699381895E+01    0.177334259028356314E+03
    0.134271563990106557E+01    0.455836000522012682E+03   -0.109445134706813185E+01   -0.108284523726968018E+01   -0.657190717340445651E+01    0.177334843735218385E+03
    0.134225646005218446E+01    0.470428090372011468E+03   -0.100588062978155612E+01   -0.116965878516623434E+01   -0.963445658330505950E+01    0.177335432094881298E+03
    0.134031818387201773E+01    0.408644414619865643E+03   -0.102288324164698174E+01   -0.717991579129519764E+01   -0.957725494202983718E+01    0.177336004572319553E+03
    0.134206378660556069E+01    0.435454520363095412E+03   -0.121325136025837566E+01   -0.103495877956772553E+01   -0.890540891899637188E+01    0.177336469245991225E+03
    0.134109855620494556E+01    0.404993109716810750E+03   -0.102959344709054612E+01   -0.332399174880122317E+01   -0.109571114580412736E+02    0.177338882173256764E+03
    0.134109855620494556E+01    0.404993109716810750E+03   -0.102959344709054612E+01   -0.332399174880122317E+01   -0.109571114580412736E+02    0.177338882173256764E+03
    0.134044754705200853E+01    0.406354707681625769E+03   -0.101100933678347715E+01   -0.322415361653233390E+01   -0.821490403906847533E+01    0.177342879485084950E+03
    0.134136552665789011E+01    0.411539231385020571E+03   -0.102196216253535432E+01   -0.407077325840260862E+01   -0.110445182154286528E+02    0.177353782266254711E+03
    0.134236854795190852E+01    0.444687372577150597E+03   -0.120196259112414694E+01   -0.109536942384438341E+01   -0.983699537672666047E+01    0.177355203340809169E+03
    0.134354571818984980E+01    0.447681017814460745E+03   -0.111045632838783881E+01   -0.103170514640683209E+01   -0.724329687144551837E+01    0.177357991708549150E+03
    0.134369161722887354E+01    0.425330145025272031E+03   -0.112151606313222807E+01   -0.107656615946329381E+01   -0.876230089203881590E+01    0.177358214043669022E+03
    0.134053146987215732E+01    0.422206447145765253E+03   -0.104951620229888576E+01   -0.477880954704923067E+01   -0.107598446597167605E+02    0.177359908702377197E+03
    0.134024404892773341E+01    0.431070859173110136E+03   -0.102198033757833606E+01   -0.554528646273702996E+01   -0.954194094398127035E+01    0.177360131650215123E+03
    0.134068081887468216E+01    0.413659358923831917E+03   -0.105762593928585602E+01   -0.581302265633020632E+01   -0.946635013466891451E+01    0.177360142338550190E+03
    0.134042765204348102E+01    0.403082453524901098E+03   -0.106294299524759417E+01   -0.700821261441190480E+01   -0.100452355505131692E+02    0.177366747472819327E+03
    0.134201942650264239E+01    0.462098705599652476E+03   -0.110281706531495693E+01   -0.108835473014420359E+01   -0.108141077899805182E+02    0.177369871675035711E+03
    0.134006005748778456E+01    0.411970863724042317E+03   -0.101478583321462068E+01   -0.393905413658725045E+01   -0.817543792122512514E+01    0.177376766490976024E+03
    0.134094489393508520E+01    0.406062014205357059E+03   -0.104156574152898607E+01   -0.764309165430485749E+01   -0.116075103484313722E+02    0.177377175344272757E+03
    0.134056564973969028E+01    0.420875553062903350E+03   -0.103871567421751898E+01   -0.608710992352505542E+01   -0.107512943240844496E+02    0.177378582491131624E+03
    0.134078974906728443E+01    0.425740526644987710E+03   -0.101722112542585030E+01   -0.438004921596545049E+01   -0.886478484873445183E+01    0.177386431488128153E+03
    0.134078974906728443E+01    0.425740526644987710E+03   -0.101722112542585030E+01   -0.438004921596545049E+01   -0.886478484873445183E+01    0.177386431488128153E+03
    0.134218882112098070E+01    0.410448892842469377E+03   -0.146255696025835924E+01   -0.100694451618075931E+01   -0.766284626219151033E+01    0.177389817167938588E+03
    0.134003984335158033E+01    0.411764191233667702E+03   -0.100066986959379989E+01   -0.553388986334129296E+01   -0.881809436929481727E+01    0.177393360789100825E+03
    0.134034422580428858E+01    0.409398239434087486E+03   -0.107075009631949847E+01   -0.601658235999176583E+01   -0.101895608908447688E+02    0.177394675039514766E+03
    0.134278504223948691E+01    0.407662394228793175E+03   -0.123896095386303173E+01   -0.116056696057033193E+01   -0.107044645032980181E+02    0.177396656533066221E+03
    0.134089538408773623E+01    0.415937663886042742E+03   -0.100140316647935101E+01   -0.760951447127867198E+01   -0.824105077438042066E+01    0.177396686267375230E+03
    0.134259157155617914E+01    0.468509514895411030E+03   -0.120726832994778910E+01   -0.100380705894916389E+01   -0.772650905524959875E+01    0.177397711152950535E+03
    0.133997155308357474E+01    0.407209279111839351E+03   -0.107494902843932039E+01   -0.456868339907444998E+01   -0.113123495917900705E+02    0.177398182770690141E+03
    0.134244009105730888E+01    0.417823704496630739E+03   -0.120213802819665894E+01   -0.117584448918813500E+01   -0.102618908779914264E+02    0.177398719465537852E+03
    0.134050124279525718E+01    0.411861995717208515E+03   -0.104392456547368795E+01   -0.693154119127858248E+01   -0.108467979356771700E+02    0.177400694043930514E+03
    0.134063823796546999E+01    0.422469010840523367E+03   -0.101206830524386859E+01   -0.719427076505539009E+01   -0.119659024843750128E+02    0.177401315240872066E+03
    0.134322302108590619E+01    0.421013264845558126E+03   -0.109102686620191491E+01   -0.116672155478513595E+01   -0.750787869308025790E+01    0.177405012115658053E+03
    0.134276788412279036E+01    0.449465592018366578E+03   -0.106242464681346860E+01   -0.107992525941712181E+01   -0.552128497228564719E+01    0.177412674687406025E+03
    0.134219537055666605E+01    0.481844956380675058E+03   -0.109407934889996739E+01   -0.103979500736188690E+01   -0.108716840512436317E+02    0.177416977266213280E+03
    0.134259291680066961E+01    0.460427030231477943E+03   -0.108857959056198794E+01   -0.110584014925933793E+01   -0.934287242777973148E+01    0.177418490821165392E+03
    0.134090457794485962E+01    0.402128275994568241E+03   -0.103867446120078455E+01   -0.110735030042563132E+02   -0.933410805799656274E+01    0.177419540432936174E+03
    0.134073525408523353E+01    0.404578623866234921E+03   -0.103379648525920942E+01   -0.106584083694043841E+02   -0.937905729550705480E+01    0.177422110751694845E+03
    0.134281262550789093E+01    0.431520867732235104E+03   -0.107927026488243882E+01   -0.100068677371828585E+01   -0.437293874407094307E+01    0.177425339075598288E+03
    0.134316093437517958E+01    0.428759800993153931E+03   -0.116130886088408580E+01   -0.109220985014836636E+01   -0.709114868582334346E+01    0.177435965762444482E+03
    0.134284317484894600E+01    0.482850693978778622E+03   -0.100345587361276323E+01   -0.108758899072651616E+01   -0.104442669065177238E+02    0.177436174987519792E+03
    0.134284317484894600E+01    0.482850693978778622E+03   -0.100345587361276323E+01   -0.108758899072651616E+01   -0.104442669065177238E+02    0.177436174987519792E+03
    0.134284514703774338E+01    0.467998995945629304E+03   -0.113898519278090227E+01   -0.103156538589833779E+01   -0.116789015758954005E+02    0.177437550904571367E+03
    0.134286057221484856E+01    0.461183901493098915E+03   -0.119287668475822350E+01   -0.102125189354819312E+01   -0.117448314269375622E+02    0.177438077173921783E+03
    0.134286057221484856E+01    0.461183901493098915E+03   -0.119287668475822350E+01   -0.102125189354819312E+01   -0.117448314269375622E+02    0.177438077173921783E+03
    0.134176629197799580E+01    0.402103505485078870E+03   -0.102310015987050384E+01   -0.458195261559534384E+01   -0.105921267095851377E+02    0.177438864856655357E+03
    0.134089336600914288E+01    0.417594016280155927E+03   -0.100638528975585828E+01   -0.804292750635811515E+01   -0.100329581956270903E+02    0.177440245223931754E+03
    0.134188998941842930E+01    0.418745208488445769E+03   -0.111524969884071545E+01   -0.125744709266212418E+01   -0.100413285504969707E+02    0.177442627013753111E+03
    0.133988263654489126E+01    0.422652382073198794E+03   -0.101155966516265750E+01   -0.501582677084527262E+01   -0.119228865379750655E+02    0.177445564763198490E+03
    0.134184291752895901E+01    0.406841223124752901E+03   -0.113768425280260210E+01   -0.128659312804782999E+01   -0.110189918896111863E+02    0.177445905672307902E+03
    0.133996144770479875E+01    0.400687597889117569E+03   -0.102433293359803734E+01   -0.400820857910057526E+01   -0.119628641650199636E+02    0.177447047056097517E+03
    0.134007082912637721E+01    0.402892633703011541E+03   -0.106446017393280812E+01   -0.386174367751987191E+01   -0.111087154091715004E+02    0.177447167777432526E+03
    0.134282859355239448E+01    0.401716535612227403E+03   -0.155689330512953461E+01   -0.104296651940443930E+01   -0.749214905210167625E+01    0.177449364025728244E+03
    0.134233709408406621E+01    0.415150369805180787E+03   -0.139672832356798615E+01   -0.107741061455938159E+01   -0.919527615197781500E+01    0.177454025579589086E+03
    0.134008569526859844E+01    0.408696127730465776E+03   -0.100674323196128412E+01   -0.446625769030549247E+01   -0.772343132191764425E+01    0.177455829623997886E+03
    0.134008569526859844E+01    0.408696127730465776E+03   -0.100674323196128412E+01   -0.446625769030549247E+01   -0.772343132191764425E+01    0.177455829623997886E+03
    0.134109524897842336E+01    0.407122007653364335E+03   -0.103374741632051581E+01   -0.362808404771206838E+01   -0.116917596961855637E+02    0.177459815027658351E+03
    0.134048191105132219E+01    0.409249203964391654E+03   -0.100889767251342022E+01   -0.311793370071437614E+01   -0.103023805196170120E+02    0.177464110795868862E+03
    0.134091073736960698E+01    0.400744551583726036E+03   -0.104006177295447699E+01   -0.326580905199864269E+01   -0.978437330784111836E+01    0.177465962076640039E+03
    0.134055055345513541E+01    0.424463929234467514E+03   -0.102044693978328560E+01   -0.639299430588659678E+01   -0.100340411843208113E+02    0.177466705147430275E+03
    0.134015713186343466E+01    0.402082983422512086E+03   -0.106730651273282184E+01   -0.433095758826431698E+01   -0.810713881260979718E+01    0.177470777887091458E+03
    0.134136454709266073E+01    0.414443179322405967E+03   -0.100111620312100946E+01   -0.418184613077575751E+01   -0.782677382176454106E+01    0.177472157173155836E+03
    0.134047072887091057E+01    0.428827309112060846E+03   -0.101780300497982523E+01   -0.602523997380316167E+01   -0.115609746645941929E+02    0.177476959900680697E+03
    0.134047072887091057E+01    0.428827309112060846E+03   -0.101780300497982523E+01   -0.602523997380316167E+01   -0.115609746645941929E+02    0.177476959900680697E+03
    0.134224811202004646E+01    0.405395736509833966E+03   -0.127495512175096515E+01   -0.110277113070791088E+01   -0.603411135322513204E+01    0.177478174591960340E+03
    0.134102660257204365E+01    0.400886896936070627E+03   -0.103131677158871859E+01   -0.102456623361520744E+02   -0.856737002839372686E+01    0.177478869815361008E+03
    0.133991631104154618E+01    0.416496304430535417E+03   -0.102576672998478635E+01   -0.485499252387101077E+01   -0.995495129081437646E+01    0.177479798519593487E+03
    0.134060621905121691E+01    0.404532949117086730E+03   -0.103403752364253343E+01   -0.963723164776661534E+01   -0.107255783568750918E+02    0.177481160463448077E+03
    0.134062337101683182E+01    0.400428624371399280E+03   -0.105412096386613818E+01   -0.639797840269033369E+01   -0.781045490892260119E+01    0.177485988454759024E+03
    0.134311127590170454E+01    0.415666801084626002E+03   -0.111100958967796259E+01   -0.100562264191239059E+01   -0.398261556660014193E+01    0.177486466045531245E+03
    0.134008029983708199E+01    0.416270470754995472E+03   -0.104833721029665838E+01   -0.440928044116767293E+01   -0.936609318514232569E+01    0.177486847590138552E+03
    0.134054492120569968E+01    0.407702436233652577E+03   -0.101130046581315369E+01   -0.939815555964066895E+01   -0.942412019721934868E+01    0.177488589959449087E+03
    0.133991545339255524E+01    0.406774473995849576E+03   -0.103648010074855534E+01   -0.435940151020665301E+01   -0.115958428654004742E+02    0.177488751324809073E+03
    0.134211108220849140E+01    0.418337658650203025E+03   -0.115826697239705645E+01   -0.111108411332182833E+01   -0.633911510086543295E+01    0.177492314928824669E+03
    0.134013769358635138E+01    0.401377363641907664E+03   -0.103448595028525148E+01   -0.351773456773395843E+01   -0.105834958086540105E+02    0.177500784824258119E+03
    0.134019257458770324E+01    0.431498403631698068E+03   -0.100738232771902858E+01   -0.591137703727061492E+01   -0.104176888300474388E+02    0.177503686957448508E+03
    0.134051982602185116E+01    0.410760474963752699E+03   -0.100746621395233760E+01   -0.103430134422785986E+02   -0.115392548326879378E+02    0.177506628677182732E+03
    0.134008588955556451E+01    0.404540374604513602E+03   -0.101362919434508036E+01   -0.414292500264987940E+01   -0.784794599792472614E+01    0.177509878089431425E+03
    0.134199156984030266E+01    0.424973874375248556E+03   -0.122816544846804732E+01   -0.107448908131522458E+01   -0.117742126849810802E+02    0.177510716518472918E+03
    0.134106777855302783E+01    0.406658911198625390E+03   -0.102294692387951436E+01   -0.101642051097356685E+02   -0.114403688563524870E+02    0.177514112063123321E+03
    0.134381373359839240E+01    0.410516022044717033E+03   -0.107590355118639280E+01   -0.106378606411913168E+01   -0.471104625752842399E+01    0.177519442143378114E+03
    0.134117953641619936E+01    0.402204504112094639E+03   -0.104229904579705135E+01   -0.738271694239031984E+01   -0.106794116844579765E+02    0.177522689210490284E+03
    0.134109283923324640E+01    0.406422455055747548E+03   -0.103511731877824786E+01   -0.384258394104676348E+01   -0.856913669222687702E+01    0.177523317943380675E+03
    0.134109283923324640E+01    0.406422455055747548E+03   -0.103511731877824786E+01   -0.384258394104676348E+01   -0.856913669222687702E+01    0.177523317943380675E+03
    0.134172157094395006E+01    0.410418080302588635E+03   -0.108161238625180900E+01   -0.127577298644714965E+01   -0.102880947878451909E+02    0.177524894070140192E+03
    0.134261464433225952E+01    0.425910865170728016E+03   -0.122460736909833123E+01   -0.111652783751984863E+01   -0.994339462495379500E+01    0.177525864348550897E+03
    0.134213394109415596E+01    0.422453858341163709E+03   -0.120984372207443514E+01   -0.115220618230242877E+01   -0.797929653833179131E+01    0.177526083107705063E+03
    0.134235014922795393E+01    0.444588918306943413E+03   -0.113740983356069059E+01   -0.100874644111347678E+01   -0.584960461437865931E+01    0.177526272518116855E+03
    0.134074696457671916E+01    0.406218430409310656E+03   -0.102834236452015837E+01   -0.109081276941952510E+02   -0.117798312166135020E+02    0.177528282122848793E+03
    0.134106124399426041E+01    0.419859284970144529E+03   -0.101062226471832162E+01   -0.654092674555350673E+01   -0.109852873418210812E+02    0.177533442794595089E+03
    0.134035375125662104E+01    0.411914611275198581E+03   -0.106682726686019080E+01   -0.583099994669890442E+01   -0.117362030878602486E+02    0.177537742278730150E+03
    0.134018821590169823E+01    0.421201137517699635E+03   -0.102236825168879975E+01   -0.428668054566400780E+01   -0.820943456736202748E+01    0.177540167082524192E+03
    0.134074024757519128E+01    0.402386237790619134E+03   -0.103497669606795917E+01   -0.107081482161073076E+02   -0.946937368627222043E+01    0.177541506660105370E+03
    0.134043549206716706E+01    0.412357142153657435E+03   -0.102789957679418009E+01   -0.701224514349705963E+01   -0.973169535682993647E+01    0.177548201568700222E+03
    0.134004555083757881E+01    0.404490345483895737E+03   -0.105053200184795159E+01   -0.573347450909101752E+01   -0.102237892098360579E+02    0.177551177775916813E+03
    0.134225410519366561E+01    0.421343492383123532E+03   -0.121685608486698271E+01   -0.101664804223658400E+01   -0.669554239594515810E+01    0.177552199548164253E+03
    0.134067378173839558E+01    0.410067215208789207E+03   -0.106791747199739362E+01   -0.483515852797697576E+01   -0.917316409153865209E+01    0.177553438067999991E+03
    0.134050455043453809E+01    0.407394467008208437E+03   -0.100877502119228168E+01   -0.946813225008030201E+01   -0.110029153544168050E+02    0.177554485004878416E+03
    0.134241116936986304E+01    0.425821650533871491E+03   -0.146420883307866490E+01   -0.100951513588103126E+01   -0.846095274017743648E+01    0.177555091582344744E+03
    0.134248267911214270E+01    0.461719073649037227E+03   -0.115161606355050594E+01   -0.105936220266701397E+01   -0.111619287574741275E+02    0.177558097185876704E+03
    0.134202601642726038E+01    0.407958754432990929E+03   -0.123139491465864026E+01   -0.111559170394363605E+01   -0.717774963459693272E+01    0.177560544661294500E+03
    0.134137573564764834E+01    0.409019574381775669E+03   -0.100197026594904237E+01   -0.961238873661962145E+01   -0.111357928370906691E+02    0.177562832993959717E+03
    0.134087945247981399E+01    0.423038064223640959E+03   -0.102031416297114497E+01   -0.416478367399249105E+01   -0.114320739940794791E+02    0.177563357887407676E+03
    0.134127679023474755E+01    0.405980127033545045E+03   -0.101734959442021733E+01   -0.796303922042073253E+01   -0.968260537724984438E+01    0.177563413077971290E+03
    0.134307738483592631E+01    0.401764084289170569E+03   -0.165884288175415051E+01   -0.100506514253833501E+01   -0.952802606115020900E+01    0.177579745564038262E+03
    0.134093877214739532E+01    0.408255892445083077E+03   -0.100093039406988993E+01   -0.821326912950599208E+01   -0.778329575224889236E+01    0.177595591554391262E+03
    0.134100151807780477E+01    0.406510440987557615E+03   -0.100273060377469569E+01   -0.338889219785803775E+01   -0.743165724283155704E+01    0.177607207652626414E+03
    0.134095776540468226E+01    0.405308909293741920E+03   -0.102325544194053464E+01   -0.109745193733326900E+02   -0.964088292532663615E+01    0.177615412184073591E+03
    0.134225022014578044E+01    0.442161690628611325E+03   -0.103917250345285517E+01   -0.113701223637367832E+01   -0.603726493192745028E+01    0.177626327025697719E+03
    0.134262052259997811E+01    0.408030427556006487E+03   -0.131331782685659348E+01   -0.106834201223323255E+01   -0.569527035515759827E+01    0.177628589732691694E+03
    0.134113533986567846E+01    0.402196393181387748E+03   -0.102710511445789976E+01   -0.115440665148484811E+02   -0.948853434001973817E+01    0.177629711335598813E+03
    0.134113533986567846E+01    0.402196393181387748E+03   -0.102710511445789976E+01   -0.115440665148484811E+02   -0.948853434001973817E+01    0.177629711335598813E+03
    0.134127578376956391E+01    0.401917398893478605E+03   -0.104795240266669865E+01   -0.636368016186409591E+01   -0.104296982857479552E+02    0.177641502007781980E+03
    0.134099573235872560E+01    0.401261896572101477E+03   -0.104210306719854984E+01   -0.743819323168158952E+01   -0.887308613501281940E+01    0.177647678718942075E+03
    0.134214185173250278E+01    0.454016962123524252E+03   -0.116250743659317024E+01   -0.106109869558532210E+01   -0.107199566561944568E+02    0.177648382487805122E+03
    0.134214185173250278E+01    0.454016962123524252E+03   -0.116250743659317024E+01   -0.106109869558532210E+01   -0.107199566561944568E+02    0.177648382487805122E+03
    0.134063460120479849E+01    0.410157744108890540E+03   -0.101144849899174005E+01   -0.105898449598613205E+02   -0.117822197304243748E+02    0.177649198685975591E+03
    0.134063460120479849E+01    0.410157744108890540E+03   -0.101144849899174005E+01   -0.105898449598613205E+02   -0.117822197304243748E+02    0.177649198685975591E+03
    0.133995684785278901E+01    0.404464178886922809E+03   -0.102871592239496756E+01   -0.490163512572995597E+01   -0.100457731557209051E+02    0.177651240211381264E+03
    0.134037204834323176E+01    0.404147412014093220E+03   -0.103886350841832709E+01   -0.708693011383428750E+01   -0.115587497094656655E+02    0.177652278002548599E+03
    0.133993796094421636E+01    0.428302584160722347E+03   -0.100461314524032375E+01   -0.465688932217171203E+01   -0.119850206248529201E+02    0.177660733966250916E+03
    0.134109524705689021E+01    0.411053816651711145E+03   -0.100844048382237084E+01   -0.938731192301525752E+01   -0.117486064827699810E+02    0.177675142970781167E+03
    0.134286452627509290E+01    0.406997636393263235E+03   -0.154959750352483283E+01   -0.102460513848708246E+01   -0.102743832681099274E+02    0.177675301125227577E+03
    0.134290373241276950E+01    0.442721262836297342E+03   -0.121266047947449351E+01   -0.105043495683187871E+01   -0.916769661377030509E+01    0.177687588861934387E+03
    0.134120821839462057E+01    0.410133516580330593E+03   -0.100832225025027711E+01   -0.747837434304589976E+01   -0.898026205374798003E+01    0.177692133791104936E+03
    0.134035653697360102E+01    0.412251641020265765E+03   -0.100099601140418315E+01   -0.718216087785322621E+01   -0.110004318453853038E+02    0.177702837189053810E+03
    0.134007638126262063E+01    0.424752510437519561E+03   -0.103329853482825129E+01   -0.457442366371426523E+01   -0.116744405050954470E+02    0.177704075952040967E+03
    0.134148906216070563E+01    0.400509597804481245E+03   -0.104761684202910565E+01   -0.509354212131618223E+01   -0.116511937646446544E+02    0.177710524296921051E+03
    0.134223018150355600E+01    0.434444568982672706E+03   -0.119632759442814063E+01   -0.106762553907510060E+01   -0.670877133815546234E+01    0.177712740149917181E+03
    0.134222668759407915E+01    0.463688619976673976E+03   -0.117183341336310676E+01   -0.101388205996391889E+01   -0.929552570483872564E+01    0.177714794873915764E+03
    0.134056815970551946E+01    0.423508028377107109E+03   -0.100671805566566164E+01   -0.682833591921622318E+01   -0.112533397708704452E+02    0.177717306890264240E+03
    0.134056815970551946E+01    0.423508028377107109E+03   -0.100671805566566164E+01   -0.682833591921622318E+01   -0.112533397708704452E+02    0.177717306890264240E+03
    0.134115738591394695E+01    0.407261781006624460E+03   -0.101520944337538843E+01   -0.340883392870195046E+01   -0.985332086499172277E+01    0.177717743591759017E+03
    0.134115738591394695E+01    0.407261781006624460E+03   -0.101520944337538843E+01   -0.340883392870195046E+01   -0.985332086499172277E+01    0.177717743591759017E+03
    0.134317562468830287E+01    0.406802851413249982E+03   -0.116416262446036001E+01   -0.115436924167729238E+01   -0.746088402124708061E+01    0.177720772135141658E+03
    0.134047586127407015E+01    0.403618190474357391E+03   -0.101551535554875727E+01   -0.808604764077366411E+01   -0.104254159157480686E+02    0.177721508351293778E+03
    0.134269634056467146E+01    0.422838449482799604E+03   -0.146727263717121303E+01   -0.101505900207618183E+01   -0.109080583747213335E+02    0.177722523921358629E+03
    0.134085793928995822E+01    0.409599092928137907E+03   -0.101433024737875144E+01   -0.116267483746201439E+02   -0.113756124657129885E+02    0.177724857331308613E+03
    0.133998417031562167E+01    0.400776322988575885E+03   -0.106997850099923930E+01   -0.452142000903543106E+01   -0.117014822276866965E+02    0.177725343623952654E+03
    0.133998417031562167E+01    0.400776322988575885E+03   -0.106997850099923930E+01   -0.452142000903543106E+01   -0.117014822276866965E+02    0.177725343623952654E+03
    0.134012220649848746E+01    0.415988787032036214E+03   -0.102581378538546275E+01   -0.551468321871475631E+01   -0.920412740158116627E+01    0.177728584228643626E+03
    0.134012220649848746E+01    0.415988787032036214E+03   -0.102581378538546275E+01   -0.551468321871475631E+01   -0.920412740158116627E+01    0.177728584228643626E+03
    0.134210993228947117E+01    0.402402137928086802E+03   -0.123325939638257331E+01   -0.108686990090567903E+01   -0.730366922786772754E+01    0.177730059631422819E+03
    0.134104195011468019E+01    0.403549260463493283E+03   -0.104748022887371839E+01   -0.375388202258416470E+01   -0.103144704811260404E+02    0.177732702189687643E+03
    0.134271257323102522E+01    0.414161632738159426E+03   -0.112433177429809206E+01   -0.117183429383202942E+01   -0.598517654222642026E+01    0.177743964218369854E+03
    0.134073714208477024E+01    0.421072946818675518E+03   -0.101830802257203779E+01   -0.385261828660067884E+01   -0.111862791337634722E+02    0.177745952589756143E+03
    0.134031717084440372E+01    0.401180366406781445E+03   -0.102365917020075869E+01   -0.651348955660373452E+01   -0.887978477848409220E+01    0.177753661280647748E+03
    0.134279621297722240E+01    0.466439345844906939E+03   -0.101906833066823310E+01   -0.110946258930786890E+01   -0.799921397353368224E+01    0.177754606730635601E+03
    0.134289277418375641E+01    0.422108558506152065E+03   -0.135235372821585287E+01   -0.104475297566530045E+01   -0.116057836557911269E+02    0.177755111431596731E+03
    0.134220903628212196E+01    0.423681256220077842E+03   -0.132106628104016188E+01   -0.102412090454943971E+01   -0.770550645416245228E+01    0.177756354059418356E+03
    0.134035035307027117E+01    0.409545759210731546E+03   -0.102776824978556469E+01   -0.387822300608505266E+01   -0.796597629211663261E+01    0.177759901356714920E+03
    0.134035035307027117E+01    0.409545759210731546E+03   -0.102776824978556469E+01   -0.387822300608505266E+01   -0.796597629211663261E+01    0.177759901356714920E+03
    0.134252178147589873E+01    0.403184604418158244E+03   -0.126981759944278849E+01   -0.116858654236477832E+01   -0.101808491804281811E+02    0.177763387739917391E+03
    0.134070258499344663E+01    0.428233417891751060E+03   -0.101305553275740934E+01   -0.566372910762606274E+01   -0.117602283772612850E+02    0.177763431280796226E+03
    0.134046975851538441E+01    0.405955401026234313E+03   -0.103974170611236083E+01   -0.351095348892028269E+01   -0.113888982355840174E+02    0.177763617222133462E+03
    0.134254244466490258E+01    0.406202648995933487E+03   -0.147304780688390125E+01   -0.105863874068270292E+01   -0.904018445592009634E+01    0.177765491154366032E+03
    0.133995742701471454E+01    0.412343109601847516E+03   -0.100419014820002594E+01   -0.467553922159804891E+01   -0.113193723862877409E+02    0.177768365407582507E+03
    0.134222179706850753E+01    0.444717566411307246E+03   -0.124100311201556401E+01   -0.103681759916460692E+01   -0.917286055039019921E+01    0.177768856435471889E+03
    0.134262832009279420E+01    0.416103063994703405E+03   -0.125092441923590769E+01   -0.111776117588041757E+01   -0.785299209238927087E+01    0.177770716875521998E+03
    0.134262832009279420E+01    0.416103063994703405E+03   -0.125092441923590769E+01   -0.111776117588041757E+01   -0.785299209238927087E+01    0.177770716875521998E+03
    0.134109532978631529E+01    0.422469854207078754E+03   -0.100659086489064897E+01   -0.441675695158885961E+01   -0.905811594552136512E+01    0.177770885485259669E+03
    0.134109532978631529E+01    0.422469854207078754E+03   -0.100659086489064897E+01   -0.441675695158885961E+01   -0.905811594552136512E+01    0.177770885485259669E+03
    0.134012946086284690E+01    0.424393963152541744E+03   -0.100482573245581719E+01   -0.581009221906143303E+01   -0.101411554273185249E+02    0.177773641021421554E+03
    0.134041916218582791E+01    0.422327525563309962E+03   -0.103423574038855115E+01   -0.422282466219750141E+01   -0.112478775140331653E+02    0.177780839040230092E+03
    0.134041916218582791E+01    0.422327525563309962E+03   -0.103423574038855115E+01   -0.422282466219750141E+01   -0.112478775140331653E+02    0.177780839040230092E+03
    0.134233065005830476E+01    0.448238076251358791E+03   -0.101228291410829740E+01   -0.117314387288311650E+01   -0.657781873200051503E+01    0.177783150361148387E+03
    0.134251830278641693E+01    0.427115456442814207E+03   -0.105317707288069151E+01   -0.123921812509645335E+01   -0.757089550331550143E+01    0.177785497867806669E+03
    0.134241818484562203E+01    0.429120045007288468E+03   -0.122437001303105397E+01   -0.109791459358451426E+01   -0.769749825011539812E+01    0.177788612260440573E+03
    0.133998066282119299E+01    0.429694316993383438E+03   -0.100323518156183411E+01   -0.463923558153896920E+01   -0.114213257463146647E+02    0.177789996284334620E+03
    0.134035122047890232E+01    0.422113779621153583E+03   -0.103359828850065227E+01   -0.538415652769212461E+01   -0.926367860612089089E+01    0.177793423488917199E+03
    0.134230889488372274E+01    0.454906792928288098E+03   -0.110225405111982511E+01   -0.111063858588248365E+01   -0.110314369267980652E+02    0.177795886084593121E+03
    0.134093777139275350E+01    0.400695433633789321E+03   -0.103742572369642438E+01   -0.875082636324420982E+01   -0.102615541791843192E+02    0.177797653850580332E+03
    0.134093777139275350E+01    0.400695433633789321E+03   -0.103742572369642438E+01   -0.875082636324420982E+01   -0.102615541791843192E+02    0.177797653850580332E+03
    0.134062140515520412E+01    0.403861567005746679E+03   -0.101718007516545406E+01   -0.836795719682425165E+01   -0.906557862481068177E+01    0.177799471265115244E+03
    0.134096754119684314E+01    0.407211387002176139E+03   -0.100812520121833771E+01   -0.436324168250556710E+01   -0.684980955937770108E+01    0.177800233237702628E+03
    0.134396184561740939E+01    0.404154455779572174E+03   -0.112511195973183931E+01   -0.109072438272099070E+01   -0.734401788158322866E+01    0.177803617422721175E+03
    0.134396184561740939E+01    0.404154455779572174E+03   -0.112511195973183931E+01   -0.109072438272099070E+01   -0.734401788158322866E+01    0.177803617422721175E+03
    0.134085026276552721E+01    0.409104750465325992E+03   -0.100762366027909778E+01   -0.982780607790023097E+01   -0.925530379675886294E+01    0.177818812557447302E+03
    0.134085026276552721E+01    0.409104750465325992E+03   -0.100762366027909778E+01   -0.982780607790023097E+01   -0.925530379675886294E+01    0.177818812557447302E+03
    0.134210186772233442E+01    0.441208757944222668E+03   -0.108843555709208140E+01   -0.107568399894686983E+01   -0.930875090586351561E+01    0.177822197207786644E+03
    0.134080610970287117E+01    0.417442934740677970E+03   -0.102477956299244966E+01   -0.574035444507684556E+01   -0.866355176418419859E+01    0.177827694014374856E+03
    0.134057361361978988E+01    0.415716702044344970E+03   -0.100433122805385544E+01   -0.747902579320923433E+01   -0.113707126382178796E+02    0.177828290917146774E+03
    0.134078458298892333E+01    0.412882562553020193E+03   -0.105029260248785761E+01   -0.437750567461225515E+01   -0.107842134218025318E+02    0.177831347365528472E+03
    0.134078458298892333E+01    0.412882562553020193E+03   -0.105029260248785761E+01   -0.437750567461225515E+01   -0.107842134218025318E+02    0.177831347365528472E+03
    0.134072058319440135E+01    0.424025502430569418E+03   -0.102083097088384633E+01   -0.469540618536109999E+01   -0.881758268750671093E+01    0.177836413622857663E+03
    0.134270108886050710E+01    0.473886764222794056E+03   -0.100857359821067405E+01   -0.110683116509294344E+01   -0.885046615319621210E+01    0.177838074463387443E+03
    0.134065707894321973E+01    0.411136003898262629E+03   -0.106523476985280219E+01   -0.506823131803091620E+01   -0.116665721752700726E+02    0.177838511088184475E+03
    0.134103460279935982E+01    0.411792879407191379E+03   -0.100656450389042185E+01   -0.699955135414032714E+01   -0.827693507417570373E+01    0.177842730012950199E+03
    0.134041751969740242E+01    0.412581177204829146E+03   -0.105862997068730635E+01   -0.570599830600774016E+01   -0.117379162687368552E+02    0.177842814396779829E+03
    0.134171762804208394E+01    0.407819140476902589E+03   -0.100326052915872665E+01   -0.502993448011659705E+01   -0.922487791552026337E+01    0.177848343222335643E+03
    0.134173242562391826E+01    0.405652396413903944E+03   -0.100890522982975384E+01   -0.510141310058236996E+01   -0.971634441851169761E+01    0.177850297392689583E+03
    0.134243877391007560E+01    0.403747844884549011E+03   -0.129125122905740319E+01   -0.101385215427118247E+01   -0.578492266223167206E+01    0.177855624465442872E+03
    0.134222134675632621E+01    0.426574701362788005E+03   -0.117820763421280539E+01   -0.114058948828675710E+01   -0.103419269243591643E+02    0.177863824744178714E+03
    0.134132991797576495E+01    0.405118509387686231E+03   -0.102093293634105642E+01   -0.369357898943156826E+01   -0.111095712426034776E+02    0.177864563525193148E+03
    0.134000129788090816E+01    0.409760383927089379E+03   -0.101186194541599583E+01   -0.438554958223627978E+01   -0.977879376137069123E+01    0.177869656276762953E+03
    0.134000129788090816E+01    0.409760383927089379E+03   -0.101186194541599583E+01   -0.438554958223627978E+01   -0.977879376137069123E+01    0.177869656276762953E+03
    0.134296565641458243E+01    0.410760915590544982E+03   -0.137638254483136890E+01   -0.105805361575606582E+01   -0.102280705848097071E+02    0.177870928030239895E+03
    0.134064071035513099E+01    0.418184650796497976E+03   -0.100506619931072727E+01   -0.681908240295013623E+01   -0.901925923561003628E+01    0.177877268687949140E+03
    0.134085464728113202E+01    0.408505087198956346E+03   -0.105936909631018672E+01   -0.551033794328455251E+01   -0.112608020703199081E+02    0.177883866209678956E+03
    0.134027445018879754E+01    0.422616018256782922E+03   -0.102374381680892057E+01   -0.555765363301924253E+01   -0.936040083590838634E+01    0.177886037730417740E+03
    0.134216327105148481E+01    0.441429057822039454E+03   -0.102579886853940039E+01   -0.115978650649239334E+01   -0.666956093230236036E+01    0.177889522832100795E+03
    0.134337033343590773E+01    0.402119563041089066E+03   -0.110819115744867958E+01   -0.118403878199458923E+01   -0.710622808818272933E+01    0.177896108489962785E+03
    0.134068760533973785E+01    0.409998770287779109E+03   -0.106006102791459789E+01   -0.439209698770757306E+01   -0.108195360039274977E+02    0.177896110165563300E+03
    0.134067464843217876E+01    0.405848663316410125E+03   -0.106145043445714649E+01   -0.613561737749593750E+01   -0.111389146684178879E+02    0.177899123784548465E+03
    0.134020562630640905E+01    0.403768869403591509E+03   -0.102714726120822775E+01   -0.616075360139272288E+01   -0.116579908220124562E+02    0.177902240976991379E+03
    0.134314396242116874E+01    0.413514411734867792E+03   -0.114880199617592993E+01   -0.115116035199205236E+01   -0.980190052244094900E+01    0.177902671619724345E+03
    0.134016008966055100E+01    0.406643055609390444E+03   -0.101981859287015020E+01   -0.568105533624641090E+01   -0.930546777418663851E+01    0.177903198042850079E+03
    0.134075268335037512E+01    0.400458569183205498E+03   -0.105551868656084480E+01   -0.711558704907937756E+01   -0.115440848505039462E+02    0.177905299832849494E+03
    0.134085795364095928E+01    0.407163338834406431E+03   -0.100935384868227906E+01   -0.870278265236760262E+01   -0.896191647733836660E+01    0.177906518464828764E+03
    0.134085795364095928E+01    0.407163338834406431E+03   -0.100935384868227906E+01   -0.870278265236760262E+01   -0.896191647733836660E+01    0.177906518464828764E+03
    0.134118581054184660E+01    0.412459859479298586E+03   -0.101897179176916097E+01   -0.625874081356163980E+01   -0.980951823452467053E+01    0.177907496144044785E+03
    0.134220957407328911E+01    0.421452374381984953E+03   -0.117350878742234599E+01   -0.113304280535773749E+01   -0.702051656318178896E+01    0.177907719457541077E+03
    0.134264486323535537E+01    0.428468008586276483E+03   -0.113415745654818245E+01   -0.101477453936590578E+01   -0.516863695699961845E+01    0.177908624626294284E+03
    0.134086061573729176E+01    0.415332216439916067E+03   -0.100053300587185490E+01   -0.680865017532491645E+01   -0.826623828655433002E+01    0.177910339602268607E+03
    0.134039678144921393E+01    0.412547307864975267E+03   -0.102168397028636448E+01   -0.450797214667230239E+01   -0.751802491027719366E+01    0.177911711805272489E+03
    0.134224269292523024E+01    0.420474839256726511E+03   -0.113909322264199275E+01   -0.120176810053902905E+01   -0.115147727704265144E+02    0.177912230740419091E+03
    0.134224269292523024E+01    0.420474839256726511E+03   -0.113909322264199275E+01   -0.120176810053902905E+01   -0.115147727704265144E+02    0.177912230740419091E+03
    0.134220562938432075E+01    0.423780997963411608E+03   -0.125955651493257292E+01   -0.108194059422285527E+01   -0.802434898699867638E+01    0.177920179068534992E+03
    0.134220562938432075E+01    0.423780997963411608E+03   -0.125955651493257292E+01   -0.108194059422285527E+01   -0.802434898699867638E+01    0.177920179068534992E+03
    0.134131771299291058E+01    0.408120479344552905E+03   -0.101761452361994031E+01   -0.392229220556057534E+01   -0.916658470168293071E+01    0.177920721584332284E+03
    0.134007400533232701E+01    0.417268986945289612E+03   -0.102864987500051264E+01   -0.520713063442874091E+01   -0.110217530465082536E+02    0.177922931338196918E+03
    0.134277484562170613E+01    0.417613709150736270E+03   -0.130876123706440950E+01   -0.105674383211541745E+01   -0.671911986172674691E+01    0.177925198317193690E+03
    0.134239563614133139E+01    0.422517486225819482E+03   -0.106153735667830240E+01   -0.121366614617260993E+01   -0.632535853387795299E+01    0.177929937157513621E+03
    0.134239563614133139E+01    0.422517486225819482E+03   -0.106153735667830240E+01   -0.121366614617260993E+01   -0.632535853387795299E+01    0.177929937157513621E+03
    0.134236980581043097E+01    0.437041039136615211E+03   -0.130589995345971488E+01   -0.101775280753996356E+01   -0.112510520198742103E+02    0.177930610311495172E+03
    0.134165836216288925E+01    0.405224853559110443E+03   -0.100224665070018482E+01   -0.624497952831208814E+01   -0.909322912104673797E+01    0.177934859974963331E+03
    0.134229643391983244E+01    0.430285480465651176E+03   -0.119247909247803996E+01   -0.103176756605695807E+01   -0.682743635889449596E+01    0.177935154867947688E+03
    0.134229643391983244E+01    0.430285480465651176E+03   -0.119247909247803996E+01   -0.103176756605695807E+01   -0.682743635889449596E+01    0.177935154867947688E+03
    0.134221823382770400E+01    0.428350603427402120E+03   -0.121122766965502926E+01   -0.110226778531905545E+01   -0.110301628430233336E+02    0.177936150481519917E+03
    0.134094887941930097E+01    0.419242152221697154E+03   -0.101119434358349203E+01   -0.638940130883536028E+01   -0.117360321771710669E+02    0.177939004646922285E+03
    0.134261288402844703E+01    0.462699024849124157E+03   -0.115138848034165520E+01   -0.103304910910816083E+01   -0.849097974225203345E+01    0.177942049580472599E+03
    0.134111253331755509E+01    0.401678165186909780E+03   -0.101845211843947148E+01   -0.355230448805503585E+01   -0.766729201075945888E+01    0.177944157293106969E+03
    0.134111253331755509E+01    0.401678165186909780E+03   -0.101845211843947148E+01   -0.355230448805503585E+01   -0.766729201075945888E+01    0.177944157293106969E+03
    0.134061035692156505E+01    0.408961672169435531E+03   -0.104606207906976145E+01   -0.499230032896879017E+01   -0.794838889691697847E+01    0.177947926863226314E+03
    0.134307389315258296E+01    0.432874277836746273E+03   -0.110648868075707441E+01   -0.103976299792624793E+01   -0.504868953951055399E+01    0.177956830589235778E+03
    0.134097368146431162E+01    0.422491485192132586E+03   -0.100629683824602445E+01   -0.608733051780648182E+01   -0.104306109951446118E+02    0.177960385205862735E+03
    0.134101859255839106E+01    0.407222234973242053E+03   -0.103823014856763507E+01   -0.644982736243035237E+01   -0.110724402274200209E+02    0.177972359216564087E+03
    0.134007785994973627E+01    0.415232996997405166E+03   -0.102682298583576426E+01   -0.425405522729100838E+01   -0.110159443999554334E+02    0.177973363110276978E+03
    0.134007785994973627E+01    0.415232996997405166E+03   -0.102682298583576426E+01   -0.425405522729100838E+01   -0.110159443999554334E+02    0.177973363110276978E+03
    0.134094772465448187E+01    0.403372150126780639E+03   -0.102206465164383609E+01   -0.902155780188711098E+01   -0.959202854215194023E+01    0.177978167437334150E+03
    0.134221023392643457E+01    0.405389460057785186E+03   -0.119922199763621506E+01   -0.114595300348939233E+01   -0.670703667024281458E+01    0.177979046499188826E+03
    0.134234987822980267E+01    0.400675848786915594E+03   -0.111844107773339907E+01   -0.106129198124300750E+01   -0.806114395223952940E+01    0.177988525078218061E+03
    0.134219612640157893E+01    0.406981683312690734E+03   -0.132420329122200719E+01   -0.109691291036285321E+01   -0.111779930964205363E+02    0.177992010787816753E+03
    0.134291356324240096E+01    0.438801474778251304E+03   -0.104481145336908376E+01   -0.115571898608278190E+01   -0.736647335668745562E+01    0.177999304457508572E+03
    0.134245746172300096E+01    0.413236390185247444E+03   -0.100268992241719879E+01   -0.111383716069418703E+01   -0.539126474544393997E+01    0.178000152864005941E+03
    0.134245746172300096E+01    0.413236390185247444E+03   -0.100268992241719879E+01   -0.111383716069418703E+01   -0.539126474544393997E+01    0.178000152864005941E+03
    0.134241670455000550E+01    0.424244784245401036E+03   -0.141772791531633047E+01   -0.101155378116222572E+01   -0.968740713351468408E+01    0.178010493482425545E+03
    0.134241670455000550E+01    0.424244784245401036E+03   -0.141772791531633047E+01   -0.101155378116222572E+01   -0.968740713351468408E+01    0.178010493482425545E+03
    0.134109957916361089E+01    0.403831043528631881E+03   -0.105468990793859518E+01   -0.430846783284664081E+01   -0.117338227929899084E+02    0.178013966242561423E+03
    0.134070185644522621E+01    0.403806696366976951E+03   -0.106076601554491567E+01   -0.557496506138088410E+01   -0.835855154052646299E+01    0.178015335287648327E+03
    0.134233339942350915E+01    0.423693186180548992E+03   -0.134762464425702966E+01   -0.102309467015377642E+01   -0.776771978579423639E+01    0.178015456403600240E+03
    0.134233339942350915E+01    0.423693186180548992E+03   -0.134762464425702966E+01   -0.102309467015377642E+01   -0.776771978579423639E+01    0.178015456403600240E+03
    0.134249324223657429E+01    0.430415245781322710E+03   -0.135314308302721642E+01   -0.102259743436812833E+01   -0.117222943117885006E+02    0.178015841575307320E+03
    0.134049695010989622E+01    0.431156426914564463E+03   -0.100345471447505297E+01   -0.437786520161225567E+01   -0.913671979990487593E+01    0.178016850038660209E+03
    0.134293434642536691E+01    0.453000221883739187E+03   -0.108541817306434396E+01   -0.102228015199761657E+01   -0.553950911385025968E+01    0.178022672262676281E+03
    0.134215473666830021E+01    0.457225652769235808E+03   -0.102104007694429377E+01   -0.113328111791873987E+01   -0.118776032988907350E+02    0.178042665775705871E+03
    0.134094251733533820E+01    0.411828641984032174E+03   -0.100312993669233919E+01   -0.330936833193275781E+01   -0.104869961067845683E+02    0.178049154304265642E+03
    0.134220784977278784E+01    0.452624878995598124E+03   -0.109537826554299400E+01   -0.108779451557882467E+01   -0.953974889784398705E+01    0.178049595137483379E+03
    0.134200977282224310E+01    0.424275055545910107E+03   -0.110499139179883699E+01   -0.117343689944777196E+01   -0.960026690606509980E+01    0.178054509346392194E+03
    0.134232486473021351E+01    0.475887745193682292E+03   -0.105536003044739957E+01   -0.101100293922548090E+01   -0.106593298426315215E+02    0.178061831245895974E+03
    0.134232486473021351E+01    0.475887745193682292E+03   -0.105536003044739957E+01   -0.101100293922548090E+01   -0.106593298426315215E+02    0.178061831245895974E+03
    0.134015112861772345E+01    0.422230058472082078E+03   -0.102798626356501899E+01   -0.463362868019761809E+01   -0.106700376177968295E+02    0.178062438081819948E+03
    0.134015112861772345E+01    0.422230058472082078E+03   -0.102798626356501899E+01   -0.463362868019761809E+01   -0.106700376177968295E+02    0.178062438081819948E+03
    0.134017619128722654E+01    0.409847600562657988E+03   -0.104359272196947295E+01   -0.456068796252537467E+01   -0.886415728447257223E+01    0.178064560574148516E+03
    0.134085543986414901E+01    0.408051505236899686E+03   -0.104166134518020037E+01   -0.390283103055115888E+01   -0.107978075815956203E+02    0.178064767092256773E+03
    0.134027031761054483E+01    0.403252863274982417E+03   -0.106521058622771392E+01   -0.526475175639202320E+01   -0.878886341055443232E+01    0.178064914313119061E+03
    0.134027031761054483E+01    0.403252863274982417E+03   -0.106521058622771392E+01   -0.526475175639202320E+01   -0.878886341055443232E+01    0.178064914313119061E+03
    0.134060717413073616E+01    0.401969905509710941E+03   -0.104523495211355666E+01   -0.649845690186270719E+01   -0.866880289648566915E+01    0.178065177346324106E+03
    0.134060717413073616E+01    0.401969905509710941E+03   -0.104523495211355666E+01   -0.649845690186270719E+01   -0.866880289648566915E+01    0.178065177346324106E+03
    0.134066258523622461E+01    0.400506386606874003E+03   -0.108951662549506523E+01   -0.488812958158590938E+01   -0.108531689774623423E+02    0.178068382495643732E+03
    0.134418998758351704E+01    0.412680278647564421E+03   -0.100258036906893722E+01   -0.110857755974027405E+01   -0.689825474318862586E+01    0.178072924942521468E+03
    0.134418998758351704E+01    0.412680278647564421E+03   -0.100258036906893722E+01   -0.110857755974027405E+01   -0.689825474318862586E+01    0.178072924942521468E+03
    0.134268850029311948E+01    0.415937265832283686E+03   -0.137847206486799578E+01   -0.104705756960123431E+01   -0.938307529358704784E+01    0.178082878520297186E+03
    0.134039594668626849E+01    0.416737519250408980E+03   -0.102456461255245834E+01   -0.444717675688121705E+01   -0.825965784025975580E+01    0.178086099045062724E+03
    0.134039594668626849E+01    0.416737519250408980E+03   -0.102456461255245834E+01   -0.444717675688121705E+01   -0.825965784025975580E+01    0.178086099045062724E+03
    0.134033237106637149E+01    0.410395776213736895E+03   -0.100279370387310252E+01   -0.377601433722238866E+01   -0.795587481383805173E+01    0.178086136701123053E+03
    0.134024221283333111E+01    0.412632141999634769E+03   -0.102180900301445199E+01   -0.566218841389382632E+01   -0.895292421843051578E+01    0.178090840872152910E+03
    0.134347781435839631E+01    0.416910046173467947E+03   -0.105089669253571749E+01   -0.102173414408473029E+01   -0.410130511027528755E+01    0.178093069118586413E+03
    0.134347781435839631E+01    0.416910046173467947E+03   -0.105089669253571749E+01   -0.102173414408473029E+01   -0.410130511027528755E+01    0.178093069118586413E+03
    0.134153499035922685E+01    0.402061428296841314E+03   -0.100138572397658976E+01   -0.831686812264813113E+01   -0.969538734656143752E+01    0.178099644643391969E+03
    0.134281068090281863E+01    0.412037270724350378E+03   -0.145947906176128228E+01   -0.102782972709987064E+01   -0.118360668577661592E+02    0.178100340187329437E+03
    0.134007659055040906E+01    0.420870202275275233E+03   -0.101753177724850019E+01   -0.444465980446089137E+01   -0.114547141492109290E+02    0.178100719377566691E+03
    0.134008491013820752E+01    0.419905972414056521E+03   -0.102154804983640624E+01   -0.493772291494074178E+01   -0.112211880431229716E+02    0.178103032273189854E+03
    0.134008491013820752E+01    0.419905972414056521E+03   -0.102154804983640624E+01   -0.493772291494074178E+01   -0.112211880431229716E+02    0.178103032273189854E+03
    0.134009137818070201E+01    0.404929450479639854E+03   -0.100549879138869791E+01   -0.430537794788569350E+01   -0.899488388169883635E+01    0.178108541527816897E+03
    0.134009137818070201E+01    0.404929450479639854E+03   -0.100549879138869791E+01   -0.430537794788569350E+01   -0.899488388169883635E+01    0.178108541527816897E+03
    0.134224526576438352E+01    0.410049028393063281E+03   -0.131416836419210981E+01   -0.104700108251929080E+01   -0.911511147534595878E+01    0.178108670787539211E+03
    0.134072574166336556E+01    0.420001502943638286E+03   -0.103231479019948402E+01   -0.489622093911847944E+01   -0.119558467108078759E+02    0.178109875204759760E+03
    0.134061729161867804E+01    0.408359238837871601E+03   -0.103312486271261506E+01   -0.673817293286038055E+01   -0.115244523167258865E+02    0.178110230257290254E+03
    0.134230816241569717E+01    0.407702412644314961E+03   -0.118990373021760831E+01   -0.106940565640259777E+01   -0.665505465096086191E+01    0.178113443865477109E+03
    0.134228408106761798E+01    0.407926926727135481E+03   -0.128092467409643262E+01   -0.112547198705287776E+01   -0.999692723811981132E+01    0.178113839492149850E+03
    0.134228408106761798E+01    0.407926926727135481E+03   -0.128092467409643262E+01   -0.112547198705287776E+01   -0.999692723811981132E+01    0.178113839492149850E+03
    0.134032513437028333E+01    0.403035415956971690E+03   -0.107343241593166638E+01   -0.493364978147220423E+01   -0.890451750975709899E+01    0.178119784776154233E+03
    0.134032513437028333E+01    0.403035415956971690E+03   -0.107343241593166638E+01   -0.493364978147220423E+01   -0.890451750975709899E+01    0.178119784776154233E+03
    0.134287990181780281E+01    0.402214197854331076E+03   -0.158083442644756111E+01   -0.101585980204892756E+01   -0.108923104308526710E+02    0.178120191282569010E+03
    0.134047855702779484E+01    0.401640873272240242E+03   -0.103567400623781758E+01   -0.638604946353641978E+01   -0.860184378132736072E+01    0.178122391116350514E+03
    0.134224415550732434E+01    0.423223621542304159E+03   -0.110672244431167854E+01   -0.106108096482418901E+01   -0.113466837181439626E+02    0.178123295398472521E+03
    0.134209902450937957E+01    0.409234109016342700E+03   -0.121218301437846243E+01   -0.113490770028934129E+01   -0.103551364840120197E+02    0.178124326888958251E+03
    0.134105501332592247E+01    0.402559331220455078E+03   -0.101263086731536767E+01   -0.107522672720527179E+02   -0.908618703273298678E+01    0.178126719618450409E+03
    0.134367014382602590E+01    0.403281803356027467E+03   -0.124713405103465647E+01   -0.105058499384457349E+01   -0.688139653565106535E+01    0.178131475295263954E+03
    0.134248656588024717E+01    0.443603468942192990E+03   -0.109394060104052571E+01   -0.105383606635594695E+01   -0.602376742551664535E+01    0.178132246706201784E+03
    0.134015229262844526E+01    0.416098743472667934E+03   -0.101206000188150469E+01   -0.503698569917574623E+01   -0.887130949228384402E+01    0.178133811591977690E+03
    0.134015229262844526E+01    0.416098743472667934E+03   -0.101206000188150469E+01   -0.503698569917574623E+01   -0.887130949228384402E+01    0.178133811591977690E+03
    0.134342136186691352E+01    0.453951315317662761E+03   -0.102066144011874549E+01   -0.107864277657326113E+01   -0.118334359658873129E+02    0.178135404907602549E+03
    0.134365985094976992E+01    0.408752594519901379E+03   -0.125125770032960304E+01   -0.102745591931680913E+01   -0.649295187667094709E+01    0.178137110030730639E+03
    0.134365985094976992E+01    0.408752594519901379E+03   -0.125125770032960304E+01   -0.102745591931680913E+01   -0.649295187667094709E+01    0.178137110030730639E+03
    0.134019171045782093E+01    0.411374790501219820E+03   -0.105227106856107788E+01   -0.515727385171653285E+01   -0.115697076430909842E+02    0.178139019361998862E+03
    0.134053386938842745E+01    0.417777118990909571E+03   -0.101246739989778689E+01   -0.367841526013442532E+01   -0.115464410023495354E+02    0.178140169223568535E+03
    0.134253331079312344E+01    0.420298696127007815E+03   -0.106393546807806061E+01   -0.101243742935713854E+01   -0.682933104562072213E+01    0.178142853250984672E+03
    0.134101217413701379E+01    0.413683162588233245E+03   -0.100811534802270231E+01   -0.363312905172558942E+01   -0.933336823716380870E+01    0.178142978901272613E+03
    0.134312760397933895E+01    0.424513820011151154E+03   -0.105302838256953457E+01   -0.118592483593127618E+01   -0.983084689167625392E+01    0.178146869263616736E+03
    0.134021549539434970E+01    0.426888270349005154E+03   -0.101200886702773296E+01   -0.470985009690244638E+01   -0.976446554568339664E+01    0.178146998764184218E+03
    0.134291016166419741E+01    0.431988474318474857E+03   -0.134167113866908849E+01   -0.100745955766377371E+01   -0.118321890315989542E+02    0.178151166867023562E+03
    0.134223311406239687E+01    0.412494242387555630E+03   -0.129288374653700799E+01   -0.109183327164829080E+01   -0.962496585362181634E+01    0.178152033917975757E+03
    0.134223311406239687E+01    0.412494242387555630E+03   -0.129288374653700799E+01   -0.109183327164829080E+01   -0.962496585362181634E+01    0.178152033917975757E+03
    0.134022693805157189E+01    0.415418910061568795E+03   -0.103937831440103956E+01   -0.479949582538228547E+01   -0.971466793069326151E+01    0.178152804477230006E+03
    0.134050605573506187E+01    0.402127004200748843E+03   -0.107976599440986298E+01   -0.529310506547302850E+01   -0.943559656911543598E+01    0.178157211468693163E+03
    0.134319364731952096E+01    0.437895578568139570E+03   -0.118411745231000509E+01   -0.103733679676936674E+01   -0.865142952408807808E+01    0.178163829046090541E+03
    0.134196908511374779E+01    0.418723665189348992E+03   -0.101841736488439061E+01   -0.122763510407549425E+01   -0.104199428658500910E+02    0.178165008575074410E+03
    0.134141967677456586E+01    0.403664807032867941E+03   -0.100041089637100633E+01   -0.821980929111317060E+01   -0.907289340220237861E+01    0.178166370545328846E+03
    0.134023540108817629E+01    0.402914115390108691E+03   -0.106801813701010850E+01   -0.423724342786788455E+01   -0.104842077520505903E+02    0.178167379186280414E+03
    0.134111405659177363E+01    0.403597869523239808E+03   -0.100302060327725684E+01   -0.114671689065814171E+02   -0.856933682128847352E+01    0.178167503478312597E+03
    0.134218401132659015E+01    0.417207477410572551E+03   -0.116297312525860974E+01   -0.112411828434907513E+01   -0.756278084467358358E+01    0.178167931630720545E+03
    0.134082210280508418E+01    0.404283001899645569E+03   -0.101081337673287663E+01   -0.102653265202653916E+02   -0.992643326558034644E+01    0.178170626742932654E+03
    0.134287188349250242E+01    0.407327886711901158E+03   -0.138220387596344274E+01   -0.105966999598956413E+01   -0.954048814053201255E+01    0.178180100811562284E+03
    0.134239334951352096E+01    0.424116636958803838E+03   -0.135187507032745557E+01   -0.102662641319289705E+01   -0.952045156591194264E+01    0.178182368885285143E+03
    0.134285604726443308E+01    0.435697187593222225E+03   -0.105639655257312093E+01   -0.116402192970682883E+01   -0.115819709880500064E+02    0.178182857117840683E+03
    0.134225729072070821E+01    0.446909530959613733E+03   -0.106814468386734873E+01   -0.105857792413171481E+01   -0.846913098810688325E+01    0.178187129809425130E+03
    0.134225729072070821E+01    0.446909530959613733E+03   -0.106814468386734873E+01   -0.105857792413171481E+01   -0.846913098810688325E+01    0.178187129809425130E+03
    0.134043195297646434E+01    0.411417251563945854E+03   -0.100653099619688291E+01   -0.562981924935542821E+01   -0.779823131499226285E+01    0.178195499624515605E+03
    0.134090493173030012E+01    0.423949042519460590E+03   -0.101316592767739522E+01   -0.502226708981498504E+01   -0.108454785800632099E+02    0.178197712995669463E+03
    0.134090493173030012E+01    0.423949042519460590E+03   -0.101316592767739522E+01   -0.502226708981498504E+01   -0.108454785800632099E+02    0.178197712995669463E+03
    0.134046581718509694E+01    0.412253973394265245E+03   -0.100692715360662177E+01   -0.665337185712502244E+01   -0.971272664926990359E+01    0.178205077942070659E+03
    0.134242112259455282E+01    0.434354511342028559E+03   -0.102335217670947820E+01   -0.107918879103634069E+01   -0.594349206071413061E+01    0.178213420246687917E+03
    0.134010028396007552E+01    0.401299015141008567E+03   -0.101674114298236162E+01   -0.410863490068101633E+01   -0.112733992945826582E+02    0.178213703472747568E+03
    0.134100247909633463E+01    0.404812555658001429E+03   -0.101263482092999801E+01   -0.823437793773111792E+01   -0.929631281160318679E+01    0.178220027981985083E+03
    0.134011752393671046E+01    0.408534808764573484E+03   -0.101677247915319668E+01   -0.516815508403619717E+01   -0.101129305114457253E+02    0.178233946740364104E+03
    0.134308583048050334E+01    0.404739310707072548E+03   -0.110940752005561905E+01   -0.121259321930938668E+01   -0.109652450970772293E+02    0.178237846545998536E+03
    0.134072285522383461E+01    0.419942774970222331E+03   -0.100010453459351822E+01   -0.360289338321665298E+01   -0.119122597144505136E+02    0.178242101261321068E+03
    0.134089310158690966E+01    0.414042912392175367E+03   -0.100069193794136702E+01   -0.755306809025415049E+01   -0.109222880097080850E+02    0.178242366015360062E+03
    0.134259346190200946E+01    0.475225017088061122E+03   -0.109742333774978285E+01   -0.100300168053871630E+01   -0.814302622013019395E+01    0.178251534099022990E+03
    0.134259346190200946E+01    0.475225017088061122E+03   -0.109742333774978285E+01   -0.100300168053871630E+01   -0.814302622013019395E+01    0.178251534099022990E+03
    0.134241336047419990E+01    0.449825041296922052E+03   -0.114211444483261815E+01   -0.105772847913384993E+01   -0.890539293867236026E+01    0.178256654201777394E+03
    0.134059788341085317E+01    0.403692731246079973E+03   -0.102677650794102249E+01   -0.562346030751723269E+01   -0.752901874015278061E+01    0.178263915823033358E+03
    0.134281032005148226E+01    0.419922033356215422E+03   -0.109702342569917910E+01   -0.103411796753680463E+01   -0.489365132161882244E+01    0.178266093112829367E+03
    0.134023395618969832E+01    0.419348573754562437E+03   -0.101184823249084310E+01   -0.399492867746467084E+01   -0.117284024321699558E+02    0.178270978454955696E+03
    0.134233046154720226E+01    0.420821630655203762E+03   -0.100063034491248892E+01   -0.109483358170689371E+01   -0.101736501762120479E+02    0.178273210625681543E+03
    0.134233046154720226E+01    0.420821630655203762E+03   -0.100063034491248892E+01   -0.109483358170689371E+01   -0.101736501762120479E+02    0.178273210625681543E+03
    0.134357963295124927E+01    0.414146697056770392E+03   -0.102922228126506887E+01   -0.114262168567142552E+01   -0.587669453500256367E+01    0.178273367707778675E+03
    0.134357963295124927E+01    0.414146697056770392E+03   -0.102922228126506887E+01   -0.114262168567142552E+01   -0.587669453500256367E+01    0.178273367707778675E+03
    0.134294615863985811E+01    0.469510559148004518E+03   -0.102538772273257806E+01   -0.106764545460926641E+01   -0.948189823838400514E+01    0.178274322250435375E+03
    0.134220627478395649E+01    0.413781750283325323E+03   -0.117880633469525620E+01   -0.116196962784693092E+01   -0.839799465197822137E+01    0.178275494258687729E+03
    0.134077630521800617E+01    0.402384420167670953E+03   -0.100611568225581038E+01   -0.114095675785207327E+02   -0.998911844851436825E+01    0.178279213945201718E+03
    0.134382859471872163E+01    0.419280284570660911E+03   -0.107725691475193486E+01   -0.108233853332433050E+01   -0.800164507790302793E+01    0.178282800742230279E+03
    0.134404021306832089E+01    0.410796333703263542E+03   -0.111435915047407619E+01   -0.105814830027778584E+01   -0.902669806385113915E+01    0.178287394824321495E+03
    0.134077236020657287E+01    0.404139665420526114E+03   -0.107083541692055562E+01   -0.483946391387045338E+01   -0.109610409617558311E+02    0.178290841854948440E+03
    0.134077236020657287E+01    0.404139665420526114E+03   -0.107083541692055562E+01   -0.483946391387045338E+01   -0.109610409617558311E+02    0.178290841854948440E+03
    0.134215394695084900E+01    0.410677293561366412E+03   -0.118888153276353314E+01   -0.111346236121116249E+01   -0.117913640142241398E+02    0.178291752405750231E+03
    0.134080679207282460E+01    0.418773803701483814E+03   -0.100999990094066838E+01   -0.628817493859742083E+01   -0.117011538538265363E+02    0.178294116359582176E+03
    0.134079361962685195E+01    0.411555090687601421E+03   -0.103545671054225963E+01   -0.605046876738600226E+01   -0.115308711049249233E+02    0.178296818409922366E+03
    0.134012889202621799E+01    0.416507000410135447E+03   -0.100218042138606656E+01   -0.479181246648519910E+01   -0.921775942948490723E+01    0.178297046785560269E+03
    0.134012889202621799E+01    0.416507000410135447E+03   -0.100218042138606656E+01   -0.479181246648519910E+01   -0.921775942948490723E+01    0.178297046785560269E+03
    0.134279290206179347E+01    0.406375365532426201E+03   -0.147453516235860072E+01   -0.102680852628183494E+01   -0.899035793895690993E+01    0.178300280330065220E+03
    0.134231745798127244E+01    0.435117399348793185E+03   -0.117427497504511535E+01   -0.105707862181579415E+01   -0.105880773481327655E+02    0.178300362172445034E+03
    0.134231745798127244E+01    0.435117399348793185E+03   -0.117427497504511535E+01   -0.105707862181579415E+01   -0.105880773481327655E+02    0.178300362172445034E+03
    0.134124087509705703E+01    0.401019084392529351E+03   -0.103117214532198176E+01   -0.561270905098960426E+01   -0.790849500081570334E+01    0.178302545179156880E+03
    0.134266329049437982E+01    0.457990951340189042E+03   -0.106550280739807057E+01   -0.107768719450329442E+01   -0.763041013809165047E+01    0.178308567974637413E+03
    0.134252637873741065E+01    0.400296455122887096E+03   -0.118221582427383431E+01   -0.103526207060856557E+01   -0.600514639430574348E+01    0.178308910016467621E+03
    0.134038964952019235E+01    0.401499224527147476E+03   -0.107871546799414197E+01   -0.517418129020971396E+01   -0.988461347756515352E+01    0.178313174474973152E+03
    0.134065561580795056E+01    0.428727630265495350E+03   -0.100286131248107147E+01   -0.546920243111575033E+01   -0.118100095141508401E+02    0.178316787794816435E+03
    0.134235579402535810E+01    0.433041663325806553E+03   -0.121899642401384334E+01   -0.101053655908587814E+01   -0.927388092975147238E+01    0.178317293163602187E+03
    0.134235579402535810E+01    0.433041663325806553E+03   -0.121899642401384334E+01   -0.101053655908587814E+01   -0.927388092975147238E+01    0.178317293163602187E+03
    0.134270257212060673E+01    0.457140464755016353E+03   -0.111775274186060081E+01   -0.104814788353894883E+01   -0.113814130444618673E+02    0.178322549660290690E+03
    0.134270257212060673E+01    0.457140464755016353E+03   -0.111775274186060081E+01   -0.104814788353894883E+01   -0.113814130444618673E+02    0.178322549660290690E+03
    0.134395713881885359E+01    0.408149517351472070E+03   -0.105733459689995613E+01   -0.109951803837812179E+01   -0.651290759168264888E+01    0.178324518993225297E+03
    0.134395713881885359E+01    0.408149517351472070E+03   -0.105733459689995613E+01   -0.109951803837812179E+01   -0.651290759168264888E+01    0.178324518993225297E+03
    0.134060801448195033E+01    0.406558324445229346E+03   -0.105329463073647389E+01   -0.411033131844942012E+01   -0.113421229930924756E+02    0.178329337348889396E+03
    0.134307171644369849E+01    0.423409082786038539E+03   -0.112098279835560533E+01   -0.113039987467699099E+01   -0.895249430895048803E+01    0.178329935051777511E+03
    0.134070280332135261E+01    0.413371349841178187E+03   -0.104420951341117707E+01   -0.452350735950788252E+01   -0.118106443828201506E+02    0.178334035856955381E+03
    0.134051192336808978E+01    0.407480290567316331E+03   -0.105304186758914042E+01   -0.530930342123637455E+01   -0.901413118158273718E+01    0.178334953592005775E+03
    0.134051192336808978E+01    0.407480290567316331E+03   -0.105304186758914042E+01   -0.530930342123637455E+01   -0.901413118158273718E+01    0.178334953592005775E+03
    0.134345987787277354E+01    0.416215891071663236E+03   -0.113132963954335608E+01   -0.110144555606052208E+01   -0.107336407419042281E+02    0.178336096872212750E+03
    0.134035529083321703E+01    0.414036958197227875E+03   -0.103049694799028480E+01   -0.547575341655974146E+01   -0.913782240287871161E+01    0.178345584504366741E+03
    0.134124108988783353E+01    0.408134873241479625E+03   -0.100811678673919047E+01   -0.652111487470363738E+01   -0.884751725093250307E+01    0.178346302972628507E+03
    0.134396950815215566E+01    0.411467923929123629E+03   -0.109316895609045162E+01   -0.107630534391549659E+01   -0.811417821986819909E+01    0.178348134534027565E+03
    0.134324428552745090E+01    0.401731405081145454E+03   -0.139706125348155652E+01   -0.102337256101458607E+01   -0.645767826194964378E+01    0.178348166222797033E+03
    0.134332999700225186E+01    0.436030117286184520E+03   -0.104827772502017424E+01   -0.111329260921940332E+01   -0.111512854717878831E+02    0.178348938252477694E+03
    0.134332999700225186E+01    0.436030117286184520E+03   -0.104827772502017424E+01   -0.111329260921940332E+01   -0.111512854717878831E+02    0.178348938252477694E+03
    0.134100126748224113E+01    0.402840589271806380E+03   -0.101014493068622180E+01   -0.797406330806301522E+01   -0.873319225109275266E+01    0.178349950498745272E+03
    0.134231082775245603E+01    0.429122448357522615E+03   -0.103806799222418356E+01   -0.114275523502251275E+01   -0.651184335957800098E+01    0.178355980309931283E+03
    0.134022996436618080E+01    0.403479055809469571E+03   -0.100032589551376461E+01   -0.560990083019419394E+01   -0.105096276166395093E+02    0.178358934388317948E+03
    0.134022996436618080E+01    0.403479055809469571E+03   -0.100032589551376461E+01   -0.560990083019419394E+01   -0.105096276166395093E+02    0.178358934388317948E+03
    0.134268245617372783E+01    0.417040820682000287E+03   -0.106382367144869328E+01   -0.115134525340773841E+01   -0.564399481670860848E+01    0.178359400426398736E+03
    0.134035362604165664E+01    0.419609107811202364E+03   -0.101052017986624953E+01   -0.492636797352405775E+01   -0.837104631981891600E+01    0.178362360989126273E+03
    0.134330161182380525E+01    0.458564965770870970E+03   -0.103831964780071928E+01   -0.104306186390630273E+01   -0.710806125184459869E+01    0.178367114429322328E+03
    0.134330161182380525E+01    0.458564965770870970E+03   -0.103831964780071928E+01   -0.104306186390630273E+01   -0.710806125184459869E+01    0.178367114429322328E+03
    0.134123194947186475E+01    0.401875617498845315E+03   -0.102539350229853454E+01   -0.698945433970051422E+01   -0.103134660329915491E+02    0.178371872518086207E+03
    0.134078300757218472E+01    0.405195729673874666E+03   -0.103993374685354212E+01   -0.603592284728175166E+01   -0.888769137926924913E+01    0.178373931878254552E+03
    0.134078300757218472E+01    0.405195729673874666E+03   -0.103993374685354212E+01   -0.603592284728175166E+01   -0.888769137926924913E+01    0.178373931878254552E+03
    0.134226046875586724E+01    0.407876829206188518E+03   -0.116920837501666952E+01   -0.108478095410689335E+01   -0.867368726842291338E+01    0.178374129874102948E+03
    0.134108386510200805E+01    0.415312391051787074E+03   -0.101085404627916020E+01   -0.417775034112560917E+01   -0.946902078951852744E+01    0.178378164134365989E+03
    0.134234113144114886E+01    0.405200757136097025E+03   -0.100623747039696987E+01   -0.113079460654591202E+01   -0.868559118756600945E+01    0.178380195580606767E+03
    0.134234113144114886E+01    0.405200757136097025E+03   -0.100623747039696987E+01   -0.113079460654591202E+01   -0.868559118756600945E+01    0.178380195580606767E+03
    0.134235041099116215E+01    0.448292570025583586E+03   -0.110079419758359265E+01   -0.106071412119068675E+01   -0.819879843601631109E+01    0.178381142917694376E+03
    0.134096982862824810E+01    0.406576843183019832E+03   -0.103764713886068094E+01   -0.614435692440676551E+01   -0.117081410758715982E+02    0.178385788293354949E+03
    0.134096579097055746E+01    0.402877074042604363E+03   -0.102073326535976072E+01   -0.783263611237609414E+01   -0.107852783907475818E+02    0.178387252921614106E+03
    0.134064473006482965E+01    0.401065290656771026E+03   -0.107793496512809917E+01   -0.454870958699900108E+01   -0.118972147326207001E+02    0.178391526990797331E+03
    0.134036759755891310E+01    0.415207143125111884E+03   -0.101217409156704008E+01   -0.537410501504119864E+01   -0.853262772792810331E+01    0.178396902330171883E+03
    0.134296345720634114E+01    0.426312288933237880E+03   -0.118934856776350806E+01   -0.104678965598626483E+01   -0.619780627453120747E+01    0.178397021161418081E+03
    0.134296345720634114E+01    0.426312288933237880E+03   -0.118934856776350806E+01   -0.104678965598626483E+01   -0.619780627453120747E+01    0.178397021161418081E+03
    0.134307306285174000E+01    0.401327255620105348E+03   -0.128492681527971975E+01   -0.106704262459769694E+01   -0.598317165888691438E+01    0.178397148185012384E+03
    0.134280411683890732E+01    0.449266038211877969E+03   -0.114133927395296730E+01   -0.101510848797463282E+01   -0.635020333013806670E+01    0.178398898722329022E+03
    0.134223641188422094E+01    0.401293360118502335E+03   -0.128334963353576903E+01   -0.109170068552151633E+01   -0.949473105029444753E+01    0.178400270985450220E+03
    0.134223641188422094E+01    0.401293360118502335E+03   -0.128334963353576903E+01   -0.109170068552151633E+01   -0.949473105029444753E+01    0.178400270985450220E+03
    0.134222555827181167E+01    0.407807027570594983E+03   -0.119217092287916238E+01   -0.113840135693282463E+01   -0.793469266090240311E+01    0.178401675811929920E+03
    0.134222555827181167E+01    0.407807027570594983E+03   -0.119217092287916238E+01   -0.113840135693282463E+01   -0.793469266090240311E+01    0.178401675811929920E+03
    0.134222077215289093E+01    0.409190395664600317E+03   -0.107818457214451691E+01   -0.112434180008426665E+01   -0.112975371669781417E+02    0.178401921755486171E+03
    0.134076779911567767E+01    0.408908622953806400E+03   -0.100766309485203465E+01   -0.741176286519570660E+01   -0.113944571524452378E+02    0.178403679058949763E+03
    0.134263428919398642E+01    0.408012785547344151E+03   -0.115793900071329325E+01   -0.119059795503100396E+01   -0.107026736951355819E+02    0.178404332261251000E+03
    0.134275290953566673E+01    0.416676303410826733E+03   -0.111370580742821268E+01   -0.106068570676742979E+01   -0.523499241465517073E+01    0.178404623215148661E+03
    0.134275290953566673E+01    0.416676303410826733E+03   -0.111370580742821268E+01   -0.106068570676742979E+01   -0.523499241465517073E+01    0.178404623215148661E+03
    0.134088531262707589E+01    0.411678596751333146E+03   -0.103339749253396462E+01   -0.561530012498748743E+01   -0.952758266559492739E+01    0.178405808023321867E+03
    0.134044357995921226E+01    0.416403660473059858E+03   -0.102855399854758645E+01   -0.421504273264040652E+01   -0.102310101217709484E+02    0.178406556832176193E+03
    0.134044357995921226E+01    0.416403660473059858E+03   -0.102855399854758645E+01   -0.421504273264040652E+01   -0.102310101217709484E+02    0.178406556832176193E+03
    0.134017683014668676E+01    0.412715075751225470E+03   -0.101375042979912777E+01   -0.539314419961161118E+01   -0.117837235152304043E+02    0.178407718646632190E+03
    0.134351850680585527E+01    0.402005079549029290E+03   -0.131078538651759935E+01   -0.103134696158264205E+01   -0.660017729460765956E+01    0.178409527670343380E+03
    0.134220506877754486E+01    0.402739056189725147E+03   -0.113413419167116025E+01   -0.112058662782919072E+01   -0.829635023454959786E+01    0.178410106343410064E+03
    0.134075467956590533E+01    0.403364755198606360E+03   -0.100515083669521488E+01   -0.614790881635127739E+01   -0.739893188576306304E+01    0.178414798202097359E+03
    0.134298822338111368E+01    0.401710675650469909E+03   -0.157809649254220119E+01   -0.100101388995664209E+01   -0.100424265822556293E+02    0.178419190314761295E+03
    0.134405527669624991E+01    0.414094529704282024E+03   -0.118835405504673020E+01   -0.100529163728661608E+01   -0.941875593680386736E+01    0.178419513782056811E+03
    0.134269384759117005E+01    0.406570802288801190E+03   -0.127394644455035966E+01   -0.102352563782256567E+01   -0.561884497818703110E+01    0.178420347046082270E+03
    0.134056910909811733E+01    0.412725099514864667E+03   -0.101490931172929244E+01   -0.652992943838853979E+01   -0.119789357842602424E+02    0.178421736344690203E+03
    0.134249551601722561E+01    0.454191250626752208E+03   -0.108379263625357680E+01   -0.106218223639795362E+01   -0.718872448997420577E+01    0.178425060945350765E+03
    0.134250953113463667E+01    0.411472827273531379E+03   -0.114720660364160132E+01   -0.101011036385735942E+01   -0.818539605767874789E+01    0.178426991789961392E+03
    0.134250953113463667E+01    0.411472827273531379E+03   -0.114720660364160132E+01   -0.101011036385735942E+01   -0.818539605767874789E+01    0.178426991789961392E+03
    0.134321870939619159E+01    0.456067241727995793E+03   -0.108887447620677236E+01   -0.100979220475759668E+01   -0.651655621565353549E+01    0.178428555317512803E+03
    0.134232826782487757E+01    0.432025178171795687E+03   -0.114455343570734591E+01   -0.110949091603558969E+01   -0.108978749228347240E+02    0.178428918615168868E+03
    0.134232826782487757E+01    0.432025178171795687E+03   -0.114455343570734591E+01   -0.110949091603558969E+01   -0.108978749228347240E+02    0.178428918615168868E+03
    0.134059354334530534E+01    0.406539887769156621E+03   -0.103190179230109713E+01   -0.389496397460392174E+01   -0.861513795406786720E+01    0.178433394326246116E+03
    0.134050188680589311E+01    0.400168584902171631E+03   -0.105186360132485923E+01   -0.617951553255677943E+01   -0.988039706571448662E+01    0.178436021737257306E+03
    0.134050188680589311E+01    0.400168584902171631E+03   -0.105186360132485923E+01   -0.617951553255677943E+01   -0.988039706571448662E+01    0.178436021737257306E+03
    0.134267977612809331E+01    0.468510534772043570E+03   -0.105643346371679492E+01   -0.105197286778013854E+01   -0.100209990994990736E+02    0.178444221371865865E+03
    0.134262957129678151E+01    0.434754147242819158E+03   -0.121760663227023080E+01   -0.100743591602191529E+01   -0.630631106143420528E+01    0.178445095415412140E+03
    0.134114310335503517E+01    0.411941678972045395E+03   -0.100175409235505875E+01   -0.693762493971599792E+01   -0.109329820449963826E+02    0.178448553066095030E+03
    0.134122948421893295E+01    0.415893481922463536E+03   -0.100499782164352780E+01   -0.431061017220595843E+01   -0.115895747425861160E+02    0.178453696666146755E+03
    0.134122948421893295E+01    0.415893481922463536E+03   -0.100499782164352780E+01   -0.431061017220595843E+01   -0.115895747425861160E+02    0.178453696666146755E+03
    0.134220514501596266E+01    0.402838495189683329E+03   -0.113817518386671601E+01   -0.111935908558778863E+01   -0.946026214012187694E+01    0.178454023209121942E+03
    0.134220514501596266E+01    0.402838495189683329E+03   -0.113817518386671601E+01   -0.111935908558778863E+01   -0.946026214012187694E+01    0.178454023209121942E+03
    0.134305404131822859E+01    0.400483594676876976E+03   -0.124646430874685521E+01   -0.111083598888164126E+01   -0.707940232410907466E+01    0.178455572362213900E+03
    0.134305404131822859E+01    0.400483594676876976E+03   -0.124646430874685521E+01   -0.111083598888164126E+01   -0.707940232410907466E+01    0.178455572362213900E+03
    0.134292579611239438E+01    0.407796697419136649E+03   -0.100351169776939564E+01   -0.112238469543315666E+01   -0.459391554729472151E+01    0.178460289577035041E+03
    0.134292579611239438E+01    0.407796697419136649E+03   -0.100351169776939564E+01   -0.112238469543315666E+01   -0.459391554729472151E+01    0.178460289577035041E+03
    0.134029963311201294E+01    0.402982935727907488E+03   -0.106858025289845671E+01   -0.515784939294277667E+01   -0.119637355096871314E+02    0.178461028695367929E+03
    0.134069819868120055E+01    0.406726809650966970E+03   -0.101743342249275415E+01   -0.631947889764636273E+01   -0.841553319402811439E+01    0.178462120301626669E+03
    0.134248560301004893E+01    0.409652751471335932E+03   -0.114795272715879548E+01   -0.118171270875431667E+01   -0.737054200862954190E+01    0.178464725178885828E+03
    0.134083246523616162E+01    0.406340874673233657E+03   -0.101114633622220573E+01   -0.734316285690966541E+01   -0.995453052038272901E+01    0.178465627708428656E+03
    0.134083246523616162E+01    0.406340874673233657E+03   -0.101114633622220573E+01   -0.734316285690966541E+01   -0.995453052038272901E+01    0.178465627708428656E+03
    0.134351439687467389E+01    0.402305427031247518E+03   -0.102393132783082130E+01   -0.102825602165554209E+01   -0.368721342923538664E+01    0.178465998016455956E+03
    0.134351439687467389E+01    0.402305427031247518E+03   -0.102393132783082130E+01   -0.102825602165554209E+01   -0.368721342923538664E+01    0.178465998016455956E+03
    0.134011540370035132E+01    0.412986468766840403E+03   -0.100874327695032839E+01   -0.457729168820193344E+01   -0.101488340343092975E+02    0.178466368126894338E+03
    0.134011540370035132E+01    0.412986468766840403E+03   -0.100874327695032839E+01   -0.457729168820193344E+01   -0.101488340343092975E+02    0.178466368126894338E+03
    0.134288311544968630E+01    0.437313326968797014E+03   -0.116882820680591237E+01   -0.105078987140999658E+01   -0.732827803766253538E+01    0.178467377668636573E+03
    0.134331047659586100E+01    0.432939183826844214E+03   -0.112022066344276539E+01   -0.106449526058937849E+01   -0.740671134096939454E+01    0.178468897441356035E+03
    0.134331047659586100E+01    0.432939183826844214E+03   -0.112022066344276539E+01   -0.106449526058937849E+01   -0.740671134096939454E+01    0.178468897441356035E+03
    0.134276395315697084E+01    0.434862926200932748E+03   -0.101646935791528925E+01   -0.100075618241431918E+01   -0.534356281132016342E+01    0.178469709246107527E+03
    0.134050280670841326E+01    0.423972614008508287E+03   -0.100187682031115521E+01   -0.398219754105816293E+01   -0.958100525159503746E+01    0.178478088349612278E+03
    0.134030502863282197E+01    0.412592106711820747E+03   -0.102176691405314202E+01   -0.558702752733586827E+01   -0.969610914775712729E+01    0.178479875936420399E+03
    0.134033206363241253E+01    0.401967836984127473E+03   -0.103826181866354617E+01   -0.377604087442475667E+01   -0.112733649184992792E+02    0.178480824535900808E+03
    0.134069237939137231E+01    0.410117470979430550E+03   -0.104911194080023584E+01   -0.517605115684395489E+01   -0.101991711385428836E+02    0.178480878696177854E+03
    0.134069237939137231E+01    0.410117470979430550E+03   -0.104911194080023584E+01   -0.517605115684395489E+01   -0.101991711385428836E+02    0.178480878696177854E+03
    0.134311244650221795E+01    0.405384259950781427E+03   -0.104383211631872364E+01   -0.108815670546181309E+01   -0.447154247429645846E+01    0.178482034915509189E+03
    0.134311244650221795E+01    0.405384259950781427E+03   -0.104383211631872364E+01   -0.108815670546181309E+01   -0.447154247429645846E+01    0.178482034915509189E+03
    0.134032594729455368E+01    0.400254013514067083E+03   -0.100636442072430832E+01   -0.409657576240794263E+01   -0.787071106808908638E+01    0.178483124127792166E+03
    0.134032594729455368E+01    0.400254013514067083E+03   -0.100636442072430832E+01   -0.409657576240794263E+01   -0.787071106808908638E+01    0.178483124127792166E+03
    0.134095041597156306E+01    0.409559155778326783E+03   -0.100297288404872731E+01   -0.454049575736970290E+01   -0.721567245336626417E+01    0.178483430430381475E+03
    0.134239300650728399E+01    0.408921885753181982E+03   -0.116665583778378590E+01   -0.104498733251883280E+01   -0.114399574592738364E+02    0.178486456201448675E+03
    0.134064978281755631E+01    0.411073958172860330E+03   -0.103959047549153816E+01   -0.456867651680945830E+01   -0.884514632411349844E+01    0.178487290465914782E+03
    0.134241242098587765E+01    0.442097565088348802E+03   -0.117421265944385667E+01   -0.100999187828016090E+01   -0.984701854225082940E+01    0.178487500494968288E+03
    0.134062039096202490E+01    0.418426317954780302E+03   -0.100416532256232038E+01   -0.395683295951070946E+01   -0.858593658034902774E+01    0.178487921344769973E+03
    0.134069245945197379E+01    0.426069394306447975E+03   -0.100107711642478847E+01   -0.553330333381860218E+01   -0.101511806909671218E+02    0.178488797864261983E+03
    0.134069245945197379E+01    0.426069394306447975E+03   -0.100107711642478847E+01   -0.553330333381860218E+01   -0.101511806909671218E+02    0.178488797864261983E+03
    0.134094341047771204E+01    0.420899756237224722E+03   -0.100015371442982826E+01   -0.590138803676680812E+01   -0.962640114999769381E+01    0.178496540071830339E+03
    0.134295959786663754E+01    0.404932906502155731E+03   -0.105076770878565995E+01   -0.128092066907402824E+01   -0.105851699488538955E+02    0.178497003504767804E+03
    0.134029410969092755E+01    0.424178845605337244E+03   -0.100854417607519231E+01   -0.425789408016301074E+01   -0.116748805171482548E+02    0.178498975294007835E+03
    0.134029410969092755E+01    0.424178845605337244E+03   -0.100854417607519231E+01   -0.425789408016301074E+01   -0.116748805171482548E+02    0.178498975294007835E+03
    0.134244171246874733E+01    0.414088441190948345E+03   -0.125093207282287544E+01   -0.101049196638947336E+01   -0.782181882379077997E+01    0.178503270240817244E+03
    0.134069194864347163E+01    0.404217130922768490E+03   -0.100126804329165076E+01   -0.712944615367836221E+01   -0.866787118205265195E+01    0.178504918145731153E+03
    0.134048152499946172E+01    0.407972829436701829E+03   -0.103757944488826581E+01   -0.583078170679308183E+01   -0.973559537850740320E+01    0.178506478590356437E+03
    0.134248460479374154E+01    0.410003972444746864E+03   -0.112839137238674603E+01   -0.121353635894150713E+01   -0.111774111915010153E+02    0.178507500245804124E+03
    0.134032850069131482E+01    0.424212296414684886E+03   -0.101317542489537082E+01   -0.488569638902829073E+01   -0.984589998971601865E+01    0.178514386688462309E+03
    0.134090372396339430E+01    0.414887753664398360E+03   -0.100228047417526511E+01   -0.658987580889527802E+01   -0.932093399280908486E+01    0.178515990828153008E+03
    0.134109517024202107E+01    0.402228946355691789E+03   -0.100303168423145372E+01   -0.112381680025954793E+02   -0.951266919623042106E+01    0.178516545134949808E+03
    0.134150265885816777E+01    0.411588662192219715E+03   -0.100291226265723488E+01   -0.496055586483047506E+01   -0.113046417208852219E+02    0.178517056914588977E+03
    0.134269457811665838E+01    0.414021251572801248E+03   -0.116227116984777190E+01   -0.115921300114732873E+01   -0.106625428162925893E+02    0.178519003758994245E+03
    0.134046190436763157E+01    0.400401823921554808E+03   -0.107972599001955238E+01   -0.485576889487553842E+01   -0.110214575881827930E+02    0.178522477165036264E+03
    0.134046190436763157E+01    0.400401823921554808E+03   -0.107972599001955238E+01   -0.485576889487553842E+01   -0.110214575881827930E+02    0.178522477165036264E+03
    0.134134976102045567E+01    0.406880546148320150E+03   -0.100392088473241259E+01   -0.525457906658897222E+01   -0.774893552700771338E+01    0.178529281846683546E+03
    0.134134976102045567E+01    0.406880546148320150E+03   -0.100392088473241259E+01   -0.525457906658897222E+01   -0.774893552700771338E+01    0.178529281846683546E+03
    0.134229715418894768E+01    0.405078453927746409E+03   -0.113015784157835597E+01   -0.110241182825834372E+01   -0.835848204420904750E+01    0.178529616950846901E+03
    0.134229715418894768E+01    0.405078453927746409E+03   -0.113015784157835597E+01   -0.110241182825834372E+01   -0.835848204420904750E+01    0.178529616950846901E+03
    0.134245159770225353E+01    0.441446318394158595E+03   -0.115415520541651517E+01   -0.106105833693615104E+01   -0.113921618591476239E+02    0.178537368834968049E+03
    0.134216849639606739E+01    0.428062808940796913E+03   -0.102203129415600991E+01   -0.118654225646814382E+01   -0.815248457547257210E+01    0.178538202154837961E+03
    0.134126096981829512E+01    0.401766465511668287E+03   -0.100247305871537762E+01   -0.813221058013333220E+01   -0.896580895416077617E+01    0.178543223879294430E+03
    0.134383632212544923E+01    0.414643061462945582E+03   -0.116091129636245327E+01   -0.103769076919642345E+01   -0.776015736382756494E+01    0.178547546345570311E+03
    0.134264337038583381E+01    0.437833582903218200E+03   -0.118636876321230567E+01   -0.105422311387087753E+01   -0.109613454633614129E+02    0.178550208838793424E+03
    0.134095026243055648E+01    0.403797441148220287E+03   -0.100643043548068079E+01   -0.352879758022079848E+01   -0.778053865547206680E+01    0.178551222232585644E+03
    0.134095026243055648E+01    0.403797441148220287E+03   -0.100643043548068079E+01   -0.352879758022079848E+01   -0.778053865547206680E+01    0.178551222232585644E+03
    0.134076217414601828E+01    0.407381356605344877E+03   -0.103189009957979572E+01   -0.382895674515892281E+01   -0.102195920800568754E+02    0.178551353607912631E+03
    0.134295116557465111E+01    0.422737673505202054E+03   -0.110960196940142097E+01   -0.114562549641640210E+01   -0.109994522482954977E+02    0.178552045961630313E+03
    0.134084083195850035E+01    0.403020527692094674E+03   -0.101942544103145671E+01   -0.736697633882643466E+01   -0.101389540536662004E+02    0.178554727181590522E+03
    0.134019167395453120E+01    0.405523377160319626E+03   -0.103591644959973728E+01   -0.496987186064550279E+01   -0.117992382916309264E+02    0.178559623155073382E+03
    0.134058083242001058E+01    0.411134528799441512E+03   -0.103212694688948048E+01   -0.543075520069425099E+01   -0.874639493282862368E+01    0.178561434251963533E+03
    0.134375060501773813E+01    0.403922331241615097E+03   -0.132697385692345193E+01   -0.100545446084507084E+01   -0.839226778133274820E+01    0.178567309546187857E+03
    0.134266055675618201E+01    0.422746634818666394E+03   -0.111015575042093317E+01   -0.116582543607696643E+01   -0.898632810738969212E+01    0.178571080300379379E+03
    0.134266055675618201E+01    0.422746634818666394E+03   -0.111015575042093317E+01   -0.116582543607696643E+01   -0.898632810738969212E+01    0.178571080300379379E+03
    0.134248205914259544E+01    0.444925222313374263E+03   -0.103508390956433516E+01   -0.101541975625949199E+01   -0.766376006136780585E+01    0.178575381038315697E+03
    0.134248205914259544E+01    0.444925222313374263E+03   -0.103508390956433516E+01   -0.101541975625949199E+01   -0.766376006136780585E+01    0.178575381038315697E+03
    0.134243759576852839E+01    0.452909653073318964E+03   -0.105773626491501638E+01   -0.106169152408118528E+01   -0.733313530202518127E+01    0.178577225115080694E+03
    0.134073867196515284E+01    0.403272366621167293E+03   -0.104345665738605931E+01   -0.419182966521273492E+01   -0.827832139987460280E+01    0.178579463196306392E+03
    0.134321480782742486E+01    0.403269131861806443E+03   -0.106496950409490587E+01   -0.109345674305311569E+01   -0.453254506191357986E+01    0.178587856124087068E+03
    0.134114418243649069E+01    0.408141548586618057E+03   -0.100397796119568739E+01   -0.715562194701130938E+01   -0.110394177905251318E+02    0.178588315126058944E+03
    0.134114418243649069E+01    0.408141548586618057E+03   -0.100397796119568739E+01   -0.715562194701130938E+01   -0.110394177905251318E+02    0.178588315126058944E+03
    0.134232601981870925E+01    0.433970970300890315E+03   -0.104668439814644110E+01   -0.119026634906354545E+01   -0.929419164456154334E+01    0.178592167427462982E+03
    0.134337344151988081E+01    0.419584525423663138E+03   -0.111174439462094199E+01   -0.109855747484752442E+01   -0.730479094088286907E+01    0.178592884556520801E+03
    0.134337344151988081E+01    0.419584525423663138E+03   -0.111174439462094199E+01   -0.109855747484752442E+01   -0.730479094088286907E+01    0.178592884556520801E+03
    0.134283205323891597E+01    0.432424916534407657E+03   -0.103399253008524994E+01   -0.118587509016626669E+01   -0.869352360263216895E+01    0.178593816655062710E+03
    0.134238249253846176E+01    0.449731757270788648E+03   -0.101801684648413193E+01   -0.112324628918496394E+01   -0.764661805855563159E+01    0.178594369569249864E+03
    0.134238249253846176E+01    0.449731757270788648E+03   -0.101801684648413193E+01   -0.112324628918496394E+01   -0.764661805855563159E+01    0.178594369569249864E+03
    0.134301267954941972E+01    0.442353537743821619E+03   -0.112542984180859307E+01   -0.106202570517256589E+01   -0.119635790831155404E+02    0.178599390599380797E+03
    0.134280594857208113E+01    0.409290130016490536E+03   -0.133834031118930596E+01   -0.102633176424442141E+01   -0.633430973776666484E+01    0.178599918315286686E+03
    0.134043287085504348E+01    0.408686361742349789E+03   -0.101244315017398634E+01   -0.554058518087508567E+01   -0.833400759375144595E+01    0.178601603890789249E+03
    0.134019622713000142E+01    0.407911435817848542E+03   -0.100467515985436151E+01   -0.407677161726536852E+01   -0.106175489713538482E+02    0.178603606550751806E+03
    0.134019622713000142E+01    0.407911435817848542E+03   -0.100467515985436151E+01   -0.407677161726536852E+01   -0.106175489713538482E+02    0.178603606550751806E+03
    0.134060895906783784E+01    0.414557573224527516E+03   -0.101991792320764141E+01   -0.606863408059071308E+01   -0.117810599331546069E+02    0.178605568961866993E+03
    0.134068396913738219E+01    0.407742303924817577E+03   -0.102904482460622226E+01   -0.395381999458921740E+01   -0.880841987381343827E+01    0.178605910585060030E+03
    0.134080838179816220E+01    0.414775302917968986E+03   -0.103224051245938320E+01   -0.506619834716973116E+01   -0.104179224737307887E+02    0.178607838659946538E+03
    0.134080838179816220E+01    0.414775302917968986E+03   -0.103224051245938320E+01   -0.506619834716973116E+01   -0.104179224737307887E+02    0.178607838659946538E+03
    0.134037797516930679E+01    0.404545513791885412E+03   -0.103466100674548223E+01   -0.380701413933061339E+01   -0.116056547333529423E+02    0.178609015925674555E+03
    0.134024405021948589E+01    0.419229808989882429E+03   -0.100427288276496007E+01   -0.424639891842049888E+01   -0.989645819809574334E+01    0.178609112449493352E+03
    0.134102377705687559E+01    0.405011026984844762E+03   -0.102274413620063243E+01   -0.488740468766133063E+01   -0.769862556941549236E+01    0.178610211810504779E+03
    0.134288194096318558E+01    0.422841180351376636E+03   -0.129833054706061546E+01   -0.103079397701007025E+01   -0.797833426958185044E+01    0.178611354477169584E+03
    0.134244184054871618E+01    0.424883788734522170E+03   -0.120897311366831772E+01   -0.107355524565030791E+01   -0.805382126519005048E+01    0.178612493596858940E+03
    0.134244184054871618E+01    0.424883788734522170E+03   -0.120897311366831772E+01   -0.107355524565030791E+01   -0.805382126519005048E+01    0.178612493596858940E+03
    0.134051090776849247E+01    0.422237643547155130E+03   -0.100802928661810931E+01   -0.566365126855891532E+01   -0.110909314393297400E+02    0.178615284725826882E+03
    0.134454196900938583E+01    0.401407108391394104E+03   -0.100898123816811669E+01   -0.103243764004001726E+01   -0.519598993107591589E+01    0.178619274303663815E+03
    0.134280972189723724E+01    0.410922623015752606E+03   -0.104879901017407562E+01   -0.101232447862042285E+01   -0.541399775119605131E+01    0.178621023990877632E+03
    0.134101331226639875E+01    0.401894915604531150E+03   -0.100603592067712100E+01   -0.940292001790412613E+01   -0.114846900526956102E+02    0.178621875046879495E+03
    0.134248500563036610E+01    0.432331296009050675E+03   -0.100104253996478043E+01   -0.112026507068797798E+01   -0.604651524383696426E+01    0.178625486306150037E+03
    0.134256462940454457E+01    0.448641761748891213E+03   -0.118421716126031384E+01   -0.100493268859101725E+01   -0.116590857325954982E+02    0.178626475447339999E+03
    0.134135973037716516E+01    0.414619605243844887E+03   -0.100319498441513311E+01   -0.481614285954635513E+01   -0.107093388401779350E+02    0.178628852498303388E+03
    0.134235133664668749E+01    0.439533721709194879E+03   -0.106446048173124375E+01   -0.106973011679581553E+01   -0.896876570774840332E+01    0.178639486607728088E+03
    0.134285852967405894E+01    0.401542525871782118E+03   -0.123413287588050480E+01   -0.113670261036918063E+01   -0.106489782596848670E+02    0.178642192450015671E+03
    0.134247190766179858E+01    0.465808882626651609E+03   -0.102985707056764220E+01   -0.104222653778774088E+01   -0.941693751515335009E+01    0.178652830324908507E+03
    0.134057318870611675E+01    0.408726686122649994E+03   -0.103602205624335753E+01   -0.585410385112114096E+01   -0.106108459140436668E+02    0.178653700536354165E+03
    0.134109299946662208E+01    0.407647441534614472E+03   -0.100979053855303569E+01   -0.425840967321946362E+01   -0.774930515903971084E+01    0.178655455168617493E+03
    0.134109299946662208E+01    0.407647441534614472E+03   -0.100979053855303569E+01   -0.425840967321946362E+01   -0.774930515903971084E+01    0.178655455168617493E+03
    0.134144128319042433E+01    0.404269692408625588E+03   -0.102355214329486444E+01   -0.471568358475214122E+01   -0.100111423017685865E+02    0.178655577891535756E+03
    0.134144128319042433E+01    0.404269692408625588E+03   -0.102355214329486444E+01   -0.471568358475214122E+01   -0.100111423017685865E+02    0.178655577891535756E+03
    0.134299120854283704E+01    0.419442368548750551E+03   -0.106714285037436518E+01   -0.117067831772047093E+01   -0.722312083651394854E+01    0.178658369366031252E+03
    0.134392662718603817E+01    0.411082050702869310E+03   -0.114195297536283036E+01   -0.103447058389711621E+01   -0.673044089241132504E+01    0.178659361283531098E+03
    0.134282610584397522E+01    0.423637493413010247E+03   -0.107763727691394529E+01   -0.104058168299593312E+01   -0.517435579622598674E+01    0.178660595390066987E+03
    0.134255135608972265E+01    0.411664336313850640E+03   -0.131532367332750155E+01   -0.106224623436789933E+01   -0.910851206461692442E+01    0.178662450087010313E+03
    0.134058152253760299E+01    0.402237576057059641E+03   -0.101930776463401074E+01   -0.344959182463996683E+01   -0.989948741440009528E+01    0.178664859000332683E+03
    0.134058152253760299E+01    0.402237576057059641E+03   -0.101930776463401074E+01   -0.344959182463996683E+01   -0.989948741440009528E+01    0.178664859000332683E+03
    0.134228580515304796E+01    0.422811830475668557E+03   -0.107842494593250748E+01   -0.114341341188925760E+01   -0.744775521563124521E+01    0.178668655538041776E+03
    0.134248817512945662E+01    0.462315974288104769E+03   -0.101823192501657900E+01   -0.101154144926599443E+01   -0.795006418770128054E+01    0.178668775154489310E+03
    0.134446154822326469E+01    0.410132746670791505E+03   -0.103687341773123975E+01   -0.100364191333819974E+01   -0.543275283705995005E+01    0.178669609636484722E+03
    0.134361994845128829E+01    0.417208173424768518E+03   -0.113936138468437242E+01   -0.106500638066507847E+01   -0.103367459732627047E+02    0.178670517168323727E+03
    0.134122402114938932E+01    0.414350739319055720E+03   -0.100957331930863781E+01   -0.541172121732894773E+01   -0.111556236493097334E+02    0.178672720002935080E+03
    0.134107753424921472E+01    0.408121697181220156E+03   -0.101965276060059118E+01   -0.556078284984655014E+01   -0.846064485631033136E+01    0.178674817945429027E+03
    0.134057112523997546E+01    0.416530826127177249E+03   -0.101000741169409558E+01   -0.387981190896535111E+01   -0.109117481780993870E+02    0.178675589878484857E+03
    0.134057112523997546E+01    0.416530826127177249E+03   -0.101000741169409558E+01   -0.387981190896535111E+01   -0.109117481780993870E+02    0.178675589878484857E+03
    0.134220915341321390E+01    0.407760947671730833E+03   -0.100014749404316028E+01   -0.119558453352724570E+01   -0.918525227633266184E+01    0.178679817812159001E+03
    0.134103018452300637E+01    0.418970070960654311E+03   -0.100288616239635431E+01   -0.436299365245185911E+01   -0.953236817231488942E+01    0.178682106094637277E+03
    0.134076051091715875E+01    0.401744951373198660E+03   -0.106450254536405353E+01   -0.536833762466717435E+01   -0.104680061302131691E+02    0.178689040627633460E+03
    0.134246909950916526E+01    0.434966023766579383E+03   -0.110870573050416077E+01   -0.101187758233922409E+01   -0.111930316214068615E+02    0.178689299720951396E+03
    0.134227124072157511E+01    0.423417655372896206E+03   -0.102747144591053896E+01   -0.113187613892698380E+01   -0.817116310825159786E+01    0.178696201710368825E+03
    0.134227124072157511E+01    0.423417655372896206E+03   -0.102747144591053896E+01   -0.113187613892698380E+01   -0.817116310825159786E+01    0.178696201710368825E+03
    0.134106371720731699E+01    0.411574390406465966E+03   -0.100494521070579879E+01   -0.442689666077883093E+01   -0.782665143995697399E+01    0.178699306919531239E+03
    0.134345189734915138E+01    0.427179590866390299E+03   -0.116602543839618988E+01   -0.100024168240701883E+01   -0.575236197041592412E+01    0.178701187906131452E+03
    0.134345189734915138E+01    0.427179590866390299E+03   -0.116602543839618988E+01   -0.100024168240701883E+01   -0.575236197041592412E+01    0.178701187906131452E+03
    0.134262695639951102E+01    0.437480524149434245E+03   -0.118067321931284752E+01   -0.104756393742489351E+01   -0.968514747241075113E+01    0.178701686503862220E+03
    0.134246295698656049E+01    0.418613386806768062E+03   -0.117838876240157653E+01   -0.103029871229669823E+01   -0.802771721873912725E+01    0.178701715324955671E+03
    0.134246295698656049E+01    0.418613386806768062E+03   -0.117838876240157653E+01   -0.103029871229669823E+01   -0.802771721873912725E+01    0.178701715324955671E+03
    0.134266077803149120E+01    0.418417794105100540E+03   -0.123307792879490208E+01   -0.103336647051850328E+01   -0.641729898909080543E+01    0.178704567161228965E+03
    0.134274378945907769E+01    0.415918746664848584E+03   -0.130225605859883053E+01   -0.104907811782002014E+01   -0.116434423587026412E+02    0.178708251451404749E+03
    0.134022288617850860E+01    0.414181045371004814E+03   -0.102147479666589724E+01   -0.453086327713929027E+01   -0.119303024298534801E+02    0.178714283267599910E+03
    0.134215233973767067E+01    0.410872521001248799E+03   -0.102348242373543918E+01   -0.120270280369742721E+01   -0.106865993696033001E+02    0.178715213500299512E+03
    0.134088346495678667E+01    0.415650920361912824E+03   -0.100850282829658511E+01   -0.523677828632573306E+01   -0.842210099669248713E+01    0.178716631950859608E+03
    0.134034417703267739E+01    0.416340309788991817E+03   -0.101640285990855439E+01   -0.424927752359723332E+01   -0.111113819703133885E+02    0.178720507310817197E+03
    0.134293727949602526E+01    0.404560653669041528E+03   -0.113427419650270700E+01   -0.108345486381865719E+01   -0.508870955133635050E+01    0.178721438296492067E+03
    0.134116180899233006E+01    0.408054571221704293E+03   -0.100652716969743317E+01   -0.656193443328528225E+01   -0.953815390660347262E+01    0.178723414538683471E+03
    0.134247178536208223E+01    0.416040743022508479E+03   -0.100166083399366634E+01   -0.124726510403203683E+01   -0.636372269032066473E+01    0.178725074227211792E+03
    0.134267319899390447E+01    0.439019525696318624E+03   -0.100097486420117221E+01   -0.120160647672980581E+01   -0.100191466289035613E+02    0.178725765767875771E+03
    0.134229131697290427E+01    0.436214677279483965E+03   -0.102771236353100015E+01   -0.113449639424600335E+01   -0.986010979542696298E+01    0.178726771961884765E+03
    0.134022454811455694E+01    0.404851843562196336E+03   -0.101054926528757250E+01   -0.415880965653043688E+01   -0.940189001843273608E+01    0.178727584308132180E+03
    0.134053127292026986E+01    0.416258167521349492E+03   -0.101849698216459039E+01   -0.447551925651697857E+01   -0.898811303694920838E+01    0.178728145559813015E+03
    0.134053127292026986E+01    0.416258167521349492E+03   -0.101849698216459039E+01   -0.447551925651697857E+01   -0.898811303694920838E+01    0.178728145559813015E+03
    0.134077334734255293E+01    0.400092569384628064E+03   -0.104646909980884395E+01   -0.435737796436930935E+01   -0.809747958736479490E+01    0.178728995960167765E+03
    0.134077334734255293E+01    0.400092569384628064E+03   -0.104646909980884395E+01   -0.435737796436930935E+01   -0.809747958736479490E+01    0.178728995960167765E+03
    0.134054702347559451E+01    0.422894462294101459E+03   -0.100014945363464669E+01   -0.405393908257645474E+01   -0.975375927111324970E+01    0.178733849769281562E+03
    0.134349142282954537E+01    0.403842752703659812E+03   -0.118976058872905277E+01   -0.109258730917462721E+01   -0.102706603401805232E+02    0.178738313394947966E+03
    0.134023901234775655E+01    0.413335045265008375E+03   -0.101749960923255323E+01   -0.508860430496154770E+01   -0.110159233737867002E+02    0.178739505356947802E+03
    0.134290009006279432E+01    0.425924118389249429E+03   -0.112384145282647374E+01   -0.111427033299523615E+01   -0.926411481032171658E+01    0.178740056624942667E+03
    0.134289294564983774E+01    0.449232882261477698E+03   -0.101832145122048701E+01   -0.109805923717201814E+01   -0.673053366734115954E+01    0.178742425146967378E+03
    0.134289294564983774E+01    0.449232882261477698E+03   -0.101832145122048701E+01   -0.109805923717201814E+01   -0.673053366734115954E+01    0.178742425146967378E+03
    0.134071659722513759E+01    0.420702306208359062E+03   -0.101255674147202690E+01   -0.441851473535816464E+01   -0.105932914124392159E+02    0.178743227106799736E+03
    0.134071659722513759E+01    0.420702306208359062E+03   -0.101255674147202690E+01   -0.441851473535816464E+01   -0.105932914124392159E+02    0.178743227106799736E+03
    0.134120661155314180E+01    0.408958133157541397E+03   -0.100074147477138098E+01   -0.682788857835672847E+01   -0.116250949789037890E+02    0.178744387820832685E+03
    0.134322995235343412E+01    0.432084399126943538E+03   -0.107728501724177583E+01   -0.110338979848349084E+01   -0.103732683227173244E+02    0.178749476119651831E+03
    0.134322995235343412E+01    0.432084399126943538E+03   -0.107728501724177583E+01   -0.110338979848349084E+01   -0.103732683227173244E+02    0.178749476119651831E+03
    0.134233561251368694E+01    0.402247615982007289E+03   -0.125257008256945568E+01   -0.110680946239628142E+01   -0.101489724604417901E+02    0.178751114974273264E+03
    0.134260246782181802E+01    0.400412221597974280E+03   -0.101765730786744157E+01   -0.113358657694833909E+01   -0.548080618874439907E+01    0.178752187896649957E+03
    0.134441968808847578E+01    0.411154407487142009E+03   -0.102241266035701628E+01   -0.103569428656889784E+01   -0.643410167323218030E+01    0.178752416404438122E+03
    0.134441968808847578E+01    0.411154407487142009E+03   -0.102241266035701628E+01   -0.103569428656889784E+01   -0.643410167323218030E+01    0.178752416404438122E+03
    0.134255400449995799E+01    0.407414792791068294E+03   -0.132479845914797600E+01   -0.102502134915552290E+01   -0.749427612908850271E+01    0.178756014453172895E+03
    0.134335670045184652E+01    0.413572440059230871E+03   -0.100712085569935184E+01   -0.122488374648957254E+01   -0.990671441708374978E+01    0.178767683864344292E+03
    0.134335670045184652E+01    0.413572440059230871E+03   -0.100712085569935184E+01   -0.122488374648957254E+01   -0.990671441708374978E+01    0.178767683864344292E+03
    0.134038865093181192E+01    0.415843376921560321E+03   -0.100715885572571828E+01   -0.556549014503069994E+01   -0.102826581660222303E+02    0.178767862853947122E+03
    0.134282858605069877E+01    0.419812422619721133E+03   -0.130190020126266148E+01   -0.102062535200038340E+01   -0.718869499046110327E+01    0.178774787512653745E+03
    0.134054181229555680E+01    0.407217038559691105E+03   -0.103630114630595216E+01   -0.538033493066408752E+01   -0.899814590633841505E+01    0.178776153962742740E+03
    0.134114124232379162E+01    0.414353825167625189E+03   -0.100859183688732479E+01   -0.517301651242711458E+01   -0.901057891850389758E+01    0.178776373390502556E+03
    0.134084945197685501E+01    0.405793730245354254E+03   -0.103551141567525917E+01   -0.599748728066626402E+01   -0.113956811040079060E+02    0.178779094150969684E+03
    0.134077394887505541E+01    0.406355201955891744E+03   -0.101427521233847706E+01   -0.354287660882130595E+01   -0.106403192956445700E+02    0.178780653341616585E+03
    0.134275220641081572E+01    0.427895870086895229E+03   -0.107948267351791749E+01   -0.114573496104778627E+01   -0.779504006001085337E+01    0.178780960622761143E+03
    0.134278079221998548E+01    0.410175691132182294E+03   -0.128282321613533057E+01   -0.100575162855666811E+01   -0.588545511105572494E+01    0.178781613336562771E+03
    0.134244318738189095E+01    0.427790440243351156E+03   -0.108037260102954491E+01   -0.105099923219819757E+01   -0.108747843161680144E+02    0.178784308987578470E+03
    0.134244318738189095E+01    0.427790440243351156E+03   -0.108037260102954491E+01   -0.105099923219819757E+01   -0.108747843161680144E+02    0.178784308987578470E+03
    0.134066367165098943E+01    0.413834574733795478E+03   -0.102855715306999684E+01   -0.532444443551778779E+01   -0.960748594618156737E+01    0.178784994741814387E+03
    0.134066367165098943E+01    0.413834574733795478E+03   -0.102855715306999684E+01   -0.532444443551778779E+01   -0.960748594618156737E+01    0.178784994741814387E+03
    0.134121705621534693E+01    0.415273196618828308E+03   -0.100448530900676758E+01   -0.522066976493486390E+01   -0.109051694306691118E+02    0.178785772790109206E+03
    0.134247864835709230E+01    0.421092140678598412E+03   -0.122069634089677592E+01   -0.106704459582420697E+01   -0.101282591892802998E+02    0.178786222085730913E+03
    0.134301593688290688E+01    0.405802905056503960E+03   -0.123642961940274709E+01   -0.109766725397802567E+01   -0.864619014233923266E+01    0.178786736586147924E+03
    0.134301593688290688E+01    0.405802905056503960E+03   -0.123642961940274709E+01   -0.109766725397802567E+01   -0.864619014233923266E+01    0.178786736586147924E+03
    0.134097923665307306E+01    0.412472388761029663E+03   -0.101907451399816296E+01   -0.578241383923363639E+01   -0.116039572427648121E+02    0.178798101777666488E+03
    0.134097923665307306E+01    0.412472388761029663E+03   -0.101907451399816296E+01   -0.578241383923363639E+01   -0.116039572427648121E+02    0.178798101777666488E+03
    0.134042427866193892E+01    0.410847074233046214E+03   -0.102061177996977648E+01   -0.525982465177472225E+01   -0.886601092383041589E+01    0.178812304370070763E+03
    0.134371485147544045E+01    0.407337501671134760E+03   -0.100133142186702351E+01   -0.117071708418215259E+01   -0.648224462059525841E+01    0.178814273175905782E+03
    0.134371485147544045E+01    0.407337501671134760E+03   -0.100133142186702351E+01   -0.117071708418215259E+01   -0.648224462059525841E+01    0.178814273175905782E+03
    0.134089244835338395E+01    0.402832005232165443E+03   -0.102591532190545820E+01   -0.585314497823987256E+01   -0.810260694377752699E+01    0.178815481874307181E+03
    0.134098119053101406E+01    0.413240974612762784E+03   -0.101240665877533509E+01   -0.541790675994906046E+01   -0.867838120870235663E+01    0.178819219996455047E+03
    0.134253135719105576E+01    0.443051734500052817E+03   -0.113226849589015721E+01   -0.105093236385393141E+01   -0.943927745038488730E+01    0.178821166308636975E+03
    0.134283178826212701E+01    0.436318187188113143E+03   -0.104409532136183003E+01   -0.114590072156104839E+01   -0.941494228057941918E+01    0.178821388585261957E+03
    0.134319152194999103E+01    0.434578466931562332E+03   -0.100520330764801002E+01   -0.109257127248331187E+01   -0.551772397321472496E+01    0.178822575246721215E+03
    0.134085559630908091E+01    0.400602110802150548E+03   -0.100780780631538391E+01   -0.632923062448527407E+01   -0.779625167917064044E+01    0.178828921149774374E+03
    0.134266308017169056E+01    0.448815418718544265E+03   -0.101591837455219469E+01   -0.102981774975177309E+01   -0.625742085605083798E+01    0.178830273733513422E+03
    0.134266308017169056E+01    0.448815418718544265E+03   -0.101591837455219469E+01   -0.102981774975177309E+01   -0.625742085605083798E+01    0.178830273733513422E+03
    0.134256362799375295E+01    0.402612252347079391E+03   -0.120710340314910169E+01   -0.110273809037673409E+01   -0.642258117478912016E+01    0.178837813640913794E+03
    0.134256362799375295E+01    0.402612252347079391E+03   -0.120710340314910169E+01   -0.110273809037673409E+01   -0.642258117478912016E+01    0.178837813640913794E+03
    0.134266482306207968E+01    0.425377496444946587E+03   -0.122655918741850556E+01   -0.104924189465160111E+01   -0.113797787832081063E+02    0.178839448243122035E+03
    0.134307662097202507E+01    0.435070958935127408E+03   -0.119065332935758583E+01   -0.101368286680955144E+01   -0.710696162569262224E+01    0.178848729052943213E+03
    0.134221020314894579E+01    0.415770143334768250E+03   -0.102955307769007831E+01   -0.120546904474694827E+01   -0.916536631299729976E+01    0.178851201480587747E+03
    0.134096027449860156E+01    0.406567700517292849E+03   -0.101496452359607581E+01   -0.660856328697775108E+01   -0.109778837077165985E+02    0.178852031343150884E+03
    0.134096027449860156E+01    0.406567700517292849E+03   -0.101496452359607581E+01   -0.660856328697775108E+01   -0.109778837077165985E+02    0.178852031343150884E+03
    0.134046464382988417E+01    0.403400943034043394E+03   -0.105717885068138884E+01   -0.442455815464843383E+01   -0.115504823055945032E+02    0.178853159799313858E+03
    0.134102483227544633E+01    0.405290912097003513E+03   -0.100531594661763890E+01   -0.597930843942612533E+01   -0.787175599874077303E+01    0.178855198183575567E+03
    0.134102483227544633E+01    0.405290912097003513E+03   -0.100531594661763890E+01   -0.597930843942612533E+01   -0.787175599874077303E+01    0.178855198183575567E+03
    0.134120684603925455E+01    0.404132146032756509E+03   -0.100209027482364910E+01   -0.633687710920851721E+01   -0.801557792732974939E+01    0.178862165985799493E+03
    0.134039044605934543E+01    0.403771332993371232E+03   -0.102784416832497882E+01   -0.469280678985571775E+01   -0.830257332792456637E+01    0.178866172512007040E+03
    0.134039044605934543E+01    0.403771332993371232E+03   -0.102784416832497882E+01   -0.469280678985571775E+01   -0.830257332792456637E+01    0.178866172512007040E+03
    0.134113609649102217E+01    0.413379870240048149E+03   -0.101154218850232525E+01   -0.543703520851740052E+01   -0.101182281606972957E+02    0.178867642413379599E+03
    0.134113609649102217E+01    0.413379870240048149E+03   -0.101154218850232525E+01   -0.543703520851740052E+01   -0.101182281606972957E+02    0.178867642413379599E+03
    0.134078905219211686E+01    0.405264004994704123E+03   -0.104624359126847288E+01   -0.442312272626676428E+01   -0.110524943244092082E+02    0.178873447115881334E+03
    0.134096259791540451E+01    0.404093137787055127E+03   -0.104650886344975191E+01   -0.543987321872859297E+01   -0.111050192988941649E+02    0.178874185237405868E+03
    0.134310456362244413E+01    0.409051840283557567E+03   -0.134703362639950619E+01   -0.102805474918970319E+01   -0.869133195509061807E+01    0.178875103505374568E+03
    0.134310456362244413E+01    0.409051840283557567E+03   -0.134703362639950619E+01   -0.102805474918970319E+01   -0.869133195509061807E+01    0.178875103505374568E+03
    0.134034799364740675E+01    0.412390598338520533E+03   -0.101336120304309318E+01   -0.544082730720526975E+01   -0.105536233622798132E+02    0.178875616093779399E+03
    0.134034799364740675E+01    0.412390598338520533E+03   -0.101336120304309318E+01   -0.544082730720526975E+01   -0.105536233622798132E+02    0.178875616093779399E+03
    0.134059107181237658E+01    0.402905115405919048E+03   -0.101369532806329588E+01   -0.643499742217686865E+01   -0.980186880531140758E+01    0.178883898499093846E+03
    0.134059107181237658E+01    0.402905115405919048E+03   -0.101369532806329588E+01   -0.643499742217686865E+01   -0.980186880531140758E+01    0.178883898499093846E+03
    0.134310051736567515E+01    0.430976503242400611E+03   -0.107715773138347437E+01   -0.110508750828966029E+01   -0.747687213495365377E+01    0.178884018990520474E+03
    0.134310051736567515E+01    0.430976503242400611E+03   -0.107715773138347437E+01   -0.110508750828966029E+01   -0.747687213495365377E+01    0.178884018990520474E+03
    0.134068427453296857E+01    0.403445124959938823E+03   -0.103099781730531070E+01   -0.591165061382451373E+01   -0.878235608298994030E+01    0.178890338849307170E+03
    0.134086735229166032E+01    0.405022775932787113E+03   -0.102254713791663931E+01   -0.608771356381615192E+01   -0.896677286714245092E+01    0.178891850905634783E+03
    0.134255821092814598E+01    0.453126257107026049E+03   -0.100666770402554562E+01   -0.108371611299417481E+01   -0.696564388114492328E+01    0.178892244415208893E+03
    0.134255821092814598E+01    0.453126257107026049E+03   -0.100666770402554562E+01   -0.108371611299417481E+01   -0.696564388114492328E+01    0.178892244415208893E+03
    0.134059526389182970E+01    0.423139896210017412E+03   -0.100677518585547965E+01   -0.519978604017942114E+01   -0.117970383916225092E+02    0.178893185064019519E+03
    0.134042903593833329E+01    0.409730790301403431E+03   -0.100481715807239880E+01   -0.586976664263958003E+01   -0.110710637161512615E+02    0.178899657293012751E+03
    0.134088839632578294E+01    0.404042151501608714E+03   -0.100016837201245146E+01   -0.690033785424593482E+01   -0.854030008599555579E+01    0.178900435160783672E+03
    0.134270969269988516E+01    0.439857236103446212E+03   -0.111599485884701366E+01   -0.107514923898608927E+01   -0.119454994635383915E+02    0.178906148309735329E+03
    0.134411762491312636E+01    0.416181675867596311E+03   -0.100022163918442786E+01   -0.108807120159615600E+01   -0.747227045605148632E+01    0.178906353120161498E+03
    0.134109819749846482E+01    0.402321313598193683E+03   -0.102300595095551117E+01   -0.501657310512950350E+01   -0.773525650295005285E+01    0.178907124656957535E+03
    0.134250083932643727E+01    0.401215381689646676E+03   -0.112456889458513487E+01   -0.106156347317963373E+01   -0.902190279393477290E+01    0.178907348158323771E+03
    0.134082001747701574E+01    0.403856163847017285E+03   -0.104858032294409931E+01   -0.431952363718695942E+01   -0.103400971700297113E+02    0.178910379540028259E+03
    0.134350789382512081E+01    0.432138750166623311E+03   -0.103753093341848945E+01   -0.109773707873671711E+01   -0.106551826782557804E+02    0.178911380421936599E+03
    0.134247504270389406E+01    0.411495807457619151E+03   -0.119596571529411655E+01   -0.108882552906545094E+01   -0.748158392183336574E+01    0.178912593083160345E+03
    0.134247504270389406E+01    0.411495807457619151E+03   -0.119596571529411655E+01   -0.108882552906545094E+01   -0.748158392183336574E+01    0.178912593083160345E+03
    0.134113223206375576E+01    0.406332247715778522E+03   -0.102783677364001846E+01   -0.553358810168926141E+01   -0.113427795349864908E+02    0.178921165001895929E+03
    0.134113223206375576E+01    0.406332247715778522E+03   -0.102783677364001846E+01   -0.553358810168926141E+01   -0.113427795349864908E+02    0.178921165001895929E+03
    0.134321342235110963E+01    0.460062159453691720E+03   -0.109211030775225382E+01   -0.100213444908870564E+01   -0.111665920408645754E+02    0.178922359138747993E+03
    0.134108526807874551E+01    0.400692619792292987E+03   -0.103306370693288230E+01   -0.622587232376153210E+01   -0.989815054669062100E+01    0.178929967556290478E+03
    0.134270135758873588E+01    0.414905397667758450E+03   -0.127212960319540791E+01   -0.101562520201341044E+01   -0.654029798714507926E+01    0.178937633015645588E+03
    0.134340428067223550E+01    0.410123025175610564E+03   -0.109651931732312491E+01   -0.113622014827739193E+01   -0.975435211630966315E+01    0.178938603416828641E+03
    0.134340428067223550E+01    0.410123025175610564E+03   -0.109651931732312491E+01   -0.113622014827739193E+01   -0.975435211630966315E+01    0.178938603416828641E+03
    0.134109746816192565E+01    0.403985697876742563E+03   -0.101938297949904744E+01   -0.376152915561855394E+01   -0.955265623827350474E+01    0.178938958874542607E+03
    0.134109746816192565E+01    0.403985697876742563E+03   -0.101938297949904744E+01   -0.376152915561855394E+01   -0.955265623827350474E+01    0.178938958874542607E+03
    0.134022730887491259E+01    0.404620814975417147E+03   -0.100462863678470704E+01   -0.475269638996996768E+01   -0.116799855354116744E+02    0.178940435429091451E+03
    0.134022730887491259E+01    0.404620814975417147E+03   -0.100462863678470704E+01   -0.475269638996996768E+01   -0.116799855354116744E+02    0.178940435429091451E+03
    0.134237289362247614E+01    0.429241083243674041E+03   -0.105451697095717201E+01   -0.115245460030292612E+01   -0.921413840228750125E+01    0.178940524637797012E+03
    0.134295819671902272E+01    0.424234827403411316E+03   -0.126701688245774235E+01   -0.102483071077444343E+01   -0.821882811155943749E+01    0.178943148720488921E+03
    0.134270578934972895E+01    0.435488474532985776E+03   -0.102433998480115207E+01   -0.114545520043949089E+01   -0.710157430432543801E+01    0.178943329940601416E+03
    0.134362788401053135E+01    0.426743407613580359E+03   -0.116166197619686784E+01   -0.101486271740996337E+01   -0.919953612775517904E+01    0.178943539744811176E+03
    0.134039702997042198E+01    0.413977802324891684E+03   -0.100295664278444008E+01   -0.559881885632768217E+01   -0.101302968168617724E+02    0.178947252798095690E+03
    0.134043498531773708E+01    0.409213240882473656E+03   -0.100966366692961884E+01   -0.550001169405292956E+01   -0.907579955821087481E+01    0.178947755609531612E+03
    0.134357155855444721E+01    0.403225266780970912E+03   -0.107090521127057592E+01   -0.116267381034983153E+01   -0.976252512876206069E+01    0.178950660144950405E+03
    0.134280239294412751E+01    0.418764209917386779E+03   -0.133947746479111451E+01   -0.100768739107869187E+01   -0.999219635141316154E+01    0.178954062401406361E+03
    0.134271786532028226E+01    0.419250592288022062E+03   -0.106744965402182856E+01   -0.118233789264336231E+01   -0.760019809812329417E+01    0.178958402943037754E+03
    0.134271786532028226E+01    0.419250592288022062E+03   -0.106744965402182856E+01   -0.118233789264336231E+01   -0.760019809812329417E+01    0.178958402943037754E+03
    0.134256714724455395E+01    0.404390179317355376E+03   -0.109967580836204526E+01   -0.121837669989897712E+01   -0.722183292162433776E+01    0.178959740572981218E+03
    0.134256714724455395E+01    0.404390179317355376E+03   -0.109967580836204526E+01   -0.121837669989897712E+01   -0.722183292162433776E+01    0.178959740572981218E+03
    0.134345410883859895E+01    0.420075236536951138E+03   -0.110274455895481083E+01   -0.109100218325366960E+01   -0.104073464171310661E+02    0.178962745464604097E+03
    0.134024804332145409E+01    0.402100564273044142E+03   -0.101166296670448652E+01   -0.486375922902989810E+01   -0.118528811002420920E+02    0.178963594709202255E+03
    0.134344503651219438E+01    0.411549702666172266E+03   -0.112881918243755131E+01   -0.110261575323471384E+01   -0.117540791067943662E+02    0.178968512143899829E+03
    0.134065503623781779E+01    0.419528915152375816E+03   -0.101399763809813059E+01   -0.490354964802359472E+01   -0.117465315857214225E+02    0.178974578183558776E+03
    0.134405985400003747E+01    0.413232513268559842E+03   -0.100920229142595907E+01   -0.110685808930957563E+01   -0.106403109806365759E+02    0.178978267652801719E+03
    0.134090363290239334E+01    0.400413587553589480E+03   -0.105347459063583315E+01   -0.459569402976630315E+01   -0.940675976676470249E+01    0.178981757005791167E+03
    0.134081135011703978E+01    0.413759201553119908E+03   -0.101863679066950397E+01   -0.488601250833073042E+01   -0.886689544928715279E+01    0.178982437435896998E+03
    0.134445656354853549E+01    0.401970463327250968E+03   -0.105645169760312463E+01   -0.104377789264589360E+01   -0.921154543759168476E+01    0.178983163391276889E+03
    0.134270845812682182E+01    0.425543259884775352E+03   -0.106824795749735202E+01   -0.108257525374571273E+01   -0.613087945854380578E+01    0.178986990226608611E+03
    0.134051494985026021E+01    0.413644836946251189E+03   -0.102225341546573745E+01   -0.421601313203070305E+01   -0.112801451546131020E+02    0.178987723035372596E+03
    0.134051494985026021E+01    0.413644836946251189E+03   -0.102225341546573745E+01   -0.421601313203070305E+01   -0.112801451546131020E+02    0.178987723035372596E+03
    0.134335547677817213E+01    0.456255528896195642E+03   -0.104739735934675693E+01   -0.100383229380996752E+01   -0.653962962039015228E+01    0.178992001623916167E+03
    0.134065386726428404E+01    0.411135169462651845E+03   -0.102174767112912512E+01   -0.401300409533955271E+01   -0.116672069513301437E+02    0.178993608431863777E+03
    0.134323568060775145E+01    0.414798963867780174E+03   -0.105797455669388718E+01   -0.117202661476852121E+01   -0.869991269785592358E+01    0.178995616870096171E+03
    0.134038808303846912E+01    0.401466947637698524E+03   -0.103179355054303556E+01   -0.480124205674412430E+01   -0.862518707060619505E+01    0.178995836821371768E+03
    0.134064843538047551E+01    0.408735186708999720E+03   -0.100823100520546838E+01   -0.529251376150772490E+01   -0.798835099251358738E+01    0.178999008873313642E+03
    0.134315436498558172E+01    0.437806922135008108E+03   -0.119038369259327226E+01   -0.100876274613207784E+01   -0.112659042973359664E+02    0.179000826827661115E+03
    0.134315436498558172E+01    0.437806922135008108E+03   -0.119038369259327226E+01   -0.100876274613207784E+01   -0.112659042973359664E+02    0.179000826827661115E+03
    0.134026837089822015E+01    0.410723375329236717E+03   -0.100125624724335616E+01   -0.427866456937445427E+01   -0.104090682118302844E+02    0.179005109723906685E+03
    0.134028358128692338E+01    0.401166175003563410E+03   -0.102728207460397059E+01   -0.431749152042007012E+01   -0.102120180017735436E+02    0.179006879546284608E+03
    0.134028358128692338E+01    0.401166175003563410E+03   -0.102728207460397059E+01   -0.431749152042007012E+01   -0.102120180017735436E+02    0.179006879546284608E+03
    0.134031628917317769E+01    0.401986034580538501E+03   -0.103542776085490118E+01   -0.514461772850864563E+01   -0.111534006254080698E+02    0.179008669487831469E+03
    0.134327295710638261E+01    0.400475976450315159E+03   -0.100529175127038251E+01   -0.129020635922767646E+01   -0.108051049406699473E+02    0.179008941590323673E+03
    0.134309283635475563E+01    0.406192072321862213E+03   -0.102525009830199210E+01   -0.125809214905240196E+01   -0.967271552034154425E+01    0.179014242160036417E+03
    0.134078795733190193E+01    0.400257873555302467E+03   -0.105998315781828722E+01   -0.459420761372955333E+01   -0.104589129049408971E+02    0.179014464854415678E+03
    0.134358407705322058E+01    0.404041304839491431E+03   -0.122755344901522534E+01   -0.105270862238701390E+01   -0.945979760229269750E+01    0.179022246426285733E+03
    0.134098991631852349E+01    0.407330811845619905E+03   -0.101873713530267551E+01   -0.399183886385159603E+01   -0.954854881225148944E+01    0.179023085573586400E+03
    0.134267927285435995E+01    0.425115487568044273E+03   -0.107252660539552558E+01   -0.105197416473336069E+01   -0.626627264810587814E+01    0.179024051325157643E+03
    0.134285818960807068E+01    0.450362384259686223E+03   -0.103424565413673619E+01   -0.106271881972517157E+01   -0.671181383561809586E+01    0.179027429344572056E+03
    0.134286566408843422E+01    0.407169833435419719E+03   -0.111318636598836562E+01   -0.118387990647265795E+01   -0.115733360634307072E+02    0.179038392587597343E+03
    0.134286566408843422E+01    0.407169833435419719E+03   -0.111318636598836562E+01   -0.118387990647265795E+01   -0.115733360634307072E+02    0.179038392587597343E+03
    0.134278558805009496E+01    0.432402894618782568E+03   -0.103951121554711712E+01   -0.115293679461334975E+01   -0.772846415016345389E+01    0.179039208273104691E+03
    0.134263956586102173E+01    0.432228696027935939E+03   -0.111777716549501349E+01   -0.109412686149010696E+01   -0.998040047114586315E+01    0.179045612438469846E+03
    0.134052652111637616E+01    0.420860282618321833E+03   -0.100048309556945725E+01   -0.541869267199828286E+01   -0.109395623513165905E+02    0.179049390788366452E+03
    0.134098246321884451E+01    0.404486469407734546E+03   -0.102268427444134780E+01   -0.634685866855578062E+01   -0.108833777833676173E+02    0.179051316753575293E+03
    0.134098246321884451E+01    0.404486469407734546E+03   -0.102268427444134780E+01   -0.634685866855578062E+01   -0.108833777833676173E+02    0.179051316753575293E+03
    0.134300826970428289E+01    0.412021859757374330E+03   -0.108493887757539831E+01   -0.117993577748191569E+01   -0.962415960967201478E+01    0.179052833276560875E+03
    0.134300826970428289E+01    0.412021859757374330E+03   -0.108493887757539831E+01   -0.117993577748191569E+01   -0.962415960967201478E+01    0.179052833276560875E+03
    0.134303978449141503E+01    0.439808979620766308E+03   -0.105367618206219404E+01   -0.110026401639517424E+01   -0.104127338742772491E+02    0.179054033477344547E+03
    0.134094874097602679E+01    0.409365243085089787E+03   -0.101044091249787549E+01   -0.621851523037692200E+01   -0.103239075406894152E+02    0.179055640025698892E+03
    0.134070444660855781E+01    0.408463249360841758E+03   -0.100690653842453770E+01   -0.440467629441598518E+01   -0.777658894367459386E+01    0.179057242534254158E+03
    0.134261817075342660E+01    0.400429061745111426E+03   -0.119681512426461367E+01   -0.112080911801946037E+01   -0.681447403832334864E+01    0.179058781404619708E+03
    0.134083479260303440E+01    0.417342390880789651E+03   -0.100382590956906448E+01   -0.565524491314074584E+01   -0.108951463291806938E+02    0.179066475304322410E+03
    0.134278993375602473E+01    0.447940155146421660E+03   -0.112235970154337217E+01   -0.102789400571234424E+01   -0.115985059363607483E+02    0.179068561794541722E+03
    0.134286042161451569E+01    0.417619298875317043E+03   -0.100764808784361648E+01   -0.110461823173731410E+01   -0.533503978691731184E+01    0.179069439668940277E+03
    0.134286042161451569E+01    0.417619298875317043E+03   -0.100764808784361648E+01   -0.110461823173731410E+01   -0.533503978691731184E+01    0.179069439668940277E+03
    0.134035473408126604E+01    0.408615742641223619E+03   -0.100104704231129027E+01   -0.399232542861236439E+01   -0.995992181832622769E+01    0.179069618920980588E+03
    0.134113419028708147E+01    0.404344603107861701E+03   -0.103301205410443764E+01   -0.546912051716801795E+01   -0.119634766307198852E+02    0.179070195345398417E+03
    0.134113419028708147E+01    0.404344603107861701E+03   -0.103301205410443764E+01   -0.546912051716801795E+01   -0.119634766307198852E+02    0.179070195345398417E+03
    0.134033298513058297E+01    0.402475866129331791E+03   -0.103331849706102652E+01   -0.497664534188179797E+01   -0.990895734654523963E+01    0.179073865393571396E+03
    0.134298075874156342E+01    0.401074240571536961E+03   -0.138579783972235582E+01   -0.102924225184113638E+01   -0.757800930956460217E+01    0.179078987687191557E+03
    0.134298075874156342E+01    0.401074240571536961E+03   -0.138579783972235582E+01   -0.102924225184113638E+01   -0.757800930956460217E+01    0.179078987687191557E+03
    0.134088164319944703E+01    0.405157338669688500E+03   -0.101976450149708597E+01   -0.380149784239631572E+01   -0.996559488072060340E+01    0.179081760465498405E+03
    0.134088164319944703E+01    0.405157338669688500E+03   -0.101976450149708597E+01   -0.380149784239631572E+01   -0.996559488072060340E+01    0.179081760465498405E+03
    0.134047335434908121E+01    0.406797233745496499E+03   -0.100019624825829290E+01   -0.557878719980268745E+01   -0.897840957736810985E+01    0.179082946436636348E+03
    0.134378852373286928E+01    0.401289521887882358E+03   -0.107298334214372559E+01   -0.112044462241539833E+01   -0.707176766406311508E+01    0.179085970838256912E+03
    0.134378852373286928E+01    0.401289521887882358E+03   -0.107298334214372559E+01   -0.112044462241539833E+01   -0.707176766406311508E+01    0.179085970838256912E+03
    0.134295408897652968E+01    0.416880434046254891E+03   -0.117279115509014353E+01   -0.101506412724245010E+01   -0.567217561715203544E+01    0.179087447189789430E+03
    0.134073526668172915E+01    0.413558132818886861E+03   -0.102117253264372820E+01   -0.529348455178284727E+01   -0.993214768578679852E+01    0.179088215171061563E+03
    0.134246524729995920E+01    0.402484562324005594E+03   -0.105878637820659094E+01   -0.129600555905094694E+01   -0.104281099034118778E+02    0.179089275841207439E+03
    0.134257402859959463E+01    0.424231714851324739E+03   -0.107550771946463719E+01   -0.116627333566164282E+01   -0.101771121194610306E+02    0.179090011094572219E+03
    0.134040025814249475E+01    0.411324911330949362E+03   -0.101322790611210500E+01   -0.430681342931052402E+01   -0.937776130552363085E+01    0.179092388882598982E+03
    0.134040025814249475E+01    0.411324911330949362E+03   -0.101322790611210500E+01   -0.430681342931052402E+01   -0.937776130552363085E+01    0.179092388882598982E+03
    0.134349313664824743E+01    0.422483580901781181E+03   -0.116159546943862679E+01   -0.103921226129057054E+01   -0.105244097921494131E+02    0.179092586053570301E+03
    0.134349313664824743E+01    0.422483580901781181E+03   -0.116159546943862679E+01   -0.103921226129057054E+01   -0.105244097921494131E+02    0.179092586053570301E+03
    0.134044721677246970E+01    0.402757161194944899E+03   -0.101338352589946012E+01   -0.537629759672093055E+01   -0.870182809711055683E+01    0.179095034341779240E+03
    0.134044721677246970E+01    0.402757161194944899E+03   -0.101338352589946012E+01   -0.537629759672093055E+01   -0.870182809711055683E+01    0.179095034341779240E+03
    0.134258235206539212E+01    0.425386030522493343E+03   -0.105793628785353100E+01   -0.107445489051641019E+01   -0.687853159937178749E+01    0.179095809072731811E+03
    0.134284527082049587E+01    0.437009849846415648E+03   -0.102368101006109491E+01   -0.107057734775796831E+01   -0.598053762997232852E+01    0.179097711023958709E+03
    0.134305200206458952E+01    0.417199975789948894E+03   -0.106831972267818642E+01   -0.114392034948102683E+01   -0.687952926312345703E+01    0.179098879254484814E+03
    0.134305200206458952E+01    0.417199975789948894E+03   -0.106831972267818642E+01   -0.114392034948102683E+01   -0.687952926312345703E+01    0.179098879254484814E+03
    0.134105380976813482E+01    0.407211546624280061E+03   -0.101240540839999582E+01   -0.453635923206977765E+01   -0.811853878444727606E+01    0.179103287514038755E+03
    0.134299207869551052E+01    0.454352313641484614E+03   -0.106390730069979433E+01   -0.103976939687446190E+01   -0.764892762785562397E+01    0.179103586201430289E+03
    0.134042597824460175E+01    0.404405481395872016E+03   -0.103286579122462641E+01   -0.439898917439926773E+01   -0.911554487905073607E+01    0.179104193109348103E+03
    0.134319077421079802E+01    0.400452995091957405E+03   -0.114253891909546468E+01   -0.115398497120683530E+01   -0.983183660214646693E+01    0.179105507723531559E+03
    0.134319077421079802E+01    0.400452995091957405E+03   -0.114253891909546468E+01   -0.115398497120683530E+01   -0.983183660214646693E+01    0.179105507723531559E+03
    0.134371789410806741E+01    0.408366627202994835E+03   -0.106302800820305343E+01   -0.112109818348365664E+01   -0.876908814404992931E+01    0.179105943966793518E+03
    0.134247571163578128E+01    0.420051124601235358E+03   -0.101798510797546982E+01   -0.110171609027288930E+01   -0.798695230994579841E+01    0.179109323653203376E+03
    0.134132766438054607E+01    0.410622590056379806E+03   -0.100320854866812503E+01   -0.537589325574725230E+01   -0.102513116786748686E+02    0.179110144405722735E+03
    0.134300090418404250E+01    0.455409338892327298E+03   -0.104274115118089306E+01   -0.104940480090023414E+01   -0.817274634538494205E+01    0.179110632263802984E+03
    0.134300090418404250E+01    0.455409338892327298E+03   -0.104274115118089306E+01   -0.104940480090023414E+01   -0.817274634538494205E+01    0.179110632263802984E+03
    0.134037525281768066E+01    0.411982792069615812E+03   -0.100520809276562417E+01   -0.535919092751967252E+01   -0.112744180658109165E+02    0.179111032190480273E+03
    0.134238937783356405E+01    0.406807281026636019E+03   -0.112819211629639149E+01   -0.112904005564265297E+01   -0.109289619916168785E+02    0.179111916859086534E+03
    0.134282152761228590E+01    0.407720303621065284E+03   -0.108239967124622005E+01   -0.100561674472422169E+01   -0.638954677022967488E+01    0.179112412543714697E+03
    0.134054940318565396E+01    0.408752841157821194E+03   -0.101112237686154849E+01   -0.559590378861318349E+01   -0.907474961241454992E+01    0.179114696983013118E+03
    0.134246423625124933E+01    0.403203634673173838E+03   -0.103193457082393536E+01   -0.123638379038506230E+01   -0.636337716618457172E+01    0.179118167742034757E+03
    0.134104888999091121E+01    0.410363578914258596E+03   -0.101903440152164926E+01   -0.444145601886211328E+01   -0.109533409732882170E+02    0.179122107536406133E+03
    0.134284710428838050E+01    0.429563476925978307E+03   -0.119272015110477447E+01   -0.104153123742897868E+01   -0.107155152791949515E+02    0.179123280368095948E+03
    0.134284710428838050E+01    0.429563476925978307E+03   -0.119272015110477447E+01   -0.104153123742897868E+01   -0.107155152791949515E+02    0.179123280368095948E+03
    0.134064766405208280E+01    0.405152758655767570E+03   -0.100830873566168222E+01   -0.383541149156204320E+01   -0.849329923893833261E+01    0.179126638184672913E+03
    0.134064766405208280E+01    0.405152758655767570E+03   -0.100830873566168222E+01   -0.383541149156204320E+01   -0.849329923893833261E+01    0.179126638184672913E+03
    0.134259814371153752E+01    0.405282941745864662E+03   -0.105965316212729022E+01   -0.122833654209906307E+01   -0.704465569642544143E+01    0.179127323126473698E+03
    0.134306772251352791E+01    0.402054952300841478E+03   -0.107649278130692849E+01   -0.120449650900488692E+01   -0.718862129624673507E+01    0.179128232587179014E+03
    0.134426874311422706E+01    0.411176960321297884E+03   -0.108701566274191030E+01   -0.100849341474165399E+01   -0.673917378904318110E+01    0.179136059468921644E+03
    0.134426874311422706E+01    0.411176960321297884E+03   -0.108701566274191030E+01   -0.100849341474165399E+01   -0.673917378904318110E+01    0.179136059468921644E+03
    0.134375462612343055E+01    0.438781220350038268E+03   -0.107151648377450037E+01   -0.101437531979840223E+01   -0.112622989111786751E+02    0.179136491706987613E+03
    0.134039610554127586E+01    0.404227212205223282E+03   -0.103759793734464978E+01   -0.434591145158897341E+01   -0.108338666802541894E+02    0.179137451908031551E+03
    0.134095176009463746E+01    0.400448423129500554E+03   -0.101217424295931657E+01   -0.504522416605794977E+01   -0.733763913594575623E+01    0.179138588356388709E+03
    0.134095176009463746E+01    0.400448423129500554E+03   -0.101217424295931657E+01   -0.504522416605794977E+01   -0.733763913594575623E+01    0.179138588356388709E+03
    0.134301496595239156E+01    0.453530392938002535E+03   -0.104310912062532779E+01   -0.100035515230570304E+01   -0.591917190985923281E+01    0.179140859673912132E+03
    0.134301496595239156E+01    0.453530392938002535E+03   -0.104310912062532779E+01   -0.100035515230570304E+01   -0.591917190985923281E+01    0.179140859673912132E+03
    0.134069565098775145E+01    0.401772941771417550E+03   -0.100847919070931979E+01   -0.646423524279162098E+01   -0.957569426449109073E+01    0.179141527648663896E+03
    0.134069565098775145E+01    0.401772941771417550E+03   -0.100847919070931979E+01   -0.646423524279162098E+01   -0.957569426449109073E+01    0.179141527648663896E+03
    0.134107539113832752E+01    0.413492821123267220E+03   -0.100516268207952031E+01   -0.420243451541401836E+01   -0.999212059549020282E+01    0.179145605488180422E+03
    0.134107539113832752E+01    0.413492821123267220E+03   -0.100516268207952031E+01   -0.420243451541401836E+01   -0.999212059549020282E+01    0.179145605488180422E+03
    0.134057898154914157E+01    0.413889885897500221E+03   -0.101718259702061253E+01   -0.540929640517877708E+01   -0.105919079920893910E+02    0.179149271282466316E+03
    0.134327010657925872E+01    0.436107087825356587E+03   -0.110638386466336947E+01   -0.103106506843185564E+01   -0.687640596123673564E+01    0.179151188830659237E+03
    0.134327010657925872E+01    0.436107087825356587E+03   -0.110638386466336947E+01   -0.103106506843185564E+01   -0.687640596123673564E+01    0.179151188830659237E+03
    0.134246424190985536E+01    0.410082561963194678E+03   -0.107117787744271453E+01   -0.122563267551293009E+01   -0.928745831491429108E+01    0.179157152607822525E+03
    0.134246424190985536E+01    0.410082561963194678E+03   -0.107117787744271453E+01   -0.122563267551293009E+01   -0.928745831491429108E+01    0.179157152607822525E+03
    0.134277781292005116E+01    0.412227264378620532E+03   -0.111904895307067243E+01   -0.114266238466303705E+01   -0.716927266600475832E+01    0.179158903583688812E+03
    0.134088435442521958E+01    0.402712261938408403E+03   -0.102617902963149987E+01   -0.463038622850346293E+01   -0.792764486556151660E+01    0.179162834994093259E+03
    0.134320199876529056E+01    0.410624428423963195E+03   -0.125712435847461457E+01   -0.104253860484154970E+01   -0.783909776051679685E+01    0.179163602151378711E+03
    0.134041933223787080E+01    0.409941143151869824E+03   -0.100517388242110783E+01   -0.547382940536852214E+01   -0.107238296007959431E+02    0.179167122695371859E+03
    0.134093780701705456E+01    0.405589671890187674E+03   -0.100407014896063451E+01   -0.671061826055730393E+01   -0.117028137246964530E+02    0.179170694067573663E+03
    0.134052709424252181E+01    0.409849055165310006E+03   -0.103056444211090614E+01   -0.499900886651276366E+01   -0.106325502400495999E+02    0.179170790346385786E+03
    0.134063617683846692E+01    0.405855881160314993E+03   -0.102913758520531573E+01   -0.408682444976178161E+01   -0.103410329052463297E+02    0.179172619147194382E+03
    0.134063617683846692E+01    0.405855881160314993E+03   -0.102913758520531573E+01   -0.408682444976178161E+01   -0.103410329052463297E+02    0.179172619147194382E+03
    0.134062798731302069E+01    0.408271017445150051E+03   -0.103379771557663425E+01   -0.503930775320404312E+01   -0.996878629947176087E+01    0.179173498295035301E+03
    0.134273362670164698E+01    0.408317138501227873E+03   -0.104141091438304656E+01   -0.111156848532055719E+01   -0.567437895662439651E+01    0.179174856266859138E+03
    0.134273362670164698E+01    0.408317138501227873E+03   -0.104141091438304656E+01   -0.111156848532055719E+01   -0.567437895662439651E+01    0.179174856266859138E+03
    0.134254808828315486E+01    0.419119126414327809E+03   -0.111361511121402579E+01   -0.104879608306530159E+01   -0.104832514163817052E+02    0.179176502981805470E+03
    0.134405410980616513E+01    0.426922813845926726E+03   -0.106082847274862857E+01   -0.100063501422789081E+01   -0.652130826603770153E+01    0.179179177845163849E+03
    0.134149391073680269E+01    0.400829104568959622E+03   -0.101810091296334626E+01   -0.517565760127140884E+01   -0.974809284107815976E+01    0.179179978752762963E+03
    0.134271146564793709E+01    0.426063951820808768E+03   -0.112664407526172283E+01   -0.108434688818754843E+01   -0.787775538032952749E+01    0.179180087386778325E+03
    0.134053875602821093E+01    0.406184232016345163E+03   -0.103609204983918879E+01   -0.507486285886642996E+01   -0.101224566992182776E+02    0.179182671405668657E+03
    0.134264092112601086E+01    0.447793698919101075E+03   -0.105184628797426072E+01   -0.100833985254460501E+01   -0.104629978303779119E+02    0.179186318761197015E+03
    0.134258007724913009E+01    0.407586651186886115E+03   -0.115238617644881103E+01   -0.104303070540751008E+01   -0.106742708287472325E+02    0.179186654536959793E+03
    0.134055099934295541E+01    0.403164075239772671E+03   -0.101682153675604425E+01   -0.546260920727290156E+01   -0.852584742010210306E+01    0.179191540079053595E+03
    0.134055099934295541E+01    0.403164075239772671E+03   -0.101682153675604425E+01   -0.546260920727290156E+01   -0.852584742010210306E+01    0.179191540079053595E+03
    0.134107815187398427E+01    0.404464744205944100E+03   -0.102260321258209963E+01   -0.591225460058263419E+01   -0.974405979753804274E+01    0.179192934313284525E+03
    0.134107815187398427E+01    0.404464744205944100E+03   -0.102260321258209963E+01   -0.591225460058263419E+01   -0.974405979753804274E+01    0.179192934313284525E+03
    0.134258367757026642E+01    0.440922119486237477E+03   -0.100420953231282972E+01   -0.104202784080275812E+01   -0.118908845837757866E+02    0.179193394662047808E+03
    0.134288890357377100E+01    0.455749562407588769E+03   -0.102636607616431696E+01   -0.104962777735263835E+01   -0.732275045489057508E+01    0.179195453658747567E+03
    0.134288890357377100E+01    0.455749562407588769E+03   -0.102636607616431696E+01   -0.104962777735263835E+01   -0.732275045489057508E+01    0.179195453658747567E+03
    0.134273652133565546E+01    0.405744607999561595E+03   -0.105118389930496292E+01   -0.124939404141051646E+01   -0.812214118645013805E+01    0.179197970058606415E+03
    0.134083127954983539E+01    0.401897394506051114E+03   -0.102927612686825576E+01   -0.619620996465817697E+01   -0.110110433141683721E+02    0.179198635332218998E+03
    0.134083127954983539E+01    0.401897394506051114E+03   -0.102927612686825576E+01   -0.619620996465817697E+01   -0.110110433141683721E+02    0.179198635332218998E+03
    0.134094777599077286E+01    0.410641855731559986E+03   -0.100695209165795951E+01   -0.610030129623050854E+01   -0.119029936196574724E+02    0.179201264417732887E+03
    0.134082326658622542E+01    0.413968913384554071E+03   -0.101372686797039613E+01   -0.436632155475550032E+01   -0.967750536719614729E+01    0.179209965667348342E+03
    0.134066330667894995E+01    0.402802159953895455E+03   -0.103178385535039396E+01   -0.453924844064765232E+01   -0.829992570806956209E+01    0.179211600568931601E+03
    0.134066330667894995E+01    0.402802159953895455E+03   -0.103178385535039396E+01   -0.453924844064765232E+01   -0.829992570806956209E+01    0.179211600568931601E+03
    0.134354315289546244E+01    0.400971425593224694E+03   -0.111842129693982351E+01   -0.112575031882992427E+01   -0.966106242260883619E+01    0.179211691960858047E+03
    0.134354315289546244E+01    0.400971425593224694E+03   -0.111842129693982351E+01   -0.112575031882992427E+01   -0.966106242260883619E+01    0.179211691960858047E+03
    0.134068030694696239E+01    0.404531610243011869E+03   -0.103350026599985334E+01   -0.411179512021588156E+01   -0.956473378261097373E+01    0.179212919179903054E+03
    0.134068030694696239E+01    0.404531610243011869E+03   -0.103350026599985334E+01   -0.411179512021588156E+01   -0.956473378261097373E+01    0.179212919179903054E+03
    0.134075369146885182E+01    0.400633054990428320E+03   -0.104364553221472178E+01   -0.411508998078417587E+01   -0.100037453979668207E+02    0.179213153103632692E+03
    0.134042729973522201E+01    0.405607749776111973E+03   -0.101732274631726050E+01   -0.411754969952332228E+01   -0.101955751663713610E+02    0.179216444391668574E+03
    0.134116293094572248E+01    0.403750836022025112E+03   -0.102100252055680762E+01   -0.405536219045580193E+01   -0.974716915465281630E+01    0.179218591054346632E+03
    0.134253304672170493E+01    0.436058263852514756E+03   -0.101829883608352212E+01   -0.108127661961573374E+01   -0.835153170432937841E+01    0.179220199609631209E+03
    0.134248968568287208E+01    0.407981995328936591E+03   -0.107407507795406509E+01   -0.122583601597763092E+01   -0.111040517659741411E+02    0.179222297216784568E+03
    0.134363452576614684E+01    0.421889586673442409E+03   -0.111382488015909509E+01   -0.104945949703952301E+01   -0.112721915517179010E+02    0.179228436320974026E+03
    0.134088277655509147E+01    0.414433897498867907E+03   -0.100003996102384463E+01   -0.601720023073664922E+01   -0.112025340012737527E+02    0.179234574275032799E+03
    0.134276297039590298E+01    0.433730779904870076E+03   -0.119058086689520159E+01   -0.102101016253569910E+01   -0.112588332841452594E+02    0.179244515434814389E+03
    0.134276905117127132E+01    0.457253648199496922E+03   -0.107655606331998044E+01   -0.100437101150858865E+01   -0.876664424319621993E+01    0.179244999823040985E+03
    0.134278858785847999E+01    0.418477555453000093E+03   -0.118408913506402769E+01   -0.107721365741361907E+01   -0.999935768320077045E+01    0.179251186583767094E+03
    0.134278858785847999E+01    0.418477555453000093E+03   -0.118408913506402769E+01   -0.107721365741361907E+01   -0.999935768320077045E+01    0.179251186583767094E+03
    0.134065603007675427E+01    0.404225243617913179E+03   -0.103843039121785630E+01   -0.550241592426106685E+01   -0.104478680443615541E+02    0.179252088962692142E+03
    0.134065603007675427E+01    0.404225243617913179E+03   -0.103843039121785630E+01   -0.550241592426106685E+01   -0.104478680443615541E+02    0.179252088962692142E+03
    0.134093414190777893E+01    0.408174434504740418E+03   -0.101045423441164139E+01   -0.383486641298197739E+01   -0.115401543646424987E+02    0.179253955769419292E+03
    0.134093414190777893E+01    0.408174434504740418E+03   -0.101045423441164139E+01   -0.383486641298197739E+01   -0.115401543646424987E+02    0.179253955769419292E+03
    0.134346310851149831E+01    0.412291465052823980E+03   -0.109042583779466185E+01   -0.103659993022215247E+01   -0.505684138366899294E+01    0.179254784461147779E+03
    0.134257567922711352E+01    0.415199775784707015E+03   -0.106964118274855124E+01   -0.118174022596742212E+01   -0.839266821821459708E+01    0.179259156891853308E+03
    0.134251757761242030E+01    0.423128680743501832E+03   -0.111515758149723965E+01   -0.107349850751042375E+01   -0.106159141727201138E+02    0.179262532999957500E+03
    0.134251757761242030E+01    0.423128680743501832E+03   -0.111515758149723965E+01   -0.107349850751042375E+01   -0.106159141727201138E+02    0.179262532999957500E+03
    0.134268829797386369E+01    0.433710344408275091E+03   -0.103784089015500136E+01   -0.114626414135267574E+01   -0.872587028863789627E+01    0.179270050400612433E+03
    0.134287618193918212E+01    0.406712686227077143E+03   -0.110603177077734394E+01   -0.102259925949332420E+01   -0.573745063440083936E+01    0.179271790585119334E+03
    0.134081841758662468E+01    0.406527743632652289E+03   -0.103546341670537068E+01   -0.492885436784874820E+01   -0.108018706001634452E+02    0.179273399347654447E+03
    0.134278025343405916E+01    0.437942918291279170E+03   -0.116291644617024126E+01   -0.101053780697667150E+01   -0.874313587436301631E+01    0.179275000591308753E+03
    0.134292577810356040E+01    0.414450435401555808E+03   -0.103918158813893413E+01   -0.121623529390595486E+01   -0.957190426397141181E+01    0.179276436083698172E+03
    0.134292577810356040E+01    0.414450435401555808E+03   -0.103918158813893413E+01   -0.121623529390595486E+01   -0.957190426397141181E+01    0.179276436083698172E+03
    0.134281152030287454E+01    0.429842472613427162E+03   -0.113193952614154547E+01   -0.103158612017518081E+01   -0.671125219872097745E+01    0.179277001547892894E+03
    0.134044605309802622E+01    0.400042060682373403E+03   -0.104809486019417619E+01   -0.480221794568885851E+01   -0.107596610509009700E+02    0.179277204236553416E+03
    0.134330865753894790E+01    0.447604660496960435E+03   -0.100899387687025310E+01   -0.107584102253820291E+01   -0.934077885466066782E+01    0.179278038155760612E+03
    0.134323483851262715E+01    0.464553344866250598E+03   -0.104474950714292092E+01   -0.100623204940029787E+01   -0.115478383687299484E+02    0.179281387596760396E+03
    0.134323483851262715E+01    0.464553344866250598E+03   -0.104474950714292092E+01   -0.100623204940029787E+01   -0.115478383687299484E+02    0.179281387596760396E+03
    0.134309077616082861E+01    0.446956151886198427E+03   -0.111053607916184660E+01   -0.101777106866759759E+01   -0.938850615232792940E+01    0.179282039365571734E+03
    0.134282256038421477E+01    0.421984981602332994E+03   -0.104700094209403183E+01   -0.118063623529201678E+01   -0.111161696489453909E+02    0.179292036052876028E+03
    0.134057667480075349E+01    0.401681982842226660E+03   -0.103539148180876417E+01   -0.533315481673554004E+01   -0.920437458827846733E+01    0.179292196470677936E+03
    0.134091237993977619E+01    0.411798266822708854E+03   -0.101608050172148445E+01   -0.523029833223310092E+01   -0.984026039546065157E+01    0.179292942763870485E+03
    0.134349598865570563E+01    0.404957395831130327E+03   -0.128098543938995313E+01   -0.102587628900218952E+01   -0.958659377142216940E+01    0.179293151499617863E+03
    0.134336837927669661E+01    0.401785192634321447E+03   -0.108455428693435607E+01   -0.109565299163634222E+01   -0.528756174433903947E+01    0.179294369675470136E+03
    0.134086155502092685E+01    0.402558503449374712E+03   -0.104460437901017400E+01   -0.454114650891387317E+01   -0.105029531794382631E+02    0.179294440352574156E+03
    0.134033527104974537E+01    0.404281105790776053E+03   -0.100162641334713420E+01   -0.499095552878886295E+01   -0.119337613175078747E+02    0.179295704976574086E+03
    0.134033527104974537E+01    0.404281105790776053E+03   -0.100162641334713420E+01   -0.499095552878886295E+01   -0.119337613175078747E+02    0.179295704976574086E+03
    0.134235971092637962E+01    0.417398218330812199E+03   -0.101684345428816236E+01   -0.120793441072164143E+01   -0.103172982170206264E+02    0.179295913555636332E+03
    0.134235971092637962E+01    0.417398218330812199E+03   -0.101684345428816236E+01   -0.120793441072164143E+01   -0.103172982170206264E+02    0.179295913555636332E+03
    0.134302353130895735E+01    0.450635873497521686E+03   -0.107325603493415400E+01   -0.103762368789996273E+01   -0.111989578358785646E+02    0.179302578661923519E+03
    0.134253822431000458E+01    0.405687089207620431E+03   -0.111758512131874177E+01   -0.117579204758955136E+01   -0.106549699974154510E+02    0.179302589894039897E+03
    0.134062079837557313E+01    0.401329915772554216E+03   -0.102571447916398739E+01   -0.513035837033998199E+01   -0.829984214255630448E+01    0.179306794083914099E+03
    0.134332507199130280E+01    0.437905300089108323E+03   -0.106525512689598578E+01   -0.101196014517219091E+01   -0.583268487480568165E+01    0.179308521525899891E+03
    0.134332507199130280E+01    0.437905300089108323E+03   -0.106525512689598578E+01   -0.101196014517219091E+01   -0.583268487480568165E+01    0.179308521525899891E+03
    0.134268160963159411E+01    0.413342542436364852E+03   -0.115921346654207724E+01   -0.100665102861506206E+01   -0.974522911943525116E+01    0.179313618892003831E+03
    0.134081129375878394E+01    0.407912475047962459E+03   -0.102018486303226119E+01   -0.543970437416760966E+01   -0.928162231425575435E+01    0.179315948890324648E+03
    0.134071684460877716E+01    0.405066634242412590E+03   -0.101165462586090626E+01   -0.585702903054914970E+01   -0.917269655415809204E+01    0.179317017562201954E+03
    0.134281639406802578E+01    0.410814757805615102E+03   -0.105002384369079138E+01   -0.100911328328615824E+01   -0.763250476460686222E+01    0.179323482675331206E+03
    0.134279113712246256E+01    0.442561501723314620E+03   -0.115016444282157870E+01   -0.100605322211340109E+01   -0.111220299320535929E+02    0.179336461782835840E+03
    0.134279113712246256E+01    0.442561501723314620E+03   -0.115016444282157870E+01   -0.100605322211340109E+01   -0.111220299320535929E+02    0.179336461782835840E+03
    0.134273393844235689E+01    0.426040913736414041E+03   -0.103456911426015985E+01   -0.101516526861026790E+01   -0.997347304372865295E+01    0.179339780476067745E+03
    0.134273393844235689E+01    0.426040913736414041E+03   -0.103456911426015985E+01   -0.101516526861026790E+01   -0.997347304372865295E+01    0.179339780476067745E+03
    0.134286866788519688E+01    0.403613917800530260E+03   -0.117999483588746301E+01   -0.113296090546561246E+01   -0.100596128249277807E+02    0.179340449217957428E+03
    0.134261188027626965E+01    0.402309887247355391E+03   -0.103055542034499581E+01   -0.114173106817936976E+01   -0.614009314566674380E+01    0.179340624093663337E+03
    0.134239192452556377E+01    0.407126823877768174E+03   -0.106843876147739891E+01   -0.119114573534923274E+01   -0.102502418307052938E+02    0.179347121771854290E+03
    0.134239192452556377E+01    0.407126823877768174E+03   -0.106843876147739891E+01   -0.119114573534923274E+01   -0.102502418307052938E+02    0.179347121771854290E+03
    0.134127939843408095E+01    0.405672220740304283E+03   -0.101618380962920085E+01   -0.475707990764872068E+01   -0.112567967883837952E+02    0.179349073785314886E+03
    0.134041971531621051E+01    0.408371978608129780E+03   -0.101107232021528759E+01   -0.507734379179680317E+01   -0.104078967426911486E+02    0.179350701188987557E+03
    0.134252595256861085E+01    0.407889961342580705E+03   -0.114004781216323181E+01   -0.113147236137302798E+01   -0.102135467672420912E+02    0.179350889512054266E+03
    0.134273597592524263E+01    0.417101386328827857E+03   -0.120048395944412789E+01   -0.105714234660739059E+01   -0.114931040350050289E+02    0.179359597850768751E+03
    0.134336412497284963E+01    0.411345731488983574E+03   -0.110127461285255279E+01   -0.111708829887243333E+01   -0.911572064497629597E+01    0.179361577885919303E+03
    0.134082828477471971E+01    0.406775642881357669E+03   -0.102845624600414354E+01   -0.536256692114477396E+01   -0.112820537687684723E+02    0.179361952970671894E+03
    0.134263775524874118E+01    0.446993564412335331E+03   -0.101908039277517126E+01   -0.107406932919872844E+01   -0.901422055482585449E+01    0.179362983401201348E+03
    0.134346112650038307E+01    0.426408330555269572E+03   -0.109152289126888213E+01   -0.104655633740368437E+01   -0.693720876523627883E+01    0.179376959818298474E+03
    0.134346112650038307E+01    0.426408330555269572E+03   -0.109152289126888213E+01   -0.104655633740368437E+01   -0.693720876523627883E+01    0.179376959818298474E+03
    0.134102028771284254E+01    0.402745434185493195E+03   -0.103870507721962646E+01   -0.477653043835769786E+01   -0.114952264322190114E+02    0.179378317199094852E+03
    0.134043387199888597E+01    0.402801091981180150E+03   -0.101502862402597671E+01   -0.400459068216055236E+01   -0.109649825871155517E+02    0.179380172894950022E+03
    0.134043387199888597E+01    0.402801091981180150E+03   -0.101502862402597671E+01   -0.400459068216055236E+01   -0.109649825871155517E+02    0.179380172894950022E+03
    0.134271371560414110E+01    0.443771536614159572E+03   -0.105525949342814584E+01   -0.106990843647520251E+01   -0.823952184072601668E+01    0.179381996264622785E+03
    0.134311790916712903E+01    0.419713534763386235E+03   -0.114539248919457393E+01   -0.107757629981404790E+01   -0.940580538860269755E+01    0.179385720209529438E+03
    0.134269517571336738E+01    0.440382491764681390E+03   -0.107331245310310663E+01   -0.106078587302721239E+01   -0.878745595191126050E+01    0.179387617399064368E+03
    0.134272878377493465E+01    0.462434505693076403E+03   -0.100616395567992001E+01   -0.104321979839467360E+01   -0.118255136728303967E+02    0.179388916644078051E+03
    0.134070100094299671E+01    0.405986225556696468E+03   -0.100618436492234231E+01   -0.381671288847359591E+01   -0.919947981026479411E+01    0.179391561604086235E+03
    0.134336078561487304E+01    0.419574461310294282E+03   -0.104766675762105343E+01   -0.105502081799536818E+01   -0.534530505244036203E+01    0.179393702888737891E+03
    0.134336078561487304E+01    0.419574461310294282E+03   -0.104766675762105343E+01   -0.105502081799536818E+01   -0.534530505244036203E+01    0.179393702888737891E+03
    0.134267600088366490E+01    0.432859585766537521E+03   -0.102631847616689242E+01   -0.105924979505787675E+01   -0.689518122887952067E+01    0.179394338737602823E+03
    0.134267600088366490E+01    0.432859585766537521E+03   -0.102631847616689242E+01   -0.105924979505787675E+01   -0.689518122887952067E+01    0.179394338737602823E+03
    0.134095545837814534E+01    0.403868540022024263E+03   -0.101505907835781883E+01   -0.627631397621403231E+01   -0.108522099447905944E+02    0.179394649670159765E+03
    0.134095545837814534E+01    0.403868540022024263E+03   -0.101505907835781883E+01   -0.627631397621403231E+01   -0.108522099447905944E+02    0.179394649670159765E+03
    0.134067204057431533E+01    0.412083994883717651E+03   -0.101572330090585972E+01   -0.428965969863382757E+01   -0.116739784944550458E+02    0.179401798124276525E+03
    0.134067204057431533E+01    0.412083994883717651E+03   -0.101572330090585972E+01   -0.428965969863382757E+01   -0.116739784944550458E+02    0.179401798124276525E+03
    0.134339528215910420E+01    0.429498520159828445E+03   -0.113607122351745460E+01   -0.102920717749154633E+01   -0.951214141821155579E+01    0.179403408073712683E+03
    0.134098551402574562E+01    0.400620898336590756E+03   -0.100431100267011963E+01   -0.680834630584089773E+01   -0.978166195055948151E+01    0.179403697459744478E+03
    0.134290321287382541E+01    0.439653570779204586E+03   -0.104914536632234245E+01   -0.100760458375756912E+01   -0.617849633088708483E+01    0.179405736964519747E+03
    0.134120563752812005E+01    0.410925921658740322E+03   -0.100309002412618042E+01   -0.541240416201203800E+01   -0.108526177439317060E+02    0.179409771199910267E+03
    0.134313257418278331E+01    0.432708561274485362E+03   -0.107883245035684183E+01   -0.108191175790736516E+01   -0.108699847788166473E+02    0.179412272847181157E+03
    0.134313257418278331E+01    0.432708561274485362E+03   -0.107883245035684183E+01   -0.108191175790736516E+01   -0.108699847788166473E+02    0.179412272847181157E+03
    0.134389882446200382E+01    0.402253041011602704E+03   -0.101406702451461150E+01   -0.115352522577087413E+01   -0.115033728542435192E+02    0.179413166700944089E+03
    0.134389882446200382E+01    0.402253041011602704E+03   -0.101406702451461150E+01   -0.115352522577087413E+01   -0.115033728542435192E+02    0.179413166700944089E+03
    0.134070962527854687E+01    0.413425911955094477E+03   -0.101765010464110262E+01   -0.472736095683416124E+01   -0.119996216366684081E+02    0.179414142279519410E+03
    0.134070962527854687E+01    0.413425911955094477E+03   -0.101765010464110262E+01   -0.472736095683416124E+01   -0.119996216366684081E+02    0.179414142279519410E+03
    0.134276386342671361E+01    0.403555979161243556E+03   -0.110501723232922622E+01   -0.102719995401780473E+01   -0.703631534708113016E+01    0.179421078609634094E+03
    0.134254631111476064E+01    0.428639771013109112E+03   -0.104051093366351921E+01   -0.109772506997153485E+01   -0.105036970994957297E+02    0.179424589623809823E+03
    0.134094366145951360E+01    0.404409280237176290E+03   -0.102336378031104225E+01   -0.399492082858537145E+01   -0.111578642888487281E+02    0.179428016958965202E+03
    0.134043068997692916E+01    0.400425028984029780E+03   -0.102113075329712899E+01   -0.411933666000113963E+01   -0.109308303577424493E+02    0.179430831079594100E+03
    0.134056967672982408E+01    0.403648245036225148E+03   -0.102857527528952630E+01   -0.547335464792011273E+01   -0.107271998506593924E+02    0.179431576814555854E+03
    0.134292746932916196E+01    0.430526044604799836E+03   -0.107487512163404020E+01   -0.107792112758366798E+01   -0.692332569779533280E+01    0.179435022716419837E+03
    0.134111137879960673E+01    0.410258793129810613E+03   -0.100068355667884035E+01   -0.399186801492174759E+01   -0.108435610876103929E+02    0.179439773472388993E+03
    0.134285314613823381E+01    0.407542921493252436E+03   -0.114098916176897802E+01   -0.104119510352134981E+01   -0.605831897111216122E+01    0.179442954104205398E+03
    0.134285314613823381E+01    0.407542921493252436E+03   -0.114098916176897802E+01   -0.104119510352134981E+01   -0.605831897111216122E+01    0.179442954104205398E+03
    0.134237560640830234E+01    0.409851526362871937E+03   -0.102379585431659237E+01   -0.121682327793396716E+01   -0.869281065627216520E+01    0.179443464666582429E+03
    0.134329088870243463E+01    0.403121523831354750E+03   -0.102991171282822691E+01   -0.122376349288128772E+01   -0.925454764775129313E+01    0.179448933104289324E+03
    0.134329088870243463E+01    0.403121523831354750E+03   -0.102991171282822691E+01   -0.122376349288128772E+01   -0.925454764775129313E+01    0.179448933104289324E+03
    0.134392237237390288E+01    0.405042404845534918E+03   -0.112279356601991154E+01   -0.101725822898298013E+01   -0.576787421106654552E+01    0.179450146699110860E+03
    0.134392237237390288E+01    0.405042404845534918E+03   -0.112279356601991154E+01   -0.101725822898298013E+01   -0.576787421106654552E+01    0.179450146699110860E+03
    0.134279363565153664E+01    0.424570566766159857E+03   -0.116542594759649631E+01   -0.100548713255869515E+01   -0.697564376083131421E+01    0.179450728417542678E+03
    0.134341826280566834E+01    0.413090605073046504E+03   -0.111501870596996255E+01   -0.108813970126950643E+01   -0.781270369598947489E+01    0.179452603868406982E+03
    0.134306094141028476E+01    0.449704946174454733E+03   -0.107633514717226397E+01   -0.102284174567120445E+01   -0.813610222387442406E+01    0.179453123796239879E+03
    0.134317312288661683E+01    0.411323062378830230E+03   -0.108907059103522919E+01   -0.113514740833462824E+01   -0.758510411873572377E+01    0.179454244254378239E+03
    0.134062200704855106E+01    0.417764058278629193E+03   -0.100279845014258306E+01   -0.474327206853138250E+01   -0.115766670595144774E+02    0.179454608186318069E+03
    0.134062200704855106E+01    0.417764058278629193E+03   -0.100279845014258306E+01   -0.474327206853138250E+01   -0.115766670595144774E+02    0.179454608186318069E+03
    0.134306137128705139E+01    0.435830400117161389E+03   -0.101228451392388230E+01   -0.110779924444604028E+01   -0.706253059289730878E+01    0.179456585959017161E+03
    0.134306137128705139E+01    0.435830400117161389E+03   -0.101228451392388230E+01   -0.110779924444604028E+01   -0.706253059289730878E+01    0.179456585959017161E+03
    0.134255556492762151E+01    0.416967462816717727E+03   -0.103045419330224064E+01   -0.112743167281173129E+01   -0.749844501941745722E+01    0.179469004801622873E+03
    0.134397415390119801E+01    0.410163301926107863E+03   -0.117432777039840097E+01   -0.100227650863459061E+01   -0.996365550256627763E+01    0.179472696814545486E+03
    0.134278499635956217E+01    0.406199780490806802E+03   -0.103781862318087370E+01   -0.104273639907196269E+01   -0.763703037701841492E+01    0.179472809281541402E+03
    0.134278499635956217E+01    0.406199780490806802E+03   -0.103781862318087370E+01   -0.104273639907196269E+01   -0.763703037701841492E+01    0.179472809281541402E+03
    0.134275699896150469E+01    0.429296391904262066E+03   -0.116282512188356968E+01   -0.101662310045052173E+01   -0.105258115861968964E+02    0.179478095798845288E+03
    0.134076039318042017E+01    0.412790590444179259E+03   -0.101415746137266005E+01   -0.457086876598322966E+01   -0.100904949033637301E+02    0.179478512320048480E+03
    0.134053603677864697E+01    0.407019478814120021E+03   -0.102178220862685443E+01   -0.451961158799586293E+01   -0.100284769201145387E+02    0.179479166937006880E+03
    0.134053603677864697E+01    0.407019478814120021E+03   -0.102178220862685443E+01   -0.451961158799586293E+01   -0.100284769201145387E+02    0.179479166937006880E+03
    0.134093664891309539E+01    0.410192913600375675E+03   -0.101408796364017029E+01   -0.490796140173847384E+01   -0.936098174653103676E+01    0.179480803198773685E+03
    0.134094023732398027E+01    0.405118107649482738E+03   -0.100714626447511613E+01   -0.616475728011803525E+01   -0.103306349425413604E+02    0.179489553356927729E+03
    0.134128503546744948E+01    0.401238140454571123E+03   -0.102639709930549294E+01   -0.470708591340871596E+01   -0.119257887550351054E+02    0.179490050523183072E+03
    0.134322684120715374E+01    0.414892439601140723E+03   -0.104308960725802535E+01   -0.114658372892029803E+01   -0.685116647569048176E+01    0.179491062639483232E+03
    0.134383772277416846E+01    0.411822869029674337E+03   -0.103734116798456633E+01   -0.110272777753241158E+01   -0.976188440678377845E+01    0.179495271309492239E+03
    0.134383772277416846E+01    0.411822869029674337E+03   -0.103734116798456633E+01   -0.110272777753241158E+01   -0.976188440678377845E+01    0.179495271309492239E+03
    0.134098386787370605E+01    0.401957435084275915E+03   -0.101043209829705383E+01   -0.378698542948805361E+01   -0.869454748765154939E+01    0.179496433070401679E+03
    0.134340825641364736E+01    0.415264516961717447E+03   -0.102112712895961799E+01   -0.114868414452204703E+01   -0.739421634590575660E+01    0.179496718503814066E+03
    0.134069200760493157E+01    0.400721820800292051E+03   -0.104384023886716726E+01   -0.439802329852979845E+01   -0.114145857457605651E+02    0.179496824898554848E+03
    0.134069200760493157E+01    0.400721820800292051E+03   -0.104384023886716726E+01   -0.439802329852979845E+01   -0.114145857457605651E+02    0.179496824898554848E+03
    0.134269735486955200E+01    0.428248763913275923E+03   -0.105701151347569500E+01   -0.103009134129227142E+01   -0.959118376616659951E+01    0.179497087678178275E+03
    0.134330311475600528E+01    0.422203001607099111E+03   -0.121348009787140576E+01   -0.101380375435907055E+01   -0.115332481700774530E+02    0.179497144948390428E+03
    0.134287294142122904E+01    0.409901976526825422E+03   -0.108021296410895395E+01   -0.117990206073823423E+01   -0.103362856051600502E+02    0.179498746598509342E+03
    0.134402685598984539E+01    0.409946059604810614E+03   -0.112738122352810244E+01   -0.101984270233628216E+01   -0.885093049578446234E+01    0.179499431900676200E+03
    0.134402685598984539E+01    0.409946059604810614E+03   -0.112738122352810244E+01   -0.101984270233628216E+01   -0.885093049578446234E+01    0.179499431900676200E+03
    0.134391128019913464E+01    0.412274899710248860E+03   -0.101815481173070310E+01   -0.110722350306290451E+01   -0.116165573762126151E+02    0.179500269118763356E+03
    0.134064786246397505E+01    0.403595474177848985E+03   -0.102785922055902645E+01   -0.542919061468531261E+01   -0.978607192524878933E+01    0.179503743591316834E+03
    0.134057951065710856E+01    0.403527663279630929E+03   -0.101532944760713484E+01   -0.387872444481482859E+01   -0.106502117500720050E+02    0.179505198220567536E+03
    0.134303209876848428E+01    0.451189151284737477E+03   -0.107037712962260656E+01   -0.101641102860258847E+01   -0.766901823840130881E+01    0.179507003479487480E+03
    0.134281848004357518E+01    0.417056223790061154E+03   -0.103258220084103591E+01   -0.103903148908376330E+01   -0.652359251311415722E+01    0.179507138186695386E+03
    0.134281848004357518E+01    0.417056223790061154E+03   -0.103258220084103591E+01   -0.103903148908376330E+01   -0.652359251311415722E+01    0.179507138186695386E+03
    0.134300855155397691E+01    0.402133555366676831E+03   -0.121091686949831256E+01   -0.109896791967553042E+01   -0.102127765191602098E+02    0.179515069748658732E+03
    0.134076275059359551E+01    0.413158962929697054E+03   -0.101018663283322674E+01   -0.475539590860230099E+01   -0.943443759857478170E+01    0.179519303446181823E+03
    0.134076275059359551E+01    0.413158962929697054E+03   -0.101018663283322674E+01   -0.475539590860230099E+01   -0.943443759857478170E+01    0.179519303446181823E+03
    0.134100024948274887E+01    0.405108416628962800E+03   -0.101061524156353144E+01   -0.388179617274479583E+01   -0.110059386666940213E+02    0.179521014798650015E+03
    0.134100024948274887E+01    0.405108416628962800E+03   -0.101061524156353144E+01   -0.388179617274479583E+01   -0.110059386666940213E+02    0.179521014798650015E+03
    0.134307989510669823E+01    0.439434296279193859E+03   -0.114709712787334439E+01   -0.100696957653784480E+01   -0.105133817438183605E+02    0.179523584818658435E+03
    0.134308034242245777E+01    0.448114983824783053E+03   -0.102315667570871760E+01   -0.106468055799046013E+01   -0.821843804810210976E+01    0.179528722231469487E+03
    0.134126822007076663E+01    0.400299394820368263E+03   -0.101822231628359816E+01   -0.545572288340187939E+01   -0.887077865600622673E+01    0.179528915419926591E+03
    0.134126822007076663E+01    0.400299394820368263E+03   -0.101822231628359816E+01   -0.545572288340187939E+01   -0.887077865600622673E+01    0.179528915419926591E+03
    0.134094978058753678E+01    0.413134840875901261E+03   -0.100453422269999315E+01   -0.428185566457123912E+01   -0.104340281757699280E+02    0.179529350039153769E+03
    0.134094978058753678E+01    0.413134840875901261E+03   -0.100453422269999315E+01   -0.428185566457123912E+01   -0.104340281757699280E+02    0.179529350039153769E+03
    0.134098383521277498E+01    0.401364664520213864E+03   -0.100166245819105804E+01   -0.673584762149183280E+01   -0.105653219308042097E+02    0.179537741538825173E+03
    0.134379983576908324E+01    0.427070054707802342E+03   -0.104584347583274884E+01   -0.104684074847808262E+01   -0.101180327551074001E+02    0.179537983962742942E+03
    0.134068576264283812E+01    0.411728792662678131E+03   -0.101462424271863227E+01   -0.509055813249789058E+01   -0.104785871873163927E+02    0.179540589443287161E+03
    0.134304142053949649E+01    0.412418982234387556E+03   -0.123606474455522708E+01   -0.104551440389995243E+01   -0.109253334802845465E+02    0.179543289751050509E+03
    0.134304142053949649E+01    0.412418982234387556E+03   -0.123606474455522708E+01   -0.104551440389995243E+01   -0.109253334802845465E+02    0.179543289751050509E+03
    0.134056412386480428E+01    0.404209627301038211E+03   -0.103347633948571094E+01   -0.458159569962809332E+01   -0.105507602265237850E+02    0.179546979190674449E+03
    0.134056412386480428E+01    0.404209627301038211E+03   -0.103347633948571094E+01   -0.458159569962809332E+01   -0.105507602265237850E+02    0.179546979190674449E+03
    0.134065905816284148E+01    0.406280266572248138E+03   -0.101925625954042687E+01   -0.430614191227892196E+01   -0.956584864308282157E+01    0.179549133226483036E+03
    0.134256254443579337E+01    0.432638067123116571E+03   -0.101236556451332582E+01   -0.110503256128052740E+01   -0.113118959741937104E+02    0.179551268233831763E+03
    0.134256254443579337E+01    0.432638067123116571E+03   -0.101236556451332582E+01   -0.110503256128052740E+01   -0.113118959741937104E+02    0.179551268233831763E+03
    0.134363021141209948E+01    0.426690413867285145E+03   -0.106896291267637267E+01   -0.103829982401536647E+01   -0.698950986699706611E+01    0.179551629779699169E+03
    0.134258712253056811E+01    0.423202682051125294E+03   -0.104746450043869110E+01   -0.112077827474434422E+01   -0.783341585892010350E+01    0.179552131113649921E+03
    0.134280580564304475E+01    0.417658188122160311E+03   -0.104919299811281519E+01   -0.114451769899072353E+01   -0.699254124830658341E+01    0.179552551626965396E+03
    0.134280580564304475E+01    0.417658188122160311E+03   -0.104919299811281519E+01   -0.114451769899072353E+01   -0.699254124830658341E+01    0.179552551626965396E+03
    0.134102504657659383E+01    0.404081822360236856E+03   -0.100482033925618275E+01   -0.642623317604441269E+01   -0.117771807014921688E+02    0.179554268082466422E+03
    0.134102504657659383E+01    0.404081822360236856E+03   -0.100482033925618275E+01   -0.642623317604441269E+01   -0.117771807014921688E+02    0.179554268082466422E+03
    0.134314513736312180E+01    0.418162155519695659E+03   -0.112700173457588093E+01   -0.103932072648920837E+01   -0.610529917779016440E+01    0.179556095427915409E+03
    0.134372188856468266E+01    0.426513785243920381E+03   -0.112273139845541081E+01   -0.100678669356099348E+01   -0.115136372972401571E+02    0.179561294392053867E+03
    0.134336791699947788E+01    0.418809593848799068E+03   -0.102382051885962433E+01   -0.114747977984714922E+01   -0.110218204914326776E+02    0.179561414122741098E+03
    0.134093406021312922E+01    0.404417706715952875E+03   -0.101705215392478365E+01   -0.390313919277245525E+01   -0.118900959593594493E+02    0.179567889186639491E+03
    0.134131251612142943E+01    0.401838124396709532E+03   -0.102143030117757760E+01   -0.476393090215700177E+01   -0.106716909678520828E+02    0.179572186898441032E+03
    0.134334428267179207E+01    0.415016984663465564E+03   -0.124675746631440987E+01   -0.100640950784481653E+01   -0.854549780236320800E+01    0.179574466324436457E+03
    0.134334428267179207E+01    0.415016984663465564E+03   -0.124675746631440987E+01   -0.100640950784481653E+01   -0.854549780236320800E+01    0.179574466324436457E+03
    0.134255113491927558E+01    0.412520863951336707E+03   -0.103593324008097376E+01   -0.111127701860234041E+01   -0.961215323373388131E+01    0.179575258818275643E+03
    0.134255113491927558E+01    0.412520863951336707E+03   -0.103593324008097376E+01   -0.111127701860234041E+01   -0.961215323373388131E+01    0.179575258818275643E+03
    0.134093165083602872E+01    0.403615369983851281E+03   -0.103045956243953718E+01   -0.519168200177601058E+01   -0.975179822879118063E+01    0.179575385942580510E+03
    0.134093165083602872E+01    0.403615369983851281E+03   -0.103045956243953718E+01   -0.519168200177601058E+01   -0.975179822879118063E+01    0.179575385942580510E+03
    0.134280157338387118E+01    0.437585297619593121E+03   -0.101299564198671987E+01   -0.112435415481889223E+01   -0.938545216544449445E+01    0.179578712991451710E+03
    0.134309921082402717E+01    0.409458507775259193E+03   -0.106687157161971591E+01   -0.111869248232434870E+01   -0.606637801507149899E+01    0.179579940146847377E+03
    0.134257066101422384E+01    0.408309605063139031E+03   -0.103732331413033485E+01   -0.111321158623793259E+01   -0.111714941826486225E+02    0.179583611230928511E+03
    0.134257066101422384E+01    0.408309605063139031E+03   -0.103732331413033485E+01   -0.111321158623793259E+01   -0.111714941826486225E+02    0.179583611230928511E+03
    0.134061751512771954E+01    0.414976282619061408E+03   -0.100692856924753471E+01   -0.476513599980853275E+01   -0.103679675793880843E+02    0.179584846840154853E+03
    0.134339398975519519E+01    0.419242208022708724E+03   -0.106884920062369559E+01   -0.110164817210361754E+01   -0.985736373894285123E+01    0.179585476535355212E+03
    0.134339398975519519E+01    0.419242208022708724E+03   -0.106884920062369559E+01   -0.110164817210361754E+01   -0.985736373894285123E+01    0.179585476535355212E+03
    0.134304150605030714E+01    0.402444701894833543E+03   -0.120986259437779253E+01   -0.109299947950438181E+01   -0.991078517977339857E+01    0.179585947499984286E+03
    0.134066763035895065E+01    0.400545403661103535E+03   -0.101846473580392072E+01   -0.385472599295227170E+01   -0.973460616924065469E+01    0.179586050475426362E+03
    0.134360415355369933E+01    0.411904227539955400E+03   -0.101179190663796170E+01   -0.115606848125554684E+01   -0.102230851546744681E+02    0.179587009572729357E+03
    0.134237648710094692E+01    0.401326470534468342E+03   -0.103777054220004494E+01   -0.122036208297916282E+01   -0.112104339514480831E+02    0.179588094056284319E+03
    0.134369426196726627E+01    0.426216076294104312E+03   -0.109398206401841236E+01   -0.101252086344318570E+01   -0.680760600708110974E+01    0.179591336643607065E+03
    0.134263134336186729E+01    0.404615342685031464E+03   -0.109322802393504404E+01   -0.107043815325761926E+01   -0.101274663676467043E+02    0.179592222203960603E+03
    0.134299732384126114E+01    0.458612269403151458E+03   -0.103891550352680540E+01   -0.100460126384233916E+01   -0.764889458862685157E+01    0.179593013443291568E+03
    0.134299732384126114E+01    0.458612269403151458E+03   -0.103891550352680540E+01   -0.100460126384233916E+01   -0.764889458862685157E+01    0.179593013443291568E+03
    0.134280416794900082E+01    0.437194399927651148E+03   -0.102696792356138289E+01   -0.108971494102596189E+01   -0.755225582932120787E+01    0.179593526797182221E+03
    0.134432707799433437E+01    0.413201654540859010E+03   -0.105615410475231819E+01   -0.101201175234680996E+01   -0.103436123385478229E+02    0.179593566587438204E+03
    0.134415434206124962E+01    0.410775285856028574E+03   -0.110236521395205678E+01   -0.100452230435814194E+01   -0.700632281445018901E+01    0.179595557620443572E+03
    0.134269149470691396E+01    0.417774958281516604E+03   -0.102487519607092814E+01   -0.106818309857307980E+01   -0.798149084790666663E+01    0.179601396490971979E+03
    0.134054435203391797E+01    0.401717874943159359E+03   -0.102971819349139260E+01   -0.518680574762933766E+01   -0.114867855081925612E+02    0.179612417042157347E+03
    0.134270116607928247E+01    0.404896342526934006E+03   -0.114826444880485390E+01   -0.104766560891425620E+01   -0.748246651886015446E+01    0.179613516576708662E+03
    0.134270116607928247E+01    0.404896342526934006E+03   -0.114826444880485390E+01   -0.104766560891425620E+01   -0.748246651886015446E+01    0.179613516576708662E+03
    0.134328797067190986E+01    0.400511886200873789E+03   -0.105408824595622264E+01   -0.119971115274196904E+01   -0.963034077046361681E+01    0.179614637714902869E+03
    0.134133901251564813E+01    0.405922333464524115E+03   -0.100296029797495123E+01   -0.543055184971670091E+01   -0.105814182642970636E+02    0.179616746048165567E+03
    0.134133901251564813E+01    0.405922333464524115E+03   -0.100296029797495123E+01   -0.543055184971670091E+01   -0.105814182642970636E+02    0.179616746048165567E+03
    0.134085240477782230E+01    0.405101767696458580E+03   -0.100431070352489371E+01   -0.606057791006045932E+01   -0.105325726982328280E+02    0.179617058551015759E+03
    0.134085240477782230E+01    0.405101767696458580E+03   -0.100431070352489371E+01   -0.606057791006045932E+01   -0.105325726982328280E+02    0.179617058551015759E+03
    0.134063655496287826E+01    0.409768470306045856E+03   -0.101467461921452973E+01   -0.514469830101075409E+01   -0.114616298361062636E+02    0.179618514242003300E+03
    0.134063655496287826E+01    0.409768470306045856E+03   -0.101467461921452973E+01   -0.514469830101075409E+01   -0.114616298361062636E+02    0.179618514242003300E+03
    0.134335618133049106E+01    0.409537271520374304E+03   -0.128082654395448792E+01   -0.100860098067613713E+01   -0.101719869665704046E+02    0.179618947400666571E+03
    0.134330524444258614E+01    0.400155249133971040E+03   -0.106665923356002956E+01   -0.117272392480648513E+01   -0.726467657851954307E+01    0.179619718217568220E+03
    0.134312741411475223E+01    0.407373395038731360E+03   -0.101572737398479518E+01   -0.108067942779319104E+01   -0.512924917907761646E+01    0.179619788003376186E+03
    0.134268614778011797E+01    0.402453038036548207E+03   -0.103951957511541515E+01   -0.127030824173049339E+01   -0.111699209981882888E+02    0.179622268684216692E+03
    0.134268614778011797E+01    0.402453038036548207E+03   -0.103951957511541515E+01   -0.127030824173049339E+01   -0.111699209981882888E+02    0.179622268684216692E+03
    0.134366957265552966E+01    0.425987079507951762E+03   -0.104384070111158422E+01   -0.105924640439632611E+01   -0.780701351481594941E+01    0.179623015097028258E+03
    0.134264761374396269E+01    0.426013249131960549E+03   -0.101063289982913673E+01   -0.110608403367952945E+01   -0.763678392154967778E+01    0.179625137763893690E+03
    0.134055915986382224E+01    0.406591100268285970E+03   -0.100869566792155574E+01   -0.534097251868989975E+01   -0.117135123810059181E+02    0.179626096493251623E+03
    0.134089535139425298E+01    0.400930615398237137E+03   -0.103026166380927009E+01   -0.568869817285754031E+01   -0.114407336544994358E+02    0.179626251653920804E+03
    0.134089535139425298E+01    0.400930615398237137E+03   -0.103026166380927009E+01   -0.568869817285754031E+01   -0.114407336544994358E+02    0.179626251653920804E+03
    0.134394871245315795E+01    0.413507922673022961E+03   -0.109872220008607435E+01   -0.101187462122518390E+01   -0.620351885251341884E+01    0.179626738272947648E+03
    0.134087407843290141E+01    0.406726279834789636E+03   -0.101095284517780293E+01   -0.404303345448727303E+01   -0.992939376030273024E+01    0.179627012299941782E+03
    0.134328741898174342E+01    0.424797248585001910E+03   -0.112169869030758385E+01   -0.105409900491631880E+01   -0.846741090277357067E+01    0.179628298703838254E+03
    0.134296687552384464E+01    0.424886374548210256E+03   -0.103052124935424061E+01   -0.106108674380295298E+01   -0.581176176553324808E+01    0.179628534054637100E+03
    0.134279356605216948E+01    0.434864759842275078E+03   -0.102093523875928405E+01   -0.100392707699780992E+01   -0.100769915470241180E+02    0.179629502037069415E+03
    0.134131241575151239E+01    0.402530830137935141E+03   -0.100373552252134068E+01   -0.610318165428895121E+01   -0.102518654245080008E+02    0.179631670055191250E+03
    0.134294534658353149E+01    0.421044518297865352E+03   -0.103158386805685431E+01   -0.100022892859935553E+01   -0.638567588780433226E+01    0.179633117596459670E+03
    0.134047597926354989E+01    0.403920831827594100E+03   -0.101887733709414618E+01   -0.434525585365416234E+01   -0.117388125300980004E+02    0.179643844251022301E+03
    0.134314071626395881E+01    0.406412769608544409E+03   -0.101448979919524085E+01   -0.123280663563201820E+01   -0.112195367635083958E+02    0.179644866662409015E+03
    0.134314071626395881E+01    0.406412769608544409E+03   -0.101448979919524085E+01   -0.123280663563201820E+01   -0.112195367635083958E+02    0.179644866662409015E+03
    0.134289517753772514E+01    0.442138456427836388E+03   -0.102307824359540689E+01   -0.108095340785887828E+01   -0.763216561873831534E+01    0.179644897390260098E+03
    0.134123193915885164E+01    0.400303772407018982E+03   -0.101378285622925901E+01   -0.402834586594752331E+01   -0.915892134125959601E+01    0.179645240210333611E+03
    0.134356757069485111E+01    0.401134054051451415E+03   -0.121117360041350253E+01   -0.104827833711444462E+01   -0.873736394145259077E+01    0.179649008281687770E+03
    0.134320169629386088E+01    0.428724214601525148E+03   -0.111648606712180332E+01   -0.104809146157593247E+01   -0.111738840213628983E+02    0.179649165387269250E+03
    0.134302831957896562E+01    0.438893345506310197E+03   -0.101384972241131877E+01   -0.100906110123796644E+01   -0.596078957391547970E+01    0.179649951995444667E+03
    0.134302831957896562E+01    0.438893345506310197E+03   -0.101384972241131877E+01   -0.100906110123796644E+01   -0.596078957391547970E+01    0.179649951995444667E+03
    0.134103934170130024E+01    0.411430666101344798E+03   -0.100612069836130047E+01   -0.450484952482190071E+01   -0.117787708585394046E+02    0.179651101582175841E+03
    0.134279944982866062E+01    0.412639212236577123E+03   -0.104278629534404210E+01   -0.108012536315448848E+01   -0.621505445346352303E+01    0.179653467054777366E+03
    0.134319024526556419E+01    0.431893250422879589E+03   -0.108078722589430498E+01   -0.104810713823290236E+01   -0.698349726092388146E+01    0.179656212145087068E+03
    0.134255271366964468E+01    0.407112606374540974E+03   -0.107047688013275888E+01   -0.116105139435230065E+01   -0.854510364634099417E+01    0.179656555788243622E+03
    0.134047599397203343E+01    0.402727874048608328E+03   -0.101821904441144717E+01   -0.497458883687716469E+01   -0.105988219050899311E+02    0.179660672594472658E+03
    0.134065732305680729E+01    0.402151342200117483E+03   -0.101200385419841155E+01   -0.483021871271454106E+01   -0.825768148010161696E+01    0.179663724143564536E+03
    0.134255155347253941E+01    0.413244366146875848E+03   -0.105918233090467595E+01   -0.116888992892686261E+01   -0.105692277016398677E+02    0.179670883512028581E+03
    0.134080004867606517E+01    0.403010465523302116E+03   -0.103300159316116869E+01   -0.525897342709473303E+01   -0.117136643999430774E+02    0.179671463033896657E+03
    0.134317768225747480E+01    0.421090876182850025E+03   -0.123806582481973493E+01   -0.100219298181187000E+01   -0.975083026022507582E+01    0.179672873459402183E+03
    0.134317768225747480E+01    0.421090876182850025E+03   -0.123806582481973493E+01   -0.100219298181187000E+01   -0.975083026022507582E+01    0.179672873459402183E+03
    0.134250454036893552E+01    0.410871640466425902E+03   -0.100503461618534828E+01   -0.126356338771245547E+01   -0.109190176384853217E+02    0.179674635637694337E+03
    0.134095519675631647E+01    0.402700153609194331E+03   -0.101995299776541870E+01   -0.583401979233464196E+01   -0.110649661023549122E+02    0.179677650213431434E+03
    0.134410298368662873E+01    0.411642547279604116E+03   -0.104149299038278365E+01   -0.104792903028672235E+01   -0.724329314204137553E+01    0.179678181118400232E+03
    0.134336440539081647E+01    0.420793808012274894E+03   -0.110536979279385505E+01   -0.105412077716089669E+01   -0.699660872612304807E+01    0.179678924532919325E+03
    0.134061141235550174E+01    0.405840347625323091E+03   -0.102245467494904574E+01   -0.459880444463426930E+01   -0.117665450413933002E+02    0.179680443136278257E+03
    0.134061141235550174E+01    0.405840347625323091E+03   -0.102245467494904574E+01   -0.459880444463426930E+01   -0.117665450413933002E+02    0.179680443136278257E+03
    0.134082340551624601E+01    0.403488891441647070E+03   -0.100316855489191781E+01   -0.614197491234251292E+01   -0.100360142364805114E+02    0.179683947177856794E+03
    0.134262362035863392E+01    0.408459459791946017E+03   -0.111011352265844465E+01   -0.109503663864429868E+01   -0.117933535526307729E+02    0.179687919884289727E+03
    0.134070727175750215E+01    0.404670245398985458E+03   -0.101455932703946949E+01   -0.464657313581611131E+01   -0.845909075092779084E+01    0.179689011884295326E+03
    0.134070727175750215E+01    0.404670245398985458E+03   -0.101455932703946949E+01   -0.464657313581611131E+01   -0.845909075092779084E+01    0.179689011884295326E+03
    0.134274978762484887E+01    0.400017867472776970E+03   -0.122630517496147817E+01   -0.102938913013029243E+01   -0.102134177529010497E+02    0.179689945981929668E+03
    0.134059445738454475E+01    0.403959342556621095E+03   -0.100327087345761967E+01   -0.494609345514649146E+01   -0.845314928465161763E+01    0.179691869788508654E+03
    0.134277402145228653E+01    0.404157502573757938E+03   -0.103210265141249025E+01   -0.109429175732195993E+01   -0.624890852257297968E+01    0.179693036431307007E+03
    0.134388551177828885E+01    0.403033573934601918E+03   -0.103000990194203013E+01   -0.112628384686683880E+01   -0.875241584764765079E+01    0.179693184982527725E+03
    0.134388551177828885E+01    0.403033573934601918E+03   -0.103000990194203013E+01   -0.112628384686683880E+01   -0.875241584764765079E+01    0.179693184982527725E+03
    0.134341423993812525E+01    0.431100462718152130E+03   -0.101881887321774300E+01   -0.108496516437330826E+01   -0.725294733658969193E+01    0.179694050985796650E+03
    0.134279824517511392E+01    0.406898599888220872E+03   -0.105889902540438641E+01   -0.120405398231052807E+01   -0.117935072135235615E+02    0.179694291428920337E+03
    0.134279824517511392E+01    0.406898599888220872E+03   -0.105889902540438641E+01   -0.120405398231052807E+01   -0.117935072135235615E+02    0.179694291428920337E+03
    0.134309133060124331E+01    0.442933901952043129E+03   -0.111459448945002926E+01   -0.100855364138779535E+01   -0.107166685849320515E+02    0.179694575430153407E+03
    0.134293367921203677E+01    0.409593019706693838E+03   -0.103205786868332439E+01   -0.101924129362162041E+01   -0.663343531586320889E+01    0.179701886338592431E+03
    0.134078566981048097E+01    0.404013525796476074E+03   -0.102363919916679791E+01   -0.547819182995595799E+01   -0.103174880757848797E+02    0.179703016762748746E+03
    0.134078566981048097E+01    0.404013525796476074E+03   -0.102363919916679791E+01   -0.547819182995595799E+01   -0.103174880757848797E+02    0.179703016762748746E+03
    0.134130655889295403E+01    0.405002639616706347E+03   -0.100071220826938756E+01   -0.543065139170120581E+01   -0.923370928563553584E+01    0.179707818243422139E+03
    0.134278708203895469E+01    0.418474371169675010E+03   -0.103001782104220396E+01   -0.117601604605322763E+01   -0.822025286691494550E+01    0.179711505213321345E+03
    0.134278708203895469E+01    0.418474371169675010E+03   -0.103001782104220396E+01   -0.117601604605322763E+01   -0.822025286691494550E+01    0.179711505213321345E+03
    0.134133677218741409E+01    0.401708627453628026E+03   -0.101102365052876486E+01   -0.545695074176268147E+01   -0.959028910906038945E+01    0.179721409436212753E+03
    0.134334122713313353E+01    0.416498904619877123E+03   -0.107225944635779236E+01   -0.109312950023985955E+01   -0.718865334142959167E+01    0.179722210712016476E+03
    0.134324717948628702E+01    0.440230890645675458E+03   -0.111878106633166574E+01   -0.100425451178262648E+01   -0.119070470356740401E+02    0.179722613099594241E+03
    0.134275665769135610E+01    0.409395320750986798E+03   -0.101963401134430320E+01   -0.124350530660529301E+01   -0.965079668215302533E+01    0.179727264011480997E+03
    0.134282097038336090E+01    0.415865395413545627E+03   -0.114823254215443882E+01   -0.106782658209533921E+01   -0.998423884611037593E+01    0.179728161859204931E+03
    0.134244495478707360E+01    0.402116136333274824E+03   -0.102110751543610512E+01   -0.121167011965784610E+01   -0.840880819065409213E+01    0.179731277897450525E+03
    0.134315954483229660E+01    0.425283062147102271E+03   -0.111073901439459100E+01   -0.105843158286628913E+01   -0.932224957506668872E+01    0.179734128671958615E+03
    0.134266104799765462E+01    0.403168403161257515E+03   -0.100347632539760134E+01   -0.117351406298737615E+01   -0.635946575391517310E+01    0.179734666011378977E+03
    0.134266104799765462E+01    0.403168403161257515E+03   -0.100347632539760134E+01   -0.117351406298737615E+01   -0.635946575391517310E+01    0.179734666011378977E+03
    0.134369595231574968E+01    0.408068042246116136E+03   -0.120186557728550270E+01   -0.100475399931830722E+01   -0.701354693897801518E+01    0.179740382925390293E+03
    0.134309294706072713E+01    0.451669908044238980E+03   -0.106460219320073435E+01   -0.101067106979353483E+01   -0.957058591233850819E+01    0.179740593707008543E+03
    0.134315373051769593E+01    0.403886856127945634E+03   -0.104202206480728599E+01   -0.121094016906834234E+01   -0.117545210892781853E+02    0.179744937195535726E+03
    0.134097940612011590E+01    0.413323368273630365E+03   -0.100189311872894393E+01   -0.489289190587505196E+01   -0.101953843766873611E+02    0.179746134128590768E+03
    0.134097940612011590E+01    0.413323368273630365E+03   -0.100189311872894393E+01   -0.489289190587505196E+01   -0.101953843766873611E+02    0.179746134128590768E+03
    0.134334378040973634E+01    0.446089853139163381E+03   -0.106761959887954205E+01   -0.100967609895955057E+01   -0.113006047601442745E+02    0.179749495779315225E+03
    0.134271463117719603E+01    0.433747903051737978E+03   -0.101441523248240806E+01   -0.105122162617910853E+01   -0.114528382301662557E+02    0.179754396899678682E+03
    0.134271463117719603E+01    0.433747903051737978E+03   -0.101441523248240806E+01   -0.105122162617910853E+01   -0.114528382301662557E+02    0.179754396899678682E+03
    0.134256518692473170E+01    0.418793529664795187E+03   -0.101075805619783488E+01   -0.115131376422795562E+01   -0.103020289892691501E+02    0.179760755411726677E+03
    0.134256518692473170E+01    0.418793529664795187E+03   -0.101075805619783488E+01   -0.115131376422795562E+01   -0.103020289892691501E+02    0.179760755411726677E+03
    0.134066239754012351E+01    0.404903226012676782E+03   -0.101339369647770816E+01   -0.549285396974139761E+01   -0.103907994220555686E+02    0.179761997068507412E+03
    0.134066239754012351E+01    0.404903226012676782E+03   -0.101339369647770816E+01   -0.549285396974139761E+01   -0.103907994220555686E+02    0.179761997068507412E+03
    0.134299094704247457E+01    0.406349666246377012E+03   -0.101975656800708947E+01   -0.123592557693246796E+01   -0.115898699434569785E+02    0.179762876117813676E+03
    0.134053997035420225E+01    0.401811391920681842E+03   -0.102416212196624201E+01   -0.498872481993296546E+01   -0.114061531496458972E+02    0.179764751296273914E+03
    0.134322241528218767E+01    0.436457431032186605E+03   -0.108507529466280417E+01   -0.102338698659862182E+01   -0.734823684342411987E+01    0.179765397102701343E+03
    0.134293690743232164E+01    0.445621053159838823E+03   -0.106208201781043599E+01   -0.101745696707145505E+01   -0.879103132700269718E+01    0.179767400950039132E+03
    0.134295216099874604E+01    0.426439912249867575E+03   -0.114724618874546103E+01   -0.102550001221625386E+01   -0.860114366559409760E+01    0.179773725481776751E+03
    0.134295216099874604E+01    0.426439912249867575E+03   -0.114724618874546103E+01   -0.102550001221625386E+01   -0.860114366559409760E+01    0.179773725481776751E+03
    0.134130816102311168E+01    0.403654245111556179E+03   -0.100911489425355505E+01   -0.454824045292469137E+01   -0.943763058741250127E+01    0.179773763143643009E+03
    0.134289242962883337E+01    0.414686614932233340E+03   -0.119001179743577623E+01   -0.105329745905551952E+01   -0.115727374189846106E+02    0.179775357024713287E+03
    0.134280896761548929E+01    0.420832012761672559E+03   -0.106548970994784398E+01   -0.112512806001285703E+01   -0.868372047275642700E+01    0.179777951820878059E+03
    0.134345275606441850E+01    0.406221623628959378E+03   -0.109686076418186396E+01   -0.107939910802971895E+01   -0.633066216891233591E+01    0.179780545609650062E+03
    0.134345275606441850E+01    0.406221623628959378E+03   -0.109686076418186396E+01   -0.107939910802971895E+01   -0.633066216891233591E+01    0.179780545609650062E+03
    0.134302864171038361E+01    0.428632742751160947E+03   -0.111039453839780045E+01   -0.103611511592189132E+01   -0.736536525943223985E+01    0.179787527650870231E+03
    0.134087696575740822E+01    0.405652097675524999E+03   -0.100216906092985880E+01   -0.587125454752991427E+01   -0.103371703609318395E+02    0.179790796248137838E+03
    0.134087696575740822E+01    0.405652097675524999E+03   -0.100216906092985880E+01   -0.587125454752991427E+01   -0.103371703609318395E+02    0.179790796248137838E+03
    0.134283650007180655E+01    0.409597818637236287E+03   -0.107921700486429550E+01   -0.102112820567991669E+01   -0.116535624840728254E+02    0.179793665649200022E+03
    0.134283650007180655E+01    0.409597818637236287E+03   -0.107921700486429550E+01   -0.102112820567991669E+01   -0.116535624840728254E+02    0.179793665649200022E+03
    0.134298869303860058E+01    0.402367935285734347E+03   -0.101131595435396626E+01   -0.123483673450697040E+01   -0.673399522720983512E+01    0.179795750770101279E+03
    0.134250078902518144E+01    0.404080653765350121E+03   -0.102592178779746490E+01   -0.126054349797739640E+01   -0.119270863721299261E+02    0.179795814088247084E+03
    0.134358822656910815E+01    0.409527211390877824E+03   -0.118636742610046930E+01   -0.102526690841870938E+01   -0.811943496755144167E+01    0.179798141213991755E+03
    0.134061613253568757E+01    0.407196546513962971E+03   -0.101238261701377041E+01   -0.481710603105409341E+01   -0.101284621260542131E+02    0.179801872006372207E+03
    0.134296679758487292E+01    0.405474882992938035E+03   -0.105011172572560341E+01   -0.120071126667747308E+01   -0.948701228726467960E+01    0.179803769994880781E+03
    0.134303514510494182E+01    0.418109607833280108E+03   -0.122801496641477925E+01   -0.100593559629011864E+01   -0.912587894133922006E+01    0.179805108440929473E+03
    0.134092662753041836E+01    0.400927311807673959E+03   -0.101333722117027136E+01   -0.453028743723944771E+01   -0.809014639377432587E+01    0.179805751561346540E+03
    0.134275144145160019E+01    0.415704072845002827E+03   -0.102583342779609765E+01   -0.118814668526410649E+01   -0.935440746798104961E+01    0.179806354487977046E+03
    0.134264862982715516E+01    0.406751027765389949E+03   -0.102691570191380954E+01   -0.122257822977143604E+01   -0.804353333385475011E+01    0.179807093954843481E+03
    0.134330323121559680E+01    0.406878815440580240E+03   -0.107002617940790046E+01   -0.114098509838719231E+01   -0.829347029921060752E+01    0.179811800443346215E+03
    0.134366514335325915E+01    0.419509314663590601E+03   -0.114702486706013573E+01   -0.101115937481285911E+01   -0.932070481357294867E+01    0.179812620001037487E+03
    0.134292234487699513E+01    0.416661572116045363E+03   -0.102485183735626428E+01   -0.102627333089781025E+01   -0.674658078955031115E+01    0.179813092187972472E+03
    0.134292234487699513E+01    0.416661572116045363E+03   -0.102485183735626428E+01   -0.102627333089781025E+01   -0.674658078955031115E+01    0.179813092187972472E+03
    0.134263376403517642E+01    0.406009483561825675E+03   -0.100510012065740106E+01   -0.112953814472945169E+01   -0.108294591805727229E+02    0.179813646550293697E+03
    0.134262391316181962E+01    0.414604692615006741E+03   -0.106674972413780189E+01   -0.110695500692645155E+01   -0.111029847667146218E+02    0.179820518204334292E+03
    0.134337789186706513E+01    0.424260275749758307E+03   -0.114803767421494740E+01   -0.102460933760678330E+01   -0.966433978678562511E+01    0.179821109122550126E+03
    0.134294226080581547E+01    0.461047727534367482E+03   -0.101016375754366194E+01   -0.100181107818972137E+01   -0.872184461469974259E+01    0.179822855327880461E+03
    0.134294226080581547E+01    0.461047727534367482E+03   -0.101016375754366194E+01   -0.100181107818972137E+01   -0.872184461469974259E+01    0.179822855327880461E+03
    0.134362012358975047E+01    0.407619328862987174E+03   -0.104596798122390311E+01   -0.112034039636445470E+01   -0.789459596097750183E+01    0.179824457984362198E+03
    0.134407175123515477E+01    0.414694656115597866E+03   -0.100835097010553554E+01   -0.107278101135102588E+01   -0.119817794048832393E+02    0.179827881328243848E+03
    0.134407175123515477E+01    0.414694656115597866E+03   -0.100835097010553554E+01   -0.107278101135102588E+01   -0.119817794048832393E+02    0.179827881328243848E+03
    0.134285408441616916E+01    0.406945332475913801E+03   -0.108002939982501012E+01   -0.109469436243344198E+01   -0.649845655217196683E+01    0.179827962610127486E+03
    0.134285408441616916E+01    0.406945332475913801E+03   -0.108002939982501012E+01   -0.109469436243344198E+01   -0.649845655217196683E+01    0.179827962610127486E+03
    0.134077412288462261E+01    0.404615487015484007E+03   -0.100181419077994782E+01   -0.525710971425185214E+01   -0.838630835850999290E+01    0.179829936036072240E+03
    0.134110248494413131E+01    0.402731431663130479E+03   -0.102089699428256964E+01   -0.437410252051016890E+01   -0.112043462326353520E+02    0.179830300895893515E+03
    0.134052576241421284E+01    0.407657374006423822E+03   -0.100300532354016880E+01   -0.456564341634258053E+01   -0.108898253741284918E+02    0.179831503784081065E+03
    0.134095578277007155E+01    0.407135376483501943E+03   -0.100542784755373127E+01   -0.524263755005506304E+01   -0.906929523938060100E+01    0.179832096587421290E+03
    0.134095578277007155E+01    0.407135376483501943E+03   -0.100542784755373127E+01   -0.524263755005506304E+01   -0.906929523938060100E+01    0.179832096587421290E+03
    0.134075476717263298E+01    0.407609017776384121E+03   -0.100909284500141716E+01   -0.458293018262137863E+01   -0.917847797533992882E+01    0.179832247602927737E+03
    0.134306385243267568E+01    0.407355254481945337E+03   -0.124235579999753476E+01   -0.103490974623840692E+01   -0.108485280180678654E+02    0.179836663593552430E+03
    0.134306385243267568E+01    0.407355254481945337E+03   -0.124235579999753476E+01   -0.103490974623840692E+01   -0.108485280180678654E+02    0.179836663593552430E+03
    0.134351257026431403E+01    0.428963513003780179E+03   -0.106680563500426118E+01   -0.104575039232651079E+01   -0.858249947203850816E+01    0.179837069447854560E+03
    0.134258201114338127E+01    0.412645921525551671E+03   -0.101923536156951933E+01   -0.116574505575896303E+01   -0.796016003265122762E+01    0.179839120176114989E+03
    0.134340952839828320E+01    0.407043572381439787E+03   -0.103657647547960607E+01   -0.114456173757693591E+01   -0.700516599088418168E+01    0.179841457341642979E+03
    0.134285413146465271E+01    0.409200542997797584E+03   -0.100913767357104867E+01   -0.105570510696172626E+01   -0.723663315153369169E+01    0.179842998668568896E+03
    0.134282950857586170E+01    0.441745442385357251E+03   -0.101471220933682105E+01   -0.105370852474375098E+01   -0.778476406712969116E+01    0.179844732594938137E+03
    0.134308053890189072E+01    0.435060775992881304E+03   -0.105071888552648041E+01   -0.106815926212027179E+01   -0.111092218623200427E+02    0.179847904280221712E+03
    0.134347309286553385E+01    0.402010496522195297E+03   -0.110639003213838727E+01   -0.111429330276249061E+01   -0.878328040767822316E+01    0.179850182280387457E+03
    0.134103632990615718E+01    0.400162081410501685E+03   -0.100814362173591299E+01   -0.623074910727643161E+01   -0.110762238698343847E+02    0.179851119691263364E+03
    0.134088094459501717E+01    0.412626268227909520E+03   -0.100261120220125477E+01   -0.507192183660017015E+01   -0.108825152171366906E+02    0.179851618475658142E+03
    0.134066235205839268E+01    0.405199096995474974E+03   -0.101017544185783059E+01   -0.529225045115106241E+01   -0.112176201436259806E+02    0.179853305584705311E+03
    0.134085590353550499E+01    0.401252141846597226E+03   -0.101866745053983720E+01   -0.440987446990662590E+01   -0.861076596228757474E+01    0.179861196801960716E+03
    0.134359846117370063E+01    0.411230836354991766E+03   -0.100589001408158296E+01   -0.115197351042872143E+01   -0.875426065467732606E+01    0.179861768672055064E+03
    0.134097159743127214E+01    0.402774286522784450E+03   -0.102784771813807296E+01   -0.494186303836279262E+01   -0.115888366204286921E+02    0.179862068377238870E+03
    0.134099353157084877E+01    0.400425133884341847E+03   -0.100930658876732338E+01   -0.584147416398391606E+01   -0.901195507410848862E+01    0.179863015775984081E+03
    0.134273348627113154E+01    0.405897133200434268E+03   -0.112113826633589397E+01   -0.111439913615314090E+01   -0.109690848979304931E+02    0.179863147635822713E+03
    0.134080825214230437E+01    0.411711235211839323E+03   -0.100604607256988032E+01   -0.479185444346207490E+01   -0.106124178528771917E+02    0.179868795344480020E+03
    0.134080825214230437E+01    0.411711235211839323E+03   -0.100604607256988032E+01   -0.479185444346207490E+01   -0.106124178528771917E+02    0.179868795344480020E+03
    0.134285452553645790E+01    0.402689926219269125E+03   -0.124436815766629394E+01   -0.104377763353680564E+01   -0.997626235334663392E+01    0.179869023557516869E+03
    0.134306123628489327E+01    0.418914973790354850E+03   -0.100499334259420614E+01   -0.116634432337798621E+01   -0.730985081864838548E+01    0.179869209887536613E+03
    0.134306123628489327E+01    0.418914973790354850E+03   -0.100499334259420614E+01   -0.116634432337798621E+01   -0.730985081864838548E+01    0.179869209887536613E+03
    0.134111007616234001E+01    0.402847140309967585E+03   -0.101205626817722205E+01   -0.540060089987808478E+01   -0.909263716317863668E+01    0.179871480888300653E+03
    0.134299179251413636E+01    0.426421094370553362E+03   -0.107831371891496097E+01   -0.106981328798800490E+01   -0.790656897060806685E+01    0.179872545571766750E+03
    0.134299179251413636E+01    0.426421094370553362E+03   -0.107831371891496097E+01   -0.106981328798800490E+01   -0.790656897060806685E+01    0.179872545571766750E+03
    0.134076967480106979E+01    0.406231599587839185E+03   -0.101655695263180590E+01   -0.447674505075514517E+01   -0.113956123129492877E+02    0.179873274858115678E+03
    0.134121851490833488E+01    0.404424444817229300E+03   -0.100953369759988476E+01   -0.522444656932439955E+01   -0.966553719094380881E+01    0.179873866752703407E+03
    0.134121851490833488E+01    0.404424444817229300E+03   -0.100953369759988476E+01   -0.522444656932439955E+01   -0.966553719094380881E+01    0.179873866752703407E+03
    0.134273883456051824E+01    0.413088539284941248E+03   -0.101073855191920714E+01   -0.119684252893981480E+01   -0.727608359771888846E+01    0.179877632741867160E+03
    0.134081564103238549E+01    0.405485747458290007E+03   -0.100919782014241122E+01   -0.505755073664297949E+01   -0.900765553397292074E+01    0.179880080116246120E+03
    0.134128233819951537E+01    0.400434401133017445E+03   -0.100039027881409659E+01   -0.624347505358566757E+01   -0.103016726397185057E+02    0.179881293584212301E+03
    0.134057577616189949E+01    0.403655989058013404E+03   -0.100036416764963043E+01   -0.492873655958311208E+01   -0.898700327706375468E+01    0.179882691806274806E+03
    0.134057612877710497E+01    0.403697782559129053E+03   -0.100135664480573539E+01   -0.427634835955331560E+01   -0.902707548364834444E+01    0.179883701618452903E+03
    0.134273034838177496E+01    0.401348897010014014E+03   -0.113387186411117113E+01   -0.113518281911314922E+01   -0.973877302161629999E+01    0.179884931848602093E+03
    0.134276629282845983E+01    0.413084448346683075E+03   -0.112985903016145528E+01   -0.108204109700172246E+01   -0.108146378605639040E+02    0.179887653880027528E+03
    0.134305849693443946E+01    0.432506796870067888E+03   -0.106170076179802919E+01   -0.107304806530602548E+01   -0.963357216766038604E+01    0.179888199067570440E+03
    0.134314887951687156E+01    0.429622875176208538E+03   -0.112595690373304436E+01   -0.102791525059478950E+01   -0.116426655091128950E+02    0.179889140409474123E+03
    0.134314887951687156E+01    0.429622875176208538E+03   -0.112595690373304436E+01   -0.102791525059478950E+01   -0.116426655091128950E+02    0.179889140409474123E+03
    0.134262217649140769E+01    0.402725519366085905E+03   -0.107179022670160862E+01   -0.111812753662244369E+01   -0.119833041795468436E+02    0.179891782732230752E+03
    0.134262217649140769E+01    0.402725519366085905E+03   -0.107179022670160862E+01   -0.111812753662244369E+01   -0.119833041795468436E+02    0.179891782732230752E+03
    0.134282121971141666E+01    0.410602168094278909E+03   -0.116744905299136548E+01   -0.102671918178701560E+01   -0.115268419750604068E+02    0.179895318069415794E+03
    0.134303755642596845E+01    0.442708071828854713E+03   -0.105254057432769876E+01   -0.104211038487573404E+01   -0.103796460034778555E+02    0.179903564217495045E+03
    0.134347778335267298E+01    0.404205544923383741E+03   -0.117793145523457632E+01   -0.105857255542181328E+01   -0.103659629411540752E+02    0.179904327570947885E+03
    0.134049846906780568E+01    0.401177341064313623E+03   -0.100930315356990263E+01   -0.464075987624881670E+01   -0.110589529975400236E+02    0.179904569218437700E+03
    0.134063426806142094E+01    0.402621548210070216E+03   -0.102070127864674909E+01   -0.430706550820780087E+01   -0.115307837960658688E+02    0.179904992037925979E+03
    0.134263978201287526E+01    0.411252087332632698E+03   -0.104424993242538200E+01   -0.111807802665592426E+01   -0.102805403565866751E+02    0.179905924932744313E+03
    0.134080308288524885E+01    0.401316660926685017E+03   -0.102601096346378817E+01   -0.428946517777162661E+01   -0.103317248980773613E+02    0.179911809655858860E+03
    0.134101168149852690E+01    0.404793606793743152E+03   -0.101287459115677159E+01   -0.537065429127127469E+01   -0.965993344631636930E+01    0.179913899524064107E+03
    0.134322056885943208E+01    0.419367614107624206E+03   -0.121552018089741054E+01   -0.100231357456836889E+01   -0.109078325250601118E+02    0.179914726400307245E+03
    0.134322056885943208E+01    0.419367614107624206E+03   -0.121552018089741054E+01   -0.100231357456836889E+01   -0.109078325250601118E+02    0.179914726400307245E+03
    0.134368789022945001E+01    0.408550880234321937E+03   -0.101174371600495405E+01   -0.114140835878797731E+01   -0.114217627029577322E+02    0.179917353169299417E+03
    0.134368789022945001E+01    0.408550880234321937E+03   -0.101174371600495405E+01   -0.114140835878797731E+01   -0.114217627029577322E+02    0.179917353169299417E+03
    0.134344190683682752E+01    0.429207283043717155E+03   -0.113372805698144141E+01   -0.100527831653381838E+01   -0.104828301648949740E+02    0.179918914221551290E+03
    0.134274208200036216E+01    0.403921875115817727E+03   -0.104743588333233539E+01   -0.122479489977215827E+01   -0.107522659166291739E+02    0.179921410069841954E+03
    0.134274208200036216E+01    0.403921875115817727E+03   -0.104743588333233539E+01   -0.122479489977215827E+01   -0.107522659166291739E+02    0.179921410069841954E+03
    0.134417293651760050E+01    0.409370826240853205E+03   -0.102284868865280565E+01   -0.105769251260919184E+01   -0.103639999667411615E+02    0.179923157346873893E+03
    0.134417293651760050E+01    0.409370826240853205E+03   -0.102284868865280565E+01   -0.105769251260919184E+01   -0.103639999667411615E+02    0.179923157346873893E+03
    0.134343661505073664E+01    0.407206390513283850E+03   -0.100387596007898416E+01   -0.117126322545585637E+01   -0.704995690509037587E+01    0.179923707709836094E+03
    0.134343661505073664E+01    0.407206390513283850E+03   -0.100387596007898416E+01   -0.117126322545585637E+01   -0.704995690509037587E+01    0.179923707709836094E+03
    0.134316393015316526E+01    0.411611892802262673E+03   -0.105337701391368910E+01   -0.111953589093982764E+01   -0.657407589043317220E+01    0.179924510729994381E+03
    0.134079203865828389E+01    0.401430352485972435E+03   -0.103080488115504743E+01   -0.497705761458960794E+01   -0.112155745354345608E+02    0.179925339687232395E+03
    0.134343638890994010E+01    0.404232701364839670E+03   -0.110460777617951145E+01   -0.110531717986373756E+01   -0.781391246057020084E+01    0.179927986236118954E+03
    0.134296252827453189E+01    0.425379015009972932E+03   -0.105106541274456688E+01   -0.110241587858795320E+01   -0.957007699249193067E+01    0.179928254890452990E+03
    0.134279504408714834E+01    0.403943724474297824E+03   -0.115026366129672475E+01   -0.111097678785920273E+01   -0.116797760364453005E+02    0.179931833905189137E+03
    0.134101854874411752E+01    0.405635009066480904E+03   -0.101103381065986753E+01   -0.460953323903616052E+01   -0.963939917796534296E+01    0.179935867718216400E+03
    0.134103702586475748E+01    0.409492668272609933E+03   -0.100269393254526129E+01   -0.520701743664408312E+01   -0.116803874111884536E+02    0.179937636576630553E+03
    0.134103702586475748E+01    0.409492668272609933E+03   -0.100269393254526129E+01   -0.520701743664408312E+01   -0.116803874111884536E+02    0.179937636576630553E+03
    0.134379480511130778E+01    0.413903891171768748E+03   -0.107717250899797001E+01   -0.105583003345908821E+01   -0.106590517560456561E+02    0.179938265447860601E+03
    0.134311061973915846E+01    0.410266813297928991E+03   -0.113061663089208331E+01   -0.109332871594677350E+01   -0.106549996062040950E+02    0.179938298006467960E+03
    0.134077321139650629E+01    0.404150533088377017E+03   -0.102336696905873836E+01   -0.449061661950933200E+01   -0.119220843939328152E+02    0.179938494779184907E+03
    0.134077321139650629E+01    0.404150533088377017E+03   -0.102336696905873836E+01   -0.449061661950933200E+01   -0.119220843939328152E+02    0.179938494779184907E+03
    0.134309480330825304E+01    0.405285401286220576E+03   -0.115034008853880643E+01   -0.109036178538801387E+01   -0.846866612853364664E+01    0.179940265820771685E+03
    0.134297167117861638E+01    0.415204239513244829E+03   -0.101246230230009360E+01   -0.119011729856717707E+01   -0.107350713640183475E+02    0.179941812295137993E+03
    0.134062272193935295E+01    0.401546122941181466E+03   -0.101402064319798946E+01   -0.412449176971378684E+01   -0.116940110025233661E+02    0.179944698428385095E+03
    0.134338313958308420E+01    0.419746175104677775E+03   -0.104935688223497792E+01   -0.100505065622721901E+01   -0.529244473643444557E+01    0.179947690768404755E+03
    0.134272097741977592E+01    0.405086853092398428E+03   -0.108526605498615503E+01   -0.114591888204414971E+01   -0.103104640533144529E+02    0.179948329484407338E+03
    0.134327648083249351E+01    0.448832183424416939E+03   -0.104466650654638293E+01   -0.100900648530815573E+01   -0.823034816223071530E+01    0.179949284439778694E+03
    0.134327648083249351E+01    0.448832183424416939E+03   -0.104466650654638293E+01   -0.100900648530815573E+01   -0.823034816223071530E+01    0.179949284439778694E+03
    0.134353733907350281E+01    0.410500085024546763E+03   -0.101678385829763052E+01   -0.114308138947808047E+01   -0.783885853012095257E+01    0.179949612270518742E+03
    0.134276513764196204E+01    0.418665129478822848E+03   -0.103864802447667515E+01   -0.114423650661268894E+01   -0.104678921777194702E+02    0.179950145488108149E+03
    0.134277171657900851E+01    0.413352300465551707E+03   -0.100261364557500876E+01   -0.122914298164357305E+01   -0.897163126942287548E+01    0.179951132215398388E+03
    0.134307710112384449E+01    0.443335325868530845E+03   -0.106518825717152232E+01   -0.102305246144953976E+01   -0.874837658719614808E+01    0.179953672257178425E+03
    0.134269334249191008E+01    0.419249807143839121E+03   -0.100554676140333221E+01   -0.118108924472870491E+01   -0.116992039628190163E+02    0.179954619289665573E+03
    0.134343647538152977E+01    0.402158522885056243E+03   -0.111061662970275421E+01   -0.110658845058348376E+01   -0.795236908293074585E+01    0.179955211991038254E+03
    0.134304835331674322E+01    0.451101749836413774E+03   -0.104770000184319123E+01   -0.100618974443650444E+01   -0.110242587986252740E+02    0.179956223492733727E+03
    0.134291466826275929E+01    0.408750386437272198E+03   -0.106110194273797553E+01   -0.103105185455548565E+01   -0.708677223865967765E+01    0.179958285078623021E+03
    0.134291466826275929E+01    0.408750386437272198E+03   -0.106110194273797553E+01   -0.103105185455548565E+01   -0.708677223865967765E+01    0.179958285078623021E+03
    0.134403371549482342E+01    0.403312541067348093E+03   -0.102835243330190806E+01   -0.109396888191053243E+01   -0.846280023990227370E+01    0.179958436222482590E+03
    0.134336882376861633E+01    0.412562542498712901E+03   -0.114707266482344572E+01   -0.105617079075019049E+01   -0.111105961182737794E+02    0.179959513805134918E+03
    0.134267722191842198E+01    0.409356938488318121E+03   -0.105719786504396751E+01   -0.111153979389651880E+01   -0.118717142596929364E+02    0.179961766197666464E+03
    0.134072309064214878E+01    0.402489084926745761E+03   -0.100050939016049867E+01   -0.500975423438950163E+01   -0.837199809647423265E+01    0.179962043201165898E+03
    0.134072309064214878E+01    0.402489084926745761E+03   -0.100050939016049867E+01   -0.500975423438950163E+01   -0.837199809647423265E+01    0.179962043201165898E+03
    0.134346741078899812E+01    0.421858222746053229E+03   -0.113446796816833206E+01   -0.102516214646223602E+01   -0.118201822137042072E+02    0.179963236061487351E+03
    0.134316046457874871E+01    0.447934625147473525E+03   -0.102655913722759706E+01   -0.101867748113350487E+01   -0.740258209837019088E+01    0.179964362223008493E+03
    0.134395326163267348E+01    0.411095480134645015E+03   -0.102397197392304307E+01   -0.101677277186454340E+01   -0.514538298566571761E+01    0.179967288551435217E+03
    0.134307810371619651E+01    0.412789399682716635E+03   -0.119100049125574969E+01   -0.104296706414502616E+01   -0.113463375150275230E+02    0.179969709604415755E+03
    0.134268039662471583E+01    0.415432734104023780E+03   -0.101373132973099800E+01   -0.114270271974609372E+01   -0.845948308869383681E+01    0.179969742346121393E+03
    0.134358523300021981E+01    0.416865507735812230E+03   -0.102935967277619511E+01   -0.110317291760391356E+01   -0.941624228433406429E+01    0.179970039990298062E+03
    0.134374608331277434E+01    0.412448291679856709E+03   -0.104316542994028794E+01   -0.108928948649802848E+01   -0.867316335580113673E+01    0.179970070150344384E+03
    0.134284115671662185E+01    0.415701279424067934E+03   -0.102713107177642726E+01   -0.104680141784704439E+01   -0.106403152752217309E+02    0.179974671148498203E+03
    0.134304774688744688E+01    0.409418884480485701E+03   -0.100216639576090927E+01   -0.112008324041623020E+01   -0.576866444438348402E+01    0.179981748268808360E+03
    0.134291237092644944E+01    0.424798461279401238E+03   -0.113696433054651358E+01   -0.100231783212979053E+01   -0.837888039646484373E+01    0.179982477410760680E+03
    0.134099931153759266E+01    0.403374731106670765E+03   -0.100600973810275818E+01   -0.587630082982289537E+01   -0.110725743454910344E+02    0.179984145479180199E+03
    0.134297116512144887E+01    0.418394219315594626E+03   -0.113197826046062389E+01   -0.105583646029600509E+01   -0.955780633469634822E+01    0.179986248666578774E+03
    0.134365054020650021E+01    0.400378559288438851E+03   -0.105471448209630481E+01   -0.113594325378307026E+01   -0.115656006690257200E+02    0.179986659145012709E+03
    0.134069207942118829E+01    0.404751948835017629E+03   -0.101958861155388902E+01   -0.485236765315332086E+01   -0.111936855507960935E+02    0.179990957946060689E+03
    0.134335184238495242E+01    0.431177347751134903E+03   -0.112832262259313154E+01   -0.100635783245118660E+01   -0.115662480548826387E+02    0.179992495698918731E+03
    0.134324134333068623E+01    0.417493528474608638E+03   -0.102279179231527273E+01   -0.114166031001614776E+01   -0.843106901428613220E+01    0.179993288366516197E+03
    0.134324134333068623E+01    0.417493528474608638E+03   -0.102279179231527273E+01   -0.114166031001614776E+01   -0.843106901428613220E+01    0.179993288366516197E+03
    0.134284799854455983E+01    0.402087747390789048E+03   -0.100585651944083310E+01   -0.106869822144120796E+01   -0.935220021770467014E+01    0.179993643805862632E+03
    0.134412983565972799E+01    0.400741507942143755E+03   -0.109325806435852257E+01   -0.103872103569144336E+01   -0.858629398182466375E+01    0.179996911123834821E+03
    0.134060312575453677E+01    0.401691551773096478E+03   -0.101295588020935057E+01   -0.431115991571620771E+01   -0.101295853508663054E+02    0.179998580900958302E+03
    0.134307161772298556E+01    0.451776103024467602E+03   -0.103418647079057813E+01   -0.101333778233048832E+01   -0.112383637106066114E+02    0.180001428949461797E+03
    0.134295337278591953E+01    0.419604594795977505E+03   -0.113051116401579499E+01   -0.102978936273550836E+01   -0.765348022221580226E+01    0.180002746044211278E+03
    0.134295337278591953E+01    0.419604594795977505E+03   -0.113051116401579499E+01   -0.102978936273550836E+01   -0.765348022221580226E+01    0.180002746044211278E+03
    0.134280951700725493E+01    0.429409505442176965E+03   -0.102579206513262733E+01   -0.109472638643271303E+01   -0.953508303905122290E+01    0.180004533518044354E+03
    0.134282804570138947E+01    0.404432592984046607E+03   -0.102188404363593222E+01   -0.121283101461044929E+01   -0.706721930689134847E+01    0.180004905011260860E+03
    0.134313009420445084E+01    0.429609277354722167E+03   -0.101838234966746022E+01   -0.111048455783940625E+01   -0.100328740907221530E+02    0.180006816830875607E+03
    0.134315329397650407E+01    0.424498986728838020E+03   -0.106517255924564580E+01   -0.107134859514676606E+01   -0.712400895081863883E+01    0.180006946963492680E+03
    0.134300859715804877E+01    0.423825295576428971E+03   -0.113764415724485524E+01   -0.103635705909902143E+01   -0.119961054781670349E+02    0.180007178832664067E+03
    0.134333111770308711E+01    0.431195364726612581E+03   -0.110370099668835842E+01   -0.102196699108954370E+01   -0.909191360109505098E+01    0.180008446747372830E+03
    0.134103582304322422E+01    0.409001465847630129E+03   -0.100045728516344212E+01   -0.529247126192819906E+01   -0.110612298265686828E+02    0.180010736648918112E+03
    0.134350425774289306E+01    0.422367439638929909E+03   -0.104162778301990677E+01   -0.108252525906289421E+01   -0.860713650791959850E+01    0.180012820462119294E+03
    0.134304509160653973E+01    0.407541846997641699E+03   -0.109788859080089551E+01   -0.112672232799591221E+01   -0.104896951155582645E+02    0.180016982334454667E+03
    0.134284333603976380E+01    0.401751541127308542E+03   -0.119231399549762074E+01   -0.104774174749906379E+01   -0.851692213226704986E+01    0.180020062441589744E+03
    0.134110497857311040E+01    0.400700092923689169E+03   -0.100629339865526823E+01   -0.383693320193884446E+01   -0.103638167828250900E+02    0.180023928161148547E+03
    0.134110497857311040E+01    0.400700092923689169E+03   -0.100629339865526823E+01   -0.383693320193884446E+01   -0.103638167828250900E+02    0.180023928161148547E+03
    0.134275437324122437E+01    0.402395807588271168E+03   -0.105880533419704292E+01   -0.108152924366673275E+01   -0.981714876061341002E+01    0.180024493614132211E+03
    0.134053501426095623E+01    0.400037227789562337E+03   -0.100653763417003894E+01   -0.464075636145216475E+01   -0.105172457486957391E+02    0.180024960063117589E+03
    0.134053501426095623E+01    0.400037227789562337E+03   -0.100653763417003894E+01   -0.464075636145216475E+01   -0.105172457486957391E+02    0.180024960063117589E+03
    0.134064395587470919E+01    0.404157889714312034E+03   -0.100922501355992189E+01   -0.510393374293583157E+01   -0.101255142202542512E+02    0.180027166242175440E+03
    0.134064395587470919E+01    0.404157889714312034E+03   -0.100922501355992189E+01   -0.510393374293583157E+01   -0.101255142202542512E+02    0.180027166242175440E+03
    0.134269376733659529E+01    0.416020798092310031E+03   -0.101240519686483488E+01   -0.116206105235928803E+01   -0.104460343493774293E+02    0.180027922105491541E+03
    0.134427367056923464E+01    0.405476697066584734E+03   -0.105995817523193736E+01   -0.101768259089915780E+01   -0.748554979457405079E+01    0.180028592148324265E+03
    0.134278115673989262E+01    0.405321149129674552E+03   -0.110699950688779936E+01   -0.110917715673478412E+01   -0.115324799883538365E+02    0.180035530901144057E+03
    0.134338964052358834E+01    0.421934279255570402E+03   -0.102172426448139042E+01   -0.108966168406682584E+01   -0.669620445352270011E+01    0.180038170796627981E+03
    0.134309244648643622E+01    0.404955752300636163E+03   -0.101318657794880629E+01   -0.123163634332230920E+01   -0.105064764671179187E+02    0.180039043437091891E+03
    0.134324656821015465E+01    0.425160064749225569E+03   -0.111032913295583846E+01   -0.103646086501114176E+01   -0.106224405755961691E+02    0.180039248901633073E+03
    0.134082167799119634E+01    0.402588514995986827E+03   -0.102417760831304783E+01   -0.499187989219584072E+01   -0.115266239820174192E+02    0.180039269145541823E+03
    0.134349098992493454E+01    0.408578163861495625E+03   -0.108344035691155938E+01   -0.102709929802569278E+01   -0.544892311433886878E+01    0.180039287398484248E+03
    0.134123180632006300E+01    0.405233066944542202E+03   -0.100366767482846697E+01   -0.505679420023795156E+01   -0.107807216925539944E+02    0.180039728143515674E+03
    0.134348243136724665E+01    0.402787762856217455E+03   -0.121716807168121122E+01   -0.103360490943663841E+01   -0.930557200133140050E+01    0.180040399572664683E+03
    0.134321074236314852E+01    0.404769155505054698E+03   -0.106505607744066388E+01   -0.116153752143979716E+01   -0.117735263275562101E+02    0.180041465307407009E+03
    0.134378077577692201E+01    0.411544636431804008E+03   -0.108962906065758602E+01   -0.104731631129351754E+01   -0.791184905669525218E+01    0.180041902398652667E+03
    0.134332858351938222E+01    0.423884064517139961E+03   -0.107486066113098211E+01   -0.106842966947163021E+01   -0.980093367690436601E+01    0.180043711797083859E+03
    0.134332774810257982E+01    0.440290345157409774E+03   -0.101665259961892751E+01   -0.104805441990992954E+01   -0.763616494511729105E+01    0.180044365805881057E+03
    0.134277110214470530E+01    0.418405805208866241E+03   -0.103869284052825606E+01   -0.108063527851661156E+01   -0.116734545701977961E+02    0.180047105031619537E+03
    0.134320472283110193E+01    0.400392598281864991E+03   -0.104009800715461864E+01   -0.115341692346524738E+01   -0.620985742891182557E+01    0.180047213995054278E+03
    0.134272181682325664E+01    0.401264397833574606E+03   -0.111772819406281343E+01   -0.110711972168434514E+01   -0.103308780269164497E+02    0.180049091685180315E+03
    0.134272181682325664E+01    0.401264397833574606E+03   -0.111772819406281343E+01   -0.110711972168434514E+01   -0.103308780269164497E+02    0.180049091685180315E+03
    0.134095920551380776E+01    0.403028220606376976E+03   -0.100855948854956345E+01   -0.426924789605731991E+01   -0.881495739060100547E+01    0.180049334060977685E+03
    0.134410118819786928E+01    0.404658481794710497E+03   -0.110369597508282880E+01   -0.100760097741523857E+01   -0.644062921468686067E+01    0.180050200918708185E+03
    0.134410118819786928E+01    0.404658481794710497E+03   -0.110369597508282880E+01   -0.100760097741523857E+01   -0.644062921468686067E+01    0.180050200918708185E+03
    0.134286575383370610E+01    0.414975815826834378E+03   -0.114372451711216350E+01   -0.102280986921114270E+01   -0.119867692500562537E+02    0.180051226241386814E+03
    0.134289307326620744E+01    0.407267760156646261E+03   -0.106999456266572501E+01   -0.115689732946675861E+01   -0.108848448596806602E+02    0.180052203181241055E+03
    0.134362338141253135E+01    0.408645600715709008E+03   -0.110182917544278780E+01   -0.106243290229037157E+01   -0.770811731140544154E+01    0.180054152489735316E+03
    0.134286192850078434E+01    0.410435300228934409E+03   -0.114302034759704441E+01   -0.103271189070442659E+01   -0.103515976475173179E+02    0.180054158948674058E+03
    0.134326802525029820E+01    0.411619443537503969E+03   -0.112656431790424882E+01   -0.107563024473407154E+01   -0.112372284285121093E+02    0.180054679794449498E+03
    0.134306153403018791E+01    0.435037484095565844E+03   -0.100670749727528985E+01   -0.109114510190009639E+01   -0.845649039693775961E+01    0.180054721758220978E+03
    0.134284361138989738E+01    0.400409575728314280E+03   -0.101015028754466840E+01   -0.109855585194278227E+01   -0.682390827070352035E+01    0.180054814749121419E+03
    0.134317367292926804E+01    0.407614502966270891E+03   -0.104415936007658594E+01   -0.116700658575779670E+01   -0.107159321925512998E+02    0.180054986833738667E+03
    0.134317367292926804E+01    0.407614502966270891E+03   -0.104415936007658594E+01   -0.116700658575779670E+01   -0.107159321925512998E+02    0.180054986833738667E+03
    0.134317206477353102E+01    0.428654828873250608E+03   -0.113032016062163621E+01   -0.101421200031029279E+01   -0.979279466900404039E+01    0.180055551511963188E+03
    0.134298312262490938E+01    0.413562318123451803E+03   -0.101619208626303248E+01   -0.119054880074322433E+01   -0.877143701440436985E+01    0.180057223473720626E+03
    0.134335661302906506E+01    0.448095223869923416E+03   -0.100664532019019504E+01   -0.103265255782892851E+01   -0.899365006021971425E+01    0.180058048603985071E+03
    0.134335661302906506E+01    0.448095223869923416E+03   -0.100664532019019504E+01   -0.103265255782892851E+01   -0.899365006021971425E+01    0.180058048603985071E+03
    0.134409116773078252E+01    0.413465845331002129E+03   -0.101872500452994252E+01   -0.103965352618399187E+01   -0.660700693326069644E+01    0.180058445723633270E+03
    0.134301462334407651E+01    0.408601826118852671E+03   -0.116292063849609661E+01   -0.106690291974575580E+01   -0.103709456158497950E+02    0.180058843155343993E+03
    0.134291853909222736E+01    0.410427093178291670E+03   -0.101067864279351127E+01   -0.113736158446694624E+01   -0.635453359062046097E+01    0.180058882786924698E+03
    0.134293915865311098E+01    0.425058965076244419E+03   -0.102333778556647736E+01   -0.103454245196423145E+01   -0.723322640999422184E+01    0.180059161372698782E+03
    0.134262177580716946E+01    0.402955003186651197E+03   -0.102500131826089103E+01   -0.115375889595001979E+01   -0.946184410847439317E+01    0.180061230001838624E+03
    0.134361196046621845E+01    0.422889687031803305E+03   -0.100049869568499794E+01   -0.106579554193358561E+01   -0.608960134609189030E+01    0.180062104700585735E+03
    0.134131607776865058E+01    0.402225787355936120E+03   -0.100956054055179756E+01   -0.464438157829223286E+01   -0.117693152236667462E+02    0.180063455772852308E+03
    0.134292677079799838E+01    0.403833091531720129E+03   -0.122697459158487021E+01   -0.100382962479287841E+01   -0.992240452285109598E+01    0.180071757351069778E+03
    0.134380312881718211E+01    0.403463411208748084E+03   -0.115708977405928692E+01   -0.103139805235741555E+01   -0.895869570683870720E+01    0.180073545844798218E+03
    0.134380312881718211E+01    0.403463411208748084E+03   -0.115708977405928692E+01   -0.103139805235741555E+01   -0.895869570683870720E+01    0.180073545844798218E+03
    0.134289809883320177E+01    0.409769994206154820E+03   -0.107538715921676165E+01   -0.114018280275612405E+01   -0.105814478886715158E+02    0.180076304947308756E+03
    0.134287611834127585E+01    0.417264910017234115E+03   -0.109780536546110952E+01   -0.104120052657358464E+01   -0.905623473342055973E+01    0.180077695806490283E+03
    0.134297428579140576E+01    0.433104159672623666E+03   -0.106117856957209078E+01   -0.104144058316747845E+01   -0.793477495555178969E+01    0.180079531357314579E+03
    0.134295310556669123E+01    0.410265175877182969E+03   -0.108250359413173314E+01   -0.113049097248287289E+01   -0.112227655594472910E+02    0.180083299593951494E+03
    0.134334730484892528E+01    0.414773708049439506E+03   -0.110611740877835274E+01   -0.103732366505740714E+01   -0.625189280868553077E+01    0.180083532782351313E+03
    0.134090255107010847E+01    0.406867302280036768E+03   -0.100865259749137159E+01   -0.495567998614945449E+01   -0.107092832390639785E+02    0.180083938176256879E+03
    0.134307614826614463E+01    0.444808587599331304E+03   -0.103525041165530673E+01   -0.103030110960295218E+01   -0.824436786723294546E+01    0.180084344143996361E+03
    0.134359954930157732E+01    0.410893689890393091E+03   -0.117806562507773727E+01   -0.101610839682603427E+01   -0.116014705792614095E+02    0.180090131783164395E+03
    0.134291459229496590E+01    0.404801154643454709E+03   -0.120454062658755312E+01   -0.100673919574424531E+01   -0.113538359552931905E+02    0.180092608110213291E+03
    0.134109206027789263E+01    0.400534623361043316E+03   -0.100113447554545409E+01   -0.492101389474822781E+01   -0.799142674259290153E+01    0.180095411730808792E+03
    0.134341867433042661E+01    0.402819310852193269E+03   -0.100484499581265219E+01   -0.120579482227687507E+01   -0.104953658313846141E+02    0.180097110987389499E+03
    0.134058423958799633E+01    0.401913129431567427E+03   -0.100879148584738942E+01   -0.454148790794751811E+01   -0.104673626766125114E+02    0.180099867493342288E+03
    0.134378315152995298E+01    0.417630528484213869E+03   -0.100013864409243425E+01   -0.109656349107355489E+01   -0.112440544929079671E+02    0.180101078013446511E+03
    0.134334456891749876E+01    0.432966281404181473E+03   -0.111003194933534921E+01   -0.100677049512562711E+01   -0.884769969051232152E+01    0.180101828040502880E+03
    0.134094386623228323E+01    0.403368579056222870E+03   -0.101729520922345351E+01   -0.439130809562579660E+01   -0.114195158869449713E+02    0.180102536856674931E+03
    0.134086878345133931E+01    0.401084881477478120E+03   -0.100176418779100018E+01   -0.377511362394267280E+01   -0.102215912583358950E+02    0.180102950992611852E+03
    0.134086878345133931E+01    0.401084881477478120E+03   -0.100176418779100018E+01   -0.377511362394267280E+01   -0.102215912583358950E+02    0.180102950992611852E+03
    0.134273265450930523E+01    0.409007417806773844E+03   -0.101199950205396227E+01   -0.111203638317098097E+01   -0.974556279479472209E+01    0.180104768707599419E+03
    0.134273265450930523E+01    0.409007417806773844E+03   -0.101199950205396227E+01   -0.111203638317098097E+01   -0.974556279479472209E+01    0.180104768707599419E+03
    0.134277405206851874E+01    0.420939693121794733E+03   -0.101286053757727146E+01   -0.114825012173920804E+01   -0.103196216199459734E+02    0.180104945745322198E+03
    0.134312112020316943E+01    0.436279092643291506E+03   -0.101135299193252237E+01   -0.105152471410368875E+01   -0.699920456264292312E+01    0.180105280153805325E+03
    0.134331993206961942E+01    0.406551631648767398E+03   -0.112792395758777531E+01   -0.108206948259094382E+01   -0.104532111378110386E+02    0.180105678938110259E+03
    0.134302962908894075E+01    0.418696220725967919E+03   -0.111918346284701364E+01   -0.105560311287965725E+01   -0.974637896069699572E+01    0.180108448307281321E+03
    0.134275563555724964E+01    0.422759151861944929E+03   -0.101103898923842195E+01   -0.109445740094406929E+01   -0.103315448769283691E+02    0.180110912639580818E+03
    0.134290579713903457E+01    0.408124557860836148E+03   -0.114860875118772121E+01   -0.106411933008801540E+01   -0.108471445920377612E+02    0.180111630932206140E+03
    0.134294728210722947E+01    0.403499924994390767E+03   -0.118959311744096574E+01   -0.106609889516540868E+01   -0.984404495371661525E+01    0.180112972650437314E+03
    0.134367507839435651E+01    0.435328685501991345E+03   -0.103746287773257606E+01   -0.101717936137690046E+01   -0.937128286867580407E+01    0.180113603124379608E+03
    0.134081156258472367E+01    0.406907819386669871E+03   -0.100403969548549554E+01   -0.429623525649272597E+01   -0.114000093140907879E+02    0.180115071642170790E+03
    0.134376375889353583E+01    0.410936493290073543E+03   -0.104749053702882300E+01   -0.104098567160857058E+01   -0.581228778456787332E+01    0.180115102348797677E+03
    0.134274646037854417E+01    0.414628043788687307E+03   -0.105566017673938184E+01   -0.109512810854533171E+01   -0.106929307641124023E+02    0.180115910234976695E+03
    0.134280708842247831E+01    0.409039839340148717E+03   -0.105759983657106638E+01   -0.107024574713729592E+01   -0.101031973608596441E+02    0.180115910615344774E+03
    0.134301893331027244E+01    0.402917748987836546E+03   -0.118030919905816845E+01   -0.107000437508018642E+01   -0.802678316411386739E+01    0.180118002876594858E+03
    0.134283808491427092E+01    0.411926809908927055E+03   -0.111471248208455087E+01   -0.106447962838729104E+01   -0.114312235385728602E+02    0.180120068310202328E+03
    0.134283808491427092E+01    0.411926809908927055E+03   -0.111471248208455087E+01   -0.106447962838729104E+01   -0.114312235385728602E+02    0.180120068310202328E+03
    0.134286012723470427E+01    0.410338135167321525E+03   -0.111135403271259925E+01   -0.106381645935495683E+01   -0.813287037198351648E+01    0.180120096003015647E+03
    0.134295491056463967E+01    0.423843907707887240E+03   -0.110412032614488709E+01   -0.101420577771635401E+01   -0.782615346221771890E+01    0.180123668967298272E+03
    0.134082648987483322E+01    0.406125530852208271E+03   -0.100936568180744324E+01   -0.493725587287382250E+01   -0.115846899044860869E+02    0.180124456075750402E+03
    0.134291903760227060E+01    0.419961282950674615E+03   -0.104110049078242817E+01   -0.105914331259228511E+01   -0.708209328679210071E+01    0.180124589465412612E+03
    0.134092913318094076E+01    0.400693561313808971E+03   -0.101463837541385615E+01   -0.555558511038760638E+01   -0.105106858755363053E+02    0.180125819219300183E+03
    0.134281294678100105E+01    0.419904467196544601E+03   -0.103881828345640770E+01   -0.107513420526655423E+01   -0.893430468955231660E+01    0.180127682783510807E+03
    0.134305080904107910E+01    0.434535430799404764E+03   -0.108053786706910415E+01   -0.102892830764637644E+01   -0.916944577760701840E+01    0.180128901156529082E+03
    0.134295845506896772E+01    0.423654914745433075E+03   -0.104911850204380919E+01   -0.103217940719835433E+01   -0.698316464451466068E+01    0.180129418234967318E+03
    0.134301692835578179E+01    0.414202875788711481E+03   -0.108537023200295302E+01   -0.107176016442744348E+01   -0.680501566273952996E+01    0.180129471287152910E+03
    0.134318241728064391E+01    0.409200450817125443E+03   -0.115812016992983935E+01   -0.106013512041411673E+01   -0.101321596642678458E+02    0.180132066403356873E+03
    0.134282291308175283E+01    0.402645394336880599E+03   -0.106406573598338028E+01   -0.118664973874857083E+01   -0.106689253769000558E+02    0.180134302224323164E+03
    0.134283879648530857E+01    0.434751252234449680E+03   -0.100975644387210473E+01   -0.107512717292289928E+01   -0.112282258327112583E+02    0.180134922636170415E+03
    0.134374441686252299E+01    0.406460353165124673E+03   -0.101890675533515207E+01   -0.110652843581518923E+01   -0.687155839636433630E+01    0.180136336855999900E+03
    0.134336587199648738E+01    0.403441794402038568E+03   -0.102786693409418284E+01   -0.104048615405041112E+01   -0.500314483070035987E+01    0.180137196022997671E+03
    0.134339656918068995E+01    0.417294051199939361E+03   -0.111654848862191258E+01   -0.102801906043251812E+01   -0.695761880335276128E+01    0.180140626187707312E+03
    0.134123937926998149E+01    0.404564282365626184E+03   -0.100547216043499610E+01   -0.504212985380108059E+01   -0.108893520988566568E+02    0.180141804291979781E+03
    0.134313992726047315E+01    0.424501153768437007E+03   -0.104080657358594308E+01   -0.110332438706130809E+01   -0.973401946554122688E+01    0.180145458404119154E+03
    0.134371112120860126E+01    0.416586018771777219E+03   -0.101057401836475869E+01   -0.104192803323196870E+01   -0.563432275324221798E+01    0.180146668087203864E+03
    0.134376063040208682E+01    0.405517957244989134E+03   -0.103438291722025077E+01   -0.110979084240230108E+01   -0.107665824208559417E+02    0.180146945668996352E+03
    0.134297995760491107E+01    0.421798894577393526E+03   -0.109424733841301780E+01   -0.106181717279066135E+01   -0.967479667536322374E+01    0.180151373992513129E+03
    0.134379449264850126E+01    0.414429378015284783E+03   -0.100878737933345519E+01   -0.110058811662588951E+01   -0.112185770296397980E+02    0.180152792645597060E+03
    0.134306173239150639E+01    0.416428517779670585E+03   -0.101131087517377694E+01   -0.114084481928947845E+01   -0.716511513709158976E+01    0.180153571821546052E+03
    0.134282806356836359E+01    0.414108106569636504E+03   -0.104379686741794231E+01   -0.105757604767988234E+01   -0.119949044508002434E+02    0.180153728247367610E+03
    0.134326889961633156E+01    0.409511391698349428E+03   -0.101302587003636368E+01   -0.101608223751644822E+01   -0.534629153351372466E+01    0.180153927167701568E+03
    0.134380030556882346E+01    0.408160137885700692E+03   -0.102697667639961843E+01   -0.107822817324476183E+01   -0.646254467784402387E+01    0.180155620128692874E+03
    0.134314110995969438E+01    0.407024680463225479E+03   -0.100147392782820255E+01   -0.112026114492145901E+01   -0.581507822690333587E+01    0.180157167237106592E+03
    0.134393344070133702E+01    0.404014696132347069E+03   -0.103398010449731181E+01   -0.100784552769002289E+01   -0.479210010462965830E+01    0.180158625087592043E+03
    0.134272527911431050E+01    0.410103915306140209E+03   -0.101349859273787857E+01   -0.119921753258225827E+01   -0.118423100279202753E+02    0.180159779811701526E+03
    0.134118173080393221E+01    0.403253606182027625E+03   -0.100837670475003982E+01   -0.523368558534700679E+01   -0.104525846264650042E+02    0.180163246594816940E+03
    0.134292461977042565E+01    0.408945984309747473E+03   -0.113180419950364453E+01   -0.102028324221234712E+01   -0.110993348467452435E+02    0.180163262063805917E+03
    0.134375739815623230E+01    0.400338794400412894E+03   -0.101970923185904816E+01   -0.111679671522648150E+01   -0.633551904769298613E+01    0.180163269279270708E+03
    0.134303299083863714E+01    0.406699603208141241E+03   -0.114941255364292516E+01   -0.104872621060094851E+01   -0.732842689865507602E+01    0.180167024309862938E+03
    0.134310218340789844E+01    0.409862000322425331E+03   -0.112019371133620460E+01   -0.106458348161816119E+01   -0.711462231434508041E+01    0.180169045511053355E+03
    0.134290461044536968E+01    0.400000639888850856E+03   -0.106146303183771096E+01   -0.114618983328747603E+01   -0.679567153182745187E+01    0.180170189505835026E+03
    0.134071509266426170E+01    0.405657577580775012E+03   -0.100268057544753830E+01   -0.440554795650009723E+01   -0.105224310125975045E+02    0.180171972977835196E+03
    0.134318095491842904E+01    0.446758648006861620E+03   -0.101920801972042163E+01   -0.102026319956604894E+01   -0.826363886007146853E+01    0.180174285126561585E+03
    0.134335216616472541E+01    0.403218549916064774E+03   -0.121117218029182716E+01   -0.103942165333756265E+01   -0.119615530667251218E+02    0.180176709254304910E+03
    0.134070838431794570E+01    0.402287385947901669E+03   -0.100913575864989369E+01   -0.523113148493850133E+01   -0.114172280211459061E+02    0.180177202647572130E+03
    0.134388949417531456E+01    0.401153794472962545E+03   -0.114032741291202910E+01   -0.103379079365663173E+01   -0.116104721341386181E+02    0.180182786139431016E+03
    0.134094174831947832E+01    0.401953037559173936E+03   -0.101903811068981831E+01   -0.448101049948196994E+01   -0.108805498208126128E+02    0.180184864390530834E+03
    0.134295536510204983E+01    0.422670681057589377E+03   -0.105387468865320599E+01   -0.109618552744803033E+01   -0.117006802651926574E+02    0.180185403593299498E+03
    0.134134364776166781E+01    0.401960018395513202E+03   -0.100589375460904762E+01   -0.467619109709713854E+01   -0.109002596296853245E+02    0.180186511380059358E+03
    0.134401673948600209E+01    0.412843162646777330E+03   -0.106321447250586409E+01   -0.103047940489178202E+01   -0.928227031325292451E+01    0.180186588082706407E+03
    0.134272842134602710E+01    0.409287371489479085E+03   -0.101454118422794437E+01   -0.113070461970515979E+01   -0.883047421784355890E+01    0.180187230900170448E+03
    0.134294679729589306E+01    0.434278956282702325E+03   -0.105551764566524753E+01   -0.101833726533979529E+01   -0.109473952291312155E+02    0.180189191932181586E+03
    0.134312393282225306E+01    0.427365548506793800E+03   -0.105093392526958418E+01   -0.105223043526146576E+01   -0.730388068449164152E+01    0.180190129984929683E+03
    0.134065058560596095E+01    0.400416558382163146E+03   -0.101102600744788518E+01   -0.500768625215062269E+01   -0.111899804375666641E+02    0.180193740512157717E+03
    0.134374249762063225E+01    0.437125622665344736E+03   -0.101376404442262213E+01   -0.101988685221464159E+01   -0.101763595863541294E+02    0.180194155784069039E+03
    0.134344148637500438E+01    0.415785915075746857E+03   -0.101411826396223326E+01   -0.112716458495020255E+01   -0.114771296615667122E+02    0.180195273446542501E+03
    0.134371297675554735E+01    0.409935873847495316E+03   -0.112834005946655402E+01   -0.103164125669136197E+01   -0.107190067052759197E+02    0.180197032459416903E+03
    0.134297562319979669E+01    0.419972124222889988E+03   -0.110185751033156443E+01   -0.101218275160536209E+01   -0.815110121358512352E+01    0.180197077232282822E+03
    0.134302449487717435E+01    0.411273079551820331E+03   -0.117428223362830231E+01   -0.103447531136412429E+01   -0.111814995104702408E+02    0.180197674152201046E+03
    0.134329450160883024E+01    0.406686914143426748E+03   -0.104067602960579642E+01   -0.115366519119939603E+01   -0.116930245501879089E+02    0.180197775533167089E+03
    0.134353818679599057E+01    0.403258202365160798E+03   -0.125700544881250487E+01   -0.100080764243179843E+01   -0.915776983727535310E+01    0.180198189784022986E+03
    0.134277660315147607E+01    0.411988176967428387E+03   -0.105510579261342130E+01   -0.111693120620112119E+01   -0.108326072486355436E+02    0.180199308160513795E+03
    0.134358093170250137E+01    0.405820097858883457E+03   -0.119974893155911388E+01   -0.101361630086270260E+01   -0.110721114657603668E+02    0.180200116910023098E+03
    0.134284612022137684E+01    0.420373721124193310E+03   -0.100922742676959842E+01   -0.106568743083833439E+01   -0.102110605057594004E+02    0.180200266358754277E+03
    0.134268708714820928E+01    0.402186655593261150E+03   -0.105432341108968863E+01   -0.116022675314159684E+01   -0.113051349232161176E+02    0.180202570460632614E+03
    0.134095964251344624E+01    0.409046345240263804E+03   -0.100006063284370228E+01   -0.463727250183066353E+01   -0.111959677251120091E+02    0.180203904171232637E+03
    0.134328810782526786E+01    0.426749742234030691E+03   -0.102803968616109387E+01   -0.108566734323385283E+01   -0.118182485526681145E+02    0.180210349435827027E+03
    0.134314182738404808E+01    0.410122209343297300E+03   -0.112364936745526300E+01   -0.107358168565986034E+01   -0.816331067081792838E+01    0.180216471450100983E+03
    0.134097304534013007E+01    0.400621870140839462E+03   -0.100128476213007112E+01   -0.378286585327773217E+01   -0.113976010792043709E+02    0.180217332247985496E+03
    0.134379232262621695E+01    0.417759794764637434E+03   -0.106071048663283030E+01   -0.104064583269920519E+01   -0.117857902827634078E+02    0.180218245557626972E+03
    0.134316404608266504E+01    0.427216608144965448E+03   -0.101988247837257973E+01   -0.109861104712525304E+01   -0.971207774005828384E+01    0.180222153465718577E+03
    0.134313646588822055E+01    0.419851338370075894E+03   -0.115452774349106235E+01   -0.101581198003153972E+01   -0.111559649307302458E+02    0.180222188545038250E+03
    0.134285430810725526E+01    0.417555616984824951E+03   -0.103801785087422971E+01   -0.107077784654234343E+01   -0.114799473425474705E+02    0.180223538780676733E+03
    0.134346837286452403E+01    0.434164949363875849E+03   -0.101119365399064876E+01   -0.106317062149113006E+01   -0.966073120327120094E+01    0.180224292920380833E+03
    0.134086046440389550E+01    0.405687644528606199E+03   -0.100436189071823634E+01   -0.502356084414025883E+01   -0.102147425608283999E+02    0.180226238122371399E+03
    0.134326954121942554E+01    0.403333006356823432E+03   -0.117612427991735125E+01   -0.104769913903011869E+01   -0.717962803559793095E+01    0.180227927875005548E+03
    0.134287375397470310E+01    0.422199368394860301E+03   -0.105052563335687488E+01   -0.107706395273247502E+01   -0.102488788919721916E+02    0.180228533585072398E+03
    0.134311030210346871E+01    0.438528895870300687E+03   -0.103524975393747454E+01   -0.102696406112756655E+01   -0.787265738627259104E+01    0.180230220558430915E+03
    0.134088292241966656E+01    0.407204031202617273E+03   -0.100247072377928426E+01   -0.502815741394163229E+01   -0.111418081547214847E+02    0.180230499126350537E+03
    0.134379310970817145E+01    0.403868697119791875E+03   -0.105235483581588696E+01   -0.104336783412940370E+01   -0.551523977000544541E+01    0.180231110520553386E+03
    0.134096574794324885E+01    0.400446643340323419E+03   -0.100717327922889766E+01   -0.561447876230229426E+01   -0.981283265861329212E+01    0.180231783359999554E+03
    0.134310023425177727E+01    0.403892002669632575E+03   -0.111080812736948964E+01   -0.111553349141881597E+01   -0.843484622763891778E+01    0.180232113445250548E+03
    0.134322817375755843E+01    0.409987634733165692E+03   -0.121803265010819217E+01   -0.101022225457909798E+01   -0.998173632003006794E+01    0.180234621331281971E+03
    0.134066228348989336E+01    0.400982163136330485E+03   -0.100494360243688341E+01   -0.421424044298578693E+01   -0.105174010502847182E+02    0.180234889642667611E+03
    0.134126067356552503E+01    0.400118077341028197E+03   -0.100346740000050261E+01   -0.420728088180663651E+01   -0.916966291876572903E+01    0.180237135274894797E+03
    0.134313942688760424E+01    0.413407171587727476E+03   -0.112924727593454755E+01   -0.104060139494542803E+01   -0.710584310103535710E+01    0.180241393740533510E+03
    0.134319833079755391E+01    0.441679695616165361E+03   -0.101322623839466885E+01   -0.104394936933242910E+01   -0.809177809571808737E+01    0.180241585291407944E+03
    0.134303761831700719E+01    0.431659747829149183E+03   -0.101822785748478850E+01   -0.108804081303556544E+01   -0.118544113780222222E+02    0.180243751480068056E+03
    0.134309690655091107E+01    0.406414513153309315E+03   -0.100559898193308328E+01   -0.118632228726550615E+01   -0.716536169581658644E+01    0.180246115888990232E+03
    0.134095540023433868E+01    0.403986550579133393E+03   -0.101322956028129063E+01   -0.497199797974198887E+01   -0.110021022120125647E+02    0.180247897262086440E+03
    0.134361422504625017E+01    0.414789286537994087E+03   -0.107326209024913410E+01   -0.105294184235295063E+01   -0.719627255517903652E+01    0.180249175758931585E+03
    0.134384843569541523E+01    0.412527182782181853E+03   -0.104473947108773046E+01   -0.105308857736682704E+01   -0.709945489050912482E+01    0.180250958282835768E+03
    0.134091241282831986E+01    0.403143698423393857E+03   -0.100285999211615540E+01   -0.398088141745087754E+01   -0.108537907650037155E+02    0.180252372988867648E+03
    0.134292399908010740E+01    0.408002519546877409E+03   -0.107331053307538582E+01   -0.104277199870264603E+01   -0.838534239013062610E+01    0.180253738193048775E+03
    0.134306301600041933E+01    0.443481886401441841E+03   -0.102745454363967070E+01   -0.100965860685411535E+01   -0.796445424863495344E+01    0.180254430604039953E+03
    0.134303081080269671E+01    0.420106185528153105E+03   -0.109913160736595472E+01   -0.100993550086388417E+01   -0.755292763756254004E+01    0.180254819192471018E+03
    0.134292030278970165E+01    0.407211920561934562E+03   -0.105494253037497110E+01   -0.114924190951074046E+01   -0.869104698373235252E+01    0.180255050484960236E+03
    0.134341656986738944E+01    0.414293417230504872E+03   -0.109625401751875096E+01   -0.103445366656653448E+01   -0.634926203777539744E+01    0.180255990741522055E+03
    0.134311193375994686E+01    0.407372843011839507E+03   -0.104898778801772075E+01   -0.102208100449550798E+01   -0.627659437985086832E+01    0.180256753017885558E+03
    0.134331483710763333E+01    0.404945122087198001E+03   -0.114490001144788600E+01   -0.107438327413417412E+01   -0.992333335808604922E+01    0.180257784703015545E+03
    0.134329701715213767E+01    0.407765284394939044E+03   -0.116155917077461623E+01   -0.103476374465116905E+01   -0.731739980565149484E+01    0.180259666079278247E+03
    0.134347068492734900E+01    0.401331304657424198E+03   -0.107851508188069900E+01   -0.112171398436184511E+01   -0.118246364237502117E+02    0.180260009112932607E+03
    0.134346765846022165E+01    0.411826788848401748E+03   -0.119205793797051207E+01   -0.100285394984092768E+01   -0.776936013533803305E+01    0.180262580661254219E+03
    0.134334319794520485E+01    0.421456453730745238E+03   -0.101727361557816742E+01   -0.101735150447994904E+01   -0.559429497632418737E+01    0.180264803454337709E+03
    0.134302452637229264E+01    0.413239522790012472E+03   -0.101620056860211605E+01   -0.117530911173292196E+01   -0.104886448602623119E+02    0.180267395078291372E+03
    0.134326862372056310E+01    0.424974774928714226E+03   -0.108900460206981542E+01   -0.103914077060719734E+01   -0.789653747583137644E+01    0.180268608594109196E+03
    0.134321030897324545E+01    0.426559799402824922E+03   -0.107230662994471082E+01   -0.101254831470911277E+01   -0.682700335337802766E+01    0.180268635751451257E+03
    0.134320157001022333E+01    0.415196996118623986E+03   -0.100615904543105650E+01   -0.115068888235546396E+01   -0.810616228496998303E+01    0.180268695994063307E+03
    0.134119172634646455E+01    0.404470401110658372E+03   -0.100476276944127285E+01   -0.502404233719079496E+01   -0.113240656019644170E+02    0.180270460258612388E+03
    0.134425419685570025E+01    0.401560192872110292E+03   -0.101146365208686895E+01   -0.106860440868044826E+01   -0.906805973124139797E+01    0.180272641374516411E+03
    0.134313906710305031E+01    0.405079358319217590E+03   -0.118162440339300012E+01   -0.100848133298983456E+01   -0.706270345073181094E+01    0.180274443218870942E+03
    0.134282461553149024E+01    0.406182364282414369E+03   -0.106411689428784939E+01   -0.110204580083746784E+01   -0.979326448929389670E+01    0.180274762774962994E+03
    0.134279795667708735E+01    0.400372241749841464E+03   -0.101249615390103465E+01   -0.111100343571189519E+01   -0.119398820705106612E+02    0.180278592054073954E+03
    0.134334501189641231E+01    0.412672431184911602E+03   -0.119777124776734745E+01   -0.100730301896628482E+01   -0.857011211459820998E+01    0.180278788100302108E+03
    0.134332687533550610E+01    0.430736485591391840E+03   -0.100214428495372232E+01   -0.104373862246063354E+01   -0.628268972199817455E+01    0.180281783597348294E+03
    0.134297575872109864E+01    0.417558337942455012E+03   -0.107915010271294953E+01   -0.101966640032027911E+01   -0.951636806052874817E+01    0.180282133299120346E+03
    0.134309500988741481E+01    0.410882404808489355E+03   -0.120121535115381839E+01   -0.100637373392637741E+01   -0.956179252016348791E+01    0.180282383043455923E+03
    0.134286207548347725E+01    0.401612794502712802E+03   -0.113072419184651629E+01   -0.107651305575426726E+01   -0.109564776710997194E+02    0.180283249871496594E+03
    0.134356392819736969E+01    0.412094578419583740E+03   -0.100319579481176469E+01   -0.113816625829041840E+01   -0.110493894808571227E+02    0.180286964777995308E+03
    0.134337664313813088E+01    0.428928834810700948E+03   -0.102272904381193719E+01   -0.107250833568240722E+01   -0.103594575940831763E+02    0.180287298651649735E+03
    0.134068931409848702E+01    0.401152157020543996E+03   -0.100626402855626296E+01   -0.507195485703480031E+01   -0.112308539515866617E+02    0.180290819814059375E+03
    0.134309634226056041E+01    0.403662280057108887E+03   -0.118092061533880255E+01   -0.105848531350776121E+01   -0.926933673198126584E+01    0.180292724941549238E+03
    0.134314423592378152E+01    0.438280737691929517E+03   -0.100921153392036267E+01   -0.104250207487365820E+01   -0.754856704825126013E+01    0.180298021317843961E+03
    0.134287599574415140E+01    0.414084702030850167E+03   -0.104483190615304267E+01   -0.109532741937525202E+01   -0.765417251069612625E+01    0.180299287075979464E+03
    0.134401823453632385E+01    0.400918633924720723E+03   -0.101792779431672997E+01   -0.104890946477037872E+01   -0.548564284594825846E+01    0.180304134304795639E+03
    0.134370003065562171E+01    0.403445906246409379E+03   -0.114871097711565540E+01   -0.103886236328777670E+01   -0.110092895255247250E+02    0.180305877890844499E+03
    0.134351198990091625E+01    0.405261774513046305E+03   -0.107838720851052194E+01   -0.109316462698365235E+01   -0.844862709411830970E+01    0.180308016572746396E+03
    0.134357017989764915E+01    0.404937142985366677E+03   -0.101834828936663868E+01   -0.115112506132979675E+01   -0.932493466477075650E+01    0.180308421661231307E+03
    0.134346710862555119E+01    0.405320201205846104E+03   -0.104434130613442910E+01   -0.112872452456175409E+01   -0.903249765447469244E+01    0.180312009648753531E+03
    0.134376968771400263E+01    0.414653252619062869E+03   -0.106058751962756936E+01   -0.101628769154658016E+01   -0.594154147162669943E+01    0.180312318755292381E+03
    0.134303335083954267E+01    0.422295587190960134E+03   -0.108654763311496971E+01   -0.104918793379003539E+01   -0.917303113139807635E+01    0.180313794660145163E+03
    0.134082105445112143E+01    0.404391707364609942E+03   -0.100586157804259813E+01   -0.496813632020866702E+01   -0.976558472844580550E+01    0.180315281319866870E+03
    0.134284268420538577E+01    0.401532735755976432E+03   -0.109538631178328316E+01   -0.108693606656307296E+01   -0.874558104544355430E+01    0.180319488396051611E+03
    0.134303974891897049E+01    0.406307972209850277E+03   -0.102756405174877230E+01   -0.102705161760894903E+01   -0.773624485009248097E+01    0.180320514554468502E+03
    0.134293947060459851E+01    0.417437675896583357E+03   -0.106518126253949852E+01   -0.105002882021093846E+01   -0.114888344474823789E+02    0.180321322850994761E+03
    0.134429909461336483E+01    0.400167918250634898E+03   -0.102956475472939246E+01   -0.104994716654389642E+01   -0.103708023666744236E+02    0.180323785861328474E+03
    0.134306099379581290E+01    0.414932035315098346E+03   -0.102890782600876562E+01   -0.114803369703252400E+01   -0.113753248470596287E+02    0.180324719080848581E+03
    0.134368961266060860E+01    0.411635345308967146E+03   -0.111676421409326210E+01   -0.101332146994287520E+01   -0.669798019247916443E+01    0.180325741330280778E+03
    0.134284661795423199E+01    0.407892576208386743E+03   -0.100012226096706591E+01   -0.109607822660359666E+01   -0.112493972143040768E+02    0.180325925885099650E+03
    0.134313063441663183E+01    0.411181168572089973E+03   -0.106519764453067367E+01   -0.100646577196437370E+01   -0.644550386169671263E+01    0.180333045259210394E+03
    0.134298964762944273E+01    0.408640170672213628E+03   -0.110483254401206743E+01   -0.102750127044924255E+01   -0.804247451123345769E+01    0.180335321255996007E+03
    0.134303382761361911E+01    0.419369930175563411E+03   -0.106333091773894850E+01   -0.102823609906901936E+01   -0.736097778289165650E+01    0.180339128304970359E+03
    0.134297646830761264E+01    0.406937773746825883E+03   -0.101925938463931409E+01   -0.104841785993104963E+01   -0.823660184335692236E+01    0.180341873892997967E+03
    0.134117573562510839E+01    0.403029911426743126E+03   -0.100323970116668271E+01   -0.449550792662656118E+01   -0.955057969964284226E+01    0.180344361831222272E+03
    0.134394807783946924E+01    0.411818521761327020E+03   -0.103620962033247466E+01   -0.105229402421895912E+01   -0.798724877345397211E+01    0.180351573744608970E+03
    0.134309487095371183E+01    0.403944362176982679E+03   -0.104360576889797230E+01   -0.105578565729631180E+01   -0.605211120174749517E+01    0.180352791967552889E+03
    0.134300200291333272E+01    0.427837182647375244E+03   -0.102356683865582099E+01   -0.107506777485995109E+01   -0.113211223581780267E+02    0.180356569371126170E+03
    0.134295165844106346E+01    0.423724591314642737E+03   -0.103485426390072810E+01   -0.103447631065174406E+01   -0.898456830680885865E+01    0.180357733205284717E+03
    0.134365500398002125E+01    0.431376231853620254E+03   -0.106335715075708137E+01   -0.100525876456985763E+01   -0.938715109137431725E+01    0.180359635016563232E+03
    0.134298707665762374E+01    0.413016422159083447E+03   -0.106137611486635564E+01   -0.101912904011439842E+01   -0.951109826633661903E+01    0.180360677929016617E+03
    0.134314493611591779E+01    0.405974515288633029E+03   -0.103146514596619454E+01   -0.116639204213745273E+01   -0.896036973137187687E+01    0.180360797345926869E+03
    0.134322582783418376E+01    0.411923372655592914E+03   -0.108668999673245281E+01   -0.108962643390258584E+01   -0.114969600040383604E+02    0.180362428040191674E+03
    0.134333301009465034E+01    0.425578527365404739E+03   -0.102818041185548736E+01   -0.107558587007662965E+01   -0.103410472663500581E+02    0.180363434255133029E+03
    0.134127177202245584E+01    0.403333348618055652E+03   -0.100175706671966580E+01   -0.458715234255941251E+01   -0.117002097384865866E+02    0.180365795851339101E+03
    0.134307685711561353E+01    0.402640418935909224E+03   -0.119096423984566435E+01   -0.103771287684259761E+01   -0.820775210713675207E+01    0.180366379230533880E+03
    0.134364085821997947E+01    0.401299404377094788E+03   -0.112466360595302461E+01   -0.104012824305365292E+01   -0.650126063405359567E+01    0.180366789690988583E+03
    0.134289566585930653E+01    0.406885898376635680E+03   -0.106453610452434688E+01   -0.107302730252594181E+01   -0.103010919303490027E+02    0.180366970812604848E+03
    0.134077970526658174E+01    0.402705901990022141E+03   -0.100626659943835861E+01   -0.448112648989164430E+01   -0.974618607488246624E+01    0.180366991782512684E+03
    0.134362795069851249E+01    0.411131687609636913E+03   -0.108549178019786119E+01   -0.103526233199082540E+01   -0.655976765646252602E+01    0.180368390376772766E+03
    0.134410597083218253E+01    0.404243592444507044E+03   -0.103706152027480769E+01   -0.105951986831218825E+01   -0.101250281409654015E+02    0.180370354383132053E+03
    0.134350406634208519E+01    0.402467057037048107E+03   -0.116640798499214071E+01   -0.103301074973420093E+01   -0.710557227425933124E+01    0.180370673219202956E+03
    0.134346266663290637E+01    0.409549880834234841E+03   -0.102200939963938175E+01   -0.112854392926269931E+01   -0.786306598727820827E+01    0.180370741151833499E+03
    0.134337358080104585E+01    0.420289406956165521E+03   -0.101684431062919600E+01   -0.105458468473802114E+01   -0.612286634533925245E+01    0.180371121673386142E+03
    0.134310210985225287E+01    0.404215485202303284E+03   -0.119377084728133198E+01   -0.103999366345681921E+01   -0.109879776400806559E+02    0.180371750655066705E+03
    0.134321099673157662E+01    0.404023211604184098E+03   -0.121165119458289183E+01   -0.102302546441747744E+01   -0.796359164076292458E+01    0.180372544215853225E+03
    0.134086540001378784E+01    0.400868459296509229E+03   -0.100698446273104025E+01   -0.410218075592602460E+01   -0.108425460052359082E+02    0.180374035031748178E+03
    0.134360881928678477E+01    0.406913054225617088E+03   -0.119390155764573613E+01   -0.100320896049753827E+01   -0.101498509345683026E+02    0.180374164472306518E+03
    0.134331994926384635E+01    0.416953058817120223E+03   -0.109646908008962818E+01   -0.101424175709709097E+01   -0.654170114559225180E+01    0.180376740822446664E+03
    0.134336395305597511E+01    0.413887386640502768E+03   -0.118866657970156275E+01   -0.100425633978390572E+01   -0.117119634693987340E+02    0.180378519158908546E+03
    0.134333307872353913E+01    0.406397843881525546E+03   -0.101512301896122104E+01   -0.110342404867397725E+01   -0.600115613355828259E+01    0.180379644880107548E+03
    0.134295613317320250E+01    0.422983919887172362E+03   -0.102974111398873269E+01   -0.104455048148161644E+01   -0.825743397000389834E+01    0.180380189677751673E+03
    0.134318133642770388E+01    0.402928356894076273E+03   -0.113365430177699622E+01   -0.107143480975634198E+01   -0.728019974286115090E+01    0.180380904078493529E+03
    0.134290084614346017E+01    0.409457247373690336E+03   -0.107509423546419747E+01   -0.108251879616882896E+01   -0.119112011336786292E+02    0.180382244773602167E+03
    0.134332887575474969E+01    0.410676785122731417E+03   -0.102108268308630379E+01   -0.103439577265236338E+01   -0.553162609945128469E+01    0.180382525930302052E+03
    0.134299321564026219E+01    0.410188437809941547E+03   -0.104434635696249423E+01   -0.114239625617388896E+01   -0.113487542416717897E+02    0.180384893374825083E+03
    0.134356663602196824E+01    0.410048505497228405E+03   -0.110062492367455178E+01   -0.105560242757676725E+01   -0.989118897736651270E+01    0.180385356068787530E+03
    0.134338935359429801E+01    0.404150335539450737E+03   -0.115097516091657504E+01   -0.105803187642269769E+01   -0.864264869913810685E+01    0.180385715242875449E+03
    0.134379090121406697E+01    0.410563336912250747E+03   -0.104183522420721708E+01   -0.100937630787549359E+01   -0.537787966662651584E+01    0.180385726555345059E+03
    0.134282968414017367E+01    0.402375454721093661E+03   -0.105217814504536022E+01   -0.110507780618832108E+01   -0.834985920500758638E+01    0.180385895607502675E+03
    0.134300801980075279E+01    0.434959516599634924E+03   -0.102270575112273576E+01   -0.104539303166458097E+01   -0.103311315292085162E+02    0.180386804229061056E+03
    0.134280748360024016E+01    0.401192470180873784E+03   -0.106570532446163746E+01   -0.113958608278632312E+01   -0.960701762199205334E+01    0.180388979724938679E+03
    0.134286329038732899E+01    0.401857701967241837E+03   -0.104828270401353052E+01   -0.117403983717985838E+01   -0.863150849591116653E+01    0.180392999163361651E+03
    0.134355284654153584E+01    0.407685100774258899E+03   -0.100247589828802575E+01   -0.109996134483514751E+01   -0.601943902009846177E+01    0.180396054844931314E+03
    0.134341714780721633E+01    0.411055901697252978E+03   -0.101816560383358201E+01   -0.113591716725083458E+01   -0.876014152499950782E+01    0.180396665472965708E+03
    0.134316923045950798E+01    0.404376657421660241E+03   -0.122150025056526523E+01   -0.100777466149375172E+01   -0.783557670512309645E+01    0.180399567149756933E+03
    0.134381815986332964E+01    0.403150211879392316E+03   -0.112253692325321808E+01   -0.103891731357955663E+01   -0.108606618581024179E+02    0.180399843264613253E+03
    0.134303175786007212E+01    0.415056441710672004E+03   -0.103326236257483650E+01   -0.102077127979828575E+01   -0.108750893795002668E+02    0.180400499686869409E+03
    0.134305810899557554E+01    0.400588059470519511E+03   -0.104577284702862450E+01   -0.118506314272916669E+01   -0.105684826769238036E+02    0.180401161274798767E+03
    0.134312556998390242E+01    0.432488099903300167E+03   -0.101836440860063782E+01   -0.103384545507837089E+01   -0.712622881023878385E+01    0.180402493692876760E+03
    0.134310217598094139E+01    0.416143212302610777E+03   -0.112557711205550603E+01   -0.101596775358728131E+01   -0.886743433032420292E+01    0.180403193980993592E+03
    0.134297831439777937E+01    0.424224598216311790E+03   -0.101140521317035592E+01   -0.111471254272911935E+01   -0.100689711192505413E+02    0.180403309487317301E+03
    0.134322865396463187E+01    0.409247251533743167E+03   -0.110693656518403039E+01   -0.107683103212302456E+01   -0.956029278682397887E+01    0.180404632123257386E+03
    0.134294694515833712E+01    0.410480013802170390E+03   -0.108398433959560947E+01   -0.107276432651358888E+01   -0.875923763929326959E+01    0.180407179785975359E+03
    0.134410143635612767E+01    0.400910916245559747E+03   -0.103749069363609081E+01   -0.106806118425158303E+01   -0.119295709958024467E+02    0.180409367355223822E+03
    0.134301023344807313E+01    0.417653744649414250E+03   -0.103780044358656198E+01   -0.102442763236056500E+01   -0.117879817624056287E+02    0.180410016620782585E+03
    0.134357627407410019E+01    0.403741578013419200E+03   -0.117514929644497990E+01   -0.102619786980288197E+01   -0.813498614712680812E+01    0.180411937151217558E+03
    0.134350849822395157E+01    0.403717101036411293E+03   -0.104459759319868262E+01   -0.113239220346977731E+01   -0.119825799862164022E+02    0.180413868748606603E+03
    0.134332045396356214E+01    0.441386495974626257E+03   -0.100633157997379108E+01   -0.103660587828100326E+01   -0.866840005713029527E+01    0.180414199077909473E+03
    0.134416792535680396E+01    0.410472758550609058E+03   -0.101861209566385291E+01   -0.104012489378196271E+01   -0.105107441793368785E+02    0.180417184721762965E+03
    0.134313454637783614E+01    0.405761672082053167E+03   -0.116683733063152495E+01   -0.103294606737289563E+01   -0.868030277370429459E+01    0.180417741217420939E+03
    0.134347865725293825E+01    0.419999896363980042E+03   -0.109994085203053160E+01   -0.102807037531393064E+01   -0.109250800144669107E+02    0.180418196777267099E+03
    0.134293934426263095E+01    0.422712109038149606E+03   -0.100841282123334253E+01   -0.111636718665532442E+01   -0.947748048963305401E+01    0.180418231951066787E+03
    0.134381915883331815E+01    0.419205752785970787E+03   -0.104755656462783797E+01   -0.103404140837949576E+01   -0.941646115206178536E+01    0.180419821135977031E+03
    0.134393697759905706E+01    0.410206662826308104E+03   -0.106532847674119857E+01   -0.103422764423736524E+01   -0.806474199949957438E+01    0.180420473960867355E+03
    0.134102976485316683E+01    0.403339874956941003E+03   -0.100846061093562334E+01   -0.473638275093190142E+01   -0.105929510522381172E+02    0.180420583508816719E+03
    0.134308056362465500E+01    0.414154008060431011E+03   -0.114743078788298192E+01   -0.100950145010148518E+01   -0.837617795305313706E+01    0.180421381000537906E+03
    0.134288022129941709E+01    0.401725097446315374E+03   -0.105328628232196309E+01   -0.117041065137932421E+01   -0.113283093521190068E+02    0.180424095974380862E+03
    0.134368943860664625E+01    0.402081564935082440E+03   -0.100367388373405930E+01   -0.104930407062752629E+01   -0.499716428521333622E+01    0.180424656975861865E+03
    0.134087823269539141E+01    0.401149313965782767E+03   -0.100469937605725512E+01   -0.410441322149881316E+01   -0.107959205863831542E+02    0.180426872723483427E+03
    0.134310423755966490E+01    0.432231044555028291E+03   -0.105477550092905759E+01   -0.101927748637826632E+01   -0.866009348554761083E+01    0.180428462828570503E+03
    0.134308396673266772E+01    0.413536853887959637E+03   -0.112168180033614640E+01   -0.104918576763454574E+01   -0.117663919936163737E+02    0.180431521746537328E+03
    0.134305229305079843E+01    0.432938996029850728E+03   -0.103889879572154875E+01   -0.102734835575984285E+01   -0.104370059252676732E+02    0.180433214501607779E+03
    0.134306848014288627E+01    0.410640174587356796E+03   -0.105279468837014711E+01   -0.101286915995088300E+01   -0.765415569693014142E+01    0.180433822870142706E+03
    0.134291696183205422E+01    0.409954745221423536E+03   -0.100491465751371400E+01   -0.113740566074918625E+01   -0.723296180065402439E+01    0.180437103607909876E+03
    0.134308781872417371E+01    0.417098933683490543E+03   -0.110726355932071563E+01   -0.100748596916300137E+01   -0.866137581163893699E+01    0.180440080466240715E+03
    0.134294548949287784E+01    0.410643014531423319E+03   -0.107266618420570481E+01   -0.109057913251003313E+01   -0.104713784982345075E+02    0.180440439039869034E+03
    0.134321839454679948E+01    0.408671558718301299E+03   -0.100205859815691589E+01   -0.108854827714209179E+01   -0.591770061039232775E+01    0.180441758834348832E+03
    0.134303625096829959E+01    0.408255725759423115E+03   -0.106924502701802915E+01   -0.108727555021458855E+01   -0.740942207448160062E+01    0.180442715024658924E+03
    0.134306795651603683E+01    0.427871409769156969E+03   -0.102176585919364982E+01   -0.101935343691074465E+01   -0.784434475120158581E+01    0.180443325516190441E+03
    0.134292609800898832E+01    0.420094154285764603E+03   -0.100171354077918906E+01   -0.108886552732802144E+01   -0.806342724230609420E+01    0.180444944404610794E+03
    0.134301271610693385E+01    0.433430467376277079E+03   -0.100921199579440035E+01   -0.105710045960548271E+01   -0.962339444888041839E+01    0.180445225181957483E+03
    0.134363446870888259E+01    0.419139826403599272E+03   -0.107807823106758427E+01   -0.103045740333064373E+01   -0.974903563249397465E+01    0.180450413625074020E+03
    0.134316711589599613E+01    0.401153534505606331E+03   -0.101469233015670746E+01   -0.116419937102263482E+01   -0.657196392390223849E+01    0.180451101565976785E+03
    0.134303741555717626E+01    0.406376938425366575E+03   -0.103851281759096281E+01   -0.109865584685102746E+01   -0.686301496490133012E+01    0.180456273676565331E+03
    0.134401826632166776E+01    0.401098557002373525E+03   -0.100601887248272703E+01   -0.110444427376940624E+01   -0.943323283252455624E+01    0.180457956005468702E+03
    0.134370618860417013E+01    0.405825412112730305E+03   -0.102273672369884139E+01   -0.109718612939613358E+01   -0.706022668296337130E+01    0.180459654342819363E+03
    0.134307036031205662E+01    0.406739151129378627E+03   -0.109464954373276591E+01   -0.105339162711677048E+01   -0.729540081194365975E+01    0.180459868075176587E+03
    0.134338988841104134E+01    0.416686521044709593E+03   -0.103476737953240061E+01   -0.109137511254164998E+01   -0.853989654296564815E+01    0.180463052227148694E+03
    0.134312007502214614E+01    0.403167685418341080E+03   -0.101781912683113873E+01   -0.105828688759274847E+01   -0.611750646179357727E+01    0.180471433043019488E+03
    0.134369015945825687E+01    0.402727377121667757E+03   -0.115425358031784242E+01   -0.103038251227590827E+01   -0.918582406317104017E+01    0.180472144742140870E+03
    0.134313644648081909E+01    0.409535018207201801E+03   -0.103846241013150298E+01   -0.106502464748268544E+01   -0.640030871342226604E+01    0.180472238183198101E+03
    0.134300404240172422E+01    0.400704638083435668E+03   -0.103208471745776365E+01   -0.119630610781300639E+01   -0.930414666131137480E+01    0.180472673805614988E+03
    0.134371731965730890E+01    0.424068717964551865E+03   -0.104028028813098494E+01   -0.103575279307102974E+01   -0.106183951247904442E+02    0.180474787415980416E+03
    0.134305908815684361E+01    0.409348006277824766E+03   -0.112912141743059102E+01   -0.104006679402397850E+01   -0.108889458844209646E+02    0.180476013258974831E+03
    0.134350892330188421E+01    0.404968866331613810E+03   -0.103478684982578883E+01   -0.113409708645310126E+01   -0.994714137040975110E+01    0.180477088030232437E+03
    0.134390620665623683E+01    0.407165331199759351E+03   -0.109830879263790138E+01   -0.102452673319450760E+01   -0.115330572492651484E+02    0.180477269270041916E+03
    0.134308677617029359E+01    0.411884607765801377E+03   -0.109516213471382251E+01   -0.107316392528701599E+01   -0.946788846859737276E+01    0.180478047455172259E+03
    0.134377879522136690E+01    0.402213883470285396E+03   -0.105685392119619515E+01   -0.108407030529643222E+01   -0.774308180013053970E+01    0.180479402696806687E+03
    0.134350833411460835E+01    0.406081602274874285E+03   -0.115365523990108798E+01   -0.103005216828152690E+01   -0.914473969354256155E+01    0.180480465828706997E+03
    0.134364699566151868E+01    0.420920072431636811E+03   -0.108186598462083872E+01   -0.101074139611137781E+01   -0.732043430558688524E+01    0.180480492928363390E+03
    0.134345478679098562E+01    0.413477718814942648E+03   -0.102677668477899253E+01   -0.109133314679082360E+01   -0.690530597570235649E+01    0.180484920276794128E+03
    0.134078445986561112E+01    0.400600244205786964E+03   -0.100411411184283850E+01   -0.497553586284182003E+01   -0.999675891242745607E+01    0.180485232637433626E+03
    0.134318729960369598E+01    0.420066790506167820E+03   -0.108539535480642790E+01   -0.104554101015666134E+01   -0.102295268757797650E+02    0.180489534473184733E+03
    0.134354533806518761E+01    0.401630203007512819E+03   -0.115402489613935622E+01   -0.104645111006816371E+01   -0.107155379939800479E+02    0.180491243588901341E+03
    0.134308361859521841E+01    0.430013949224584508E+03   -0.104015059739004734E+01   -0.103040503516739790E+01   -0.117827323284612664E+02    0.180491879759616154E+03
    0.134286592935985682E+01    0.410991708144629740E+03   -0.101783006706759238E+01   -0.111182315115808983E+01   -0.930339337517148124E+01    0.180491902286853872E+03
    0.134409005315115371E+01    0.409871665809316767E+03   -0.105134696190530974E+01   -0.102510595988845132E+01   -0.951223515218769577E+01    0.180493792783096978E+03
    0.134332335276333703E+01    0.406927058216655212E+03   -0.118032256092691767E+01   -0.101948000348592238E+01   -0.100398133510989336E+02    0.180495730452208988E+03
    0.134293447699642399E+01    0.404401797766298841E+03   -0.103134386288702196E+01   -0.106619681301592983E+01   -0.970698000602573430E+01    0.180496443540663392E+03
    0.134283393932926498E+01    0.401341276443167999E+03   -0.104648292350774952E+01   -0.114599022871881573E+01   -0.889361384386852905E+01    0.180496992740234646E+03
    0.134324050969181141E+01    0.406663053890734943E+03   -0.118177021831512619E+01   -0.101085351012130076E+01   -0.807213574787542143E+01    0.180497937006756615E+03
    0.134292209668624518E+01    0.406670165290612715E+03   -0.100230781408538050E+01   -0.109204122755764210E+01   -0.851706962016122837E+01    0.180498436257726723E+03
    0.134351462554619316E+01    0.401737273866689634E+03   -0.111472261447143239E+01   -0.107465448591019275E+01   -0.934688367834863065E+01    0.180499433999493931E+03
    0.134288130136574102E+01    0.411918349753217456E+03   -0.100688097517544684E+01   -0.113167750346912932E+01   -0.800660857979770491E+01    0.180499790917175744E+03
    0.134300526006665977E+01    0.400918530711200731E+03   -0.113226714763986003E+01   -0.107687206005629577E+01   -0.100548861571888608E+02    0.180500972975071022E+03
    0.134325363515798601E+01    0.404277127325322340E+03   -0.117728599861647076E+01   -0.103427367653133295E+01   -0.798064733051821484E+01    0.180502065697795672E+03
    0.134299710942573158E+01    0.412287618382727032E+03   -0.106741035070564649E+01   -0.104087980498584720E+01   -0.853837801318397283E+01    0.180502216174238413E+03
    0.134324371063736847E+01    0.410676290433883480E+03   -0.109060921204111594E+01   -0.107843837180865698E+01   -0.103279496821490149E+02    0.180504163004151735E+03
    0.134379881552536395E+01    0.417964127822607793E+03   -0.107498178882929807E+01   -0.101644979576206040E+01   -0.989919664570181546E+01    0.180505561867739345E+03
    0.134365420534938096E+01    0.409087087357504515E+03   -0.113984317082122821E+01   -0.101825625044041246E+01   -0.104753221282177940E+02    0.180506107033896569E+03
    0.134312757424768758E+01    0.411199028202770819E+03   -0.112648175179991128E+01   -0.101048125232189889E+01   -0.757925789598613697E+01    0.180509287351224714E+03
    0.134333588306657048E+01    0.401920209632986825E+03   -0.118484283902971832E+01   -0.102741960369741214E+01   -0.747556992571082901E+01    0.180511668371546932E+03
    0.134301697396345565E+01    0.420728428083074732E+03   -0.100347082941790688E+01   -0.103488102982018404E+01   -0.115256384126004683E+02    0.180513253029610155E+03
    0.134355966560497375E+01    0.404958047792819912E+03   -0.111844260306135368E+01   -0.104213658407535803E+01   -0.694686414305865796E+01    0.180517337453412893E+03
    0.134074278762836308E+01    0.402443097529340150E+03   -0.100082363410986908E+01   -0.448215258198344557E+01   -0.114605378728330614E+02    0.180519592075227820E+03
    0.134295696423262401E+01    0.416384800965051681E+03   -0.101096025864805839E+01   -0.111864589880354970E+01   -0.115610010496922637E+02    0.180520750008644370E+03
    0.134324541509971085E+01    0.402998542519827367E+03   -0.110193050341455034E+01   -0.106723492568448997E+01   -0.669972169366605996E+01    0.180521351741611795E+03
    0.134299663414794179E+01    0.410156848892066250E+03   -0.101222369849340943E+01   -0.105432745517084392E+01   -0.833899807470083942E+01    0.180521918420033899E+03
    0.134331738372246967E+01    0.428239304378121972E+03   -0.108641060493620500E+01   -0.100605269496583460E+01   -0.927138038820881327E+01    0.180522065792776118E+03
    0.134326891958383388E+01    0.400727048270737782E+03   -0.116288040340709742E+01   -0.105785184813752764E+01   -0.914759444191829019E+01    0.180523072443113733E+03
    0.134317693885772149E+01    0.402205127041666458E+03   -0.111174419907906596E+01   -0.102182386234098388E+01   -0.648138732785165317E+01    0.180525974777556200E+03
    0.134362925473812278E+01    0.413480071734860132E+03   -0.100218244262840273E+01   -0.111120920469483053E+01   -0.842200608554537666E+01    0.180529502682763905E+03
    0.134347167464874317E+01    0.405104849096161388E+03   -0.120493696953739793E+01   -0.100154975193998830E+01   -0.110641385646269370E+02    0.180529784799192839E+03
    0.134304697549464103E+01    0.421284082763731192E+03   -0.104549002966145999E+01   -0.102174963722279166E+01   -0.103299606626819038E+02    0.180532683530734744E+03
    0.134321281782314972E+01    0.425349204019258195E+03   -0.100904537531233984E+01   -0.108732727033448739E+01   -0.106769910803211641E+02    0.180535947028671615E+03
    0.134325513687684239E+01    0.401917144800871768E+03   -0.112890210005387992E+01   -0.108024848911010096E+01   -0.990142579588147775E+01    0.180538035086115428E+03
    0.134361309704764520E+01    0.409947064914697080E+03   -0.102912360399559866E+01   -0.110042694748028147E+01   -0.954500424411370751E+01    0.180538195922735611E+03
    0.134323080896751912E+01    0.412607447597272653E+03   -0.112440368618219821E+01   -0.101871160135107175E+01   -0.721538434390851702E+01    0.180538907062718181E+03
    0.134344837370602765E+01    0.439250398108162358E+03   -0.103470771699345931E+01   -0.100425117110423123E+01   -0.109718145952616855E+02    0.180540323908565767E+03
    0.134334766491617441E+01    0.404121443059723276E+03   -0.117246957129257190E+01   -0.103739028913792275E+01   -0.900750099876183086E+01    0.180540852595279034E+03
    0.134378801250886104E+01    0.423466604338574029E+03   -0.107256636883643353E+01   -0.100229008593858282E+01   -0.862724160020264819E+01    0.180541124561515744E+03
    0.134395466757771387E+01    0.417803553700493865E+03   -0.102991988600369666E+01   -0.102955290773640940E+01   -0.105210443870421813E+02    0.180541219411567056E+03
    0.134404465871574419E+01    0.405216462323603253E+03   -0.100808321177701998E+01   -0.107670313338066848E+01   -0.110039497250872049E+02    0.180542302742268021E+03
    0.134302736862520078E+01    0.413290952965530323E+03   -0.108883932715495391E+01   -0.104951893348245662E+01   -0.945604671692308152E+01    0.180543680269699109E+03
    0.134324546562116987E+01    0.409718552586346220E+03   -0.118208275362931481E+01   -0.100435028896369083E+01   -0.119407979640978734E+02    0.180544943751697247E+03
    0.134333765838602215E+01    0.408018235023982697E+03   -0.107425017210788809E+01   -0.101301840548670263E+01   -0.599187932476373497E+01    0.180545723787334566E+03
    0.134303017636036826E+01    0.400726370431300325E+03   -0.112828354520358509E+01   -0.107798555017032349E+01   -0.117667930478664271E+02    0.180550185372216049E+03
    0.134319763375587820E+01    0.403537819023227371E+03   -0.100171637161647631E+01   -0.117431829119541753E+01   -0.690072908948340036E+01    0.180553433630451536E+03
    0.134294827352138024E+01    0.402567491558262759E+03   -0.100705601098343855E+01   -0.120872594159740565E+01   -0.826118036352618823E+01    0.180556376277246159E+03
    0.134318503734763572E+01    0.405022573344239618E+03   -0.100682151531684561E+01   -0.111948668481912605E+01   -0.639382403277291278E+01    0.180557007575773412E+03
    0.134337373939509530E+01    0.407837961278795262E+03   -0.105874392542881246E+01   -0.110313534935094637E+01   -0.103765365205328184E+02    0.180557391710580873E+03
    0.134295208391201815E+01    0.407745161485343544E+03   -0.104444962986240419E+01   -0.111001346748855845E+01   -0.887684938758383169E+01    0.180559374154933721E+03
    0.134381064894668589E+01    0.403033193612352648E+03   -0.113345836289343538E+01   -0.102423546902367590E+01   -0.838775886382968139E+01    0.180561536612353052E+03
    0.134366531456412552E+01    0.415863292812768520E+03   -0.104172791380558749E+01   -0.104893832860716429E+01   -0.744556516675666114E+01    0.180562105689288614E+03
    0.134335495384857184E+01    0.403527112491273783E+03   -0.105427721123618667E+01   -0.106702386039130559E+01   -0.596649036866498150E+01    0.180565684813632913E+03
    0.134316460699058338E+01    0.419421416023165250E+03   -0.104030591434319142E+01   -0.107518092595584314E+01   -0.822401620648125942E+01    0.180576101492760984E+03
    0.134315034605771322E+01    0.431619143073603993E+03   -0.101142840948338630E+01   -0.105920429590202936E+01   -0.118939713567220799E+02    0.180578735874020310E+03
    0.134350769649407353E+01    0.406010578728115888E+03   -0.106943280879309199E+01   -0.108452694249027104E+01   -0.874568159503843923E+01    0.180582088693529613E+03
    0.134345829317927579E+01    0.416639410521566447E+03   -0.105258185869880805E+01   -0.101797860608076363E+01   -0.624137653702600215E+01    0.180584422968166564E+03
    0.134350822679887760E+01    0.401237552922681004E+03   -0.111457264692422520E+01   -0.106356401393813371E+01   -0.752760800619530457E+01    0.180584987953481289E+03
    0.134305111476903516E+01    0.419298200414538712E+03   -0.101068692721609743E+01   -0.103215457455667803E+01   -0.113204984954998800E+02    0.180585013273681625E+03
    0.134380466394413478E+01    0.413140935343657702E+03   -0.101994130639186409E+01   -0.107234448588940801E+01   -0.875863609342541061E+01    0.180585824394418978E+03
    0.134429757729513688E+01    0.407171579973811788E+03   -0.105140505460609823E+01   -0.100042135328699899E+01   -0.102090274508782350E+02    0.180589245944822210E+03
    0.134305194741583200E+01    0.405828733586778469E+03   -0.109465105679642072E+01   -0.105807421549194558E+01   -0.894852663919588842E+01    0.180589806929636268E+03
    0.134392516576129983E+01    0.420662440365944974E+03   -0.100106517503125581E+01   -0.104524058284390264E+01   -0.892033673720240827E+01    0.180590964970729658E+03
    0.134368938015890826E+01    0.408406010622859981E+03   -0.115931147962495018E+01   -0.100079617977581137E+01   -0.968395525154131320E+01    0.180591547157987407E+03
    0.134335854640279573E+01    0.406442249421198937E+03   -0.102716980503437050E+01   -0.109922959283320054E+01   -0.654797955185379887E+01    0.180592932560681561E+03
    0.134310912298356744E+01    0.424520871579137236E+03   -0.100324108050316951E+01   -0.110488798414800193E+01   -0.103558899399325597E+02    0.180595172332343509E+03
    0.134324982688374206E+01    0.401752953001847004E+03   -0.105032240666352195E+01   -0.114280385599789014E+01   -0.823356976695473541E+01    0.180595673574845193E+03
    0.134366350088982589E+01    0.410615568699826156E+03   -0.112363270399727000E+01   -0.101059593609093668E+01   -0.745700672115834884E+01    0.180598015096049835E+03
    0.134338599347262377E+01    0.404887892952360119E+03   -0.105268768718785566E+01   -0.110989779459088211E+01   -0.736253732366710167E+01    0.180599025776273038E+03
    0.134307394330037866E+01    0.405306982026092726E+03   -0.109930690878788262E+01   -0.103112631156562706E+01   -0.106697813374786126E+02    0.180599514838600214E+03
    0.134321840380434954E+01    0.400634608393531551E+03   -0.112763263856363594E+01   -0.105451456780881792E+01   -0.706806249624951111E+01    0.180600192920744291E+03
    0.134308027969107768E+01    0.426156338043728340E+03   -0.101075659976303101E+01   -0.103884968658801391E+01   -0.984692224781430170E+01    0.180607746883182358E+03
    0.134329013821302357E+01    0.406793121394628940E+03   -0.108608170683970151E+01   -0.101379402135724739E+01   -0.635919309764945240E+01    0.180612761094053326E+03
    0.134313657207452208E+01    0.420828529133828965E+03   -0.102367643869826530E+01   -0.105868594310277508E+01   -0.732774961179073347E+01    0.180614468813828751E+03
    0.134358623237164831E+01    0.424220181124973237E+03   -0.101549426252482178E+01   -0.106167998895554838E+01   -0.957189989933682739E+01    0.180614600719994030E+03
    0.134298457111905978E+01    0.407630668509453130E+03   -0.101066019096414017E+01   -0.107269442773810653E+01   -0.112897912047601494E+02    0.180614966654119712E+03
    0.134317927585040264E+01    0.421868802260455027E+03   -0.109667600122950581E+01   -0.100760218782512823E+01   -0.108999063395278206E+02    0.180615710578115795E+03
    0.134300670531355726E+01    0.403810577502991009E+03   -0.102345320287251518E+01   -0.105647917832014571E+01   -0.910601417903550647E+01    0.180617546254973092E+03
    0.134307854850736752E+01    0.400659988095219205E+03   -0.115077024597891509E+01   -0.103915726588222768E+01   -0.999370470443297876E+01    0.180617587941535305E+03
    0.134336904316747385E+01    0.425899889907580700E+03   -0.106201551961846086E+01   -0.102239935912762903E+01   -0.896363278986906842E+01    0.180618115654868177E+03
    0.134332836202217742E+01    0.433164730037316929E+03   -0.101277370300394054E+01   -0.104867403606578691E+01   -0.944027719567955259E+01    0.180618547769936129E+03
    0.134377871082757916E+01    0.410691918374049806E+03   -0.106151826066412980E+01   -0.104879797871736535E+01   -0.118722414817906010E+02    0.180619540316532948E+03
    0.134329819481203816E+01    0.420617977140777441E+03   -0.110541505485052305E+01   -0.101173454771781124E+01   -0.862411588223144321E+01    0.180619683171279632E+03
    0.134350103787273234E+01    0.402038898667506828E+03   -0.107018693646207197E+01   -0.109391562495382466E+01   -0.749059884713408497E+01    0.180620941699958280E+03
    0.134330125817625001E+01    0.400134972530440336E+03   -0.100897622209480353E+01   -0.119386194349036678E+01   -0.987004442424064621E+01    0.180621943375620674E+03
    0.134312728797760661E+01    0.401207609449447659E+03   -0.101260115615379220E+01   -0.102577317155901504E+01   -0.990770745293764143E+01    0.180623700817753161E+03
    0.134086453213502743E+01    0.400401137299184427E+03   -0.100703802160684575E+01   -0.455059482005499838E+01   -0.115491092199626557E+02    0.180628091163783949E+03
    0.134310413584289456E+01    0.412260552033390638E+03   -0.108101482622874379E+01   -0.100811909891578821E+01   -0.921166948723616130E+01    0.180629470777582242E+03
    0.134344624106630173E+01    0.413639269278533732E+03   -0.107885800061973924E+01   -0.105868471607243997E+01   -0.112878334722400488E+02    0.180631094816469840E+03
    0.134310295991041051E+01    0.410907966486892292E+03   -0.105138112111044535E+01   -0.109937271726784225E+01   -0.844637437141747327E+01    0.180632705232508613E+03
    0.134294530008758262E+01    0.414479179628828888E+03   -0.100699360718473230E+01   -0.113605184913775048E+01   -0.108722669928119018E+02    0.180633109366752478E+03
    0.134322083036848339E+01    0.435792347035255716E+03   -0.100237991301143481E+01   -0.102745518551272674E+01   -0.838952258465656797E+01    0.180636202513063608E+03
    0.134108292814940233E+01    0.401855016225722125E+03   -0.100426755695298198E+01   -0.460757842932630357E+01   -0.112402064039989327E+02    0.180637253379411106E+03
    0.134344963806885187E+01    0.400385064598787551E+03   -0.102935385131993584E+01   -0.115283038713551100E+01   -0.114021885819900710E+02    0.180637789643922986E+03
    0.134312707690723876E+01    0.407963646187393636E+03   -0.111338389591065834E+01   -0.100894027929878050E+01   -0.115761730291106435E+02    0.180638243959919294E+03
    0.134098755353013366E+01    0.402093909725902336E+03   -0.100440478789483478E+01   -0.464270581178920061E+01   -0.106001672453511766E+02    0.180639154354831931E+03
    0.134307053632169748E+01    0.409577158025780932E+03   -0.103005588814379934E+01   -0.104241459478519616E+01   -0.786249233073391096E+01    0.180642540006796025E+03
    0.134344666094775977E+01    0.402218665499267672E+03   -0.105356168648557436E+01   -0.105436077872117373E+01   -0.582290305952781040E+01    0.180644305080823415E+03
    0.134409648055330999E+01    0.412482695245927459E+03   -0.101267458685284417E+01   -0.100726827099007465E+01   -0.599391439420341055E+01    0.180645662801154231E+03
    0.134328872196535687E+01    0.406106335115425509E+03   -0.100328479096215872E+01   -0.112755681139269015E+01   -0.847152159166583019E+01    0.181032694881702128E+03
    0.134348688364269231E+01    0.416404901013036351E+03   -0.101477988063125757E+01   -0.105999672078932683E+01   -0.663402755667219601E+01    0.180679331512704323E+03
    0.134378425178571681E+01    0.414122187809986940E+03   -0.100311322357232235E+01   -0.100862737059219043E+01   -0.636828609687273772E+01    0.181314262287025031E+03
    0.134338094536910790E+01    0.408671214858092526E+03   -0.100920092194124678E+01   -0.106395008604872565E+01   -0.594731137381338559E+01    0.180682502807304616E+03
    0.134365247320178915E+01    0.417357464301947175E+03   -0.102563827394471119E+01   -0.103142114539489782E+01   -0.695124915478847605E+01    0.180875338977966067E+03
    0.134392286356738877E+01    0.408177028025531058E+03   -0.100973862045455220E+01   -0.106302932567833786E+01   -0.752124755348685792E+01    0.180811426629549771E+03
    0.134362288794047569E+01    0.404666636557815821E+03   -0.103853926504539729E+01   -0.103100561540318836E+01   -0.660390524756146213E+01    0.181309730128835611E+03
    0.134362288794047569E+01    0.404666636557815821E+03   -0.103853926504539729E+01   -0.103100561540318836E+01   -0.660390524756146213E+01    0.181309730128835611E+03
    0.134365670424611539E+01    0.405822415926699364E+03   -0.100873380489916720E+01   -0.106735503364824247E+01   -0.604511960553199046E+01    0.180760409397386468E+03
    0.134352921685311144E+01    0.401671439235223090E+03   -0.101486466048367419E+01   -0.107472497709617265E+01   -0.682966835094088420E+01    0.181306051765848167E+03
    0.134352921685311144E+01    0.401671439235223090E+03   -0.101486466048367419E+01   -0.107472497709617265E+01   -0.682966835094088420E+01    0.181306051765848167E+03
    0.134308951470776861E+01    0.401024366912752441E+03   -0.100138625003780213E+01   -0.112188858482079468E+01   -0.692549292768572400E+01    0.180864531790600495E+03
    0.134349258770992863E+01    0.408035979732874580E+03   -0.102080277496011718E+01   -0.101228834879579033E+01   -0.612376249710837861E+01    0.181040475381919805E+03
    0.134320863568966686E+01    0.409321539482558819E+03   -0.101135975998523975E+01   -0.109173183444615240E+01   -0.701026173176230394E+01    0.180847410183400939E+03
    0.134324512405701602E+01    0.402230374329828123E+03   -0.100653309108808209E+01   -0.106139994726817655E+01   -0.629839340464198116E+01    0.180873281808472257E+03
    0.134388884027233435E+01    0.403515281830688139E+03   -0.102404072422722336E+01   -0.105975475709162303E+01   -0.703123973139804459E+01    0.180996473625782471E+03
    0.134327313647115409E+01    0.404329831717530112E+03   -0.105161938567226088E+01   -0.107484428028835666E+01   -0.645222645881279178E+01    0.180731464565223462E+03
    0.134382080457685649E+01    0.403063797370337284E+03   -0.103218428196313816E+01   -0.100345551868053562E+01   -0.620291144916324466E+01    0.181454837449886952E+03
    0.134382080457685649E+01    0.403063797370337284E+03   -0.103218428196313816E+01   -0.100345551868053562E+01   -0.620291144916324466E+01    0.181454837449886952E+03
    0.134394518663420670E+01    0.402985561685245557E+03   -0.100370813069844722E+01   -0.100287787097641434E+01   -0.555862988346487885E+01    0.181296424168830242E+03
    0.134349107796248801E+01    0.402645749980665073E+03   -0.102300561563907344E+01   -0.105541670151703748E+01   -0.654001911855141760E+01    0.181241384316851736E+03
    0.134340104272106098E+01    0.404967276887372407E+03   -0.100392446263306034E+01   -0.106785265286150377E+01   -0.638753114467718053E+01    0.181141053286284375E+03
    0.134378296370627104E+01    0.412080560080828093E+03   -0.100947113725857562E+01   -0.100117521075473448E+01   -0.534002965720987532E+01    0.180755584926394192E+03
    0.134432379866959506E+01    0.407836037307510480E+03   -0.100342570357696204E+01   -0.100496637078573059E+01   -0.668719139388818551E+01    0.180806705597456414E+03
    0.134395460905494546E+01    0.406743332653860818E+03   -0.100339502800674119E+01   -0.105872710548563731E+01   -0.712945429604978997E+01    0.180912837855753367E+03
    0.134339547401022696E+01    0.410431253157500066E+03   -0.100931403270617892E+01   -0.108585499556178178E+01   -0.672616795998015249E+01    0.180858762810788051E+03
    0.134341137652570386E+01    0.406362431278829945E+03   -0.102032599481683484E+01   -0.102962490734429934E+01   -0.689571478135830240E+01    0.181193639290942599E+03
    0.134341137652570386E+01    0.406362431278829945E+03   -0.102032599481683484E+01   -0.102962490734429934E+01   -0.689571478135830240E+01    0.181193639290942599E+03
    0.134349986804109167E+01    0.400354639141345388E+03   -0.101398474878764056E+01   -0.106459631766943019E+01   -0.723808443545941316E+01    0.181500682221031070E+03
    0.134345697586171209E+01    0.400549872758083950E+03   -0.101439590852564976E+01   -0.101115363807261183E+01   -0.603030900975933370E+01    0.181070348685424278E+03
    0.134378496061757513E+01    0.404609116649427108E+03   -0.102693400711196503E+01   -0.106475460834697522E+01   -0.653570553743288674E+01    0.180834849648344971E+03
    0.134345623213040333E+01    0.410616453518752451E+03   -0.100208605577961407E+01   -0.100865260777498023E+01   -0.658798932767522238E+01    0.181208236087914429E+03
    0.134345623213040333E+01    0.410616453518752451E+03   -0.100208605577961407E+01   -0.100865260777498023E+01   -0.658798932767522238E+01    0.181208236087914429E+03
    0.134359095658473171E+01    0.402392064179866566E+03   -0.102928724317968801E+01   -0.101412930565074433E+01   -0.632947424350008614E+01    0.181379141457327933E+03
    0.134376241917508277E+01    0.410029430591077187E+03   -0.101516326226514586E+01   -0.104054445379142280E+01   -0.591061069916144266E+01    0.180690437443554799E+03
    0.134332305169553812E+01    0.407567591810817532E+03   -0.101855227539806847E+01   -0.102364600748517631E+01   -0.627820839056353996E+01    0.180821148464345811E+03
    0.134326378837071192E+01    0.409788701811684518E+03   -0.101885975680137086E+01   -0.101504934657023504E+01   -0.710983507533474679E+01    0.180903630586541908E+03
    0.134363699250571633E+01    0.403829820594249099E+03   -0.104288620236920870E+01   -0.101696678728057321E+01   -0.668795331833049822E+01    0.181428334344258190E+03
    0.134363699250571633E+01    0.403829820594249099E+03   -0.104288620236920870E+01   -0.101696678728057321E+01   -0.668795331833049822E+01    0.181428334344258190E+03
    0.134395278486860614E+01    0.402386674964194810E+03   -0.102199353639536383E+01   -0.103075928063407218E+01   -0.699790205390698450E+01    0.181426685190255171E+03
    0.134343098947474937E+01    0.402086967152698094E+03   -0.100755702923063062E+01   -0.105642055404773494E+01   -0.620816659834600237E+01    0.181143978915539492E+03
    0.134343098947474937E+01    0.402086967152698094E+03   -0.100755702923063062E+01   -0.105642055404773494E+01   -0.620816659834600237E+01    0.181143978915539492E+03
    0.134390452077151434E+01    0.408008394643379290E+03   -0.101410498236533009E+01   -0.102130790880869426E+01   -0.583036591889585942E+01    0.180847282775250790E+03
    0.134328715521473230E+01    0.408772804183176504E+03   -0.101762780954337728E+01   -0.104142053791461819E+01   -0.643600468730516972E+01    0.180838688156638852E+03
    0.134333915697006812E+01    0.412081480311909388E+03   -0.102283494226739791E+01   -0.102125630634340325E+01   -0.696082303654913481E+01    0.181065448644033097E+03
    0.134330771513212999E+01    0.412169321582195607E+03   -0.101674552149945363E+01   -0.105913428473556159E+01   -0.644026170780167106E+01    0.180800527836875858E+03
    0.134396792314394431E+01    0.404758141492463608E+03   -0.103219763641273232E+01   -0.100693122157579573E+01   -0.718577458278873582E+01    0.181574738670207864E+03
    0.134396792314394431E+01    0.404758141492463608E+03   -0.103219763641273232E+01   -0.100693122157579573E+01   -0.718577458278873582E+01    0.181574738670207864E+03
    0.134385262147878715E+01    0.401843503258790406E+03   -0.100765708912864405E+01   -0.104961634711067120E+01   -0.697904684614000281E+01    0.181490732448554297E+03
    0.134385262147878715E+01    0.401843503258790406E+03   -0.100765708912864405E+01   -0.104961634711067120E+01   -0.697904684614000281E+01    0.181490732448554297E+03
    0.134324648399943425E+01    0.413877646863709401E+03   -0.100136189592823932E+01   -0.104028441820542739E+01   -0.688920991597398213E+01    0.180946373582078365E+03
    0.134333743189051580E+01    0.400444964049622342E+03   -0.103817862381429293E+01   -0.103194488602804313E+01   -0.664642541194349423E+01    0.181071592850477600E+03
    0.134375274831308822E+01    0.410150410599009547E+03   -0.103175123301219962E+01   -0.102258074726595183E+01   -0.670687543933300212E+01    0.181147271107365270E+03
    0.134381917344032642E+01    0.402562736108434137E+03   -0.100608445657233858E+01   -0.105962725657435897E+01   -0.830513983967132674E+01    0.181605487326384889E+03
    0.134381917344032642E+01    0.402562736108434137E+03   -0.100608445657233858E+01   -0.105962725657435897E+01   -0.830513983967132674E+01    0.181605487326384889E+03
    0.134379043080508076E+01    0.401342658864459793E+03   -0.100704217637399474E+01   -0.111662589594324579E+01   -0.789891202820480931E+01    0.180763953501493631E+03
    0.134358907831755436E+01    0.405943461323969814E+03   -0.102177043761501274E+01   -0.110880782331408767E+01   -0.781170573448785532E+01    0.180671458371904862E+03
    0.134295822241224827E+01    0.405357290372583179E+03   -0.100878983199244487E+01   -0.113974607266110617E+01   -0.810561229820243767E+01    0.180668895053123322E+03
    0.134350300559870650E+01    0.410245715549245574E+03   -0.101631489272375930E+01   -0.105902947405482095E+01   -0.769444306748730078E+01    0.181264404353374061E+03
    0.134350300559870650E+01    0.410245715549245574E+03   -0.101631489272375930E+01   -0.105902947405482095E+01   -0.769444306748730078E+01    0.181264404353374061E+03
    0.134339630021135026E+01    0.404779316658905259E+03   -0.107660409925533429E+01   -0.102258379174616465E+01   -0.788290440363424061E+01    0.181266201080783105E+03
    0.134312872878936784E+01    0.405288814140442241E+03   -0.107068971984039685E+01   -0.105612447553816580E+01   -0.816308165400691088E+01    0.180769215542515326E+03
    0.134313693599087114E+01    0.401938426614314892E+03   -0.107474959798807213E+01   -0.106253700321477851E+01   -0.783708292967696440E+01    0.180876308532624932E+03
    0.134370130698614032E+01    0.401909875280821211E+03   -0.108856864729270342E+01   -0.102713079747415748E+01   -0.802358930861592867E+01    0.181242407088011419E+03
    0.134380577709627680E+01    0.407553638122240159E+03   -0.108826928382483779E+01   -0.100508050685145278E+01   -0.768180312586232361E+01    0.181055864337772618E+03
    0.134336871683386772E+01    0.402254424296120533E+03   -0.109758501311993584E+01   -0.105259314318063879E+01   -0.725698166649592569E+01    0.180891572874778092E+03
    0.134318850807609191E+01    0.403868511191307732E+03   -0.108123553504723802E+01   -0.107310640960807824E+01   -0.725128485385262689E+01    0.180750570052768467E+03
    0.134366523030573459E+01    0.411874501875166857E+03   -0.108739533338709649E+01   -0.101597918043342084E+01   -0.770900544328353732E+01    0.180898431985361924E+03
    0.134339855557240995E+01    0.401834451738662096E+03   -0.109754243200030999E+01   -0.106263970583560052E+01   -0.697162620904049390E+01    0.180720376271146449E+03
    0.134361423822253800E+01    0.408792843379839269E+03   -0.112410302518187777E+01   -0.100225735157856377E+01   -0.673518042326289290E+01    0.180672294914496831E+03
    0.134342400584072208E+01    0.413156765378067462E+03   -0.106956662284817661E+01   -0.103143992069477619E+01   -0.717698481627563112E+01    0.180876859891009531E+03
    0.134359359047460858E+01    0.412172485523097237E+03   -0.108306198369470863E+01   -0.102647664912744396E+01   -0.722481689897336654E+01    0.180762556998704952E+03
    0.134357132042158267E+01    0.403149744734959540E+03   -0.108161998343442889E+01   -0.100806762951520312E+01   -0.609925610166189003E+01    0.180991097395618397E+03
    0.134346687516528829E+01    0.402375048073305265E+03   -0.110360226364334402E+01   -0.104727567188032822E+01   -0.706428688233939805E+01    0.180824351752718599E+03
    0.134374657574309642E+01    0.404799265588917081E+03   -0.107753407573011550E+01   -0.100093228623157948E+01   -0.697528496604387982E+01    0.181354484391789072E+03
    0.134343175393827829E+01    0.411737293914355689E+03   -0.106351488885123047E+01   -0.100584092910874645E+01   -0.689866684261993157E+01    0.181044353348257346E+03
    0.134341269989643974E+01    0.412661984496666719E+03   -0.105451182884831063E+01   -0.104159128163631642E+01   -0.671433947809681975E+01    0.180785089166961086E+03
    0.134382147801417062E+01    0.400728404187120361E+03   -0.105387176870024746E+01   -0.100482651175715354E+01   -0.715230060773642862E+01    0.181632364853836691E+03
    0.134382147801417062E+01    0.400728404187120361E+03   -0.105387176870024746E+01   -0.100482651175715354E+01   -0.715230060773642862E+01    0.181632364853836691E+03
    0.134335316333329047E+01    0.406091894253441183E+03   -0.105074932813784727E+01   -0.102532247529129528E+01   -0.710181407500440720E+01    0.181054849376999869E+03
    0.134323755483926099E+01    0.403051093900001433E+03   -0.104173325997068922E+01   -0.109302309006010745E+01   -0.710354510136961625E+01    0.180922551668963138E+03
    0.134327431073738923E+01    0.410671549952650423E+03   -0.105986055631878173E+01   -0.102424452304255986E+01   -0.688095749760096886E+01    0.180824226650316405E+03
    0.134309339240579062E+01    0.403402062819415789E+03   -0.105765911656659739E+01   -0.106965015205273772E+01   -0.691238320839194476E+01    0.180672735478691266E+03
    0.134336542835846284E+01    0.410752089177328628E+03   -0.107375457781173722E+01   -0.101319995861078738E+01   -0.797349942110866383E+01    0.181096090350360726E+03
    0.134322094928047764E+01    0.415401016473664868E+03   -0.106520652229679236E+01   -0.102044735186230540E+01   -0.778083887370038418E+01    0.180747713294800633E+03
    0.134381668519242492E+01    0.412308152150290880E+03   -0.104291965169692702E+01   -0.103515852745892900E+01   -0.754449581775589184E+01    0.180846554713380613E+03
    0.134310201596164802E+01    0.407305519788387642E+03   -0.103297087484267891E+01   -0.106013014462194022E+01   -0.729456394267245756E+01    0.180700675363552023E+03
    0.134365308152413143E+01    0.411678491319524312E+03   -0.103987109118482834E+01   -0.103068560741014181E+01   -0.708792751104025776E+01    0.181101537224606261E+03
    0.134356015906897830E+01    0.405719114262760513E+03   -0.105351576320025231E+01   -0.100295626032002971E+01   -0.803533637793536926E+01    0.181473498338869490E+03
    0.134356015906897830E+01    0.405719114262760513E+03   -0.105351576320025231E+01   -0.100295626032002971E+01   -0.803533637793536926E+01    0.181473498338869490E+03
    0.134344394016189583E+01    0.411729210281194810E+03   -0.104138005256780630E+01   -0.108492064227349339E+01   -0.792754668637663862E+01    0.180707989571694384E+03
    0.134350208918228531E+01    0.407668245492218830E+03   -0.104349593733717860E+01   -0.108238790735253154E+01   -0.753479003295873184E+01    0.180765160437844258E+03
    0.134378255158025328E+01    0.409206835609130167E+03   -0.104852546160051752E+01   -0.102781618339433223E+01   -0.856133374034540040E+01    0.181200699369515860E+03
    0.134374348803273991E+01    0.411947826116134479E+03   -0.102885563789198997E+01   -0.106858629163899188E+01   -0.843638459076196234E+01    0.180708584614452832E+03
    0.134330170598005361E+01    0.412113155417335292E+03   -0.105140685243954479E+01   -0.103166836003319773E+01   -0.839756081020791001E+01    0.181096212701580725E+03
    0.134340981799542880E+01    0.411402179152161523E+03   -0.103714284057927664E+01   -0.107380980065017972E+01   -0.886492893109991087E+01    0.181005550488599056E+03
    0.134320253787115051E+01    0.415175444110224305E+03   -0.106787042789347275E+01   -0.100584708200789663E+01   -0.873444296611212323E+01    0.180759790215958901E+03
    0.134366017226911616E+01    0.412177614834396877E+03   -0.103745241083776563E+01   -0.104116401638652967E+01   -0.817579140657291070E+01    0.181144114247764435E+03
    0.134327842892310167E+01    0.416226419437415473E+03   -0.105502563088571577E+01   -0.103141225651424406E+01   -0.825470639188302613E+01    0.180874152706245980E+03
    0.134365781626495795E+01    0.417133576572800564E+03   -0.104992674183487722E+01   -0.102814190882122958E+01   -0.739288113257814228E+01    0.180748009049994607E+03
    0.134327955176451352E+01    0.415507616619235705E+03   -0.104722592365026124E+01   -0.100280739958535214E+01   -0.705340720049918080E+01    0.180773941953341932E+03
    0.134323555325655852E+01    0.414810784095443353E+03   -0.105728186785399281E+01   -0.105107441196092921E+01   -0.858730964447001277E+01    0.180898912383594734E+03
    0.134318681009100849E+01    0.410930430183288024E+03   -0.101806414890742047E+01   -0.102233115134564656E+01   -0.833476426682978477E+01    0.180888782055191768E+03
    0.134353284539705031E+01    0.403950563687095496E+03   -0.106888746712063920E+01   -0.105904235359775711E+01   -0.866901825325292563E+01    0.181150300799301078E+03
    0.134409792267886696E+01    0.400630327190254434E+03   -0.107809605905639394E+01   -0.102453575285297838E+01   -0.841570303002086995E+01    0.180735179011797186E+03
    0.134393197968160516E+01    0.401296351453897103E+03   -0.106747830787377040E+01   -0.104145488444246581E+01   -0.766050604778263633E+01    0.180857991075131281E+03
    0.134301517001212978E+01    0.409143506937812560E+03   -0.103473559110986990E+01   -0.108561047649520681E+01   -0.815581728130974781E+01    0.180674062969807608E+03
    0.134323945267211320E+01    0.409897411381589166E+03   -0.106664626648162830E+01   -0.102760553703675939E+01   -0.800523933757351358E+01    0.180940168399084484E+03
    0.134343150457362115E+01    0.406166073639458261E+03   -0.102112607951375978E+01   -0.105066575155088771E+01   -0.665779056848694228E+01    0.181093177105997995E+03
    0.134343150457362115E+01    0.406166073639458261E+03   -0.102112607951375978E+01   -0.105066575155088771E+01   -0.665779056848694228E+01    0.181093177105997995E+03
    0.134371853905981764E+01    0.405016891516039152E+03   -0.102816866224954495E+01   -0.102778522303195352E+01   -0.811054658599787182E+01    0.181572034274350074E+03
    0.134399918228576087E+01    0.405302080727875250E+03   -0.103900525378913677E+01   -0.102146800661296133E+01   -0.879512598444275362E+01    0.181243635212053164E+03
    0.134399918228576087E+01    0.405302080727875250E+03   -0.103900525378913677E+01   -0.102146800661296133E+01   -0.879512598444275362E+01    0.181243635212053164E+03
    0.134392446550743450E+01    0.408636020890525742E+03   -0.102291231598870525E+01   -0.104928990484663487E+01   -0.873316062317295305E+01    0.180958083060854790E+03
    0.134356124283118250E+01    0.401150583316460313E+03   -0.102231433309298758E+01   -0.112019541512457188E+01   -0.864254382901341955E+01    0.180994754239856263E+03
    0.134362727315655239E+01    0.404036494807731515E+03   -0.101906049601031690E+01   -0.104629769866025413E+01   -0.847835890047254104E+01    0.181684474481967698E+03
    0.134362727315655239E+01    0.404036494807731515E+03   -0.101906049601031690E+01   -0.104629769866025413E+01   -0.847835890047254104E+01    0.181684474481967698E+03
    0.134387687496160901E+01    0.407710647836478472E+03   -0.100413109419037205E+01   -0.100342240573846730E+01   -0.916107190901416146E+01    0.181901590311617724E+03
    0.134387687496160901E+01    0.407710647836478472E+03   -0.100413109419037205E+01   -0.100342240573846730E+01   -0.916107190901416146E+01    0.181901590311617724E+03
    0.134387687496160901E+01    0.407710647836478472E+03   -0.100413109419037205E+01   -0.100342240573846730E+01   -0.916107190901416146E+01    0.181901590311617724E+03
    0.134372713435002122E+01    0.408816333235041498E+03   -0.101895920539910279E+01   -0.100080223754204489E+01   -0.899807572335097028E+01    0.181779909928704058E+03
    0.134372713435002122E+01    0.408816333235041498E+03   -0.101895920539910279E+01   -0.100080223754204489E+01   -0.899807572335097028E+01    0.181779909928704058E+03
    0.134396241195392374E+01    0.402972328988331128E+03   -0.102660627216290479E+01   -0.106269079169185332E+01   -0.794757312814514094E+01    0.180936322209314142E+03
    0.134362676234567124E+01    0.402434390045691487E+03   -0.104028813975848067E+01   -0.108422407930462761E+01   -0.848024743935830827E+01    0.181104843518797736E+03
    0.134331882564433980E+01    0.400574996361019771E+03   -0.103833140894903941E+01   -0.100808823642785050E+01   -0.776385527416414067E+01    0.181107895994383114E+03
    0.134319886307628411E+01    0.406571816029107822E+03   -0.103375854815200618E+01   -0.105660986880337759E+01   -0.863833530473003641E+01    0.181030145551913336E+03
    0.134332460172715340E+01    0.403700642447735390E+03   -0.100939201641456577E+01   -0.113716691326157182E+01   -0.866539448757609421E+01    0.181091210517213369E+03
    0.134307911925717582E+01    0.405858479347535706E+03   -0.101308061450654563E+01   -0.115260861370875212E+01   -0.832056223751837365E+01    0.180709310044516826E+03
    0.134330516410157474E+01    0.405821635306002520E+03   -0.101913987848164744E+01   -0.102878020793090919E+01   -0.813564264558159422E+01    0.181171371135078402E+03
    0.134306634407628267E+01    0.409467780273909000E+03   -0.100557160885273511E+01   -0.113720838491190435E+01   -0.897105289685699248E+01    0.180815939725773376E+03
    0.134363198969475350E+01    0.405177086417088617E+03   -0.101636370841030477E+01   -0.108416942112189929E+01   -0.932708031334380294E+01    0.181192122894952490E+03
    0.134363198969475350E+01    0.405177086417088617E+03   -0.101636370841030477E+01   -0.108416942112189929E+01   -0.932708031334380294E+01    0.181192122894952490E+03
    0.134323610409829630E+01    0.404301652823131747E+03   -0.101102766300608593E+01   -0.114611525190117369E+01   -0.922854972666898377E+01    0.181018709537756422E+03
    0.134320480709238166E+01    0.409393568677056521E+03   -0.101748136853102622E+01   -0.104740948875542550E+01   -0.840536761453139469E+01    0.181050265093251994E+03
    0.134397238477559156E+01    0.405723118375250465E+03   -0.101497572202358022E+01   -0.106774210822424465E+01   -0.980725749321876172E+01    0.180792380780106157E+03
    0.134312313351446666E+01    0.405895074813353176E+03   -0.100389785427445410E+01   -0.110242146268636709E+01   -0.101165253264255597E+02    0.181043347741788864E+03
    0.134350182874802693E+01    0.404405674115159627E+03   -0.101213612455742563E+01   -0.103368364803344726E+01   -0.101967897497581550E+02    0.181714787181289353E+03
    0.134350182874802693E+01    0.404405674115159627E+03   -0.101213612455742563E+01   -0.103368364803344726E+01   -0.101967897497581550E+02    0.181714787181289353E+03
    0.134298840866551483E+01    0.400336265724716611E+03   -0.100422514408344021E+01   -0.113358944860608268E+01   -0.969927855294880636E+01    0.180950245084316862E+03
    0.134311168815613247E+01    0.400332436813140589E+03   -0.100923943887735312E+01   -0.116471972732804652E+01   -0.955203086068897633E+01    0.181008244071136119E+03
    0.134405477763910519E+01    0.401533707365743453E+03   -0.101516689511190172E+01   -0.104252444492626672E+01   -0.985131891696598494E+01    0.181425293877607771E+03
    0.134334650965090519E+01    0.401386338717741012E+03   -0.100418108796077021E+01   -0.114321883318514494E+01   -0.110814986753658733E+02    0.181200209123188188E+03
    0.134321457808782996E+01    0.401034064864814525E+03   -0.101570929914428376E+01   -0.109961478754862618E+01   -0.108166111207015270E+02    0.181291374685653977E+03
    0.134321457808782996E+01    0.401034064864814525E+03   -0.101570929914428376E+01   -0.109961478754862618E+01   -0.108166111207015270E+02    0.181291374685653977E+03
    0.134354609786272339E+01    0.402219791746635508E+03   -0.102045001587799966E+01   -0.107909947407246420E+01   -0.114617623241472888E+02    0.181508896545209041E+03
    0.134354609786272339E+01    0.402219791746635508E+03   -0.102045001587799966E+01   -0.107909947407246420E+01   -0.114617623241472888E+02    0.181508896545209041E+03
    0.134360129763329939E+01    0.401088998892873349E+03   -0.100800025658570291E+01   -0.115263646002068043E+01   -0.116676729561210202E+02    0.180672530519511440E+03
    0.134293591675908108E+01    0.400994993102979777E+03   -0.100717296616368657E+01   -0.120852611583538128E+01   -0.115624562428220017E+02    0.180674758398140398E+03
    0.134294879440126436E+01    0.402892436899342897E+03   -0.101186021476597432E+01   -0.116031636974671848E+01   -0.111517727626479779E+02    0.180831794018611220E+03
    0.134402622416424311E+01    0.402485564891042657E+03   -0.101889259067523952E+01   -0.103071531297151608E+01   -0.116260133833813182E+02    0.181583249588661772E+03
    0.134402622416424311E+01    0.402485564891042657E+03   -0.101889259067523952E+01   -0.103071531297151608E+01   -0.116260133833813182E+02    0.181583249588661772E+03
    0.134377844552917658E+01    0.400641185126335017E+03   -0.100807480166700536E+01   -0.101785331322801120E+01   -0.107665910362994417E+02    0.182043722728836997E+03
    0.134377844552917658E+01    0.400641185126335017E+03   -0.100807480166700536E+01   -0.101785331322801120E+01   -0.107665910362994417E+02    0.182043722728836997E+03
    0.134387095696577652E+01    0.400442956376046425E+03   -0.103671729964397663E+01   -0.101847142688803771E+01   -0.111511491962871574E+02    0.181816546610460875E+03
    0.134387095696577652E+01    0.400442956376046425E+03   -0.103671729964397663E+01   -0.101847142688803771E+01   -0.111511491962871574E+02    0.181816546610460875E+03
    0.134320635552277112E+01    0.401705329269283823E+03   -0.101346336032743167E+01   -0.115193026059039383E+01   -0.103830455129611252E+02    0.181041737564141272E+03
    0.134362864365821055E+01    0.402847769048015380E+03   -0.102240171154197412E+01   -0.109050538930164720E+01   -0.111824602284840786E+02    0.181274379784617736E+03
    0.134373250335515504E+01    0.401893714895584196E+03   -0.100169805246114407E+01   -0.112279045313489334E+01   -0.112936325216607187E+02    0.180962635123038126E+03
    0.134300548128388586E+01    0.401125012750257838E+03   -0.105583272917079718E+01   -0.113234279415585171E+01   -0.103709122473124165E+02    0.180725646978160626E+03
    0.134328524795007920E+01    0.403110964711092549E+03   -0.105935126947979086E+01   -0.103805885812074727E+01   -0.107400172003826651E+02    0.181244773669719962E+03
    0.134323023957364773E+01    0.405871817363855882E+03   -0.103967182707715367E+01   -0.110150999558581653E+01   -0.108397763709899557E+02    0.180929147321961409E+03
    0.134350315845130686E+01    0.405430617178431191E+03   -0.104419391042212872E+01   -0.103480484308990306E+01   -0.113216689870491845E+02    0.181423453070755215E+03
    0.134350315845130686E+01    0.405430617178431191E+03   -0.104419391042212872E+01   -0.103480484308990306E+01   -0.113216689870491845E+02    0.181423453070755215E+03
    0.134401305468909471E+01    0.402376213813077641E+03   -0.105655899552403731E+01   -0.100334263278188729E+01   -0.106826682731500000E+02    0.181573671205836831E+03
    0.134401305468909471E+01    0.402376213813077641E+03   -0.105655899552403731E+01   -0.100334263278188729E+01   -0.106826682731500000E+02    0.181573671205836831E+03
    0.134296570569679252E+01    0.401082053742313178E+03   -0.105004055050159728E+01   -0.110838422685580795E+01   -0.118599772861135087E+02    0.180752042442806271E+03
    0.134313901734684027E+01    0.402423825860120814E+03   -0.105411281206782270E+01   -0.113242592711823598E+01   -0.110304827395163958E+02    0.180762341708614827E+03
    0.134348639934811720E+01    0.405447044803379526E+03   -0.105465055550956954E+01   -0.106158979044861823E+01   -0.112363722759533466E+02    0.181137291922893155E+03
    0.134335203412278092E+01    0.404612008018124072E+03   -0.104035575400185998E+01   -0.105910469675588814E+01   -0.113841749395413068E+02    0.181373446925444284E+03
    0.134370729278117484E+01    0.405320042169192391E+03   -0.103796793373114049E+01   -0.107514837004249841E+01   -0.111704618729769187E+02    0.180920112524471620E+03
    0.134345364478802809E+01    0.400431531582641639E+03   -0.105026848686236818E+01   -0.109244010753958065E+01   -0.108101044255825727E+02    0.181170969856804106E+03
    0.134395250064105776E+01    0.406028626711849995E+03   -0.105632871878880685E+01   -0.101087375172798666E+01   -0.107736304778231204E+02    0.181276608640300083E+03
    0.134395250064105776E+01    0.406028626711849995E+03   -0.105632871878880685E+01   -0.101087375172798666E+01   -0.107736304778231204E+02    0.181276608640300083E+03
    0.134313083803982813E+01    0.401775337644180922E+03   -0.104701923654964979E+01   -0.114520858151695570E+01   -0.107278121598108473E+02    0.180740673967755583E+03
    0.134389736726170894E+01    0.402522518857351940E+03   -0.105540630619945119E+01   -0.106450011388781540E+01   -0.104734980292049435E+02    0.180708442710387942E+03
    0.134299135507977585E+01    0.400206965090706831E+03   -0.107391985747266538E+01   -0.112126237446118360E+01   -0.116530687766806587E+02    0.180657692242602820E+03
    0.134344506555311072E+01    0.402755779801227220E+03   -0.109923799411585499E+01   -0.102985466515593416E+01   -0.118500708476869949E+02    0.181245989490644320E+03
    0.134319484180251902E+01    0.406414052944895388E+03   -0.111802564053963316E+01   -0.104620879493171515E+01   -0.119753743332950489E+02    0.180689749696343085E+03
    0.134368319577574069E+01    0.406614739106673198E+03   -0.109521311983879777E+01   -0.102833321983167991E+01   -0.106496112289568394E+02    0.180924308264256638E+03
    0.134355985884774509E+01    0.411314654589585018E+03   -0.108916014101781577E+01   -0.103952315292118591E+01   -0.105470143949493345E+02    0.180772188290153679E+03
    0.134336871577586825E+01    0.405830277253411623E+03   -0.110249468854943444E+01   -0.106113529984937927E+01   -0.113699378171778189E+02    0.180709255200114967E+03
    0.134332264933060586E+01    0.412419449171430756E+03   -0.113426745073065405E+01   -0.100387447673737817E+01   -0.102494704597238080E+02    0.180823162219794426E+03
    0.134343145292058708E+01    0.406827979157020991E+03   -0.111887309602155227E+01   -0.104290634613612809E+01   -0.109558306760259221E+02    0.180704558701908752E+03
    0.134363792327288012E+01    0.406233997335548167E+03   -0.109606640064448868E+01   -0.101162049076652849E+01   -0.115126232022487507E+02    0.181199821434164562E+03
    0.134363792327288012E+01    0.406233997335548167E+03   -0.109606640064448868E+01   -0.101162049076652849E+01   -0.115126232022487507E+02    0.181199821434164562E+03
    0.134353821089849190E+01    0.405346202803974450E+03   -0.110500076972793693E+01   -0.103614225437044993E+01   -0.111828465713792546E+02    0.180910642292333421E+03
    0.134333739353833481E+01    0.407535301995157056E+03   -0.116083221351351362E+01   -0.101222515636432675E+01   -0.981375327547489462E+01    0.180697454459510539E+03
    0.134354099993610654E+01    0.408254910155809341E+03   -0.115365172966959229E+01   -0.100718512303611973E+01   -0.957687326887929657E+01    0.180727784538919991E+03
    0.134327562182124982E+01    0.404995508277711394E+03   -0.117871630537724137E+01   -0.100277031313236975E+01   -0.101697700175230885E+02    0.180804297910109824E+03
    0.134347343704085809E+01    0.402196810418231564E+03   -0.113802086287584991E+01   -0.100816864559073061E+01   -0.116618913650949647E+02    0.181167256665124569E+03
    0.134328255681434316E+01    0.401749434021125353E+03   -0.113205929282675832E+01   -0.106788312357014981E+01   -0.114711812897455054E+02    0.180658629355356709E+03
    0.134355171790747030E+01    0.400297541011062549E+03   -0.112411283471494983E+01   -0.103013021259075011E+01   -0.102415650319717173E+02    0.181103601149943017E+03
    0.134334738762220907E+01    0.403891592512770842E+03   -0.113779316373608985E+01   -0.104099091483056583E+01   -0.107092115642963464E+02    0.180824248707276581E+03
    0.134317356255280185E+01    0.400734371986312112E+03   -0.112627192665473963E+01   -0.105557880708865248E+01   -0.108377667020768058E+02    0.180802896200202497E+03
    0.134357925814917412E+01    0.405096081859768844E+03   -0.112651295590084466E+01   -0.102576747912167043E+01   -0.100830882677832765E+02    0.180809247982744296E+03
    0.134326958365732940E+01    0.400046185645771345E+03   -0.111443402614637144E+01   -0.105805566469879864E+01   -0.110678911154281057E+02    0.180940471185470017E+03
    0.134345084224293809E+01    0.400179719426364670E+03   -0.111646632512356980E+01   -0.102226400441033505E+01   -0.106627343915389652E+02    0.181237597805136659E+03
    0.134345084224293809E+01    0.400179719426364670E+03   -0.111646632512356980E+01   -0.102226400441033505E+01   -0.106627343915389652E+02    0.181237597805136659E+03
    0.134334444303999834E+01    0.404087374120756238E+03   -0.109741078116688229E+01   -0.103812375916201916E+01   -0.107532423597132869E+02    0.181133719557345160E+03
    0.134375213000787808E+01    0.400908441627478737E+03   -0.111305057142023145E+01   -0.104074805940810045E+01   -0.115136022327287169E+02    0.180779262345444977E+03
    0.134326401176457844E+01    0.404164110646512938E+03   -0.109807576528423922E+01   -0.107890793019108600E+01   -0.105088643643378887E+02    0.180780678079093491E+03
    0.134337442150327746E+01    0.405303793125780089E+03   -0.110829576421350851E+01   -0.101557722585717869E+01   -0.119873856817706521E+02    0.181058489855860159E+03
    0.134383552035172515E+01    0.402348843035545144E+03   -0.100660284128713151E+01   -0.105725538725336854E+01   -0.117574003449201001E+02    0.181664846025716486E+03
    0.134383552035172515E+01    0.402348843035545144E+03   -0.100660284128713151E+01   -0.105725538725336854E+01   -0.117574003449201001E+02    0.181664846025716486E+03
    0.134331001856958032E+01    0.401642169391525044E+03   -0.117119916131068535E+01   -0.102335134707368169E+01   -0.117945997846970698E+02    0.180800015997514720E+03
    0.134367110395135470E+01    0.400156977211374397E+03   -0.103559253234494086E+01   -0.102078380143730385E+01   -0.117293801076544906E+02    0.181830581236687976E+03
    0.134367110395135470E+01    0.400156977211374397E+03   -0.103559253234494086E+01   -0.102078380143730385E+01   -0.117293801076544906E+02    0.181830581236687976E+03
    0.134439320435081644E+01    0.401856205747983097E+03   -0.104775117399108275E+01   -0.100433017730921570E+01   -0.916059412217941471E+01    0.180677351519098295E+03
    0.134412562117144363E+01    0.408434194848469872E+03   -0.102467137364801353E+01   -0.102457293312709297E+01   -0.987379149816837298E+01    0.180938357501589621E+03
    0.134347686636873553E+01    0.405460633368989306E+03   -0.105544651430903436E+01   -0.103703947040106037E+01   -0.103558340203922707E+02    0.181324760789378274E+03
    0.134343675445705002E+01    0.402872870711088410E+03   -0.105765915333094718E+01   -0.101861864620345699E+01   -0.923506318127126491E+01    0.181473188705067912E+03
    0.134343675445705002E+01    0.402872870711088410E+03   -0.105765915333094718E+01   -0.101861864620345699E+01   -0.923506318127126491E+01    0.181473188705067912E+03
    0.134374899403391868E+01    0.407221902563802985E+03   -0.105883956660456491E+01   -0.102589636797424077E+01   -0.995204986902891875E+01    0.181259673591162482E+03
    0.134368784264586383E+01    0.410226129597254499E+03   -0.105219480666037946E+01   -0.102585200994438530E+01   -0.100582988348230185E+02    0.181280735643098978E+03
    0.134305351114688221E+01    0.408510840393811861E+03   -0.101929388140271016E+01   -0.110957969737576789E+01   -0.975079608109814089E+01    0.180840854952674533E+03
    0.134378236685674501E+01    0.407473391054457750E+03   -0.104493877865217399E+01   -0.105847875475539865E+01   -0.102188940622401692E+02    0.180851055981999480E+03
    0.134350485247540075E+01    0.405625750929731225E+03   -0.105890920244290676E+01   -0.101493384839790757E+01   -0.994036751459904622E+01    0.181417837501048439E+03
    0.134357201760755207E+01    0.404506931959289375E+03   -0.104304857678789276E+01   -0.103584831915981290E+01   -0.988722027046721053E+01    0.181588401828513213E+03
    0.134357201760755207E+01    0.404506931959289375E+03   -0.104304857678789276E+01   -0.103584831915981290E+01   -0.988722027046721053E+01    0.181588401828513213E+03
    0.134338356546248194E+01    0.402055489854130371E+03   -0.103338639494450035E+01   -0.100698527349477196E+01   -0.101748806197804527E+02    0.181366208737801060E+03
    0.134338356546248194E+01    0.402055489854130371E+03   -0.103338639494450035E+01   -0.100698527349477196E+01   -0.101748806197804527E+02    0.181366208737801060E+03
    0.134302206513760414E+01    0.405445107666109266E+03   -0.105192643808412356E+01   -0.106876215691885079E+01   -0.966873172550639737E+01    0.180667093371444196E+03
    0.134305509786192712E+01    0.406387474957875554E+03   -0.102558613956229827E+01   -0.113662542815857925E+01   -0.925556608673659653E+01    0.180718857076104769E+03
    0.134344306208431163E+01    0.401665809879293761E+03   -0.105683312363145454E+01   -0.102755107109303978E+01   -0.978250469494970076E+01    0.181490971370174009E+03
    0.134344306208431163E+01    0.401665809879293761E+03   -0.105683312363145454E+01   -0.102755107109303978E+01   -0.978250469494970076E+01    0.181490971370174009E+03
    0.134331261447336647E+01    0.410051576697610699E+03   -0.103933346396030579E+01   -0.104279834418267825E+01   -0.940597867185251957E+01    0.181189313182023909E+03
    0.134396474864935533E+01    0.408900880397792889E+03   -0.104285704137845947E+01   -0.100067709492027568E+01   -0.962946922646189130E+01    0.181448506566818992E+03
    0.134314651737446900E+01    0.410182074098630665E+03   -0.105148886870877512E+01   -0.101099504519914696E+01   -0.959061795107312420E+01    0.180736962741778882E+03
    0.134361824315697764E+01    0.406754629918107696E+03   -0.104550626904829080E+01   -0.101805244543412421E+01   -0.962717693559751631E+01    0.181524636478016077E+03
    0.134361824315697764E+01    0.406754629918107696E+03   -0.104550626904829080E+01   -0.101805244543412421E+01   -0.962717693559751631E+01    0.181524636478016077E+03
    0.134411767955100636E+01    0.403429814787325938E+03   -0.103664887017526297E+01   -0.101099711973352058E+01   -0.103154363203624353E+02    0.181445537234229846E+03
    0.134344434317579187E+01    0.402490481577448065E+03   -0.104369827277543159E+01   -0.108172408408134224E+01   -0.965118925353610813E+01    0.181276992872708320E+03
    0.134305271771304868E+01    0.408176384501822895E+03   -0.104596585929337138E+01   -0.109808983208571576E+01   -0.105838939811604131E+02    0.180730291641523138E+03
    0.134341140495227962E+01    0.401187546698657343E+03   -0.113866900320622477E+01   -0.100087840383759463E+01   -0.844832253391061272E+01    0.181146605767990764E+03
    0.134333156543089216E+01    0.402739677321226225E+03   -0.116255692423274404E+01   -0.101094438514553175E+01   -0.854733053728094205E+01    0.180897931901024094E+03
    0.134354529649545240E+01    0.408193961013709213E+03   -0.110150009006255445E+01   -0.103437439607173509E+01   -0.889722481702943568E+01    0.180837721598173857E+03
    0.134310206078897010E+01    0.403400313660944107E+03   -0.107586458300279197E+01   -0.103953810747030673E+01   -0.873234032439814456E+01    0.180816803466531951E+03
    0.134353361730163012E+01    0.407246681769133261E+03   -0.109409230172411931E+01   -0.100832620453604171E+01   -0.901213360130342700E+01    0.181222356950725441E+03
    0.134334095831105804E+01    0.404574950254724513E+03   -0.108677152634168195E+01   -0.102506188412783317E+01   -0.840970293823960624E+01    0.181194799205120717E+03
    0.134369847172898882E+01    0.404384342024842852E+03   -0.111256994736456960E+01   -0.100408071683043154E+01   -0.984090029139094469E+01    0.181289321781037131E+03
    0.134341031837113389E+01    0.402744063187493225E+03   -0.109381996593733888E+01   -0.101247239971757175E+01   -0.101501672944497212E+02    0.181319817526867610E+03
    0.134341031837113389E+01    0.402744063187493225E+03   -0.109381996593733888E+01   -0.101247239971757175E+01   -0.101501672944497212E+02    0.181319817526867610E+03
    0.134321980945436525E+01    0.400362326200666359E+03   -0.107627838306124346E+01   -0.102303718957067602E+01   -0.954839089770013061E+01    0.181018867985207521E+03
    0.134345209314748981E+01    0.411661282616047970E+03   -0.107205418531100172E+01   -0.105618498805341332E+01   -0.916362353003404806E+01    0.180810090160274910E+03
    0.134338973666669470E+01    0.409650784751903245E+03   -0.107486562040111444E+01   -0.100906024817565587E+01   -0.954641212340570355E+01    0.181197579089674889E+03
    0.134308551004315468E+01    0.409715222754265994E+03   -0.106710566241753391E+01   -0.108346513493411045E+01   -0.909030127844694569E+01    0.180653859246510592E+03
    0.134345195412414187E+01    0.404461351199581713E+03   -0.109335088015302873E+01   -0.106776678638180123E+01   -0.905724531193224891E+01    0.180829900996268577E+03
    0.134317061296346885E+01    0.403819677663815582E+03   -0.112219945027229961E+01   -0.104757135647248667E+01   -0.926179938561862315E+01    0.180802699923357579E+03
    0.134369519615531541E+01    0.406027324942221810E+03   -0.109356886107583762E+01   -0.101773297757975456E+01   -0.989539164530838455E+01    0.181107792064599948E+03
    0.134316670716037545E+01    0.400658814030677490E+03   -0.111348258691729285E+01   -0.108338243124234701E+01   -0.908225153237291849E+01    0.180689515265608520E+03
    0.134326411982623051E+01    0.402007710852546097E+03   -0.111312258895352123E+01   -0.105499867511708700E+01   -0.974979753638801050E+01    0.180921855753393572E+03
    0.134342287351718515E+01    0.401808191477672153E+03   -0.110369534363711352E+01   -0.104413170606049022E+01   -0.925145182033205238E+01    0.181111688376077211E+03
    0.134364333944813641E+01    0.404212373713124407E+03   -0.108032009892755632E+01   -0.105316762861311020E+01   -0.945210777063960172E+01    0.180993609419488791E+03
    0.134333058514868142E+01    0.401827500717559190E+03   -0.112401102089313731E+01   -0.102425321932731883E+01   -0.968725534380700637E+01    0.181073335412824520E+03
    0.134364780957468866E+01    0.424766814495430765E+03   -0.101760153585374979E+01   -0.103172014774501264E+01   -0.732619472686191209E+01    0.180775513993045138E+03
    0.134335738188320941E+01    0.422352102682580608E+03   -0.104244083136634913E+01   -0.104949989845887970E+01   -0.795158502521139621E+01    0.180686245533759973E+03
    0.134358374858422414E+01    0.420567979061136782E+03   -0.100373104073194952E+01   -0.106300701746544490E+01   -0.731970957886613327E+01    0.180744658614495677E+03
    0.134365010000282714E+01    0.431404759593524318E+03   -0.100996655968529936E+01   -0.102597948580388021E+01   -0.879573109887404669E+01    0.180713455994618243E+03
    0.134358643544512724E+01    0.423874493204722739E+03   -0.103299231784921375E+01   -0.100292766167686054E+01   -0.684699506335008046E+01    0.180943325761565347E+03
    0.134346171102329137E+01    0.420849699066908556E+03   -0.100586128308659895E+01   -0.100926398026782138E+01   -0.615565688578981618E+01    0.180844026404121848E+03
    0.134343679025066809E+01    0.421289402996420449E+03   -0.101766632119063338E+01   -0.101990685711515638E+01   -0.751225000697957768E+01    0.181116435025655221E+03
    0.134360137904377996E+01    0.423678633709425583E+03   -0.102015899414961630E+01   -0.101543850849111550E+01   -0.733986677535974774E+01    0.181052858709414295E+03
    0.134360137904377996E+01    0.423678633709425583E+03   -0.102015899414961630E+01   -0.101543850849111550E+01   -0.733986677535974774E+01    0.181052858709414295E+03
    0.134336410121393990E+01    0.421455303264529846E+03   -0.101796112517372173E+01   -0.107740410142882226E+01   -0.836324316889370678E+01    0.180695059974930018E+03
    0.134387519246849996E+01    0.415660251768567718E+03   -0.104514767113121465E+01   -0.102631349190171939E+01   -0.890703455788541199E+01    0.180675599561102104E+03
    0.134348981330187778E+01    0.419524862560461315E+03   -0.101586294848759096E+01   -0.104781483355785987E+01   -0.889422755142673083E+01    0.181079185080055709E+03
    0.134349688241680854E+01    0.420006201320305252E+03   -0.101978979392091951E+01   -0.107508772631443605E+01   -0.885462580735660154E+01    0.180653123538138175E+03
    0.134341034692903172E+01    0.416956312370255660E+03   -0.100905736279742975E+01   -0.101347185702363340E+01   -0.806939626598440007E+01    0.181259053475992459E+03
    0.134341034692903172E+01    0.416956312370255660E+03   -0.100905736279742975E+01   -0.101347185702363340E+01   -0.806939626598440007E+01    0.181259053475992459E+03
    0.134367061593265036E+01    0.415993655015582249E+03   -0.100201362207068456E+01   -0.105745419275480224E+01   -0.859660768051375079E+01    0.181093164444209265E+03
    0.134383097231934223E+01    0.420361201902209814E+03   -0.104309731024111763E+01   -0.100510574734714631E+01   -0.851730050703578456E+01    0.180945479093285883E+03
    0.134319005436305461E+01    0.423039227233188569E+03   -0.103181310639951818E+01   -0.100776114927228200E+01   -0.883035595018208852E+01    0.180826538013158995E+03
    0.134331478710987517E+01    0.414424412101289590E+03   -0.100068056154227492E+01   -0.110228987340040163E+01   -0.802104505066222906E+01    0.180987496998474171E+03
    0.134388422524893159E+01    0.417126185577797060E+03   -0.102818271007868134E+01   -0.100971991021399532E+01   -0.816659948084828713E+01    0.181090254182293904E+03
    0.134388422524893159E+01    0.417126185577797060E+03   -0.102818271007868134E+01   -0.100971991021399532E+01   -0.816659948084828713E+01    0.181090254182293904E+03
    0.134417323108768727E+01    0.413209369768458600E+03   -0.103454480054784881E+01   -0.100557244725612094E+01   -0.918057681346884280E+01    0.180763616807044116E+03
    0.134381639494473926E+01    0.412412691040521622E+03   -0.100477162153247690E+01   -0.106231865585801444E+01   -0.897993632345442627E+01    0.181050853515793619E+03
    0.134396486726970443E+01    0.421618521591150738E+03   -0.101164890473349445E+01   -0.101516507030856928E+01   -0.859178631995297160E+01    0.180868969026339755E+03
    0.134383391922674988E+01    0.417568473850569887E+03   -0.105118627123271047E+01   -0.101577458802387888E+01   -0.900350141742142540E+01    0.180788830355479888E+03
    0.134347863306335813E+01    0.420171240678509946E+03   -0.101071491729402041E+01   -0.105723874499015480E+01   -0.823625969892653309E+01    0.180982752821165207E+03
    0.134328034703156574E+01    0.413626558997247571E+03   -0.102023335448912889E+01   -0.104441190411233720E+01   -0.829726499028545206E+01    0.181163867743608137E+03
    0.134315620123212431E+01    0.419959712956935675E+03   -0.102251697913350270E+01   -0.106327537648114934E+01   -0.870861164337864224E+01    0.180790294697841887E+03
    0.134305573233385855E+01    0.416809758316411035E+03   -0.100773632227848609E+01   -0.106600639994545787E+01   -0.802505200489487436E+01    0.180664224007683003E+03
    0.134354951464640537E+01    0.416652546264452553E+03   -0.105791516154423526E+01   -0.103963937431658238E+01   -0.877164412883152345E+01    0.180771526414197353E+03
    0.134322960297610394E+01    0.418099535369614046E+03   -0.104296637474621967E+01   -0.103723049725769556E+01   -0.840898935438883122E+01    0.180853612366276366E+03
    0.134396858692566723E+01    0.414983471991396755E+03   -0.100436974611208107E+01   -0.105118655224414326E+01   -0.932634931982099147E+01    0.180767540930510279E+03
    0.134374674665292382E+01    0.419717866285024286E+03   -0.101659370612092737E+01   -0.102301831549547906E+01   -0.101555451541319499E+02    0.181177051219726991E+03
    0.134362695811771116E+01    0.419829946214344659E+03   -0.101680194832360016E+01   -0.103960706492438604E+01   -0.988796397226406754E+01    0.181075932997733730E+03
    0.134325142766949091E+01    0.419497340309851097E+03   -0.103911857051252099E+01   -0.104371514157832834E+01   -0.980751628859830937E+01    0.180886030458928587E+03
    0.134336015927468155E+01    0.423640841256572344E+03   -0.104746611873422779E+01   -0.100768257056635058E+01   -0.965501584738541929E+01    0.181026367001979736E+03
    0.134347826939087156E+01    0.416150841368223610E+03   -0.103340072411805473E+01   -0.105482095731666625E+01   -0.951463439146551160E+01    0.180946177027181875E+03
    0.134320347971471521E+01    0.416297837207465989E+03   -0.101791022537922871E+01   -0.102790759556199340E+01   -0.916057793327878933E+01    0.180920287812309482E+03
    0.134313687427139006E+01    0.417326796087939158E+03   -0.102237448514705953E+01   -0.101353465368893758E+01   -0.937815653300732954E+01    0.180686666293932149E+03
    0.134314091371499322E+01    0.417800846357313731E+03   -0.102772101893146939E+01   -0.101587969344302387E+01   -0.859506800221295997E+01    0.180704265328585109E+03
    0.134334280288783514E+01    0.428298025793338297E+03   -0.102713651491111513E+01   -0.102569554981780264E+01   -0.932302819274389272E+01    0.180833660889914256E+03
    0.134351543179690203E+01    0.424218143183714119E+03   -0.100564037776435100E+01   -0.102965401889446717E+01   -0.971318173879055280E+01    0.181224868825233159E+03
    0.134317811300644241E+01    0.424040979995984742E+03   -0.105080601595568801E+01   -0.101436628447441812E+01   -0.967229446141816140E+01    0.180773481434803216E+03
    0.134320510675342319E+01    0.429692223579077620E+03   -0.104162841710414966E+01   -0.101835498187831597E+01   -0.100142619174605603E+02    0.180669340981347773E+03
    0.134347273526986766E+01    0.424621603483059687E+03   -0.102859748336859269E+01   -0.102830410658393134E+01   -0.101016936280513399E+02    0.181024122367018776E+03
    0.134343375942819976E+01    0.431551584266085342E+03   -0.102935233830957529E+01   -0.100812466055424999E+01   -0.993385537766107518E+01    0.180904063117625412E+03
    0.134321655859641331E+01    0.425643198764341605E+03   -0.100391594479624757E+01   -0.102268605790621514E+01   -0.101454797574047770E+02    0.180869760517996383E+03
    0.134319064714803238E+01    0.424306896050017656E+03   -0.102674954969494792E+01   -0.104975755455830821E+01   -0.996388261821931565E+01    0.180811126423095402E+03
    0.134333453481966703E+01    0.428548315636938128E+03   -0.105191675059029954E+01   -0.100590185493025075E+01   -0.948019851455658369E+01    0.180784567328483547E+03
    0.134351926419752399E+01    0.423152675343027795E+03   -0.102044064180437033E+01   -0.100763811370180001E+01   -0.962526447452808753E+01    0.181296237883970264E+03
    0.134351926419752399E+01    0.423152675343027795E+03   -0.102044064180437033E+01   -0.100763811370180001E+01   -0.962526447452808753E+01    0.181296237883970264E+03
    0.134325629875168895E+01    0.426525248024727773E+03   -0.102152836723257501E+01   -0.102288027514614832E+01   -0.976689904926108809E+01    0.180853697853460403E+03
    0.134303937212711899E+01    0.423147563992821802E+03   -0.101437209310581444E+01   -0.105877371037610857E+01   -0.961252842220035042E+01    0.180660884240782423E+03
    0.134314374348008436E+01    0.425663928540199663E+03   -0.101496310409666535E+01   -0.102738691418672090E+01   -0.912584208395588270E+01    0.180698961825997173E+03
    0.134333335263494180E+01    0.421177747422494747E+03   -0.107121175591831808E+01   -0.103487896516835320E+01   -0.979949982315069690E+01    0.180687860030985632E+03
    0.134324218869455558E+01    0.427560716903354091E+03   -0.105919043065446772E+01   -0.100628657443205327E+01   -0.942222006702316861E+01    0.180682070754064398E+03
    0.134376350466709304E+01    0.418232840999140933E+03   -0.101469099708399568E+01   -0.105227505857316928E+01   -0.100075557008348941E+02    0.180767074065875420E+03
    0.134350098628414982E+01    0.430078241537164729E+03   -0.100230697315828543E+01   -0.101770522127976371E+01   -0.100745327467356542E+02    0.181089929699931588E+03
    0.134354010731258144E+01    0.434140151232483447E+03   -0.103608114654004524E+01   -0.100700153069330334E+01   -0.106279859965077890E+02    0.180723446216060324E+03
    0.134356853274961230E+01    0.422481817919382536E+03   -0.100612602337352364E+01   -0.106187493809615141E+01   -0.991514542253550424E+01    0.180860367241931726E+03
    0.134375517863237937E+01    0.431879904597626989E+03   -0.100578124859739404E+01   -0.100692724342937190E+01   -0.815436221809213535E+01    0.180867098130784370E+03
    0.134367660361904262E+01    0.411329717796506202E+03   -0.107892169680055261E+01   -0.104250639166512293E+01   -0.114177853831823555E+02    0.180669650753474741E+03
    0.134326280530699527E+01    0.410869161069042718E+03   -0.108607508766288952E+01   -0.102842092071850999E+01   -0.119339643640415787E+02    0.180944578011630085E+03
    0.134358710991064467E+01    0.410626251875299829E+03   -0.108274786745537810E+01   -0.102631459340191888E+01   -0.113546103612490370E+02    0.181033232084259339E+03
    0.134322626263356670E+01    0.413658598610623130E+03   -0.110429702583020628E+01   -0.100881990777694064E+01   -0.103441560344182957E+02    0.180839670870626094E+03
    0.134305946280405952E+01    0.411521522794830787E+03   -0.105500244903017837E+01   -0.103989694006740585E+01   -0.106185627505195104E+02    0.180686382122059342E+03
    0.134364238476640008E+01    0.411215000765492846E+03   -0.106853129809922720E+01   -0.101006039665601222E+01   -0.106220911412040753E+02    0.181304070260649212E+03
    0.134333608250733794E+01    0.411420323501763562E+03   -0.106106630272194025E+01   -0.108440561477384279E+01   -0.115919197795595803E+02    0.180676917974821265E+03
    0.134342393277446837E+01    0.417323980525490583E+03   -0.104807256416373917E+01   -0.104377467809833036E+01   -0.105812102416074154E+02    0.180909688140926278E+03
    0.134337072575412053E+01    0.419753934965228268E+03   -0.103795360127097780E+01   -0.104758874631844634E+01   -0.106414303760056974E+02    0.180906804325304392E+03
    0.134337501702842066E+01    0.415165772457785579E+03   -0.105254401942168485E+01   -0.102350350215811403E+01   -0.108816441196514084E+02    0.181065457219171606E+03
    0.134326678095189744E+01    0.417505015761658683E+03   -0.104627387825682838E+01   -0.103656082132734539E+01   -0.116216993159159685E+02    0.180920866738968073E+03
    0.134325303693623899E+01    0.422409629922552085E+03   -0.104263871642982409E+01   -0.105611125887224055E+01   -0.109546335776809940E+02    0.180714116830498369E+03
    0.134356657659121814E+01    0.416882202315518043E+03   -0.108074819049021364E+01   -0.100175918028387301E+01   -0.106781724071226840E+02    0.181026056171542280E+03
    0.134345084816558780E+01    0.419936196602472762E+03   -0.109037158444870741E+01   -0.100584242326091911E+01   -0.112523670652935515E+02    0.180844639218581619E+03
    0.134319799038606358E+01    0.417787339500806468E+03   -0.108036981998414383E+01   -0.100627194781743334E+01   -0.114971092816199789E+02    0.180738286170219737E+03
    0.134324979031620328E+01    0.414909648254913577E+03   -0.103791214804923371E+01   -0.106618163745147676E+01   -0.114807913166188467E+02    0.180984181502787692E+03
    0.134330935157195541E+01    0.411151864762026719E+03   -0.104473250271846219E+01   -0.104767526316637571E+01   -0.119299567035060541E+02    0.181137887658998068E+03
    0.134341342513761974E+01    0.411352261854646940E+03   -0.106825963012379965E+01   -0.105656501816809367E+01   -0.119156562432260067E+02    0.180896052749877242E+03
    0.134350070252514442E+01    0.408422364719142308E+03   -0.105278098108439799E+01   -0.103960765873700822E+01   -0.117711107856805253E+02    0.181268560604129163E+03
    0.134383450068734067E+01    0.414674065361454723E+03   -0.103921471693645096E+01   -0.103664283067391771E+01   -0.118205317637808314E+02    0.180856249311880617E+03
    0.134346948090217344E+01    0.415998750731940106E+03   -0.102431224994787407E+01   -0.104105941422404769E+01   -0.117522303909904977E+02    0.181179281688183949E+03
    0.134346948090217344E+01    0.415998750731940106E+03   -0.102431224994787407E+01   -0.104105941422404769E+01   -0.117522303909904977E+02    0.181179281688183949E+03
    0.134334606265396328E+01    0.421645168420208222E+03   -0.102476347898910269E+01   -0.105140521568476863E+01   -0.116290701112529007E+02    0.180942811760796360E+03
    0.134307176657613470E+01    0.421322356105559891E+03   -0.101375024754392129E+01   -0.108770442301798198E+01   -0.112507034425205017E+02    0.180669146552882410E+03
    0.134333645188602535E+01    0.422130783679555577E+03   -0.101416278706987661E+01   -0.104594222438050011E+01   -0.111235509680105054E+02    0.181055538641953035E+03
    0.134357752475586167E+01    0.421683995242820174E+03   -0.102042200403430527E+01   -0.100453255896558602E+01   -0.119019322138715342E+02    0.181365346390425373E+03
    0.134341734214614172E+01    0.419083440113495442E+03   -0.100541807644713899E+01   -0.101074072927976211E+01   -0.117376944033548103E+02    0.181326170828207864E+03
    0.134385357531657457E+01    0.422635082878765047E+03   -0.102549708550119156E+01   -0.101604629033109362E+01   -0.119098640768021085E+02    0.180870418407878333E+03
    0.134335342722717677E+01    0.417895795290004685E+03   -0.102063035564249560E+01   -0.100464315617274025E+01   -0.108188077318539211E+02    0.181174258451428784E+03
    0.134375274778948617E+01    0.418690443146422751E+03   -0.101604097561256346E+01   -0.100078613227875479E+01   -0.119818707498527850E+02    0.181479807272822768E+03
    0.134375274778948617E+01    0.418690443146422751E+03   -0.101604097561256346E+01   -0.100078613227875479E+01   -0.119818707498527850E+02    0.181479807272822768E+03
    0.134346219156857849E+01    0.418510073026103726E+03   -0.102597412328103843E+01   -0.105692549738490627E+01   -0.113351040626925030E+02    0.180938509759689680E+03
    0.134341604024093453E+01    0.417821559922535585E+03   -0.102661122637595525E+01   -0.101337729125214970E+01   -0.107343311172315996E+02    0.181243094382266747E+03
    0.134341604024093453E+01    0.417821559922535585E+03   -0.102661122637595525E+01   -0.101337729125214970E+01   -0.107343311172315996E+02    0.181243094382266747E+03
    0.134360894216798599E+01    0.414443503608682818E+03   -0.107310806006124615E+01   -0.103285924263641959E+01   -0.102103796249008720E+02    0.180870253264502480E+03
    0.134350944693774110E+01    0.415777665763843117E+03   -0.107733000389387534E+01   -0.101940735620322265E+01   -0.977112144802936378E+01    0.180912906859112184E+03
    0.134371383284889534E+01    0.423255786643668046E+03   -0.101606325673611586E+01   -0.103983161978902849E+01   -0.108728510537058316E+02    0.180815404874566582E+03
    0.134321730274930351E+01    0.426190660308684357E+03   -0.105288714511655179E+01   -0.101836415289388249E+01   -0.112090706814074093E+02    0.180666904621828394E+03
    0.134323224615732428E+01    0.428064020569572051E+03   -0.101579510768142534E+01   -0.104872438663562662E+01   -0.114751114820948299E+02    0.180730060668861768E+03
    0.134361523013068784E+01    0.418571903792617661E+03   -0.105717999716351052E+01   -0.100540247834745955E+01   -0.115490583205686175E+02    0.181125419041371913E+03
    0.134366234988637601E+01    0.418399118393714389E+03   -0.106483771891751289E+01   -0.100761107263195093E+01   -0.116162028692476085E+02    0.180992667853799333E+03
    0.134349035526618454E+01    0.418884607730600067E+03   -0.106454533087106107E+01   -0.103005501767023766E+01   -0.119859217900858397E+02    0.180820500503883693E+03
    0.134368697339959731E+01    0.410922623461737999E+03   -0.104113429872544927E+01   -0.106068784868177346E+01   -0.968714570634881511E+01    0.180870325937680434E+03
    0.134349960460427376E+01    0.411610555102731553E+03   -0.105728449838147398E+01   -0.101840584778237542E+01   -0.986956903280128728E+01    0.181314151724660405E+03
    0.134326923879800453E+01    0.409153498087278138E+03   -0.100866519560862145E+01   -0.113038155902661330E+01   -0.103264006688249328E+02    0.180895902767928760E+03
    0.134302232210245154E+01    0.408642999508820878E+03   -0.102959997022172445E+01   -0.107663955249513421E+01   -0.104200255393399335E+02    0.180741619493534301E+03
    0.134306422330238751E+01    0.409350278135321616E+03   -0.101901832362564448E+01   -0.112117010154118013E+01   -0.105732242395885851E+02    0.180809377461721226E+03
    0.134310582876371876E+01    0.409906754561863238E+03   -0.102232106953662338E+01   -0.106712096133582790E+01   -0.100565960020950218E+02    0.180915671639784307E+03
    0.134320335929549994E+01    0.406579612338353456E+03   -0.101838725830250354E+01   -0.105477537625511353E+01   -0.105552362398574786E+02    0.181089997006641738E+03
    0.134394552133369127E+01    0.412921111629699908E+03   -0.102246747970130691E+01   -0.103943627902604518E+01   -0.952832750323635835E+01    0.180888667441909831E+03
    0.134303932450873487E+01    0.407342597685809210E+03   -0.100455442407866968E+01   -0.112156789822828706E+01   -0.101720205095814809E+02    0.180888265854763119E+03
    0.134319700759164373E+01    0.410725250459115841E+03   -0.104466936294811852E+01   -0.107211395917057573E+01   -0.989868397205152384E+01    0.180943132451729582E+03
    0.134386110144605109E+01    0.409742645739993634E+03   -0.101000634230761044E+01   -0.103605253311212309E+01   -0.103460585796228148E+02    0.181448680219237190E+03
    0.134386110144605109E+01    0.409742645739993634E+03   -0.101000634230761044E+01   -0.103605253311212309E+01   -0.103460585796228148E+02    0.181448680219237190E+03
    0.134305273800730429E+01    0.411352889640993453E+03   -0.102702775873765795E+01   -0.109679294681482098E+01   -0.111911236902045115E+02    0.180801527236731886E+03
    0.134373779762348655E+01    0.406949316662876186E+03   -0.101977386846529150E+01   -0.105019682723577645E+01   -0.112026294684751271E+02    0.181406540464419436E+03
    0.134314750719599418E+01    0.407394658801817684E+03   -0.102483652548503734E+01   -0.111330424075054069E+01   -0.113905142386925107E+02    0.180905212311170715E+03
    0.134345558327119718E+01    0.405291399630445824E+03   -0.103199817099206648E+01   -0.106737852923519938E+01   -0.118010101120481981E+02    0.181299488133208513E+03
    0.134362098139924258E+01    0.408323891198368358E+03   -0.100956187201792957E+01   -0.108927305013624043E+01   -0.115362874477967985E+02    0.181103501196235413E+03
    0.134305384912322734E+01    0.406675085066471638E+03   -0.103889431887996686E+01   -0.110651334024537285E+01   -0.117621236038861543E+02    0.180766524563590508E+03
    0.134352128452843411E+01    0.411614187546012545E+03   -0.104190547827893631E+01   -0.103447848216415217E+01   -0.108774192828876402E+02    0.181319187622172990E+03
    0.134392871471490416E+01    0.408955093660945522E+03   -0.103223536651137415E+01   -0.101082718610755862E+01   -0.115234298574151541E+02    0.181476534049905354E+03
    0.134392871471490416E+01    0.408955093660945522E+03   -0.103223536651137415E+01   -0.101082718610755862E+01   -0.115234298574151541E+02    0.181476534049905354E+03
    0.134424412892585665E+01    0.407289396041803911E+03   -0.102221867155204826E+01   -0.101848995038767853E+01   -0.116342204183427285E+02    0.180823835792285706E+03
    0.134406190271944559E+01    0.412259058824168278E+03   -0.102996713572230725E+01   -0.100912644294724174E+01   -0.104281972155762226E+02    0.181129805107872073E+03
    0.134326335321891888E+01    0.414392405111159405E+03   -0.100743852185746263E+01   -0.111342006703493190E+01   -0.101733665215692497E+02    0.180902153236004665E+03
    0.134414707367809760E+01    0.413241166973268946E+03   -0.101328737175261452E+01   -0.102659364002741071E+01   -0.109978008561650675E+02    0.180731578083881459E+03
    0.134422816444034066E+01    0.412897551639794244E+03   -0.100346798899117218E+01   -0.100905676116348175E+01   -0.963102799935974474E+01    0.181054970727786781E+03
    0.134358864998632299E+01    0.412230865793335624E+03   -0.100808102760058915E+01   -0.102052250863351190E+01   -0.110123902473282556E+02    0.181649430491635599E+03
    0.134353446584899539E+01    0.411288211482074303E+03   -0.100435631358484301E+01   -0.106386363015854180E+01   -0.106124272579265266E+02    0.181412548236211364E+03
    0.134353446584899539E+01    0.411288211482074303E+03   -0.100435631358484301E+01   -0.106386363015854180E+01   -0.106124272579265266E+02    0.181412548236211364E+03
    0.134395566875481220E+01    0.409926701332008122E+03   -0.100897551293756038E+01   -0.106440474668964846E+01   -0.101705058581509125E+02    0.180759946723596329E+03
    0.134381685440928766E+01    0.411445166161185455E+03   -0.101768681321699539E+01   -0.102192154855832307E+01   -0.937409793242503220E+01    0.181525483963002841E+03
    0.134381685440928766E+01    0.411445166161185455E+03   -0.101768681321699539E+01   -0.102192154855832307E+01   -0.937409793242503220E+01    0.181525483963002841E+03
    0.134335163308614880E+01    0.415815499803788100E+03   -0.100253865487259830E+01   -0.103368823833049461E+01   -0.110188498621532958E+02    0.181250236140894060E+03
    0.134317957120600395E+01    0.419102721275554416E+03   -0.100523376799721831E+01   -0.105838568386703180E+01   -0.107668571191138174E+02    0.180951328757449858E+03
    0.134410489878751260E+01    0.410495247245077053E+03   -0.101184440869630521E+01   -0.100555779583597094E+01   -0.119834376254147319E+02    0.181439424116769771E+03
    0.134313669737352570E+01    0.418705429562045879E+03   -0.100692878574733946E+01   -0.102892915041673660E+01   -0.110352642855502623E+02    0.180796003069991684E+03
    0.134339669214263036E+01    0.414684837066670582E+03   -0.103632092529276676E+01   -0.107681076278205801E+01   -0.102629671757566960E+02    0.180894018739306716E+03
    0.134334386465442157E+01    0.416909421021665310E+03   -0.101975273684312739E+01   -0.104322058350089897E+01   -0.992379386295830201E+01    0.181123453590302063E+03
    0.134338396055908382E+01    0.412827759191561142E+03   -0.102404675673091106E+01   -0.106440208562176153E+01   -0.984019402942522348E+01    0.181193716793920828E+03
    0.134378151331471352E+01    0.414155178848496803E+03   -0.104952389379723421E+01   -0.102670068278659166E+01   -0.993471393042800877E+01    0.181019237117011244E+03
    0.134337228574772949E+01    0.410477410580096432E+03   -0.105918316574074645E+01   -0.101859572452043956E+01   -0.101933382255464178E+02    0.181221399743712880E+03
