    0.129785866609792566E+01    0.145399919791165280E+04   -0.537653393043472771E+01   -0.707290381539915725E+01   -0.361472177509411985E+01    0.435977998795036228E+03
    0.130542624657708406E+01    0.155740053052735720E+04   -0.678604499413352880E+01   -0.759040300890417807E+01   -0.447397482288302761E+01    0.438615974001662380E+03
    0.130764957252763203E+01    0.123876621914281350E+04   -0.477645941095246940E+01   -0.713638062585918664E+01   -0.362890204777253267E+01    0.439358032901345325E+03
    0.129589102627509845E+01    0.140046810251687293E+04   -0.450230013300582677E+01   -0.596922325876437299E+01   -0.332799978718923484E+01    0.439459278333226393E+03
    0.130403366939433063E+01    0.140039256266154234E+04   -0.531195067381879404E+01   -0.678072503662053006E+01   -0.381674537626804877E+01    0.439500666480342488E+03
    0.130920030069119742E+01    0.135106448196188376E+04   -0.557555559039059823E+01   -0.796298770746737983E+01   -0.409188793626445069E+01    0.439619248916383526E+03
    0.130517044286847472E+01    0.144881561751081836E+04   -0.564094412763282627E+01   -0.677888212798740231E+01   -0.415653357327291317E+01    0.439854278807299465E+03
    0.130665935031652269E+01    0.122481842929946015E+04   -0.490795114794045784E+01   -0.659533608632175206E+01   -0.341454671956855904E+01    0.439871163753359895E+03
    0.131096853284752379E+01    0.124589443582544936E+04   -0.603948697009029267E+01   -0.749300649950103459E+01   -0.394300777773757360E+01    0.439906351612763956E+03
    0.130202593352264540E+01    0.131123676560523700E+04   -0.522894480227263081E+01   -0.645104847049534236E+01   -0.351233995819231026E+01    0.439907080174379075E+03
    0.130604018203843286E+01    0.132438240890721636E+04   -0.602216982537416623E+01   -0.746115339107063846E+01   -0.378830596657852858E+01    0.439923238212519379E+03
    0.130958467283256508E+01    0.133602926388039805E+04   -0.588339566084329935E+01   -0.811990243841860249E+01   -0.405322466432183237E+01    0.439944382252911851E+03
    0.130436173881231610E+01    0.144120954970822572E+04   -0.622788919774901473E+01   -0.761475721614143986E+01   -0.412375077648608013E+01    0.440025471453739272E+03
    0.130219514587981777E+01    0.151961974553965638E+04   -0.578555392556152714E+01   -0.792268681802418850E+01   -0.420948897281655299E+01    0.440173234834576874E+03
    0.130506403275425709E+01    0.122750878701685269E+04   -0.461733161983661322E+01   -0.654218728794663296E+01   -0.332420211727622217E+01    0.440196687310471134E+03
    0.130551055775048819E+01    0.139734960080548581E+04   -0.623542080923618247E+01   -0.685678836408157100E+01   -0.399695021883991330E+01    0.440244151944213115E+03
    0.130188644348889282E+01    0.131051147178896827E+04   -0.489626454622165408E+01   -0.613562101535975035E+01   -0.351218669657082039E+01    0.440258723561795364E+03
    0.130559691869352101E+01    0.127228269371339798E+04   -0.552390898858120138E+01   -0.732517028851067487E+01   -0.357953157044752679E+01    0.440360225968464363E+03
    0.130803521004744505E+01    0.121843866473751314E+04   -0.492926787431667179E+01   -0.690818161706038580E+01   -0.361817792656564308E+01    0.440406679040853021E+03
    0.130110366123120347E+01    0.133126622540536027E+04   -0.458576991090424535E+01   -0.625553437425509529E+01   -0.340997792552912671E+01    0.440428464750258627E+03
    0.130598540972376509E+01    0.140784297952567158E+04   -0.532232537420938812E+01   -0.727664360238297370E+01   -0.413056877367978803E+01    0.440529547980374389E+03
    0.130494231412950756E+01    0.154186014896454094E+04   -0.580191047067100918E+01   -0.756342380385516755E+01   -0.437514836770215076E+01    0.440532333329470930E+03
    0.129509851177045432E+01    0.152763268182425145E+04   -0.487068270804487913E+01   -0.668894400693806013E+01   -0.368257004491192674E+01    0.440542466587988542E+03
    0.130451438437479594E+01    0.140965337507857589E+04   -0.530807469377132346E+01   -0.699207739909303339E+01   -0.406543142716839512E+01    0.440761821884473875E+03
    0.129611000382613484E+01    0.159418271193984128E+04   -0.509216703692889183E+01   -0.688254776104100685E+01   -0.393463228217344962E+01    0.440802368313049612E+03
    0.130763491015912492E+01    0.145021636398092369E+04   -0.626029756150665495E+01   -0.768686829521022652E+01   -0.439606592976050781E+01    0.440806128998639565E+03
    0.130427521186157502E+01    0.134363832694715961E+04   -0.507410509336516036E+01   -0.668779372642658387E+01   -0.382590240324506148E+01    0.440965142601995069E+03
    0.129758860785430707E+01    0.156637303937504385E+04   -0.536860505517156117E+01   -0.684734963292867782E+01   -0.391149602644495431E+01    0.440970365995231873E+03
    0.130512726943537372E+01    0.146501886268650037E+04   -0.549835852726628360E+01   -0.792982472107538694E+01   -0.422588690764527186E+01    0.440994242715394705E+03
    0.130032371332216989E+01    0.145416362946208346E+04   -0.481505533527007756E+01   -0.687513599366053807E+01   -0.380122633246334196E+01    0.441077057404673837E+03
    0.130244023939537579E+01    0.137594892547595418E+04   -0.517277332779693744E+01   -0.770828512194054394E+01   -0.372462611591373971E+01    0.441081677568018790E+03
    0.130299351218981219E+01    0.137826009225866596E+04   -0.568910053861557152E+01   -0.646190378760152306E+01   -0.374329435390990106E+01    0.441104685475458950E+03
    0.130657985754167072E+01    0.150876579147882694E+04   -0.650920269871369062E+01   -0.748929984981279784E+01   -0.441144534347961503E+01    0.441117161196394591E+03
    0.130610056190776236E+01    0.130751009155286670E+04   -0.566700895451173636E+01   -0.772980013451809089E+01   -0.376411473570574806E+01    0.441128773482219401E+03
    0.130361780941403604E+01    0.145754413408198116E+04   -0.536549002287975707E+01   -0.806604108821995780E+01   -0.404979250167828297E+01    0.441187053999483396E+03
    0.130261066973739559E+01    0.131630840398082273E+04   -0.475969244682459802E+01   -0.727388839265131981E+01   -0.355070808354821565E+01    0.441191411653453429E+03
    0.130781498623821602E+01    0.136898740660782187E+04   -0.623324728201154077E+01   -0.804863358435109078E+01   -0.406852305738855335E+01    0.441286820164785240E+03
    0.130303452891608229E+01    0.133724012073048516E+04   -0.478107589762340979E+01   -0.644795865669231105E+01   -0.359033554130986055E+01    0.441290560491288090E+03
    0.130871973324362467E+01    0.130803931275839545E+04   -0.599436455462613438E+01   -0.782849354251384622E+01   -0.400785851319668662E+01    0.441297905793319501E+03
    0.130457738489860886E+01    0.153522241976846385E+04   -0.612832984116275359E+01   -0.786323309854265773E+01   -0.441781624333135969E+01    0.441326528206637022E+03
    0.129655239672726141E+01    0.146717053032853573E+04   -0.464012103619081806E+01   -0.640516909430091896E+01   -0.362770076207336167E+01    0.441425423746776858E+03
    0.130457233237035886E+01    0.151825838434811294E+04   -0.620629281916476838E+01   -0.797501093335024613E+01   -0.423011121607131457E+01    0.441434365046681421E+03
    0.130320289487418561E+01    0.148169276864662038E+04   -0.600906402831943343E+01   -0.669596995490595415E+01   -0.409357612242802293E+01    0.441449120242668926E+03
    0.130923259657139202E+01    0.124806952532109108E+04   -0.559604404203196637E+01   -0.780522184498949390E+01   -0.379543201517740059E+01    0.441461197654751743E+03
    0.129747576321465186E+01    0.156515770125455697E+04   -0.508162764413063783E+01   -0.674922401637600000E+01   -0.396111772659476102E+01    0.441508126873590072E+03
    0.130274875068459983E+01    0.142465543581220504E+04   -0.591394875918125429E+01   -0.694001964453096232E+01   -0.383379566292482465E+01    0.441535511828022265E+03
    0.129981746243135654E+01    0.151839924704329837E+04   -0.572675186412223081E+01   -0.697390480623150921E+01   -0.390965179226516213E+01    0.441544842251540672E+03
    0.130884390573266507E+01    0.127406990645235715E+04   -0.600928003962815094E+01   -0.739191213899009458E+01   -0.384734589242398428E+01    0.441562053232090989E+03
    0.130596604851445486E+01    0.122879266162597514E+04   -0.508584199864356279E+01   -0.705975642328852881E+01   -0.342637712833236030E+01    0.441562267029896702E+03
    0.130659069523224303E+01    0.137772063917701530E+04   -0.595326266831410678E+01   -0.790822164039312892E+01   -0.409442323856884194E+01    0.441599692167934734E+03
    0.130433743764692389E+01    0.150571121843675473E+04   -0.609479759879417049E+01   -0.752675125139477075E+01   -0.433752043650176056E+01    0.441607486915060122E+03
    0.130479315585220879E+01    0.130461580657471404E+04   -0.488307145893657868E+01   -0.645301753394970135E+01   -0.364344393171995939E+01    0.441654577319871635E+03
    0.129897524705262168E+01    0.149414002454245701E+04   -0.535263340063047011E+01   -0.676472771647405757E+01   -0.393356331467839482E+01    0.441675997593956652E+03
    0.130382162098153587E+01    0.151847648881324335E+04   -0.572321561296770387E+01   -0.742116739462826835E+01   -0.432200075772475945E+01    0.441683468856351737E+03
    0.130641728943377289E+01    0.148747824123549981E+04   -0.644333544440112416E+01   -0.809131942831542794E+01   -0.431219603818150965E+01    0.441707797620515635E+03
    0.130932522957330133E+01    0.123062860060462253E+04   -0.563184125090814547E+01   -0.747978221384027542E+01   -0.372368878474136267E+01    0.441730613753033367E+03
    0.130304054432005767E+01    0.151098537777885394E+04   -0.621525563762503808E+01   -0.694757198477562987E+01   -0.413798428257515560E+01    0.441731030430648559E+03
    0.130309844739725822E+01    0.126765207461581076E+04   -0.463818234904306426E+01   -0.623940690644778595E+01   -0.336190448226793670E+01    0.441785457509840512E+03
    0.130645467976790552E+01    0.140204149963671421E+04   -0.556439191290401336E+01   -0.765274775557543041E+01   -0.417172945624064440E+01    0.441832886265442824E+03
    0.130777046104773387E+01    0.136959963402336189E+04   -0.614520560438807983E+01   -0.785493343191050375E+01   -0.402559444682326717E+01    0.441835529117112969E+03
    0.129638516097460466E+01    0.148763256956695227E+04   -0.479522892601849104E+01   -0.635045020934773774E+01   -0.365091303224244079E+01    0.441852866106627005E+03
    0.129559944654847947E+01    0.152972226694481424E+04   -0.486911533207564418E+01   -0.662931194210267449E+01   -0.374626485423743105E+01    0.441868465761974960E+03
    0.130142687463777773E+01    0.148958387716305606E+04   -0.547657204895096150E+01   -0.767238455161594413E+01   -0.393855485385991777E+01    0.441878395652275401E+03
    0.130480420413648668E+01    0.144467127345623135E+04   -0.585138313418513700E+01   -0.755186803254576589E+01   -0.400010896027380003E+01    0.441879952986587512E+03
    0.130497393289249541E+01    0.145048650572407678E+04   -0.556343729252596120E+01   -0.690876294970915428E+01   -0.413687055952547400E+01    0.441883251734003238E+03
    0.129941423558140290E+01    0.147200186297114237E+04   -0.546452559091060408E+01   -0.631694996323435110E+01   -0.381853555499704989E+01    0.441909091142243540E+03
    0.130365277921420342E+01    0.151214162945668863E+04   -0.556929817223734602E+01   -0.753157014323162333E+01   -0.427381524661947587E+01    0.441926111016092705E+03
    0.130663845269328083E+01    0.127156968087456380E+04   -0.522801373000865510E+01   -0.694070936895419166E+01   -0.374275736314308460E+01    0.441926388633842691E+03
    0.130538090497572479E+01    0.136611309232224994E+04   -0.508365852939514173E+01   -0.744062273946340191E+01   -0.386778596373692451E+01    0.441942957082248540E+03
    0.129795261392442329E+01    0.142977218117256257E+04   -0.491069842724269812E+01   -0.637089164594439339E+01   -0.353861163664957523E+01    0.441954540148629633E+03
    0.130894123512755933E+01    0.136898095419226684E+04   -0.608937243750539459E+01   -0.815457561323054136E+01   -0.420205346936248070E+01    0.441966193660416195E+03
    0.130255958929252502E+01    0.158075270966850826E+04   -0.592063473347141755E+01   -0.789583131290221729E+01   -0.437435456850318083E+01    0.441977362399107449E+03
    0.130325156585990087E+01    0.140819742595557068E+04   -0.588981739378866909E+01   -0.677105161211893325E+01   -0.393399898284629579E+01    0.441991855513080452E+03
    0.130757014680398265E+01    0.143674583684748495E+04   -0.639986162185596186E+01   -0.783303511710385347E+01   -0.422871069128849442E+01    0.441992389935923029E+03
    0.130197104062473112E+01    0.133535972609195164E+04   -0.465906251526917803E+01   -0.669010459985678096E+01   -0.359968934862457068E+01    0.442015475804860614E+03
    0.130808139740070262E+01    0.146443295248860818E+04   -0.644316346263695294E+01   -0.795399686660472227E+01   -0.439156031231224553E+01    0.442017895097156043E+03
    0.130626145694105711E+01    0.146569927803546693E+04   -0.603426048050777997E+01   -0.816191281936604085E+01   -0.421679656291920324E+01    0.442025671517485648E+03
    0.129999109951031988E+01    0.145659270080043052E+04   -0.559409236069994797E+01   -0.696500433512343164E+01   -0.386208364225462830E+01    0.442036599649530558E+03
    0.130524868727914578E+01    0.136136666107104065E+04   -0.501605023030544039E+01   -0.730701985598587633E+01   -0.385683007523867261E+01    0.442061682994431521E+03
    0.129887355377709990E+01    0.158457284951124234E+04   -0.597467181126918945E+01   -0.719882957462439155E+01   -0.407626979787194976E+01    0.442075889096414585E+03
    0.129938025056609696E+01    0.147959026366609123E+04   -0.534070621221916308E+01   -0.675814535443452780E+01   -0.391959361717000832E+01    0.442082267302459854E+03
    0.129844716656609238E+01    0.145809293414978924E+04   -0.530834244432363622E+01   -0.692313666862979815E+01   -0.374006777726793871E+01    0.442090587919043401E+03
    0.130562655919863824E+01    0.127029544235881121E+04   -0.533749248877049265E+01   -0.719071754926098983E+01   -0.353281879351394856E+01    0.442091817384407875E+03
    0.130476669830004788E+01    0.149782304744041176E+04   -0.597200019156801609E+01   -0.825830785558720315E+01   -0.423410340232042071E+01    0.442101657501358943E+03
    0.130414708960829429E+01    0.149660214681784714E+04   -0.639442710509153045E+01   -0.735935052038211523E+01   -0.416819700797614878E+01    0.442101881584875457E+03
    0.130059942213289403E+01    0.133684159089991545E+04   -0.476756743340644285E+01   -0.664346472623677275E+01   -0.350873145886204796E+01    0.442105627241441312E+03
    0.130856794529853304E+01    0.137199819007401288E+04   -0.608122083846375183E+01   -0.726398989613837642E+01   -0.411490715880594671E+01    0.442111743448449772E+03
    0.130603306075925185E+01    0.137628180828084282E+04   -0.541063489040685219E+01   -0.740349436704650188E+01   -0.390125916553870589E+01    0.442119844568192946E+03
    0.130916794366476452E+01    0.137629853878988706E+04   -0.618201878904193958E+01   -0.781545203434898728E+01   -0.417023832251866100E+01    0.442139718634973178E+03
    0.130283722762742671E+01    0.143636279037319150E+04   -0.541322771475752340E+01   -0.711948300259277378E+01   -0.404195529531115216E+01    0.442145665590081592E+03
    0.130931128079915338E+01    0.127611548201649930E+04   -0.544001442827658455E+01   -0.716989932713650013E+01   -0.390507160119597074E+01    0.442146489199243547E+03
    0.130606341556539629E+01    0.134628300436315476E+04   -0.566342901250657782E+01   -0.750280634086960596E+01   -0.397408231412202895E+01    0.442161449431383232E+03
    0.130614378006476861E+01    0.129378872013941987E+04   -0.560956787846281735E+01   -0.745137337996735827E+01   -0.366716742863364509E+01    0.442164333343938551E+03
    0.129884416512845324E+01    0.144686338335239361E+04   -0.472256599826671852E+01   -0.674967993152158918E+01   -0.369623283219379672E+01    0.442179222752994576E+03
    0.130614973911728649E+01    0.126641058218517128E+04   -0.512292639476538625E+01   -0.705015153247749460E+01   -0.353824907355031293E+01    0.442190287896315283E+03
    0.130079110166637402E+01    0.135031645127751676E+04   -0.514173710047382393E+01   -0.671713139473213872E+01   -0.348519581650649357E+01    0.442202283350334540E+03
    0.130734065095863783E+01    0.123556746941808933E+04   -0.493836226271475898E+01   -0.716192765790989405E+01   -0.359472625664109025E+01    0.442212103039826445E+03
    0.130526904817646372E+01    0.141801751844533055E+04   -0.539021715924062583E+01   -0.707824873101817342E+01   -0.410954896686154036E+01    0.442218058451791421E+03
    0.130152080144721882E+01    0.139840698161304590E+04   -0.533199772878026401E+01   -0.720963236521762152E+01   -0.379414968578926448E+01    0.442220126531302242E+03
    0.130764131397431660E+01    0.140328960049163993E+04   -0.641983281079585222E+01   -0.780701100286465977E+01   -0.415839005800238937E+01    0.442249301156939680E+03
    0.130247523738689175E+01    0.154326743270195971E+04   -0.570962800013873473E+01   -0.694974247919440913E+01   -0.419890070271101923E+01    0.442263218393971329E+03
    0.130766697303598822E+01    0.140607222370838917E+04   -0.638482406534838365E+01   -0.776352088151028674E+01   -0.415862150677862807E+01    0.442285363443711162E+03
    0.130505203970678951E+01    0.155376316894982233E+04   -0.630489527060612520E+01   -0.746066427622139461E+01   -0.440238883948152360E+01    0.442287104941129485E+03
    0.130240892286898968E+01    0.153784448579699711E+04   -0.605213595656541870E+01   -0.705007029352054726E+01   -0.427016120192442727E+01    0.442299385342685923E+03
    0.130626901982812171E+01    0.140094367348573746E+04   -0.569425472158104640E+01   -0.821764975138606246E+01   -0.404905718683869509E+01    0.442322525599253083E+03
    0.130337298337805096E+01    0.150329416382688373E+04   -0.617201890682535836E+01   -0.781141880180276527E+01   -0.412566123431823861E+01    0.442324093863720122E+03
    0.130810676603078191E+01    0.129290859605837568E+04   -0.584443345180772500E+01   -0.747942760421915764E+01   -0.379627873602120403E+01    0.442350499986527723E+03
    0.130062218755676362E+01    0.134523841720598261E+04   -0.457216964053344999E+01   -0.648413535534857655E+01   -0.351805200084093528E+01    0.442364477918705290E+03
    0.130346963671339555E+01    0.146300264362618555E+04   -0.557339408729869046E+01   -0.680837176996453763E+01   -0.412258427963863383E+01    0.442374447340541053E+03
    0.130228298514643304E+01    0.130852087760214090E+04   -0.490540501349491098E+01   -0.621513139943564852E+01   -0.350686425145400449E+01    0.442385313422016736E+03
    0.130356238528113444E+01    0.138178381760318644E+04   -0.545055857422881473E+01   -0.656736169061758002E+01   -0.388688696071510797E+01    0.442395236507782215E+03
    0.130748912030369735E+01    0.126643295148636457E+04   -0.532751324799261106E+01   -0.666997860392056019E+01   -0.373511748378713193E+01    0.442405520949221170E+03
    0.130051636923394343E+01    0.142616700720418703E+04   -0.487187215905264281E+01   -0.657457445671024043E+01   -0.371669422272677430E+01    0.442410786618279587E+03
    0.130355016513579947E+01    0.130767986224829724E+04   -0.479972021474931765E+01   -0.695386521032348082E+01   -0.350779111737640825E+01    0.442434028663844742E+03
    0.130559601399872505E+01    0.135933450629919616E+04   -0.516528691404556906E+01   -0.698028016551187047E+01   -0.394097468096591896E+01    0.442446946660963363E+03
    0.130474619175099527E+01    0.135357720916982544E+04   -0.514845065123725210E+01   -0.772938787339459044E+01   -0.377077900152628054E+01    0.442448777307939395E+03
    0.130796644604201728E+01    0.134994685682268937E+04   -0.593549596737438545E+01   -0.798120352491641505E+01   -0.408474270524568173E+01    0.442453003276752611E+03
    0.129662082696204095E+01    0.148620768951974378E+04   -0.493224400390918483E+01   -0.676578980401904229E+01   -0.366510947064041304E+01    0.442455327647371973E+03
    0.130588580497420992E+01    0.124071991352335590E+04   -0.493566632937693583E+01   -0.714356792127590712E+01   -0.347885171807398663E+01    0.442466696377168148E+03
    0.129937576939567734E+01    0.147377059240417566E+04   -0.528754813244617150E+01   -0.736487742415356550E+01   -0.384287455354130714E+01    0.442471473945633988E+03
    0.130486202491501269E+01    0.126127014740145614E+04   -0.519265261401058886E+01   -0.688082931419521149E+01   -0.345513856722127954E+01    0.442489792692051594E+03
    0.130787917381546959E+01    0.134574297835228845E+04   -0.562430640834198492E+01   -0.812544910027764544E+01   -0.401353756656179961E+01    0.442503697328682051E+03
    0.130653867917084265E+01    0.135071462803424743E+04   -0.581277053311775305E+01   -0.795571880550504495E+01   -0.395350669216786876E+01    0.442503905614278494E+03
    0.130662435612003902E+01    0.149362018985432428E+04   -0.648994728685642031E+01   -0.791572424667687091E+01   -0.434494218390676146E+01    0.442508318653482036E+03
    0.130622545485355879E+01    0.140622524800711767E+04   -0.622633753478959839E+01   -0.715338466271003703E+01   -0.405145184188092333E+01    0.442516305499198154E+03
    0.129751886454346677E+01    0.157225049711730071E+04   -0.535938082710451358E+01   -0.662131037290837643E+01   -0.395755940183998511E+01    0.442522805727798470E+03
    0.129861435631920141E+01    0.153651250000507662E+04   -0.576230078999480178E+01   -0.694829335851747043E+01   -0.393777255511387558E+01    0.442528553680414007E+03
    0.130066463198290760E+01    0.131721818049020612E+04   -0.468065423001846170E+01   -0.622000167748494270E+01   -0.341319166690444575E+01    0.442535828656347803E+03
    0.130338261145225021E+01    0.131703809041005252E+04   -0.467706161213974436E+01   -0.678786829839645556E+01   -0.358199684364313242E+01    0.442545147825277752E+03
    0.130022670750746117E+01    0.145108483602475690E+04   -0.507279680465047189E+01   -0.700187072729041393E+01   -0.387827872038911359E+01    0.442554671963794704E+03
    0.130779765476636967E+01    0.137660208370986174E+04   -0.626655202493376251E+01   -0.749352836448475390E+01   -0.416260596124454629E+01    0.442558428569752152E+03
    0.130149962689893428E+01    0.131588988693439728E+04   -0.455176510349209806E+01   -0.643357529470929723E+01   -0.345218448683626455E+01    0.442581613316401899E+03
    0.130085309177643138E+01    0.137375197972547426E+04   -0.507065319827264904E+01   -0.663944996123432318E+01   -0.352805363247649240E+01    0.442583422155660458E+03
    0.130612518729236604E+01    0.127564697099974001E+04   -0.497111137772499756E+01   -0.672936746786719286E+01   -0.368227540860060287E+01    0.442615595642029461E+03
    0.130805723929997275E+01    0.123899057666501449E+04   -0.545772061484682069E+01   -0.711188593379710809E+01   -0.369202216717722820E+01    0.442620050968087298E+03
    0.129952326695610410E+01    0.144495468875565416E+04   -0.488029073319780604E+01   -0.712399554630905740E+01   -0.371045644584822654E+01    0.442624699113391273E+03
    0.130348320366326265E+01    0.130205565023621375E+04   -0.508921100366865886E+01   -0.659446946207394280E+01   -0.346913741512767260E+01    0.442636939617938197E+03
    0.130558927481454567E+01    0.143395608322735893E+04   -0.634626376645080192E+01   -0.768823231094717130E+01   -0.412771650710943039E+01    0.442643218838478560E+03
    0.129829675390217747E+01    0.157746614861470744E+04   -0.529660619364106999E+01   -0.732581971325788928E+01   -0.405530157945701308E+01    0.442656851122784587E+03
    0.130755608387998667E+01    0.142441658641930621E+04   -0.632531620045794085E+01   -0.731702105815281278E+01   -0.423646897089510155E+01    0.442661090985212809E+03
    0.130557190357122521E+01    0.142372060988689918E+04   -0.588386125969987273E+01   -0.816045403708704420E+01   -0.410998069452765691E+01    0.442661561991751569E+03
    0.130303164395220095E+01    0.135913029969830882E+04   -0.509957350172495261E+01   -0.715293644067666534E+01   -0.362999036672315789E+01    0.442665597259131573E+03
    0.130703461531228671E+01    0.147731615599201200E+04   -0.628464807241713608E+01   -0.811565103818444378E+01   -0.433863198820609419E+01    0.442679987888420101E+03
    0.130345047974656536E+01    0.150661028680066374E+04   -0.561685307685446489E+01   -0.711008504289761145E+01   -0.414390717524341845E+01    0.442681229111726338E+03
    0.129750533789041755E+01    0.148166828546561055E+04   -0.519666448473022324E+01   -0.656326871950218571E+01   -0.368055326476896383E+01    0.442684868894464557E+03
    0.130127484481216027E+01    0.130594021632797330E+04   -0.481143743682454783E+01   -0.630824494239946176E+01   -0.336928506774353309E+01    0.442742396974107351E+03
    0.130485342405934079E+01    0.139991051822836994E+04   -0.611803905555585015E+01   -0.699704152748317387E+01   -0.399069941724705757E+01    0.442750699873677092E+03
    0.130465054145840131E+01    0.141047017939905231E+04   -0.525390506289788561E+01   -0.690679128419403288E+01   -0.399432288416342196E+01    0.442759220368483568E+03
    0.130041978122035018E+01    0.151296774994521229E+04   -0.528069000175090952E+01   -0.674613204926017929E+01   -0.396320057144886206E+01    0.442767832161444119E+03
    0.130772147313993048E+01    0.124682019946397077E+04   -0.548945005893442506E+01   -0.720980685883572736E+01   -0.362833570084016444E+01    0.442767842455969685E+03
    0.130216985133687757E+01    0.133312260943161436E+04   -0.518938700601434899E+01   -0.703657584540054160E+01   -0.354230642838890475E+01    0.442768992159376012E+03
    0.130039474197621363E+01    0.145609546097187285E+04   -0.515925746725116241E+01   -0.746834233286710347E+01   -0.386483156154898211E+01    0.442770455445629750E+03
    0.131004739597260045E+01    0.129946787083950835E+04   -0.583214165794954731E+01   -0.760883776981986504E+01   -0.403804698574555321E+01    0.442780105845356161E+03
    0.130452376679319482E+01    0.145707405192439751E+04   -0.604943009756726635E+01   -0.720872420261377211E+01   -0.420031335819470186E+01    0.442783764057498900E+03
    0.130504522382083632E+01    0.145265984001262973E+04   -0.619966350993578352E+01   -0.721553343453878071E+01   -0.408031401798351823E+01    0.442783771545457455E+03
    0.130370841226351497E+01    0.131863385948358427E+04   -0.549122243586920344E+01   -0.691487964291059853E+01   -0.362130242965212368E+01    0.442799592774036000E+03
    0.130755892627944137E+01    0.137424183926218984E+04   -0.553773395576142935E+01   -0.769976044362397261E+01   -0.403560530721612043E+01    0.442802596481978355E+03
    0.130047607667890608E+01    0.158176388610578965E+04   -0.560154507196852425E+01   -0.761364677025932224E+01   -0.423337892658262671E+01    0.442807873660160510E+03
    0.130787314959428391E+01    0.138892162275508963E+04   -0.564998880517982904E+01   -0.785006550755935795E+01   -0.418137261551760719E+01    0.442829826307627798E+03
    0.130557654564063919E+01    0.133358282912524328E+04   -0.566834474386433751E+01   -0.684481933123832853E+01   -0.373568966584662299E+01    0.442847354503437998E+03
    0.129758064935435335E+01    0.143460423927385364E+04   -0.469268206160000823E+01   -0.641648984681028800E+01   -0.357189831679285774E+01    0.442861549533512118E+03
    0.130764982550181741E+01    0.128723413240995342E+04   -0.524159578270375448E+01   -0.768478374449394419E+01   -0.379233782568195821E+01    0.442881382603768543E+03
    0.130107764496670009E+01    0.140084370344372792E+04   -0.477985294884301393E+01   -0.690032733632468087E+01   -0.368667179851748372E+01    0.442891790046208087E+03
    0.130321315597789811E+01    0.131829084725719258E+04   -0.529642621993453577E+01   -0.639666007904306344E+01   -0.356356504403404273E+01    0.442896669128760038E+03
    0.130264888606110119E+01    0.139598750983702803E+04   -0.561332872404090022E+01   -0.741645831201645311E+01   -0.378428708637873434E+01    0.442899351158147908E+03
    0.130400924103754057E+01    0.147752629379062637E+04   -0.603509381238089659E+01   -0.774727915904059650E+01   -0.408024977793059129E+01    0.442901319115642025E+03
    0.129980551152134138E+01    0.159541912896362646E+04   -0.578262194255007067E+01   -0.764503578438195319E+01   -0.421833248230348090E+01    0.442903795098353783E+03
    0.130335726640565008E+01    0.140735959145383276E+04   -0.530807782719324894E+01   -0.751159829135585966E+01   -0.381974017898687812E+01    0.442909370719775097E+03
    0.130385071203252800E+01    0.148557069341741317E+04   -0.559801608729307354E+01   -0.721588955127298792E+01   -0.409582819831011502E+01    0.442910601487178496E+03
    0.130643153138683155E+01    0.138729066659718592E+04   -0.604177641338821125E+01   -0.748339677248173629E+01   -0.397593048968433926E+01    0.442918532234864529E+03
    0.130903840469792421E+01    0.135810821146353283E+04   -0.607144915120388617E+01   -0.799819771839325444E+01   -0.412723283486443737E+01    0.442919371879841378E+03
    0.129928090369444860E+01    0.148655108675757720E+04   -0.562946752945971163E+01   -0.704065350547479607E+01   -0.385768698482908690E+01    0.442922089281244155E+03
    0.130699041783143222E+01    0.138850464683967175E+04   -0.611358580904229232E+01   -0.758429171775156608E+01   -0.402449726051070211E+01    0.442929731495904434E+03
    0.129717011705458241E+01    0.143800708703426039E+04   -0.482372989051313272E+01   -0.654740951203040833E+01   -0.356816547744862334E+01    0.442931046247990082E+03
    0.130117383693377042E+01    0.141596008852872228E+04   -0.540170101451923745E+01   -0.635343331461788008E+01   -0.378616457742874601E+01    0.442963963103967444E+03
    0.130361804357864530E+01    0.135521396860857749E+04   -0.514444502458789010E+01   -0.653555552307915555E+01   -0.368646639570412837E+01    0.442968198514095548E+03
    0.130905775877319064E+01    0.132942190172483447E+04   -0.565701511931492540E+01   -0.738778750270823448E+01   -0.406493686665649001E+01    0.442972750897342735E+03
    0.130246970841227649E+01    0.131139634852948598E+04   -0.516622792449150037E+01   -0.642617723710625910E+01   -0.349991476391074130E+01    0.442974090060624405E+03
    0.130294956699474662E+01    0.156486836449917178E+04   -0.617842730796264128E+01   -0.797060630386567404E+01   -0.431874161232367548E+01    0.442985502572452845E+03
    0.130445689938700649E+01    0.148910132923327342E+04   -0.582499078691918992E+01   -0.786226868895647701E+01   -0.414095731643378961E+01    0.442986439445848816E+03
    0.130502206672307119E+01    0.154508333080233842E+04   -0.615770734359001004E+01   -0.792865344583095766E+01   -0.442776930736939267E+01    0.442987045894469532E+03
    0.130546622370737997E+01    0.126015965158641393E+04   -0.524877017169938132E+01   -0.663020802207938686E+01   -0.350650670376352736E+01    0.442990737874518061E+03
    0.130542894735538217E+01    0.146271060577560570E+04   -0.620592071811986568E+01   -0.804301692992086714E+01   -0.420772751911076526E+01    0.442993773707892217E+03
    0.130461265667814152E+01    0.135460978676659488E+04   -0.567263739832679459E+01   -0.727092737042210580E+01   -0.373445870960290982E+01    0.443000299627387903E+03
    0.130557265784258369E+01    0.132782396317085522E+04   -0.580356047990317592E+01   -0.680581216026300151E+01   -0.377596593182345153E+01    0.443001431886073533E+03
    0.130059255733850487E+01    0.157284545445064100E+04   -0.543419057625855206E+01   -0.730026120551509194E+01   -0.417122545062208427E+01    0.443010148495726071E+03
    0.130068366001771629E+01    0.146318770143951224E+04   -0.502472216492782131E+01   -0.735722205971379939E+01   -0.386414918402778440E+01    0.443013834088156727E+03
    0.130620759631551731E+01    0.124748557865026737E+04   -0.492401831666032841E+01   -0.682765794810937088E+01   -0.357030068621868324E+01    0.443022137859021996E+03
    0.130402559230460025E+01    0.127321860354764135E+04   -0.513176229261760053E+01   -0.653627012900230220E+01   -0.347516904093060397E+01    0.443039105979155465E+03
    0.130489608103587340E+01    0.150810336702193149E+04   -0.593010374090820314E+01   -0.781865359851429176E+01   -0.434919275839437258E+01    0.443040053968448319E+03
    0.130256867629039852E+01    0.157794096356841806E+04   -0.620778972750910363E+01   -0.781264041577487323E+01   -0.429273601272324878E+01    0.443040208150607668E+03
    0.129900741173815626E+01    0.157375741969480691E+04   -0.570495287079647539E+01   -0.744540692119844305E+01   -0.410950159343803634E+01    0.443052513105381536E+03
    0.130716346761975255E+01    0.144996475281119001E+04   -0.635944783206288644E+01   -0.750947635312630091E+01   -0.425404176040499848E+01    0.443053268835359972E+03
    0.129714167715223905E+01    0.155859954629150070E+04   -0.540027660422443034E+01   -0.655032332933341355E+01   -0.391912333635212207E+01    0.443055700178140626E+03
    0.130171649258893352E+01    0.150858496678307824E+04   -0.603695136067984173E+01   -0.686342013937577811E+01   -0.405590288340840388E+01    0.443057551127958448E+03
    0.130454579430346995E+01    0.139356432000266000E+04   -0.578121507870240414E+01   -0.726012419707887524E+01   -0.384419688834000084E+01    0.443059914945561673E+03
    0.130532726905067009E+01    0.148885891453050021E+04   -0.570614647048171442E+01   -0.790596333338861523E+01   -0.426653466127398051E+01    0.443061624215405743E+03
    0.130698228443136144E+01    0.146049942888212331E+04   -0.644821323177783157E+01   -0.784379424985057394E+01   -0.431226679944569113E+01    0.443075398364699367E+03
    0.130470489952597646E+01    0.144056523465191094E+04   -0.609106256766657950E+01   -0.688495645263691713E+01   -0.409596201519348035E+01    0.443079837069884150E+03
    0.129730113241735423E+01    0.148225400635857773E+04   -0.516079009439528757E+01   -0.636025903841469198E+01   -0.372131300190973846E+01    0.443088873793045309E+03
    0.130870844911039974E+01    0.128904801154602728E+04   -0.559980551679179595E+01   -0.782530564722708277E+01   -0.390436263319507049E+01    0.443094022741163997E+03
    0.130544881436467675E+01    0.131949185406777042E+04   -0.512215245880792036E+01   -0.659385631306558206E+01   -0.374346568648612532E+01    0.443102893472979588E+03
    0.130258707628392245E+01    0.141614018300467001E+04   -0.543923709507936604E+01   -0.735087206626357048E+01   -0.379037867212012536E+01    0.443117483635784708E+03
    0.130384698703589152E+01    0.154073668767842719E+04   -0.594976119359634126E+01   -0.779334945529963097E+01   -0.436132047101446130E+01    0.443117918374968042E+03
    0.129947431140555736E+01    0.149750206739086798E+04   -0.573457236719540653E+01   -0.694451226060253202E+01   -0.391377386358881907E+01    0.443138735451667401E+03
    0.130659827180078469E+01    0.132030761126694415E+04   -0.548290990217458418E+01   -0.784234728936359371E+01   -0.385715373505308534E+01    0.443139594800302007E+03
    0.130299646414424974E+01    0.140809592954050731E+04   -0.537405966175588912E+01   -0.740959410715308042E+01   -0.394053577696514878E+01    0.443140496012382528E+03
    0.130152154037935519E+01    0.152410459782994053E+04   -0.606502276888486680E+01   -0.689009672717422550E+01   -0.408521892727093139E+01    0.443142205826594818E+03
    0.130479615321083853E+01    0.125899577498328404E+04   -0.484010638065645793E+01   -0.653880634204653077E+01   -0.349067324387005762E+01    0.443164633041077593E+03
    0.130772006811086050E+01    0.135028628180087162E+04   -0.543039980373234421E+01   -0.734307531230639121E+01   -0.403495535476494549E+01    0.443181189331858093E+03
    0.129870739902401988E+01    0.155017721090301166E+04   -0.530849307488685707E+01   -0.740637249494522010E+01   -0.399593602046905971E+01    0.443186217167127552E+03
    0.129976981637140065E+01    0.142279463640952827E+04   -0.523015868650490301E+01   -0.677347001409263871E+01   -0.363231577948378082E+01    0.443186435094411820E+03
    0.129701085681017880E+01    0.152844226025002649E+04   -0.528655804874574464E+01   -0.651668393713167582E+01   -0.385762097234810852E+01    0.443188403280165289E+03
    0.130232715499395146E+01    0.146141520398606895E+04   -0.553299989196789888E+01   -0.780708277234349346E+01   -0.400819100582222987E+01    0.443190121569327232E+03
    0.130837776121250782E+01    0.140375456613188021E+04   -0.619261032253589505E+01   -0.745968900359585518E+01   -0.424968955522011971E+01    0.443203641908031955E+03
    0.130159572733131568E+01    0.151091076364856849E+04   -0.534551631522697601E+01   -0.729844823155917943E+01   -0.412643221631980062E+01    0.443214602895241399E+03
    0.130276907378808016E+01    0.157180872284601060E+04   -0.609109911065225962E+01   -0.797847693885968123E+01   -0.431285682014651517E+01    0.443214983339856417E+03
    0.130756736719163880E+01    0.130165400706494893E+04   -0.544960786837851163E+01   -0.695943834130978622E+01   -0.379343941431908505E+01    0.443238433338493394E+03
    0.130733531424996197E+01    0.131006982830072570E+04   -0.545044485297429571E+01   -0.685152134294363080E+01   -0.382428624359779512E+01    0.443253028387954828E+03
    0.130665083900417534E+01    0.137091297473501413E+04   -0.542638541924625528E+01   -0.788859843193866261E+01   -0.398523572975672380E+01    0.443257150961398168E+03
    0.130251691568644734E+01    0.134740006964988333E+04   -0.515620894340897706E+01   -0.628442072635849236E+01   -0.363305003540931715E+01    0.443260741739533501E+03
    0.130631594585085820E+01    0.127475086348471427E+04   -0.522329149442342278E+01   -0.746048038441027916E+01   -0.366547189019635589E+01    0.443260871635916658E+03
    0.129942538306395772E+01    0.138461279227964678E+04   -0.504314004135047700E+01   -0.637979309674374750E+01   -0.351921592469319933E+01    0.443261162128821582E+03
    0.130121044088622329E+01    0.132851910917276223E+04   -0.469708824673606173E+01   -0.660872740429265271E+01   -0.350111844977583964E+01    0.443264227919470216E+03
    0.130180098773550412E+01    0.134033250866751496E+04   -0.509089449459053256E+01   -0.694346190443618827E+01   -0.351619902700526055E+01    0.443264625157032128E+03
    0.130296951439802666E+01    0.153940152088245077E+04   -0.606679065059709721E+01   -0.699410948707918667E+01   -0.424885632183631845E+01    0.443273868777637801E+03
    0.130471645315116724E+01    0.150223625997414024E+04   -0.633729021587283636E+01   -0.755769165278864996E+01   -0.430685529427589309E+01    0.443278461328260619E+03
    0.130744059490983799E+01    0.137040769812121903E+04   -0.561412277869149889E+01   -0.799817693596936774E+01   -0.408706705382669444E+01    0.443301876158933339E+03
    0.130161133897651715E+01    0.159815699215714858E+04   -0.618181717954085297E+01   -0.771989100668360972E+01   -0.432424471426385537E+01    0.443304963553018126E+03
    0.129830694486722731E+01    0.148778372934603522E+04   -0.543337714126352722E+01   -0.685070097358634200E+01   -0.378050287388978035E+01    0.443309650305639309E+03
    0.130257509438253161E+01    0.150176146863773647E+04   -0.550705171528458415E+01   -0.691921045959127934E+01   -0.408044052367381660E+01    0.443309697151742000E+03
    0.130705077780062151E+01    0.125299970537594390E+04   -0.515675899005578842E+01   -0.704667973860365571E+01   -0.366520223669327017E+01    0.443327332493288225E+03
    0.130247239051222041E+01    0.142579042988324636E+04   -0.555421096489086530E+01   -0.763429449355898626E+01   -0.385823476235313478E+01    0.443329448370896387E+03
    0.130041449010050725E+01    0.145417133053403222E+04   -0.528599098560156477E+01   -0.745805983585069932E+01   -0.380554474420232935E+01    0.443329693094466904E+03
    0.130291280655708430E+01    0.134690130567357255E+04   -0.491536985140685445E+01   -0.714462980373308110E+01   -0.361122298016612220E+01    0.443336331667984496E+03
    0.130441535398548902E+01    0.137851306968007430E+04   -0.545512082761561068E+01   -0.721366332030740143E+01   -0.378588377021740996E+01    0.443343684308483546E+03
    0.130297560449550609E+01    0.141709022395313150E+04   -0.526931684113608778E+01   -0.663568259463888932E+01   -0.394054310916511774E+01    0.443345337774994618E+03
    0.130177818312135973E+01    0.152917810128901556E+04   -0.611231575240584490E+01   -0.736840469556393440E+01   -0.418154423367356287E+01    0.443348681867563926E+03
    0.130187753932595407E+01    0.148360867742742789E+04   -0.537597296746054898E+01   -0.737641926367366008E+01   -0.394476884483918866E+01    0.443352863325982355E+03
    0.130166442043472874E+01    0.133383138510061417E+04   -0.508423024149366043E+01   -0.676739063145169695E+01   -0.348256912075979308E+01    0.443359469048604240E+03
    0.130590669949110771E+01    0.148398912913051799E+04   -0.594230956095169738E+01   -0.752767676118617590E+01   -0.423724019779419514E+01    0.443362145974269140E+03
    0.130252798140018311E+01    0.137911076987180695E+04   -0.563574482612127703E+01   -0.700156681568416772E+01   -0.374350827539022113E+01    0.443363292329615717E+03
    0.130586318398377021E+01    0.142396501516682906E+04   -0.557679935257105175E+01   -0.776548210313519061E+01   -0.416686274056056405E+01    0.443366648328070539E+03
    0.130165866169078326E+01    0.133907573007464248E+04   -0.494846757050365138E+01   -0.700405218641442673E+01   -0.351172803133653311E+01    0.443368108700482878E+03
    0.130740352957699191E+01    0.134434726109186249E+04   -0.568628348000894679E+01   -0.795818924280264284E+01   -0.393519977714035107E+01    0.443384376714426310E+03
    0.129811266581173790E+01    0.157549806001283036E+04   -0.567134712187857648E+01   -0.687451621471733532E+01   -0.407147244952641785E+01    0.443398595126100304E+03
    0.129943849030193626E+01    0.154709421792264129E+04   -0.583064275121682307E+01   -0.701558644009806009E+01   -0.400357246829400903E+01    0.443403542445136395E+03
    0.130568561875629863E+01    0.146604398583802913E+04   -0.624421612428086892E+01   -0.724148165361199148E+01   -0.419614203766136828E+01    0.443412776107075274E+03
    0.130328906593407390E+01    0.145581091696570365E+04   -0.532877190674541090E+01   -0.692748139546392583E+01   -0.406864908551259585E+01    0.443413606170134301E+03
    0.130115525753735151E+01    0.150857227966212031E+04   -0.604312636377710533E+01   -0.711029396709579853E+01   -0.402963880538074548E+01    0.443416629850385903E+03
    0.130311897807889232E+01    0.142869690551839153E+04   -0.559709988966751126E+01   -0.771823750424844501E+01   -0.389403316512715669E+01    0.443422497873481461E+03
    0.130876722745982366E+01    0.135514623432408143E+04   -0.599173119016985911E+01   -0.745292357731362642E+01   -0.415945970214609773E+01    0.443436275155751105E+03
    0.130419526459380597E+01    0.148293410323359490E+04   -0.616445666025051242E+01   -0.722812682878928303E+01   -0.422783786897111113E+01    0.443436406280205915E+03
    0.130204141311835686E+01    0.131356644494436546E+04   -0.491304182406022960E+01   -0.666329567421489166E+01   -0.342717232577338571E+01    0.443443392067599575E+03
    0.130032008259446785E+01    0.138479193779880507E+04   -0.501717328632115844E+01   -0.666182235002131939E+01   -0.354156473218554346E+01    0.443451526542383704E+03
    0.130657734436802042E+01    0.139688221187929867E+04   -0.587913561126090478E+01   -0.695838507850501031E+01   -0.407903851570368658E+01    0.443453973017040880E+03
    0.130298197459362131E+01    0.136477038952809789E+04   -0.519839795516458469E+01   -0.745851238756541246E+01   -0.367971169464077441E+01    0.443454786868094061E+03
    0.130250476054514408E+01    0.141291044161810350E+04   -0.581192412133967373E+01   -0.677310096702615372E+01   -0.384294161664487000E+01    0.443460608037675797E+03
    0.130688496971315038E+01    0.145246699231498769E+04   -0.638760344366753952E+01   -0.773844229488420954E+01   -0.429870773145591034E+01    0.443464044865003473E+03
    0.130835950699786996E+01    0.128688429693349281E+04   -0.533175007452991245E+01   -0.752223968767544626E+01   -0.384960305794658098E+01    0.443466530055059650E+03
    0.130522275150624267E+01    0.144845525169214375E+04   -0.613718563444694354E+01   -0.764964568504158127E+01   -0.420413820912979475E+01    0.443467654584902391E+03
    0.130443020450019120E+01    0.154853372918117657E+04   -0.642101879898330008E+01   -0.760037710525077603E+01   -0.435940211041346704E+01    0.443478852096597166E+03
    0.130669101782112773E+01    0.137182451973248590E+04   -0.548906864313371567E+01   -0.769163976988900977E+01   -0.406709051877573557E+01    0.443483534598038489E+03
    0.130225832817324960E+01    0.135086046388354021E+04   -0.522209945810066678E+01   -0.693239034005832266E+01   -0.367230332510788315E+01    0.443494320348999850E+03
    0.130181752730020306E+01    0.135356940903114901E+04   -0.507503097916148427E+01   -0.695664674419719464E+01   -0.364493770980408094E+01    0.443507974165136716E+03
    0.130854985850232297E+01    0.137259092041026656E+04   -0.587463810962812527E+01   -0.798666554811803309E+01   -0.413496364784337533E+01    0.443509748665354664E+03
    0.129925650615481914E+01    0.144111247452926159E+04   -0.529663249531562474E+01   -0.665288160041164822E+01   -0.367072269650273775E+01    0.443516928159933457E+03
    0.130847053457095086E+01    0.139477487861957297E+04   -0.605847620353598870E+01   -0.751605389662985424E+01   -0.423944444006239163E+01    0.443529085337426807E+03
    0.130162140292636730E+01    0.154075754812604100E+04   -0.617192344600851417E+01   -0.707532304056330208E+01   -0.415333721886326845E+01    0.443530208121306202E+03
    0.130694939907727714E+01    0.145321000077452163E+04   -0.625624511146098694E+01   -0.762864872192178467E+01   -0.422756499396800933E+01    0.443535780755526559E+03
    0.130433327104311036E+01    0.136685570217529312E+04   -0.576717402272491153E+01   -0.741663650283350684E+01   -0.381975339468906938E+01    0.443537936833840320E+03
    0.130466533982238642E+01    0.137021427264307226E+04   -0.511516489025716403E+01   -0.741020696141205892E+01   -0.382156366005231440E+01    0.443554547924069084E+03
    0.130066046457123208E+01    0.133566337364288938E+04   -0.487720586835306680E+01   -0.650864627817803854E+01   -0.347642850474947984E+01    0.443563257902972168E+03
    0.130206565915644079E+01    0.152973705968800982E+04   -0.616446885959041779E+01   -0.755479213208222244E+01   -0.416267158544541793E+01    0.443568839776249206E+03
    0.130036165930686742E+01    0.137563347278481979E+04   -0.480065583937856832E+01   -0.692467738951181566E+01   -0.356608421965983347E+01    0.443574684170390810E+03
    0.130216714679516121E+01    0.157818480221091500E+04   -0.572532968236405360E+01   -0.764157888967699872E+01   -0.430040235332116527E+01    0.443585505234769755E+03
    0.129875343629011875E+01    0.153189745885131697E+04   -0.522179566481122226E+01   -0.709628330976166932E+01   -0.390835298568794265E+01    0.443591413118176888E+03
    0.130234008522382383E+01    0.132690434202683900E+04   -0.492896033630366848E+01   -0.679245627989924117E+01   -0.349305581350567707E+01    0.443592197097177859E+03
    0.129789712858559625E+01    0.154327241700149943E+04   -0.536361631600011801E+01   -0.696816358639800537E+01   -0.397215187099343225E+01    0.443608883366246687E+03
    0.130076412053831536E+01    0.139361127358506701E+04   -0.508141382636430095E+01   -0.631653625322971557E+01   -0.368689138735655675E+01    0.443617837359799125E+03
    0.130434620332797957E+01    0.131044577809063867E+04   -0.507221682964507092E+01   -0.735943345819581474E+01   -0.360447923011936311E+01    0.443620111021383366E+03
    0.129967007072510765E+01    0.149415307863756539E+04   -0.560242822854464961E+01   -0.657075779984137309E+01   -0.387804586677077623E+01    0.443631459383135166E+03
    0.130653356913493202E+01    0.136533625727499566E+04   -0.543205590921342818E+01   -0.751798261273815704E+01   -0.404548085338780172E+01    0.443639436927422366E+03
    0.129784921428793565E+01    0.155092482754384514E+04   -0.554429648010568599E+01   -0.704985384456182462E+01   -0.392953662687534333E+01    0.443657006275283436E+03
    0.130138795011269037E+01    0.144979547275779919E+04   -0.570704258096755357E+01   -0.664533981156485609E+01   -0.391315160065522250E+01    0.443672982513901673E+03
    0.130620211104550443E+01    0.132132057391552735E+04   -0.570534809562052292E+01   -0.675370255521423246E+01   -0.380389495831944657E+01    0.443678382969112135E+03
    0.130603239016029526E+01    0.149121759992262446E+04   -0.622110440957854394E+01   -0.755291161762697705E+01   -0.427637499676916288E+01    0.443679855064983428E+03
    0.130708145466916470E+01    0.140596398103238585E+04   -0.569167074120597682E+01   -0.727665507535952205E+01   -0.414141157185666486E+01    0.443687859985956152E+03
    0.130353717573030603E+01    0.136615041093822583E+04   -0.529387496082958009E+01   -0.646177323194935305E+01   -0.374943803905732587E+01    0.443693462379866048E+03
    0.130185425462322990E+01    0.143049622888351337E+04   -0.531444943419837923E+01   -0.675096600007586201E+01   -0.392838873849955128E+01    0.443698157019879091E+03
    0.130927111734887158E+01    0.131998108579906147E+04   -0.576070079171531191E+01   -0.763757564020786095E+01   -0.405476602068156122E+01    0.443703400735058494E+03
    0.130527383422658461E+01    0.141333542717836099E+04   -0.552884844869018455E+01   -0.795497740655408592E+01   -0.406484887096754655E+01    0.443718566747990735E+03
    0.130188766067525807E+01    0.147220907250188407E+04   -0.537238368420661416E+01   -0.695213109202759494E+01   -0.405171191166230660E+01    0.443721333323477381E+03
    0.130360015807515817E+01    0.140019543322630443E+04   -0.570808614386995394E+01   -0.705813046036952052E+01   -0.381407514365553268E+01    0.443722314998179058E+03
    0.130664052028843480E+01    0.135356177981506517E+04   -0.581138934049097244E+01   -0.750511719058054716E+01   -0.387815756693899694E+01    0.443723771208221933E+03
    0.130410597462262245E+01    0.146035187935842350E+04   -0.583961166927943420E+01   -0.720761053713714972E+01   -0.402209037253746526E+01    0.443724305024678927E+03
    0.130582662140822992E+01    0.144361129805941755E+04   -0.590737435596896532E+01   -0.723785746617736425E+01   -0.423178784733711044E+01    0.443727929639616889E+03
    0.130327332336987878E+01    0.137726907648502151E+04   -0.516366364334976780E+01   -0.688248875764585399E+01   -0.386044913850346028E+01    0.443730937092288286E+03
    0.129951473133648898E+01    0.147462682413699258E+04   -0.498577220807655497E+01   -0.708591314456960575E+01   -0.380913801551634812E+01    0.443732210256061592E+03
    0.130646251541684411E+01    0.140023667523595077E+04   -0.563017056375566405E+01   -0.789180344724029226E+01   -0.404203558073029079E+01    0.443735206386041398E+03
    0.130629059603873610E+01    0.133592582119996268E+04   -0.552997003966766876E+01   -0.680521733727980926E+01   -0.382696195272358963E+01    0.443737692644784886E+03
    0.130436586693486523E+01    0.134297648956996045E+04   -0.544396667659974209E+01   -0.752232558049000843E+01   -0.376049221392889699E+01    0.443738191276144505E+03
    0.130921011404752496E+01    0.127055081811377431E+04   -0.559164312361233407E+01   -0.743033846134368936E+01   -0.386189977296768738E+01    0.443739744000482233E+03
    0.130548368718566565E+01    0.128797721186223225E+04   -0.538918100482235651E+01   -0.688210530441883428E+01   -0.359265464555789649E+01    0.443749928724639915E+03
    0.130857093358424192E+01    0.134251400341289400E+04   -0.603222241807667547E+01   -0.736311086861723130E+01   -0.402839837705654524E+01    0.443750067092882773E+03
    0.130373234555456419E+01    0.137011362691836985E+04   -0.523788993640685252E+01   -0.738489530736266264E+01   -0.373027662138640359E+01    0.443751758189808413E+03
    0.130365442398891651E+01    0.137994424777581457E+04   -0.536703292876880589E+01   -0.755979459308171453E+01   -0.386558313871570824E+01    0.443752595992341412E+03
    0.130312701613445681E+01    0.138120658467627209E+04   -0.572776519082548496E+01   -0.707995908165997090E+01   -0.378149452903011785E+01    0.443760032453399162E+03
    0.130555927763440893E+01    0.138572755155263940E+04   -0.540415722595613524E+01   -0.777519596395085433E+01   -0.394079095527918533E+01    0.443764569256813218E+03
    0.130187260427969975E+01    0.154236352063449613E+04   -0.553324459470083063E+01   -0.767636229729999009E+01   -0.416460845843270988E+01    0.443776609445683562E+03
    0.130374642923160500E+01    0.148623663735141304E+04   -0.613259656250277629E+01   -0.779325344184394631E+01   -0.415876173616435008E+01    0.443777821834195436E+03
    0.130518496855930177E+01    0.135159315299074706E+04   -0.556559833177507013E+01   -0.698273134892276914E+01   -0.376108419140850714E+01    0.443780498430882972E+03
    0.130698291479121687E+01    0.133852797518838906E+04   -0.572901639582639355E+01   -0.788624365810203720E+01   -0.392464502007392291E+01    0.443783562392171291E+03
    0.130404574671462026E+01    0.136373583054731512E+04   -0.578045526013365585E+01   -0.689021771629865842E+01   -0.377782225418681428E+01    0.443786945692329198E+03
    0.130722548357040003E+01    0.131311366505887850E+04   -0.530690092829774773E+01   -0.699435475059684553E+01   -0.387515902918868349E+01    0.443795461980118887E+03
    0.130568993420806789E+01    0.142288960558220469E+04   -0.551435783200433249E+01   -0.725705639989300177E+01   -0.414096608003772726E+01    0.443805140336064653E+03
    0.130576981474899712E+01    0.145000621911485587E+04   -0.557734874724722474E+01   -0.767495468670787417E+01   -0.418040038042733819E+01    0.443806218666730445E+03
    0.130261631382905230E+01    0.151269341318813986E+04   -0.575473931292513186E+01   -0.729145030847183406E+01   -0.422127920102897924E+01    0.443806443802857814E+03
    0.130002503153679450E+01    0.141791593468557244E+04   -0.517419782532748851E+01   -0.661717028220481307E+01   -0.374820346779644176E+01    0.443813197802894877E+03
    0.130130982093456060E+01    0.140334683295012701E+04   -0.549582060058980382E+01   -0.663488650778289468E+01   -0.375852242458559616E+01    0.443813519345866382E+03
    0.130379290206650422E+01    0.142098750533958491E+04   -0.522178456063400542E+01   -0.701352905919197056E+01   -0.399911574300206496E+01    0.443817719535636229E+03
    0.130563374542284327E+01    0.139692010220575435E+04   -0.540350201940054653E+01   -0.781987933640897737E+01   -0.403578026309344118E+01    0.443820976833922998E+03
    0.130569341645079451E+01    0.142260622626923509E+04   -0.626595167246660889E+01   -0.729844139035607853E+01   -0.408170153394111157E+01    0.443828346757555209E+03
    0.130197815681605022E+01    0.131902913964161121E+04   -0.491926030834684180E+01   -0.680961322830727678E+01   -0.350698132881948688E+01    0.443831923867131252E+03
    0.130195951994423265E+01    0.137862003151312365E+04   -0.506112005486714800E+01   -0.698244054048986307E+01   -0.375953619712547216E+01    0.443832251203219073E+03
    0.130345177307986138E+01    0.138615480547222887E+04   -0.530940751954272816E+01   -0.664179222784537515E+01   -0.388762805081094953E+01    0.443832747716176641E+03
    0.130794633841723584E+01    0.138460282179476553E+04   -0.615295457412216695E+01   -0.785742152286619611E+01   -0.417125194729157034E+01    0.443837334096356756E+03
    0.130552062107657618E+01    0.152071736516384749E+04   -0.622907041771662318E+01   -0.797386965464866559E+01   -0.436790215944888605E+01    0.443854437245475083E+03
    0.130865821413719141E+01    0.136784083970138772E+04   -0.597738540892309178E+01   -0.775510266626338662E+01   -0.411726684954878142E+01    0.443875334142188592E+03
    0.130727761569334278E+01    0.129072132397277869E+04   -0.563651286113496930E+01   -0.726899915553403453E+01   -0.382681972456548181E+01    0.443881707674801874E+03
    0.130169419156574584E+01    0.139600335882604008E+04   -0.516399538493326027E+01   -0.709542760439198084E+01   -0.367962970018682967E+01    0.443882659254292435E+03
    0.130277665033491763E+01    0.146460787055767742E+04   -0.586789638573451100E+01   -0.767066545196760252E+01   -0.404084024288130017E+01    0.443888355190312041E+03
    0.130798188532069726E+01    0.126844806040825597E+04   -0.562843628919690087E+01   -0.721936264787132043E+01   -0.374232022163315747E+01    0.443895930115478848E+03
    0.129740127842955766E+01    0.151229104570744380E+04   -0.522202822135412958E+01   -0.691002140947149712E+01   -0.381849925412236857E+01    0.443897840723532681E+03
    0.129986027280861460E+01    0.156737293777638638E+04   -0.571953252768200127E+01   -0.749548202684769826E+01   -0.408982466111128851E+01    0.443898662395681413E+03
    0.130520882777225600E+01    0.136295028939553390E+04   -0.512956107210325118E+01   -0.699912503996831692E+01   -0.386986631266676717E+01    0.443901307620751822E+03
    0.130635604246332071E+01    0.135103264636749327E+04   -0.550540912744009159E+01   -0.736481368787728385E+01   -0.399410565744189938E+01    0.443906164066785607E+03
    0.130277307153363964E+01    0.154128707906428644E+04   -0.560800523424761899E+01   -0.749203183062041056E+01   -0.421627145165167594E+01    0.443908694942393822E+03
    0.130389982281815398E+01    0.133303002362472967E+04   -0.539515697955372353E+01   -0.653491966775206556E+01   -0.364789282631262424E+01    0.443918759777270452E+03
    0.129937156796200792E+01    0.138716481278263359E+04   -0.489687715277965374E+01   -0.652118253209447030E+01   -0.357259816092471816E+01    0.443925821584350956E+03
    0.130294537156783052E+01    0.146079312255121772E+04   -0.555956280902089883E+01   -0.675650093593293910E+01   -0.406564034464192225E+01    0.443927787757978933E+03
    0.130091701833202356E+01    0.142518689691239956E+04   -0.547235416851492218E+01   -0.715476099921178754E+01   -0.376051700708141823E+01    0.443931195927184490E+03
    0.130752658814991030E+01    0.129312699082417430E+04   -0.550819692409819250E+01   -0.767733732113240919E+01   -0.381636628578840664E+01    0.443940202010793882E+03
    0.130329678373738811E+01    0.130177097099929460E+04   -0.504710996244882004E+01   -0.662471808463371126E+01   -0.355871842393457705E+01    0.443948931584211095E+03
    0.129835477617413653E+01    0.150889608381766607E+04   -0.550096051541139897E+01   -0.672087979934168178E+01   -0.388260594554437688E+01    0.443949770853097561E+03
    0.130612088957224093E+01    0.139302749551736838E+04   -0.568603710653084260E+01   -0.781794927415819174E+01   -0.397864761027207514E+01    0.443955300784787255E+03
    0.130263199295357923E+01    0.130937544742828186E+04   -0.490577239670655274E+01   -0.649725446319797406E+01   -0.353546396115750028E+01    0.443955514585083108E+03
    0.130422612990681297E+01    0.130024141215454620E+04   -0.497225535035680188E+01   -0.712830836035462756E+01   -0.355209602253432877E+01    0.443962017467527176E+03
    0.129941371950548445E+01    0.141278159976790857E+04   -0.482698201042666053E+01   -0.655196203886269668E+01   -0.365915467221288182E+01    0.443965096188743871E+03
    0.129868938864618921E+01    0.153971435982283629E+04   -0.549139278838492562E+01   -0.660786201503213366E+01   -0.398917670594092044E+01    0.443968094758600387E+03
    0.130618301481857979E+01    0.141340493045978519E+04   -0.620173186602579563E+01   -0.765469049952865888E+01   -0.407068213665373158E+01    0.443971102067057984E+03
    0.130294963229140026E+01    0.136514470199640323E+04   -0.510991173896893969E+01   -0.682207732085752738E+01   -0.365970245667156568E+01    0.443975201208764872E+03
    0.130184525336053314E+01    0.136233234790285655E+04   -0.479191485011531171E+01   -0.657347441831025314E+01   -0.362876152243506311E+01    0.443975357489461658E+03
    0.130679982672769568E+01    0.146182341575512010E+04   -0.597243605699743707E+01   -0.766150653815055271E+01   -0.425901562996030503E+01    0.443976888602088366E+03
    0.130289042490785278E+01    0.137159720638897329E+04   -0.504161902078325053E+01   -0.649647119439764609E+01   -0.374026126471673059E+01    0.443977443837549060E+03
    0.130564952324611183E+01    0.151104243555839707E+04   -0.605359212139695124E+01   -0.770558816637512844E+01   -0.431736446496193782E+01    0.443977613077153137E+03
    0.130502713185135821E+01    0.151941366925730563E+04   -0.617280880762486639E+01   -0.733923071425644569E+01   -0.432732682441689676E+01    0.443980658407396334E+03
    0.130431697939793301E+01    0.142815787118515641E+04   -0.549045866262431836E+01   -0.779584802007871591E+01   -0.406262759393694939E+01    0.443987250177223245E+03
    0.129950425721647211E+01    0.148448343468679059E+04   -0.521573676128557651E+01   -0.712923751403104689E+01   -0.380790375937562509E+01    0.443987972143037837E+03
    0.130410607887285379E+01    0.141746531833406516E+04   -0.542370466920637462E+01   -0.783644098988376303E+01   -0.399401821365717247E+01    0.443990511057787273E+03
    0.130011711880474223E+01    0.141636446314542218E+04   -0.524741886510810751E+01   -0.646673120154322056E+01   -0.373134264631968726E+01    0.443993726685670254E+03
    0.130049479159025005E+01    0.147988841413919818E+04   -0.505623595342424270E+01   -0.694016452920475579E+01   -0.391728402693035527E+01    0.444000568114645603E+03
    0.130728180149922490E+01    0.135846406915746002E+04   -0.576684692824301681E+01   -0.798101565003760172E+01   -0.400421393589086971E+01    0.444000788123389555E+03
    0.130068454038346104E+01    0.144607466786991517E+04   -0.518242899222460007E+01   -0.711779328852574622E+01   -0.388557362094784153E+01    0.444002904420296431E+03
    0.130140601453421811E+01    0.136949167356545013E+04   -0.514042066426763000E+01   -0.655118780909836040E+01   -0.357791312611742285E+01    0.444012138557551111E+03
    0.130083860406050400E+01    0.134837035701900845E+04   -0.478434319579933565E+01   -0.675985530113685140E+01   -0.352377711771144497E+01    0.444021459910234853E+03
    0.130070916402748571E+01    0.152846665148251759E+04   -0.592139846969084971E+01   -0.711843616293204473E+01   -0.411121919287470039E+01    0.444024651307774434E+03
    0.130440825053666298E+01    0.131871170994693102E+04   -0.515063682035983472E+01   -0.725354498050132168E+01   -0.371201061654062414E+01    0.444037576382985037E+03
    0.130089201865222814E+01    0.142958401017304232E+04   -0.555869334013894356E+01   -0.688824197184502296E+01   -0.381977363686936044E+01    0.444039246824434031E+03
    0.130357155295248406E+01    0.149949433414946384E+04   -0.560827069959246849E+01   -0.735287084308310135E+01   -0.422844261042002856E+01    0.444040797391496767E+03
    0.130155729019736643E+01    0.143248820164617996E+04   -0.569573893228478845E+01   -0.679786278477801353E+01   -0.380963472859350638E+01    0.444041795955242719E+03
    0.130305244658791608E+01    0.150416335753801923E+04   -0.578263975772678673E+01   -0.773487435900751308E+01   -0.420472924984276641E+01    0.444043050407138139E+03
    0.130543575855658611E+01    0.136469091492679308E+04   -0.523658284874835545E+01   -0.744249229318056926E+01   -0.393768901846247843E+01    0.444045063919757069E+03
    0.129809381500460819E+01    0.145212582444796044E+04   -0.493016187866429867E+01   -0.679283427969719078E+01   -0.367072806797644446E+01    0.444046321976491697E+03
    0.130896192759603225E+01    0.133886304906364785E+04   -0.586128577127975703E+01   -0.759449133812506094E+01   -0.405483759726021376E+01    0.444053539838701454E+03
    0.129777716120583531E+01    0.151420914541777711E+04   -0.522791549433600000E+01   -0.648416850068920603E+01   -0.384206444558382110E+01    0.444056847615470758E+03
    0.130741846499605119E+01    0.140461550686619285E+04   -0.592980749701541487E+01   -0.723536304328319968E+01   -0.416745363942409686E+01    0.444065121564828189E+03
    0.130568329465347754E+01    0.140433832278676687E+04   -0.596351242748786259E+01   -0.699727181308855961E+01   -0.400084824655707738E+01    0.444067025240319992E+03
    0.130357462438879557E+01    0.148988515686702885E+04   -0.595509707672254152E+01   -0.762953542755086289E+01   -0.420985306019841055E+01    0.444067137635191386E+03
    0.130722162987809432E+01    0.127799824834328774E+04   -0.544437753656612955E+01   -0.691237328141959040E+01   -0.376955486233810966E+01    0.444068747338401181E+03
    0.129817435977929541E+01    0.143388223299612628E+04   -0.497752421551802371E+01   -0.645031265555602218E+01   -0.360340337111391662E+01    0.444073262865068841E+03
    0.130633497934339426E+01    0.140044825071855735E+04   -0.578004204235031871E+01   -0.799968590708499239E+01   -0.410738269145191026E+01    0.444074111771021478E+03
    0.129804114982521179E+01    0.147979455535771422E+04   -0.529563070609862230E+01   -0.659177214508975862E+01   -0.376196784514496052E+01    0.444076794654070909E+03
    0.130004290732144012E+01    0.143173605046744092E+04   -0.500114513462519650E+01   -0.689962851821581147E+01   -0.378224017609592345E+01    0.444079982220642592E+03
    0.130515582533802443E+01    0.138766984381866382E+04   -0.602486594295529088E+01   -0.712085725981680007E+01   -0.393204502916268162E+01    0.444080838056384437E+03
    0.130861581883002787E+01    0.133169212139015599E+04   -0.577717633408962783E+01   -0.776099977993312695E+01   -0.399518401444681892E+01    0.444083992000493083E+03
    0.130183116854216641E+01    0.148793270884998219E+04   -0.590583809410671989E+01   -0.712114371550378866E+01   -0.397656978890381474E+01    0.444084104142858337E+03
    0.130628914419948305E+01    0.139607801977595614E+04   -0.611434435503149931E+01   -0.758310741816540279E+01   -0.402670232419711915E+01    0.444085254027348981E+03
    0.130187701468314510E+01    0.150197305612592027E+04   -0.534759055521945292E+01   -0.753222368311066148E+01   -0.404501273287972651E+01    0.444086450976972344E+03
    0.130006766798667228E+01    0.143665500282035282E+04   -0.506409936771668878E+01   -0.643989891114611979E+01   -0.373373304251227367E+01    0.444094622606866608E+03
    0.129900730727530189E+01    0.155343405952466355E+04   -0.559477112704764146E+01   -0.725373351910506692E+01   -0.398690566374428812E+01    0.444096782565341755E+03
    0.130496425742094879E+01    0.139142183168635211E+04   -0.563320267923646067E+01   -0.766537123923082309E+01   -0.400793513930321676E+01    0.444098258300048712E+03
    0.130362692157199889E+01    0.153306085963884357E+04   -0.573338801124384112E+01   -0.768505660644695343E+01   -0.424199857350970255E+01    0.444099082379201889E+03
    0.129897734746647275E+01    0.152202187254516389E+04   -0.545153102630034958E+01   -0.698126948691453642E+01   -0.398892026377747833E+01    0.444106923566146065E+03
    0.130276191307083877E+01    0.153685646333097247E+04   -0.574367593853862424E+01   -0.773329927915045534E+01   -0.418732299784569850E+01    0.444113469804338592E+03
    0.130067112513045346E+01    0.158657797088947746E+04   -0.591070941499728253E+01   -0.761262840328423973E+01   -0.424508156191618902E+01    0.444124604383296628E+03
    0.130710022580521068E+01    0.136602465959864139E+04   -0.558918962177307321E+01   -0.789973583259617751E+01   -0.404923369027587743E+01    0.444125873521818903E+03
    0.130229789965710419E+01    0.143778720736657692E+04   -0.581133159941484490E+01   -0.731956514285477677E+01   -0.389911347138977149E+01    0.444126028378386025E+03
    0.130439952468644083E+01    0.131945073299796650E+04   -0.501844586529932268E+01   -0.728826426406868233E+01   -0.363901951959204872E+01    0.444130005751153817E+03
    0.130401293708823252E+01    0.133499677679004481E+04   -0.535277593209116098E+01   -0.648823542313958335E+01   -0.369978642581759587E+01    0.444132452489482034E+03
    0.130561052746644202E+01    0.141827180660944623E+04   -0.573097828348702976E+01   -0.718388718015232985E+01   -0.401778151535970895E+01    0.444135069817892770E+03
    0.130521878652445600E+01    0.143437881428375363E+04   -0.623843309658913192E+01   -0.741831550004509221E+01   -0.407343336196764216E+01    0.444143774184053257E+03
    0.130254595416651320E+01    0.136947622120343476E+04   -0.535631700118997589E+01   -0.684055188115940904E+01   -0.376616226711864321E+01    0.444145977547642531E+03
    0.130517779747123375E+01    0.127159519722939967E+04   -0.522551550543163223E+01   -0.686661295979478403E+01   -0.354009965408270233E+01    0.444150201093363648E+03
    0.130267769818131063E+01    0.145641393332905386E+04   -0.557872061855454859E+01   -0.672877218417144807E+01   -0.404097072715119232E+01    0.444155259490953654E+03
    0.130492755730005805E+01    0.142653512931910973E+04   -0.566144875879728371E+01   -0.686000530335847181E+01   -0.408086162343008851E+01    0.444156633188509090E+03
    0.130431660778424963E+01    0.147938124064257772E+04   -0.581350352074798682E+01   -0.788406237039015778E+01   -0.412137361678804037E+01    0.444158703326866146E+03
    0.130115782682120784E+01    0.147196814814249501E+04   -0.519773720063493894E+01   -0.741807904559781139E+01   -0.395711445018063479E+01    0.444160444365552394E+03
    0.130666375373278365E+01    0.143478306783647804E+04   -0.604258171569597380E+01   -0.743957292975290496E+01   -0.425700957115893885E+01    0.444161483654187919E+03
    0.130152022585074056E+01    0.159381714597353994E+04   -0.617240731888508432E+01   -0.748968525806132135E+01   -0.431527019216299834E+01    0.444168159803895605E+03
    0.129969181955070412E+01    0.140158297899407853E+04   -0.483194342463654447E+01   -0.668437521202113949E+01   -0.358717676962393739E+01    0.444168260563514707E+03
    0.130581350798646989E+01    0.143382645872931926E+04   -0.554183927603381488E+01   -0.772871016588653248E+01   -0.412255592153609030E+01    0.444169550056150115E+03
    0.130699959991181247E+01    0.128194848502303967E+04   -0.557027010762582453E+01   -0.717791602528623685E+01   -0.369742354172220367E+01    0.444172361143840703E+03
    0.130405978584732152E+01    0.144538060190466877E+04   -0.593843871783137178E+01   -0.735674178796647027E+01   -0.412379186640198370E+01    0.444175450066620783E+03
    0.130513718012427682E+01    0.137037221460084606E+04   -0.573434923504540528E+01   -0.751071662060530088E+01   -0.394534520389839471E+01    0.444181103076734530E+03
    0.129881743051836307E+01    0.145198007517235692E+04   -0.520972728519318018E+01   -0.652391885676932404E+01   -0.368659084377979518E+01    0.444184222474018725E+03
    0.130255583669412700E+01    0.133977353202641166E+04   -0.512257980851997541E+01   -0.643737109165037680E+01   -0.357351794093333908E+01    0.444185929254542486E+03
    0.130683386805612645E+01    0.127811101706867930E+04   -0.548372422786699243E+01   -0.686491788123193913E+01   -0.368711081349656311E+01    0.444201086501161740E+03
    0.130473802840064979E+01    0.127677182509549993E+04   -0.487235045452485238E+01   -0.679340221982372316E+01   -0.354483809346321443E+01    0.444206511017203070E+03
    0.130407798030082467E+01    0.133249483831474345E+04   -0.513039485042585497E+01   -0.696196969730313953E+01   -0.375015178768129864E+01    0.444208706242408880E+03
    0.130253272212108007E+01    0.134677925708140947E+04   -0.513725155887068308E+01   -0.637360280780762434E+01   -0.363971443057154254E+01    0.444213464810732489E+03
    0.130811261939625667E+01    0.126821638260358213E+04   -0.550793600514692105E+01   -0.706899455925024611E+01   -0.377848008401966595E+01    0.444213873372276453E+03
    0.130470037412256934E+01    0.150470983810749885E+04   -0.581352966594301179E+01   -0.794847612015695137E+01   -0.425174723433994828E+01    0.444216399819161325E+03
    0.130521186428588054E+01    0.130632641141210638E+04   -0.537313285612492741E+01   -0.734434621918013697E+01   -0.366343672494010164E+01    0.444223296346736390E+03
    0.130030038828735872E+01    0.151368363779161700E+04   -0.555512795888260946E+01   -0.713671959225570252E+01   -0.405933852036530052E+01    0.444227929661967039E+03
    0.130620525900250040E+01    0.136091530029004070E+04   -0.539474080412045254E+01   -0.725925466297592692E+01   -0.388477923066223951E+01    0.444231247645049905E+03
    0.130142795010165901E+01    0.139850516525522676E+04   -0.497312692739729378E+01   -0.661824015610817806E+01   -0.368983663385069249E+01    0.444233750624399022E+03
    0.130355692353367014E+01    0.137678283159731041E+04   -0.522186468425254890E+01   -0.692589550504599405E+01   -0.387652131875423933E+01    0.444235676826826591E+03
    0.130487617920476229E+01    0.152352425332489042E+04   -0.622356968346210948E+01   -0.780775218829838380E+01   -0.435960353168884840E+01    0.444238248239441475E+03
    0.130713414869324973E+01    0.136158017024496894E+04   -0.547029429787970400E+01   -0.772798542990471216E+01   -0.402583108763654707E+01    0.444241448985503666E+03
    0.130002936822556592E+01    0.148905447891776839E+04   -0.565797548445724630E+01   -0.693072363831209959E+01   -0.395036247904213944E+01    0.444246114508732603E+03
    0.130235461862845558E+01    0.154292578179819952E+04   -0.595659320462983732E+01   -0.701362156940251324E+01   -0.423999123661422583E+01    0.444249630734905850E+03
    0.130615275823193100E+01    0.135006353976905257E+04   -0.561048027762072543E+01   -0.695931598107524163E+01   -0.396222061824505545E+01    0.444250241336496231E+03
    0.130582658833318166E+01    0.135650052347319706E+04   -0.531055788736707068E+01   -0.753873518354067329E+01   -0.385908499127328852E+01    0.444251056959425341E+03
    0.130567418182817452E+01    0.135243875567434134E+04   -0.522006904828900353E+01   -0.691324581125237181E+01   -0.387427181088579609E+01    0.444252491387438397E+03
    0.129895289816880521E+01    0.148813954899790770E+04   -0.536226415171518944E+01   -0.663516806502208922E+01   -0.388106876543680102E+01    0.444257803038439874E+03
    0.129940515605705764E+01    0.157707965710420854E+04   -0.564600490389306398E+01   -0.713988123609402248E+01   -0.407838279331154485E+01    0.444261228565930139E+03
    0.130369638492317685E+01    0.140664510293560670E+04   -0.590490228527721683E+01   -0.713900459334713933E+01   -0.388603461295227604E+01    0.444261376898169544E+03
    0.130096774917706748E+01    0.146970617660260928E+04   -0.570726855890178264E+01   -0.721836369238400888E+01   -0.388349611113485338E+01    0.444266731998517116E+03
    0.130266014177055478E+01    0.150424923327602255E+04   -0.599296959955091602E+01   -0.774389812432405211E+01   -0.413389940109630771E+01    0.444288479621925717E+03
    0.130502803016776681E+01    0.147355943114965794E+04   -0.592546436143451860E+01   -0.799109755231943986E+01   -0.422906214898973953E+01    0.444290347680251898E+03
    0.130812770716040228E+01    0.127012097245282871E+04   -0.556449452562730151E+01   -0.719424123740018207E+01   -0.375950174139527959E+01    0.444291477215694897E+03
    0.130107822536956008E+01    0.154390789453294133E+04   -0.599374125147315695E+01   -0.745505024505626679E+01   -0.410324850543208353E+01    0.444295537987923922E+03
    0.130480698829991049E+01    0.132700535684011265E+04   -0.547618353470502228E+01   -0.662953584390368178E+01   -0.375043896965614643E+01    0.444301543992342602E+03
    0.129913888690200929E+01    0.140259443549247408E+04   -0.486792299222764413E+01   -0.664687278352966704E+01   -0.356941060587427117E+01    0.444308822352660684E+03
    0.130548396582744219E+01    0.148755294837205702E+04   -0.591186007124208146E+01   -0.798884709714829899E+01   -0.427858355740496243E+01    0.444309516758962957E+03
    0.130349294170948560E+01    0.141824029989478367E+04   -0.588780473224792011E+01   -0.682310944385664087E+01   -0.393857265293410741E+01    0.444322427313862420E+03
    0.130427538195926229E+01    0.136718822934532727E+04   -0.537033104985596843E+01   -0.675634976409998789E+01   -0.388614261387061255E+01    0.444327174971453530E+03
    0.130237544691978235E+01    0.135549635117659363E+04   -0.499725442687283739E+01   -0.652645751448384548E+01   -0.361267369660041027E+01    0.444331042091258325E+03
    0.130582456241307088E+01    0.135815822588470132E+04   -0.530072633445572805E+01   -0.692029319060411652E+01   -0.389475124746839363E+01    0.444336004398842590E+03
    0.130472521284924481E+01    0.146567847202058374E+04   -0.552911890622720748E+01   -0.749589357421693592E+01   -0.418334328158451552E+01    0.444336790217920907E+03
    0.130693867081429071E+01    0.134813521857307296E+04   -0.565270363185890723E+01   -0.723530964421875034E+01   -0.402125183109182593E+01    0.444352072526323298E+03
    0.130383592807024962E+01    0.134841784537359354E+04   -0.513107852779981677E+01   -0.746331391349389950E+01   -0.372864411483823766E+01    0.444353266569314258E+03
    0.130432199491807554E+01    0.151746793005796280E+04   -0.625444099888493898E+01   -0.782229215586872861E+01   -0.427624827526227058E+01    0.444353793168267543E+03
    0.130314024126454231E+01    0.136971771523765142E+04   -0.556366527573446490E+01   -0.692466747953169381E+01   -0.379030329286828938E+01    0.444359232329578333E+03
    0.129879338444308678E+01    0.158530778420811134E+04   -0.564431631430110237E+01   -0.695187555517157829E+01   -0.413547350140214309E+01    0.444367021145162369E+03
    0.130657467226336421E+01    0.137172386102529549E+04   -0.562741157487296206E+01   -0.780661859438062677E+01   -0.404622604338493197E+01    0.444368485001334079E+03
    0.129815029467201937E+01    0.148399512636315649E+04   -0.496373207339788980E+01   -0.679234835138893622E+01   -0.377322963897070096E+01    0.444387248491429887E+03
    0.129813057391451792E+01    0.156639547242737171E+04   -0.533077523041096235E+01   -0.687167295833491565E+01   -0.402411271451150032E+01    0.444388606139434785E+03
    0.130199290265511936E+01    0.157382507558177304E+04   -0.589173066693070613E+01   -0.722931179492578213E+01   -0.430604159115089491E+01    0.444388914215914951E+03
    0.130386468630555452E+01    0.151426016245253481E+04   -0.609844002477033253E+01   -0.736483500162318805E+01   -0.428846411819623619E+01    0.444395282676766726E+03
    0.130505911589432255E+01    0.144019336499803921E+04   -0.592238153545380186E+01   -0.794723776237852064E+01   -0.412481179802948095E+01    0.444398092372158601E+03
    0.129921380634533223E+01    0.152433114606700633E+04   -0.555060628889510532E+01   -0.670819283309467540E+01   -0.392326074224399335E+01    0.444401829547967168E+03
    0.130398010985661106E+01    0.141699766327281350E+04   -0.545579101094268548E+01   -0.672340054813774479E+01   -0.395239291567104800E+01    0.444402276387076142E+03
    0.130209554599861721E+01    0.148129009543916891E+04   -0.559958491734003516E+01   -0.765100581601326990E+01   -0.397982360922709866E+01    0.444408317334985384E+03
    0.130209554599861721E+01    0.148129009543916891E+04   -0.559958491734003516E+01   -0.765100581601326990E+01   -0.397982360922709866E+01    0.444408317334985384E+03
    0.130026660049667031E+01    0.139025272993333829E+04   -0.509881029297926514E+01   -0.682923482027205431E+01   -0.359793154265096682E+01    0.444411242997197292E+03
    0.130686262164759337E+01    0.143908705964467390E+04   -0.613099360643417057E+01   -0.735070213825592855E+01   -0.421893290313251335E+01    0.444417457610955751E+03
    0.130686262164759337E+01    0.143908705964467390E+04   -0.613099360643417057E+01   -0.735070213825592855E+01   -0.421893290313251335E+01    0.444417457610955751E+03
    0.129780198611799702E+01    0.155263411349997409E+04   -0.523432489366773623E+01   -0.696109146639197096E+01   -0.393892629670069994E+01    0.444420254715390968E+03
    0.130192483511330881E+01    0.153192951220686064E+04   -0.560356912408891983E+01   -0.699373258830984579E+01   -0.418052076630014646E+01    0.444420986663062195E+03
    0.129980329207698131E+01    0.150549366306422621E+04   -0.560035996893511445E+01   -0.728920918833070264E+01   -0.396125704879874441E+01    0.444421990373205404E+03
    0.129961279057444368E+01    0.156460871495683841E+04   -0.548246819908794869E+01   -0.702246997362346548E+01   -0.413131066446473838E+01    0.444423568476397520E+03
    0.130721551204902409E+01    0.136603199998852824E+04   -0.547551525487368806E+01   -0.743188518102020357E+01   -0.403590694732934718E+01    0.444424312849820353E+03
    0.130354910157453596E+01    0.144127985045725154E+04   -0.593139221963552110E+01   -0.752630133197665430E+01   -0.403529260257193467E+01    0.444425670296575561E+03
    0.130604275385638591E+01    0.135536002420713021E+04   -0.531421691463102608E+01   -0.740817577213412015E+01   -0.396224744838892207E+01    0.444437594139333896E+03
    0.130064530657364186E+01    0.149627334252746687E+04   -0.582141491656468357E+01   -0.707661560618057450E+01   -0.399916330253023489E+01    0.444443792309056448E+03
    0.130064530657364186E+01    0.149627334252746687E+04   -0.582141491656468357E+01   -0.707661560618057450E+01   -0.399916330253023489E+01    0.444443792309056448E+03
    0.130640115253888567E+01    0.127253140003140857E+04   -0.540076196850679935E+01   -0.690619196892564613E+01   -0.365488069338448440E+01    0.444448090644101626E+03
    0.130640115253888567E+01    0.127253140003140857E+04   -0.540076196850679935E+01   -0.690619196892564613E+01   -0.365488069338448440E+01    0.444448090644101626E+03
    0.129864051330837360E+01    0.157104235222822081E+04   -0.564052269905689485E+01   -0.721324795999525570E+01   -0.403210362595410388E+01    0.444453175912769154E+03
    0.130171211576076273E+01    0.142069116204271018E+04   -0.503007977752458224E+01   -0.725031823045754642E+01   -0.382961040284849830E+01    0.444453680137231970E+03
    0.130256184916696016E+01    0.149488474787301084E+04   -0.579654080245476777E+01   -0.773220866813284857E+01   -0.412555143202188113E+01    0.444454975439668942E+03
    0.130078212136493820E+01    0.146337039284668458E+04   -0.545118052105611017E+01   -0.702642226872693243E+01   -0.381700360544386186E+01    0.444455153951575994E+03
    0.130078212136493820E+01    0.146337039284668458E+04   -0.545118052105611017E+01   -0.702642226872693243E+01   -0.381700360544386186E+01    0.444455153951575994E+03
    0.130584470247397211E+01    0.140536484680786543E+04   -0.577826016583273816E+01   -0.697622743090694275E+01   -0.403413172524078689E+01    0.444459329219119866E+03
    0.130745027206718323E+01    0.139926224757600198E+04   -0.613081173159818071E+01   -0.755305226608096003E+01   -0.411905078998691820E+01    0.444469355346718089E+03
    0.130263691590049024E+01    0.148061928611757162E+04   -0.555212199024866582E+01   -0.682802627415359531E+01   -0.409303202118306686E+01    0.444469889834035996E+03
    0.130209297878810926E+01    0.140719945973954418E+04   -0.559887574306041103E+01   -0.679155671239096304E+01   -0.383859347603983103E+01    0.444470954798189553E+03
    0.130525209350278537E+01    0.148272864430307527E+04   -0.608480246525318869E+01   -0.794073396733265202E+01   -0.426944410028287269E+01    0.444473372317806820E+03
    0.130525209350278537E+01    0.148272864430307527E+04   -0.608480246525318869E+01   -0.794073396733265202E+01   -0.426944410028287269E+01    0.444473372317806820E+03
    0.130802226007030198E+01    0.134000808355217032E+04   -0.558373864320609314E+01   -0.770079302755154949E+01   -0.399456111360365895E+01    0.444477381066308851E+03
    0.130702665936807572E+01    0.134174335039636435E+04   -0.570339589209557740E+01   -0.697713538994465576E+01   -0.396968615673479341E+01    0.444485120330750590E+03
    0.130342220046976753E+01    0.141923603769575357E+04   -0.551403676972611301E+01   -0.774160549330016678E+01   -0.391332703083376110E+01    0.444494731480297162E+03
    0.130638576970249320E+01    0.134926532226501490E+04   -0.538587921728943364E+01   -0.726108430201828448E+01   -0.397183650045885983E+01    0.444495860219563383E+03
    0.129945288827789129E+01    0.153045118794381779E+04   -0.576567086776672610E+01   -0.708555447812402583E+01   -0.398995091740592400E+01    0.444500001004810827E+03
    0.129945288827789129E+01    0.153045118794381779E+04   -0.576567086776672610E+01   -0.708555447812402583E+01   -0.398995091740592400E+01    0.444500001004810827E+03
    0.130625032670010399E+01    0.143113257251538653E+04   -0.620811159592113970E+01   -0.773563263712830196E+01   -0.419068437615293554E+01    0.444500178821559984E+03
    0.129961804284857330E+01    0.154927399876571394E+04   -0.544684974172512160E+01   -0.718455196137111862E+01   -0.409907149487863798E+01    0.444500237705093866E+03
    0.130104875441144507E+01    0.159495257323620012E+04   -0.607225496141515286E+01   -0.757422087220680140E+01   -0.426379342852410481E+01    0.444505227394106328E+03
    0.130656452521704480E+01    0.126449296967436931E+04   -0.526995300283723545E+01   -0.705102723072097159E+01   -0.361015738616066884E+01    0.444505966174112018E+03
    0.130656452521704480E+01    0.126449296967436931E+04   -0.526995300283723545E+01   -0.705102723072097159E+01   -0.361015738616066884E+01    0.444505966174112018E+03
    0.130599524276142942E+01    0.147720272927288397E+04   -0.626448652415061957E+01   -0.785035507141240263E+01   -0.426752269553205110E+01    0.444507213379712596E+03
    0.130071620222602724E+01    0.153168249963766903E+04   -0.590596295160383722E+01   -0.707966214162257668E+01   -0.411462364194437935E+01    0.444513247060894173E+03
    0.130548147171564843E+01    0.143511398920794613E+04   -0.576880338572660634E+01   -0.801240060496529871E+01   -0.411994463579457282E+01    0.444513859744684908E+03
    0.130470266885409747E+01    0.147928344906473558E+04   -0.627110464571706849E+01   -0.750868862150303418E+01   -0.422259371785022797E+01    0.444514394507141958E+03
    0.130470266885409747E+01    0.147928344906473558E+04   -0.627110464571706849E+01   -0.750868862150303418E+01   -0.422259371785022797E+01    0.444514394507141958E+03
    0.129889796427719628E+01    0.145657545750478539E+04   -0.510393645066566926E+01   -0.672138898033131937E+01   -0.370204485845695785E+01    0.444521648687764639E+03
    0.130720363398624473E+01    0.134224068190576031E+04   -0.565989855473375325E+01   -0.776705338293337810E+01   -0.398537175946597522E+01    0.444525840580237173E+03
    0.130270239404724730E+01    0.143241403261512437E+04   -0.574727307801426601E+01   -0.672663939377274467E+01   -0.389227789578802685E+01    0.444526010896815706E+03
    0.130426889577544491E+01    0.140839388545219981E+04   -0.558425585834918525E+01   -0.749102529173803244E+01   -0.402321035326146692E+01    0.444531866908350196E+03
    0.130044027541863705E+01    0.153154554062949910E+04   -0.570002324308075181E+01   -0.723365079165944014E+01   -0.411167944030975807E+01    0.444537301442398757E+03
    0.130442864693271243E+01    0.130483676051505654E+04   -0.531209279874655405E+01   -0.695271665198751698E+01   -0.358148569428691843E+01    0.444537405502160425E+03
    0.130619148812896291E+01    0.144703878080720392E+04   -0.604352614563511992E+01   -0.720812694351435290E+01   -0.421021963854431114E+01    0.444538464084633461E+03
    0.130410607246918597E+01    0.146618789164860232E+04   -0.582713639668368621E+01   -0.695967811918623891E+01   -0.408661979337539805E+01    0.444541975871277828E+03
    0.129786361981533460E+01    0.153052774326634494E+04   -0.531704409969947811E+01   -0.685336190890396857E+01   -0.392019512179678209E+01    0.444559533508454308E+03
    0.130212291549274894E+01    0.141818886094985328E+04   -0.544888069481649140E+01   -0.741727144209519285E+01   -0.380684505991475675E+01    0.444560192986435595E+03
    0.130018486388812216E+01    0.146968324034266288E+04   -0.540544724407229982E+01   -0.729460764992468214E+01   -0.388341512732918837E+01    0.444566153696446747E+03
    0.130328976920885653E+01    0.131225590129338934E+04   -0.494116093393758238E+01   -0.650876415348667869E+01   -0.354017336882843736E+01    0.444569184029321036E+03
    0.130415978792190557E+01    0.140776123018356543E+04   -0.565558886201781164E+01   -0.672126284505966076E+01   -0.392660049661453670E+01    0.444569682816971124E+03
    0.130415978792190557E+01    0.140776123018356543E+04   -0.565558886201781164E+01   -0.672126284505966076E+01   -0.392660049661453670E+01    0.444569682816971124E+03
    0.130323004287714017E+01    0.134602315542088581E+04   -0.544147577402188176E+01   -0.665100545503130736E+01   -0.369009778194048721E+01    0.444572532138098325E+03
    0.129941597050012136E+01    0.155723235143889656E+04   -0.558384683508997703E+01   -0.680397274370475280E+01   -0.409172259792799409E+01    0.444583381027778898E+03
    0.129941597050012136E+01    0.155723235143889656E+04   -0.558384683508997703E+01   -0.680397274370475280E+01   -0.409172259792799409E+01    0.444583381027778898E+03
    0.130045519884868810E+01    0.148682694912865531E+04   -0.528279041373763825E+01   -0.673589644878709848E+01   -0.389694599250599438E+01    0.444590609661214160E+03
    0.130466342790639178E+01    0.151069479581488281E+04   -0.584668048992491673E+01   -0.739669712584168870E+01   -0.429530573096901325E+01    0.444591312951181862E+03
    0.130482567575285580E+01    0.139544599258783774E+04   -0.595836571025005579E+01   -0.728027881512163955E+01   -0.392601604150261707E+01    0.444593538334960158E+03
    0.130023796056169272E+01    0.153567303607415010E+04   -0.567954668691717668E+01   -0.707492956517287208E+01   -0.411529578275760866E+01    0.444594021322800927E+03
    0.130023796056169272E+01    0.153567303607415010E+04   -0.567954668691717668E+01   -0.707492956517287208E+01   -0.411529578275760866E+01    0.444594021322800927E+03
    0.130675832055919061E+01    0.146134044048309443E+04   -0.609035054760162176E+01   -0.750383991049164489E+01   -0.428284346206016586E+01    0.444594342638364878E+03
    0.130675832055919061E+01    0.146134044048309443E+04   -0.609035054760162176E+01   -0.750383991049164489E+01   -0.428284346206016586E+01    0.444594342638364878E+03
    0.130496814709551101E+01    0.140110253855483097E+04   -0.583015150654637004E+01   -0.685219219673948565E+01   -0.400921787374188376E+01    0.444596650695375956E+03
    0.130266175610321744E+01    0.133922820104446964E+04   -0.523564173913402531E+01   -0.685905767770938546E+01   -0.357992086879681004E+01    0.444598765441015757E+03
    0.130311078130188540E+01    0.149239232873710307E+04   -0.583662190686508797E+01   -0.688035425911747645E+01   -0.410604765583494213E+01    0.444598894019712816E+03
    0.129937594505596810E+01    0.145391761918272482E+04   -0.523276726016614013E+01   -0.644665279935832025E+01   -0.377396540218275511E+01    0.444598911351596371E+03
    0.130054514732087556E+01    0.140998279452927568E+04   -0.537143364005159007E+01   -0.677433202381461541E+01   -0.369865542422081539E+01    0.444614042208765966E+03
    0.130011873521231403E+01    0.142537698441302337E+04   -0.510558859879220783E+01   -0.706196452896710714E+01   -0.374924615992952148E+01    0.444619778374848352E+03
    0.129884869209612308E+01    0.157247864639351747E+04   -0.568708514130914455E+01   -0.711820323944994904E+01   -0.409888216832904195E+01    0.444619816201666367E+03
    0.130756044080112943E+01    0.133374008636411668E+04   -0.578474364972468802E+01   -0.746954701918970798E+01   -0.389969030708206965E+01    0.444622313907518560E+03
    0.130756044080112943E+01    0.133374008636411668E+04   -0.578474364972468802E+01   -0.746954701918970798E+01   -0.389969030708206965E+01    0.444622313907518560E+03
    0.130605722566366711E+01    0.131811197437417718E+04   -0.525485587135484167E+01   -0.697624962438133966E+01   -0.383423793792055356E+01    0.444638140321288120E+03
    0.130094402630601458E+01    0.155233446792815789E+04   -0.589399503243389500E+01   -0.757981671437378068E+01   -0.416024936661417843E+01    0.444643725864975181E+03
    0.130349895092857593E+01    0.146141817063769599E+04   -0.608715718115475646E+01   -0.705603272968007289E+01   -0.404863915225846061E+01    0.444646303897955818E+03
    0.130349895092857593E+01    0.146141817063769599E+04   -0.608715718115475646E+01   -0.705603272968007289E+01   -0.404863915225846061E+01    0.444646303897955818E+03
    0.130501867815915906E+01    0.148179876580130690E+04   -0.620541579050308911E+01   -0.751519449417382557E+01   -0.426691822753501615E+01    0.444664323227059811E+03
    0.130261588512604165E+01    0.150533382491416660E+04   -0.549193120825476733E+01   -0.747926433843346050E+01   -0.409780310537338899E+01    0.444664509142983547E+03
    0.130587474702314710E+01    0.144398599945665455E+04   -0.611700405739200814E+01   -0.716616260813540329E+01   -0.416286150007862510E+01    0.444668697876217436E+03
    0.130739028627445286E+01    0.129665398491867654E+04   -0.571814656462874282E+01   -0.727355283179089618E+01   -0.381072788276133245E+01    0.444675957141305616E+03
    0.130502479771105340E+01    0.130695545449801330E+04   -0.546898094503673970E+01   -0.703136075892090506E+01   -0.365989064428527833E+01    0.444677086122725484E+03
    0.130589031898979657E+01    0.137639211833916647E+04   -0.530678505506939846E+01   -0.744131309923598128E+01   -0.397243862836764272E+01    0.444677514032916974E+03
    0.130589031898979657E+01    0.137639211833916647E+04   -0.530678505506939846E+01   -0.744131309923598128E+01   -0.397243862836764272E+01    0.444677514032916974E+03
    0.130037445786829053E+01    0.143493079090204560E+04   -0.531469934713247305E+01   -0.697631109189163912E+01   -0.380701828740624393E+01    0.444678989824691257E+03
    0.130380060699919897E+01    0.140845694313241461E+04   -0.518792220525050407E+01   -0.742676554375466580E+01   -0.393914291472276368E+01    0.444679832620723346E+03
    0.130755395078299341E+01    0.132331344062890821E+04   -0.552156295748274317E+01   -0.755018151569952067E+01   -0.395171965498001398E+01    0.444680399802606360E+03
    0.130793279024544629E+01    0.131497709563930948E+04   -0.582231028541088236E+01   -0.749518000662890760E+01   -0.393436966955946055E+01    0.444687213920966826E+03
    0.130748361037643179E+01    0.137928410052261552E+04   -0.592695684125578381E+01   -0.768851563403671978E+01   -0.405158126470304492E+01    0.444692228704030299E+03
    0.130358469333434335E+01    0.144309949601811581E+04   -0.554884610161239866E+01   -0.714678098571655696E+01   -0.408237447473513715E+01    0.444697990016098970E+03
    0.130419062246443329E+01    0.142379232714564478E+04   -0.597349780711012368E+01   -0.717413774726194475E+01   -0.394976871818841957E+01    0.444699331655818867E+03
    0.130526775304123377E+01    0.146635940239622983E+04   -0.602490014200172386E+01   -0.713335179761790172E+01   -0.421406218989349757E+01    0.444701602395009502E+03
    0.130066977108445947E+01    0.155868674508783693E+04   -0.547931550196948702E+01   -0.722216999627673939E+01   -0.415210648755062639E+01    0.444707437047359178E+03
    0.130419230456452229E+01    0.136026321777839075E+04   -0.510866911380742472E+01   -0.743403201513642387E+01   -0.379285140709636792E+01    0.444708644372256344E+03
    0.130419230456452229E+01    0.136026321777839075E+04   -0.510866911380742472E+01   -0.743403201513642387E+01   -0.379285140709636792E+01    0.444708644372256344E+03
    0.129988006352853080E+01    0.147687262068026575E+04   -0.540445287764960369E+01   -0.725480505227858075E+01   -0.387957955514002961E+01    0.444709905576384926E+03
    0.130460220572769448E+01    0.134254174716479724E+04   -0.541632564516403470E+01   -0.717407451272048036E+01   -0.370061545095213162E+01    0.444711991696834616E+03
    0.130267154165673427E+01    0.142625127697143034E+04   -0.516946488992677189E+01   -0.741514027106734819E+01   -0.392108989670570196E+01    0.444716584664965524E+03
    0.130397139342159618E+01    0.147493519411707530E+04   -0.589225735159186037E+01   -0.693394472660223915E+01   -0.411388512379641558E+01    0.444721738554538263E+03
    0.130098443254853380E+01    0.149682428415361960E+04   -0.540853604096083362E+01   -0.755317543469938713E+01   -0.400891099561185005E+01    0.444723258388995077E+03
    0.129843323276513023E+01    0.155056980117450712E+04   -0.548153038691983152E+01   -0.672594495209422050E+01   -0.399996483118122015E+01    0.444723929815863301E+03
    0.129843323276513023E+01    0.155056980117450712E+04   -0.548153038691983152E+01   -0.672594495209422050E+01   -0.399996483118122015E+01    0.444723929815863301E+03
    0.130063902613295701E+01    0.153407575262009459E+04   -0.593745981976630954E+01   -0.697193611889283549E+01   -0.408908497178646968E+01    0.444723981971392107E+03
    0.130452607749823080E+01    0.130541112488719295E+04   -0.537797450889896922E+01   -0.686415843758981836E+01   -0.362382143415518065E+01    0.444731374867001250E+03
    0.130702170783531102E+01    0.136683977222447425E+04   -0.563946624735148117E+01   -0.782046818070209682E+01   -0.399813491993950088E+01    0.444735385203629903E+03
    0.130038541301812827E+01    0.137665039962632818E+04   -0.505832927164704405E+01   -0.653797893350710346E+01   -0.357819412294579742E+01    0.444739702514359976E+03
    0.130255123430618380E+01    0.135147592280895287E+04   -0.528357561369084472E+01   -0.696171337735001750E+01   -0.366896415204211301E+01    0.444739725972586427E+03
    0.129979049971126170E+01    0.144157550613904255E+04   -0.501758246081987025E+01   -0.683133754333814647E+01   -0.378671164661196258E+01    0.444739788889110230E+03
    0.130183192702334183E+01    0.151491677265359772E+04   -0.551458897693363959E+01   -0.692290062298517572E+01   -0.412025166096824957E+01    0.444741184757258395E+03
    0.130148595064653949E+01    0.153004665385217299E+04   -0.593506256455549597E+01   -0.725951085606668656E+01   -0.416990785197316161E+01    0.444741683946327555E+03
    0.130681755214625062E+01    0.138179348612212516E+04   -0.583634825712033933E+01   -0.740490918237979034E+01   -0.399396366654890045E+01    0.444742188942676989E+03
    0.130515366420937640E+01    0.144956857111545742E+04   -0.592755966145044155E+01   -0.734641010956032670E+01   -0.420643170643868025E+01    0.444751884548146847E+03
    0.130151725774332694E+01    0.142347835828686243E+04   -0.548542228574326529E+01   -0.718301614828994328E+01   -0.377240144442816927E+01    0.444752582232919167E+03
    0.130639704188007699E+01    0.133142805232434466E+04   -0.525177045912063445E+01   -0.711035634354567403E+01   -0.387823977946059451E+01    0.444763870785578376E+03
    0.130557002529383137E+01    0.143710656107220188E+04   -0.608574213544741305E+01   -0.768802490384285253E+01   -0.417758061741009357E+01    0.444765874057672704E+03
    0.130025048893453032E+01    0.142816596927361797E+04   -0.502604507189583760E+01   -0.710819183602168092E+01   -0.374473336422414604E+01    0.444767669762296464E+03
    0.130025048893453032E+01    0.142816596927361797E+04   -0.502604507189583760E+01   -0.710819183602168092E+01   -0.374473336422414604E+01    0.444767669762296464E+03
    0.130593308171517175E+01    0.133264502926118280E+04   -0.531441655063183305E+01   -0.758203374791106377E+01   -0.384601853250014791E+01    0.444768088596614859E+03
    0.130593308171517175E+01    0.133264502926118280E+04   -0.531441655063183305E+01   -0.758203374791106377E+01   -0.384601853250014791E+01    0.444768088596614859E+03
    0.130700243652191328E+01    0.136368839553529688E+04   -0.570168157239161388E+01   -0.789283901573392477E+01   -0.399614639307121067E+01    0.444777437140584595E+03
    0.130456847482636107E+01    0.130496265126753246E+04   -0.520520530746813392E+01   -0.699800582631867396E+01   -0.366035663701279113E+01    0.444779670714702888E+03
    0.130552495373951172E+01    0.137210658970311601E+04   -0.523665050508793861E+01   -0.730726427355008923E+01   -0.393624551083907903E+01    0.444780086811500894E+03
    0.130552495373951172E+01    0.137210658970311601E+04   -0.523665050508793861E+01   -0.730726427355008923E+01   -0.393624551083907903E+01    0.444780086811500894E+03
    0.130723632706428394E+01    0.138328700544431808E+04   -0.598589455715088725E+01   -0.775971470009604491E+01   -0.412325952799754525E+01    0.444780714094439361E+03
    0.130679210960342984E+01    0.142139425659962649E+04   -0.607645052930122898E+01   -0.793721844132362797E+01   -0.416284971088679256E+01    0.444785016379340959E+03
    0.130260218050489285E+01    0.135487341661343589E+04   -0.536567493157637188E+01   -0.696158514207186485E+01   -0.366243997195925175E+01    0.444786458538106274E+03
    0.130409168399718323E+01    0.133609327978309284E+04   -0.523350991242131602E+01   -0.696509534499498617E+01   -0.376585914499560204E+01    0.444787284921431876E+03
    0.130409168399718323E+01    0.133609327978309284E+04   -0.523350991242131602E+01   -0.696509534499498617E+01   -0.376585914499560204E+01    0.444787284921431876E+03
    0.130035046463474635E+01    0.146094709956247266E+04   -0.533485952656268392E+01   -0.688160371753772360E+01   -0.378995272677120099E+01    0.444791234689152759E+03
    0.130484358583354720E+01    0.145288797832614046E+04   -0.590647732101066580E+01   -0.698353121458439841E+01   -0.411378654823597412E+01    0.444792982047737269E+03
    0.130299646336897301E+01    0.154858660750693252E+04   -0.576706732508282371E+01   -0.738811606126073883E+01   -0.428299996752609591E+01    0.444793107135026389E+03
    0.130244402621089028E+01    0.133898243696105556E+04   -0.513667113220054805E+01   -0.678823288750149700E+01   -0.356010781205601035E+01    0.444801430169639218E+03
    0.130153629178080021E+01    0.147698732181167679E+04   -0.568391583340090101E+01   -0.751049149854725950E+01   -0.398863076412166784E+01    0.444802038165428371E+03
    0.130848488899707438E+01    0.132071804300764666E+04   -0.573124070646639172E+01   -0.734066279174779801E+01   -0.398569307065464962E+01    0.444806335336549012E+03
    0.130665566638994290E+01    0.129149125623134023E+04   -0.553567877804979869E+01   -0.723073152540602848E+01   -0.375490401824682429E+01    0.444811817880721037E+03
    0.130115707970556005E+01    0.155653001269554193E+04   -0.591023594537127384E+01   -0.701761722649139408E+01   -0.415582110912676406E+01    0.444816644343145185E+03
    0.129904346942372384E+01    0.153770932118745895E+04   -0.554894108335868275E+01   -0.674562478622540684E+01   -0.401375456207841808E+01    0.444817870653969237E+03
    0.130638732461458895E+01    0.132561993097033383E+04   -0.569652166682873506E+01   -0.698272351989616258E+01   -0.387486313900845936E+01    0.444825773849928908E+03
    0.130146981054785860E+01    0.144311472379074212E+04   -0.527012842809195980E+01   -0.733413268925597883E+01   -0.382138190946812628E+01    0.444827139414253963E+03
    0.130146981054785860E+01    0.144311472379074212E+04   -0.527012842809195980E+01   -0.733413268925597883E+01   -0.382138190946812628E+01    0.444827139414253963E+03
    0.130085024209433597E+01    0.157776811286603856E+04   -0.573408731918582060E+01   -0.728842043434478271E+01   -0.424825851746172667E+01    0.444831189803960285E+03
    0.130598880567768205E+01    0.139081335949537106E+04   -0.576304918871655047E+01   -0.693106384091458239E+01   -0.403340270244065557E+01    0.444833791007079299E+03
    0.130128650462264384E+01    0.134990457392114831E+04   -0.502359943271855691E+01   -0.661145306642425989E+01   -0.356225104864709508E+01    0.444837683132383006E+03
    0.130128650462264384E+01    0.134990457392114831E+04   -0.502359943271855691E+01   -0.661145306642425989E+01   -0.356225104864709508E+01    0.444837683132383006E+03
    0.130234417542907499E+01    0.146039570295160479E+04   -0.532131981610121318E+01   -0.746397331066040426E+01   -0.401541750521122776E+01    0.444846622463266044E+03
    0.130715519429535920E+01    0.127471750110931725E+04   -0.531469067458711208E+01   -0.721737449726860181E+01   -0.369657875375174960E+01    0.444853668005059205E+03
    0.130425544218853684E+01    0.134435554315812624E+04   -0.538811374873033433E+01   -0.737408971623579390E+01   -0.376412776499096680E+01    0.444856358921997128E+03
    0.130119811367347316E+01    0.140727751712478653E+04   -0.518940783176749854E+01   -0.714005366998687840E+01   -0.377127482329642305E+01    0.444856819179151955E+03
    0.130119811367347316E+01    0.140727751712478653E+04   -0.518940783176749854E+01   -0.714005366998687840E+01   -0.377127482329642305E+01    0.444856819179151955E+03
    0.130467097476398797E+01    0.143627439217847996E+04   -0.569987897127661913E+01   -0.689192713208981189E+01   -0.407272033770458464E+01    0.444857009081341459E+03
    0.130076499614986152E+01    0.145597217332220089E+04   -0.558746823967624540E+01   -0.696420035280167138E+01   -0.390049490345900551E+01    0.444857626988600487E+03
    0.130076499614986152E+01    0.145597217332220089E+04   -0.558746823967624540E+01   -0.696420035280167138E+01   -0.390049490345900551E+01    0.444857626988600487E+03
    0.130588948025867602E+01    0.148349610050209071E+04   -0.615271645823173241E+01   -0.741450921820555209E+01   -0.429542804988776794E+01    0.444858142049079561E+03
    0.130350101048406941E+01    0.133040448551840609E+04   -0.498527899432069432E+01   -0.663244652358846221E+01   -0.366673948368059399E+01    0.444858383619469464E+03
    0.130350101048406941E+01    0.133040448551840609E+04   -0.498527899432069432E+01   -0.663244652358846221E+01   -0.366673948368059399E+01    0.444858383619469464E+03
    0.130454304247129205E+01    0.129360196373682788E+04   -0.515594393101640147E+01   -0.666149977987151587E+01   -0.359429929424147510E+01    0.444873377379467513E+03
    0.130454304247129205E+01    0.129360196373682788E+04   -0.515594393101640147E+01   -0.666149977987151587E+01   -0.359429929424147510E+01    0.444873377379467513E+03
    0.130302292494601679E+01    0.140151635458226428E+04   -0.557470954107445404E+01   -0.661463374358760614E+01   -0.384678207853279908E+01    0.444879578547688027E+03
    0.130481691581070924E+01    0.138423723698532854E+04   -0.551866541254616561E+01   -0.742497508223327785E+01   -0.384822347375054363E+01    0.444879669234453957E+03
    0.130512441651152500E+01    0.151714401826234052E+04   -0.613999878851963388E+01   -0.756866663618068536E+01   -0.434965170256343558E+01    0.444885164043800103E+03
    0.130012710311980495E+01    0.149240203262612067E+04   -0.541771368615711069E+01   -0.658333382005234391E+01   -0.393356834136053557E+01    0.444889141916755136E+03
    0.130241616432884122E+01    0.158253324083197640E+04   -0.611669573377314801E+01   -0.759750156440087476E+01   -0.430494158881913425E+01    0.444890495996947948E+03
    0.130241616432884122E+01    0.158253324083197640E+04   -0.611669573377314801E+01   -0.759750156440087476E+01   -0.430494158881913425E+01    0.444890495996947948E+03
    0.130705681486316072E+01    0.133599266198907003E+04   -0.583886145428643299E+01   -0.759311326681344134E+01   -0.392053003813947676E+01    0.444891310015810518E+03
    0.130686712384489878E+01    0.140983368799158279E+04   -0.567860859638779214E+01   -0.765253211889111551E+01   -0.412781241732995152E+01    0.444900794813103914E+03
    0.130083377917500576E+01    0.140024075049931230E+04   -0.530114786862455034E+01   -0.657548903874473645E+01   -0.370489635202206991E+01    0.444908434943501788E+03
    0.130204990748130944E+01    0.146395329761317726E+04   -0.577191272659915988E+01   -0.680844302274081503E+01   -0.393422422296498731E+01    0.444908436849205600E+03
    0.130417034809260213E+01    0.134952539731816091E+04   -0.505922356824503439E+01   -0.689217361026897901E+01   -0.378951887859261127E+01    0.444912751119538257E+03
    0.130627099795049118E+01    0.138357798870528450E+04   -0.544557508853228800E+01   -0.724791861514396096E+01   -0.403695022117234181E+01    0.444914389382158959E+03
    0.130446236983670394E+01    0.136677526573718569E+04   -0.574775998156912227E+01   -0.717685010252440581E+01   -0.386332467984770211E+01    0.444915996500827418E+03
    0.130102488657515569E+01    0.156533010008133238E+04   -0.565024409052505039E+01   -0.755020998777845698E+01   -0.419994608675670023E+01    0.444916214291528775E+03
    0.130470794136354873E+01    0.134427352101407723E+04   -0.511161315081719803E+01   -0.729223352552543247E+01   -0.374174872125106361E+01    0.444920570898539438E+03
    0.130277387746609685E+01    0.154176617022420237E+04   -0.567183404078796194E+01   -0.738956745021325911E+01   -0.423833889218642756E+01    0.444926102517149161E+03
    0.130612164203122938E+01    0.134729993017138122E+04   -0.529145061547543971E+01   -0.729036290227873973E+01   -0.392818146130719015E+01    0.444926786759228946E+03
    0.130437479103927667E+01    0.145436809183613968E+04   -0.583437175399873276E+01   -0.783806273651032548E+01   -0.405998993715494549E+01    0.444932252835334225E+03
    0.130524914877406228E+01    0.146777802199499888E+04   -0.574917454829348440E+01   -0.734803741617188599E+01   -0.417347675409493579E+01    0.444932977947897086E+03
    0.130125979244849987E+01    0.148486874367458358E+04   -0.562475474051533464E+01   -0.667906328829345952E+01   -0.399765114780598907E+01    0.444939171221993320E+03
    0.130519306386797629E+01    0.140408577948957645E+04   -0.606021500043030237E+01   -0.738320246954191983E+01   -0.401766743465129927E+01    0.444942094180591880E+03
    0.130264818256151216E+01    0.136337416044510610E+04   -0.511612479341020610E+01   -0.663329139108921950E+01   -0.373434735068276069E+01    0.444942847371990638E+03
    0.130274118112867709E+01    0.151783576217776317E+04   -0.556349857288618566E+01   -0.729268907178133041E+01   -0.414990432141070542E+01    0.444942861070977472E+03
    0.130522260788329336E+01    0.135963545760567990E+04   -0.526327479179791347E+01   -0.699903300158903807E+01   -0.382684219580572638E+01    0.444945285473117224E+03
    0.130459800148295213E+01    0.134667213925414717E+04   -0.541641055478895073E+01   -0.691498215636102476E+01   -0.383978079144838169E+01    0.444946625804201233E+03
    0.130485919533470662E+01    0.145219427419480485E+04   -0.595273073617527260E+01   -0.720616899656220777E+01   -0.407257377290554334E+01    0.444948166006007170E+03
    0.130515860635899905E+01    0.132134760098006382E+04   -0.541521794106263332E+01   -0.727672398308407420E+01   -0.369183431058589662E+01    0.444950587181893127E+03
    0.130669030740514192E+01    0.136415625971604595E+04   -0.546899607835109336E+01   -0.761758493894034316E+01   -0.401154156122193761E+01    0.444952620813900580E+03
    0.130282715774947522E+01    0.152395709832910961E+04   -0.564327314769986721E+01   -0.737312499312686498E+01   -0.415215246467805255E+01    0.444954240702666596E+03
    0.130267898832368667E+01    0.147249248958655107E+04   -0.548760504776719138E+01   -0.696990390321739017E+01   -0.408652541745708575E+01    0.444956275690683924E+03
    0.130024494876817354E+01    0.144382092181164148E+04   -0.523307532034918665E+01   -0.660800464460080228E+01   -0.382705442546021146E+01    0.444956410523554837E+03
    0.130304379930508030E+01    0.140277337992365983E+04   -0.520019134521066828E+01   -0.745728635140515905E+01   -0.386992362482722996E+01    0.444958064577503080E+03
    0.130335425511933400E+01    0.137133831533689818E+04   -0.563344255629058033E+01   -0.698904158674519049E+01   -0.376688107893782487E+01    0.444962571201704634E+03
    0.130659809115343539E+01    0.143243251200764053E+04   -0.612585286552275488E+01   -0.770893603505147418E+01   -0.415258236218712362E+01    0.444964351130791897E+03
    0.130496638894735462E+01    0.139514658101699888E+04   -0.538458868688816583E+01   -0.770868108752063730E+01   -0.396902813857705539E+01    0.444965798700761638E+03
    0.130496638894735462E+01    0.139514658101699888E+04   -0.538458868688816583E+01   -0.770868108752063730E+01   -0.396902813857705539E+01    0.444965798700761638E+03
    0.130471526246995939E+01    0.139843497700034709E+04   -0.557498880183883117E+01   -0.779326216596168742E+01   -0.396628276749100550E+01    0.444965944339761393E+03
    0.130520224794616357E+01    0.134744795463340483E+04   -0.551775076019811372E+01   -0.688080291333634353E+01   -0.387885420165847172E+01    0.444968071856437803E+03
    0.130520224794616357E+01    0.134744795463340483E+04   -0.551775076019811372E+01   -0.688080291333634353E+01   -0.387885420165847172E+01    0.444968071856437803E+03
    0.130280929253116629E+01    0.152432818167011874E+04   -0.605771045123521557E+01   -0.761898256300450782E+01   -0.415424966388224171E+01    0.444970052524099856E+03
    0.130139744332456164E+01    0.146294872741332642E+04   -0.542964048666337540E+01   -0.723284827222750870E+01   -0.386201934222367171E+01    0.444973279731422110E+03
    0.130389619210659435E+01    0.137720465595172664E+04   -0.521019867006159743E+01   -0.715916007406397359E+01   -0.388614451279879880E+01    0.444978820076766624E+03
    0.130174680640984608E+01    0.145032356814757713E+04   -0.526195468214250894E+01   -0.666308916205529655E+01   -0.391838359691512217E+01    0.444987275624850724E+03
    0.130494275048405939E+01    0.145419982928398940E+04   -0.618708959647729362E+01   -0.752590140396683083E+01   -0.416248502689865951E+01    0.444989389336887029E+03
    0.130373755240150047E+01    0.136389430168564263E+04   -0.524708055841352916E+01   -0.699129978000338337E+01   -0.383014247442758204E+01    0.444989420874640587E+03
    0.129883279772676019E+01    0.154898171992493053E+04   -0.561383230980375281E+01   -0.681356223255383409E+01   -0.399784398058173807E+01    0.444992372522102244E+03
    0.130005833879749133E+01    0.159419003001853798E+04   -0.591059378946459724E+01   -0.737277682688819169E+01   -0.421441380101433705E+01    0.444993282930835903E+03
    0.130711328579836450E+01    0.135726966236245903E+04   -0.584054945494479938E+01   -0.760613066255348347E+01   -0.404200243652740276E+01    0.444996673615768373E+03
    0.130146127173415604E+01    0.150426347261736828E+04   -0.572377455583499195E+01   -0.746968852524738214E+01   -0.400010739914072566E+01    0.444998067849778693E+03
    0.130703011087406029E+01    0.142701431105248594E+04   -0.621057387730995103E+01   -0.754668570186512078E+01   -0.421940310606973856E+01    0.444999667968426991E+03
    0.130570371258007789E+01    0.135696537037260919E+04   -0.573707195322950358E+01   -0.710501257609899373E+01   -0.394752161941940294E+01    0.445006468632107101E+03
    0.130480164363958995E+01    0.151404378633161195E+04   -0.624787157165757900E+01   -0.761392579896040100E+01   -0.426958469970363907E+01    0.445007910546416156E+03
    0.129904123520186299E+01    0.145962886901759248E+04   -0.528959500749346478E+01   -0.659560919280950753E+01   -0.376844210327419660E+01    0.445008414506163717E+03
    0.129904123520186299E+01    0.145962886901759248E+04   -0.528959500749346478E+01   -0.659560919280950753E+01   -0.376844210327419660E+01    0.445008414506163717E+03
    0.130365831885026684E+01    0.150090717729394214E+04   -0.616558234624424362E+01   -0.761413186420400745E+01   -0.416546152355932531E+01    0.445015910269134565E+03
    0.130512566391438312E+01    0.144794767629089733E+04   -0.612673080849696383E+01   -0.773517279726214557E+01   -0.413467302906243894E+01    0.445016333708316267E+03
    0.130237002158824855E+01    0.151348761932749176E+04   -0.605846942743603201E+01   -0.719531278458191004E+01   -0.416567555180476923E+01    0.445018204800544311E+03
    0.130340074344722523E+01    0.137297263987986753E+04   -0.559189809658992321E+01   -0.670984774967827668E+01   -0.377368573477751923E+01    0.445020827386695942E+03
    0.130742790220894900E+01    0.138705154655632282E+04   -0.576696875586030178E+01   -0.781785046362604863E+01   -0.412968391297554138E+01    0.445022587190858985E+03
    0.130742790220894900E+01    0.138705154655632282E+04   -0.576696875586030178E+01   -0.781785046362604863E+01   -0.412968391297554138E+01    0.445022587190858985E+03
    0.130499081357297442E+01    0.140228009977679744E+04   -0.581920904979910780E+01   -0.762544793898479956E+01   -0.402462817633355208E+01    0.445026764706096174E+03
    0.130499081357297442E+01    0.140228009977679744E+04   -0.581920904979910780E+01   -0.762544793898479956E+01   -0.402462817633355208E+01    0.445026764706096174E+03
    0.130518021042334942E+01    0.140596055707066057E+04   -0.577769109255492630E+01   -0.723895683864557427E+01   -0.395349604846711422E+01    0.445029886033463356E+03
    0.130518021042334942E+01    0.140596055707066057E+04   -0.577769109255492630E+01   -0.723895683864557427E+01   -0.395349604846711422E+01    0.445029886033463356E+03
    0.130385387508056549E+01    0.142262155869533490E+04   -0.541007333369400278E+01   -0.771877403701916354E+01   -0.397825739445871740E+01    0.445034560005862716E+03
    0.130189348033098140E+01    0.157533470617732291E+04   -0.579269409539647739E+01   -0.741416416828538694E+01   -0.428063002679607862E+01    0.445035984786263896E+03
    0.130741833064429924E+01    0.132564107112485135E+04   -0.584740166455181409E+01   -0.724417202379114489E+01   -0.393554487901495875E+01    0.445038810825364635E+03
    0.130741833064429924E+01    0.132564107112485135E+04   -0.584740166455181409E+01   -0.724417202379114489E+01   -0.393554487901495875E+01    0.445038810825364635E+03
    0.130469723948987881E+01    0.139578353868149998E+04   -0.542321602860722063E+01   -0.743952546872707110E+01   -0.400651195407735106E+01    0.445041503859490490E+03
    0.130421994013570886E+01    0.138562244539442781E+04   -0.568701877711265258E+01   -0.681029959129354179E+01   -0.385355315045032398E+01    0.445044896990083600E+03
    0.130388565718493821E+01    0.149959808356424492E+04   -0.569563517279757825E+01   -0.719611429736020192E+01   -0.418609713214815837E+01    0.445045735980759730E+03
    0.129935243360167108E+01    0.152296707440566934E+04   -0.539396889231147014E+01   -0.680291328812382634E+01   -0.400041374752528700E+01    0.445047593088212864E+03
    0.129939479332237307E+01    0.150175533605802502E+04   -0.560317845163179573E+01   -0.692408431960903759E+01   -0.389376928727731908E+01    0.445048265951872906E+03
    0.130335311215343741E+01    0.137973402392978733E+04   -0.514573916283786836E+01   -0.677778382963449122E+01   -0.383893028050259311E+01    0.445050520301578501E+03
    0.130512085776785547E+01    0.142502357559930829E+04   -0.590979602305939267E+01   -0.715458811132135519E+01   -0.402044571551959251E+01    0.445050745021519276E+03
    0.130669991945633734E+01    0.142205929148047335E+04   -0.582547062150727690E+01   -0.783907150800011188E+01   -0.413994409274853936E+01    0.445052633542563456E+03
    0.130669991945633734E+01    0.142205929148047335E+04   -0.582547062150727690E+01   -0.783907150800011188E+01   -0.413994409274853936E+01    0.445052633542563456E+03
    0.130569893573050955E+01    0.133976376271512754E+04   -0.556464980109843843E+01   -0.683824443874356636E+01   -0.380280742904488100E+01    0.445061750078644593E+03
    0.130569893573050955E+01    0.133976376271512754E+04   -0.556464980109843843E+01   -0.683824443874356636E+01   -0.380280742904488100E+01    0.445061750078644593E+03
    0.130679016657784253E+01    0.143119676891447830E+04   -0.615353028467522645E+01   -0.782787009174967530E+01   -0.421379750203693071E+01    0.445062037031576779E+03
    0.130195603223232492E+01    0.153470987600799117E+04   -0.609256648290168457E+01   -0.712223706839229465E+01   -0.416481281928257463E+01    0.445062070080580213E+03
    0.130464226148382401E+01    0.139104390427282851E+04   -0.582123185270934584E+01   -0.686513071926782903E+01   -0.394203198663649701E+01    0.445070934681916810E+03
    0.130512276003328220E+01    0.135484529214612053E+04   -0.559517755281237683E+01   -0.757053951677649994E+01   -0.384267784949222424E+01    0.445072890925007812E+03
    0.130575522732186178E+01    0.134137957963765848E+04   -0.520436437042060795E+01   -0.733056460375341601E+01   -0.386072846504224110E+01    0.445077303329033271E+03
    0.130575522732186178E+01    0.134137957963765848E+04   -0.520436437042060795E+01   -0.733056460375341601E+01   -0.386072846504224110E+01    0.445077303329033271E+03
    0.130080559457394829E+01    0.150184070335606748E+04   -0.545068166330210602E+01   -0.752810509771672631E+01   -0.398829356926023770E+01    0.445079014439138916E+03
    0.130262841217339931E+01    0.152568350182098561E+04   -0.598067415442482364E+01   -0.769491409705106566E+01   -0.416690650790270922E+01    0.445080727390373795E+03
    0.130517521385330837E+01    0.140954486198127870E+04   -0.558055195673355442E+01   -0.785855087817723330E+01   -0.401706533096081664E+01    0.445082550943627041E+03
    0.130218980288175512E+01    0.146936822188053657E+04   -0.525650683998471635E+01   -0.731871717211780837E+01   -0.401226387864418310E+01    0.445086963326599687E+03
    0.130391971478453095E+01    0.153540275367631375E+04   -0.619251250822617383E+01   -0.740547056990100305E+01   -0.429435492435007937E+01    0.445089381969841099E+03
    0.130110705658104964E+01    0.151375798355632082E+04   -0.575257021262379720E+01   -0.746365988474849740E+01   -0.401607425749244484E+01    0.445089614567151841E+03
    0.130110705658104964E+01    0.151375798355632082E+04   -0.575257021262379720E+01   -0.746365988474849740E+01   -0.401607425749244484E+01    0.445089614567151841E+03
    0.130484752406796645E+01    0.140048728077828491E+04   -0.591106364152448904E+01   -0.750422496545279483E+01   -0.394677448177315249E+01    0.445090398238066314E+03
    0.130498354311459241E+01    0.130054268591800565E+04   -0.516653161587851439E+01   -0.692033680063621137E+01   -0.367883157020258089E+01    0.445093360322941294E+03
    0.130733986868140750E+01    0.134665315836995160E+04   -0.560615067073804596E+01   -0.768342896796463393E+01   -0.395773593201477958E+01    0.445099493611834873E+03
    0.130171584215415814E+01    0.150408609995239703E+04   -0.596681503505685473E+01   -0.699647927099539135E+01   -0.404710796273313278E+01    0.445099576681687608E+03
    0.130291988032969064E+01    0.151393587181398698E+04   -0.578171921071582773E+01   -0.782512059643408442E+01   -0.418132469839434950E+01    0.445101646142993786E+03
    0.130679174047639290E+01    0.130206798323807016E+04   -0.537959297959474370E+01   -0.730959861329570071E+01   -0.374776185371558590E+01    0.445106621685138236E+03
    0.129993552137848534E+01    0.152417134249025639E+04   -0.552976546908658584E+01   -0.670024198744470478E+01   -0.400845254681462482E+01    0.445107521456468419E+03
    0.130086372384345128E+01    0.153138520118183806E+04   -0.557408285096855671E+01   -0.758643360817243906E+01   -0.407888521008306970E+01    0.445109186203321201E+03
    0.130086372384345128E+01    0.153138520118183806E+04   -0.557408285096855671E+01   -0.758643360817243906E+01   -0.407888521008306970E+01    0.445109186203321201E+03
    0.130536230516306184E+01    0.132923984102248596E+04   -0.559406706600165826E+01   -0.714763852503304964E+01   -0.374003223611225621E+01    0.445110906116525655E+03
    0.130501761031444619E+01    0.133852712426306880E+04   -0.525614507925739183E+01   -0.746325100765689964E+01   -0.375749374696068905E+01    0.445111098459855612E+03
    0.130331932949735774E+01    0.137432532160411165E+04   -0.529252949173352505E+01   -0.663547251015854478E+01   -0.381204978021256835E+01    0.445113748387516353E+03
    0.130331932949735774E+01    0.137432532160411165E+04   -0.529252949173352505E+01   -0.663547251015854478E+01   -0.381204978021256835E+01    0.445113748387516353E+03
    0.130371791865453890E+01    0.143948699572052806E+04   -0.582212595871050365E+01   -0.765988343656073400E+01   -0.403174059943666130E+01    0.445115801444899773E+03
    0.130371791865453890E+01    0.143948699572052806E+04   -0.582212595871050365E+01   -0.765988343656073400E+01   -0.403174059943666130E+01    0.445115801444899773E+03
    0.130236152258456928E+01    0.146350744948723695E+04   -0.573303371570979792E+01   -0.755995189569518278E+01   -0.400620658053889933E+01    0.445116226178193642E+03
    0.129976015663922695E+01    0.152088399740443856E+04   -0.571653891693489591E+01   -0.714681678981825375E+01   -0.398267027560529030E+01    0.445118281294034091E+03
    0.129976015663922695E+01    0.152088399740443856E+04   -0.571653891693489591E+01   -0.714681678981825375E+01   -0.398267027560529030E+01    0.445118281294034091E+03
    0.130502326666986779E+01    0.134470120326160918E+04   -0.523395759299605956E+01   -0.689991968435582059E+01   -0.375388106541205957E+01    0.445119063972334231E+03
    0.130502326666986779E+01    0.134470120326160918E+04   -0.523395759299605956E+01   -0.689991968435582059E+01   -0.375388106541205957E+01    0.445119063972334231E+03
    0.130300600693743429E+01    0.147887101299695883E+04   -0.555812149423519131E+01   -0.706620911315819278E+01   -0.412977427493411930E+01    0.445120456234609833E+03
    0.130512122944966080E+01    0.132191551644247329E+04   -0.519595536857731854E+01   -0.738468129303895271E+01   -0.371344940439893634E+01    0.445120823665299213E+03
    0.130792186127859966E+01    0.136725126303333627E+04   -0.589268002463669216E+01   -0.777717737088744698E+01   -0.409013835165319595E+01    0.445124997079474383E+03
    0.130268120088710737E+01    0.145979675378530487E+04   -0.570388535790501816E+01   -0.686068394726814113E+01   -0.404930038789674818E+01    0.445125229448980633E+03
    0.130268120088710737E+01    0.145979675378530487E+04   -0.570388535790501816E+01   -0.686068394726814113E+01   -0.404930038789674818E+01    0.445125229448980633E+03
    0.130404863907948076E+01    0.136740453567047348E+04   -0.524238691512773602E+01   -0.685767622926394704E+01   -0.386155753810568747E+01    0.445125502842930871E+03
    0.130512608091839977E+01    0.132812831721809289E+04   -0.509395920382892786E+01   -0.691980615832463020E+01   -0.373895365819775449E+01    0.445127794232144197E+03
    0.130494809438589465E+01    0.144204332781186076E+04   -0.578749042598401342E+01   -0.741011153349822216E+01   -0.403834484021702877E+01    0.445130011449413587E+03
    0.130160085089091626E+01    0.134485112396811701E+04   -0.495998778047127953E+01   -0.671586520309452162E+01   -0.355548274802540298E+01    0.445132048726189112E+03
    0.130462847213052768E+01    0.135978915592058138E+04   -0.533875932684150456E+01   -0.758713724129514056E+01   -0.382094885476285917E+01    0.445132540494306454E+03
    0.130395970024517593E+01    0.132334403539018695E+04   -0.508098548595616517E+01   -0.658475078683371073E+01   -0.364919178867819483E+01    0.445139310730953355E+03
    0.130668757002109981E+01    0.137985364615078379E+04   -0.559361024717163691E+01   -0.735135742784940760E+01   -0.408144399286998194E+01    0.445153002541403396E+03
    0.130406775457183288E+01    0.147581691904435502E+04   -0.574876327473319293E+01   -0.779770331561667795E+01   -0.411052767068431724E+01    0.445156587336236782E+03
    0.130197094176371131E+01    0.147841499902551504E+04   -0.559838813307889804E+01   -0.671841953598367247E+01   -0.402023924751692441E+01    0.445158040863162398E+03
    0.130197094176371131E+01    0.147841499902551504E+04   -0.559838813307889804E+01   -0.671841953598367247E+01   -0.402023924751692441E+01    0.445158040863162398E+03
    0.130009812141086223E+01    0.147400765639691099E+04   -0.559530635106457996E+01   -0.683330744069707308E+01   -0.388318049285769185E+01    0.445169695277714425E+03
    0.130619206849974545E+01    0.140050134203484004E+04   -0.580858026835134478E+01   -0.741493413976139770E+01   -0.401035646971444582E+01    0.445172065786029009E+03
    0.130511617364663501E+01    0.147770299044286412E+04   -0.578421147919190926E+01   -0.783785054375621204E+01   -0.422264333777182888E+01    0.445172468995985525E+03
    0.130511617364663501E+01    0.147770299044286412E+04   -0.578421147919190926E+01   -0.783785054375621204E+01   -0.422264333777182888E+01    0.445172468995985525E+03
    0.130272256854528634E+01    0.143951751232565425E+04   -0.519541958669040937E+01   -0.716880936472263386E+01   -0.392022003492356319E+01    0.445177088282503178E+03
    0.129966151727435886E+01    0.155077037057887651E+04   -0.543597377289970396E+01   -0.720381117006198401E+01   -0.403723458957557924E+01    0.445181729096318634E+03
    0.129966151727435886E+01    0.155077037057887651E+04   -0.543597377289970396E+01   -0.720381117006198401E+01   -0.403723458957557924E+01    0.445181729096318634E+03
    0.130032542540949736E+01    0.149363349394193392E+04   -0.528815735006901910E+01   -0.677746966752771662E+01   -0.391013804345227278E+01    0.445186685292700361E+03
    0.130105396088030956E+01    0.146646526379607371E+04   -0.530442198852743019E+01   -0.700361413927391485E+01   -0.386128509720587765E+01    0.445187913284569277E+03
    0.130054425190903289E+01    0.149964114006123464E+04   -0.554378486156649597E+01   -0.715270603950357309E+01   -0.392410812385102936E+01    0.445190100385480719E+03
    0.130299201400076270E+01    0.149682449455861797E+04   -0.570849406043686880E+01   -0.695037821059725136E+01   -0.412013799861660512E+01    0.445191904957656959E+03
    0.130299201400076270E+01    0.149682449455861797E+04   -0.570849406043686880E+01   -0.695037821059725136E+01   -0.412013799861660512E+01    0.445191904957656959E+03
    0.130056445993894232E+01    0.153647833618581535E+04   -0.577810192845023440E+01   -0.743974798160644468E+01   -0.409390541031251498E+01    0.445192039043845853E+03
    0.130506673211498159E+01    0.147532532339706654E+04   -0.594230663809200621E+01   -0.775973450669805498E+01   -0.417164870594813575E+01    0.445192334841999639E+03
    0.130506673211498159E+01    0.147532532339706654E+04   -0.594230663809200621E+01   -0.775973450669805498E+01   -0.417164870594813575E+01    0.445192334841999639E+03
    0.130314538385336021E+01    0.155289801082597432E+04   -0.599853631446390434E+01   -0.776130431709076252E+01   -0.430218969275037111E+01    0.445203533005291774E+03
    0.129795381508235086E+01    0.154075157372636704E+04   -0.534012570165384481E+01   -0.682330186150836138E+01   -0.392366262098267882E+01    0.445206395165156778E+03
    0.130478120077709181E+01    0.141852821425994125E+04   -0.536761932611197068E+01   -0.742685675328548012E+01   -0.404394662783185144E+01    0.445211428057785156E+03
    0.130478120077709181E+01    0.141852821425994125E+04   -0.536761932611197068E+01   -0.742685675328548012E+01   -0.404394662783185144E+01    0.445211428057785156E+03
    0.130031881015514283E+01    0.156945356538780061E+04   -0.563855244220557417E+01   -0.724526040799169557E+01   -0.418736944871384686E+01    0.445214036080310450E+03
    0.130031881015514283E+01    0.156945356538780061E+04   -0.563855244220557417E+01   -0.724526040799169557E+01   -0.418736944871384686E+01    0.445214036080310450E+03
    0.130127152503979016E+01    0.145749072203851574E+04   -0.535289188915127223E+01   -0.740412666647780693E+01   -0.392520129523367522E+01    0.445214425809925558E+03
    0.130669820265835734E+01    0.131995855453794275E+04   -0.566183018159085982E+01   -0.704752374708044904E+01   -0.386954108870239644E+01    0.445221300929997426E+03
    0.130321097487175708E+01    0.153052838385587961E+04   -0.570939965989232956E+01   -0.738330832154967087E+01   -0.422839534272891449E+01    0.445225039673680385E+03
    0.130331819081702061E+01    0.137000218777374403E+04   -0.514928415951111162E+01   -0.720200263966385812E+01   -0.372104733123348197E+01    0.445225466349567057E+03
    0.130131439199157173E+01    0.143817669976691491E+04   -0.543132775060478323E+01   -0.693219994478127344E+01   -0.389875378463155720E+01    0.445228695178468570E+03
    0.130282333405294470E+01    0.146075426496652062E+04   -0.588711742591279474E+01   -0.714074429792552667E+01   -0.405809750786379819E+01    0.445231327487944554E+03
    0.130282333405294470E+01    0.146075426496652062E+04   -0.588711742591279474E+01   -0.714074429792552667E+01   -0.405809750786379819E+01    0.445231327487944554E+03
    0.129958899575852826E+01    0.143969332000598956E+04   -0.495922280024064399E+01   -0.674355371767744760E+01   -0.373892652900960876E+01    0.445233032431217680E+03
    0.130529856075785755E+01    0.140078391528570546E+04   -0.573098990306089995E+01   -0.781988860809810404E+01   -0.400921723838656163E+01    0.445255715814359746E+03
    0.130119202125374445E+01    0.144115374677209320E+04   -0.524541447139718287E+01   -0.726999196044929707E+01   -0.387367684439341708E+01    0.445257516896236211E+03
    0.130341765807605503E+01    0.151941944546544983E+04   -0.585108962770780927E+01   -0.718165109064312190E+01   -0.424789783944787036E+01    0.445264151826677562E+03
    0.130499537511388564E+01    0.140241934475828998E+04   -0.553600479046927774E+01   -0.719499255875961197E+01   -0.404796681350921439E+01    0.445270390565499383E+03
    0.130454791617022803E+01    0.143618978810256999E+04   -0.603116346334887599E+01   -0.712795723937595938E+01   -0.403704491322268666E+01    0.445271061831558825E+03
    0.130454791617022803E+01    0.143618978810256999E+04   -0.603116346334887599E+01   -0.712795723937595938E+01   -0.403704491322268666E+01    0.445271061831558825E+03
    0.130102319418712420E+01    0.152249121972026933E+04   -0.569622698061495036E+01   -0.704610319711009137E+01   -0.412045720348638245E+01    0.445272609847319814E+03
    0.130102319418712420E+01    0.152249121972026933E+04   -0.569622698061495036E+01   -0.704610319711009137E+01   -0.412045720348638245E+01    0.445272609847319814E+03
    0.130001005919020107E+01    0.157449058286605941E+04   -0.591134922855784417E+01   -0.715629137321867947E+01   -0.414092835401348047E+01    0.445272880668796574E+03
    0.130527347868701504E+01    0.151204129129181206E+04   -0.611933789829495467E+01   -0.764870170224547685E+01   -0.431572883172580735E+01    0.445276092602281324E+03
    0.130527347868701504E+01    0.151204129129181206E+04   -0.611933789829495467E+01   -0.764870170224547685E+01   -0.431572883172580735E+01    0.445276092602281324E+03
    0.130338178945642502E+01    0.141160250685014853E+04   -0.548569957758470217E+01   -0.687199554932750445E+01   -0.384689501033382442E+01    0.445278950470821940E+03
    0.130541132233086921E+01    0.138285931259060021E+04   -0.566858775000357262E+01   -0.704438506870773384E+01   -0.390052806674633601E+01    0.445285616730603294E+03
    0.130489619133310075E+01    0.129362889838266665E+04   -0.513585215446729570E+01   -0.692349534528131283E+01   -0.362425859060094702E+01    0.445288738945678972E+03
    0.130120583376912191E+01    0.153913593105847917E+04   -0.558662384050865679E+01   -0.697354980369181732E+01   -0.412908662644644320E+01    0.445291536695120783E+03
    0.130120583376912191E+01    0.153913593105847917E+04   -0.558662384050865679E+01   -0.697354980369181732E+01   -0.412908662644644320E+01    0.445291536695120783E+03
    0.130780636974370235E+01    0.131924106006926468E+04   -0.571021511697445217E+01   -0.723717548975133340E+01   -0.390854250310108142E+01    0.445293011709278062E+03
    0.130605643621538459E+01    0.142216527728830738E+04   -0.585201359643932761E+01   -0.760903142765232321E+01   -0.406904184431414517E+01    0.445305997695767132E+03
    0.130605643621538459E+01    0.142216527728830738E+04   -0.585201359643932761E+01   -0.760903142765232321E+01   -0.406904184431414517E+01    0.445305997695767132E+03
    0.129984284208856526E+01    0.152941014984122262E+04   -0.575165380801806059E+01   -0.710299255213580683E+01   -0.402792166529965456E+01    0.445310095883559427E+03
    0.130407873963727017E+01    0.137540316948087866E+04   -0.524760080930576045E+01   -0.736170471941561644E+01   -0.387938131949981901E+01    0.445311365311292150E+03
    0.130222023560968037E+01    0.137501644754552899E+04   -0.525991844373346140E+01   -0.666594085203131570E+01   -0.374669876246047018E+01    0.445312597205831480E+03
    0.130222023560968037E+01    0.137501644754552899E+04   -0.525991844373346140E+01   -0.666594085203131570E+01   -0.374669876246047018E+01    0.445312597205831480E+03
    0.130202703260617403E+01    0.141789095376841624E+04   -0.533796278099106836E+01   -0.684502234204862336E+01   -0.388779520753340968E+01    0.445314527120931075E+03
    0.130202703260617403E+01    0.141789095376841624E+04   -0.533796278099106836E+01   -0.684502234204862336E+01   -0.388779520753340968E+01    0.445314527120931075E+03
    0.130411438467486196E+01    0.148393538528082877E+04   -0.572896951454369052E+01   -0.774123264374478115E+01   -0.412655149728555593E+01    0.445314979108217472E+03
    0.130222520699334177E+01    0.142648405107493090E+04   -0.543588598682490076E+01   -0.659983796809021950E+01   -0.388538831688010156E+01    0.445318095306511282E+03
    0.130222520699334177E+01    0.142648405107493090E+04   -0.543588598682490076E+01   -0.659983796809021950E+01   -0.388538831688010156E+01    0.445318095306511282E+03
    0.130298621425332883E+01    0.143774111456216133E+04   -0.560883688248835721E+01   -0.678620379080353509E+01   -0.392160101278290085E+01    0.445326108341302756E+03
    0.130298621425332883E+01    0.143774111456216133E+04   -0.560883688248835721E+01   -0.678620379080353509E+01   -0.392160101278290085E+01    0.445326108341302756E+03
    0.130135764256843722E+01    0.136864425534257703E+04   -0.493077350666260728E+01   -0.680576933769732495E+01   -0.363544689754778361E+01    0.445329238272000396E+03
    0.130135764256843722E+01    0.136864425534257703E+04   -0.493077350666260728E+01   -0.680576933769732495E+01   -0.363544689754778361E+01    0.445329238272000396E+03
    0.130671848176899141E+01    0.140705581152978084E+04   -0.601559330366688805E+01   -0.732955817812021060E+01   -0.416096427165356975E+01    0.445331698241296863E+03
    0.130671848176899141E+01    0.140705581152978084E+04   -0.601559330366688805E+01   -0.732955817812021060E+01   -0.416096427165356975E+01    0.445331698241296863E+03
    0.130636215816918777E+01    0.138773417937583986E+04   -0.570109416679171588E+01   -0.777664071370424104E+01   -0.401240371046950450E+01    0.445333632223621862E+03
    0.130636215816918777E+01    0.138773417937583986E+04   -0.570109416679171588E+01   -0.777664071370424104E+01   -0.401240371046950450E+01    0.445333632223621862E+03
    0.130620864810160020E+01    0.136803778890187596E+04   -0.574999497123145709E+01   -0.757069079754480700E+01   -0.392416857687691589E+01    0.445333768640973915E+03
    0.130128426317354862E+01    0.148613206415088712E+04   -0.559285612594599790E+01   -0.750540676601342049E+01   -0.399582964387019679E+01    0.445335097086829308E+03
    0.130128426317354862E+01    0.148613206415088712E+04   -0.559285612594599790E+01   -0.750540676601342049E+01   -0.399582964387019679E+01    0.445335097086829308E+03
    0.130107853783800387E+01    0.155466012290002391E+04   -0.577801234555220056E+01   -0.708345604944954133E+01   -0.412641818399241345E+01    0.445336510003068440E+03
    0.130107853783800387E+01    0.155466012290002391E+04   -0.577801234555220056E+01   -0.708345604944954133E+01   -0.412641818399241345E+01    0.445336510003068440E+03
    0.130476834116771223E+01    0.137275511604894746E+04   -0.526919588618617851E+01   -0.754362294880833417E+01   -0.387555837438861595E+01    0.445337457827975470E+03
    0.130085006164052697E+01    0.153869148275581369E+04   -0.589944497379503741E+01   -0.737301356215197590E+01   -0.409821879216154628E+01    0.445337601316965504E+03
    0.130464151796697303E+01    0.152673531430173352E+04   -0.607241477905102656E+01   -0.762349388057611943E+01   -0.432631331812299802E+01    0.445340699305136070E+03
    0.130268726148452996E+01    0.136454428982705417E+04   -0.508993102216286530E+01   -0.658985633001415483E+01   -0.367168140932112586E+01    0.445357435478720788E+03
    0.130268726148452996E+01    0.136454428982705417E+04   -0.508993102216286530E+01   -0.658985633001415483E+01   -0.367168140932112586E+01    0.445357435478720788E+03
    0.130716306462536069E+01    0.136556609973078594E+04   -0.577337334295030580E+01   -0.775230370898042320E+01   -0.405333993929322300E+01    0.445358101145353032E+03
    0.130716306462536069E+01    0.136556609973078594E+04   -0.577337334295030580E+01   -0.775230370898042320E+01   -0.405333993929322300E+01    0.445358101145353032E+03
    0.130546510996518950E+01    0.142462739086564761E+04   -0.558597907219956635E+01   -0.746106652948650861E+01   -0.404068082134268902E+01    0.445358857122881261E+03
    0.130546510996518950E+01    0.142462739086564761E+04   -0.558597907219956635E+01   -0.746106652948650861E+01   -0.404068082134268902E+01    0.445358857122881261E+03
    0.130685862743995540E+01    0.141831461575778212E+04   -0.601049544823996662E+01   -0.778684021833848483E+01   -0.414635178269713212E+01    0.445361524545945940E+03
    0.130728619385388556E+01    0.129543789636960037E+04   -0.538835124981709512E+01   -0.719564637176576394E+01   -0.379572777260052163E+01    0.445364210045049390E+03
    0.130262062778037002E+01    0.139134038374972124E+04   -0.514917754229559321E+01   -0.733813044123096159E+01   -0.378001970273879984E+01    0.445376045181869642E+03
    0.129938132968106390E+01    0.144983955082526199E+04   -0.508572105189081203E+01   -0.654817638677884784E+01   -0.374670797913267073E+01    0.445376880152917408E+03
    0.129938132968106390E+01    0.144983955082526199E+04   -0.508572105189081203E+01   -0.654817638677884784E+01   -0.374670797913267073E+01    0.445376880152917408E+03
    0.130624018330788072E+01    0.132173326299361452E+04   -0.526431175966837905E+01   -0.701550521154234730E+01   -0.382408775747434859E+01    0.445379889618797620E+03
    0.130177028730439770E+01    0.138631180376897100E+04   -0.530096437121300124E+01   -0.689521310138559862E+01   -0.374520602395441138E+01    0.445380914520341378E+03
    0.130416915395324540E+01    0.148141009259509838E+04   -0.567587913589612292E+01   -0.775866402891754792E+01   -0.414004209986936100E+01    0.445385129462496536E+03
    0.130416915395324540E+01    0.148141009259509838E+04   -0.567587913589612292E+01   -0.775866402891754792E+01   -0.414004209986936100E+01    0.445385129462496536E+03
    0.129919841728191621E+01    0.146677924475058330E+04   -0.521755183429201796E+01   -0.688087019860878790E+01   -0.381671326944278277E+01    0.445386716764699088E+03
    0.129919841728191621E+01    0.146677924475058330E+04   -0.521755183429201796E+01   -0.688087019860878790E+01   -0.381671326944278277E+01    0.445386716764699088E+03
    0.130422790447890491E+01    0.150943569725137013E+04   -0.582551598300725981E+01   -0.776791644532480330E+01   -0.423602082953321535E+01    0.445395394785039457E+03
    0.130543226010907265E+01    0.149352875312346305E+04   -0.616914459012431848E+01   -0.767449671394479882E+01   -0.430527327611831812E+01    0.445397882012067100E+03
    0.130277383822723181E+01    0.144165905018012290E+04   -0.549817535776524569E+01   -0.751263988086866963E+01   -0.399127480230794696E+01    0.445401487210564085E+03
    0.129962609225892911E+01    0.149107711210689354E+04   -0.540449984549002238E+01   -0.720125519146334181E+01   -0.388660126186906396E+01    0.445402197637848360E+03
    0.130463701179627489E+01    0.135124851781784628E+04   -0.551809665882234057E+01   -0.706404762724747393E+01   -0.374446778321764029E+01    0.445402654676661086E+03
    0.130463701179627489E+01    0.135124851781784628E+04   -0.551809665882234057E+01   -0.706404762724747393E+01   -0.374446778321764029E+01    0.445402654676661086E+03
    0.130578984604584258E+01    0.143794319502906342E+04   -0.576041965705227987E+01   -0.738228047834610379E+01   -0.411469577798470265E+01    0.445403626331397163E+03
    0.130206552051342239E+01    0.155804776832906987E+04   -0.586807866917589482E+01   -0.762878087807352490E+01   -0.421840218715247417E+01    0.445407370283296075E+03
    0.130188908320041841E+01    0.150075929462341469E+04   -0.579134425991082047E+01   -0.697069788023255654E+01   -0.410954826683989083E+01    0.445413600047380953E+03
    0.130032551771687754E+01    0.142114532989396434E+04   -0.514392577160902675E+01   -0.676130017495920388E+01   -0.368562949671402507E+01    0.445414424883967683E+03
    0.130639862297204812E+01    0.140437731180128048E+04   -0.566054489541025330E+01   -0.772023644426470845E+01   -0.411863638940607313E+01    0.445415769139543329E+03
    0.130639862297204812E+01    0.140437731180128048E+04   -0.566054489541025330E+01   -0.772023644426470845E+01   -0.411863638940607313E+01    0.445415769139543329E+03
    0.130327294606466437E+01    0.138449300769495289E+04   -0.515743882182594771E+01   -0.734545457501611931E+01   -0.382178584937544841E+01    0.445419709307397625E+03
    0.130761964819226439E+01    0.133207924086864591E+04   -0.569247800270888060E+01   -0.742571034214378134E+01   -0.391784395140889963E+01    0.445420604057732874E+03
    0.130761964819226439E+01    0.133207924086864591E+04   -0.569247800270888060E+01   -0.742571034214378134E+01   -0.391784395140889963E+01    0.445420604057732874E+03
    0.130037647213997998E+01    0.155236662603112654E+04   -0.555632413612526666E+01   -0.714152203963266619E+01   -0.414384546387083574E+01    0.445422813949874808E+03
    0.130037647213997998E+01    0.155236662603112654E+04   -0.555632413612526666E+01   -0.714152203963266619E+01   -0.414384546387083574E+01    0.445422813949874808E+03
    0.130328429894699394E+01    0.136513848493410478E+04   -0.505180312773248552E+01   -0.705859105191533409E+01   -0.377848134266257674E+01    0.445423216687610193E+03
    0.130126229671064819E+01    0.141431905809511591E+04   -0.528995635756338434E+01   -0.652565488875521726E+01   -0.377067161065116530E+01    0.445423330934944715E+03
    0.130126229671064819E+01    0.141431905809511591E+04   -0.528995635756338434E+01   -0.652565488875521726E+01   -0.377067161065116530E+01    0.445423330934944715E+03
    0.130202663180215650E+01    0.151361504545613479E+04   -0.589400837938227262E+01   -0.724424964853651154E+01   -0.406129428511217228E+01    0.445424088414082348E+03
    0.130202663180215650E+01    0.151361504545613479E+04   -0.589400837938227262E+01   -0.724424964853651154E+01   -0.406129428511217228E+01    0.445424088414082348E+03
    0.130626480113355381E+01    0.135494982502052176E+04   -0.542801445211006772E+01   -0.733986109488843752E+01   -0.396370605791520170E+01    0.445424698031569960E+03
    0.130586809717808605E+01    0.143433225631393361E+04   -0.612586367515347519E+01   -0.736196709544248140E+01   -0.411325087362577513E+01    0.445425234882057623E+03
    0.130586809717808605E+01    0.143433225631393361E+04   -0.612586367515347519E+01   -0.736196709544248140E+01   -0.411325087362577513E+01    0.445425234882057623E+03
    0.130225902472327770E+01    0.155582084622208868E+04   -0.585616736569926033E+01   -0.721465182566943142E+01   -0.425760684387857857E+01    0.445425480105091083E+03
    0.130225902472327770E+01    0.155582084622208868E+04   -0.585616736569926033E+01   -0.721465182566943142E+01   -0.425760684387857857E+01    0.445425480105091083E+03
    0.130300964582392997E+01    0.151286740516742179E+04   -0.572648422942041435E+01   -0.759808547380313914E+01   -0.413053974784882705E+01    0.445430445366798608E+03
    0.130217138653736031E+01    0.144900475993463419E+04   -0.519086969179330993E+01   -0.695659492213108699E+01   -0.393080012690625047E+01    0.445431807898005331E+03
    0.129884533873472252E+01    0.154600066748781637E+04   -0.546291648455097079E+01   -0.711188651196349753E+01   -0.398727595827935488E+01    0.445437484274006920E+03
    0.130622999635122783E+01    0.142281921892923265E+04   -0.595427459702297401E+01   -0.717675680816430539E+01   -0.413710396069090081E+01    0.445438762585953555E+03
    0.130053677368679965E+01    0.143512563796959148E+04   -0.504217021059217885E+01   -0.702229139947433723E+01   -0.379647742436736380E+01    0.445439579296191823E+03
    0.130336473151597376E+01    0.145269240993058133E+04   -0.574051940205521039E+01   -0.690518331396007223E+01   -0.406658490290763197E+01    0.445440354530864397E+03
    0.130336473151597376E+01    0.145269240993058133E+04   -0.574051940205521039E+01   -0.690518331396007223E+01   -0.406658490290763197E+01    0.445440354530864397E+03
    0.130011409390801846E+01    0.147212682360212125E+04   -0.544921648803780556E+01   -0.711342365695613754E+01   -0.383649851322651614E+01    0.445440534136498343E+03
    0.130598134317196291E+01    0.136016823000114323E+04   -0.580779869827583184E+01   -0.746568413425786837E+01   -0.389440531138290247E+01    0.445442482154634831E+03
    0.130502811671870811E+01    0.137293892804528195E+04   -0.562077073389580484E+01   -0.754291131391473701E+01   -0.392592895237664763E+01    0.445445396375025666E+03
    0.130526089740511386E+01    0.142257107779989747E+04   -0.566695094874876659E+01   -0.734758909981333996E+01   -0.412484817446880747E+01    0.445447140344865204E+03
    0.130042254282671288E+01    0.140175975184630397E+04   -0.514108800413986433E+01   -0.676582352983804203E+01   -0.367859586489553791E+01    0.445451231339147967E+03
    0.130599184935963564E+01    0.137616464241733411E+04   -0.584557318366263701E+01   -0.766064225246519470E+01   -0.398538456029284305E+01    0.445452748666610375E+03
    0.130599184935963564E+01    0.137616464241733411E+04   -0.584557318366263701E+01   -0.766064225246519470E+01   -0.398538456029284305E+01    0.445452748666610375E+03
    0.130494658019706211E+01    0.146160427534357541E+04   -0.601021721947598042E+01   -0.727105650333851194E+01   -0.420430270814836859E+01    0.445461221880874859E+03
    0.130484878613382271E+01    0.139168250276920025E+04   -0.585681883418263105E+01   -0.705325863474292802E+01   -0.391185968029684972E+01    0.445463889760071027E+03
    0.130529349966772412E+01    0.141078321262312397E+04   -0.604205311612099472E+01   -0.744003711949949320E+01   -0.405194282980005482E+01    0.445464448669375543E+03
    0.130529349966772412E+01    0.141078321262312397E+04   -0.604205311612099472E+01   -0.744003711949949320E+01   -0.405194282980005482E+01    0.445464448669375543E+03
    0.130301928659440058E+01    0.150151648907260960E+04   -0.581761538304184711E+01   -0.734829385550414305E+01   -0.419930793556939896E+01    0.445465185574562383E+03
    0.130301928659440058E+01    0.150151648907260960E+04   -0.581761538304184711E+01   -0.734829385550414305E+01   -0.419930793556939896E+01    0.445465185574562383E+03
    0.130542660235701669E+01    0.147920060677557967E+04   -0.603395892551387192E+01   -0.784682565005413757E+01   -0.426032522375870570E+01    0.445466079880844063E+03
    0.130221823021749383E+01    0.141318214972962869E+04   -0.530069762785741272E+01   -0.658137742569545825E+01   -0.383086351212491749E+01    0.445469154343874379E+03
    0.130186343615937883E+01    0.156894463310017727E+04   -0.587704377519799692E+01   -0.760021971256384710E+01   -0.424345672154068598E+01    0.445470496817686069E+03
    0.130321798958417356E+01    0.145339683266018869E+04   -0.583738126093401544E+01   -0.735398658936435812E+01   -0.396561885250167023E+01    0.445479171820393333E+03
    0.130321798958417356E+01    0.145339683266018869E+04   -0.583738126093401544E+01   -0.735398658936435812E+01   -0.396561885250167023E+01    0.445479171820393333E+03
    0.130344074998259063E+01    0.132708296893761758E+04   -0.509123529981399869E+01   -0.695741073617087658E+01   -0.364996945633764192E+01    0.445480868565833475E+03
    0.130775760768876848E+01    0.132847738575827589E+04   -0.559363682050223510E+01   -0.744828549615515279E+01   -0.396610514238333778E+01    0.445481698014302310E+03
    0.130354614952221315E+01    0.135798899809523118E+04   -0.541071218670573817E+01   -0.663571471488113662E+01   -0.373730561680677731E+01    0.445483481877189718E+03
    0.130354614952221315E+01    0.135798899809523118E+04   -0.541071218670573817E+01   -0.663571471488113662E+01   -0.373730561680677731E+01    0.445483481877189718E+03
    0.130540542680908200E+01    0.144347786516409883E+04   -0.594263188247846585E+01   -0.769132573440425293E+01   -0.418253920787793021E+01    0.445484850231509995E+03
    0.130595027377784811E+01    0.133216007243604327E+04   -0.526737093682982316E+01   -0.707031770050001196E+01   -0.379872231191191112E+01    0.445488838828712858E+03
    0.130276879327228290E+01    0.144643617006436966E+04   -0.579755537204825533E+01   -0.744157227248421460E+01   -0.397213730069449689E+01    0.445490320443259179E+03
    0.130625165041473235E+01    0.138209703537360929E+04   -0.582650357862428958E+01   -0.704393450560392331E+01   -0.399724367311756978E+01    0.445490775213633583E+03
    0.130706735897202586E+01    0.138538624978303528E+04   -0.600483103269152618E+01   -0.769054478079856274E+01   -0.409927986203653116E+01    0.445490838335393619E+03
    0.130530307006127466E+01    0.134433427019027067E+04   -0.556628710334468124E+01   -0.726253084990221787E+01   -0.377158944626371984E+01    0.445491080018612365E+03
    0.130530307006127466E+01    0.134433427019027067E+04   -0.556628710334468124E+01   -0.726253084990221787E+01   -0.377158944626371984E+01    0.445491080018612365E+03
    0.130363906275962060E+01    0.150863777160165523E+04   -0.601415990116038301E+01   -0.777642278560861744E+01   -0.419551886965144405E+01    0.445492819101740963E+03
    0.130363906275962060E+01    0.150863777160165523E+04   -0.601415990116038301E+01   -0.777642278560861744E+01   -0.419551886965144405E+01    0.445492819101740963E+03
    0.130252727460566686E+01    0.148677866916762241E+04   -0.586145998561679349E+01   -0.719333394132303461E+01   -0.412205217861690709E+01    0.445495444887768201E+03
    0.130206236067278369E+01    0.145012300732483845E+04   -0.520519884899315954E+01   -0.691462439528637507E+01   -0.391660125854314956E+01    0.445497688487482264E+03
    0.129982381948616044E+01    0.151042178622931669E+04   -0.528287027307177759E+01   -0.713960790908079623E+01   -0.393573956156448013E+01    0.445498874289965158E+03
    0.129982381948616044E+01    0.151042178622931669E+04   -0.528287027307177759E+01   -0.713960790908079623E+01   -0.393573956156448013E+01    0.445498874289965158E+03
    0.129913900619146094E+01    0.149808535779293970E+04   -0.540693093037540784E+01   -0.702073641200521514E+01   -0.386572714530932693E+01    0.445506325232891584E+03
    0.129913900619146094E+01    0.149808535779293970E+04   -0.540693093037540784E+01   -0.702073641200521514E+01   -0.386572714530932693E+01    0.445506325232891584E+03
    0.130366126293473306E+01    0.145855002442062346E+04   -0.565146656832522432E+01   -0.773815194295424824E+01   -0.403614540109603759E+01    0.445509531028281344E+03
    0.130487193350111608E+01    0.134368138022905282E+04   -0.545966311897206236E+01   -0.696961386257142212E+01   -0.373412542377456091E+01    0.445511845043845256E+03
    0.130581102592121834E+01    0.144130976541982636E+04   -0.568799012051011221E+01   -0.750520073185704906E+01   -0.413965470266713353E+01    0.445512286462875807E+03
    0.130581102592121834E+01    0.144130976541982636E+04   -0.568799012051011221E+01   -0.750520073185704906E+01   -0.413965470266713353E+01    0.445512286462875807E+03
    0.129987395920244864E+01    0.152805325953262263E+04   -0.534657239779561611E+01   -0.706508232216359566E+01   -0.403642881531419029E+01    0.445513912389254870E+03
    0.129987395920244864E+01    0.152805325953262263E+04   -0.534657239779561611E+01   -0.706508232216359566E+01   -0.403642881531419029E+01    0.445513912389254870E+03
    0.130502112871318166E+01    0.142027358706661767E+04   -0.599864085743360320E+01   -0.706955679344562249E+01   -0.403935216786355777E+01    0.445519520000465207E+03
    0.130082353977968457E+01    0.142351959732658815E+04   -0.536901210098444714E+01   -0.702522270549210770E+01   -0.376522477537604416E+01    0.445520885615292457E+03
    0.129850334167800852E+01    0.148194373409371906E+04   -0.517276477927002531E+01   -0.669414668925429801E+01   -0.379205908574449069E+01    0.445523440943275602E+03
    0.130139113876824930E+01    0.139463593895648955E+04   -0.511768347437959115E+01   -0.669420229026378522E+01   -0.374262394941109378E+01    0.445524054962997752E+03
    0.130139113876824930E+01    0.139463593895648955E+04   -0.511768347437959115E+01   -0.669420229026378522E+01   -0.374262394941109378E+01    0.445524054962997752E+03
    0.130417068782427492E+01    0.145917567668964239E+04   -0.566408039934204410E+01   -0.705323904424379045E+01   -0.413483203661034793E+01    0.445526674887428555E+03
    0.130425132570294067E+01    0.144650162089404580E+04   -0.561867033775668290E+01   -0.771734674157668188E+01   -0.403843528940585816E+01    0.445526860206308982E+03
    0.130636258070423894E+01    0.133784599897430235E+04   -0.571874457027301997E+01   -0.748921136695248535E+01   -0.388286452207695554E+01    0.445528929636370208E+03
    0.130252483724611356E+01    0.147129389858274931E+04   -0.566562428208881563E+01   -0.680508797775143126E+01   -0.400257909771466469E+01    0.445529132689760331E+03
    0.130339456123123809E+01    0.145622751064747490E+04   -0.559476431331548696E+01   -0.754417164076380775E+01   -0.408971382950794116E+01    0.445529528546719007E+03
    0.130506036039293605E+01    0.138639076692110348E+04   -0.573328207172621873E+01   -0.722003358281200480E+01   -0.400106396849748691E+01    0.445530506650565201E+03
    0.130396814341636302E+01    0.147074499895301642E+04   -0.555364476764288639E+01   -0.768562785610953458E+01   -0.412046441502897132E+01    0.445535444752874014E+03
    0.130396814341636302E+01    0.147074499895301642E+04   -0.555364476764288639E+01   -0.768562785610953458E+01   -0.412046441502897132E+01    0.445535444752874014E+03
    0.130630564397578408E+01    0.144121788295859483E+04   -0.590960682011212857E+01   -0.779690141905679379E+01   -0.422053510191942749E+01    0.445535865727936311E+03
    0.130043210252936658E+01    0.151464970507664248E+04   -0.566939745631549208E+01   -0.685496061798996870E+01   -0.397763669200711512E+01    0.445536600010531117E+03
    0.130325041608909009E+01    0.132635725371061699E+04   -0.518087428290866470E+01   -0.684332547134729730E+01   -0.360439758654628406E+01    0.445536838957680629E+03
    0.130325041608909009E+01    0.132635725371061699E+04   -0.518087428290866470E+01   -0.684332547134729730E+01   -0.360439758654628406E+01    0.445536838957680629E+03
    0.130268845207260031E+01    0.133914040147661603E+04   -0.502766732677474160E+01   -0.662463962908951576E+01   -0.359604747231754729E+01    0.445541284449889019E+03
    0.130229559121390759E+01    0.148285146090132025E+04   -0.547348019611441927E+01   -0.688508487980344341E+01   -0.402481113481372876E+01    0.445541926265383552E+03
    0.129950968241040066E+01    0.146411220057101173E+04   -0.522107383186189811E+01   -0.662988149088256407E+01   -0.382279733289548673E+01    0.445544755980632146E+03
    0.129950968241040066E+01    0.146411220057101173E+04   -0.522107383186189811E+01   -0.662988149088256407E+01   -0.382279733289548673E+01    0.445544755980632146E+03
    0.130278794793644281E+01    0.148551809674984838E+04   -0.578364243586515769E+01   -0.714273578341696069E+01   -0.414204305937115613E+01    0.445544783727747642E+03
    0.130171176230612562E+01    0.149480287391399702E+04   -0.553659588400691227E+01   -0.739477939629900760E+01   -0.407958107760539423E+01    0.445545680149700047E+03
    0.130171176230612562E+01    0.149480287391399702E+04   -0.553659588400691227E+01   -0.739477939629900760E+01   -0.407958107760539423E+01    0.445545680149700047E+03
    0.130252025186901177E+01    0.139121235835571406E+04   -0.539255642611444586E+01   -0.702947387283854663E+01   -0.382100433381691040E+01    0.445547585697537556E+03
    0.130131142192427474E+01    0.138993597710080758E+04   -0.495667471966117823E+01   -0.670021963571972101E+01   -0.369889780367787679E+01    0.445547680548761491E+03
    0.130131142192427474E+01    0.138993597710080758E+04   -0.495667471966117823E+01   -0.670021963571972101E+01   -0.369889780367787679E+01    0.445547680548761491E+03
    0.130505361934374520E+01    0.139444208726991451E+04   -0.566485205619291587E+01   -0.702635878779952883E+01   -0.391372246153775194E+01    0.445549120300982111E+03
    0.130161968367636716E+01    0.149769042084258763E+04   -0.574484806171385554E+01   -0.747637051322824497E+01   -0.406521595848422201E+01    0.445551565836921782E+03
    0.130161968367636716E+01    0.149769042084258763E+04   -0.574484806171385554E+01   -0.747637051322824497E+01   -0.406521595848422201E+01    0.445551565836921782E+03
    0.130210281147785678E+01    0.149606843821845337E+04   -0.538604869324544211E+01   -0.733900966815001254E+01   -0.407589201266211187E+01    0.445552062523204540E+03
    0.130455687438632340E+01    0.135179771887054312E+04   -0.528478464585123309E+01   -0.671182804206543615E+01   -0.380119759602052198E+01    0.445552473789385658E+03
    0.130455687438632340E+01    0.135179771887054312E+04   -0.528478464585123309E+01   -0.671182804206543615E+01   -0.380119759602052198E+01    0.445552473789385658E+03
    0.130779825938068450E+01    0.135379031434113585E+04   -0.570747118006438647E+01   -0.746980155624261943E+01   -0.402398001957987628E+01    0.445558000971900412E+03
    0.130324873428973964E+01    0.152764328874855141E+04   -0.602240513494894802E+01   -0.718718011214007557E+01   -0.423620056299435888E+01    0.445558244305612618E+03
    0.130422461773377663E+01    0.143869278148837066E+04   -0.598586477898860814E+01   -0.732345967010583543E+01   -0.408182330729225296E+01    0.445558722699496002E+03
    0.130422461773377663E+01    0.143869278148837066E+04   -0.598586477898860814E+01   -0.732345967010583543E+01   -0.408182330729225296E+01    0.445558722699496002E+03
    0.130360887051300711E+01    0.132258281787523015E+04   -0.516941870374989598E+01   -0.666627972709583183E+01   -0.360541203800488752E+01    0.445559832822947214E+03
    0.130528247338336523E+01    0.131016093605891569E+04   -0.531556719216725249E+01   -0.720083968320247614E+01   -0.368116041360553581E+01    0.445560922942440413E+03
    0.130528247338336523E+01    0.131016093605891569E+04   -0.531556719216725249E+01   -0.720083968320247614E+01   -0.368116041360553581E+01    0.445560922942440413E+03
    0.130373679473524007E+01    0.137003420800925460E+04   -0.522735945783508349E+01   -0.732227320359846257E+01   -0.382442983506970968E+01    0.445562058610371423E+03
    0.129948651716345731E+01    0.156032784689492860E+04   -0.561296833326867617E+01   -0.729626765718525050E+01   -0.408137184249148621E+01    0.445563052299803473E+03
    0.130092633509781952E+01    0.153391851575784381E+04   -0.548128511666313312E+01   -0.743627064293813778E+01   -0.408713748561135048E+01    0.445566438495012335E+03
    0.130318280537731557E+01    0.153048471814920936E+04   -0.615875578359545361E+01   -0.742104208831457335E+01   -0.421871940924320299E+01    0.445568272753425276E+03
    0.130318280537731557E+01    0.153048471814920936E+04   -0.615875578359545361E+01   -0.742104208831457335E+01   -0.421871940924320299E+01    0.445568272753425276E+03
    0.130316966392789602E+01    0.145092196240384419E+04   -0.595229473427497791E+01   -0.728085354084049552E+01   -0.402212127384374085E+01    0.445568369979105569E+03
    0.130561676279925210E+01    0.142715996310551964E+04   -0.591095641661484983E+01   -0.784785830993555678E+01   -0.410930530253630355E+01    0.445569866344860372E+03
    0.130659770773881423E+01    0.139910744469769338E+04   -0.560916593032025546E+01   -0.747261133719946091E+01   -0.409383248137202393E+01    0.445570852596241707E+03
    0.130659770773881423E+01    0.139910744469769338E+04   -0.560916593032025546E+01   -0.747261133719946091E+01   -0.409383248137202393E+01    0.445570852596241707E+03
    0.130493326419235989E+01    0.150428452626457965E+04   -0.590662188563154622E+01   -0.755869898483482139E+01   -0.428389041618732858E+01    0.445572207822110897E+03
    0.130070221069329417E+01    0.150123456118919967E+04   -0.570927273205634656E+01   -0.727664585916061846E+01   -0.396963503146402275E+01    0.445575409283319289E+03
    0.130070221069329417E+01    0.150123456118919967E+04   -0.570927273205634656E+01   -0.727664585916061846E+01   -0.396963503146402275E+01    0.445575409283319289E+03
    0.130016947356305623E+01    0.154094988402924491E+04   -0.542384334565020954E+01   -0.724958744202218952E+01   -0.405595565108191458E+01    0.445576675761771071E+03
    0.130379284668066564E+01    0.141893227520277264E+04   -0.528361339937068664E+01   -0.729529794045335134E+01   -0.392626973857497497E+01    0.445577286828950946E+03
    0.130562780699819148E+01    0.141253885701433865E+04   -0.575004678272497571E+01   -0.784969589226099185E+01   -0.404975721316841675E+01    0.445584581342094452E+03
    0.130027846804463265E+01    0.143098642679675322E+04   -0.504513205204096682E+01   -0.677561370211207414E+01   -0.377499395199134291E+01    0.445586855084123158E+03
    0.130027846804463265E+01    0.143098642679675322E+04   -0.504513205204096682E+01   -0.677561370211207414E+01   -0.377499395199134291E+01    0.445586855084123158E+03
    0.130481616133823919E+01    0.146154513405608691E+04   -0.606032181320536445E+01   -0.774020660680202877E+01   -0.413332439297623999E+01    0.445587480537859904E+03
    0.130481616133823919E+01    0.146154513405608691E+04   -0.606032181320536445E+01   -0.774020660680202877E+01   -0.413332439297623999E+01    0.445587480537859904E+03
    0.130279690291318295E+01    0.155824977953560165E+04   -0.589413172087071047E+01   -0.747008249750991293E+01   -0.428062709031832522E+01    0.445589045222202515E+03
    0.130633507066222010E+01    0.132519020845238742E+04   -0.546713241503786840E+01   -0.751434833874937969E+01   -0.384415574646832248E+01    0.445591351233127909E+03
    0.130730653768966931E+01    0.131244490072205849E+04   -0.561247384576484976E+01   -0.744720574921943790E+01   -0.385547837494311807E+01    0.445593962435732749E+03
    0.130098551735419443E+01    0.153783325851309178E+04   -0.554962203527438103E+01   -0.744801278791076626E+01   -0.412921029015088692E+01    0.445597097539079641E+03
    0.130098551735419443E+01    0.153783325851309178E+04   -0.554962203527438103E+01   -0.744801278791076626E+01   -0.412921029015088692E+01    0.445597097539079641E+03
    0.129964725427168770E+01    0.145708158480247198E+04   -0.523526541307380011E+01   -0.701284663008821596E+01   -0.378338078101610797E+01    0.445598048602086521E+03
    0.130555798667577028E+01    0.136313018727400367E+04   -0.578993463324911684E+01   -0.697040884889969892E+01   -0.390771892010136490E+01    0.445600246219599342E+03
    0.129891228709045947E+01    0.146844101621284653E+04   -0.514280257386586648E+01   -0.678392276595750232E+01   -0.378985683892668312E+01    0.445602758437141915E+03
    0.129891228709045947E+01    0.146844101621284653E+04   -0.514280257386586648E+01   -0.678392276595750232E+01   -0.378985683892668312E+01    0.445602758437141915E+03
    0.130124045347660600E+01    0.148490912020645396E+04   -0.543665887209780951E+01   -0.684029406680478758E+01   -0.401440262957647409E+01    0.445608637998195661E+03
    0.130316574181871836E+01    0.140126916998329443E+04   -0.513476846302144629E+01   -0.697603616853067887E+01   -0.387296334502605255E+01    0.445608777579090429E+03
    0.130499326591726450E+01    0.143466906024392233E+04   -0.598630596062517029E+01   -0.767252810602556767E+01   -0.405446818645440210E+01    0.445610747583425507E+03
    0.130092120423763147E+01    0.146442071798519919E+04   -0.543196869955756245E+01   -0.668309278302429721E+01   -0.386242804810995466E+01    0.445611674271618028E+03
    0.130489773126796593E+01    0.136303676879344448E+04   -0.572929904896393616E+01   -0.719355943790372088E+01   -0.382429223147406461E+01    0.445614387594098787E+03
    0.130431016156420476E+01    0.137470867545469719E+04   -0.550997383178350475E+01   -0.674926308796705410E+01   -0.382029766505305801E+01    0.445617718336874987E+03
    0.130431016156420476E+01    0.137470867545469719E+04   -0.550997383178350475E+01   -0.674926308796705410E+01   -0.382029766505305801E+01    0.445617718336874987E+03
    0.130626784472033819E+01    0.140211779305154550E+04   -0.597691268344771398E+01   -0.774172860598450008E+01   -0.408605734505988583E+01    0.445621054403630694E+03
    0.130324221473796475E+01    0.152506885856750341E+04   -0.600558861818520651E+01   -0.765857072574725084E+01   -0.420382453249409682E+01    0.445626233506812127E+03
    0.130679710947465444E+01    0.143946253503377511E+04   -0.608328162566109842E+01   -0.756884597809286674E+01   -0.422854883440273710E+01    0.445627684082370365E+03
    0.129905978125485588E+01    0.151953282320038875E+04   -0.548441051001500313E+01   -0.688378100070825383E+01   -0.395955314595585683E+01    0.445630675699769483E+03
    0.130183361576981049E+01    0.145612912595429702E+04   -0.556410608210120294E+01   -0.677275974330236341E+01   -0.397445363168527876E+01    0.445630913308592767E+03
    0.130183361576981049E+01    0.145612912595429702E+04   -0.556410608210120294E+01   -0.677275974330236341E+01   -0.397445363168527876E+01    0.445630913308592767E+03
    0.130219761133856959E+01    0.152749790529348320E+04   -0.581941694643396801E+01   -0.763648331734667885E+01   -0.414028224495968011E+01    0.445632114574427248E+03
    0.130503457979811954E+01    0.150026824215569491E+04   -0.619674215190679245E+01   -0.753827479288279534E+01   -0.427109927266787803E+01    0.445635856468089969E+03
    0.130503457979811954E+01    0.150026824215569491E+04   -0.619674215190679245E+01   -0.753827479288279534E+01   -0.427109927266787803E+01    0.445635856468089969E+03
    0.130457625097637608E+01    0.133299999218731614E+04   -0.547056108617661163E+01   -0.715562884849144165E+01   -0.372371052714091633E+01    0.445638433043996258E+03
    0.130598944602097622E+01    0.134352446899044980E+04   -0.555798570772798062E+01   -0.744356458739869620E+01   -0.390219361973135470E+01    0.445639238836173831E+03
    0.130093975638988368E+01    0.145850644224629536E+04   -0.522851980049347631E+01   -0.717896465949985441E+01   -0.391183385422978525E+01    0.445640373093645508E+03
    0.130277940433742989E+01    0.146061334746256261E+04   -0.556050228922334178E+01   -0.682148326555255835E+01   -0.403647736778209776E+01    0.445640407082929357E+03
    0.130192967018873773E+01    0.152113345888031631E+04   -0.553139991369052808E+01   -0.752420140780205937E+01   -0.412709067197584112E+01    0.445640718518928509E+03
    0.130062520287495342E+01    0.148551399685446177E+04   -0.544144298707510732E+01   -0.728657914691094355E+01   -0.391216952243989802E+01    0.445648526133328289E+03
    0.130638687428866018E+01    0.137831590995496549E+04   -0.574563270693795047E+01   -0.753341156790104449E+01   -0.396850012051859125E+01    0.445648738442814761E+03
    0.130466784464902341E+01    0.139049840917391975E+04   -0.543611611643980730E+01   -0.723932086822838983E+01   -0.387199207969273296E+01    0.445648905773185675E+03
    0.130043491359097385E+01    0.144756899476753824E+04   -0.512633701303509870E+01   -0.668464858946665963E+01   -0.383564595101795192E+01    0.445652597191914026E+03
    0.130695467876986560E+01    0.135537483813476615E+04   -0.564097974521379353E+01   -0.767945321675963832E+01   -0.397106786615733398E+01    0.445653735079316220E+03
    0.130581464780973455E+01    0.140256883167662181E+04   -0.561160551301465560E+01   -0.708337876111903686E+01   -0.404237300353662565E+01    0.445659098645621157E+03
    0.130164156042621060E+01    0.149112329188330841E+04   -0.536764722451458898E+01   -0.729491131382660285E+01   -0.405099792433586714E+01    0.445668387136572505E+03
    0.129941974067478250E+01    0.154587697881264398E+04   -0.561409382264595713E+01   -0.688314756971271091E+01   -0.404435653287629382E+01    0.445668621819218913E+03
    0.130364603511637966E+01    0.133667291864538242E+04   -0.524322110374979555E+01   -0.696344925869607145E+01   -0.370768531287252223E+01    0.445669332651638115E+03
    0.129912466954157502E+01    0.150803932394072831E+04   -0.540573387071081335E+01   -0.695066489598570758E+01   -0.393384768913665894E+01    0.445674420452168874E+03
    0.130154930780379297E+01    0.148005150699515252E+04   -0.526442310576884775E+01   -0.725686956465981936E+01   -0.398161890493082993E+01    0.445675458854061787E+03
    0.130222847962477672E+01    0.142149731453510049E+04   -0.524308573814045786E+01   -0.704498812581830425E+01   -0.390119644030204427E+01    0.445675508799781994E+03
    0.130248246444890325E+01    0.153114534141392710E+04   -0.567060720218705150E+01   -0.749020827333497863E+01   -0.416468586024417409E+01    0.445682302885014110E+03
    0.130496056192366994E+01    0.137189509253097617E+04   -0.577555422908134197E+01   -0.730242469680170370E+01   -0.390706044385260931E+01    0.445683425099324666E+03
    0.130485910538860850E+01    0.131175595372729595E+04   -0.520773670820291379E+01   -0.706050087285318373E+01   -0.369504196981611877E+01    0.445685434194569325E+03
    0.130177184597922158E+01    0.146604430092295752E+04   -0.554006637071769514E+01   -0.678301798083204943E+01   -0.392896024158554091E+01    0.445692940918897705E+03
    0.130318076483346856E+01    0.145860123589529576E+04   -0.537966173687916260E+01   -0.748162638027994387E+01   -0.404234558566826685E+01    0.445696688380129729E+03
    0.130035593794344617E+01    0.143077628206285635E+04   -0.511463905701574539E+01   -0.698806834251629727E+01   -0.373400645591180691E+01    0.445700750085519758E+03
    0.130035593794344617E+01    0.143077628206285635E+04   -0.511463905701574539E+01   -0.698806834251629727E+01   -0.373400645591180691E+01    0.445700750085519758E+03
    0.130745214372307483E+01    0.138977730820201577E+04   -0.582610501625969057E+01   -0.761320341399281553E+01   -0.413009055408428871E+01    0.445701334409285380E+03
    0.130050353795961593E+01    0.150687616612790134E+04   -0.540529507625327632E+01   -0.726497002762036104E+01   -0.402549580289435482E+01    0.445701519840378808E+03
    0.130159450122646891E+01    0.143678322936904851E+04   -0.533495718952487508E+01   -0.701976785251130408E+01   -0.391198508060936589E+01    0.445701633988746721E+03
    0.130541130611274347E+01    0.139822365918893320E+04   -0.555446822540377116E+01   -0.768723814797097571E+01   -0.398074878468378479E+01    0.445706910816294339E+03
    0.130250271835091724E+01    0.137320649474435504E+04   -0.536329746348653380E+01   -0.688002067695979935E+01   -0.374033848286628690E+01    0.445712710209265992E+03
    0.130236911569554215E+01    0.145714448654893363E+04   -0.536585782693699276E+01   -0.694967639723271091E+01   -0.393782599767707353E+01    0.445716263458844026E+03
    0.130236911569554215E+01    0.145714448654893363E+04   -0.536585782693699276E+01   -0.694967639723271091E+01   -0.393782599767707353E+01    0.445716263458844026E+03
    0.130574217882108967E+01    0.137842358276638265E+04   -0.576843945906936728E+01   -0.739922726759662996E+01   -0.401470338322954845E+01    0.445716852962362793E+03
    0.130603240318597713E+01    0.139393920402117283E+04   -0.562947931829417758E+01   -0.766773160527581510E+01   -0.399756843054579392E+01    0.445723285092688627E+03
    0.130446992744425616E+01    0.147557164251849213E+04   -0.562659543234939541E+01   -0.748441259439198259E+01   -0.417681842993642150E+01    0.445725505319060460E+03
    0.130446992744425616E+01    0.147557164251849213E+04   -0.562659543234939541E+01   -0.748441259439198259E+01   -0.417681842993642150E+01    0.445725505319060460E+03
    0.130288839769234799E+01    0.147226097944397725E+04   -0.542139618255041444E+01   -0.707497974389485940E+01   -0.407141855027388821E+01    0.445726580119431276E+03
    0.130189030794863014E+01    0.153480114242367449E+04   -0.570298840466652202E+01   -0.709994167821770539E+01   -0.418626569181204999E+01    0.445732305826860568E+03
    0.130189030794863014E+01    0.153480114242367449E+04   -0.570298840466652202E+01   -0.709994167821770539E+01   -0.418626569181204999E+01    0.445732305826860568E+03
    0.130259896960440491E+01    0.146891874024087269E+04   -0.586489042018038287E+01   -0.691475223197758915E+01   -0.403483387524333192E+01    0.445732558645072231E+03
    0.130084909025758511E+01    0.146901024075826604E+04   -0.525038746557759151E+01   -0.677819037856078399E+01   -0.393150209290062769E+01    0.445733824863158475E+03
    0.130340087933369309E+01    0.153405587507398286E+04   -0.611444697149791860E+01   -0.735945424192891728E+01   -0.423864966718189962E+01    0.445734700934685861E+03
    0.130411386648748029E+01    0.136456828369418190E+04   -0.561252933095440909E+01   -0.683273054361615717E+01   -0.380079055251099263E+01    0.445741270899107235E+03
    0.130411386648748029E+01    0.136456828369418190E+04   -0.561252933095440909E+01   -0.683273054361615717E+01   -0.380079055251099263E+01    0.445741270899107235E+03
    0.130239417525953383E+01    0.152305809214335750E+04   -0.595290811926262631E+01   -0.737319378525602787E+01   -0.411956589919315785E+01    0.445744412689959631E+03
    0.130068977727726920E+01    0.143989095798354424E+04   -0.516372550182428203E+01   -0.715068808839214132E+01   -0.381475467059512141E+01    0.445745265951383885E+03
    0.130186113527587310E+01    0.142476293750859031E+04   -0.538736035400469682E+01   -0.684105919393792750E+01   -0.378562853381618858E+01    0.445748089925914599E+03
    0.130186113527587310E+01    0.142476293750859031E+04   -0.538736035400469682E+01   -0.684105919393792750E+01   -0.378562853381618858E+01    0.445748089925914599E+03
    0.130662533579139728E+01    0.144493823631789587E+04   -0.599798431117353559E+01   -0.754033648489941211E+01   -0.422956770085623113E+01    0.445750662955176722E+03
    0.130513955667537029E+01    0.130259437030254685E+04   -0.517557804777618280E+01   -0.687191976365153323E+01   -0.366615211278808850E+01    0.445754274904833892E+03
    0.130023076786613201E+01    0.150932278094907065E+04   -0.539603166054896555E+01   -0.678151455121890390E+01   -0.397716293048708636E+01    0.445755682659553713E+03
    0.130537837172642357E+01    0.141031919240967545E+04   -0.545738310846805241E+01   -0.752254384133671294E+01   -0.403398310964273321E+01    0.445756059617335609E+03
    0.130537837172642357E+01    0.141031919240967545E+04   -0.545738310846805241E+01   -0.752254384133671294E+01   -0.403398310964273321E+01    0.445756059617335609E+03
    0.130359457624385655E+01    0.152129801312099812E+04   -0.581162073977082017E+01   -0.771074937739843325E+01   -0.423213105854416671E+01    0.445758726820034497E+03
    0.130359457624385655E+01    0.152129801312099812E+04   -0.581162073977082017E+01   -0.771074937739843325E+01   -0.423213105854416671E+01    0.445758726820034497E+03
    0.130024536947287617E+01    0.143801987798523533E+04   -0.534246949297745566E+01   -0.679716294234553331E+01   -0.379073178739035477E+01    0.445764105127981395E+03
    0.130325634254477096E+01    0.138925848235168360E+04   -0.556025946333927745E+01   -0.727350724902779611E+01   -0.383454359900303388E+01    0.445770028797924567E+03
    0.130295357995582872E+01    0.143919904268087134E+04   -0.559119905392009908E+01   -0.679887940664107582E+01   -0.399192626315313071E+01    0.445775274869909765E+03
    0.130148253867150299E+01    0.152883516324967218E+04   -0.579267807997286699E+01   -0.695041065604363073E+01   -0.411288475402815923E+01    0.445778178128827506E+03
    0.130447619511181268E+01    0.144995617062872475E+04   -0.587899081504074950E+01   -0.748364162236670794E+01   -0.404323742266154085E+01    0.445778220879936214E+03
    0.130611710475407117E+01    0.142835603708745657E+04   -0.590198881287530686E+01   -0.724603898873236574E+01   -0.413601815876957968E+01    0.445785791930168898E+03
    0.130139725750263535E+01    0.138629671665420165E+04   -0.521434101550378060E+01   -0.672681781527601430E+01   -0.366770147551290471E+01    0.445786590707445669E+03
    0.130043805244127331E+01    0.142364308709988450E+04   -0.521183246214935103E+01   -0.697288660132780436E+01   -0.374121023078695636E+01    0.445788413201468416E+03
    0.129979999732245211E+01    0.147146789856932401E+04   -0.544699388597655165E+01   -0.676473198565710909E+01   -0.385617626448401651E+01    0.445796297465100338E+03
    0.130596557127547941E+01    0.134778134801967553E+04   -0.560654490707097786E+01   -0.705250152154774046E+01   -0.392276321450676058E+01    0.445796416971132942E+03
    0.130598606483831503E+01    0.138555312195914212E+04   -0.589195762978674953E+01   -0.731371908716798291E+01   -0.397528337203255511E+01    0.445802884661743178E+03
    0.130476900341739066E+01    0.136327320529650842E+04   -0.525078160519054471E+01   -0.720017282441618356E+01   -0.380524965074340571E+01    0.445812628991800523E+03
    0.130369639892543954E+01    0.142356617717641006E+04   -0.548889375164586202E+01   -0.699674689251757354E+01   -0.401048376687539765E+01    0.445815155955220405E+03
    0.130574029136709102E+01    0.139565880706974849E+04   -0.596031581274681876E+01   -0.750417459999508907E+01   -0.400902280765441699E+01    0.445815870513334403E+03
    0.130574029136709102E+01    0.139565880706974849E+04   -0.596031581274681876E+01   -0.750417459999508907E+01   -0.400902280765441699E+01    0.445815870513334403E+03
    0.130110163642966059E+01    0.146167973491407542E+04   -0.560345161780016809E+01   -0.716602469733369674E+01   -0.391654136650269358E+01    0.445816882293903859E+03
    0.130056095745902489E+01    0.154466032445006613E+04   -0.585310307987790779E+01   -0.730590557813048580E+01   -0.410373171638857315E+01    0.445820011988961141E+03
    0.130056095745902489E+01    0.154466032445006613E+04   -0.585310307987790779E+01   -0.730590557813048580E+01   -0.410373171638857315E+01    0.445820011988961141E+03
    0.130130253542068108E+01    0.151264520407606892E+04   -0.585475141567218937E+01   -0.723219742800248611E+01   -0.408618980316776259E+01    0.445821327567462674E+03
    0.130130253542068108E+01    0.151264520407606892E+04   -0.585475141567218937E+01   -0.723219742800248611E+01   -0.408618980316776259E+01    0.445821327567462674E+03
    0.130157223166402036E+01    0.152359253257054343E+04   -0.557038710171657581E+01   -0.748039219288608059E+01   -0.408069956627097330E+01    0.445821673476330432E+03
    0.130157223166402036E+01    0.152359253257054343E+04   -0.557038710171657581E+01   -0.748039219288608059E+01   -0.408069956627097330E+01    0.445821673476330432E+03
    0.130659937706859752E+01    0.130248429228606960E+04   -0.539398112429190846E+01   -0.725615074146356154E+01   -0.377103868264523001E+01    0.445823789753271910E+03
    0.130136521162220675E+01    0.143204124398947215E+04   -0.523952225296401419E+01   -0.672652392824296008E+01   -0.379099822014431176E+01    0.445823815198516797E+03
    0.130136521162220675E+01    0.143204124398947215E+04   -0.523952225296401419E+01   -0.672652392824296008E+01   -0.379099822014431176E+01    0.445823815198516797E+03
    0.129951119909508073E+01    0.145973135756021361E+04   -0.515729277019560506E+01   -0.676427104566754256E+01   -0.381079110310672498E+01    0.445826394416883090E+03
    0.130081123948819166E+01    0.146510307296246219E+04   -0.521946882419085423E+01   -0.693033108856649704E+01   -0.392844929269697474E+01    0.445827577295344895E+03
    0.130553951981953675E+01    0.138434722102664682E+04   -0.582774124792932291E+01   -0.710561245253292828E+01   -0.400145003803748711E+01    0.445828246751833433E+03
    0.130553951981953675E+01    0.138434722102664682E+04   -0.582774124792932291E+01   -0.710561245253292828E+01   -0.400145003803748711E+01    0.445828246751833433E+03
    0.130456497167221230E+01    0.145052257992224531E+04   -0.569007593027312009E+01   -0.720963021785105163E+01   -0.405941735552814276E+01    0.445837743388431306E+03
    0.130349457064934238E+01    0.138478009460590033E+04   -0.515381926266677226E+01   -0.695548137416274770E+01   -0.384805267539152673E+01    0.445838193102676314E+03
    0.129965901045109966E+01    0.157245696453413507E+04   -0.568267042287410362E+01   -0.724044651958249563E+01   -0.412558862369953516E+01    0.445838665059350149E+03
    0.130685511263727561E+01    0.132817395081637937E+04   -0.552412815964733284E+01   -0.743617415768832757E+01   -0.385976056389609212E+01    0.445840145459249186E+03
    0.130685511263727561E+01    0.132817395081637937E+04   -0.552412815964733284E+01   -0.743617415768832757E+01   -0.385976056389609212E+01    0.445840145459249186E+03
    0.130167341338518860E+01    0.139899405065111023E+04   -0.529381046744990513E+01   -0.707131144260683531E+01   -0.372997746524871587E+01    0.445842026926362962E+03
    0.130470265387477502E+01    0.148931231071825982E+04   -0.604241614304908747E+01   -0.778385283513076853E+01   -0.423081132932309423E+01    0.445847257468617613E+03
    0.130470265387477502E+01    0.148931231071825982E+04   -0.604241614304908747E+01   -0.778385283513076853E+01   -0.423081132932309423E+01    0.445847257468617613E+03
    0.130226400204427128E+01    0.149712958448081667E+04   -0.566469340423060963E+01   -0.764809787468456559E+01   -0.408042523637233590E+01    0.445848924788296188E+03
    0.130226400204427128E+01    0.149712958448081667E+04   -0.566469340423060963E+01   -0.764809787468456559E+01   -0.408042523637233590E+01    0.445848924788296188E+03
    0.130056760890928658E+01    0.145281501556028934E+04   -0.546757162355374771E+01   -0.667546810688817693E+01   -0.383279006652198539E+01    0.445849481355586022E+03
    0.130056760890928658E+01    0.145281501556028934E+04   -0.546757162355374771E+01   -0.667546810688817693E+01   -0.383279006652198539E+01    0.445849481355586022E+03
    0.130057218396037544E+01    0.152100945351933365E+04   -0.544223140594036536E+01   -0.709854307287595709E+01   -0.406994541017852018E+01    0.445853497816581637E+03
    0.130593553002745932E+01    0.142132683912353809E+04   -0.600292887251219565E+01   -0.768210640051685445E+01   -0.413549492403834762E+01    0.445854359640528628E+03
    0.130285937126772855E+01    0.137566096815530409E+04   -0.529145851980259074E+01   -0.722153728186340693E+01   -0.376745278094210079E+01    0.445859009059264451E+03
    0.130035410696586418E+01    0.147958739258484388E+04   -0.542949979397639382E+01   -0.723708872369188416E+01   -0.391761288650509343E+01    0.445865705814496096E+03
    0.130417701275700249E+01    0.134854863833837476E+04   -0.536929152669725607E+01   -0.692144106780219026E+01   -0.371328962970394549E+01    0.445868141166800569E+03
    0.130343743546377056E+01    0.147099973829850478E+04   -0.545553594818587761E+01   -0.742574124704515270E+01   -0.407081757653896315E+01    0.445870521673751625E+03
    0.130176018734437404E+01    0.151969187782893596E+04   -0.555246479224745748E+01   -0.730962714590174123E+01   -0.407909190854372383E+01    0.445872657210915065E+03
    0.130176018734437404E+01    0.151969187782893596E+04   -0.555246479224745748E+01   -0.730962714590174123E+01   -0.407909190854372383E+01    0.445872657210915065E+03
    0.129889714885450691E+01    0.153955833817644088E+04   -0.548297292431646444E+01   -0.698340676619834611E+01   -0.399320903801195648E+01    0.445873400018658970E+03
    0.129889714885450691E+01    0.153955833817644088E+04   -0.548297292431646444E+01   -0.698340676619834611E+01   -0.399320903801195648E+01    0.445873400018658970E+03
    0.130459571930082174E+01    0.135985167153362954E+04   -0.524883227487195558E+01   -0.728750922454909933E+01   -0.378958843473212426E+01    0.445881681057192907E+03
    0.130300222566429791E+01    0.139310634016220911E+04   -0.538336477614767972E+01   -0.737393767651066412E+01   -0.380053341128104094E+01    0.445882643160806708E+03
    0.130300222566429791E+01    0.139310634016220911E+04   -0.538336477614767972E+01   -0.737393767651066412E+01   -0.380053341128104094E+01    0.445882643160806708E+03
    0.130510917662007375E+01    0.144537547580407545E+04   -0.574102712648694880E+01   -0.734661653106261259E+01   -0.417374698645227404E+01    0.445885410114147646E+03
    0.130510917662007375E+01    0.144537547580407545E+04   -0.574102712648694880E+01   -0.734661653106261259E+01   -0.417374698645227404E+01    0.445885410114147646E+03
    0.130537008444974845E+01    0.140010786788402947E+04   -0.549948263553615568E+01   -0.710291364474447739E+01   -0.398998316696432731E+01    0.445886750592733051E+03
    0.130285848160889173E+01    0.150093910878040288E+04   -0.553002880474533498E+01   -0.731198291264928546E+01   -0.411681921340703916E+01    0.445886865777583296E+03
    0.130581841468406945E+01    0.133826665531530534E+04   -0.532780611103363810E+01   -0.724780514946546095E+01   -0.387062987755146892E+01    0.445891369028569784E+03
    0.130333400765988827E+01    0.140423943820806699E+04   -0.572764278767083468E+01   -0.705744779865076399E+01   -0.389157396124872257E+01    0.445891422167567328E+03
    0.130333400765988827E+01    0.140423943820806699E+04   -0.572764278767083468E+01   -0.705744779865076399E+01   -0.389157396124872257E+01    0.445891422167567328E+03
    0.130552238924422137E+01    0.139355045279539104E+04   -0.563081729318886026E+01   -0.758043985056552660E+01   -0.403623399941255911E+01    0.445895292431932774E+03
    0.130552238924422137E+01    0.139355045279539104E+04   -0.563081729318886026E+01   -0.758043985056552660E+01   -0.403623399941255911E+01    0.445895292431932774E+03
    0.130063813929994820E+01    0.152210650815511485E+04   -0.580873242540526658E+01   -0.715145510053724198E+01   -0.405877519966496170E+01    0.445895332344157339E+03
    0.130265196969581387E+01    0.155042861117229336E+04   -0.591680861483133835E+01   -0.746140033354134591E+01   -0.423036397485396698E+01    0.445895694709585939E+03
    0.130265196969581387E+01    0.155042861117229336E+04   -0.591680861483133835E+01   -0.746140033354134591E+01   -0.423036397485396698E+01    0.445895694709585939E+03
    0.129983726524214105E+01    0.151193458351239815E+04   -0.543453145244287406E+01   -0.723208054015947610E+01   -0.397762924322421618E+01    0.445899725498689577E+03
    0.130201278429757816E+01    0.148879792049982166E+04   -0.579151472771967235E+01   -0.689593627324515879E+01   -0.402573550172046790E+01    0.445900184070554758E+03
    0.130201278429757816E+01    0.148879792049982166E+04   -0.579151472771967235E+01   -0.689593627324515879E+01   -0.402573550172046790E+01    0.445900184070554758E+03
    0.130376214595133288E+01    0.144995001728675084E+04   -0.591841296989593424E+01   -0.753061379177018431E+01   -0.402588446360931851E+01    0.445901130955362532E+03
    0.130376214595133288E+01    0.144995001728675084E+04   -0.591841296989593424E+01   -0.753061379177018431E+01   -0.402588446360931851E+01    0.445901130955362532E+03
    0.130375049033569779E+01    0.140404920575110464E+04   -0.580657097404342970E+01   -0.707022272774801497E+01   -0.390570257556954381E+01    0.445901392314170209E+03
    0.130124063689155056E+01    0.153063570797919988E+04   -0.561606394226958106E+01   -0.722778567640552971E+01   -0.414660564658900022E+01    0.445903913224371593E+03
    0.130529639140943243E+01    0.139415882722744232E+04   -0.583061967162164230E+01   -0.698047633794238198E+01   -0.397932073491032767E+01    0.445904034148791084E+03
    0.129998372779074955E+01    0.144840546799313097E+04   -0.523653693044496649E+01   -0.700403357406012717E+01   -0.378948458501632146E+01    0.445904810312838549E+03
    0.130126384311662524E+01    0.149124699827223867E+04   -0.580753039694108431E+01   -0.696914829780211864E+01   -0.400538368253681121E+01    0.445905127198421553E+03
    0.130126384311662524E+01    0.149124699827223867E+04   -0.580753039694108431E+01   -0.696914829780211864E+01   -0.400538368253681121E+01    0.445905127198421553E+03
    0.130518064815365298E+01    0.136747649969117515E+04   -0.564645442334497361E+01   -0.748955070839610482E+01   -0.387052677875578155E+01    0.445906299541025021E+03
    0.130656562935558784E+01    0.138769965538972156E+04   -0.601816067228040286E+01   -0.742347343301028939E+01   -0.406051956135624259E+01    0.445906489587995793E+03
    0.130277851635365183E+01    0.148195256468568323E+04   -0.576659357081900126E+01   -0.759605470811242256E+01   -0.409737594697156560E+01    0.445913888266069364E+03
    0.130108842129368796E+01    0.143614816672189249E+04   -0.541322746376730279E+01   -0.680318530814518674E+01   -0.379153310452631764E+01    0.445915658609599177E+03
    0.130169106960354086E+01    0.149180420086246522E+04   -0.544640020593908769E+01   -0.687738399023796720E+01   -0.402348438084825410E+01    0.445917807853305646E+03
    0.130169106960354086E+01    0.149180420086246522E+04   -0.544640020593908769E+01   -0.687738399023796720E+01   -0.402348438084825410E+01    0.445917807853305646E+03
    0.130440907134370132E+01    0.151451452203020858E+04   -0.616989691078213731E+01   -0.756951116363763621E+01   -0.426206511346144890E+01    0.445918687777204070E+03
    0.130440907134370132E+01    0.151451452203020858E+04   -0.616989691078213731E+01   -0.756951116363763621E+01   -0.426206511346144890E+01    0.445918687777204070E+03
    0.130646660625025657E+01    0.141014719308378835E+04   -0.581905999682067421E+01   -0.767072626940721669E+01   -0.414795985109639620E+01    0.445920605979673553E+03
    0.130470588899282092E+01    0.141412079563703765E+04   -0.580166631967056112E+01   -0.739375286409491128E+01   -0.395106761135593665E+01    0.445920859790986185E+03
    0.130342538644217032E+01    0.148510120379014165E+04   -0.586204469246472915E+01   -0.716155514892687162E+01   -0.408922957959035127E+01    0.445921548451527940E+03
    0.130342538644217032E+01    0.148510120379014165E+04   -0.586204469246472915E+01   -0.716155514892687162E+01   -0.408922957959035127E+01    0.445921548451527940E+03
    0.130224074207310525E+01    0.147569827507491550E+04   -0.535960781542619635E+01   -0.702310110409993715E+01   -0.401651409204920995E+01    0.445921727036308312E+03
    0.129982066586431166E+01    0.147340600098262485E+04   -0.516655269355797309E+01   -0.675867220519023704E+01   -0.386182167680489208E+01    0.445922351781073417E+03
    0.129982066586431166E+01    0.147340600098262485E+04   -0.516655269355797309E+01   -0.675867220519023704E+01   -0.386182167680489208E+01    0.445922351781073417E+03
    0.130320411309906947E+01    0.140882406637823487E+04   -0.521820952011759687E+01   -0.713091500592719374E+01   -0.391519152258514858E+01    0.445926168649499346E+03
    0.130244406601701512E+01    0.136464092280667023E+04   -0.509371606315027048E+01   -0.695545703471895482E+01   -0.370125770657061359E+01    0.445928687930867397E+03
    0.130589785446721818E+01    0.146360676048218011E+04   -0.608541466687523602E+01   -0.762846881509680674E+01   -0.425221095595721010E+01    0.445929542211071237E+03
    0.130488203847366480E+01    0.147979763221531675E+04   -0.586651607145929344E+01   -0.772992196291516720E+01   -0.423191348311797189E+01    0.445931882875217298E+03
    0.130118905033333809E+01    0.149871872066528340E+04   -0.536714850498015661E+01   -0.722493173070393979E+01   -0.399031249116040243E+01    0.445932116729218478E+03
    0.130530193361296676E+01    0.132471845795720856E+04   -0.545124202055576834E+01   -0.713739445848338061E+01   -0.377150290490201812E+01    0.445934273248839304E+03
    0.130486782145339419E+01    0.138722681311959286E+04   -0.548625820732771707E+01   -0.758260170773603370E+01   -0.395840252955008332E+01    0.445936878037309555E+03
    0.130486782145339419E+01    0.138722681311959286E+04   -0.548625820732771707E+01   -0.758260170773603370E+01   -0.395840252955008332E+01    0.445936878037309555E+03
    0.130049457263484647E+01    0.149764986217411956E+04   -0.549069576145698068E+01   -0.717550082756506313E+01   -0.393132318546845738E+01    0.445938103504479614E+03
    0.130490240410951452E+01    0.131134195301193677E+04   -0.529432989716947233E+01   -0.690601158476383059E+01   -0.366440188049270432E+01    0.445938167895138122E+03
    0.130567083917967341E+01    0.142109992127720466E+04   -0.558722390424443027E+01   -0.755800464278800366E+01   -0.411021445546605868E+01    0.445942833075327371E+03
    0.130585299638716612E+01    0.136237461697751291E+04   -0.547415670757867456E+01   -0.761408085779526278E+01   -0.391413329601925852E+01    0.445943049080205355E+03
    0.130641854905666488E+01    0.142910982200442731E+04   -0.598799618874400430E+01   -0.749410920881023657E+01   -0.414420345683145275E+01    0.445943274669720552E+03
    0.130568258208748045E+01    0.137408270895082819E+04   -0.575293358689430789E+01   -0.733328845592504308E+01   -0.398653227142740185E+01    0.445944273918137412E+03
    0.130568258208748045E+01    0.137408270895082819E+04   -0.575293358689430789E+01   -0.733328845592504308E+01   -0.398653227142740185E+01    0.445944273918137412E+03
    0.130339774187155899E+01    0.136013567449792254E+04   -0.521154034046964743E+01   -0.719112376357651151E+01   -0.371144875468776370E+01    0.445944571741330662E+03
    0.130463030200431684E+01    0.139516608653932826E+04   -0.550153277871887703E+01   -0.707569115964773143E+01   -0.399528451540954599E+01    0.445944777627925419E+03
    0.130463030200431684E+01    0.139516608653932826E+04   -0.550153277871887703E+01   -0.707569115964773143E+01   -0.399528451540954599E+01    0.445944777627925419E+03
    0.130252915245182321E+01    0.147677182997450086E+04   -0.584529255339737919E+01   -0.701247313363163727E+01   -0.407510468602395814E+01    0.445946630379941723E+03
    0.130207901265759274E+01    0.137868399018210494E+04   -0.512901480829791545E+01   -0.673205224510694311E+01   -0.373629085502082248E+01    0.445947535384894934E+03
    0.130207901265759274E+01    0.137868399018210494E+04   -0.512901480829791545E+01   -0.673205224510694311E+01   -0.373629085502082248E+01    0.445947535384894934E+03
    0.130577254243379581E+01    0.139668502632228751E+04   -0.573403080303015056E+01   -0.770183726751749376E+01   -0.400517505427980858E+01    0.445948950591995754E+03
    0.130133402418821320E+01    0.147672646756020913E+04   -0.561910604194659768E+01   -0.734142015879351462E+01   -0.398079538516784126E+01    0.445949298889291470E+03
    0.130228684523017257E+01    0.142364829513563063E+04   -0.531838362793281938E+01   -0.666893251899768202E+01   -0.386692517903109056E+01    0.445951754524037483E+03
    0.130616986559378545E+01    0.142956642275712716E+04   -0.601277359533318645E+01   -0.771012702127874938E+01   -0.413291154678546580E+01    0.445954498688398587E+03
    0.130616986559378545E+01    0.142956642275712716E+04   -0.601277359533318645E+01   -0.771012702127874938E+01   -0.413291154678546580E+01    0.445954498688398587E+03
    0.130423744031202471E+01    0.145619845759753139E+04   -0.597435245039532514E+01   -0.757337098697633593E+01   -0.412434538749745094E+01    0.445955184426483072E+03
    0.130495621792264305E+01    0.132835476317996563E+04   -0.547842808811136006E+01   -0.693761129383758934E+01   -0.373035834610470118E+01    0.445955366100788467E+03
    0.130523841303447696E+01    0.146291885820414154E+04   -0.605928668594278985E+01   -0.748583951650032908E+01   -0.414716216725313735E+01    0.445955553328733288E+03
    0.130116352575766725E+01    0.154181082579246322E+04   -0.574318783911842345E+01   -0.715017492013565281E+01   -0.409914188835566140E+01    0.445958416414373971E+03
    0.130350015776635808E+01    0.151251572618333739E+04   -0.608763814519608815E+01   -0.724101294434652676E+01   -0.420785355680950346E+01    0.445961773125143793E+03
    0.130350015776635808E+01    0.151251572618333739E+04   -0.608763814519608815E+01   -0.724101294434652676E+01   -0.420785355680950346E+01    0.445961773125143793E+03
    0.130245908176815162E+01    0.148760200103950615E+04   -0.553543154246608626E+01   -0.714584836672616319E+01   -0.411153001042888455E+01    0.445962603273797072E+03
    0.130315666474631131E+01    0.144415064174206464E+04   -0.577122074264404183E+01   -0.752848153006931486E+01   -0.397977042241842938E+01    0.445966483445160804E+03
    0.130315666474631131E+01    0.144415064174206464E+04   -0.577122074264404183E+01   -0.752848153006931486E+01   -0.397977042241842938E+01    0.445966483445160804E+03
    0.130022361008927345E+01    0.153742733402826843E+04   -0.575647559641823658E+01   -0.706074528747334540E+01   -0.407985673639029134E+01    0.445967003157450449E+03
    0.130116383237177846E+01    0.140968416152720170E+04   -0.532636355496042935E+01   -0.677505152094794472E+01   -0.376306255955232416E+01    0.445967738685204893E+03
    0.130416575986883365E+01    0.147068329332396479E+04   -0.595265380713854242E+01   -0.728725084826572012E+01   -0.409023926077940381E+01    0.445972141278200013E+03
    0.130416575986883365E+01    0.147068329332396479E+04   -0.595265380713854242E+01   -0.728725084826572012E+01   -0.409023926077940381E+01    0.445972141278200013E+03
    0.130138098926312651E+01    0.141615859170676003E+04   -0.523322756311600035E+01   -0.662262449126535202E+01   -0.376704923591415231E+01    0.445972360089849644E+03
    0.130539862168864684E+01    0.134768105511969770E+04   -0.527001191036184746E+01   -0.727668238180634486E+01   -0.382039695857313788E+01    0.445973620818296695E+03
    0.130539862168864684E+01    0.134768105511969770E+04   -0.527001191036184746E+01   -0.727668238180634486E+01   -0.382039695857313788E+01    0.445973620818296695E+03
    0.130459988921301084E+01    0.135398435783026548E+04   -0.556356597443822931E+01   -0.711519952025499958E+01   -0.382774538118237828E+01    0.445973687709001865E+03
    0.130392234689223363E+01    0.149478961391793200E+04   -0.607807828147604923E+01   -0.760928107018631383E+01   -0.420110633724085325E+01    0.445976989765548410E+03
    0.130392234689223363E+01    0.149478961391793200E+04   -0.607807828147604923E+01   -0.760928107018631383E+01   -0.420110633724085325E+01    0.445976989765548410E+03
    0.130291000350763508E+01    0.136869743629649656E+04   -0.513701046129787908E+01   -0.666524138825536028E+01   -0.374214133346714029E+01    0.445977036698901543E+03
    0.130291000350763508E+01    0.136869743629649656E+04   -0.513701046129787908E+01   -0.666524138825536028E+01   -0.374214133346714029E+01    0.445977036698901543E+03
    0.130119451877741077E+01    0.153428252038366645E+04   -0.559605182508764809E+01   -0.705835230420585269E+01   -0.408988962190891581E+01    0.445981799654364522E+03
    0.130385124934224494E+01    0.150482919315447316E+04   -0.577498146046730021E+01   -0.771654673728392826E+01   -0.421215666447322246E+01    0.445982014796802332E+03
    0.130383615730383151E+01    0.144248851428878061E+04   -0.586031054127569373E+01   -0.704372477209176218E+01   -0.399235186588523661E+01    0.445982237523558240E+03
    0.130190730635548357E+01    0.138483623851767061E+04   -0.517056975541987018E+01   -0.682968695408613247E+01   -0.374139100802997859E+01    0.445986120926321917E+03
    0.130190730635548357E+01    0.138483623851767061E+04   -0.517056975541987018E+01   -0.682968695408613247E+01   -0.374139100802997859E+01    0.445986120926321917E+03
    0.130641403206950035E+01    0.139651965876537270E+04   -0.592834037036832040E+01   -0.768364067869332956E+01   -0.406572655306964137E+01    0.445989328742538987E+03
    0.130005957022906937E+01    0.157494223675223907E+04   -0.578326418151833366E+01   -0.723211212846057094E+01   -0.415028431817216958E+01    0.446004075644977206E+03
    0.130590473557316344E+01    0.138902788761820489E+04   -0.566787971277064440E+01   -0.723692011277653435E+01   -0.405732116268957554E+01    0.446005753394691112E+03
    0.129930418041280871E+01    0.148381041135021496E+04   -0.538038594522745495E+01   -0.688880703394448890E+01   -0.384722139680891395E+01    0.446006217424013357E+03
    0.130474651820844523E+01    0.136548769776829386E+04   -0.546531295457884259E+01   -0.731565616541689767E+01   -0.389755297856163807E+01    0.446011579135749230E+03
    0.130209920221453990E+01    0.146193866212451530E+04   -0.552819231039551084E+01   -0.689904161399552240E+01   -0.392305026384010347E+01    0.446012308712030801E+03
    0.130209920221453990E+01    0.146193866212451530E+04   -0.552819231039551084E+01   -0.689904161399552240E+01   -0.392305026384010347E+01    0.446012308712030801E+03
    0.130130727158746407E+01    0.143920728102817111E+04   -0.511918908324680810E+01   -0.688457570031453692E+01   -0.383623140863226730E+01    0.446012972489793071E+03
    0.130587571092889676E+01    0.143986116275725203E+04   -0.588434439669803666E+01   -0.732073528331705958E+01   -0.414263174921500177E+01    0.446015743412177528E+03
    0.130272926176511006E+01    0.137869714266667074E+04   -0.517311354753408015E+01   -0.719466003822759426E+01   -0.376269785812263180E+01    0.446016529380266377E+03
    0.130272926176511006E+01    0.137869714266667074E+04   -0.517311354753408015E+01   -0.719466003822759426E+01   -0.376269785812263180E+01    0.446016529380266377E+03
    0.130076226538849515E+01    0.143994641025113151E+04   -0.516246622628589247E+01   -0.703269502199869123E+01   -0.383409534547092612E+01    0.446027094533833633E+03
    0.130251215353013516E+01    0.146111923430118054E+04   -0.584960504543193593E+01   -0.717538883710830255E+01   -0.401652051817342493E+01    0.446028438135856220E+03
    0.130285756657941376E+01    0.139495106676230807E+04   -0.556913210811629256E+01   -0.708099544324480323E+01   -0.379230835064399407E+01    0.446028700690241806E+03
    0.130565435268775620E+01    0.138786624177732278E+04   -0.544807084527192131E+01   -0.742674463263129159E+01   -0.397173714615936113E+01    0.446033000299450464E+03
    0.130565435268775620E+01    0.138786624177732278E+04   -0.544807084527192131E+01   -0.742674463263129159E+01   -0.397173714615936113E+01    0.446033000299450464E+03
    0.130504324267528204E+01    0.141231577002570612E+04   -0.589256066619250518E+01   -0.743308422961140725E+01   -0.398307578407412244E+01    0.446033022867727880E+03
    0.130520498739916446E+01    0.140561546722230628E+04   -0.581979042386451884E+01   -0.758434757864456532E+01   -0.398869694774087336E+01    0.446033750240785821E+03
    0.130442868215142704E+01    0.138747476306219255E+04   -0.557891187374199937E+01   -0.753416853377834084E+01   -0.388832062698492642E+01    0.446034345281043954E+03
    0.130318925644304340E+01    0.137772266409669191E+04   -0.543135610347697728E+01   -0.716937348185955425E+01   -0.375818225157147801E+01    0.446035450472053867E+03
    0.130455540738722497E+01    0.150677930424176316E+04   -0.604595143745691921E+01   -0.759521406614218453E+01   -0.424786865954119452E+01    0.446035600618016701E+03
    0.130475400108380546E+01    0.134813599011446627E+04   -0.519238674739110806E+01   -0.695060101779720263E+01   -0.380981844734273523E+01    0.446037251005936412E+03
    0.130475400108380546E+01    0.134813599011446627E+04   -0.519238674739110806E+01   -0.695060101779720263E+01   -0.380981844734273523E+01    0.446037251005936412E+03
    0.130220408056658021E+01    0.147371333579943803E+04   -0.554055329024770415E+01   -0.680597831835793965E+01   -0.401314637448257194E+01    0.446037473812626729E+03
    0.130736368697085825E+01    0.136030083274798471E+04   -0.581090285891408431E+01   -0.758106593144209473E+01   -0.402157667874725977E+01    0.446037777638706984E+03
    0.130257701630950717E+01    0.145629817867871520E+04   -0.576863232999162800E+01   -0.714329541150377878E+01   -0.394775795886375214E+01    0.446040692194897929E+03
    0.130664080507452840E+01    0.139178842941313815E+04   -0.563490815662941991E+01   -0.750090885532752072E+01   -0.406489102679547276E+01    0.446040839338495118E+03
    0.130268211998778405E+01    0.144727345609434860E+04   -0.545040581867048957E+01   -0.729739247212174202E+01   -0.401308152036510890E+01    0.446045350751188948E+03
    0.130271519567374305E+01    0.152607614881348331E+04   -0.574067928473309586E+01   -0.748982570642336931E+01   -0.417043313408156013E+01    0.446047214995693480E+03
    0.130064976770938934E+01    0.152642657095502977E+04   -0.549092126792039004E+01   -0.697559169796440326E+01   -0.407606086711266613E+01    0.446048585327671901E+03
    0.130064976770938934E+01    0.152642657095502977E+04   -0.549092126792039004E+01   -0.697559169796440326E+01   -0.407606086711266613E+01    0.446048585327671901E+03
    0.130266471417239349E+01    0.147611050861937906E+04   -0.561781743271847489E+01   -0.688780416273613483E+01   -0.406681024000556324E+01    0.446048736452724029E+03
    0.130369731102422137E+01    0.146911488755672053E+04   -0.565730279712417339E+01   -0.706405739890241513E+01   -0.407252136053806435E+01    0.446051083381208969E+03
    0.130554739913720397E+01    0.146241440412024554E+04   -0.597870824653676625E+01   -0.732359434911599738E+01   -0.419991791941602166E+01    0.446052782635536175E+03
    0.130554739913720397E+01    0.146241440412024554E+04   -0.597870824653676625E+01   -0.732359434911599738E+01   -0.419991791941602166E+01    0.446052782635536175E+03
    0.130399403221962529E+01    0.146658728246753049E+04   -0.586054286267529179E+01   -0.702914263566145614E+01   -0.410579150388529079E+01    0.446053419564331591E+03
    0.130398855174478001E+01    0.134059220020692919E+04   -0.522127956190570419E+01   -0.718220577700418961E+01   -0.371661704721638486E+01    0.446056395022253469E+03
    0.130452044678119972E+01    0.139696923225975138E+04   -0.571384293502045004E+01   -0.753601411658210729E+01   -0.394003539855013685E+01    0.446058804424288667E+03
    0.130598662170046431E+01    0.134941089379398886E+04   -0.537937421433899310E+01   -0.724452864644406702E+01   -0.386291282365666788E+01    0.446059985537353100E+03
    0.130624550952371554E+01    0.133378002529532660E+04   -0.540358786014480597E+01   -0.703201173181643036E+01   -0.385621397995118542E+01    0.446062491541730310E+03
    0.130033130779069950E+01    0.145815197287847855E+04   -0.545390222009824033E+01   -0.691889239405844503E+01   -0.382474154080627748E+01    0.446065233017372520E+03
    0.130033130779069950E+01    0.145815197287847855E+04   -0.545390222009824033E+01   -0.691889239405844503E+01   -0.382474154080627748E+01    0.446065233017372520E+03
    0.130135510909785390E+01    0.143508145769805105E+04   -0.517868909161154978E+01   -0.713835501278595252E+01   -0.385944824586314894E+01    0.446065246918852608E+03
    0.130603408047410419E+01    0.138079977194201138E+04   -0.549321702960856051E+01   -0.755064221884334508E+01   -0.398349831097530860E+01    0.446065461530223388E+03
    0.130603408047410419E+01    0.138079977194201138E+04   -0.549321702960856051E+01   -0.755064221884334508E+01   -0.398349831097530860E+01    0.446065461530223388E+03
    0.130240660393532370E+01    0.146789516796176440E+04   -0.564865697129746813E+01   -0.682627182576320379E+01   -0.399354703692407043E+01    0.446068741693966842E+03
    0.130166960918960406E+01    0.144090148634601996E+04   -0.529057269269919939E+01   -0.724829514151458731E+01   -0.384354244877974516E+01    0.446069715837335309E+03
    0.130072547449033649E+01    0.152626760723170105E+04   -0.554410265964172488E+01   -0.694904234185292946E+01   -0.405207298954613648E+01    0.446070102089109469E+03
    0.130126981904689631E+01    0.145238811556812016E+04   -0.551546339228023008E+01   -0.715660739702953208E+01   -0.385081028974777340E+01    0.446070798067668989E+03
    0.130331643853435297E+01    0.134353856257700681E+04   -0.503502735657844092E+01   -0.686593683079818540E+01   -0.366906116462395637E+01    0.446077541131291810E+03
    0.130347992004166224E+01    0.140004314512660858E+04   -0.542027143069846495E+01   -0.690945389579765390E+01   -0.382991317878639848E+01    0.446077820253593131E+03
    0.130485686820986135E+01    0.134354386185524299E+04   -0.539839653857752388E+01   -0.709275382996808634E+01   -0.382097712976556103E+01    0.446080269241495671E+03
    0.130182931408204028E+01    0.154214493409428019E+04   -0.592380013787254356E+01   -0.751316152554908268E+01   -0.416477580877518960E+01    0.446081354046693775E+03
    0.130182931408204028E+01    0.154214493409428019E+04   -0.592380013787254356E+01   -0.751316152554908268E+01   -0.416477580877518960E+01    0.446081354046693775E+03
    0.130058439387195524E+01    0.145902525543178240E+04   -0.540008486812431165E+01   -0.717223641856708216E+01   -0.385593330435333392E+01    0.446083187596593973E+03
    0.130118847761148726E+01    0.146159077053482929E+04   -0.531428950069155004E+01   -0.672919500124647296E+01   -0.391911867279255866E+01    0.446084944646345718E+03
    0.130597099280816842E+01    0.133680101782515067E+04   -0.543047144358481049E+01   -0.711000580739862809E+01   -0.381623803418666796E+01    0.446088744912534992E+03
    0.130551228248429951E+01    0.140129957400035823E+04   -0.594497002316779888E+01   -0.751667162360074759E+01   -0.401309402053271125E+01    0.446090388442303492E+03
    0.130244004489996645E+01    0.137153790508394127E+04   -0.510341659762567534E+01   -0.672155145810540500E+01   -0.368329241373505312E+01    0.446091697037229380E+03
    0.130399447740084873E+01    0.136304933342397226E+04   -0.538215702707158350E+01   -0.712817370170614240E+01   -0.382613886657929747E+01    0.446092334256116771E+03
    0.129925490943884636E+01    0.149168494312093139E+04   -0.527748017234397881E+01   -0.673636485990452627E+01   -0.386934798827012649E+01    0.446092879353800754E+03
    0.130093958636307327E+01    0.144200129871820059E+04   -0.547581805050951598E+01   -0.702062394114192045E+01   -0.383788534861998798E+01    0.446094717808971041E+03
    0.130111010918085124E+01    0.147756672992468452E+04   -0.552521677456563864E+01   -0.727386757929367178E+01   -0.391934709321421337E+01    0.446095592243998624E+03
    0.130086895405102987E+01    0.146743688001492751E+04   -0.558155715104912264E+01   -0.704111905683579842E+01   -0.392656106906650493E+01    0.446096477190703581E+03
    0.130508987262836551E+01    0.136231657029446296E+04   -0.547394051784843061E+01   -0.688145634228733361E+01   -0.388885820712860486E+01    0.446101126096722851E+03
    0.130508987262836551E+01    0.136231657029446296E+04   -0.547394051784843061E+01   -0.688145634228733361E+01   -0.388885820712860486E+01    0.446101126096722851E+03
    0.130399950334524206E+01    0.134633443133054016E+04   -0.516586764442201662E+01   -0.691713099328532088E+01   -0.370780510147886844E+01    0.446104692371582530E+03
    0.130308152384084863E+01    0.139313914351998756E+04   -0.548170506555204540E+01   -0.710977057216913799E+01   -0.385870872273946297E+01    0.446105681051883607E+03
    0.130308152384084863E+01    0.139313914351998756E+04   -0.548170506555204540E+01   -0.710977057216913799E+01   -0.385870872273946297E+01    0.446105681051883607E+03
    0.129921193125381751E+01    0.148300721101967224E+04   -0.530681638136273826E+01   -0.687299786728465634E+01   -0.384301070169892789E+01    0.446105794498838861E+03
    0.129921193125381751E+01    0.148300721101967224E+04   -0.530681638136273826E+01   -0.687299786728465634E+01   -0.384301070169892789E+01    0.446105794498838861E+03
    0.130488782142167348E+01    0.134350997473439566E+04   -0.552402463417858414E+01   -0.725945444535972584E+01   -0.378611226022706582E+01    0.446107441276445968E+03
    0.130193877330263241E+01    0.150698493982802142E+04   -0.582451133641160190E+01   -0.736892125216407479E+01   -0.405757840818760052E+01    0.446108888851274742E+03
    0.130603096177508005E+01    0.136296029267565382E+04   -0.548475426808520972E+01   -0.747916364867895833E+01   -0.396037080637646000E+01    0.446112713253858431E+03
    0.130629814828229818E+01    0.132016059116902557E+04   -0.549472725169858922E+01   -0.723454029154429268E+01   -0.383136344240775095E+01    0.446114484652351109E+03
    0.130237089787223548E+01    0.139858786100009547E+04   -0.535723345950353469E+01   -0.716540795550808163E+01   -0.381628297734602384E+01    0.446115701458423246E+03
    0.130585328399566158E+01    0.136532650843981241E+04   -0.537703821732541876E+01   -0.732216800252752975E+01   -0.394043240319986410E+01    0.446117729752321225E+03
    0.130455827199576846E+01    0.137763327542678849E+04   -0.543614615374876653E+01   -0.730757566881529108E+01   -0.392416546306230352E+01    0.446121632665844970E+03
    0.130196195315014429E+01    0.151250834943881773E+04   -0.551105005486859145E+01   -0.711873103109455130E+01   -0.410417903805277184E+01    0.446125215904886716E+03
    0.130196195315014429E+01    0.151250834943881773E+04   -0.551105005486859145E+01   -0.711873103109455130E+01   -0.410417903805277184E+01    0.446125215904886716E+03
    0.130360596583446209E+01    0.139407086967119449E+04   -0.558338140483287582E+01   -0.725929084703045113E+01   -0.389154103065712675E+01    0.446126052942083334E+03
    0.130360596583446209E+01    0.139407086967119449E+04   -0.558338140483287582E+01   -0.725929084703045113E+01   -0.389154103065712675E+01    0.446126052942083334E+03
    0.130554246557050346E+01    0.144025022095183817E+04   -0.572946439483727143E+01   -0.728604932196942290E+01   -0.414814613315667557E+01    0.446127285259915652E+03
    0.130010912806550483E+01    0.151461986691568745E+04   -0.557041388999955167E+01   -0.722394305321122232E+01   -0.400250667223429968E+01    0.446127756732797877E+03
    0.130321766474952705E+01    0.144179344275442486E+04   -0.541714024202278299E+01   -0.743952028216193018E+01   -0.401387697472870197E+01    0.446128550489959650E+03
    0.130555131110146738E+01    0.142577514737323963E+04   -0.560715599923907160E+01   -0.750579586651464759E+01   -0.411913100237046770E+01    0.446137091874707892E+03
    0.130386004204302708E+01    0.143751059964105661E+04   -0.556523850786455299E+01   -0.693434788943362967E+01   -0.404025514148438347E+01    0.446138969876352292E+03
    0.130386004204302708E+01    0.143751059964105661E+04   -0.556523850786455299E+01   -0.693434788943362967E+01   -0.404025514148438347E+01    0.446138969876352292E+03
    0.130214867344175200E+01    0.150924804192352394E+04   -0.572975583840558844E+01   -0.726442593486990962E+01   -0.406447868405231816E+01    0.446139532723500338E+03
    0.130375213794766576E+01    0.144960696792416570E+04   -0.549602077114076337E+01   -0.702842514781063610E+01   -0.403605989827226619E+01    0.446142025460759612E+03
    0.130435608670009451E+01    0.136635000723462190E+04   -0.518601816459741283E+01   -0.719216308478140931E+01   -0.383740279240487148E+01    0.446146287699526113E+03
    0.130248931431533532E+01    0.141296302662064886E+04   -0.543104431041497282E+01   -0.729848982380368660E+01   -0.386351769495332675E+01    0.446147175406012991E+03
    0.130248931431533532E+01    0.141296302662064886E+04   -0.543104431041497282E+01   -0.729848982380368660E+01   -0.386351769495332675E+01    0.446147175406012991E+03
    0.130560130048357004E+01    0.135959329768649468E+04   -0.573714820681610060E+01   -0.710694122449489729E+01   -0.387365027127309602E+01    0.446147649175440677E+03
    0.130618893698806593E+01    0.133777279197693588E+04   -0.557224306258121516E+01   -0.699538536825698465E+01   -0.386413379072609686E+01    0.446148348405445006E+03
    0.130260300118183059E+01    0.149284467752185788E+04   -0.572760009650064639E+01   -0.712546866658655098E+01   -0.413477886601785372E+01    0.446149821233216016E+03
    0.130260300118183059E+01    0.149284467752185788E+04   -0.572760009650064639E+01   -0.712546866658655098E+01   -0.413477886601785372E+01    0.446149821233216016E+03
    0.130408272701905315E+01    0.143725652959778927E+04   -0.578694962314797223E+01   -0.720898233599210592E+01   -0.408250058378634417E+01    0.446151068592634374E+03
    0.130101688583825870E+01    0.153603002747311666E+04   -0.557287291827130638E+01   -0.710520361676153467E+01   -0.412875464276731741E+01    0.446152612214023407E+03
    0.130101688583825870E+01    0.153603002747311666E+04   -0.557287291827130638E+01   -0.710520361676153467E+01   -0.412875464276731741E+01    0.446152612214023407E+03
    0.130455255218549770E+01    0.135675713711859316E+04   -0.550517016677388060E+01   -0.702743497352028790E+01   -0.384850772750986181E+01    0.446154456347851180E+03
    0.130430599150728588E+01    0.151000714570238529E+04   -0.606139351614153199E+01   -0.747052546005822204E+01   -0.427091084197712956E+01    0.446156001998927991E+03
    0.130430599150728588E+01    0.151000714570238529E+04   -0.606139351614153199E+01   -0.747052546005822204E+01   -0.427091084197712956E+01    0.446156001998927991E+03
    0.130465459033653830E+01    0.148784016785910944E+04   -0.602118493087052276E+01   -0.769860306047024601E+01   -0.423262458610924241E+01    0.446156821793115171E+03
    0.130186228005167215E+01    0.145357983148739231E+04   -0.523372287844619422E+01   -0.692933717073065569E+01   -0.393015049762932556E+01    0.446158625176230657E+03
    0.130085561236175984E+01    0.149095518849547648E+04   -0.534835274915315217E+01   -0.690411174637081526E+01   -0.394822611552427105E+01    0.446160727334016826E+03
    0.130085561236175984E+01    0.149095518849547648E+04   -0.534835274915315217E+01   -0.690411174637081526E+01   -0.394822611552427105E+01    0.446160727334016826E+03
    0.130096691400467557E+01    0.142086569869611412E+04   -0.507022825323646664E+01   -0.682464713500980569E+01   -0.375402956077126149E+01    0.446167559382347122E+03
    0.130372998824410535E+01    0.139137022453283976E+04   -0.537692607334794559E+01   -0.683180840507341447E+01   -0.389510081423337162E+01    0.446171893644017587E+03
    0.130463950731659084E+01    0.141772266718442006E+04   -0.581294515185380867E+01   -0.699092641068111131E+01   -0.403129336947790318E+01    0.446172362946588009E+03
    0.130246223702039332E+01    0.146914414520538685E+04   -0.579428918157848116E+01   -0.738089383304763835E+01   -0.398901184415240628E+01    0.446173333053332385E+03
    0.130584460340635111E+01    0.132549573057322414E+04   -0.542800526799585636E+01   -0.694030486565755389E+01   -0.380540289869396275E+01    0.446173500012694376E+03
    0.130421967058747645E+01    0.137337871593376713E+04   -0.540259361639809477E+01   -0.742026353410194606E+01   -0.385417372958397308E+01    0.446173819285432558E+03
    0.130297830595302844E+01    0.145901386544300271E+04   -0.582043424265545717E+01   -0.708663837168909971E+01   -0.405762270604819175E+01    0.446174700510399759E+03
    0.130307581730061406E+01    0.147280115056636555E+04   -0.553023207561332697E+01   -0.701377007878033965E+01   -0.404901283326216266E+01    0.446175998092771806E+03
    0.130254691660977273E+01    0.151404519256954291E+04   -0.583495619384112096E+01   -0.764621405921770236E+01   -0.415153759012569523E+01    0.446177305447944264E+03
    0.130242323178243358E+01    0.140222703608631537E+04   -0.520451811849166290E+01   -0.708125720247878920E+01   -0.383792697327331034E+01    0.446179448588986588E+03
    0.130166202627172556E+01    0.142100272420188116E+04   -0.547438363688267771E+01   -0.705159291186792814E+01   -0.379811082622993013E+01    0.446179962708001597E+03
    0.130530223334446882E+01    0.138788402788028498E+04   -0.562097118039603583E+01   -0.764073181431047832E+01   -0.395196843659424069E+01    0.446180113998726995E+03
    0.130524513934062592E+01    0.131418476421347373E+04   -0.532272150334150940E+01   -0.703369091233491250E+01   -0.369752411101796419E+01    0.446180488215684932E+03
    0.130524513934062592E+01    0.131418476421347373E+04   -0.532272150334150940E+01   -0.703369091233491250E+01   -0.369752411101796419E+01    0.446180488215684932E+03
    0.130386761458898159E+01    0.150801986988622821E+04   -0.603491708422887463E+01   -0.760324846358297535E+01   -0.423951476519533355E+01    0.446182052383874066E+03
    0.130331657698700298E+01    0.151587139492669235E+04   -0.587665184523969231E+01   -0.764234515652296142E+01   -0.422435992189221388E+01    0.446183024692477375E+03
    0.130579766667394170E+01    0.141308484811344852E+04   -0.598289179296256446E+01   -0.759407143871444124E+01   -0.405860213820008209E+01    0.446184426874229871E+03
    0.130158571544467194E+01    0.146893282096283338E+04   -0.540891708225443768E+01   -0.709440327966798545E+01   -0.399928151385537944E+01    0.446188217673601798E+03
    0.130158571544467194E+01    0.146893282096283338E+04   -0.540891708225443768E+01   -0.709440327966798545E+01   -0.399928151385537944E+01    0.446188217673601798E+03
    0.130180165706747664E+01    0.150337562877781306E+04   -0.587229448566438705E+01   -0.700617330927912896E+01   -0.407490710784827748E+01    0.446189377687379704E+03
    0.130571315028830681E+01    0.137815918052435336E+04   -0.556453673892772471E+01   -0.708697504235104692E+01   -0.399557986128110976E+01    0.446189933069681899E+03
    0.130670302223335311E+01    0.137288574553239459E+04   -0.571551646068165820E+01   -0.720633325482549481E+01   -0.402789844477703340E+01    0.446191245613574608E+03
    0.130360150238492389E+01    0.148761245435306319E+04   -0.596608196973449179E+01   -0.733279552449376482E+01   -0.418310471690548891E+01    0.446191511211726549E+03
    0.130474480399698156E+01    0.141283447125598786E+04   -0.541941327943930240E+01   -0.722287347337694108E+01   -0.402101227808058326E+01    0.446193288176825320E+03
    0.130108032325490353E+01    0.145335570820061184E+04   -0.535834346616342128E+01   -0.667421813372663220E+01   -0.386007574586979629E+01    0.446195078485613863E+03
    0.130597811573208777E+01    0.134454167155077357E+04   -0.538627113983212169E+01   -0.719983150404852612E+01   -0.383974627922821021E+01    0.446195840949357148E+03
    0.130257102761019894E+01    0.147055828616156532E+04   -0.571618915736076705E+01   -0.692050483972259300E+01   -0.405563781345403473E+01    0.446196499007789953E+03
    0.130402854519366995E+01    0.137525317907609883E+04   -0.552626962312228454E+01   -0.683368400595544401E+01   -0.381503704334749116E+01    0.446200714785957132E+03
    0.130462749608196082E+01    0.139735958284553772E+04   -0.551465875378429171E+01   -0.757015384592638441E+01   -0.392625274452762874E+01    0.446205286502426418E+03
    0.130517475023243712E+01    0.134051520356310971E+04   -0.533801483394650678E+01   -0.690613949640230551E+01   -0.377678538472025593E+01    0.446207224980304886E+03
    0.130371175278838924E+01    0.145312432947887191E+04   -0.564628713691408013E+01   -0.747978830546008666E+01   -0.409424578271941009E+01    0.446209515473105682E+03
    0.130461534226532327E+01    0.147242872426640770E+04   -0.582970021151344753E+01   -0.777142821192474287E+01   -0.417745805481023869E+01    0.446210274450660336E+03
    0.130430828292293888E+01    0.145580063170923836E+04   -0.581917288233315499E+01   -0.723061816560320114E+01   -0.414920886139238210E+01    0.446210274680946725E+03
    0.130116040766381236E+01    0.143611981434671861E+04   -0.544201231860049806E+01   -0.673264788873257736E+01   -0.384552284048707627E+01    0.446211773210602132E+03
    0.130116040766381236E+01    0.143611981434671861E+04   -0.544201231860049806E+01   -0.673264788873257736E+01   -0.384552284048707627E+01    0.446211773210602132E+03
    0.130197404368591996E+01    0.152352488935633869E+04   -0.599195455626327611E+01   -0.728386159817790180E+01   -0.413004407744233148E+01    0.446211965309767606E+03
    0.130512490576030804E+01    0.146019643644639928E+04   -0.578370440147414300E+01   -0.730729045896262708E+01   -0.418438095468556082E+01    0.446213450472928344E+03
    0.130401827596002784E+01    0.149423022654381771E+04   -0.601523416986782689E+01   -0.743578316334870593E+01   -0.422193088873785172E+01    0.446216654101004394E+03
    0.130577319040102369E+01    0.144035747331760308E+04   -0.604660481046848197E+01   -0.756636644760591093E+01   -0.418083007692709074E+01    0.446217660048923619E+03
    0.130452769690493064E+01    0.135749136032942715E+04   -0.527140292857490511E+01   -0.728862029986604654E+01   -0.378820925934072683E+01    0.446217892805616884E+03
    0.130556009285085084E+01    0.146886239890269007E+04   -0.596719240129077111E+01   -0.761065006336597882E+01   -0.424311253597473570E+01    0.446218316307646319E+03
    0.130004869254177735E+01    0.145224348750721083E+04   -0.532220149167899059E+01   -0.670156696961040765E+01   -0.379782928468061698E+01    0.446220066066344032E+03
    0.130310604236959637E+01    0.150478778166977713E+04   -0.601003483063741228E+01   -0.725534684373094052E+01   -0.418192232781634399E+01    0.446220918997709759E+03
    0.130257418863118168E+01    0.145273842686483181E+04   -0.543111840681708369E+01   -0.682567484279299475E+01   -0.396951047614037478E+01    0.446221585100913103E+03
    0.130171517933460268E+01    0.142855349664627420E+04   -0.523588484332788440E+01   -0.682134134508593082E+01   -0.381092462991595760E+01    0.446221970821111938E+03
    0.130231768980769314E+01    0.136741252997519723E+04   -0.512913827388054067E+01   -0.671188253860981110E+01   -0.367263408326895835E+01    0.446223007607159275E+03
    0.130457520205130661E+01    0.144823881920446433E+04   -0.594537960079946437E+01   -0.735367918378108243E+01   -0.405948488623404824E+01    0.446225219225749072E+03
    0.130351039765618792E+01    0.146465430276160259E+04   -0.598138434482333992E+01   -0.715377307063834422E+01   -0.404995750916874897E+01    0.446227237648237747E+03
    0.130351039765618792E+01    0.146465430276160259E+04   -0.598138434482333992E+01   -0.715377307063834422E+01   -0.404995750916874897E+01    0.446227237648237747E+03
    0.130145915929315903E+01    0.152058490100528184E+04   -0.550961918905067272E+01   -0.735605119732960588E+01   -0.410605757999353216E+01    0.446228532268550339E+03
    0.130145915929315903E+01    0.152058490100528184E+04   -0.550961918905067272E+01   -0.735605119732960588E+01   -0.410605757999353216E+01    0.446228532268550339E+03
    0.130475544843087343E+01    0.133344696440588564E+04   -0.539946061880423223E+01   -0.712670703142036910E+01   -0.372042738304457821E+01    0.446229350741112739E+03
    0.130261654461950438E+01    0.135839616063068706E+04   -0.520368598675142291E+01   -0.689030414657246038E+01   -0.366612745272272100E+01    0.446229384739767625E+03
    0.130508815444723902E+01    0.137928992832311133E+04   -0.560575623327178985E+01   -0.689905535512883894E+01   -0.393273455701419294E+01    0.446229672099087395E+03
    0.130562811962563385E+01    0.141850856505222919E+04   -0.584910503003508264E+01   -0.714782972916067916E+01   -0.410171230275098875E+01    0.446230227001825597E+03
    0.130220813299262739E+01    0.144578196450839027E+04   -0.542112215131146691E+01   -0.676452894748222366E+01   -0.391684616182422474E+01    0.446231308067762370E+03
    0.130328098780192492E+01    0.151945104912495140E+04   -0.591613338552772738E+01   -0.766010175779063118E+01   -0.419848505277146078E+01    0.446235344619529371E+03
    0.130515113312492437E+01    0.147740793734563454E+04   -0.605033680833266452E+01   -0.739670231653138543E+01   -0.422531814131333849E+01    0.446235854561326619E+03
    0.130413535171057049E+01    0.149254542118149266E+04   -0.597777753448827909E+01   -0.724083990109007214E+01   -0.421162687089915178E+01    0.446236577061959963E+03
    0.130354666469744407E+01    0.142899434732170516E+04   -0.585928064039834418E+01   -0.725358648591121469E+01   -0.396415442575568910E+01    0.446238417909658381E+03
    0.130243176235379554E+01    0.149839756730407089E+04   -0.588101082571790457E+01   -0.741855059803378403E+01   -0.406999558893201030E+01    0.446240723116061702E+03
    0.130020945140133359E+01    0.148614843026007361E+04   -0.527016650394455066E+01   -0.705710493414574458E+01   -0.390014710905474260E+01    0.446241148484456289E+03
    0.130510313504657915E+01    0.136915855021728089E+04   -0.558667256752636732E+01   -0.707382193714856555E+01   -0.393203910236571552E+01    0.446241250237518443E+03
    0.130511701314797479E+01    0.131633438381449287E+04   -0.530688930764283207E+01   -0.697037709262264826E+01   -0.370826713904093452E+01    0.446242434613808996E+03
    0.130650161013668531E+01    0.142476885713638035E+04   -0.596509878122912429E+01   -0.757035040918691315E+01   -0.418122749416267503E+01    0.446246006428590135E+03
    0.130650161013668531E+01    0.142476885713638035E+04   -0.596509878122912429E+01   -0.757035040918691315E+01   -0.418122749416267503E+01    0.446246006428590135E+03
    0.130068331089695643E+01    0.155614447437958438E+04   -0.577943641874461278E+01   -0.722557382896862688E+01   -0.413410030058344358E+01    0.446247399673988127E+03
    0.130068331089695643E+01    0.155614447437958438E+04   -0.577943641874461278E+01   -0.722557382896862688E+01   -0.413410030058344358E+01    0.446247399673988127E+03
    0.130219660229690692E+01    0.144252904246061007E+04   -0.565461771501861410E+01   -0.706910578766584230E+01   -0.394770448309858679E+01    0.446247665678402825E+03
    0.130219660229690692E+01    0.144252904246061007E+04   -0.565461771501861410E+01   -0.706910578766584230E+01   -0.394770448309858679E+01    0.446247665678402825E+03
    0.130573544782183748E+01    0.134784989307358956E+04   -0.560718378527479633E+01   -0.728409115610082125E+01   -0.383721569854596645E+01    0.446249481145951165E+03
    0.130459788330874793E+01    0.136875563793095489E+04   -0.526561261329920693E+01   -0.718238321975638350E+01   -0.382544807081992211E+01    0.446250227881014723E+03
    0.130490464552599827E+01    0.139077917400394267E+04   -0.554433529433857331E+01   -0.742960179369617801E+01   -0.398606596035962291E+01    0.446250629291300697E+03
    0.130188194463813112E+01    0.150783364397922833E+04   -0.547871705384744523E+01   -0.734247943637203893E+01   -0.408127351317504328E+01    0.446252861463266015E+03
    0.130188194463813112E+01    0.150783364397922833E+04   -0.547871705384744523E+01   -0.734247943637203893E+01   -0.408127351317504328E+01    0.446252861463266015E+03
    0.130267965039389777E+01    0.143805568016926645E+04   -0.528548144894859906E+01   -0.721812846355077298E+01   -0.396290612501569761E+01    0.446253515778458052E+03
    0.130267965039389777E+01    0.143805568016926645E+04   -0.528548144894859906E+01   -0.721812846355077298E+01   -0.396290612501569761E+01    0.446253515778458052E+03
    0.130092492817510075E+01    0.141940248608513139E+04   -0.512618867451751559E+01   -0.697593431655388319E+01   -0.376310322364057903E+01    0.446257748669407874E+03
    0.130324036780846453E+01    0.134386360376661605E+04   -0.510930689021297368E+01   -0.690273437483526386E+01   -0.367437872287657541E+01    0.446258704109134953E+03
    0.130450103611283086E+01    0.135041760364314041E+04   -0.538968149343573177E+01   -0.677604556717723749E+01   -0.378411229257307191E+01    0.446259139631887251E+03
    0.130315472739730231E+01    0.145158652291513658E+04   -0.572748574165924840E+01   -0.728233977766501273E+01   -0.405473277049418801E+01    0.446261202277630616E+03
    0.130268967864880336E+01    0.145916429486259858E+04   -0.576161656185846383E+01   -0.705190902540194742E+01   -0.403914203176796960E+01    0.446263193951633014E+03
    0.130046909396816979E+01    0.144302783782541633E+04   -0.519413426544029466E+01   -0.697383650537600364E+01   -0.381694607132763686E+01    0.446265664755033072E+03
    0.130433987582580158E+01    0.142159753769696272E+04   -0.547813808621027754E+01   -0.707519811854457359E+01   -0.402987133186771729E+01    0.446267244575948666E+03
    0.130551428294703564E+01    0.140726774805836203E+04   -0.590659544309349460E+01   -0.717211765327799444E+01   -0.406393049035673037E+01    0.446273172714908412E+03
    0.130459922387984095E+01    0.136266841835867081E+04   -0.541953765981955993E+01   -0.708512701809863810E+01   -0.378456846101168232E+01    0.446273842092512780E+03
    0.130629005429609024E+01    0.134672872110324352E+04   -0.571846910128021602E+01   -0.727417436467734024E+01   -0.388846640698305279E+01    0.446274987761303066E+03
    0.130416812022626782E+01    0.144012173836289799E+04   -0.593788775521818391E+01   -0.737117824915295916E+01   -0.407106182683371465E+01    0.446276218241520041E+03
    0.130246870695104988E+01    0.154030181818949222E+04   -0.592973659555566091E+01   -0.732306802434021353E+01   -0.423684578671429968E+01    0.446276704664065164E+03
    0.130507722042911056E+01    0.139761683092625935E+04   -0.588406885884607966E+01   -0.719562901833829738E+01   -0.396732526031315125E+01    0.446279353490936785E+03
    0.130304453818837751E+01    0.137995106224913843E+04   -0.544535603975971494E+01   -0.704818915436349958E+01   -0.375408703171111569E+01    0.446279465748726011E+03
    0.130096387367805977E+01    0.143785913528513879E+04   -0.533190222201899910E+01   -0.711938857721678975E+01   -0.382738707462437766E+01    0.446280791874175748E+03
    0.130486287261658784E+01    0.144897682308875051E+04   -0.560004163233123720E+01   -0.742993581422712257E+01   -0.413131658518848965E+01    0.446281004125679999E+03
    0.130305861549606217E+01    0.145042027286857433E+04   -0.543699792448223818E+01   -0.745842982294210710E+01   -0.397032210112097772E+01    0.446281263990616083E+03
    0.130150037657364881E+01    0.154832617412515128E+04   -0.587667618330501096E+01   -0.728232140693590413E+01   -0.415652663893512830E+01    0.446281751411755010E+03
    0.130026387362519791E+01    0.147380110744024228E+04   -0.522213944500456417E+01   -0.680788253447231462E+01   -0.388884473563132538E+01    0.446283865730040532E+03
    0.130103142429592733E+01    0.149073687644762913E+04   -0.532110517905824842E+01   -0.700479258838263252E+01   -0.399373174511602258E+01    0.446288468847777153E+03
    0.130342690060467126E+01    0.135258580443079290E+04   -0.536213684143236069E+01   -0.685490987255048445E+01   -0.371619903912457161E+01    0.446291699553856915E+03
    0.130472747676619383E+01    0.135429277434199275E+04   -0.524584556469854668E+01   -0.705950709988920444E+01   -0.378081427851824436E+01    0.446292330520466180E+03
    0.130494356000531386E+01    0.142955817812091141E+04   -0.572371289028350905E+01   -0.768353900420412916E+01   -0.409206012229089389E+01    0.446295302144038658E+03
    0.130184146414767321E+01    0.153478712852794774E+04   -0.596053593269606630E+01   -0.741106855048544499E+01   -0.414968610308862385E+01    0.446296686474099147E+03
    0.130181394458628219E+01    0.148357157045190911E+04   -0.538370166587378840E+01   -0.710948480040932829E+01   -0.398259608837794055E+01    0.446297006943509984E+03
    0.130143630273230859E+01    0.152750534500142658E+04   -0.571376561657172388E+01   -0.710053196228553940E+01   -0.408758245192475833E+01    0.446300008921775031E+03
    0.130229968643779115E+01    0.152157779052798719E+04   -0.586368888611516770E+01   -0.743222616911203460E+01   -0.418234840183498147E+01    0.446302806933096861E+03
    0.130135723319577701E+01    0.150917411276883035E+04   -0.542599901596324052E+01   -0.724393586320143612E+01   -0.406202397120460468E+01    0.446304169721069229E+03
    0.130472687809359589E+01    0.143800595930762051E+04   -0.600748610726211751E+01   -0.749142533608603500E+01   -0.407911274623224163E+01    0.446309302633052482E+03
    0.130472687809359589E+01    0.143800595930762051E+04   -0.600748610726211751E+01   -0.749142533608603500E+01   -0.407911274623224163E+01    0.446309302633052482E+03
    0.130295678301475459E+01    0.151210509967319695E+04   -0.565939606202008960E+01   -0.753447593474739907E+01   -0.416103291976223133E+01    0.446309848314397243E+03
    0.130329914442025974E+01    0.152761733541813692E+04   -0.588278144369545508E+01   -0.758666532934421589E+01   -0.422873216774933258E+01    0.446309978108763801E+03
    0.130393143841338865E+01    0.144902335694372755E+04   -0.578610573979342391E+01   -0.722844105596785802E+01   -0.400843528894085477E+01    0.446311619931095606E+03
    0.130320311776089626E+01    0.148339336148623329E+04   -0.601176024651952368E+01   -0.735719373107128671E+01   -0.411511108822357219E+01    0.446314707069687870E+03
    0.130488299942804553E+01    0.137764383297619906E+04   -0.554181418974359552E+01   -0.712972702843599659E+01   -0.394950075480540264E+01    0.446317683622136485E+03
    0.130629074228979758E+01    0.134739220025666009E+04   -0.569348469771489007E+01   -0.720652389544715799E+01   -0.392783672036765275E+01    0.446321039341871369E+03
    0.130247161766153408E+01    0.147897571555256445E+04   -0.558018684718861468E+01   -0.753180867233471574E+01   -0.406474495451388496E+01    0.446322543489958491E+03
    0.130400917454818566E+01    0.143688972436842641E+04   -0.588869621937126286E+01   -0.740180235827637389E+01   -0.400250410942582491E+01    0.446323658234415007E+03
    0.130454420983879205E+01    0.147497937960318791E+04   -0.603639190051616659E+01   -0.728976575974572594E+01   -0.414633526342884995E+01    0.446326772448181657E+03
    0.130354256113186628E+01    0.138044303158276193E+04   -0.556865387446719318E+01   -0.708087232427895152E+01   -0.379816879383535166E+01    0.446327155657920287E+03
    0.130387256730717449E+01    0.137112888807579111E+04   -0.545525897745991184E+01   -0.676713057498063364E+01   -0.379629886379759895E+01    0.446327462759708567E+03
    0.130372577087473629E+01    0.143938014006535150E+04   -0.564973982835638910E+01   -0.689117489009416939E+01   -0.400904592007969729E+01    0.446332587883857514E+03
    0.130044200679805866E+01    0.152018817293334905E+04   -0.573402082811305736E+01   -0.705164842863265839E+01   -0.402546228835695796E+01    0.446333627618028288E+03
    0.130429137228462899E+01    0.141729991258260634E+04   -0.589033604381894804E+01   -0.727917643800011849E+01   -0.399771934505105442E+01    0.446338077233566423E+03
    0.130032989780345720E+01    0.153943999710091725E+04   -0.572315333347574029E+01   -0.707714592375450735E+01   -0.408796167003593514E+01    0.446344580567764865E+03
    0.130255722186424028E+01    0.137250366083304220E+04   -0.518185249060290065E+01   -0.706052567115120588E+01   -0.371962558204124605E+01    0.446347487542880629E+03
    0.130299979943427013E+01    0.148462684023123757E+04   -0.567122892684545654E+01   -0.707063069467745908E+01   -0.412389698107800573E+01    0.446351047092165118E+03
    0.130336687125908357E+01    0.137678246099877333E+04   -0.553072319162767911E+01   -0.693904695749414646E+01   -0.379267239606116391E+01    0.446351236248841076E+03
    0.130247031657790857E+01    0.143085569420340835E+04   -0.551586084538640087E+01   -0.731806936600178037E+01   -0.392551425063429171E+01    0.446351244862144142E+03
    0.130309038073787464E+01    0.147774236268518916E+04   -0.556002148306931243E+01   -0.732613600242398189E+01   -0.411907872919742601E+01    0.446352447847571113E+03
    0.130309038073787464E+01    0.147774236268518916E+04   -0.556002148306931243E+01   -0.732613600242398189E+01   -0.411907872919742601E+01    0.446352447847571113E+03
    0.130395378079820645E+01    0.146648181576537172E+04   -0.565299189047103390E+01   -0.746832514230463929E+01   -0.414667123150130390E+01    0.446352953893627500E+03
    0.130304288523903766E+01    0.140467422761276316E+04   -0.539751220556113243E+01   -0.688154240938393968E+01   -0.381417117818505957E+01    0.446355647731363035E+03
    0.130441910083716772E+01    0.145350307100956002E+04   -0.581659576153704183E+01   -0.740189911315311733E+01   -0.414559522880905096E+01    0.446356203464848534E+03
    0.130056189268523426E+01    0.145748644890647279E+04   -0.520968012432589944E+01   -0.679019635991592629E+01   -0.384039625607957369E+01    0.446357190282780095E+03
    0.130597891987695514E+01    0.137211476996751344E+04   -0.553752328602439281E+01   -0.744005011136171390E+01   -0.398999551170546596E+01    0.446357584965675130E+03
    0.130441176128893632E+01    0.139474162884964835E+04   -0.533583078251143483E+01   -0.729677741386339829E+01   -0.389068859885413154E+01    0.446359853972976225E+03
    0.130304707017841181E+01    0.140039536604789373E+04   -0.547698169981777383E+01   -0.674883542783375390E+01   -0.385825467429425473E+01    0.446362257139463168E+03
    0.130535109809113536E+01    0.143776289180262756E+04   -0.572520137893255310E+01   -0.769383459236763390E+01   -0.413423505337874886E+01    0.446363005458272937E+03
    0.130483743171169886E+01    0.136466953625628889E+04   -0.557621332683928195E+01   -0.713011040696773790E+01   -0.381248337481203237E+01    0.446363702605423384E+03
    0.129952635619943457E+01    0.151526811916669089E+04   -0.547611911367749116E+01   -0.696175485167555408E+01   -0.396502685397654275E+01    0.446364630548606954E+03
    0.129952635619943457E+01    0.151526811916669089E+04   -0.547611911367749116E+01   -0.696175485167555408E+01   -0.396502685397654275E+01    0.446364630548606954E+03
    0.130586694569902040E+01    0.137063693641253462E+04   -0.558300028278403371E+01   -0.702960717091843890E+01   -0.394622812062639028E+01    0.446364922487546551E+03
    0.130417209559072789E+01    0.135693833383019819E+04   -0.532733618224213590E+01   -0.722384706505843699E+01   -0.380727310528584439E+01    0.446367315460286250E+03
    0.130317223416583605E+01    0.152294432365908074E+04   -0.576111190635714454E+01   -0.744875001756497657E+01   -0.420132191896641061E+01    0.446370089000480050E+03
    0.130370801465318698E+01    0.135753504382786286E+04   -0.535927778656061804E+01   -0.709919012195924459E+01   -0.373093815800346462E+01    0.446371205473053863E+03
    0.130081681718902975E+01    0.142760980073119595E+04   -0.520934590817607290E+01   -0.691300439919653886E+01   -0.375763421219114235E+01    0.446372958500723541E+03
    0.130599834691538597E+01    0.133468213014810908E+04   -0.561371837562059994E+01   -0.711035631727004791E+01   -0.383750164654527737E+01    0.446376416937655449E+03
    0.130346317323959981E+01    0.146223469285067631E+04   -0.588945083617800336E+01   -0.720950636920896670E+01   -0.409569978492429332E+01    0.446379362668505792E+03
    0.130346614040089137E+01    0.150206472775184534E+04   -0.566726740524401862E+01   -0.749537228899357544E+01   -0.417543643132904130E+01    0.446379987575101836E+03
    0.130122908614389421E+01    0.151962104605919103E+04   -0.563981336318630255E+01   -0.731742978801167521E+01   -0.404628666578939722E+01    0.446384530897468721E+03
    0.130168917085436120E+01    0.150849087727087453E+04   -0.568776361659820484E+01   -0.749779248305623280E+01   -0.408321655285209850E+01    0.446385388213226122E+03
    0.130455748307870878E+01    0.135366847612424317E+04   -0.528473003662391960E+01   -0.697028476301055555E+01   -0.376386366354708990E+01    0.446387520655700371E+03
    0.130472435010501231E+01    0.133545479625900839E+04   -0.540783541291865610E+01   -0.692289615949967718E+01   -0.374113008458423479E+01    0.446388019185049188E+03
    0.130397351886153734E+01    0.142494205715242765E+04   -0.536477605317601203E+01   -0.722351484500674701E+01   -0.396255213841006615E+01    0.446388045463583751E+03
    0.130117562058204905E+01    0.145037764827439719E+04   -0.524421928190656317E+01   -0.680437492326598203E+01   -0.389062651329707165E+01    0.446389136073844043E+03
    0.130365451879862482E+01    0.146947048977726649E+04   -0.559555818115648584E+01   -0.749918024785031356E+01   -0.412491279755683404E+01    0.446389641280987860E+03
    0.130593018209072542E+01    0.136893209919364881E+04   -0.544285369372412742E+01   -0.722092742199369830E+01   -0.394946930216830872E+01    0.446390608906538773E+03
    0.130295561236580815E+01    0.140573999180819283E+04   -0.546967772189492063E+01   -0.683874089675537711E+01   -0.389289234661360162E+01    0.446391580860731949E+03
    0.130186110623790596E+01    0.152085039317962264E+04   -0.567489899523234964E+01   -0.735357125470157591E+01   -0.408778840869159765E+01    0.446391602803043384E+03
    0.130269195088287026E+01    0.139338413279927272E+04   -0.527585496277187538E+01   -0.669741748768627421E+01   -0.380172373502319871E+01    0.446392358802659771E+03
    0.130658384808709993E+01    0.141907015328415628E+04   -0.591163440664609308E+01   -0.760407202148025707E+01   -0.415443567076432529E+01    0.446395529620201842E+03
    0.130163554811500415E+01    0.149846937414019499E+04   -0.572404865602326574E+01   -0.734935594130143954E+01   -0.407003338776413770E+01    0.446395795530641294E+03
    0.130280392044537030E+01    0.136509533048125286E+04   -0.526919581623913658E+01   -0.697424982859574527E+01   -0.372348983476562800E+01    0.446396263884427697E+03
    0.130176627186268501E+01    0.142949084055692401E+04   -0.536716936350498042E+01   -0.680673221899757586E+01   -0.388179171090141750E+01    0.446396960535393248E+03
    0.130226461544926098E+01    0.146541443025232047E+04   -0.559387096582278609E+01   -0.737450278556785754E+01   -0.395876003367430407E+01    0.446398391708947258E+03
    0.130360124938502109E+01    0.144798444005127681E+04   -0.578067992604302283E+01   -0.758442107317125025E+01   -0.402935084288286838E+01    0.446399622622350932E+03
    0.130376081250992160E+01    0.149634924325787711E+04   -0.602133396931056186E+01   -0.730776975545550034E+01   -0.420137334813820473E+01    0.446400006690734131E+03
    0.130228925066874224E+01    0.146184824673172716E+04   -0.580769032794471141E+01   -0.703671411211311248E+01   -0.396793396234372864E+01    0.446402130581970027E+03
    0.130125793193185246E+01    0.145899180610978078E+04   -0.532250044025954594E+01   -0.727681886546613388E+01   -0.389454169153371055E+01    0.446403161787605484E+03
    0.130440889166487684E+01    0.146547943865298089E+04   -0.601476872154953046E+01   -0.723143956802686017E+01   -0.414971858154647499E+01    0.446403376696408088E+03
    0.130229667982454744E+01    0.144952664888013760E+04   -0.552517838677322803E+01   -0.730031085907623734E+01   -0.390551746079172624E+01    0.446404209286220521E+03
    0.130330759679604236E+01    0.144859017273558993E+04   -0.575693086510154828E+01   -0.752596172235411487E+01   -0.399766845921836556E+01    0.446404724937130482E+03
    0.130279400407405888E+01    0.150653903846818730E+04   -0.592900214215663457E+01   -0.746019748388682302E+01   -0.416874437756178384E+01    0.446406078949818436E+03
    0.130444852947263312E+01    0.144387396442585396E+04   -0.553136341133031628E+01   -0.721290048652947036E+01   -0.407845171562884623E+01    0.446406848406536824E+03
    0.130094117023328981E+01    0.142306077164326439E+04   -0.512601374332081683E+01   -0.681950649163175626E+01   -0.378201906507396224E+01    0.446407544517210738E+03
    0.130244460906834880E+01    0.148485469828973532E+04   -0.564489264388469714E+01   -0.756122872692063908E+01   -0.403258619067132784E+01    0.446415971246006961E+03
    0.130447813926416289E+01    0.138762539737438101E+04   -0.530585730389640275E+01   -0.731651808062378795E+01   -0.391793745828778839E+01    0.446416080536668403E+03
    0.130148218211717137E+01    0.151308712506600068E+04   -0.569897630462705074E+01   -0.747349611295610217E+01   -0.406168529416515423E+01    0.446417937003904228E+03
    0.130271258203749030E+01    0.150260328020399334E+04   -0.566068129942574849E+01   -0.710421861196995774E+01   -0.414264426114956485E+01    0.446418535258961811E+03
    0.130116817744732627E+01    0.141640457487118056E+04   -0.526865952890002642E+01   -0.668729108565229780E+01   -0.376925092961133679E+01    0.446418856987951585E+03
    0.130523557019743386E+01    0.146551719597729493E+04   -0.607476415133415593E+01   -0.750451171944240869E+01   -0.418966889333350512E+01    0.446419242082435971E+03
    0.130207366348617382E+01    0.145171241556085420E+04   -0.535960263388415292E+01   -0.715969650904768606E+01   -0.389503870736388080E+01    0.446420222861118077E+03
    0.130184426024663402E+01    0.147232565402832824E+04   -0.563713511742596385E+01   -0.696807491281457292E+01   -0.401738049337991132E+01    0.446420791841239691E+03
    0.130464187477411020E+01    0.136397680680314261E+04   -0.540517244039249345E+01   -0.740399496718948136E+01   -0.381869698585660622E+01    0.446421287298948641E+03
    0.130178087193990599E+01    0.142797648638003011E+04   -0.533252867819771215E+01   -0.698407487424551565E+01   -0.380665892961745378E+01    0.446421760977473298E+03
    0.130330524964754746E+01    0.143170251356216363E+04   -0.546509112018334609E+01   -0.703868149058467107E+01   -0.391564294858302020E+01    0.446422484309239962E+03
    0.130124754342190307E+01    0.147904131699335630E+04   -0.529906171103898238E+01   -0.714647490439076361E+01   -0.397397516852492672E+01    0.446422928040944896E+03
    0.130079511215890564E+01    0.148399849779139640E+04   -0.548613739223359964E+01   -0.717552210484545050E+01   -0.391079929298516760E+01    0.446423446631137210E+03
    0.130546222419606184E+01    0.144110977441732734E+04   -0.605440529645609793E+01   -0.749724298640399311E+01   -0.412139706958348562E+01    0.446427767724020839E+03
    0.130197824310765031E+01    0.144963132424403057E+04   -0.550616611828822666E+01   -0.735872231316178649E+01   -0.393904531502543520E+01    0.446430603281080892E+03
    0.130279697648728510E+01    0.135742526468385404E+04   -0.511493509593104090E+01   -0.684768504101418163E+01   -0.368013582753552271E+01    0.446431356708127907E+03
    0.130405472719596705E+01    0.142140151958551496E+04   -0.576274655774396471E+01   -0.704443192086096559E+01   -0.401347440637457797E+01    0.446431639071254438E+03
    0.130156082184408528E+01    0.144883315524827594E+04   -0.532123364359289752E+01   -0.707057945140808908E+01   -0.385649289160547326E+01    0.446432948173589466E+03
    0.130350129528588288E+01    0.139817012347121522E+04   -0.523211261779080505E+01   -0.725084784445470021E+01   -0.387039260846198374E+01    0.446435218575327951E+03
    0.130319888021745456E+01    0.139573703236173537E+04   -0.522790683018556201E+01   -0.713580901212788277E+01   -0.386986621713546342E+01    0.446436321679722482E+03
    0.130341131162495971E+01    0.149158222193873917E+04   -0.577951643553556238E+01   -0.710905348499203260E+01   -0.415708330958176031E+01    0.446440778974092211E+03
    0.130440808726059942E+01    0.146285983147528532E+04   -0.597964772299831804E+01   -0.746191232158111628E+01   -0.415737315352914560E+01    0.446443170411147094E+03
    0.130236744433621854E+01    0.153821872856878417E+04   -0.590723591771028467E+01   -0.752185806856499006E+01   -0.420588835917336379E+01    0.446443484204513879E+03
    0.130439433049989595E+01    0.144196259143175757E+04   -0.575483143262861585E+01   -0.701483070655814878E+01   -0.405652194204707772E+01    0.446443970511550162E+03
    0.130426178501977152E+01    0.141489973842596510E+04   -0.582810891030644118E+01   -0.734672437026860337E+01   -0.399256288780328461E+01    0.446448900411488580E+03
    0.129985596248958934E+01    0.147028004317421573E+04   -0.531258541743554780E+01   -0.696224601074101379E+01   -0.383989230709390483E+01    0.446451489992657741E+03
    0.130213290602719090E+01    0.139815746330924094E+04   -0.526771061701428778E+01   -0.671216901543424704E+01   -0.376200882730598352E+01    0.446452144617573254E+03
    0.130346333670174230E+01    0.135866400163051730E+04   -0.535502800978985416E+01   -0.703854939332678242E+01   -0.374807066331846173E+01    0.446452454080680411E+03
    0.130104232685131826E+01    0.144419479752797474E+04   -0.536968672608559050E+01   -0.697569858088164541E+01   -0.387034248442097706E+01    0.446456184890838699E+03
    0.130153515412564835E+01    0.150912207301158423E+04   -0.585223427417626318E+01   -0.708512289249078453E+01   -0.406941687898546167E+01    0.446458061956434676E+03
    0.130438265070057358E+01    0.147135690724467281E+04   -0.566700627965810710E+01   -0.757844845185593652E+01   -0.415440593287270943E+01    0.446458442208040310E+03
    0.130287698573566324E+01    0.145254958037412530E+04   -0.547170569031986709E+01   -0.689397298768722688E+01   -0.400293203534074671E+01    0.446461335711524384E+03
    0.130371681841838361E+01    0.137552715550674657E+04   -0.518169149520734429E+01   -0.708643898175323539E+01   -0.380270215782452858E+01    0.446464057416592937E+03
    0.130525913205670929E+01    0.146598472934223014E+04   -0.598002315689220865E+01   -0.738131375081903673E+01   -0.419492401198109555E+01    0.446466750564826498E+03
    0.130068598640102806E+01    0.144455907674959121E+04   -0.526104330486252891E+01   -0.681263424087397951E+01   -0.378991735491670312E+01    0.446467321937679060E+03
    0.129999537572343327E+01    0.150168682634428956E+04   -0.551286994646412065E+01   -0.706377879442566758E+01   -0.392863865575839810E+01    0.446468083667373094E+03
    0.130608601476333397E+01    0.135552229050676669E+04   -0.558825780571062936E+01   -0.712629058408314719E+01   -0.394410158395378296E+01    0.446470039641992287E+03
    0.130242070193008130E+01    0.142852113974464078E+04   -0.537728554568983519E+01   -0.679822686974944901E+01   -0.391610170581503958E+01    0.446470400828227412E+03
    0.130467859772668127E+01    0.138867281708839596E+04   -0.567674358531408796E+01   -0.747000317349897447E+01   -0.391853932223302159E+01    0.446471120994498904E+03
    0.130374948826620640E+01    0.141723223311077504E+04   -0.545536384140934416E+01   -0.751967056133007006E+01   -0.395914674525374188E+01    0.446471518419982942E+03
    0.130085639160308908E+01    0.153719042320690914E+04   -0.567520532056828753E+01   -0.703615445674697160E+01   -0.410909974887032270E+01    0.446471916123933909E+03
    0.130437613035227695E+01    0.143120291568432253E+04   -0.558312547499383705E+01   -0.701558463643050878E+01   -0.404280016913863349E+01    0.446473025233085821E+03
    0.130208867351114521E+01    0.138462589546706567E+04   -0.518293636738285812E+01   -0.689175219124948590E+01   -0.374077694176920872E+01    0.446473688820113921E+03
    0.130540596413691357E+01    0.144107638181688094E+04   -0.589143273088977537E+01   -0.770122450945242143E+01   -0.411444151603937947E+01    0.446477922998359190E+03
    0.130206260796221196E+01    0.152022086432764013E+04   -0.565336534422002135E+01   -0.746604867053167265E+01   -0.414938724013212745E+01    0.446479670895500135E+03
    0.130594679761478272E+01    0.139172476450711247E+04   -0.577645203147660702E+01   -0.712446461385484575E+01   -0.402216118460518501E+01    0.446480284182675064E+03
    0.130095340033175089E+01    0.150490172928332504E+04   -0.546528047612708789E+01   -0.708909746820418185E+01   -0.398130375318231700E+01    0.446482623280598943E+03
    0.130488223124269864E+01    0.146198483485151633E+04   -0.606915574539301428E+01   -0.744044550091124890E+01   -0.414027660087541527E+01    0.446483928924703719E+03
    0.130028420277104262E+01    0.147884279178283123E+04   -0.524972016026800503E+01   -0.695828380460950413E+01   -0.391008162186089336E+01    0.446484639165915439E+03
    0.130288906932263759E+01    0.148950788117297634E+04   -0.556220550192935193E+01   -0.748799114871066696E+01   -0.408662831394592452E+01    0.446484643087105326E+03
    0.130607346272543667E+01    0.144436740030879787E+04   -0.596645047701103426E+01   -0.757778742127814553E+01   -0.417338402410447173E+01    0.446485639393914369E+03
    0.130013395941129128E+01    0.153092258472217281E+04   -0.567317310367046979E+01   -0.703416231031500150E+01   -0.403929500242109363E+01    0.446486708005157880E+03
    0.130367044917230124E+01    0.143930479516080709E+04   -0.586276179134882280E+01   -0.736530272304703182E+01   -0.399116921722895057E+01    0.446488578213284484E+03
    0.130494197405234935E+01    0.139086147291687234E+04   -0.554510767650134984E+01   -0.694503662123922449E+01   -0.395401172553315128E+01    0.446488939782613215E+03
    0.130012296020148455E+01    0.149333142185052066E+04   -0.535233005360328740E+01   -0.715446854632337015E+01   -0.392614970462919821E+01    0.446489503988400202E+03
    0.130140977466978836E+01    0.149274956779835657E+04   -0.565731154285961590E+01   -0.735056823528036585E+01   -0.398828343653713446E+01    0.446491214667206805E+03
    0.130413583874470618E+01    0.140230301150901573E+04   -0.560133910121991008E+01   -0.685745537762995561E+01   -0.392477693369611025E+01    0.446491345966693416E+03
    0.130349890122631318E+01    0.136395578620483070E+04   -0.513958833993616793E+01   -0.691615883089834682E+01   -0.373919013950107093E+01    0.446493658568125113E+03
    0.130225232689386394E+01    0.146793333776119607E+04   -0.566660927919266832E+01   -0.688707118004777108E+01   -0.397881095453368161E+01    0.446493905377136343E+03
    0.130476118265695940E+01    0.135479630837942568E+04   -0.535907454510170123E+01   -0.712926304033909641E+01   -0.384481792389250288E+01    0.446494008322541276E+03
    0.130606147198864320E+01    0.138759900249519387E+04   -0.580765549706816930E+01   -0.735755123356730767E+01   -0.399149448288701159E+01    0.446495460678627069E+03
    0.130045422002422173E+01    0.149607189314803668E+04   -0.549798123885647172E+01   -0.706769660384842435E+01   -0.393549160021291478E+01    0.446498252493531936E+03
    0.130517375933168989E+01    0.137666587416675588E+04   -0.546120806193077524E+01   -0.712644499676505649E+01   -0.389064657549061366E+01    0.446499261072196646E+03
    0.130162554637755212E+01    0.150215881649576409E+04   -0.568335458852467745E+01   -0.720014262721188469E+01   -0.408979912907558241E+01    0.446499752939520079E+03
    0.130657390752665403E+01    0.137713376715237973E+04   -0.583019268941633140E+01   -0.737516512724761508E+01   -0.400921318099263324E+01    0.446501526428842283E+03
    0.130520762913466748E+01    0.138423099082081239E+04   -0.553393246563954744E+01   -0.723564839288177897E+01   -0.398320230466219272E+01    0.446502129738852375E+03
    0.130091108631885199E+01    0.147637809112521768E+04   -0.548008706322982508E+01   -0.721827590157486831E+01   -0.391529541093012767E+01    0.446502299704865209E+03
    0.129989400801986954E+01    0.151590789862086422E+04   -0.550461447549867167E+01   -0.693423572628919427E+01   -0.399463311615261141E+01    0.446504400420085290E+03
    0.130513026778872021E+01    0.139609267744145973E+04   -0.584121815329173799E+01   -0.714726411968247444E+01   -0.397080669457455038E+01    0.446507729859910000E+03
    0.130424029264801300E+01    0.144466418600590873E+04   -0.549947324666787996E+01   -0.724577435860908725E+01   -0.407043182672258119E+01    0.446509188649848340E+03
    0.130107728314925342E+01    0.141204792758044823E+04   -0.513994926706931299E+01   -0.686177825515560347E+01   -0.374879851870294800E+01    0.446509446576850394E+03
    0.130634408115257816E+01    0.134176105532045813E+04   -0.551678353598882154E+01   -0.716625608613653142E+01   -0.390141497727591435E+01    0.446509980777773990E+03
    0.130035171598240340E+01    0.154418962603724617E+04   -0.556389887245358317E+01   -0.722906730268067577E+01   -0.408436645933714004E+01    0.446510221405693642E+03
    0.130319850931697268E+01    0.148809228781233219E+04   -0.565400351977914806E+01   -0.758216044323506733E+01   -0.413380929862263180E+01    0.446511155990650707E+03
    0.130265769348839289E+01    0.139815494716220678E+04   -0.540154589959748943E+01   -0.691968599282345842E+01   -0.377998458256325698E+01    0.446511458610229397E+03
    0.130352347074081854E+01    0.138522072706433119E+04   -0.551054991327260879E+01   -0.723150545278550627E+01   -0.384534662462174914E+01    0.446512125351985901E+03
    0.130536042280017428E+01    0.135470810570344952E+04   -0.564989549595258200E+01   -0.728588968637650680E+01   -0.385390057474613812E+01    0.446516958224793484E+03
    0.130060096668160119E+01    0.151445818136956950E+04   -0.543884640569358879E+01   -0.717331770507478694E+01   -0.403586672237408806E+01    0.446519437364027169E+03
    0.130358334279470678E+01    0.141896830938867015E+04   -0.573986643592694179E+01   -0.715925470983313605E+01   -0.397057043285300715E+01    0.446519478235979818E+03
    0.130156837033861028E+01    0.151334650287619206E+04   -0.553302819532855050E+01   -0.740088078010996409E+01   -0.408840809921833603E+01    0.446519785551362475E+03
    0.130390411234821935E+01    0.147802710479719781E+04   -0.584494875190864960E+01   -0.718666762526251812E+01   -0.411310809477820793E+01    0.446519876805152364E+03
    0.130388808619018448E+01    0.143946248632047650E+04   -0.587963958966586731E+01   -0.720830608071958334E+01   -0.399636000660055224E+01    0.446519880377765674E+03
    0.130150021304920815E+01    0.146811644598740691E+04   -0.548227581193745639E+01   -0.734834066759339599E+01   -0.395796185849474647E+01    0.446522232884996470E+03
    0.130136428076115118E+01    0.147907808552523557E+04   -0.553324502018722253E+01   -0.693360085884835975E+01   -0.400483714594762397E+01    0.446523874140877297E+03
    0.130505001561852696E+01    0.140842119372908792E+04   -0.564365262723680683E+01   -0.737435599589266921E+01   -0.397046122432047000E+01    0.446526248369980806E+03
    0.130341598400252412E+01    0.146383181393748191E+04   -0.551301493504986162E+01   -0.718061381249455000E+01   -0.408518425131973739E+01    0.446526292815505769E+03
    0.130347287575983573E+01    0.147987340774506174E+04   -0.585454207997259335E+01   -0.741247314454040485E+01   -0.415156695370509166E+01    0.446526990643957163E+03
    0.130265924614115813E+01    0.138142729428352618E+04   -0.519225344073639938E+01   -0.702804366708524064E+01   -0.377421277606768157E+01    0.446527561659634728E+03
    0.130554946763099333E+01    0.134023941956430872E+04   -0.546731756574936956E+01   -0.729301504237850917E+01   -0.384001376881853673E+01    0.446529027401439919E+03
    0.130519448309059505E+01    0.138459527050464158E+04   -0.566061033931137469E+01   -0.720784075565013360E+01   -0.390060771298037601E+01    0.446529543056968578E+03
    0.130324889942800359E+01    0.144542024289156802E+04   -0.572286476602339889E+01   -0.746857381116091368E+01   -0.398028562845526679E+01    0.446530715967724859E+03
    0.130514969567100003E+01    0.137949291338778812E+04   -0.568390344015313431E+01   -0.698099489718781197E+01   -0.393633769307803405E+01    0.446531444617055172E+03
    0.130333423449583496E+01    0.151974613435751303E+04   -0.586817737771570691E+01   -0.733719949056414222E+01   -0.420479511489239233E+01    0.446532561234078742E+03
    0.130105584711880562E+01    0.152209225538851183E+04   -0.564151279458140298E+01   -0.736708782174604604E+01   -0.405210363980115140E+01    0.446534799203646799E+03
    0.130524749812769003E+01    0.138817238450630703E+04   -0.565672468908865156E+01   -0.729765578291586259E+01   -0.400470702907386222E+01    0.446535293252455176E+03
    0.130522837840644779E+01    0.134024688252920600E+04   -0.540738749176447708E+01   -0.714665417495060851E+01   -0.377555289797179228E+01    0.446545248840929105E+03
    0.130284349418376588E+01    0.150205419877961981E+04   -0.560469384161685635E+01   -0.742656707661371307E+01   -0.411612944127860381E+01    0.446545944496557581E+03
    0.130222830028076397E+01    0.139083839782355381E+04   -0.518063494392231672E+01   -0.694968625727148481E+01   -0.373273605943501074E+01    0.446547495223524209E+03
    0.130327493756124602E+01    0.144126270835726814E+04   -0.537056033859050430E+01   -0.705722008774636222E+01   -0.398289485939686827E+01    0.446549586659376303E+03
    0.130329133878794390E+01    0.148142621879462627E+04   -0.563379705608331349E+01   -0.719636543095569259E+01   -0.413480445726113022E+01    0.446550060673170663E+03
    0.130682871230303332E+01    0.138090589495361473E+04   -0.583176683236343685E+01   -0.742316610656069997E+01   -0.404600502557688824E+01    0.446550942133399928E+03
    0.130256117700844953E+01    0.146004019684648961E+04   -0.534699947812957710E+01   -0.719832868694248429E+01   -0.400348550995229413E+01    0.446551772618658106E+03
    0.130423303892945541E+01    0.148112902597410903E+04   -0.578680124761458980E+01   -0.768827057510639467E+01   -0.416425906274269408E+01    0.446552245060280882E+03
    0.130379261465983465E+01    0.139384972358501909E+04   -0.528458866622510648E+01   -0.726101022980992816E+01   -0.389258145884764595E+01    0.446559510481195844E+03
    0.130379915425926862E+01    0.138557597578662171E+04   -0.548557247394619463E+01   -0.723364711233870139E+01   -0.382387401628234258E+01    0.446564564652878801E+03
    0.130378056674944176E+01    0.144027627047249030E+04   -0.556003869527727357E+01   -0.714660212694632602E+01   -0.397761504639015229E+01    0.446565205427516503E+03
    0.130321496502427969E+01    0.149237606188951531E+04   -0.562158214120647415E+01   -0.754616403012148673E+01   -0.412373069684774407E+01    0.446566014489725717E+03
    0.130347258194562499E+01    0.140347462472350367E+04   -0.554389929716382923E+01   -0.702367598594722775E+01   -0.384160816143994133E+01    0.446566906618439020E+03
    0.130031315165159667E+01    0.147765665204758238E+04   -0.541051759339266791E+01   -0.707013583973472848E+01   -0.391132110074228834E+01    0.446567297575919952E+03
    0.130438303517663723E+01    0.142517586058888310E+04   -0.561514188637821210E+01   -0.699692131681425256E+01   -0.400680326209049209E+01    0.446568053235735647E+03
    0.130617045186633263E+01    0.143485296994354621E+04   -0.589545449175865954E+01   -0.762115081037165165E+01   -0.417176050381436525E+01    0.446572048252120112E+03
    0.130342982223227999E+01    0.148320490417073802E+04   -0.596221517320823224E+01   -0.751853017331876039E+01   -0.412600657290274064E+01    0.446575186044949646E+03
    0.130436551654919519E+01    0.137569104975986374E+04   -0.545228295278827524E+01   -0.687977944647147144E+01   -0.384335113277377971E+01    0.446576418243001569E+03
    0.130288442191977172E+01    0.153096948698050960E+04   -0.587301003323172921E+01   -0.745251441105877444E+01   -0.419937200393253551E+01    0.446577079740874126E+03
    0.130456491135047981E+01    0.136766857428853837E+04   -0.557626774619120358E+01   -0.693080172815610496E+01   -0.383614652518440558E+01    0.446577534478730229E+03
    0.130164732218539370E+01    0.142751183332175538E+04   -0.525619407219909629E+01   -0.704264938523948381E+01   -0.380724871883413662E+01    0.446580178547066453E+03
    0.130373786158071381E+01    0.141939426772235720E+04   -0.544427228834354260E+01   -0.693631354233672681E+01   -0.393485176964484040E+01    0.446582874020699421E+03
    0.130124797352450772E+01    0.141426103080612575E+04   -0.528531247193122056E+01   -0.674764305714308055E+01   -0.376465076150585709E+01    0.446583269792575436E+03
    0.130150985986287715E+01    0.141694837745370455E+04   -0.538258125636768892E+01   -0.679286025131728444E+01   -0.379945104228074371E+01    0.446584835588495082E+03
    0.130511414910009638E+01    0.133702620705462186E+04   -0.534803683778286576E+01   -0.700933441814980451E+01   -0.380276107505846284E+01    0.446584933799865723E+03
    0.130240692452935392E+01    0.142339837422036817E+04   -0.538969646107152744E+01   -0.673896645533307304E+01   -0.387518229186042795E+01    0.446587086523376001E+03
    0.130502398386051222E+01    0.144679359201915008E+04   -0.582437213696808520E+01   -0.733812982450139639E+01   -0.409496324080961838E+01    0.446588818386398088E+03
    0.130445128178805914E+01    0.144667686891008520E+04   -0.562878204926802717E+01   -0.714094087302276392E+01   -0.409212063944843418E+01    0.446589339481298282E+03
    0.130488041908112096E+01    0.142848087321340631E+04   -0.568724263731138358E+01   -0.746488725789020435E+01   -0.409977909915727690E+01    0.446589975065061310E+03
    0.130475880966141533E+01    0.145122459581003727E+04   -0.570994334521004188E+01   -0.726042785359281417E+01   -0.414159218586401323E+01    0.446590783441253791E+03
    0.130364986185481424E+01    0.141825110716151585E+04   -0.564060865981347259E+01   -0.686892748956614785E+01   -0.395268553850866589E+01    0.446596607849588281E+03
    0.130146902044459067E+01    0.142647280878456218E+04   -0.530410242884537997E+01   -0.703268403917846019E+01   -0.384465349129151512E+01    0.446596971373124688E+03
    0.130307706949932123E+01    0.150453097848748303E+04   -0.566802251233004295E+01   -0.747050912469177231E+01   -0.413346803593183676E+01    0.446596991461849314E+03
    0.130576833532277492E+01    0.139646920326475174E+04   -0.571980927629586944E+01   -0.727506600827678529E+01   -0.399889467162858026E+01    0.446598530013083916E+03
    0.130359519165258342E+01    0.134782377361877411E+04   -0.518609804118171880E+01   -0.696613020264296523E+01   -0.371320690644468598E+01    0.446598747644750688E+03
    0.130149895811894067E+01    0.148161696448976022E+04   -0.571299477901909114E+01   -0.724683020600938477E+01   -0.398606456185647673E+01    0.446604610473610592E+03
    0.130201450914399497E+01    0.141044794968994893E+04   -0.516221562263435185E+01   -0.691804118767247278E+01   -0.378837602947157670E+01    0.446606970541025987E+03
    0.130244964500531424E+01    0.143452545746322448E+04   -0.524959510749526270E+01   -0.721539873232304441E+01   -0.390292969637445886E+01    0.446607815722030466E+03
    0.130382993026398220E+01    0.142204737511651160E+04   -0.576268182245165939E+01   -0.696437976358472355E+01   -0.395553283654878385E+01    0.446609917962667112E+03
    0.130612705546848096E+01    0.141141957008415102E+04   -0.585398837473613831E+01   -0.750107191990464628E+01   -0.407019708144063141E+01    0.446612290020601449E+03
    0.130635815040389058E+01    0.139392376441565148E+04   -0.567432826334777207E+01   -0.750598152100799787E+01   -0.406647743609750112E+01    0.446613562086511422E+03
    0.130426884131417031E+01    0.137397903574950033E+04   -0.557164754517740768E+01   -0.727946376404800599E+01   -0.384732283918328655E+01    0.446614331333590201E+03
    0.130147931672790373E+01    0.147796799726371205E+04   -0.559038868691690016E+01   -0.731854876633893880E+01   -0.395879216167893588E+01    0.446614683530540333E+03
    0.130522076679122101E+01    0.136178163169849176E+04   -0.544128354142242809E+01   -0.698696686091746955E+01   -0.385383447813283020E+01    0.446615187291824270E+03
    0.130174870343345073E+01    0.150226857993251997E+04   -0.549519319821857799E+01   -0.728211890640417625E+01   -0.408097568415329004E+01    0.446615837546773037E+03
    0.130036830201165210E+01    0.144212984838329430E+04   -0.525779935014431921E+01   -0.684002095282428701E+01   -0.378411653737840226E+01    0.446616410675026259E+03
    0.130440424985364856E+01    0.148161605837456136E+04   -0.586014456697398511E+01   -0.727601219588794823E+01   -0.419142687580698148E+01    0.446619115171060855E+03
    0.130124142671942056E+01    0.143791854084265447E+04   -0.520432397019684068E+01   -0.689620974891360383E+01   -0.382088402281124040E+01    0.446621511922894115E+03
    0.130368055209686928E+01    0.144377371585709921E+04   -0.555329616397266523E+01   -0.760391302096897626E+01   -0.401641148791282099E+01    0.446621950292421616E+03
    0.130395626854491309E+01    0.144146171465563248E+04   -0.560459650794652298E+01   -0.700376411424164669E+01   -0.405057543745820059E+01    0.446623514622192602E+03
    0.130385839521213764E+01    0.146029836102308946E+04   -0.561854139108831507E+01   -0.711468105357584779E+01   -0.406612923238050428E+01    0.446625802797371932E+03
    0.130310706050972702E+01    0.139170255839137053E+04   -0.534678699334897534E+01   -0.719508186531102911E+01   -0.379164722788019759E+01    0.446628948897713315E+03
    0.130199608467927175E+01    0.145726095206492732E+04   -0.549390253151339980E+01   -0.738354580573357211E+01   -0.393589950396119193E+01    0.446629315254191340E+03
    0.130496783585777321E+01    0.139067177176052246E+04   -0.576074331702782239E+01   -0.713313622182922380E+01   -0.397403665587640198E+01    0.446629413204786886E+03
    0.130322433586307529E+01    0.149559494311168601E+04   -0.593971411241942882E+01   -0.718006805281024629E+01   -0.413752612346583692E+01    0.446632580125526943E+03
    0.130525058202853717E+01    0.145453451294374099E+04   -0.601463557713576424E+01   -0.732341567062816612E+01   -0.416025680417928623E+01    0.446634737130013889E+03
    0.130467666611358868E+01    0.140290180625674566E+04   -0.576592819256762024E+01   -0.705909976590871135E+01   -0.398738505926071873E+01    0.446636559402540627E+03
    0.130139304476341944E+01    0.149386331374480960E+04   -0.565604432559837544E+01   -0.687784089862604020E+01   -0.401460471117321038E+01    0.446637504143958893E+03
    0.130447195648573189E+01    0.137977410939653441E+04   -0.563641970485818167E+01   -0.708204236224401917E+01   -0.390578840594843690E+01    0.446637655610383149E+03
    0.130558875851853995E+01    0.139425619140301910E+04   -0.579839585161209659E+01   -0.712240359165055370E+01   -0.398883398723864246E+01    0.446639627378489593E+03
    0.130605344458428219E+01    0.137484282196228014E+04   -0.574172888601497355E+01   -0.753965986577452618E+01   -0.397671866302225041E+01    0.446640543231500885E+03
    0.130331159797954466E+01    0.151371707415770402E+04   -0.585810797375033943E+01   -0.751505229233480332E+01   -0.421737231281591374E+01    0.446640851493902517E+03
    0.130496953527736692E+01    0.134734972519849998E+04   -0.538066160861701448E+01   -0.728456956545957990E+01   -0.381359595592990175E+01    0.446643181679503869E+03
    0.130212694371162785E+01    0.138561077776709567E+04   -0.524461569878282319E+01   -0.684884004710532679E+01   -0.372764271595790930E+01    0.446643269675270687E+03
    0.130036015750053791E+01    0.146503571106651043E+04   -0.541560798552742995E+01   -0.685710819286356799E+01   -0.385962343392647966E+01    0.446643685215145581E+03
    0.130380471200861847E+01    0.147107591200785964E+04   -0.583659288197269621E+01   -0.720586186058542033E+01   -0.407563391062170410E+01    0.446644082642493515E+03
    0.130344271676865020E+01    0.138199813397898629E+04   -0.541231367597248347E+01   -0.691062445986612239E+01   -0.377950670514586129E+01    0.446645088832943316E+03
    0.130371893700394748E+01    0.142984208231577691E+04   -0.576552755195197886E+01   -0.704191181665420540E+01   -0.395652829277116247E+01    0.446648239324299141E+03
    0.130432827668532991E+01    0.144295245621999925E+04   -0.553906655832329431E+01   -0.723136651292695376E+01   -0.404434529253243191E+01    0.446649017228651758E+03
    0.130114681091183493E+01    0.153758930639451864E+04   -0.581510945160632797E+01   -0.723994506889066614E+01   -0.412208054834530735E+01    0.446649175608486757E+03
    0.130267783472713505E+01    0.139763960898045002E+04   -0.528960852329022746E+01   -0.696672293686426869E+01   -0.378126764992193287E+01    0.446651281482192928E+03
    0.130088007400772154E+01    0.153483425234867514E+04   -0.556665404914933859E+01   -0.713934498582099586E+01   -0.408500798392768161E+01    0.446653424957410550E+03
    0.130500260409368529E+01    0.145398912953318586E+04   -0.589687676604629551E+01   -0.735372958582775027E+01   -0.417133358082390249E+01    0.446655406040664843E+03
    0.130504533317332250E+01    0.145029509661527959E+04   -0.590287896510339483E+01   -0.730656856118252573E+01   -0.411002372082777434E+01    0.446656314694594585E+03
    0.130129513615466186E+01    0.144574137364317403E+04   -0.528235580075071187E+01   -0.717081861524361219E+01   -0.386346265237540720E+01    0.446658610200414046E+03
    0.129995582976479107E+01    0.149516101259867219E+04   -0.537956372162682506E+01   -0.695296104808612281E+01   -0.393818187967265310E+01    0.446659374459528465E+03
    0.130517859667977398E+01    0.146689723868426699E+04   -0.596878866920656925E+01   -0.762106383337266458E+01   -0.418955002674208465E+01    0.446659831536268257E+03
    0.130565800271309573E+01    0.144626915899273536E+04   -0.596455651886825500E+01   -0.755057751392956256E+01   -0.418343235056374141E+01    0.446661867169769607E+03
    0.130382850662575667E+01    0.137972039370952461E+04   -0.538132416447517770E+01   -0.718295177134749441E+01   -0.386463824918726573E+01    0.446661965450463697E+03
    0.130536705411846499E+01    0.137852340552805026E+04   -0.573287065080625347E+01   -0.743211781872097532E+01   -0.394479340931062872E+01    0.446663107615082481E+03
    0.130369872690162558E+01    0.146337261033314417E+04   -0.559035643492236023E+01   -0.731912079684963679E+01   -0.411168280961460386E+01    0.446663570292361896E+03
    0.130167936683408780E+01    0.144128917549564812E+04   -0.547950495050144948E+01   -0.691497374899290485E+01   -0.384530249507564825E+01    0.446664488892119891E+03
    0.130468227635349243E+01    0.145278186974029131E+04   -0.603542772400391492E+01   -0.743504720056361101E+01   -0.411101694574022591E+01    0.446668459565498779E+03
    0.130326188659166697E+01    0.138489004279827509E+04   -0.546327727400438512E+01   -0.718558264052071394E+01   -0.380821378085562934E+01    0.446668486019055479E+03
    0.130468301410881704E+01    0.135590588509926738E+04   -0.526675448821563386E+01   -0.719160507474647659E+01   -0.381989211573652199E+01    0.446671035724707110E+03
    0.130613726465733682E+01    0.133649763566707725E+04   -0.550638117074042022E+01   -0.720846589693235540E+01   -0.386614144573941942E+01    0.446671356584789805E+03
    0.130126452834942130E+01    0.149398767438236655E+04   -0.560390938912946890E+01   -0.689337820033688242E+01   -0.398584078461130886E+01    0.446672266425549765E+03
    0.130065597190171278E+01    0.153486587194330832E+04   -0.554429797855107509E+01   -0.714426546658672379E+01   -0.407166021051638349E+01    0.446673211601100775E+03
    0.130425762088714881E+01    0.146834070143361282E+04   -0.603230832146490492E+01   -0.736955818377275484E+01   -0.414038512097082645E+01    0.446674890774660128E+03
    0.130375276675239804E+01    0.141145499986021377E+04   -0.565125108424438416E+01   -0.724563950251052535E+01   -0.396196976337892437E+01    0.446676713226931838E+03
    0.130324510454587061E+01    0.138363858999426748E+04   -0.546567538539362108E+01   -0.691589139669686315E+01   -0.377778639040804620E+01    0.446677267652073056E+03
    0.130405869182369560E+01    0.139275219376830910E+04   -0.529150274922397834E+01   -0.702663009773396574E+01   -0.389011338388507788E+01    0.446678562370808208E+03
    0.130361101221832310E+01    0.146461755987724837E+04   -0.568809944154839098E+01   -0.764581645546235400E+01   -0.406316199837487346E+01    0.446683873942922389E+03
    0.130564037670015942E+01    0.142455571918001306E+04   -0.565466448924189802E+01   -0.746066932306622466E+01   -0.410008211380571908E+01    0.446684672165212305E+03
    0.130529726895565923E+01    0.137629404539329562E+04   -0.543303183491361974E+01   -0.742515003872298163E+01   -0.393207640306115991E+01    0.446686080242286152E+03
    0.130471318929378599E+01    0.144894651496473216E+04   -0.582424778359002104E+01   -0.761127427507154497E+01   -0.413395995949229889E+01    0.446687019926947357E+03
    0.130176078583530375E+01    0.143004964896202750E+04   -0.548311576228927677E+01   -0.681865291373179705E+01   -0.386258052974598698E+01    0.446688830436636181E+03
    0.130432574993009887E+01    0.144977671307851165E+04   -0.580650158267569427E+01   -0.766141146209347745E+01   -0.408558840951015512E+01    0.446688836344472520E+03
    0.130372127336075705E+01    0.141686787783205205E+04   -0.555292308242177501E+01   -0.745438069382166546E+01   -0.392275859504252722E+01    0.446691525185940407E+03
    0.130435593545052253E+01    0.147364103667328186E+04   -0.574730071096360984E+01   -0.731071246447040579E+01   -0.417188785582818333E+01    0.446693025892127196E+03
    0.130382286503006739E+01    0.141157315129573954E+04   -0.566096576794730932E+01   -0.733950913045386333E+01   -0.390429117787096125E+01    0.446694997201802039E+03
    0.130350908446908265E+01    0.145997614909873573E+04   -0.550950488962067553E+01   -0.736431004385276999E+01   -0.403432544541523086E+01    0.446696264265745697E+03
    0.130221617972810288E+01    0.153633606503261717E+04   -0.585658030325429557E+01   -0.728346775359681953E+01   -0.419013952215988006E+01    0.446697548849297789E+03
    0.130495281830957599E+01    0.140824217705513865E+04   -0.546721586866760312E+01   -0.740996065674819970E+01   -0.400228059531018410E+01    0.446700447642111442E+03
    0.130590480347425064E+01    0.136381678416073692E+04   -0.554561480504643711E+01   -0.748143817195790639E+01   -0.391640067824783245E+01    0.446701731276183523E+03
    0.130342059386320930E+01    0.137392782953457481E+04   -0.541006478743090824E+01   -0.714918112974456044E+01   -0.377220970961412050E+01    0.446701761816865996E+03
    0.130514288724474303E+01    0.143848186148104173E+04   -0.585324946483208297E+01   -0.718887567121248150E+01   -0.410581150996467947E+01    0.446705685854140256E+03
    0.130580432345767528E+01    0.134803967504451566E+04   -0.561165045522620876E+01   -0.712041733728605841E+01   -0.386722593203418441E+01    0.446707173731891487E+03
    0.130304920365518528E+01    0.136209578437800928E+04   -0.520202877736870573E+01   -0.695690572934236862E+01   -0.370906518043416611E+01    0.446711478716570753E+03
    0.130335705217972042E+01    0.148330102563781725E+04   -0.577056281513439018E+01   -0.763563250552846995E+01   -0.411879751641276126E+01    0.446711945135120516E+03
    0.130052637101744151E+01    0.151496554075230029E+04   -0.568721192927241237E+01   -0.706904783069705278E+01   -0.400760252815113205E+01    0.446715794698138438E+03
    0.130437935364003188E+01    0.144334111271206848E+04   -0.573909832942007814E+01   -0.730023876146628758E+01   -0.402355384926358273E+01    0.446715964900749270E+03
    0.130469727339666974E+01    0.140567220299619066E+04   -0.564859786882445292E+01   -0.727443522041519763E+01   -0.394198892666664946E+01    0.446715979191553458E+03
    0.130389014652986779E+01    0.146426777838697785E+04   -0.574122776181340733E+01   -0.735020269409320903E+01   -0.413434184239578251E+01    0.446716341850557740E+03
    0.130576436845800870E+01    0.138972935939783201E+04   -0.569240955822764239E+01   -0.712361006757193493E+01   -0.401073644307571531E+01    0.446716734907237253E+03
    0.130160330687002102E+01    0.141987269330054301E+04   -0.533749698744595147E+01   -0.699240289115776559E+01   -0.382596686179619105E+01    0.446717729592780984E+03
    0.130498641296517515E+01    0.145880669649500601E+04   -0.585294055099117472E+01   -0.729675724232805134E+01   -0.414681839624973492E+01    0.446720114919707896E+03
    0.130448250058852167E+01    0.141757230697353839E+04   -0.567829147308332427E+01   -0.756438803071542409E+01   -0.398419541927702525E+01    0.446726725603425791E+03
    0.130205945298161407E+01    0.145112675364333813E+04   -0.565708458781791457E+01   -0.713296643997488644E+01   -0.391063919077391198E+01    0.446730769048175489E+03
    0.130434265593824961E+01    0.143307255675457600E+04   -0.559688700102627568E+01   -0.704090839780457856E+01   -0.404143425106520482E+01    0.446731553364845752E+03
    0.130571905255684251E+01    0.143272720854831164E+04   -0.582765012928514992E+01   -0.766126145765136535E+01   -0.413623588125393749E+01    0.446733134931132213E+03
    0.130387375837730146E+01    0.146119236587737987E+04   -0.564735393051328849E+01   -0.721698548574559151E+01   -0.405389936641861315E+01    0.446736094326368118E+03
    0.130261151617114646E+01    0.147949282538039120E+04   -0.578385635662557807E+01   -0.734615261517156792E+01   -0.408333857709987047E+01    0.446738001019085516E+03
    0.130496888527456423E+01    0.142743287555466782E+04   -0.593146498688339818E+01   -0.722201867854959101E+01   -0.407427644603417694E+01    0.446739514817958138E+03
    0.130454781136286790E+01    0.142153841276260937E+04   -0.551877158439143134E+01   -0.719669597828810392E+01   -0.404135598431524024E+01    0.446742910819591373E+03
    0.130542719513648819E+01    0.139315832811215932E+04   -0.560156409121565879E+01   -0.751784533038395075E+01   -0.400955371325054699E+01    0.446743905509402737E+03
    0.130294993691102845E+01    0.139563067732623063E+04   -0.534055174475564431E+01   -0.680023711122508967E+01   -0.384306954769787801E+01    0.446743967255865471E+03
    0.130499709040923717E+01    0.146492372178482856E+04   -0.585040771542341087E+01   -0.763477315686922342E+01   -0.418536597548781497E+01    0.446745650232788535E+03
    0.130193248995991540E+01    0.146934294721811511E+04   -0.562283880635488043E+01   -0.729139349805516179E+01   -0.395243392731069321E+01    0.446746277238972880E+03
    0.130360197096943331E+01    0.138019109581544944E+04   -0.532022841687714543E+01   -0.686134359953453465E+01   -0.383880780061649318E+01    0.446747039128573249E+03
    0.130428348574413500E+01    0.139870602376249690E+04   -0.559297721622379918E+01   -0.705514976064537347E+01   -0.391554464852059425E+01    0.447325781873290168E+03
    0.130311492859143052E+01    0.143427220940771690E+04   -0.553670015521190351E+01   -0.738015772984976515E+01   -0.392518172724747672E+01    0.447035870831567877E+03
    0.130559928351086785E+01    0.138514673970050308E+04   -0.563140132515958669E+01   -0.743526966787228272E+01   -0.397800902164178716E+01    0.447122171074896812E+03
    0.130366529348832705E+01    0.137786898252398987E+04   -0.531813520669439832E+01   -0.690840655476576160E+01   -0.381638151017718563E+01    0.447091678804726712E+03
    0.130270815465439815E+01    0.138251179088830486E+04   -0.524496905753458620E+01   -0.688452963014726649E+01   -0.377183852605991987E+01    0.446936670820246832E+03
    0.130425633154045229E+01    0.141147504272128663E+04   -0.567109923613107547E+01   -0.716967658149068399E+01   -0.396948706588243461E+01    0.447605481473521252E+03
    0.130425633154045229E+01    0.141147504272128663E+04   -0.567109923613107547E+01   -0.716967658149068399E+01   -0.396948706588243461E+01    0.447605481473521252E+03
    0.130438047897412202E+01    0.141169574337939912E+04   -0.566801350441201190E+01   -0.709314393706062241E+01   -0.398586571665504152E+01    0.447381182311614566E+03
    0.130352429220407684E+01    0.143120096059018238E+04   -0.573547846744295331E+01   -0.698902218406903586E+01   -0.398046736796489675E+01    0.446979199866921306E+03
    0.130171221981174612E+01    0.148234360036414114E+04   -0.547538856845621513E+01   -0.706551915379661288E+01   -0.401282216875559961E+01    0.447298697229748257E+03
    0.130371086340481601E+01    0.139260206921018425E+04   -0.528670621613639291E+01   -0.696775115645761733E+01   -0.385590624882803112E+01    0.446856508949945464E+03
    0.130415519146864467E+01    0.144443967006519961E+04   -0.568567580743315393E+01   -0.729026725319449476E+01   -0.404039541751168940E+01    0.447724799671533333E+03
    0.130415519146864467E+01    0.144443967006519961E+04   -0.568567580743315393E+01   -0.729026725319449476E+01   -0.404039541751168940E+01    0.447724799671533333E+03
    0.130188770974495194E+01    0.144674283141902242E+04   -0.547389787855056476E+01   -0.700158666339498037E+01   -0.390306387976016111E+01    0.447487411222919491E+03
    0.130188770974495194E+01    0.144674283141902242E+04   -0.547389787855056476E+01   -0.700158666339498037E+01   -0.390306387976016111E+01    0.447487411222919491E+03
    0.130379790650467653E+01    0.144219734197537855E+04   -0.548923229432370263E+01   -0.736020429129598597E+01   -0.400522210886877783E+01    0.447023971335053432E+03
    0.130200102083531100E+01    0.153181865661676625E+04   -0.579843936997071818E+01   -0.739786428367199189E+01   -0.416460625110815652E+01    0.446946564658029672E+03
    0.130496611383750150E+01    0.141333648050348211E+04   -0.581478325223267500E+01   -0.749277569587237480E+01   -0.401510047522477365E+01    0.447038643725579448E+03
    0.130340863810182683E+01    0.141033696182078393E+04   -0.548826955703869768E+01   -0.715418059759550040E+01   -0.393146783341754968E+01    0.447142716242645974E+03
    0.130444582045832114E+01    0.140266017740396956E+04   -0.564353694247101068E+01   -0.734756591934049474E+01   -0.393466877334312848E+01    0.447345397794507960E+03
    0.130444582045832114E+01    0.140266017740396956E+04   -0.564353694247101068E+01   -0.734756591934049474E+01   -0.393466877334312848E+01    0.447345397794507960E+03
    0.130469584533088701E+01    0.144707518186996117E+04   -0.569647788505252262E+01   -0.724455685790103665E+01   -0.411596303537515240E+01    0.446933934942821452E+03
    0.130285899788671489E+01    0.146993273938884749E+04   -0.580806793475898342E+01   -0.734980375022445820E+01   -0.404177132461623767E+01    0.447174607726912711E+03
    0.130328284869599997E+01    0.148372512706558905E+04   -0.567061867632314964E+01   -0.736220566047463443E+01   -0.413661988400012781E+01    0.446965874190934699E+03
    0.130284009978800785E+01    0.148568223669017243E+04   -0.576410587319097090E+01   -0.736747808291246997E+01   -0.407982418979729999E+01    0.447388510011307574E+03
    0.130538504211635797E+01    0.142573679938338955E+04   -0.589602329463929831E+01   -0.744236604486646236E+01   -0.408301831966913564E+01    0.447082271645013236E+03
    0.130192132696666030E+01    0.149354750088663354E+04   -0.557999559201423789E+01   -0.734359057113858960E+01   -0.404624200106884757E+01    0.447330227644281138E+03
    0.130472871894238551E+01    0.141269691487359160E+04   -0.554534674750087664E+01   -0.756565226611206754E+01   -0.399712313312523015E+01    0.446808303507788821E+03
    0.130349882214406732E+01    0.138886967479989426E+04   -0.540845911704809712E+01   -0.713153955301677289E+01   -0.383927953031698621E+01    0.447352390570444129E+03
    0.130349882214406732E+01    0.138886967479989426E+04   -0.540845911704809712E+01   -0.713153955301677289E+01   -0.383927953031698621E+01    0.447352390570444129E+03
    0.130244811803898197E+01    0.143412966194758724E+04   -0.539584655235054811E+01   -0.695096238990734783E+01   -0.389734613965379495E+01    0.447462608444085220E+03
    0.130423391499638508E+01    0.140693566089498745E+04   -0.557020592668975834E+01   -0.738448595353667159E+01   -0.396150169338448421E+01    0.447316180578702756E+03
    0.130452720478933615E+01    0.145053120741892917E+04   -0.588067044047340470E+01   -0.716165787131850085E+01   -0.409011729657024414E+01    0.446841391542244196E+03
    0.130335092129194097E+01    0.141043324940811681E+04   -0.552961218570732882E+01   -0.695879882602159316E+01   -0.388648451015850149E+01    0.447339928659597263E+03
    0.130390669941860038E+01    0.141817428737649698E+04   -0.556694733588522706E+01   -0.714965130565186957E+01   -0.392867571681130023E+01    0.447117827136695496E+03
    0.130349146407075400E+01    0.144064514497679784E+04   -0.563476539177991587E+01   -0.718072731419459132E+01   -0.402905210245898626E+01    0.447349461519073827E+03
    0.130349146407075400E+01    0.144064514497679784E+04   -0.563476539177991587E+01   -0.718072731419459132E+01   -0.402905210245898626E+01    0.447349461519073827E+03
    0.130362084020767566E+01    0.147188403232286328E+04   -0.592514007401173526E+01   -0.747680307329213267E+01   -0.408858038836231685E+01    0.446894127744266314E+03
    0.130409729998407986E+01    0.135640643375831428E+04   -0.530805832442553172E+01   -0.714806860488439266E+01   -0.378448934560338657E+01    0.446803729414606835E+03
    0.130414501751533640E+01    0.142809409148424288E+04   -0.563750090312361696E+01   -0.706408695514777651E+01   -0.402132767954938686E+01    0.447270049163545991E+03
    0.130438693490877600E+01    0.140830622844120808E+04   -0.552967040380873254E+01   -0.727383908741061358E+01   -0.396311679220087498E+01    0.447602833333372075E+03
    0.130438693490877600E+01    0.140830622844120808E+04   -0.552967040380873254E+01   -0.727383908741061358E+01   -0.396311679220087498E+01    0.447602833333372075E+03
    0.130253546517792618E+01    0.139838495909847211E+04   -0.532462309092130859E+01   -0.683756644408141945E+01   -0.381588118624877382E+01    0.446982724249313719E+03
    0.130602273389120649E+01    0.136046351912342288E+04   -0.552499827064809068E+01   -0.735221925826105682E+01   -0.392884140150558991E+01    0.446897983955959774E+03
    0.130476632223685418E+01    0.136461963837163557E+04   -0.547878854096246926E+01   -0.697810049786246989E+01   -0.386973299362384004E+01    0.446766843567225465E+03
    0.130476931799857376E+01    0.136175914084915394E+04   -0.549686153587543913E+01   -0.713638958603533169E+01   -0.384967933346002411E+01    0.447126256158055526E+03
    0.130087597303849622E+01    0.153905656167601296E+04   -0.567580409425064047E+01   -0.725476343699680282E+01   -0.410763188102440413E+01    0.446786907638380967E+03
    0.130368327377524684E+01    0.138331168053144620E+04   -0.540874796303522221E+01   -0.707156790647077482E+01   -0.382017792800724720E+01    0.447381738451873616E+03
    0.130245176152089948E+01    0.146056427584866947E+04   -0.560160103362290940E+01   -0.711744075771883900E+01   -0.399878048953752163E+01    0.447705707438990885E+03
    0.130245176152089948E+01    0.146056427584866947E+04   -0.560160103362290940E+01   -0.711744075771883900E+01   -0.399878048953752163E+01    0.447705707438990885E+03
    0.130284272149102343E+01    0.144072831828807034E+04   -0.566276936123564045E+01   -0.733206649647610220E+01   -0.393201294749481889E+01    0.446789266893825356E+03
    0.130289146412221801E+01    0.149307355559468442E+04   -0.559977398755663547E+01   -0.721956548406791043E+01   -0.411125789729998825E+01    0.446951609387629162E+03
    0.130088989642188935E+01    0.144368206654118399E+04   -0.534820296964271691E+01   -0.686931204475672086E+01   -0.380727968687481422E+01    0.446755477650604803E+03
    0.130258198779408363E+01    0.141579005805672023E+04   -0.539842926240621512E+01   -0.703406296054079672E+01   -0.383157973784878081E+01    0.446847778109917556E+03
    0.130395976333149455E+01    0.144199246580754266E+04   -0.581415529500197970E+01   -0.730800514370745979E+01   -0.404100093919859127E+01    0.447488987250106788E+03
    0.130258128046504851E+01    0.149026372235763870E+04   -0.577305964419227102E+01   -0.718455639327882345E+01   -0.406247674646949175E+01    0.447239482165241384E+03
    0.130424230936610730E+01    0.141765687740524390E+04   -0.549191901579574537E+01   -0.734305292348551220E+01   -0.397756666002055681E+01    0.447342090887660561E+03
    0.130450455639062990E+01    0.142443109080889280E+04   -0.568194730695222461E+01   -0.758001011222773347E+01   -0.399572300242331302E+01    0.446816650713242211E+03
    0.130278863354817842E+01    0.147189380921341535E+04   -0.555622323555876907E+01   -0.713352015344308832E+01   -0.406588388256501343E+01    0.447137840195301408E+03
    0.130375957636634743E+01    0.139239543329568187E+04   -0.546274187636472597E+01   -0.697712990793243826E+01   -0.385486735668208702E+01    0.447347605963618321E+03
    0.130226899296187471E+01    0.145673842654497639E+04   -0.553063396290270948E+01   -0.704879976483840665E+01   -0.396401745322260979E+01    0.447670189047322083E+03
    0.130159837591034178E+01    0.144143764514698842E+04   -0.540491047658736701E+01   -0.689505322186257619E+01   -0.385736750164214648E+01    0.447223065126024380E+03
    0.130259271889036410E+01    0.145156862612047371E+04   -0.563944347896504095E+01   -0.702013659417773361E+01   -0.398248517652556089E+01    0.447436924282646487E+03
    0.130350317942696980E+01    0.136916763836714904E+04   -0.529347296169555914E+01   -0.697951823353101553E+01   -0.376996957383503606E+01    0.447094095277138251E+03
    0.130183164598526968E+01    0.147762898881940805E+04   -0.557722613226583519E+01   -0.710727804178039424E+01   -0.398053601923182754E+01    0.447411695245692613E+03
    0.130288473885959188E+01    0.145525441169524174E+04   -0.571165260031884614E+01   -0.718228379368407488E+01   -0.398290203755564320E+01    0.447241935133620132E+03
    0.130288473885959188E+01    0.145525441169524174E+04   -0.571165260031884614E+01   -0.718228379368407488E+01   -0.398290203755564320E+01    0.447241935133620132E+03
    0.130478986989986723E+01    0.142273621667696625E+04   -0.590071976374388907E+01   -0.736192708004714280E+01   -0.402993233071721413E+01    0.446999701532565666E+03
    0.130250208513382426E+01    0.141214302320616753E+04   -0.553988393009373237E+01   -0.695097116194468345E+01   -0.383121334811169234E+01    0.446798387290991741E+03
    0.130252716682329761E+01    0.151085715918290930E+04   -0.573816246104390171E+01   -0.722318781282929212E+01   -0.411402683593474894E+01    0.446846992721756919E+03
    0.130183297838003664E+01    0.143245947755765633E+04   -0.537612884203274533E+01   -0.697490651489685654E+01   -0.384152116709313951E+01    0.447283297804615870E+03
    0.130183297838003664E+01    0.143245947755765633E+04   -0.537612884203274533E+01   -0.697490651489685654E+01   -0.384152116709313951E+01    0.447283297804615870E+03
    0.130246580875445650E+01    0.143188143477134099E+04   -0.564855207397915748E+01   -0.698897495182602491E+01   -0.391363030687003643E+01    0.446785347207217342E+03
    0.130369111027537166E+01    0.142144612795116927E+04   -0.567959663534711989E+01   -0.700682538730266735E+01   -0.394210822799323601E+01    0.447178391888954309E+03
    0.130297278783803883E+01    0.144967789559552511E+04   -0.570995167598830911E+01   -0.713582970472582456E+01   -0.395942793597805576E+01    0.446970414897282524E+03
    0.130459435767042509E+01    0.144818914974244467E+04   -0.566731339986037685E+01   -0.735469766298137362E+01   -0.409672206650695436E+01    0.447219120972490146E+03
    0.130256591821756107E+01    0.140863033902376810E+04   -0.543806628235488088E+01   -0.686020805271045386E+01   -0.383653109445254437E+01    0.447102502096688852E+03
    0.130410340281797721E+01    0.146951760066286215E+04   -0.570742170720855047E+01   -0.761819713856940961E+01   -0.412011782983984709E+01    0.446803904695771109E+03
    0.130290151336614968E+01    0.150212538716428662E+04   -0.577675639116673079E+01   -0.740538957975414824E+01   -0.416033390134187364E+01    0.447022145218134938E+03
    0.130270580107901157E+01    0.144769483923706184E+04   -0.554372693357712532E+01   -0.702879173648567246E+01   -0.397562388624906937E+01    0.447639015782246815E+03
    0.130270580107901157E+01    0.144769483923706184E+04   -0.554372693357712532E+01   -0.702879173648567246E+01   -0.397562388624906937E+01    0.447639015782246815E+03
    0.130572981447864445E+01    0.137676510445175427E+04   -0.558662798871217348E+01   -0.733159488619733413E+01   -0.396355953196842137E+01    0.447173006461705313E+03
    0.130206082334616768E+01    0.146708561885915947E+04   -0.562886723613577011E+01   -0.724438283083911205E+01   -0.396958159084552520E+01    0.447251389124198056E+03
    0.130415014685077191E+01    0.139721976429165488E+04   -0.534965580285298348E+01   -0.705904364647654869E+01   -0.392708053363089249E+01    0.446823510694675520E+03
    0.130344715373683573E+01    0.146357560458245439E+04   -0.562719581600321472E+01   -0.716347640378660699E+01   -0.404978501994845885E+01    0.447445513655845843E+03
    0.130344715373683573E+01    0.146357560458245439E+04   -0.562719581600321472E+01   -0.716347640378660699E+01   -0.404978501994845885E+01    0.447445513655845843E+03
    0.130521311035028864E+01    0.146168721328970469E+04   -0.585345277159414223E+01   -0.757801048907428232E+01   -0.418832355189876626E+01    0.446789787878318180E+03
    0.130285639261775121E+01    0.139550953062283907E+04   -0.520265924824925641E+01   -0.702569858871681152E+01   -0.382419897491590000E+01    0.446843694925401792E+03
    0.130177914341233780E+01    0.142423558929492538E+04   -0.542966917348394595E+01   -0.678908445895913371E+01   -0.381729920834929892E+01    0.446779662650972170E+03
    0.130291017435831469E+01    0.137447611784414153E+04   -0.524566408737085688E+01   -0.681889609868382074E+01   -0.375302091436445018E+01    0.446852031363586320E+03
    0.130313082412166348E+01    0.148191363421098026E+04   -0.582956967340664889E+01   -0.729369438803451597E+01   -0.407697928020175571E+01    0.447384053762627218E+03
    0.130313082412166348E+01    0.148191363421098026E+04   -0.582956967340664889E+01   -0.729369438803451597E+01   -0.407697928020175571E+01    0.447384053762627218E+03
    0.130402827733586979E+01    0.147939955713678614E+04   -0.579067147003357885E+01   -0.731755753610620996E+01   -0.414454743813911097E+01    0.447193883722919452E+03
    0.130184472872018309E+01    0.141299067278978509E+04   -0.524178812774109115E+01   -0.703914541520377934E+01   -0.379836847219677054E+01    0.446944040229368682E+03
    0.130472432867892052E+01    0.139816028133060968E+04   -0.568628762693114709E+01   -0.749176176876761168E+01   -0.396106519578522942E+01    0.446775893841729953E+03
    0.130161547652955423E+01    0.149189920999775518E+04   -0.573724629060136238E+01   -0.706753583777563943E+01   -0.402082288980567260E+01    0.447095446671067123E+03
    0.130055843431451534E+01    0.149253809177379003E+04   -0.538086423636872802E+01   -0.691241474297777803E+01   -0.394737748095369767E+01    0.446830488488100002E+03
    0.130505228429880660E+01    0.141886795247499686E+04   -0.574333302787750544E+01   -0.716546772911206986E+01   -0.404355219674918231E+01    0.447175912548652661E+03
    0.130370980228042344E+01    0.138323012098271170E+04   -0.542149879417394676E+01   -0.702988248620114042E+01   -0.383887813857402804E+01    0.447405046363764029E+03
    0.130370980228042344E+01    0.138323012098271170E+04   -0.542149879417394676E+01   -0.702988248620114042E+01   -0.383887813857402804E+01    0.447405046363764029E+03
    0.130463926625529281E+01    0.139712834433466151E+04   -0.544963547214568145E+01   -0.730067828627888904E+01   -0.394210087741866566E+01    0.447177448915112336E+03
    0.130516562846673412E+01    0.139101983751633907E+04   -0.552909814720734172E+01   -0.747638892251603515E+01   -0.396105534106396284E+01    0.446994161403012185E+03
    0.130271010420487299E+01    0.145494129629520489E+04   -0.558065510957925603E+01   -0.698276294359102589E+01   -0.399056701129794433E+01    0.447490201988860576E+03
    0.130271010420487299E+01    0.145494129629520489E+04   -0.558065510957925603E+01   -0.698276294359102589E+01   -0.399056701129794433E+01    0.447490201988860576E+03
    0.130546536643494115E+01    0.137658527348826374E+04   -0.553071344803938914E+01   -0.747751180958699280E+01   -0.393711411699126934E+01    0.446812348278531488E+03
    0.130398955951267248E+01    0.136810322054496532E+04   -0.537374480689245626E+01   -0.704950953692633764E+01   -0.382090391068034307E+01    0.447127707196217955E+03
    0.130431669915817228E+01    0.143817026359742817E+04   -0.559837469374632057E+01   -0.726433392073590056E+01   -0.407922335564328531E+01    0.446985095112307420E+03
    0.130275433187777545E+01    0.143140016237523423E+04   -0.559683788744244914E+01   -0.706733257307184104E+01   -0.390377463458678520E+01    0.447378333668731273E+03
    0.130275433187777545E+01    0.143140016237523423E+04   -0.559683788744244914E+01   -0.706733257307184104E+01   -0.390377463458678520E+01    0.447378333668731273E+03
    0.130359877236069588E+01    0.141346876832828070E+04   -0.543903002918266498E+01   -0.697699381840258326E+01   -0.393352175985359587E+01    0.447247750420961552E+03
    0.130320853130471392E+01    0.141922417825153252E+04   -0.535994632984885033E+01   -0.715933831756730221E+01   -0.393570092151203710E+01    0.447139344244406857E+03
    0.130315440400428151E+01    0.143405135260880456E+04   -0.556430176055084580E+01   -0.703293750043163790E+01   -0.391774661264792279E+01    0.447008137168039298E+03
    0.130279755065503045E+01    0.148776263095933018E+04   -0.575236288037383847E+01   -0.706726182040939133E+01   -0.408351005702389003E+01    0.446978397756820016E+03
    0.130454884365944590E+01    0.138643387882537490E+04   -0.543268885345977726E+01   -0.714034604900345382E+01   -0.392731362540281559E+01    0.447183555781576729E+03
    0.130454884365944590E+01    0.138643387882537490E+04   -0.543268885345977726E+01   -0.714034604900345382E+01   -0.392731362540281559E+01    0.447183555781576729E+03
    0.130392028812383209E+01    0.136471518314836453E+04   -0.542215417757572826E+01   -0.696619823920940284E+01   -0.379525636808068079E+01    0.446974487031926230E+03
    0.130500467242730789E+01    0.142934294286255295E+04   -0.577898267131633858E+01   -0.716385281449432743E+01   -0.408435388742440075E+01    0.446943868783308631E+03
    0.130586138802026674E+01    0.135912489055084325E+04   -0.545108588079690826E+01   -0.727114339834123236E+01   -0.391066265183964745E+01    0.446789090700473935E+03
    0.130302014997807825E+01    0.145135041466972484E+04   -0.564993679916086133E+01   -0.725585873857272290E+01   -0.398019109965347972E+01    0.447631735194021701E+03
    0.130302014997807825E+01    0.145135041466972484E+04   -0.564993679916086133E+01   -0.725585873857272290E+01   -0.398019109965347972E+01    0.447631735194021701E+03
    0.130314683219048422E+01    0.142408671556329068E+04   -0.551831066447371121E+01   -0.700066084820783896E+01   -0.393456385073690385E+01    0.447567952788714194E+03
    0.130314683219048422E+01    0.142408671556329068E+04   -0.551831066447371121E+01   -0.700066084820783896E+01   -0.393456385073690385E+01    0.447567952788714194E+03
    0.130085412096640329E+01    0.145230441209566175E+04   -0.531705899472920152E+01   -0.705304351939250029E+01   -0.385014279473018028E+01    0.446945230578428095E+03
    0.130439252238554104E+01    0.141545192374168187E+04   -0.565513667196514813E+01   -0.743656399978787430E+01   -0.396566684613746112E+01    0.447020060669235193E+03
    0.130279045240677682E+01    0.148792859421540788E+04   -0.573130412772194298E+01   -0.716541210903981440E+01   -0.410880081889122994E+01    0.447292130339203482E+03
    0.130279045240677682E+01    0.148792859421540788E+04   -0.573130412772194298E+01   -0.716541210903981440E+01   -0.410880081889122994E+01    0.447292130339203482E+03
    0.130080824749646329E+01    0.149160228203056363E+04   -0.546635952124038393E+01   -0.691500257436042887E+01   -0.398232776442435288E+01    0.446925939126648075E+03
    0.130220620288170275E+01    0.142029698735543025E+04   -0.530632085726733038E+01   -0.693349903539110013E+01   -0.383443394640183044E+01    0.447203474683071249E+03
    0.130518660282176269E+01    0.143420293073567973E+04   -0.574477785217540227E+01   -0.754407215445508150E+01   -0.410173655519158853E+01    0.447213616330459672E+03
    0.130518660282176269E+01    0.143420293073567973E+04   -0.574477785217540227E+01   -0.754407215445508150E+01   -0.410173655519158853E+01    0.447213616330459672E+03
    0.130240397409527953E+01    0.150309207128949311E+04   -0.565666974160198244E+01   -0.726336077759906829E+01   -0.410963685162024905E+01    0.447382806106949658E+03
    0.130240397409527953E+01    0.150309207128949311E+04   -0.565666974160198244E+01   -0.726336077759906829E+01   -0.410963685162024905E+01    0.447382806106949658E+03
    0.130418710797503379E+01    0.144809271806185097E+04   -0.563708172420354892E+01   -0.725411291194349506E+01   -0.405036973668771783E+01    0.447155544985313099E+03
    0.130317409930620665E+01    0.150275597941995443E+04   -0.584176359388251942E+01   -0.755867363046018426E+01   -0.413419668098283033E+01    0.446756119900024430E+03
    0.130296075049272386E+01    0.144284057112600135E+04   -0.546938320284761748E+01   -0.711137431323271407E+01   -0.394493449071428692E+01    0.447408971793935848E+03
    0.130296075049272386E+01    0.144284057112600135E+04   -0.546938320284761748E+01   -0.711137431323271407E+01   -0.394493449071428692E+01    0.447408971793935848E+03
    0.130462759727131150E+01    0.142287838428392888E+04   -0.566434749889942335E+01   -0.733111280789329900E+01   -0.402440913471833728E+01    0.447729119688850460E+03
    0.130462759727131150E+01    0.142287838428392888E+04   -0.566434749889942335E+01   -0.733111280789329900E+01   -0.402440913471833728E+01    0.447729119688850460E+03
    0.130338772554021265E+01    0.145660577105473772E+04   -0.581641019731304443E+01   -0.704245678132890784E+01   -0.405657288120970883E+01    0.446815323939618622E+03
    0.130462456389942583E+01    0.140248153735576739E+04   -0.549161710797731040E+01   -0.746114251260972328E+01   -0.397822277887341080E+01    0.446839919974818031E+03
    0.130273441044770388E+01    0.141224113065233541E+04   -0.538848977225768166E+01   -0.700839091088386379E+01   -0.387793279573146066E+01    0.447314730934618353E+03
    0.130467759326502630E+01    0.138500695160896430E+04   -0.542570887810632474E+01   -0.715753704037590843E+01   -0.394414246463135143E+01    0.446832795295780102E+03
    0.130609326526475455E+01    0.137010710020548368E+04   -0.562438215917331430E+01   -0.728044562690102470E+01   -0.395421669448383817E+01    0.446979636768154649E+03
    0.130289992716021530E+01    0.147491711647645320E+04   -0.573537964209254891E+01   -0.698628606369730942E+01   -0.404828513985949190E+01    0.446893977507436205E+03
    0.130399161503353245E+01    0.143655286990032528E+04   -0.573492016394695892E+01   -0.723056907609565691E+01   -0.405287926866439907E+01    0.447256398854429960E+03
    0.130183417510837485E+01    0.152777090378906496E+04   -0.582599295270861894E+01   -0.717034541169353190E+01   -0.413383116338635936E+01    0.446784712721467542E+03
    0.130324028501342504E+01    0.147166378075964008E+04   -0.575774740875921598E+01   -0.712174009502367333E+01   -0.406802318221229875E+01    0.447432275654789123E+03
    0.130324028501342504E+01    0.147166378075964008E+04   -0.575774740875921598E+01   -0.712174009502367333E+01   -0.406802318221229875E+01    0.447432275654789123E+03
    0.130232822753345800E+01    0.144569867162162473E+04   -0.548904753737186901E+01   -0.720708168481569356E+01   -0.394861697892457464E+01    0.447473371616557301E+03
    0.130227814660832042E+01    0.147627380954029741E+04   -0.555411254630846507E+01   -0.734453009197047724E+01   -0.402144032362664294E+01    0.447334556620301271E+03
    0.130389463476340106E+01    0.140234883015838386E+04   -0.550992053683296490E+01   -0.726184613173676574E+01   -0.387405857480126237E+01    0.446914302270410644E+03
    0.130181463073807646E+01    0.146267374308110152E+04   -0.550769059282412510E+01   -0.719077927942111206E+01   -0.396219296760206241E+01    0.447407802430676895E+03
    0.130181463073807646E+01    0.146267374308110152E+04   -0.550769059282412510E+01   -0.719077927942111206E+01   -0.396219296760206241E+01    0.447407802430676895E+03
    0.130402724626585864E+01    0.146459751719820747E+04   -0.584092446689581291E+01   -0.746710803415505975E+01   -0.407144096082088591E+01    0.446988216194118593E+03
    0.130593928849126328E+01    0.137355590684555727E+04   -0.570764881639043331E+01   -0.733145670605645439E+01   -0.397555418686589235E+01    0.447007752430711434E+03
    0.130122852661605082E+01    0.144028661586531143E+04   -0.531524355369818213E+01   -0.699849896118373760E+01   -0.385929358841099202E+01    0.446983388370694342E+03
    0.130341884731615343E+01    0.139038405511562155E+04   -0.530081025660789429E+01   -0.718475076318256356E+01   -0.381331389176209790E+01    0.446777007393676058E+03
    0.130337988564662810E+01    0.147438614514101778E+04   -0.583796071658435256E+01   -0.719790528478082781E+01   -0.410757404123343495E+01    0.447230490519608281E+03
    0.130328963463004710E+01    0.141107726143329751E+04   -0.557730665256882308E+01   -0.715516653291924243E+01   -0.391987425662632383E+01    0.447005824104644887E+03
    0.130136816673334366E+01    0.145484278718520636E+04   -0.540367349044667211E+01   -0.711300424118202912E+01   -0.391171440609920751E+01    0.447083197705144698E+03
    0.130429662038531302E+01    0.143761514406436254E+04   -0.569809804140530929E+01   -0.760014653746104862E+01   -0.405641645215259583E+01    0.446892578740816134E+03
    0.130443226278472646E+01    0.136892854150997937E+04   -0.553488754040912578E+01   -0.698411457547519632E+01   -0.385250485736863801E+01    0.446934908780774151E+03
    0.130227048071387208E+01    0.147190982400348844E+04   -0.544443519553970923E+01   -0.739906884482528504E+01   -0.399852192112386362E+01    0.446785302297407782E+03
    0.130146382676207817E+01    0.145452136298277810E+04   -0.529497756543674836E+01   -0.720301235975394682E+01   -0.389638434416457180E+01    0.446818664177906328E+03
    0.130304162181779848E+01    0.141254901324826210E+04   -0.529928433386870612E+01   -0.706340240227411265E+01   -0.386084221077397771E+01    0.447020943540842779E+03
    0.130255839955614361E+01    0.145706370299376090E+04   -0.565443785612780481E+01   -0.723538519640748490E+01   -0.400456371519123522E+01    0.447351765237520169E+03
    0.130183510503901712E+01    0.148976830143419033E+04   -0.567095942497457894E+01   -0.731544866860052068E+01   -0.401413447748920227E+01    0.447073156891061274E+03
    0.130428643164462854E+01    0.140048397543236115E+04   -0.546734383275579905E+01   -0.722904641115519464E+01   -0.393045823071279443E+01    0.447527459892274123E+03
    0.130428643164462854E+01    0.140048397543236115E+04   -0.546734383275579905E+01   -0.722904641115519464E+01   -0.393045823071279443E+01    0.447527459892274123E+03
    0.130199672022628321E+01    0.148240891722906281E+04   -0.566297875239166082E+01   -0.716488381827211551E+01   -0.402875000693424479E+01    0.447571485777005819E+03
    0.130199672022628321E+01    0.148240891722906281E+04   -0.566297875239166082E+01   -0.716488381827211551E+01   -0.402875000693424479E+01    0.447571485777005819E+03
    0.130326376987526982E+01    0.145411074820636054E+04   -0.573748737532427189E+01   -0.736831764342226148E+01   -0.403590338079766475E+01    0.447370175877099427E+03
    0.130521849474845686E+01    0.142788665846879508E+04   -0.585315528783461314E+01   -0.749982996223301246E+01   -0.408254479987593566E+01    0.447220308393561254E+03
    0.130339162793860130E+01    0.143477529663459177E+04   -0.581078601047621746E+01   -0.726455797855510887E+01   -0.396337731923816783E+01    0.446786040592327197E+03
    0.130337400316825969E+01    0.143711810334688198E+04   -0.564960178272719293E+01   -0.697289910783242561E+01   -0.400159593407580605E+01    0.447066928201171891E+03
    0.130337400316825969E+01    0.143711810334688198E+04   -0.564960178272719293E+01   -0.697289910783242561E+01   -0.400159593407580605E+01    0.447066928201171891E+03
    0.130356388264581113E+01    0.146892530295838174E+04   -0.580238988362703889E+01   -0.716539790212519634E+01   -0.407870901675701081E+01    0.447315639020223273E+03
    0.130356388264581113E+01    0.146892530295838174E+04   -0.580238988362703889E+01   -0.716539790212519634E+01   -0.407870901675701081E+01    0.447315639020223273E+03
    0.130399612884407556E+01    0.146490583558049593E+04   -0.590435273821224005E+01   -0.725673875881215391E+01   -0.411420505493979327E+01    0.447243481735004991E+03
    0.130521568071671434E+01    0.136590201471071646E+04   -0.565449222386647232E+01   -0.707312716425436605E+01   -0.388358668430116971E+01    0.446764877683659506E+03
    0.130483488170050910E+01    0.145604619295565612E+04   -0.594226784082524340E+01   -0.733714561139980148E+01   -0.415456723012549567E+01    0.446930182518261006E+03
    0.130362258268749587E+01    0.143662847088239164E+04   -0.540239987682453826E+01   -0.719782095248855214E+01   -0.401185206219034818E+01    0.446748429060008903E+03
    0.130495170413511996E+01    0.140398738039571685E+04   -0.560586682807215286E+01   -0.728674459316525613E+01   -0.398983480175662564E+01    0.447588077038887320E+03
    0.130564442199180375E+01    0.138727107060020012E+04   -0.568957450373686591E+01   -0.717014659794221565E+01   -0.397233618892573759E+01    0.446854511003186531E+03
    0.130598248278912266E+01    0.138705044968132734E+04   -0.565230011806986887E+01   -0.724527399907826375E+01   -0.402963709527283598E+01    0.446784539955651042E+03
    0.130513695022513154E+01    0.135542967800429687E+04   -0.548205453315659419E+01   -0.712445245253301351E+01   -0.384719442319769200E+01    0.447098646272781480E+03
    0.130282446346293179E+01    0.142085632889398471E+04   -0.543098349430450789E+01   -0.725434101265874354E+01   -0.388510768806409956E+01    0.447306690252286558E+03
    0.130329714704122468E+01    0.139929799374308868E+04   -0.539114550666003289E+01   -0.712330020364062833E+01   -0.383270955913766898E+01    0.447055494427751967E+03
    0.130392584000878919E+01    0.141859937760590446E+04   -0.568190083773371413E+01   -0.700057024911794556E+01   -0.398846833907391485E+01    0.446875631149633136E+03
    0.130377821353770695E+01    0.141568309597953817E+04   -0.542366412325969804E+01   -0.716319240204014207E+01   -0.397768813605140359E+01    0.446931994704911290E+03
    0.130453854707794803E+01    0.141047470470149847E+04   -0.543125151141373230E+01   -0.738266244611919742E+01   -0.397981472224264721E+01    0.446851123427144273E+03
    0.130475257922128529E+01    0.139840077901769973E+04   -0.564810550159813740E+01   -0.742920452152639399E+01   -0.398460009110115543E+01    0.446877641179155432E+03
    0.130383095409436045E+01    0.137966406738446631E+04   -0.535574835438019115E+01   -0.712065367870383970E+01   -0.385690083424411512E+01    0.446998512179728891E+03
    0.130134151812523724E+01    0.149327933696550190E+04   -0.564218651765308721E+01   -0.727352776706629900E+01   -0.401115507230237345E+01    0.447050952493998636E+03
    0.130375639704275348E+01    0.142771400391702491E+04   -0.578071078408454753E+01   -0.725334392267552008E+01   -0.396715827737694404E+01    0.447042891199785174E+03
    0.130436919353286251E+01    0.135529064080795911E+04   -0.536061647491869309E+01   -0.702302253026185141E+01   -0.379677710028706805E+01    0.447050658142509178E+03
    0.130433492203100920E+01    0.139495792505529676E+04   -0.552733254520869455E+01   -0.717960139798768537E+01   -0.391719126159464714E+01    0.447668065254057069E+03
    0.130433492203100920E+01    0.139495792505529676E+04   -0.552733254520869455E+01   -0.717960139798768537E+01   -0.391719126159464714E+01    0.447668065254057069E+03
    0.130408682974246148E+01    0.140924151877733516E+04   -0.557602643124692854E+01   -0.726186198206415234E+01   -0.392390552990648267E+01    0.447409915924818108E+03
    0.130408682974246148E+01    0.140924151877733516E+04   -0.557602643124692854E+01   -0.726186198206415234E+01   -0.392390552990648267E+01    0.447409915924818108E+03
    0.130384240222907444E+01    0.143864679095960355E+04   -0.569233544594494845E+01   -0.714496572612639280E+01   -0.398759059987805209E+01    0.447090557756418093E+03
    0.130347998195811465E+01    0.138843001556257036E+04   -0.524680258927916299E+01   -0.709662079544883184E+01   -0.385619848276310329E+01    0.446782678103538160E+03
    0.130323441873550583E+01    0.148170644680084047E+04   -0.573941772195948996E+01   -0.726318944888610663E+01   -0.408657690938917195E+01    0.447521535553282092E+03
    0.130323441873550583E+01    0.148170644680084047E+04   -0.573941772195948996E+01   -0.726318944888610663E+01   -0.408657690938917195E+01    0.447521535553282092E+03
    0.130456496926205601E+01    0.145705833673673715E+04   -0.573137449995038573E+01   -0.747193121975180130E+01   -0.413093374735805519E+01    0.447211930026247728E+03
    0.130045966475332575E+01    0.146256704806661901E+04   -0.539354208501156229E+01   -0.687924275902461879E+01   -0.386202690069218058E+01    0.446876701200428727E+03
    0.130211294338470207E+01    0.148817370117929295E+04   -0.553897199130052176E+01   -0.699947022148861286E+01   -0.405716005226045251E+01    0.446812197502397851E+03
    0.130383162159871047E+01    0.145966751088292722E+04   -0.577627453684620384E+01   -0.733357241319345565E+01   -0.406514313921822357E+01    0.447602633787188552E+03
    0.130383162159871047E+01    0.145966751088292722E+04   -0.577627453684620384E+01   -0.733357241319345565E+01   -0.406514313921822357E+01    0.447602633787188552E+03
    0.130313869012385730E+01    0.139143963545482643E+04   -0.535378251814219830E+01   -0.680504879826670361E+01   -0.383569308329844816E+01    0.446801612014127500E+03
    0.130379274652745547E+01    0.137064866258979373E+04   -0.541208474082519508E+01   -0.696813071742862089E+01   -0.380370681095438279E+01    0.447137971094551290E+03
    0.130286120499666169E+01    0.145269287717435463E+04   -0.566094813420285892E+01   -0.706258377415365146E+01   -0.400405898232622448E+01    0.447540022171689543E+03
    0.130286120499666169E+01    0.145269287717435463E+04   -0.566094813420285892E+01   -0.706258377415365146E+01   -0.400405898232622448E+01    0.447540022171689543E+03
    0.130311510516644180E+01    0.148585999339627642E+04   -0.579810102940766914E+01   -0.740968433249430358E+01   -0.408232980090706832E+01    0.446954992238268460E+03
    0.130618118265641092E+01    0.138162052430818130E+04   -0.572198514754631837E+01   -0.739391123960953411E+01   -0.400925310350579611E+01    0.447064706010048326E+03
    0.130523992028423441E+01    0.136633098233065925E+04   -0.541793130412714063E+01   -0.722767199469007515E+01   -0.389109913212638503E+01    0.447039351672707028E+03
    0.130351470536550873E+01    0.145928968053744120E+04   -0.578600519905946076E+01   -0.703270505999609252E+01   -0.404887854352969967E+01    0.446905757377773512E+03
    0.130395099563938044E+01    0.146610098052682156E+04   -0.576926900165025280E+01   -0.745186793153247962E+01   -0.409711325652175073E+01    0.447396034647621889E+03
    0.130395099563938044E+01    0.146610098052682156E+04   -0.576926900165025280E+01   -0.745186793153247962E+01   -0.409711325652175073E+01    0.447396034647621889E+03
    0.130382776656550936E+01    0.147882271165534348E+04   -0.592171449505918446E+01   -0.745440810066126769E+01   -0.414127860401443026E+01    0.447175643689115248E+03
    0.130382776656550936E+01    0.147882271165534348E+04   -0.592171449505918446E+01   -0.745440810066126769E+01   -0.414127860401443026E+01    0.447175643689115248E+03
    0.130148126938085840E+01    0.144218784799014679E+04   -0.526846519913272271E+01   -0.694690995874547124E+01   -0.385708355899326349E+01    0.447113159197753248E+03
    0.130527127719768865E+01    0.140875536695299797E+04   -0.582666526347205505E+01   -0.726829893919446768E+01   -0.404396278917075680E+01    0.447087654423601464E+03
    0.130278056032846856E+01    0.147007497429609589E+04   -0.546213932540418234E+01   -0.722672166386909076E+01   -0.403490258160856641E+01    0.447038808452342096E+03
    0.130158943928447712E+01    0.142082888884197882E+04   -0.523126139512493005E+01   -0.700739145034566047E+01   -0.380526672979405234E+01    0.446954171080773335E+03
    0.130239563667359093E+01    0.146239726416737494E+04   -0.558746542259694312E+01   -0.704385026815053106E+01   -0.402376795763388451E+01    0.446899704523412424E+03
    0.130346391482078117E+01    0.139157793248171242E+04   -0.526815296429994895E+01   -0.693494634870476201E+01   -0.385865472214601013E+01    0.446813964052130302E+03
    0.130433979325103366E+01    0.137354152345311604E+04   -0.531227205527562774E+01   -0.697294812499937056E+01   -0.385437576815508898E+01    0.446855110054891782E+03
    0.130364613546819497E+01    0.148971621975546532E+04   -0.575923504336896830E+01   -0.740146129739759395E+01   -0.418034895040758503E+01    0.446805536080179365E+03
    0.130321572742826453E+01    0.143450973486529642E+04   -0.535743090465748484E+01   -0.720404037532920771E+01   -0.397139725550092493E+01    0.446939938157753375E+03
    0.130378134296302961E+01    0.144059099884728244E+04   -0.573831763804081607E+01   -0.747391665172660247E+01   -0.400898646873739661E+01    0.447168882843351014E+03
    0.130458371341075741E+01    0.136933725063216457E+04   -0.553180751885343813E+01   -0.700552360175035904E+01   -0.384152205638111788E+01    0.447027853144860785E+03
    0.130291340675704936E+01    0.138063879002080694E+04   -0.540220492035980193E+01   -0.692908517878353347E+01   -0.376580268904775295E+01    0.446800226180421816E+03
    0.130186587408874388E+01    0.146417793727685785E+04   -0.541198431585908502E+01   -0.704598717230568994E+01   -0.397864552694069928E+01    0.447131008156281609E+03
    0.130470432650714430E+01    0.140615796109898838E+04   -0.576037148247188568E+01   -0.727515881804162579E+01   -0.397109280422410826E+01    0.447205974095134138E+03
    0.130451063159462044E+01    0.138849815455482349E+04   -0.552693718946194679E+01   -0.733709163400642517E+01   -0.392747336199325936E+01    0.447162621766262362E+03
    0.130324824816836249E+01    0.152394367456986652E+04   -0.591398485681234654E+01   -0.740002848826485415E+01   -0.422699521063702033E+01    0.446778786488614912E+03
    0.130098706744133774E+01    0.147772737609795422E+04   -0.550885784542871981E+01   -0.701716822970727705E+01   -0.394258948200652704E+01    0.447262668761735995E+03
    0.130187624634510857E+01    0.150119532198230604E+04   -0.568778561526589410E+01   -0.713819276483234155E+01   -0.406043044594776692E+01    0.447438088723918611E+03
    0.130187624634510857E+01    0.150119532198230604E+04   -0.568778561526589410E+01   -0.713819276483234155E+01   -0.406043044594776692E+01    0.447438088723918611E+03
    0.130221329756987503E+01    0.144176493947820609E+04   -0.560624840145903658E+01   -0.717645609589973432E+01   -0.390317121281846369E+01    0.447014340827943499E+03
    0.130444639841610899E+01    0.142827426183225020E+04   -0.581661682164680105E+01   -0.722795452726942234E+01   -0.405613119484240237E+01    0.447026943658644257E+03
    0.130603072098205097E+01    0.135067585874385031E+04   -0.551273471288566519E+01   -0.713438700934119030E+01   -0.390019315670002698E+01    0.446754281317969799E+03
    0.130559936194731074E+01    0.137249995706479990E+04   -0.573491359051241290E+01   -0.719787972676261489E+01   -0.392876347197328535E+01    0.446918795512558404E+03
    0.130415961028681715E+01    0.145794059560945857E+04   -0.582938276331211647E+01   -0.746782243893484310E+01   -0.412696129910804643E+01    0.446945023336684358E+03
    0.130144662523469412E+01    0.148790619856931198E+04   -0.543529535213918180E+01   -0.711062811024235941E+01   -0.399490439131168884E+01    0.447117329461718725E+03
    0.130498647342959728E+01    0.142032947022329881E+04   -0.570328207327789283E+01   -0.733837816467537074E+01   -0.400584028551726590E+01    0.446839481453374390E+03
    0.130293280597274697E+01    0.143798530392916450E+04   -0.539640983375392125E+01   -0.721820411764573944E+01   -0.397139616934654960E+01    0.447195874610296073E+03
    0.130556064397374527E+01    0.137939552032749953E+04   -0.555228356372291643E+01   -0.716851322689035086E+01   -0.396089235262516048E+01    0.447062109204672765E+03
    0.130344587002456569E+01    0.143397197717895938E+04   -0.566185990772229975E+01   -0.715131803800963262E+01   -0.394018496820100950E+01    0.447187244107712274E+03
    0.130342964539923512E+01    0.146654859806814670E+04   -0.583315146557457798E+01   -0.715465350120628685E+01   -0.408706377366006013E+01    0.447188287642353941E+03
    0.130418322038707402E+01    0.145227974591782959E+04   -0.574420479435564513E+01   -0.761488657441784866E+01   -0.406637883282576063E+01    0.446954590883734625E+03
    0.130254221384231994E+01    0.151131048700965403E+04   -0.574506830208208541E+01   -0.749182347631991163E+01   -0.413226058674466667E+01    0.446998076476156314E+03
    0.130185096252911991E+01    0.146876451836909382E+04   -0.566272663521116026E+01   -0.718778607468230568E+01   -0.395967524913589664E+01    0.447067581964469127E+03
    0.130452153394873194E+01    0.144820155808201821E+04   -0.576586746177245235E+01   -0.735091851172337574E+01   -0.407255129504752666E+01    0.447284651998014397E+03
    0.130452153394873194E+01    0.144820155808201821E+04   -0.576586746177245235E+01   -0.735091851172337574E+01   -0.407255129504752666E+01    0.447284651998014397E+03
    0.130341230203239555E+01    0.149850000920659272E+04   -0.591158254189928378E+01   -0.737213698716810661E+01   -0.413896399073513876E+01    0.446831466917796774E+03
    0.130260400446695779E+01    0.148705327195125824E+04   -0.569148494458194243E+01   -0.743649339614792559E+01   -0.410159268502566654E+01    0.446885003091778572E+03
    0.130344521386856793E+01    0.142797726643083411E+04   -0.569788053725467769E+01   -0.719279278688475898E+01   -0.398885346124436957E+01    0.446953961600708453E+03
    0.130400340269066550E+01    0.144478968738227218E+04   -0.549677807303703947E+01   -0.730449851772162440E+01   -0.405394012777111890E+01    0.446935677757497615E+03
    0.130158194648553804E+01    0.149748945342273646E+04   -0.570546843827944272E+01   -0.705314401593443119E+01   -0.401944658285331613E+01    0.446879087833687095E+03
    0.130287748261051473E+01    0.145647273433142459E+04   -0.556310508907619461E+01   -0.715667789777395669E+01   -0.402320666831641294E+01    0.447620628841887481E+03
    0.130086841503146133E+01    0.150658392811405997E+04   -0.553192310822547917E+01   -0.719451688757193963E+01   -0.402360513599419090E+01    0.447042156895632559E+03
    0.130365177427881607E+01    0.145527944553350517E+04   -0.567689891089359211E+01   -0.744818035874154027E+01   -0.404773752250536845E+01    0.447422791075123655E+03
    0.130176216320296079E+01    0.144127819927019846E+04   -0.545190351533183737E+01   -0.706191585769131880E+01   -0.387869999859306169E+01    0.447399073163354501E+03
    0.130246251310268057E+01    0.147655985482393999E+04   -0.547167970805079040E+01   -0.733606581022519499E+01   -0.403246003575395662E+01    0.446955293111803542E+03
    0.130238363070887186E+01    0.143732232154454618E+04   -0.553320036853572539E+01   -0.708607474739898713E+01   -0.390303653380000348E+01    0.447469015242379555E+03
    0.130238363070887186E+01    0.143732232154454618E+04   -0.553320036853572539E+01   -0.708607474739898713E+01   -0.390303653380000348E+01    0.447469015242379555E+03
    0.130338263001354338E+01    0.148800187325051911E+04   -0.571365114130120499E+01   -0.732877571917235393E+01   -0.413023297798769828E+01    0.447313267144684914E+03
    0.130326490917523841E+01    0.143181281632873288E+04   -0.562428165232302835E+01   -0.734708662915234090E+01   -0.395705953652981002E+01    0.447374240726883215E+03
    0.130171333112440557E+01    0.148256403429756847E+04   -0.567532983124456702E+01   -0.725807514590432667E+01   -0.397344153130690714E+01    0.446758165579458762E+03
    0.130327723557554442E+01    0.140855890284699899E+04   -0.541547920516857850E+01   -0.682142081686292467E+01   -0.389219721065559554E+01    0.446779166086693806E+03
    0.130298239844237629E+01    0.148625287304804897E+04   -0.567222115290680584E+01   -0.717001378139296364E+01   -0.409063365943619583E+01    0.447164975721971246E+03
    0.130298239844237629E+01    0.148625287304804897E+04   -0.567222115290680584E+01   -0.717001378139296364E+01   -0.409063365943619583E+01    0.447164975721971246E+03
    0.130220047181082954E+01    0.143650715141450814E+04   -0.558524278836237187E+01   -0.712145838589503288E+01   -0.391848498735007311E+01    0.446854848077957797E+03
    0.130344887412764465E+01    0.142289009698411292E+04   -0.573315215936942479E+01   -0.719687935608586749E+01   -0.394822556526913004E+01    0.447026678749923292E+03
    0.130363084563504938E+01    0.147087294804915359E+04   -0.558724093795733445E+01   -0.740545306938457593E+01   -0.409948842475165254E+01    0.447040541578946602E+03
    0.130528843993878541E+01    0.140137466042286769E+04   -0.578035223789107100E+01   -0.731016729236541529E+01   -0.403426459954814742E+01    0.446885144329248533E+03
    0.130364022745608610E+01    0.136715943327368404E+04   -0.533293880896369377E+01   -0.708885752088068255E+01   -0.378074703782001365E+01    0.446989236793992632E+03
    0.130329532335154141E+01    0.146270778110762490E+04   -0.554917201213632616E+01   -0.718886325702060880E+01   -0.404307606116597196E+01    0.447372511752328762E+03
    0.130329355971706273E+01    0.148182980173727356E+04   -0.567348402605628888E+01   -0.715652575672528535E+01   -0.409384924612715917E+01    0.447042832239528821E+03
    0.130175744803217652E+01    0.149276247847674904E+04   -0.577081576962532239E+01   -0.701987972887994971E+01   -0.402788562513935844E+01    0.446875578924047204E+03
    0.130589936298203479E+01    0.139350991499731708E+04   -0.573256005654029099E+01   -0.721505089337783634E+01   -0.403640329539225284E+01    0.446865079287087326E+03
    0.130371014078726466E+01    0.147141506649765665E+04   -0.571516299730126143E+01   -0.750944439032606059E+01   -0.413207793276611124E+01    0.446843267599060539E+03
    0.130487256556357556E+01    0.136328972361879983E+04   -0.556695125077070774E+01   -0.725999569874191408E+01   -0.384786848714014695E+01    0.446916225097697406E+03
    0.130285442111165706E+01    0.141615328501768090E+04   -0.548859504852521418E+01   -0.715624352161013810E+01   -0.389279256838545784E+01    0.447365711230169495E+03
    0.130228537453949089E+01    0.141306723806986088E+04   -0.530753525646812729E+01   -0.696487178169016907E+01   -0.380614591012444059E+01    0.447057362270072929E+03
    0.130214847930031130E+01    0.146993322157370631E+04   -0.555288032981934787E+01   -0.710536276724996174E+01   -0.402173081840298519E+01    0.447282354751024741E+03
    0.130279770003677609E+01    0.148588188185294598E+04   -0.560665774587882471E+01   -0.747896522026871313E+01   -0.407822014190549531E+01    0.446902597500395075E+03
    0.130304613880315845E+01    0.147819746769515814E+04   -0.564933823218296549E+01   -0.707918804957070069E+01   -0.409205849583958070E+01    0.447006891985284369E+03
    0.130448361795186174E+01    0.143937661844065133E+04   -0.583028051324397545E+01   -0.732308496444067547E+01   -0.407245395722372550E+01    0.447504846619978196E+03
    0.130448361795186174E+01    0.143937661844065133E+04   -0.583028051324397545E+01   -0.732308496444067547E+01   -0.407245395722372550E+01    0.447504846619978196E+03
    0.130262743697602468E+01    0.138882147203216982E+04   -0.533367867329664236E+01   -0.688249520399203085E+01   -0.380083534497900111E+01    0.446749218805972191E+03
    0.130413472389818197E+01    0.141512235751392382E+04   -0.543154723697602471E+01   -0.723844080288502223E+01   -0.397993548714358880E+01    0.447168145085896640E+03
    0.130460079616314917E+01    0.136054719427783812E+04   -0.527017089244001191E+01   -0.713728299771084540E+01   -0.382815104743547785E+01    0.446794805787024075E+03
    0.130499558599611376E+01    0.141660452905280636E+04   -0.588994113325081248E+01   -0.727432817518359442E+01   -0.404379762638163598E+01    0.446920382453442585E+03
    0.130222057039925887E+01    0.145282086942540150E+04   -0.566420855584900274E+01   -0.712238886190600962E+01   -0.396091988396473660E+01    0.447124878999037435E+03
    0.130336513214456273E+01    0.146781869183444519E+04   -0.573980050383627294E+01   -0.720252307719884932E+01   -0.409270096606851475E+01    0.447424926641596812E+03
    0.130348741322794348E+01    0.147344502521488153E+04   -0.566008175384123824E+01   -0.720478897053567202E+01   -0.409488105784920098E+01    0.447381086799174852E+03
    0.130342041923508734E+01    0.140861685340335521E+04   -0.560016204232388937E+01   -0.703544572166001281E+01   -0.391614757819249526E+01    0.447137674680601720E+03
    0.130396274520490318E+01    0.146534026767207661E+04   -0.577552946644034737E+01   -0.728093730577224374E+01   -0.409182103046666157E+01    0.447313941771528789E+03
    0.130396274520490318E+01    0.146534026767207661E+04   -0.577552946644034737E+01   -0.728093730577224374E+01   -0.409182103046666157E+01    0.447313941771528789E+03
    0.130075100100425489E+01    0.147242561253030158E+04   -0.535736085539117468E+01   -0.687869780774067152E+01   -0.389956387800183180E+01    0.447021888551345000E+03
    0.130090735921174994E+01    0.145394496132872882E+04   -0.546205375552329109E+01   -0.687174128221179092E+01   -0.384916400198325981E+01    0.446815840813928730E+03
    0.130264629296467582E+01    0.147594820895471003E+04   -0.573089673266599053E+01   -0.700711773670792937E+01   -0.405374226705869756E+01    0.447039161295376175E+03
    0.130104701231509190E+01    0.146249137062100613E+04   -0.544789096544270457E+01   -0.688289535785700135E+01   -0.391552851277242731E+01    0.446972477373874426E+03
    0.130289965250531536E+01    0.146531272931949570E+04   -0.574870243550065485E+01   -0.736719048964381784E+01   -0.401494421696936055E+01    0.447025123952497552E+03
    0.130397894052154051E+01    0.144454690181382921E+04   -0.567398972395177559E+01   -0.737773676694726621E+01   -0.401022991639099669E+01    0.447300500369665485E+03
    0.130203677373021054E+01    0.146935534020048067E+04   -0.550756493824582449E+01   -0.716879500187885021E+01   -0.398018303164271536E+01    0.447633432452026000E+03
    0.130203677373021054E+01    0.146935534020048067E+04   -0.550756493824582449E+01   -0.716879500187885021E+01   -0.398018303164271536E+01    0.447633432452026000E+03
    0.130335950413926716E+01    0.145493739911917942E+04   -0.559930170961540075E+01   -0.737533478377013640E+01   -0.404593486505010436E+01    0.447504301119978493E+03
    0.130335950413926716E+01    0.145493739911917942E+04   -0.559930170961540075E+01   -0.737533478377013640E+01   -0.404593486505010436E+01    0.447504301119978493E+03
    0.130435783974338082E+01    0.143120000668050989E+04   -0.554341675709909687E+01   -0.738161189681754948E+01   -0.403924347860674171E+01    0.447266986934329680E+03
    0.130233152723727752E+01    0.145275224949016069E+04   -0.546825771865283894E+01   -0.712002338414304958E+01   -0.395772321375361891E+01    0.447738917670098886E+03
    0.130233152723727752E+01    0.145275224949016069E+04   -0.546825771865283894E+01   -0.712002338414304958E+01   -0.395772321375361891E+01    0.447738917670098886E+03
    0.130383871559688624E+01    0.147431539752258004E+04   -0.584943036890244006E+01   -0.762282365610722401E+01   -0.409992469737123599E+01    0.446762598107551469E+03
    0.130323434254203319E+01    0.141668803606916390E+04   -0.553827012836955390E+01   -0.699176928062779446E+01   -0.392066682368376540E+01    0.447472263843414737E+03
    0.130323434254203319E+01    0.141668803606916390E+04   -0.553827012836955390E+01   -0.699176928062779446E+01   -0.392066682368376540E+01    0.447472263843414737E+03
    0.130540334384711021E+01    0.141843930857330452E+04   -0.572306649304807991E+01   -0.744305230010488561E+01   -0.409465183589870030E+01    0.446940489723435633E+03
    0.130488448696735659E+01    0.142969288605942756E+04   -0.592219512715487539E+01   -0.725252026974616815E+01   -0.405398313671779320E+01    0.446902163513973392E+03
    0.130524608706239920E+01    0.139662432681249061E+04   -0.574273052423375940E+01   -0.742559939571169370E+01   -0.401871321614322774E+01    0.446768188150115634E+03
    0.130346890966615114E+01    0.147614844702004143E+04   -0.592909437762686586E+01   -0.721737556116605905E+01   -0.410651894687798791E+01    0.446952581299883491E+03
    0.130128809568509118E+01    0.150942961619332937E+04   -0.561946786105335860E+01   -0.723069445752428308E+01   -0.403998025761160040E+01    0.447167643515870338E+03
    0.130469014283989537E+01    0.144568495884620711E+04   -0.577889613889054665E+01   -0.728995736845589093E+01   -0.410997468573565516E+01    0.447334232824229673E+03
    0.130252752640002556E+01    0.150254262755931200E+04   -0.578982309335672429E+01   -0.743997425808861212E+01   -0.410097713761688354E+01    0.447179372934831463E+03
    0.130171058891848102E+01    0.146552478517833811E+04   -0.556257601193910034E+01   -0.712825790566326312E+01   -0.394274946013682914E+01    0.447312078137344486E+03
    0.130348029450910641E+01    0.149661973134183381E+04   -0.580463744861711994E+01   -0.724140791315849874E+01   -0.417429872473153463E+01    0.446867888814339551E+03
    0.130198065513646410E+01    0.145253604510983700E+04   -0.559657794819704790E+01   -0.698343109731059464E+01   -0.391895209209027051E+01    0.447274233584685362E+03
    0.130342486622851794E+01    0.140847736715231167E+04   -0.545550406521586240E+01   -0.707410806401966141E+01   -0.387883539383045495E+01    0.447433799159771581E+03
    0.130443145580929643E+01    0.143026339580187096E+04   -0.570364673173688175E+01   -0.730465114957262340E+01   -0.399709146267110782E+01    0.447014309727520015E+03
    0.130239952044000074E+01    0.140735474293485368E+04   -0.546131921558126354E+01   -0.700117579416709379E+01   -0.383739068493317070E+01    0.446844943448169943E+03
    0.130189740775013374E+01    0.145577655794332554E+04   -0.540011282188149977E+01   -0.709024207331419376E+01   -0.391116399060800646E+01    0.446957980281233858E+03
    0.130401033288389456E+01    0.143729166787206805E+04   -0.575813265645356687E+01   -0.739925863503418402E+01   -0.403290428200487128E+01    0.447445997582121720E+03
    0.130401033288389456E+01    0.143729166787206805E+04   -0.575813265645356687E+01   -0.739925863503418402E+01   -0.403290428200487128E+01    0.447445997582121720E+03
    0.130430746624171401E+01    0.143161434170203552E+04   -0.573598538023256577E+01   -0.743208381182942368E+01   -0.404971448757425101E+01    0.447252445364820346E+03
    0.130255501298488663E+01    0.146221597126859501E+04   -0.561923453210682045E+01   -0.708372848174828729E+01   -0.399702308783305327E+01    0.447757264289841885E+03
    0.130255501298488663E+01    0.146221597126859501E+04   -0.561923453210682045E+01   -0.708372848174828729E+01   -0.399702308783305327E+01    0.447757264289841885E+03
    0.130579940537998951E+01    0.135340805656953535E+04   -0.547130953726746494E+01   -0.728546986129095853E+01   -0.389276544701569982E+01    0.446903091262577902E+03
    0.130498048556236634E+01    0.141457422204185195E+04   -0.560846744130680719E+01   -0.723190098420687733E+01   -0.402747456241280055E+01    0.447351625360681396E+03
    0.130268974109562929E+01    0.141208075238401443E+04   -0.529838985436202137E+01   -0.698925074923338485E+01   -0.386815205359778602E+01    0.447214176356871064E+03
    0.130142680151025147E+01    0.149171516510365564E+04   -0.560297614148380418E+01   -0.722670002472184247E+01   -0.398476988871226823E+01    0.447023695826018638E+03
    0.130235936798532626E+01    0.146867884198525599E+04   -0.569007590287570331E+01   -0.726740459493099422E+01   -0.401032764840402756E+01    0.447409665133787200E+03
    0.130519103043426599E+01    0.143470566541026778E+04   -0.595039472991212381E+01   -0.733666298131022732E+01   -0.410129974745777037E+01    0.447050668237599325E+03
    0.130444880336665348E+01    0.139284624692102580E+04   -0.566986753332608640E+01   -0.733282052279263041E+01   -0.393302265797279560E+01    0.446881492813319824E+03
    0.130232587179218662E+01    0.150423645958950556E+04   -0.587710426900150207E+01   -0.728528534401320282E+01   -0.409112827818557623E+01    0.447056023178349960E+03
    0.130291167095377292E+01    0.143930732522656695E+04   -0.542962046954128486E+01   -0.716209941527272242E+01   -0.398152328467794270E+01    0.447203644289540136E+03
    0.130607978791237689E+01    0.141051021638476755E+04   -0.593007909340501360E+01   -0.739148062120842919E+01   -0.409647504067262780E+01    0.446774647022069587E+03
    0.130476240882022410E+01    0.142601417212060664E+04   -0.578132716974466021E+01   -0.721842132781876522E+01   -0.407781581662990256E+01    0.446932106208094808E+03
    0.130448349270758301E+01    0.136469213328006936E+04   -0.536747411040061806E+01   -0.726130634099109962E+01   -0.384034996561967468E+01    0.446845978217396294E+03
    0.130033463704365948E+01    0.150074991297417409E+04   -0.545164513955008534E+01   -0.700522189438123544E+01   -0.395755696697803394E+01    0.446997031436181601E+03
    0.130374373821220146E+01    0.139519833358103688E+04   -0.548653748080309178E+01   -0.685517091633050946E+01   -0.389107061286708245E+01    0.446817858338160988E+03
    0.130260269278898111E+01    0.151971739082636714E+04   -0.581841723509088471E+01   -0.730088110598956863E+01   -0.414769546667021771E+01    0.446839319808592279E+03
    0.130595689212364796E+01    0.139671992377337779E+04   -0.579482777428943141E+01   -0.737555749895525192E+01   -0.404408441091425974E+01    0.447079764983055895E+03
    0.130333826904395544E+01    0.145661384470648795E+04   -0.569995703738692505E+01   -0.718906603276812017E+01   -0.404411709126578778E+01    0.447734626188317179E+03
    0.130333826904395544E+01    0.145661384470648795E+04   -0.569995703738692505E+01   -0.718906603276812017E+01   -0.404411709126578778E+01    0.447734626188317179E+03
    0.130514665239503791E+01    0.144749645822606885E+04   -0.578436109520479924E+01   -0.740619705199117906E+01   -0.411876854614228449E+01    0.446887706565165161E+03
    0.130166496265186904E+01    0.148971438927963459E+04   -0.549627134623723279E+01   -0.716373076184830637E+01   -0.400607452815313625E+01    0.447236435515185235E+03
    0.130166496265186904E+01    0.148971438927963459E+04   -0.549627134623723279E+01   -0.716373076184830637E+01   -0.400607452815313625E+01    0.447236435515185235E+03
    0.130213489672241378E+01    0.148033766169771002E+04   -0.561956992293116464E+01   -0.734913365613571656E+01   -0.399699531912463080E+01    0.446950892748989702E+03
    0.130268179972450260E+01    0.148851751907557605E+04   -0.564373465836845334E+01   -0.714601441820495875E+01   -0.410587549123026019E+01    0.447092941743728488E+03
    0.130151858534771336E+01    0.149732827567618847E+04   -0.547674222143886080E+01   -0.728348108827548213E+01   -0.404019312697651944E+01    0.446900747384378917E+03
    0.130489017314939959E+01    0.145314887304990907E+04   -0.579759920567695541E+01   -0.728560182603786100E+01   -0.415432587186993363E+01    0.446756142086967031E+03
    0.130383262929019073E+01    0.146192490448408148E+04   -0.575351388499354410E+01   -0.744634407315085678E+01   -0.410581722431486718E+01    0.447319049850753231E+03
    0.130512033410873940E+01    0.143591370819815666E+04   -0.579740946046799888E+01   -0.747530125473502771E+01   -0.408174048479842266E+01    0.447087570795936870E+03
    0.130389072051223409E+01    0.142345911987443878E+04   -0.566215331784371934E+01   -0.741379483364259340E+01   -0.396263327176326108E+01    0.447321035171976405E+03
    0.130253760254486095E+01    0.150933444847229293E+04   -0.582061475700629671E+01   -0.740072591213605779E+01   -0.413723865388581924E+01    0.447213851371013959E+03
    0.130253760254486095E+01    0.150933444847229293E+04   -0.582061475700629671E+01   -0.740072591213605779E+01   -0.413723865388581924E+01    0.447213851371013959E+03
    0.130402325932818886E+01    0.147139057633277162E+04   -0.591617794182487877E+01   -0.759959416885298378E+01   -0.412916901988999463E+01    0.446808762400191881E+03
    0.130186871543178539E+01    0.148236510551144011E+04   -0.550116815206466470E+01   -0.724284128530336080E+01   -0.400854380384346154E+01    0.447447600646861815E+03
    0.130186871543178539E+01    0.148236510551144011E+04   -0.550116815206466470E+01   -0.724284128530336080E+01   -0.400854380384346154E+01    0.447447600646861815E+03
    0.130369224604666312E+01    0.137907279256109382E+04   -0.534944401283253690E+01   -0.685485519136256904E+01   -0.381608805811374729E+01    0.446940538113690593E+03
    0.130370431000811537E+01    0.142921117634079724E+04   -0.560060013020822822E+01   -0.718675509343080332E+01   -0.394225346846568847E+01    0.447000502371733717E+03
    0.130431790555106986E+01    0.143917094991137515E+04   -0.566507576954983882E+01   -0.741715455695153469E+01   -0.402723050289695106E+01    0.447240080870772886E+03
    0.130393878851277822E+01    0.141358446350601889E+04   -0.567675687748501989E+01   -0.714015460075876618E+01   -0.395556591140183400E+01    0.447476827701527441E+03
    0.130488193004792508E+01    0.145312643592271206E+04   -0.582047658896830455E+01   -0.740857839353177372E+01   -0.412606005347216964E+01    0.447373369212980094E+03
    0.130488193004792508E+01    0.145312643592271206E+04   -0.582047658896830455E+01   -0.740857839353177372E+01   -0.412606005347216964E+01    0.447373369212980094E+03
    0.130385588679346665E+01    0.144646770382759132E+04   -0.585230080659353646E+01   -0.737858660641633257E+01   -0.403852033760717966E+01    0.447120495202537597E+03
    0.130090152486209631E+01    0.144278967513441285E+04   -0.534619727308091264E+01   -0.689762499226799530E+01   -0.381020592872535602E+01    0.446843109981100383E+03
    0.130104331245606453E+01    0.146130751369598056E+04   -0.548595163786730300E+01   -0.696261611127004709E+01   -0.389563618598510963E+01    0.447143385890577576E+03
    0.130349013221199050E+01    0.146314175734571450E+04   -0.560239779892955259E+01   -0.731226796531853829E+01   -0.407160925691943909E+01    0.447555116480298409E+03
    0.130349013221199050E+01    0.146314175734571450E+04   -0.560239779892955259E+01   -0.731226796531853829E+01   -0.407160925691943909E+01    0.447555116480298409E+03
    0.130463530922830384E+01    0.141438516170111006E+04   -0.558177059787081298E+01   -0.759455926559491612E+01   -0.399921389007520922E+01    0.446781410643539573E+03
    0.130371480705626475E+01    0.146460748113998693E+04   -0.579323455412863897E+01   -0.750129303041522100E+01   -0.406834435761742963E+01    0.447341089212299380E+03
    0.130371480705626475E+01    0.146460748113998693E+04   -0.579323455412863897E+01   -0.750129303041522100E+01   -0.406834435761742963E+01    0.447341089212299380E+03
    0.130373094557176872E+01    0.149349286876450242E+04   -0.599853256299382398E+01   -0.733438062516741862E+01   -0.416231024981184650E+01    0.446937276896344372E+03
    0.130483306224153850E+01    0.138551988553278420E+04   -0.551185257272065954E+01   -0.743213280650699648E+01   -0.391317843402496912E+01    0.446891198536775846E+03
    0.130486573511262338E+01    0.141493163582080160E+04   -0.557772809525053148E+01   -0.746713705971960806E+01   -0.403517342462033035E+01    0.446994332439196000E+03
    0.130382386248507354E+01    0.143367526123300991E+04   -0.576933382326364708E+01   -0.709175390643143810E+01   -0.400210136858044763E+01    0.447328349778980282E+03
    0.130353004108475412E+01    0.144953802489503323E+04   -0.559726810033568523E+01   -0.751365233962010670E+01   -0.402555309819388274E+01    0.447140575093668815E+03
    0.130272150364513650E+01    0.142576508792306095E+04   -0.540196478627119792E+01   -0.706061314320418543E+01   -0.388138805695145095E+01    0.447257638950206797E+03
    0.130506446460444647E+01    0.140044078279613791E+04   -0.555644126517890324E+01   -0.732498279108021677E+01   -0.398631646308792575E+01    0.447377505053247660E+03
    0.130427465547593946E+01    0.149276690785354799E+04   -0.591239772865367641E+01   -0.759787473854303919E+01   -0.421488909661916633E+01    0.446757475411489906E+03
    0.130209571518632750E+01    0.145464530303798279E+04   -0.551906196826307038E+01   -0.717289715426019381E+01   -0.396305461669391157E+01    0.447377378400043483E+03
    0.130209571518632750E+01    0.145464530303798279E+04   -0.551906196826307038E+01   -0.717289715426019381E+01   -0.396305461669391157E+01    0.447377378400043483E+03
    0.130464523246826025E+01    0.147936056247034412E+04   -0.588261824050931725E+01   -0.741179474951083073E+01   -0.420484633384431916E+01    0.446797505937016126E+03
    0.130327496538897192E+01    0.149130525191848460E+04   -0.561555670223350312E+01   -0.742999549401941639E+01   -0.413332366776850613E+01    0.446774216539488805E+03
    0.130226266881789909E+01    0.151206036532573853E+04   -0.572571261792580533E+01   -0.708865913462518193E+01   -0.411977780687849204E+01    0.446838817150193563E+03
    0.130250138677487981E+01    0.143574986579335905E+04   -0.544407880526918042E+01   -0.717271160648246564E+01   -0.391772470198680978E+01    0.447569050020269970E+03
    0.130250138677487981E+01    0.143574986579335905E+04   -0.544407880526918042E+01   -0.717271160648246564E+01   -0.391772470198680978E+01    0.447569050020269970E+03
    0.130507319637060948E+01    0.135454407515825346E+04   -0.531373450582386564E+01   -0.718272752530309333E+01   -0.384089304246734287E+01    0.446770581975293226E+03
    0.130485479810732197E+01    0.145277872914724526E+04   -0.587244267478449888E+01   -0.757021529765246015E+01   -0.411028141340491970E+01    0.447067726942949889E+03
    0.130383683437341702E+01    0.141311174306482053E+04   -0.560194088215271613E+01   -0.712371590432803270E+01   -0.391541109387244290E+01    0.447454656822421327E+03
    0.130323323142543335E+01    0.142695085463006376E+04   -0.554567756071197415E+01   -0.728018142984619931E+01   -0.395622685910964123E+01    0.447464762664572731E+03
    0.130254764049163718E+01    0.147789720470387238E+04   -0.554882392942821223E+01   -0.718605199803754502E+01   -0.407203403649964191E+01    0.447087269917494211E+03
    0.130243753124500294E+01    0.145125049783576992E+04   -0.538850585493282530E+01   -0.726143046870251396E+01   -0.393637264219194272E+01    0.446964167316841781E+03
    0.130343300009690544E+01    0.143499426894286194E+04   -0.544215523484521047E+01   -0.710367560965881584E+01   -0.400150509052891312E+01    0.446936145542376664E+03
    0.130296177700006011E+01    0.145200812583452375E+04   -0.551341914827567159E+01   -0.733589606994818677E+01   -0.398451675258701776E+01    0.447498729338537260E+03
    0.130239786007064895E+01    0.142333625891942484E+04   -0.549301821533153145E+01   -0.714994352135082600E+01   -0.387173063223738012E+01    0.447208443279737025E+03
    0.130221283281964784E+01    0.145295987136289887E+04   -0.544640776283008776E+01   -0.717972563597854485E+01   -0.395361683134232678E+01    0.447596506166820802E+03
    0.130221283281964784E+01    0.145295987136289887E+04   -0.544640776283008776E+01   -0.717972563597854485E+01   -0.395361683134232678E+01    0.447596506166820802E+03
    0.130411648444561279E+01    0.144165159609004195E+04   -0.558710010189795270E+01   -0.728805803303080690E+01   -0.404159639605217436E+01    0.447544153844549612E+03
    0.130411648444561279E+01    0.144165159609004195E+04   -0.558710010189795270E+01   -0.728805803303080690E+01   -0.404159639605217436E+01    0.447544153844549612E+03
    0.130360203435324085E+01    0.144422643972174637E+04   -0.572836536695638898E+01   -0.713876829719454165E+01   -0.401141700168986226E+01    0.447688804427052162E+03
    0.130360203435324085E+01    0.144422643972174637E+04   -0.572836536695638898E+01   -0.713876829719454165E+01   -0.401141700168986226E+01    0.447688804427052162E+03
    0.130250048450860056E+01    0.147967648567671517E+04   -0.556136490795613625E+01   -0.716456172557791682E+01   -0.404519178447813577E+01    0.447502408605111668E+03
    0.130250048450860056E+01    0.147967648567671517E+04   -0.556136490795613625E+01   -0.716456172557791682E+01   -0.404519178447813577E+01    0.447502408605111668E+03
    0.130294101622170477E+01    0.141204666851981938E+04   -0.546647344986839201E+01   -0.726386699443583428E+01   -0.388378632733866702E+01    0.447012971647890481E+03
    0.130457363826133865E+01    0.144993340232811443E+04   -0.593749816028613697E+01   -0.744050578882014335E+01   -0.412688087496835898E+01    0.446782366900686498E+03
    0.130142413257689382E+01    0.142638204573025132E+04   -0.530332339580132661E+01   -0.683216105627045600E+01   -0.380997980884668586E+01    0.446982747264822137E+03
    0.130273722377256740E+01    0.148051070573910124E+04   -0.568399046335530755E+01   -0.712276599639088470E+01   -0.409554162730483107E+01    0.446989562461574451E+03
    0.130032263355976152E+01    0.150880159940636690E+04   -0.556425535693895679E+01   -0.698724571941540873E+01   -0.398396722874249498E+01    0.446843928961576580E+03
    0.130206622256753612E+01    0.145441841427435088E+04   -0.555490230695062870E+01   -0.690852668876781895E+01   -0.391960836372723698E+01    0.447094597867473681E+03
    0.130325881899236307E+01    0.139898763350732656E+04   -0.533126670450461937E+01   -0.710684814340575954E+01   -0.382781885509510111E+01    0.446893351080100274E+03
    0.130523245979344749E+01    0.135449915442197243E+04   -0.543379710494692514E+01   -0.719546726929380842E+01   -0.383946298545112974E+01    0.447115011072908715E+03
    0.130509495682348242E+01    0.136270679554037588E+04   -0.546925072674922674E+01   -0.711746402703464831E+01   -0.384398894166708871E+01    0.447038080317841434E+03
    0.130291903184282010E+01    0.143031503728619805E+04   -0.528575511624444339E+01   -0.714840565843530751E+01   -0.392938869505675825E+01    0.446782419703617165E+03
    0.130151361113928332E+01    0.148009296710117178E+04   -0.561094646573123601E+01   -0.706957480419881978E+01   -0.400073353460816072E+01    0.447210845342513039E+03
    0.130151361113928332E+01    0.148009296710117178E+04   -0.561094646573123601E+01   -0.706957480419881978E+01   -0.400073353460816072E+01    0.447210845342513039E+03
    0.130411440248353938E+01    0.143055512594671495E+04   -0.552685310796707707E+01   -0.720654246085802619E+01   -0.401421991075371221E+01    0.447437681533364298E+03
    0.130411440248353938E+01    0.143055512594671495E+04   -0.552685310796707707E+01   -0.720654246085802619E+01   -0.401421991075371221E+01    0.447437681533364298E+03
    0.130544217766142934E+01    0.136805897234607983E+04   -0.562527090982771050E+01   -0.728110397867843595E+01   -0.392686001656082873E+01    0.447033643566198123E+03
    0.130344052374061592E+01    0.142247796401213350E+04   -0.557730074472742121E+01   -0.731061192226834144E+01   -0.397088806931109772E+01    0.446902004859808926E+03
    0.130378250340107860E+01    0.142329581821545344E+04   -0.567595586135890340E+01   -0.728977758624513417E+01   -0.399354042717901336E+01    0.447085533818288468E+03
    0.130111475468587079E+01    0.148636306943747491E+04   -0.539392705422041452E+01   -0.692999148889683259E+01   -0.397840381992327607E+01    0.446775697238044700E+03
    0.130280627369427582E+01    0.144378189820692342E+04   -0.564432276858274129E+01   -0.700581817510211202E+01   -0.398998420703092549E+01    0.446917827341085683E+03
    0.130225979949633297E+01    0.151076961467755905E+04   -0.569508305120663572E+01   -0.730879813984478766E+01   -0.410412275737472143E+01    0.447190164741606281E+03
    0.130225979949633297E+01    0.151076961467755905E+04   -0.569508305120663572E+01   -0.730879813984478766E+01   -0.410412275737472143E+01    0.447190164741606281E+03
    0.130241870485351408E+01    0.145147750519382566E+04   -0.548944131159670778E+01   -0.727494542788194476E+01   -0.395948803571713093E+01    0.447523963064050406E+03
    0.130241870485351408E+01    0.145147750519382566E+04   -0.548944131159670778E+01   -0.727494542788194476E+01   -0.395948803571713093E+01    0.447523963064050406E+03
    0.130123558922744453E+01    0.146342225366646016E+04   -0.539111260864887676E+01   -0.705323343158193428E+01   -0.390605936709695811E+01    0.447396957356128326E+03
    0.130123558922744453E+01    0.146342225366646016E+04   -0.539111260864887676E+01   -0.705323343158193428E+01   -0.390605936709695811E+01    0.447396957356128326E+03
    0.130549115623709766E+01    0.140333877132631551E+04   -0.580689974831802047E+01   -0.720731924403070678E+01   -0.401569717517552771E+01    0.447027135991555951E+03
    0.130312644719409354E+01    0.142271261342135904E+04   -0.559203708737565908E+01   -0.713050015177848984E+01   -0.394495463289533177E+01    0.447148774924226927E+03
    0.130465677242956279E+01    0.138784415995795939E+04   -0.544307101156526763E+01   -0.737100182875633969E+01   -0.394111514385392780E+01    0.446847779322459701E+03
