R_p_ref | T | log_Na | log_K | log_TiO | log_H2O
1.303866963038273985e+00 1.267477648502383545e+03 -4.397296669930297774e+00 -7.144857977692127271e+00 -1.019526687962320821e+01 -3.476069616830185893e+00
1.304375429866038605e+00 1.424629876950889638e+03 -6.515622858385918370e+00 -7.301854831145667468e+00 -1.116829587693690584e+01 -4.049224282967541555e+00
1.310156621847327729e+00 1.297131632071049353e+03 -6.411504291102255060e+00 -8.157947699732007507e+00 -1.068697505636712464e+01 -4.041020364358662853e+00
1.309453464566519010e+00 1.215796032162538268e+03 -5.521308090668817670e+00 -7.020485934393615679e+00 -9.862312510551525691e+00 -3.751989231758090071e+00
1.309013632476567324e+00 1.410641571854670019e+03 -6.036657491036296008e+00 -8.107554381103891927e+00 -1.102943888459326693e+01 -4.246532193984805303e+00
1.300864174668354911e+00 1.325390583787145260e+03 -5.319513676548071501e+00 -6.604509200843780903e+00 -1.021515002729638333e+01 -3.494449864856241206e+00
1.293408930419238878e+00 1.410780283875723626e+03 -4.460601209402437206e+00 -6.431618461284876354e+00 -9.077026928153832941e+00 -3.274113923193331388e+00
1.307474610970397411e+00 1.362842911771045237e+03 -5.382788012472207839e+00 -7.760779849530450747e+00 -1.062902083423323418e+01 -4.096159419569515237e+00
1.295282696549881596e+00 1.361895124196214056e+03 -5.141622377375628439e+00 -5.717806167865282063e+00 -9.003817670918550675e+00 -3.117705014557056842e+00
1.304612891453522217e+00 1.582852242159100797e+03 -6.724512195129705106e+00 -7.563916819845017514e+00 -1.190567261527567666e+01 -4.449916270722884981e+00
1.306410122635157656e+00 1.534850910930833606e+03 -6.537577287049798791e+00 -8.137412890161812129e+00 -1.132395051177321754e+01 -4.405207963646138758e+00
1.299085704280441567e+00 1.333710535320953568e+03 -5.838358246906807381e+00 -6.896484015410520918e+00 -8.665712045207314418e+00 -3.286508203126025762e+00
1.302462034590771589e+00 1.270786668060630063e+03 -4.900506999886601989e+00 -5.989915062231335519e+00 -1.197379583520608115e+01 -3.330249519969301630e+00
1.296972098513604177e+00 1.507313034621409543e+03 -6.208061395848721631e+00 -6.543724712604778837e+00 -9.512008407154439737e+00 -3.716454170515236299e+00
1.298498051551590926e+00 1.456532717294840950e+03 -5.071501572079037068e+00 -6.998354564503406650e+00 -9.724530858133075384e+00 -3.624416776416559571e+00
1.305098613737984303e+00 1.208267110665962264e+03 -4.605186014879074641e+00 -6.814502442903837220e+00 -1.127861814826006714e+01 -3.279329598043883465e+00
1.305066085445844681e+00 1.255151482975130421e+03 -4.732619425189702689e+00 -7.240102597097191506e+00 -9.708278097841049004e+00 -3.497017954131397488e+00
1.301664016340141616e+00 1.355183388762002778e+03 -5.668093675614795046e+00 -7.015140486286533417e+00 -1.010684215693672705e+01 -3.544514648985028771e+00
1.305778355294004989e+00 1.534720475256044210e+03 -6.624689543702085182e+00 -8.149056034718103803e+00 -1.184813801005493872e+01 -4.398047139937862227e+00
1.298892145315156732e+00 1.313207695052252802e+03 -5.409023290001921502e+00 -7.036226510753570196e+00 -8.882173567179480145e+00 -3.220809569122723204e+00
1.303350075005123232e+00 1.551883511783288213e+03 -6.472779031835653285e+00 -7.163116862778929672e+00 -1.191064430751480607e+01 -4.341379672826625402e+00
1.304556383028667721e+00 1.212511582682154540e+03 -5.029399211121297952e+00 -6.928287148026101683e+00 -9.541201639066681395e+00 -3.302913933415061010e+00
1.300640842289578325e+00 1.359688642152454577e+03 -4.866952788879775227e+00 -7.411212899139875354e+00 -1.012040608055357538e+01 -3.567796357514767536e+00
1.305689623077050499e+00 1.248452110253147112e+03 -5.103884885735419985e+00 -7.324399561984906271e+00 -1.194328361633646196e+01 -3.553870492884650290e+00
1.306014185259333882e+00 1.365707929057633464e+03 -6.960960986832161801e+00 -7.655282884127243115e+00 -9.608143493123780132e+00 -3.955635284634119841e+00
1.301268661834807050e+00 1.308940901980789249e+03 -5.039111658578976360e+00 -6.327012547734079284e+00 -1.122861194725113876e+01 -3.349749051825421375e+00
1.304365934664483806e+00 1.287130646494763596e+03 -5.567499418809324752e+00 -7.249138940347459759e+00 -9.787235444187990296e+00 -3.626352495047413527e+00
1.294531683040477166e+00 1.578250631628631936e+03 -5.847855860220571245e+00 -7.074714861429630908e+00 -9.434904446540375744e+00 -3.870914620256939997e+00
1.305340383352157740e+00 1.508432434046519802e+03 -6.400062716981810063e+00 -7.163141912669729550e+00 -1.059116842060933905e+01 -4.327262942898533638e+00
1.297507584410936055e+00 1.433021773389396913e+03 -4.936818217751568483e+00 -6.364225738416160461e+00 -9.457170040601148742e+00 -3.648457899153402906e+00
1.307223279887558931e+00 1.411718596409420115e+03 -6.484688190790037332e+00 -7.135281846128656902e+00 -1.066117486554127325e+01 -4.191601976336547075e+00
1.298189890695575777e+00 1.472536424545799491e+03 -6.496313915804891259e+00 -6.870746497458937618e+00 -9.040531458243139085e+00 -3.763763962916472749e+00
1.297687245420628521e+00 1.502971636643755573e+03 -4.823177722237457665e+00 -6.500311869205941839e+00 -1.111787197826650697e+01 -3.794377304814812391e+00
1.302968564382378958e+00 1.519971115724596302e+03 -6.341985014854319758e+00 -7.514643772105535469e+00 -1.074185385868259957e+01 -4.112798141598345225e+00
1.297642236778608460e+00 1.328024480422009674e+03 -5.058851444076672976e+00 -6.384695916777920921e+00 -8.782361709279832951e+00 -3.138242712973424275e+00
1.306036261035177892e+00 1.233259018592162874e+03 -4.965254450919326601e+00 -7.217393174582294790e+00 -1.189639535674102966e+01 -3.423348456940457751e+00
1.298428940916621421e+00 1.494417222099257060e+03 -5.815255713559207784e+00 -7.681734194346369726e+00 -9.671579233280938936e+00 -3.831080585451674736e+00
1.302746070734775774e+00 1.571549301322499559e+03 -6.221217113557074185e+00 -7.319005063693109214e+00 -1.017549264173829826e+01 -4.363083015585064395e+00
1.300651974712560888e+00 1.571548668480928654e+03 -6.190894861996126153e+00 -7.345797912707635824e+00 -1.032710752097932527e+01 -4.099620391771110484e+00
1.298080967617141868e+00 1.352677733371030854e+03 -5.978452125898691349e+00 -6.693154718799362968e+00 -8.906969548106150825e+00 -3.329219891346010485e+00
1.291278912777735544e+00 1.354061563148392224e+03 -4.600381296652399143e+00 -5.655985347832551469e+00 -8.402045632567887168e+00 -2.873792938958857235e+00
1.306383219870457246e+00 1.226828345712263399e+03 -4.869110804166073336e+00 -6.656177932094959893e+00 -1.149563988012569382e+01 -3.527316649057969045e+00
1.306428160943748473e+00 1.369058061837411060e+03 -6.660032405983326242e+00 -7.491849650537647065e+00 -1.015668762184863994e+01 -3.985674941204374377e+00
1.305339378461746636e+00 1.297886671107870825e+03 -4.869232576630601272e+00 -7.506230863840213985e+00 -1.126246579982262830e+01 -3.644595758265726460e+00
1.308450859330753335e+00 1.293983568679466771e+03 -5.231300087360271078e+00 -7.541244575596664390e+00 -1.139476291954685649e+01 -3.908419563563358068e+00
1.303709764576082453e+00 1.367050571570965076e+03 -5.850782368091585361e+00 -6.437643505455157289e+00 -1.029765462687633182e+01 -3.803945051476704364e+00
1.307004561463425585e+00 1.261620560726963049e+03 -5.384601748293243340e+00 -7.287763998870065763e+00 -9.620532579408221707e+00 -3.595165593459899611e+00
1.306251300372981206e+00 1.291120808729188184e+03 -5.567978979010026919e+00 -7.611703948681486587e+00 -9.626050045310476477e+00 -3.638172370809332534e+00
1.302709316465023193e+00 1.403362205637781017e+03 -6.010217058363480191e+00 -7.636634350975441521e+00 -9.655652768520816664e+00 -3.900408232051754354e+00
1.300261273839744769e+00 1.428570851980438192e+03 -5.533298873757965808e+00 -6.352918323937268852e+00 -1.146435258487330877e+01 -3.720853278566572442e+00
1.307366871414161080e+00 1.302609256920015923e+03 -5.209546472457661892e+00 -7.822805598415176753e+00 -1.113355943693809991e+01 -3.857822203749888601e+00
1.298872967185167981e+00 1.439915358135062661e+03 -5.445076783778260321e+00 -6.686933877540885973e+00 -1.077811344984158204e+01 -3.734392821578992994e+00
1.300323351254101034e+00 1.436848857265491233e+03 -6.255750925136485563e+00 -6.896023160252124029e+00 -9.277355061547655879e+00 -3.841443498102536935e+00
1.307992158860990184e+00 1.277970639845306550e+03 -5.646899887750943314e+00 -7.963726158664456101e+00 -1.003598200386613115e+01 -3.817805130057855934e+00
1.298773974181203217e+00 1.420262884415988310e+03 -5.135744716550966871e+00 -7.412404094704505120e+00 -9.797160110961002033e+00 -3.591430899800741372e+00
1.307027423727268989e+00 1.403512107495756254e+03 -6.201054371844878510e+00 -8.084391902293251775e+00 -9.905414729216575509e+00 -4.159130997691362630e+00
1.304318786529662155e+00 1.314968078462049561e+03 -4.749511842018385721e+00 -6.970189826641512099e+00 -1.066804882272035115e+01 -3.613701500716333115e+00
1.296844942808238921e+00 1.518520601403684623e+03 -5.037592603829475379e+00 -7.119505886971968955e+00 -1.158095870156285478e+01 -3.796626045279760220e+00
1.303001037166755527e+00 1.222918188365918013e+03 -4.852910905034927502e+00 -6.180962993824046237e+00 -9.302867210063151759e+00 -3.179459685294428795e+00
1.301704388634201459e+00 1.394767858327812974e+03 -5.323341331153751632e+00 -7.763738571915099307e+00 -9.549948088296490667e+00 -3.756710840655257400e+00
1.303044014094787872e+00 1.262497795626845573e+03 -5.245570828402051688e+00 -6.877382225749547828e+00 -9.754314597476511750e+00 -3.370152578974895619e+00
1.300444422794959420e+00 1.389910675018653819e+03 -5.264487695386065091e+00 -6.414082748929006428e+00 -1.172424421898087843e+01 -3.572778413969631472e+00
1.306178551084244743e+00 1.333629152931395083e+03 -5.491829418134317464e+00 -7.782798983497366763e+00 -1.081570236265470975e+01 -3.769271477074344290e+00
1.300525656746420067e+00 1.541937520028819790e+03 -5.574114441007983700e+00 -6.909834633382873292e+00 -1.101937994467368753e+01 -4.169084113158675109e+00
1.307788296737446343e+00 1.306481574916821955e+03 -5.292653961063282786e+00 -7.242487223399359131e+00 -1.133671320609608024e+01 -3.822327668480831164e+00
1.294987739944642557e+00 1.577060531905671496e+03 -5.101742223696255962e+00 -6.770944064335987278e+00 -1.105143446934064677e+01 -3.857387232378489017e+00
1.301816293107719069e+00 1.490015116311079282e+03 -5.523522987077527979e+00 -7.970980147554187489e+00 -1.194017952450611730e+01 -4.041700786385733934e+00
1.301364161465479174e+00 1.357144619896530912e+03 -4.833841094000852046e+00 -6.223039641136991484e+00 -1.180439393489351829e+01 -3.623479510580075669e+00
1.301424894827785561e+00 1.302261668859926658e+03 -4.989425645863918568e+00 -6.460880470228120842e+00 -9.012143529592023583e+00 -3.344311458120149183e+00
1.304451725942426865e+00 1.227189819518232071e+03 -4.997663003604285059e+00 -6.437446039710667200e+00 -1.026295164407465421e+01 -3.325151800680281156e+00
1.301490369249275636e+00 1.277374728281698708e+03 -4.924082394549843755e+00 -6.328043815027686314e+00 -1.025212893532307135e+01 -3.313653278683462489e+00
1.300210238793108042e+00 1.414547144406843017e+03 -5.292740441502479243e+00 -7.222914043959359987e+00 -9.691332394405204553e+00 -3.607564563717104988e+00
1.305285142058025372e+00 1.232218732509687015e+03 -4.991945515650368037e+00 -6.503274747365646924e+00 -1.135441749875317363e+01 -3.427887083582181305e+00
1.296604305770254317e+00 1.473316907988085632e+03 -5.145406841116427543e+00 -6.409900530358755510e+00 -1.161543838435865439e+01 -3.639584280190469201e+00
1.306483622918166887e+00 1.346676458663441508e+03 -5.426294819530351532e+00 -7.232263767738629667e+00 -1.025902469447750320e+01 -3.989651278128041767e+00
1.304286662249555695e+00 1.442757272506169556e+03 -5.345129464170986111e+00 -6.970746709269461050e+00 -1.111844496985626662e+01 -4.080616741634336186e+00
1.295139546621587590e+00 1.593127082050742274e+03 -5.389668176445944425e+00 -6.552991910188604052e+00 -9.700319391607463260e+00 -3.878135457243242712e+00
1.307120833546191463e+00 1.282806133189598768e+03 -5.287467048278777781e+00 -6.985049042435803379e+00 -9.846230648310271505e+00 -3.735828444645832747e+00
1.294258837370613868e+00 1.455480436931022723e+03 -5.523518574119714586e+00 -6.002387270242531159e+00 -8.937067458205183001e+00 -3.427856772170388311e+00
1.298187471088265044e+00 1.506437280739734206e+03 -5.060504555481387889e+00 -6.727847982666562920e+00 -1.144153923992560706e+01 -3.787762171475471007e+00
1.306544215145821752e+00 1.380200338262427977e+03 -6.170848219995968442e+00 -8.122568352522462121e+00 -1.042548447884530738e+01 -4.011074643029727937e+00
1.297238561880580177e+00 1.383069409047377121e+03 -4.672901977770826498e+00 -6.124343566219788038e+00 -9.300768155539978821e+00 -3.430638337532805338e+00
1.304108150528435317e+00 1.256322794352423443e+03 -4.842359789158106942e+00 -6.781423697163769582e+00 -1.160356557066709193e+01 -3.458432478315598857e+00
1.307491434351802262e+00 1.368475167621719038e+03 -5.499450483975030224e+00 -7.261682803367930816e+00 -1.132493259001469177e+01 -4.031031661608404981e+00
1.302041149465082093e+00 1.488346568440900910e+03 -6.283777148349803277e+00 -8.023401882992631684e+00 -9.806618426513885822e+00 -4.041852618191572155e+00
1.304797364379708613e+00 1.377388920201725796e+03 -5.628326708019726787e+00 -7.488204749086265544e+00 -1.014269568066659311e+01 -3.989233239604615733e+00
1.301962493909472496e+00 1.482889017143191268e+03 -6.017954422371524004e+00 -7.427343747796691709e+00 -9.671770797686461307e+00 -4.090857339134182702e+00
1.301519522627087033e+00 1.418327195196252887e+03 -5.161464656892542635e+00 -6.448219358691599012e+00 -1.191028106670909104e+01 -3.744106396613265275e+00
1.306423914061496827e+00 1.357926414290065622e+03 -6.455338664679152849e+00 -7.236629333406441766e+00 -9.871385769620308892e+00 -3.911824364741017135e+00
1.303098213808938644e+00 1.519347933130079127e+03 -6.338603486123403741e+00 -7.894970337973870045e+00 -1.006129051881202230e+01 -4.142977354880363450e+00
1.305809721107477950e+00 1.345994202072796725e+03 -5.864891537691600654e+00 -7.089166780071183283e+00 -1.156055262742775902e+01 -3.797455398045984865e+00
1.302130281694492187e+00 1.348205315259042436e+03 -5.463808169055054620e+00 -6.671467499066753959e+00 -1.175677892298309324e+01 -3.609310673726174201e+00
1.300613255629996301e+00 1.366769198274975679e+03 -5.947250756641698999e+00 -7.272105981539358055e+00 -9.119543397834249276e+00 -3.589583968245323220e+00
1.307439447773525387e+00 1.318766401128314101e+03 -5.679146660307617722e+00 -8.037163578223191607e+00 -1.037465412697692813e+01 -3.864787596015899496e+00
1.298809992509498024e+00 1.280189144407710955e+03 -4.969849619713177624e+00 -5.925726309338456232e+00 -8.809388903145418226e+00 -3.098158497406451772e+00
1.301957035522467221e+00 1.463240917395205997e+03 -5.193535783413184781e+00 -7.577980184303292788e+00 -1.130597179473270408e+01 -3.915083067813023732e+00
1.304836432318558170e+00 1.368698566216133941e+03 -5.548476401369786259e+00 -7.659863383914551349e+00 -9.883362934060055949e+00 -3.799395615850295727e+00
1.303300437620712460e+00 1.292811900492211862e+03 -4.757257077441566118e+00 -7.113976214526548603e+00 -1.110394801525599995e+01 -3.466334028476904194e+00
1.304011106245930085e+00 1.493269294240915315e+03 -5.539148865395498333e+00 -7.258792512565956478e+00 -1.101605550999343563e+01 -4.156371932986796303e+00
1.307417397664543124e+00 1.421297489311138179e+03 -6.453552747155775648e+00 -7.654645200488475965e+00 -1.150982845034353197e+01 -4.180809079934888928e+00
1.303481803720006216e+00 1.485013888938034825e+03 -6.678375139519874715e+00 -7.309322157172940315e+00 -1.023066476291552185e+01 -4.149470182103526028e+00
1.298710617085505170e+00 1.436171310648301642e+03 -4.724980501411280898e+00 -6.470073913887951278e+00 -1.169562888574656689e+01 -3.650071152495851123e+00
1.302205982669693007e+00 1.521515009593063951e+03 -5.931240999627579669e+00 -7.708786125483906737e+00 -1.156770506495945128e+01 -4.207709163905395400e+00
1.295268257778380283e+00 1.467191046502914332e+03 -4.821236722970811961e+00 -6.598221857467064133e+00 -9.854305564210696033e+00 -3.499846870050667746e+00
1.298997648119654791e+00 1.368049134500011860e+03 -4.839918535842988589e+00 -6.582255993888779244e+00 -1.021677369085589149e+01 -3.509383703862702930e+00
1.303045032589360330e+00 1.265679982406011732e+03 -4.743158375933600901e+00 -6.894491540843345589e+00 -1.025972537359450243e+01 -3.351939062693997329e+00
1.299881514748160383e+00 1.510970375303627634e+03 -5.203910221935212910e+00 -7.461392408917197905e+00 -1.136006761682148536e+01 -3.992243126272617459e+00
1.299024737580848798e+00 1.367841481349557171e+03 -5.359794321956646179e+00 -6.473345333778293131e+00 -9.678336875608742673e+00 -3.415151229490254181e+00
1.300693293336002254e+00 1.535454897677731196e+03 -5.943808517171428107e+00 -6.949973874036063926e+00 -1.003587405450760350e+01 -4.157676279206273584e+00
1.299227300300874521e+00 1.363150635932870500e+03 -4.910313426989167951e+00 -6.184694640582179659e+00 -9.157288412071949324e+00 -3.454890911604756809e+00
1.302518451632668217e+00 1.457419399727306654e+03 -5.929937801489149507e+00 -7.312515066678102471e+00 -1.069459072065931693e+01 -4.064689349928327644e+00
1.299453819854595293e+00 1.352334373863258406e+03 -4.524692196786379128e+00 -6.548828407839597965e+00 -1.053800060827617813e+01 -3.421189536770073758e+00
1.299508354210396455e+00 1.599529062873798239e+03 -6.076946631500895535e+00 -7.479826042223433724e+00 -1.029360720830065468e+01 -4.240000884002188108e+00
1.306862302699842049e+00 1.328168103733036787e+03 -6.130708736017148830e+00 -7.300086521450513288e+00 -1.077652994437587708e+01 -3.911036410171384148e+00
1.298760440680233996e+00 1.380905521704515650e+03 -4.661630042258849471e+00 -6.185978575454943673e+00 -1.124616403732789394e+01 -3.477009034748189009e+00
1.304055363562870440e+00 1.269957904404021519e+03 -5.559390980441079044e+00 -6.525172452518792632e+00 -9.238804083531437783e+00 -3.443700076270769017e+00
1.308643591969742559e+00 1.244785817318767386e+03 -5.319164667973713456e+00 -7.377535819309978926e+00 -1.183477212785926902e+01 -3.747859663607787439e+00
1.297281026172906193e+00 1.555141845135528456e+03 -5.321329683037814284e+00 -7.133749500213932393e+00 -1.127095396516161507e+01 -3.962382013614302423e+00
1.303222365855081666e+00 1.425936857214426254e+03 -5.993510816638425887e+00 -6.772131374289807937e+00 -1.155025013733341410e+01 -3.955111656244381990e+00
1.303367220196165244e+00 1.359861124827983986e+03 -5.024616215780203454e+00 -7.376565758649562099e+00 -9.836487513329071675e+00 -3.740743765301093759e+00
1.299477087971806943e+00 1.452066469215966663e+03 -5.568741251905345635e+00 -6.530249643053998909e+00 -1.063243089791440354e+01 -3.805362839223256799e+00
1.302251262131927767e+00 1.386597158595945075e+03 -5.578847084674358747e+00 -7.776641808335702066e+00 -9.551747258960674003e+00 -3.767593263158873995e+00
1.299847540442759630e+00 1.477381007534163246e+03 -5.151200414236399183e+00 -7.472816008620307926e+00 -1.151992092796972678e+01 -3.849072946650174742e+00
1.299231810638657780e+00 1.507831454985137952e+03 -5.132953476346871824e+00 -7.203441397205513574e+00 -1.163740441405297332e+01 -3.870212578899579370e+00
1.307466424262310856e+00 1.318187130693695735e+03 -6.103286984301460549e+00 -7.486458274876678587e+00 -1.008285728062279318e+01 -3.840953292202989644e+00
1.299381836330655071e+00 1.448031277604947491e+03 -5.465713581975757407e+00 -6.427608590213909068e+00 -1.112930759839031758e+01 -3.724779266348814843e+00
1.297016308748427438e+00 1.572247216824198858e+03 -5.650906779824601323e+00 -6.550532268430552030e+00 -1.056762088147752010e+01 -3.964759167728114875e+00
1.309291231231995978e+00 1.327480405075144972e+03 -6.138995682359970729e+00 -7.728909460029545819e+00 -1.080077933476504271e+01 -4.039940805707827209e+00
1.304559330427790709e+00 1.344342552288074330e+03 -5.874877212991001407e+00 -6.822968292983875749e+00 -1.086785851312572682e+01 -3.743428836397738380e+00
1.303113023568528650e+00 1.484498170320500549e+03 -5.442131393204052259e+00 -6.964698774441719920e+00 -1.087422613305872510e+01 -4.081865261817896773e+00
1.296665864378482524e+00 1.569618739441505340e+03 -5.131119117818736086e+00 -6.966408669037202905e+00 -1.080706763864035658e+01 -3.922691507094594243e+00
1.305216764277482344e+00 1.506091139098216217e+03 -6.434417726115021274e+00 -7.459605860356444573e+00 -1.084495954492007108e+01 -4.353698879982433212e+00
1.299136227004121569e+00 1.512644488528253305e+03 -5.298373300925991458e+00 -6.461609853152109118e+00 -1.057650348734367896e+01 -3.907734716432846866e+00
1.300439466547323564e+00 1.317776109659122767e+03 -4.955168076215622719e+00 -6.548247508493572511e+00 -1.030364394370711700e+01 -3.363104623695738482e+00
1.306175744571474562e+00 1.420665666631429758e+03 -6.097225328553371071e+00 -7.033420592646963065e+00 -1.037813593424899850e+01 -4.141082915974643619e+00
1.304269544887246557e+00 1.413774018772620366e+03 -5.524509160734468516e+00 -6.894869124323901310e+00 -1.175533248530003050e+01 -4.049228067028982636e+00
1.300157838680749300e+00 1.350149964051792722e+03 -5.283599538217939262e+00 -6.880551469362747419e+00 -8.965943560936878498e+00 -3.493136773566179798e+00
1.299282440305014719e+00 1.310481591718593336e+03 -4.529964508050410288e+00 -6.215074770476496369e+00 -9.615819866933232873e+00 -3.218646631000501301e+00
1.301283584361814238e+00 1.322881785878598066e+03 -4.803773465681648425e+00 -7.142407114374429433e+00 -9.592569717791800343e+00 -3.437922870100322825e+00
1.300654018329731931e+00 1.508358363910798516e+03 -5.340474981585604297e+00 -7.654761084698083806e+00 -1.199400862072309515e+01 -3.983726269001152787e+00
1.297742283309109901e+00 1.288860017667507691e+03 -4.832137069292071985e+00 -5.961175806820718570e+00 -8.781372005085870569e+00 -3.054590041675318446e+00
1.298405633778001000e+00 1.502106040253879655e+03 -5.473296298315765362e+00 -6.432591876379411211e+00 -1.038695683582047380e+01 -3.890307303363311320e+00
1.299349600787781389e+00 1.532785097853768775e+03 -5.774347957650878271e+00 -6.818431861077471012e+00 -1.145208708411689891e+01 -4.040355755072252641e+00
1.307640794912637405e+00 1.400662010239060692e+03 -5.989180467194271884e+00 -8.125155553518558449e+00 -1.067154184688409657e+01 -4.200144246353066713e+00
1.307580186663319655e+00 1.243146288884764544e+03 -5.304691038533466241e+00 -6.758162681808631334e+00 -1.088738341533668041e+01 -3.620494192616437346e+00
1.295941298186043644e+00 1.409344456607814209e+03 -5.407420314561609764e+00 -6.009188640311757368e+00 -9.084020271623550968e+00 -3.398781533908060482e+00
1.301611341200964667e+00 1.596628613073492716e+03 -5.950206682304981953e+00 -7.393416467843684892e+00 -1.074472900543520382e+01 -4.269289335847672007e+00
1.306383166403594087e+00 1.402448929246626449e+03 -5.490992005027345968e+00 -7.584690419829615671e+00 -1.168557059001916620e+01 -4.034768641432755487e+00
1.300612284497782323e+00 1.384088091861564408e+03 -6.017972704929933414e+00 -6.630819889303738002e+00 -9.448505780049565317e+00 -3.652977121680686778e+00
1.303690274717430819e+00 1.467610873439830129e+03 -5.844986253828281519e+00 -7.644086037391662813e+00 -1.059187649671139475e+01 -4.176465336667435579e+00
1.302275200295914814e+00 1.403394461140662997e+03 -5.620769119517548873e+00 -6.886945083397458589e+00 -9.439879637895806752e+00 -3.852486302571556109e+00
1.301434495468949404e+00 1.543771202535691373e+03 -6.296036193588567365e+00 -7.407651683808015086e+00 -1.055801727802621670e+01 -4.204544491058795685e+00
1.298494485629817508e+00 1.571237103741032797e+03 -5.934938431148799154e+00 -7.022588074029358474e+00 -1.017945339884930789e+01 -4.107030887747525227e+00
1.306450321839436768e+00 1.460998732171393385e+03 -6.493266279037186450e+00 -7.415165020196579526e+00 -1.087760727787599535e+01 -4.250150040974276067e+00
1.302364502849667094e+00 1.530039820190276487e+03 -5.867943726811130745e+00 -7.681539739431085145e+00 -1.118202159400800433e+01 -4.247587273264723073e+00
1.305232711158802683e+00 1.329775511186512176e+03 -5.804950558864767629e+00 -7.528895031245084191e+00 -1.033790249702757080e+01 -3.724187854581122892e+00
1.295602131328310147e+00 1.402949822247722750e+03 -5.191973283165688180e+00 -6.250114869300141152e+00 -9.260358158458465994e+00 -3.317997496369301302e+00
1.307383216342303589e+00 1.314440232463974553e+03 -6.070997370611364907e+00 -7.023152043497329799e+00 -1.044625765218165903e+01 -3.858041218572131115e+00
1.301122923170437540e+00 1.392196272485744430e+03 -5.514042312890103048e+00 -7.186897241849885987e+00 -1.037239373468280590e+01 -3.709541326403650530e+00
1.303852644177191600e+00 1.544161043241326979e+03 -6.461790896511570459e+00 -7.701785114570875557e+00 -1.076659152577136247e+01 -4.266817144899709646e+00
1.295856870524705773e+00 1.586128772860006848e+03 -5.564955695982755302e+00 -7.025523451584919421e+00 -9.929365000410417252e+00 -3.887897058932372474e+00
1.296117216931357730e+00 1.517633091872862678e+03 -6.071310447636206753e+00 -6.621324977895477026e+00 -9.276773451030255302e+00 -3.773539758082822715e+00
1.297608607714785034e+00 1.391199262876908961e+03 -5.236633909571823509e+00 -6.226144902870086817e+00 -9.487451306976549148e+00 -3.390436550552641037e+00
1.298644100573964622e+00 1.439131918832460769e+03 -5.717352290842082851e+00 -6.550694931083682171e+00 -9.109573115730478676e+00 -3.655808450630480877e+00
1.302547222144414540e+00 1.397224144068218038e+03 -5.741286962990441722e+00 -7.064603982091030687e+00 -1.098326907039825961e+01 -3.852634570888401555e+00
1.304131492496913403e+00 1.378764048242281888e+03 -6.116953750527589051e+00 -7.583419013790944518e+00 -9.682792702531479279e+00 -3.796298289489733691e+00
1.305546279661518039e+00 1.426314004570330781e+03 -5.993164283218587407e+00 -7.079968173399329601e+00 -1.175316235362237016e+01 -4.170492446753881310e+00
1.303169737279340934e+00 1.384113964374848820e+03 -5.436735067358310580e+00 -7.484283238494137791e+00 -1.146158515480771101e+01 -3.850233559941335315e+00
1.296966075266059004e+00 1.570752911014026949e+03 -5.165640060425868541e+00 -6.795896302282450563e+00 -1.072388149149977288e+01 -3.940778213995349333e+00
1.301567648248637354e+00 1.561783542959950410e+03 -6.434361292211837835e+00 -7.191453688812584844e+00 -1.020609726720988775e+01 -4.252630037372289173e+00
1.307940163585178173e+00 1.258531232427944360e+03 -5.393915867386745333e+00 -7.560998591773624433e+00 -1.145645370351512682e+01 -3.734779745593726830e+00
1.302018457063127910e+00 1.420772554069937087e+03 -5.407692226892697462e+00 -7.141013089658203583e+00 -1.010812730472138199e+01 -3.923935069259430364e+00
1.303036806891178401e+00 1.337443887557461039e+03 -5.771991586148851994e+00 -6.904431431762930949e+00 -9.590296623766370487e+00 -3.702651369740916465e+00
1.304891909259628058e+00 1.426987381953520980e+03 -5.832716288306939667e+00 -6.930976067044833044e+00 -1.149813966810193833e+01 -3.998738549974786949e+00
1.299790588641040356e+00 1.334189791501095669e+03 -4.703087274407110385e+00 -6.508415915385906914e+00 -1.080299314743466077e+01 -3.387273125551230279e+00
1.304979755805194319e+00 1.483075565659519498e+03 -6.170757267609071839e+00 -7.319783314776060479e+00 -1.030092048414153361e+01 -4.273436128727415628e+00
1.301993422615058460e+00 1.341587525755361639e+03 -4.721104190323135441e+00 -6.449978049912306055e+00 -1.194200440646968708e+01 -3.579856644324090453e+00
1.305694824734875636e+00 1.388752770565561150e+03 -5.621036369093472373e+00 -7.872094123855999825e+00 -1.093912995337838368e+01 -3.935938934771463948e+00
1.308812739132441338e+00 1.260566696655591159e+03 -5.658093353030828609e+00 -7.429975728608259722e+00 -1.095377333113534313e+01 -3.826356605653700171e+00
1.306685308177024440e+00 1.280645134000615826e+03 -5.039674023027225225e+00 -7.009949348259512547e+00 -1.093485149881598417e+01 -3.723906264401302124e+00
1.302302483466289740e+00 1.383168904032242153e+03 -5.337586421772831713e+00 -7.097826175590506992e+00 -1.182197874652907643e+01 -3.801704119306780427e+00
1.301617354317134989e+00 1.476622324188030007e+03 -5.309837374753757722e+00 -7.664020589612821510e+00 -1.181129465482417373e+01 -4.009107964244780220e+00
1.300689650476352321e+00 1.505932446150596661e+03 -5.961891605096731439e+00 -7.334096377751252227e+00 -1.097513546589002331e+01 -4.036899223828658734e+00
1.304624403113731956e+00 1.305007318892952753e+03 -5.205975590280761622e+00 -7.375395977051291574e+00 -1.087823698685724416e+01 -3.591919484139520335e+00
1.308182099340995830e+00 1.419846881128451287e+03 -6.216050269878595103e+00 -8.054177219835700896e+00 -1.176028276395661720e+01 -4.275291420049059710e+00
1.306172326720043575e+00 1.477460386118728366e+03 -6.393307167041938577e+00 -7.488340474077337383e+00 -1.146560290232091361e+01 -4.260041484950332524e+00
1.307307997138484446e+00 1.281715091901901587e+03 -5.596790435616509463e+00 -7.622333775036745251e+00 -1.006532669278535685e+01 -3.787271167933116800e+00
1.307461650644936357e+00 1.430924726334240404e+03 -6.444000066563974727e+00 -7.883700809274166055e+00 -1.070595191137694613e+01 -4.275708462030133106e+00
1.303176397276439191e+00 1.334636196142755125e+03 -5.112262571821092116e+00 -7.345995929439625094e+00 -1.062656400712796767e+01 -3.578208652720705985e+00
1.307499993604972710e+00 1.272689166834196840e+03 -5.141238237589786486e+00 -7.418214389795511288e+00 -1.145928780749007636e+01 -3.725959980036083863e+00
1.304846082683785102e+00 1.409229436589773968e+03 -5.753468665592107456e+00 -6.731029622841912641e+00 -1.058472229392842934e+01 -4.020996527004957244e+00
1.299126665094740396e+00 1.563503625558043723e+03 -5.288139073178361294e+00 -7.066751138531505383e+00 -1.119869863392894693e+01 -4.084401359579396207e+00
1.304533025278626690e+00 1.393874845949444079e+03 -6.242792335915748225e+00 -7.636350557900047242e+00 -1.016802902056080526e+01 -3.945510959052992206e+00
1.304879219081702901e+00 1.354691370078426189e+03 -5.887630130886172708e+00 -7.877096194888046021e+00 -9.668523028316624135e+00 -3.831151413200151623e+00
1.305077221701661072e+00 1.362735712440294492e+03 -5.373590881470341252e+00 -7.165930261429021009e+00 -1.011989304504343501e+01 -3.931091652501116585e+00
1.303082868925436344e+00 1.431342694950004443e+03 -5.689630132520327344e+00 -7.722663263583788407e+00 -1.174581537547657284e+01 -3.975849772413868166e+00
1.299914011357188315e+00 1.445263236958270909e+03 -5.880833666510024926e+00 -7.544999548476079454e+00 -9.323944027876070351e+00 -3.766554153887613055e+00
1.302340547611419153e+00 1.312689389134308840e+03 -5.098913132141011495e+00 -6.743365232023593059e+00 -1.160576083785290891e+01 -3.511904070647892340e+00
1.299896350934585110e+00 1.438135192727929507e+03 -5.001097325371891777e+00 -7.230931697968991045e+00 -1.090126613991106552e+01 -3.717381773754880214e+00
1.301262940017391401e+00 1.596591555198248443e+03 -6.001511197915240459e+00 -7.720786550536019810e+00 -1.164118821710493457e+01 -4.255173965553288973e+00
1.301265822188732546e+00 1.453138020021670400e+03 -6.279146862509187521e+00 -7.201039100835381568e+00 -9.659603592883730272e+00 -3.824995553868038911e+00
1.299762700432620655e+00 1.405288682556985805e+03 -5.311298147237458522e+00 -7.204509987871499099e+00 -1.010424499461637105e+01 -3.636225725953977417e+00
1.307966653444170069e+00 1.288589895253905297e+03 -5.853823698617745208e+00 -7.494873491801562260e+00 -1.112904589091935392e+01 -3.849873418547025139e+00
1.305176920656722528e+00 1.423813158722110984e+03 -5.342814620083375488e+00 -7.459166147003189806e+00 -1.127924985301009286e+01 -4.051162860251244169e+00
1.302922741835025322e+00 1.447436187653431261e+03 -5.957213043065507918e+00 -6.995164647529453106e+00 -1.154197989871452990e+01 -4.040158529309842983e+00
1.302973399096193141e+00 1.392638371166427987e+03 -5.527974335552260143e+00 -6.953361108066092200e+00 -1.087858801038819756e+01 -3.895758026190742740e+00
1.299364823751074871e+00 1.524680949807213437e+03 -5.814957504583264658e+00 -6.725077310249330864e+00 -1.134785004634104411e+01 -3.954809561273803453e+00
1.307445014830476815e+00 1.371688094630862906e+03 -6.336158338807795332e+00 -7.535354628584767234e+00 -1.068365026770168669e+01 -4.035549243373434791e+00
1.304762428199320645e+00 1.467630225510834634e+03 -6.422319998250999973e+00 -7.649862218350857113e+00 -1.090706323022607371e+01 -4.191960824896021620e+00
1.300409524327062361e+00 1.410860119650470551e+03 -5.039111346567108463e+00 -7.200120514460659038e+00 -1.169611007522919088e+01 -3.663589806418560357e+00
1.299820646203545538e+00 1.427360623265164804e+03 -6.077104382022864293e+00 -7.194141602505796484e+00 -9.422430427026034394e+00 -3.678912997990694933e+00
1.305239109415718524e+00 1.474459053517084840e+03 -6.146729540578608209e+00 -7.156191933720555731e+00 -1.041564764958884837e+01 -4.226570357105013720e+00
1.302284548823832155e+00 1.510124097166348292e+03 -6.062197792128108276e+00 -7.146861472068088084e+00 -1.113660936854976669e+01 -4.056659542057211354e+00
1.298616976274440393e+00 1.423855129969313566e+03 -4.885888027288917357e+00 -6.751144393344078232e+00 -1.156499563885158821e+01 -3.576519979946704453e+00
1.304846157857519895e+00 1.535491882305359013e+03 -6.322081990748820601e+00 -7.849452696652094552e+00 -1.108164524071982093e+01 -4.397876025227871466e+00
1.297605293720127673e+00 1.475661573616029500e+03 -5.491762009172863834e+00 -6.947162047212973590e+00 -9.507235354953440520e+00 -3.652703444283757150e+00
1.309199136987742262e+00 1.309478737239102884e+03 -5.895003599210676626e+00 -7.802683729798912893e+00 -1.137207181154561297e+01 -3.987394026949685255e+00
1.299217898268607119e+00 1.520951910064321282e+03 -6.256964539709222173e+00 -7.489694793176119525e+00 -9.608913033059115705e+00 -3.924589280728607577e+00
1.301559566463861062e+00 1.335958478993385597e+03 -5.459431231021325104e+00 -6.523727917181174618e+00 -9.821005588916623452e+00 -3.479072778285694056e+00
1.301266813743123363e+00 1.306522974387500199e+03 -4.959867972157272042e+00 -6.375665409506477310e+00 -1.041827339815180231e+01 -3.377723978848830910e+00
1.299201079996457509e+00 1.483843885360695367e+03 -5.381378043050837334e+00 -7.339680872352852603e+00 -9.747388461227819434e+00 -3.888297803719623857e+00
1.303636253882888285e+00 1.558449321864802187e+03 -6.316091508864795756e+00 -7.317252563891254447e+00 -1.153105234008313218e+01 -4.331951177910014827e+00
1.298464475503318116e+00 1.485496913504296344e+03 -5.432246860832898427e+00 -6.372446548888746065e+00 -9.893574602069520552e+00 -3.843096287799818711e+00
1.306387889222099918e+00 1.414396947178955315e+03 -6.428705028678878719e+00 -7.914756691097399433e+00 -1.036985194494865148e+01 -4.131944767481530612e+00
1.305190206285001819e+00 1.336738037789338932e+03 -5.394625565812655843e+00 -7.774179129737587068e+00 -1.102456291464651095e+01 -3.789810820480562725e+00
1.303784531316651618e+00 1.400552143283998475e+03 -5.671990465054113528e+00 -7.872393393084069935e+00 -1.024568903157132915e+01 -3.859264613988736770e+00
1.305636559312549405e+00 1.444640362054976777e+03 -6.091138891513570464e+00 -7.038555300863309050e+00 -1.104270637367574892e+01 -4.131796033718704741e+00
1.303943270967193646e+00 1.424860319977569816e+03 -6.127237952837044865e+00 -7.383746075202333614e+00 -1.082832758155716490e+01 -3.933446152524325612e+00
1.305808417711973091e+00 1.305689354095831277e+03 -5.093804645211957194e+00 -7.455064128029181170e+00 -1.159495962150947612e+01 -3.698330134641517830e+00
1.307453178600972432e+00 1.306511735988814507e+03 -5.754229205584417528e+00 -7.679289426786931827e+00 -1.196896247057008367e+01 -3.836500071051304417e+00
1.305094297523308633e+00 1.387125222770644996e+03 -5.962992883418547940e+00 -7.227246652933506432e+00 -1.155748395040253840e+01 -3.891418440051483074e+00
1.303673663594615562e+00 1.514339651625380156e+03 -6.377122650648297864e+00 -7.557089332805367654e+00 -1.131894850948342324e+01 -4.187955913158531551e+00
1.299741749726934792e+00 1.542175765504899573e+03 -5.254860964061455419e+00 -6.997465710962950780e+00 -1.150983519832503710e+01 -4.060416186033640074e+00
1.295726253993298327e+00 1.442468013869632841e+03 -4.769146019299377315e+00 -6.563032023695450690e+00 -9.371505310840827718e+00 -3.454137970292078919e+00
1.300828878639832098e+00 1.368537207125862096e+03 -4.759211114034721746e+00 -6.541118429169826776e+00 -9.988565424834288109e+00 -3.560794746950717737e+00
1.301390082012117588e+00 1.424493782139762743e+03 -5.704940294246859445e+00 -7.209303490052739072e+00 -1.090817946309640973e+01 -3.792092693725891195e+00
1.296670149639127967e+00 1.363219233219235775e+03 -5.073708135763841831e+00 -6.398998448472003275e+00 -8.770409220667556127e+00 -3.259830343736890512e+00
1.301079689962250541e+00 1.473161764851634643e+03 -5.087293478524379076e+00 -7.297620117647468874e+00 -1.145507690173184656e+01 -3.929849977132121808e+00
1.301431027759676562e+00 1.409482150990700575e+03 -5.255111705155882440e+00 -7.009174220732472094e+00 -1.118633388733664624e+01 -3.834423437445735772e+00
1.298908910514663173e+00 1.495009303307753044e+03 -5.186831232642161282e+00 -7.308420589962337566e+00 -1.066345823143391058e+01 -3.883389630874049203e+00
1.301650791308728072e+00 1.410902906250827755e+03 -5.263465428939181123e+00 -6.858029617026281777e+00 -1.136160079428588077e+01 -3.703703132513254559e+00
1.299791229920625790e+00 1.466754552444520186e+03 -5.274476094991690900e+00 -7.015940282451726517e+00 -1.134505320070975110e+01 -3.895380696452013680e+00
1.302395243971751659e+00 1.395722916816912402e+03 -5.035551532780673689e+00 -7.181507577164527589e+00 -1.119606147815228070e+01 -3.735857172905316048e+00
1.305567808373556904e+00 1.417265735844987830e+03 -5.679710353453478966e+00 -7.122550099700535320e+00 -1.033137263558563568e+01 -4.106756215744304939e+00
1.298525892160239170e+00 1.590132430286086446e+03 -5.827027232997083139e+00 -7.352207018977061637e+00 -1.027202735898752017e+01 -4.145105822934112894e+00
1.303919426113719693e+00 1.301164762265869285e+03 -5.032590359913424294e+00 -7.262331708421671195e+00 -1.016103388877375657e+01 -3.597271823555566073e+00
1.301039615019717655e+00 1.544013446873232397e+03 -6.357242135783842230e+00 -7.417593393452210471e+00 -1.041055733218419377e+01 -4.147503130554349937e+00
1.303173998347113338e+00 1.504400851184366275e+03 -6.287395952439990943e+00 -7.903677517727247803e+00 -9.840934670587031974e+00 -4.161482708280143328e+00
1.303662312271998802e+00 1.357645221063383360e+03 -5.731831110069789403e+00 -6.687927682760689940e+00 -9.648583769706391422e+00 -3.801509639196019918e+00
1.300887406831754634e+00 1.355689116084804482e+03 -4.945782303398059909e+00 -6.747438558188711966e+00 -1.094997157555102341e+01 -3.496236197071478813e+00
1.303094686378643452e+00 1.367470852459565322e+03 -5.311454562106647792e+00 -6.566117520555353693e+00 -9.906705820374687832e+00 -3.791487506752567072e+00
1.299942849667176992e+00 1.397805205391764048e+03 -5.101717364675629085e+00 -6.592109775768704161e+00 -1.059081050815083813e+01 -3.683807724430643304e+00
1.299273142862231278e+00 1.579448080091432985e+03 -5.529846867564988777e+00 -6.857063745732222770e+00 -1.172964738910668636e+01 -4.100449696538232658e+00
1.302354007139868930e+00 1.570953926854391284e+03 -6.328518062110640940e+00 -7.720563744992185562e+00 -1.007110306218198659e+01 -4.296087367254570744e+00
1.295527852404895874e+00 1.428211320158938179e+03 -5.006203577359294776e+00 -6.280132312452926691e+00 -9.617987342023280206e+00 -3.420019903714299758e+00
1.304994639817945501e+00 1.314337650225671496e+03 -5.319718026282421519e+00 -7.196514233608859890e+00 -1.184617139965119570e+01 -3.750224920471625367e+00
1.304452966764770405e+00 1.338687371561082728e+03 -5.156361780887857016e+00 -7.468709978622133150e+00 -1.017803785024440444e+01 -3.777688492112899254e+00
1.300335781552510950e+00 1.585548315258921320e+03 -5.794657157177915074e+00 -7.722847818669798414e+00 -1.100544514600365531e+01 -4.208572710326029309e+00
1.302694727871253511e+00 1.589205267833939388e+03 -6.099475697456755441e+00 -7.600035532069309596e+00 -1.060703367680114440e+01 -4.350198558107711833e+00
1.303568914586085814e+00 1.404162083152139076e+03 -5.896691713272236512e+00 -7.220373144680209521e+00 -9.741864538099408222e+00 -3.816773437442730454e+00
1.300774419976136187e+00 1.568831274660817826e+03 -5.930159538529763630e+00 -7.156616758815419033e+00 -1.070215498214379402e+01 -4.127415426033274493e+00
1.304090466622508382e+00 1.295794117257904190e+03 -5.361533169180425773e+00 -6.747591627682954396e+00 -1.026012076697659126e+01 -3.616813811029233605e+00
1.297305426350108704e+00 1.391324927949812718e+03 -4.837385709686880197e+00 -6.358423911037939469e+00 -9.966942532527523824e+00 -3.396214620197781642e+00
1.302950726593075093e+00 1.370956910219766087e+03 -5.127536389567642239e+00 -7.002278872041579838e+00 -1.071091792190943792e+01 -3.811842704522016234e+00
1.302852522546725567e+00 1.591857559342839068e+03 -6.046240588599119725e+00 -7.530467469244946699e+00 -1.118753354045653126e+01 -4.391055155197132187e+00
1.304146030923622579e+00 1.309496265895278611e+03 -5.206829331485483436e+00 -6.815116057459329468e+00 -9.916916983527183760e+00 -3.545915896740133633e+00
1.306229949725902006e+00 1.394177216937011281e+03 -5.581457110081214701e+00 -7.399578198549243702e+00 -1.143489055119897913e+01 -4.115877472402130088e+00
1.304309889699042158e+00 1.537139947159177837e+03 -5.892219903197202235e+00 -7.483312405847584614e+00 -1.168589340615224792e+01 -4.319567450772339612e+00
1.301734321683488460e+00 1.449311307095282473e+03 -5.197044093287335187e+00 -6.893560243888922301e+00 -1.096101678625798392e+01 -3.849904032272196019e+00
1.305469995162482633e+00 1.391883772802100339e+03 -5.758876235599817761e+00 -6.835241247267622278e+00 -1.113117800859114226e+01 -4.030236099067931121e+00
1.299053704394887543e+00 1.427139120419766641e+03 -5.194161427702956857e+00 -7.282335391740497599e+00 -9.713182998439938487e+00 -3.681185809445484125e+00
1.303362297211219545e+00 1.470141946471648225e+03 -6.289050787553038369e+00 -7.822196645434023488e+00 -9.793763324223682787e+00 -4.044545539862628658e+00
1.297165657479921519e+00 1.467636683411988315e+03 -4.998529616146628385e+00 -6.901338327167293230e+00 -9.446634705423885947e+00 -3.654568348631315189e+00
1.301511861579443208e+00 1.391368554659600932e+03 -5.324981493711481662e+00 -7.144236816140749902e+00 -9.729924238962684768e+00 -3.635364902469540027e+00
1.304247201421487201e+00 1.268482518688052096e+03 -5.081025382633125531e+00 -6.410471156568936735e+00 -1.005798134016771961e+01 -3.459487154779690599e+00
1.298700549007330451e+00 1.459316142707347126e+03 -5.416479132971543820e+00 -6.469739231776334698e+00 -1.072989255220724480e+01 -3.753726601285180209e+00
1.303819845506845265e+00 1.432672555233258890e+03 -5.395618484169129481e+00 -7.500679097080097613e+00 -1.115658304796631839e+01 -3.932077153638443789e+00
1.303469069767838828e+00 1.350602699937170883e+03 -5.247979083936806788e+00 -7.495951840511540176e+00 -1.146034216372952486e+01 -3.699640046695034101e+00
1.307301237772134250e+00 1.299551466963732310e+03 -5.562629412905313764e+00 -7.632283207705432559e+00 -1.154236187484941567e+01 -3.849603560082709208e+00
1.298901170105427383e+00 1.530782067368550997e+03 -5.533458868251661222e+00 -7.574529470200825898e+00 -1.014540940601067653e+01 -3.946838163709189828e+00
1.297939703679382717e+00 1.382950973907326897e+03 -4.801296864849699197e+00 -6.225157968011658660e+00 -1.009148894380004613e+01 -3.449687491218798030e+00
1.301041229233586449e+00 1.473679195009259956e+03 -5.334052983860084751e+00 -6.995433165370289252e+00 -1.097166051142145982e+01 -4.001121482355586956e+00
1.303486971723698762e+00 1.443283460375274899e+03 -5.723668982782917247e+00 -7.170967820582679231e+00 -1.037957667097812831e+01 -4.087855179909206882e+00
1.305064075742369489e+00 1.398359205227326129e+03 -5.818591490020412316e+00 -6.834751205396710994e+00 -1.105395649704655447e+01 -4.029440457457303282e+00
1.301532161935256227e+00 1.469228139709607603e+03 -6.105826674193128412e+00 -7.230293529494514537e+00 -9.839860487407129597e+00 -4.019778991386787403e+00
1.304298431954192150e+00 1.326444765739221793e+03 -5.946082051887787934e+00 -7.251884269968845054e+00 -9.721158089690806747e+00 -3.659956597155444413e+00
1.301358604036186417e+00 1.437782383038561875e+03 -6.053505883274395316e+00 -7.127736395104582456e+00 -1.006377594952181909e+01 -3.814840060704915103e+00
1.305593173133695606e+00 1.450581314471256519e+03 -6.443559351851566142e+00 -7.491749481148867851e+00 -9.982139576192256669e+00 -4.186847996497803592e+00
1.305280985073673294e+00 1.284429760839734854e+03 -5.390345849030766523e+00 -6.812061002793404541e+00 -1.078846009227130942e+01 -3.644647142919239968e+00
1.295624848535908979e+00 1.518842635406414729e+03 -5.782096617262066474e+00 -6.441144800994324626e+00 -9.356604856411385285e+00 -3.729785076857174531e+00
1.296943885168253319e+00 1.561505013994933506e+03 -5.407743580974149644e+00 -6.709149392168460402e+00 -1.198855921762936205e+01 -3.926460008001017243e+00
1.302756670538138595e+00 1.516781166719212706e+03 -6.456215614373054912e+00 -7.602596693818989948e+00 -1.002138302110045132e+01 -4.213300569641754478e+00
1.300974116851284945e+00 1.395964032293634318e+03 -5.036778684219131996e+00 -6.969976091183055722e+00 -1.147826372748968282e+01 -3.635626954773703901e+00
1.299833601801169358e+00 1.446149967171818844e+03 -5.194075386829831054e+00 -6.548663917902730169e+00 -1.180757423828523756e+01 -3.721230996522615797e+00
1.304328018275516365e+00 1.385657380495256120e+03 -5.791528430353423573e+00 -6.828194961146171416e+00 -1.185740184549013776e+01 -3.849532971807699155e+00
1.299525628601053251e+00 1.522838709111038042e+03 -6.294303072015480005e+00 -6.875155522022252441e+00 -9.702288991202351554e+00 -3.948286965863305298e+00
1.305721933413768188e+00 1.305138788249075333e+03 -5.993367102988060857e+00 -7.172728648763482262e+00 -9.503020015685319066e+00 -3.710944170517491258e+00
1.304172316369323292e+00 1.384628248098310451e+03 -5.746532696790975336e+00 -7.515864342640157680e+00 -9.707394278354168904e+00 -3.809111501299593527e+00
1.303179666345713361e+00 1.472968168847198513e+03 -5.968030802953936842e+00 -7.460685401278403184e+00 -1.050032026456844036e+01 -4.147277411220586352e+00
1.303920539489253461e+00 1.384066614904398193e+03 -5.741728335896183921e+00 -6.971585615572076122e+00 -9.573676609400838089e+00 -3.811780874089294002e+00
1.305804391167781908e+00 1.456471699655077146e+03 -5.770779149714446277e+00 -7.760107803865388121e+00 -1.137983334776692423e+01 -4.163425400828873357e+00
1.299585274748414454e+00 1.542232492361106779e+03 -6.290250921165830178e+00 -6.879532712041100950e+00 -9.743229604172469749e+00 -4.032884469893439849e+00
1.304253798265039954e+00 1.450734185050965152e+03 -5.892079804907069729e+00 -6.879327041844360835e+00 -1.103659728449843591e+01 -4.122183474110598489e+00
1.306857858774023384e+00 1.369562691610781940e+03 -5.679061733859701810e+00 -7.011031603967653680e+00 -1.156514750057253060e+01 -4.055079715366344928e+00
1.302985984169846345e+00 1.497117990456159987e+03 -6.470240609234019225e+00 -7.484863832603399381e+00 -1.017638694400059052e+01 -4.170838652359961429e+00
1.298926468296099923e+00 1.531169708583128568e+03 -5.363088255312453256e+00 -6.575786266536749913e+00 -1.086592239508707891e+01 -3.972282833849330785e+00
1.297878779910360381e+00 1.471769402822534857e+03 -4.931794999752932895e+00 -6.812161875955738743e+00 -1.141700304634039931e+01 -3.732237800951024198e+00
1.306605288092590689e+00 1.383733039083934727e+03 -5.980743151982967909e+00 -7.754157901964619626e+00 -1.162866458823916460e+01 -4.093139114221918895e+00
1.304718108309916413e+00 1.339877867959985906e+03 -5.848298353968106156e+00 -7.172662943797166513e+00 -1.064818230373781560e+01 -3.757638696590248628e+00
1.299807815889451712e+00 1.497315934718300923e+03 -5.600464274026925260e+00 -7.420748805068002163e+00 -1.096740465267061460e+01 -3.922716959465033071e+00
1.300687865986076774e+00 1.444224561638035311e+03 -5.092401848763541850e+00 -6.721540661850831988e+00 -1.079885675851904381e+01 -3.868890386275710469e+00
1.303618983488286531e+00 1.524560858588314659e+03 -6.403819731289487116e+00 -7.447864840938319908e+00 -1.117852084849422312e+01 -4.267211017248015992e+00
1.301745020478756842e+00 1.582167834377998133e+03 -5.860673950387901954e+00 -7.317014628449406644e+00 -1.070967162677731110e+01 -4.305161045233383277e+00
1.304138010643570933e+00 1.362104419628905816e+03 -5.222937630278629229e+00 -7.650822017714665968e+00 -1.198142920392532140e+01 -3.789519350722926561e+00
1.301230226230771336e+00 1.318080957215607668e+03 -4.935216832600304748e+00 -6.909308843388020094e+00 -1.000709767248555693e+01 -3.420614567583356802e+00
1.299285566508155743e+00 1.526850308798176002e+03 -5.777105754881035615e+00 -6.990880185582017070e+00 -1.162851127356016079e+01 -3.993372094479326506e+00
1.302954501734669313e+00 1.263189823350846837e+03 -5.140444556013440192e+00 -6.601481469334951946e+00 -9.567546464494229852e+00 -3.347809631879881564e+00
1.303063872416295066e+00 1.303362698716413661e+03 -5.148013854888284335e+00 -7.069641697782175882e+00 -9.486176019842684326e+00 -3.548021703548979389e+00
1.300553313981085202e+00 1.533970496761724462e+03 -5.770858767583018967e+00 -7.676846453111667579e+00 -9.850507512882249017e+00 -4.051457841716908703e+00
1.297831814791192473e+00 1.448599118178904746e+03 -5.093407309557760776e+00 -6.487327639267560286e+00 -1.097066122338086913e+01 -3.666237722103284469e+00
1.304227101117321208e+00 1.412656917641053269e+03 -5.509123894664449850e+00 -7.868296711453433012e+00 -1.189063723072426981e+01 -3.935354413723491263e+00
1.306165986508706744e+00 1.382078098953503968e+03 -5.774506687678904626e+00 -7.046639876157850146e+00 -1.020176873148617958e+01 -4.035356931037735073e+00
1.306562562818672113e+00 1.432824361510887911e+03 -6.383214280578240363e+00 -7.873074317652566378e+00 -1.085693760453720635e+01 -4.191489458976393578e+00
1.303077831543544729e+00 1.293249769538864257e+03 -5.576773419745736149e+00 -6.910057994045031293e+00 -9.313832855587586224e+00 -3.496430397164832726e+00
1.300689437768556722e+00 1.312523959399350815e+03 -5.391706352383820899e+00 -6.755150090678875507e+00 -9.014621477140277506e+00 -3.379745234181681823e+00
1.300793712119512557e+00 1.459439062517740467e+03 -5.256443690495776089e+00 -7.559917321394626022e+00 -1.060612482667721501e+01 -3.863810749835783653e+00
1.305714124505437335e+00 1.347214848237487104e+03 -6.105774543347592953e+00 -7.436932864863048387e+00 -1.028606115988947067e+01 -3.870161650741771098e+00
1.306730773612913232e+00 1.402618502025710086e+03 -5.545050003413653172e+00 -7.533189479188378890e+00 -1.169528202461381206e+01 -4.131192439949001205e+00
1.304618544810507874e+00 1.262017744979385952e+03 -5.023443467165457754e+00 -6.540578225627659670e+00 -9.859099070904278506e+00 -3.468831961302749178e+00
1.295201144372936097e+00 1.508293347480711873e+03 -5.202044696781543465e+00 -6.258355213174395359e+00 -9.561333714285645158e+00 -3.643532015797793733e+00
1.303688941997312556e+00 1.306810635406608526e+03 -5.087965309720866358e+00 -7.067776219337088328e+00 -1.057764080621008773e+01 -3.524038683511276915e+00
1.297768352634450562e+00 1.504776982567864707e+03 -5.424697162495231595e+00 -6.653777629317555231e+00 -9.526384642262737401e+00 -3.848178368061924814e+00
1.301634821282847243e+00 1.325720144061289830e+03 -5.315289897642411887e+00 -7.095569358916309355e+00 -9.636765364453891536e+00 -3.476017637254372517e+00
1.301225508155074762e+00 1.404825314441389764e+03 -5.293080891432111024e+00 -6.387966715647225513e+00 -1.030134679437650824e+01 -3.692832880009556007e+00
1.305208287064965056e+00 1.319322000819025106e+03 -5.296162950036679362e+00 -7.497455922032824738e+00 -1.162859836180003370e+01 -3.759757868953743198e+00
1.302212886695146121e+00 1.421269415789922505e+03 -5.551551361751673852e+00 -6.912360077002830394e+00 -9.584846390929964599e+00 -3.893817419054975915e+00
1.298121943988415961e+00 1.373375788182003816e+03 -4.955614990871214154e+00 -6.206930198854337277e+00 -9.707122888294092533e+00 -3.371908104384678140e+00
1.303380431352301638e+00 1.280489119527182993e+03 -4.879870299142987200e+00 -6.524903893034709412e+00 -1.116336645993486520e+01 -3.455150266502238665e+00
1.302216278358965695e+00 1.450472182921768081e+03 -5.760649185110583659e+00 -6.831298125734344140e+00 -1.088913316010466836e+01 -4.005207742990796405e+00
1.303774460939289170e+00 1.420284344064233210e+03 -5.645321140446107222e+00 -7.748798034767544252e+00 -1.015815978908730166e+01 -3.902324831871531785e+00
1.301572885859940243e+00 1.431137877618999028e+03 -5.728084313865740462e+00 -6.597122405883045992e+00 -9.736403679019367985e+00 -3.879991188442826200e+00
1.308701473935643289e+00 1.305635612642636488e+03 -5.821829659413018554e+00 -7.414490153821338581e+00 -1.058321897748950313e+01 -3.930657223186189597e+00
1.303587311195299137e+00 1.501117513313563222e+03 -5.847762571582846292e+00 -7.364180231585383929e+00 -1.166404847011891022e+01 -4.251602574462038930e+00
1.302845752931878209e+00 1.405394876041121506e+03 -5.293335079654466924e+00 -6.527462414892791998e+00 -1.127115194590203906e+01 -3.844167134352863613e+00
1.305379707195196914e+00 1.298275607056089257e+03 -5.540378961339937014e+00 -6.740605592007684166e+00 -1.092235450361173044e+01 -3.686559193282983315e+00
1.303005615619340807e+00 1.344224666223050235e+03 -5.166733891632758535e+00 -7.274424709160964397e+00 -1.131783451161061471e+01 -3.615674213386483871e+00
1.298754264792324253e+00 1.485689864810961808e+03 -5.372890690588986828e+00 -6.538099837447773233e+00 -1.195365820372347088e+01 -3.797325991931442601e+00
1.305123410355384372e+00 1.442503916822434121e+03 -6.016010769419704474e+00 -6.950911628210929116e+00 -1.142725310913583847e+01 -4.115334438333945855e+00
1.301970882598566970e+00 1.504510338579455038e+03 -5.955261115207582279e+00 -7.929367231424596874e+00 -9.996399869822559126e+00 -4.084933181568884741e+00
1.305188277274054842e+00 1.354230054168832567e+03 -5.465909084633151060e+00 -7.548177200424655453e+00 -1.002701210281942679e+01 -3.787933296285714846e+00
1.301544642789388417e+00 1.484868322622138066e+03 -5.511417804209145288e+00 -7.579612304185335603e+00 -9.862035433635590209e+00 -3.982241317061168573e+00
1.305944583917705293e+00 1.340796998167002130e+03 -5.785802231961200803e+00 -7.091389245458403323e+00 -1.124945375635078371e+01 -3.912251477437923342e+00
1.304180912769068446e+00 1.380264487615587086e+03 -5.221903252889601887e+00 -7.649022369936865573e+00 -1.161880227973355062e+01 -3.871312581822268228e+00
1.303367505679729144e+00 1.404736091826616985e+03 -5.660820832825944393e+00 -6.579395708866970338e+00 -1.098742531585065585e+01 -3.885378528817254207e+00
1.303922537788502645e+00 1.325179658046963596e+03 -5.542255709257727148e+00 -6.774936692125995918e+00 -1.012486501462615429e+01 -3.716808082894655030e+00
1.302431963848678986e+00 1.385721966323390916e+03 -5.698175723158773742e+00 -7.214487890038110862e+00 -9.416286431198869877e+00 -3.708874991978641233e+00
1.301241670563323405e+00 1.470336426775892051e+03 -5.819691417932890687e+00 -7.202656138252374163e+00 -9.708651618717413001e+00 -4.002014839509127953e+00
1.301844312057636177e+00 1.277557521465643731e+03 -5.027128029062984282e+00 -6.584745017292854996e+00 -9.581668924676218779e+00 -3.324125378199834557e+00
1.300609857127362989e+00 1.375254407078203712e+03 -5.966872792588546304e+00 -7.036038604227582205e+00 -9.190705636130182654e+00 -3.591939647513992639e+00
1.301815552745202664e+00 1.371638029578658461e+03 -5.113818505652854007e+00 -7.187262730679362832e+00 -1.166171492648305730e+01 -3.629475698398545447e+00
1.297963035116226571e+00 1.388049538800658411e+03 -4.992787081326227394e+00 -6.732633147673366736e+00 -9.698780618820908472e+00 -3.438102205668890576e+00
1.306845541085807749e+00 1.363566032313017331e+03 -5.946986011966979291e+00 -7.244520293060663363e+00 -1.006043922615788411e+01 -4.031041059052293818e+00
1.299830929587740158e+00 1.539643437719305894e+03 -5.437067792851214776e+00 -7.482929845736602026e+00 -1.161960030049083414e+01 -4.019415891288863563e+00
1.304404452150280447e+00 1.432278805073153990e+03 -6.179031411111050254e+00 -6.988612324647978546e+00 -1.083384770285415932e+01 -4.043445168836355741e+00
1.304684183034213962e+00 1.343494542416547802e+03 -5.093275399089058908e+00 -7.036765895650886726e+00 -1.071798878335337690e+01 -3.813963725404290628e+00
1.295728693153908040e+00 1.440689270564031858e+03 -5.375074012905043830e+00 -6.209499877072113705e+00 -9.051295076358181646e+00 -3.471945936302674340e+00
1.307760982996677646e+00 1.387622973951996983e+03 -6.226926170750180844e+00 -7.624380975629789781e+00 -1.150879159833130672e+01 -4.121801460329106881e+00
1.302120695180376986e+00 1.344723486761852200e+03 -4.936563684277385455e+00 -6.546980252786235077e+00 -1.036775549557706988e+01 -3.634596748304334213e+00
1.303427830933109766e+00 1.470148021634665838e+03 -5.614337229468416623e+00 -7.016392028649707235e+00 -1.105688188275360773e+01 -4.027147829860019179e+00
1.306313485220772064e+00 1.358946346706547956e+03 -5.552424930899579891e+00 -7.094979711380275944e+00 -1.102973029347519507e+01 -4.007659164211629488e+00
1.301283618474588177e+00 1.383065232517295726e+03 -5.285575121422397160e+00 -6.452695393686257219e+00 -1.062787368548007905e+01 -3.617464596635228347e+00
1.299019435191537841e+00 1.425945708828797933e+03 -4.983873779652597591e+00 -7.107622883865635899e+00 -9.742624725814820863e+00 -3.668104740128519836e+00
1.306720049909991577e+00 1.447777355613788814e+03 -6.368662847762021961e+00 -7.631415156091982510e+00 -1.181581813796716673e+01 -4.247698386463517828e+00
1.301508407068779016e+00 1.462138807956509481e+03 -6.131707341071715334e+00 -7.154070697102034693e+00 -1.031584101887438543e+01 -3.924212565857821744e+00
1.304223631480818657e+00 1.355976803258079599e+03 -5.973259033482455571e+00 -7.267525065335627588e+00 -1.015946347358353208e+01 -3.771369333768383569e+00
1.297798006376348567e+00 1.463474463459773233e+03 -5.042507164443390089e+00 -6.425334215479408861e+00 -9.591428255378435352e+00 -3.678195854461158376e+00
1.300808900598371398e+00 1.347276135165030610e+03 -5.023451804209935645e+00 -6.397435089212820003e+00 -9.477123593705382376e+00 -3.465630158959518425e+00
1.299821929028694978e+00 1.529990793262522629e+03 -5.849676842404106125e+00 -6.831590620268978675e+00 -1.156399462064805483e+01 -4.022008865893052842e+00
1.298468006309272171e+00 1.558516993191866732e+03 -5.595567025484768919e+00 -7.295317429267902831e+00 -1.098460374456301736e+01 -4.030094087672940972e+00
1.304422226727292466e+00 1.413714075888451589e+03 -5.324754387121624077e+00 -7.144302210053935731e+00 -1.196632317618703212e+01 -4.030816011749782213e+00
1.307720699393731589e+00 1.297098625363143583e+03 -5.310662156292164759e+00 -7.263952486064290781e+00 -1.169630597900275681e+01 -3.829763116891578889e+00
1.295688490149141447e+00 1.518126089659693207e+03 -5.213105787267892310e+00 -6.800581727089866746e+00 -9.452814313807422764e+00 -3.744323800225144439e+00
1.306903452472957916e+00 1.372181620613945142e+03 -6.017582730368151722e+00 -7.786803773267789275e+00 -1.180205988017096175e+01 -4.051098747065523753e+00
1.303083757170877099e+00 1.412382193610971854e+03 -6.376414868271634617e+00 -7.102806830107441627e+00 -9.497785126512280129e+00 -3.875293945832966713e+00
1.306993634470100307e+00 1.405483758983505140e+03 -6.134359490995387354e+00 -7.418675199351723926e+00 -1.190805878315108934e+01 -4.192998609334797067e+00
1.299123014597360015e+00 1.409730247174714123e+03 -4.977904696943458163e+00 -6.730816484221310070e+00 -1.195537621386926297e+01 -3.614365290532015607e+00
1.297617005478709507e+00 1.366307950961343295e+03 -4.766589153206990837e+00 -6.067545211923847326e+00 -9.335576322158901874e+00 -3.337141436287724972e+00
1.304232514799090303e+00 1.520494327199065538e+03 -6.216135337334426580e+00 -8.004414821152952442e+00 -1.072012600774669444e+01 -4.272780846243322550e+00
1.305152529187705968e+00 1.295367958760679358e+03 -5.450363124453551755e+00 -7.243493702071778451e+00 -1.039016196099662714e+01 -3.675044011446589209e+00
1.299592045729808021e+00 1.452862318067764591e+03 -5.271472946270197468e+00 -6.478413802715576431e+00 -1.010286190063238543e+01 -3.820474173151502839e+00
1.300888475656285737e+00 1.434218254359452885e+03 -5.704713440063758689e+00 -7.044808576974232572e+00 -1.068874191333110701e+01 -3.778135453791524156e+00
1.304790336432534392e+00 1.343644411185725403e+03 -5.590032203997489901e+00 -6.709470244635062919e+00 -1.029054771841714278e+01 -3.728912828708470073e+00
1.304488260090865603e+00 1.432638207072065825e+03 -5.882091896061728775e+00 -7.072626297877762092e+00 -1.082518011519391621e+01 -3.976057500412357726e+00
1.306609971637585188e+00 1.374216540523445701e+03 -5.544049141816208781e+00 -7.416409091002746479e+00 -1.181237182445983969e+01 -3.952858957707254817e+00
1.305385890469810795e+00 1.377810020143346037e+03 -5.541880335846995465e+00 -7.794450579290486125e+00 -1.112682477674320047e+01 -3.978820073947414215e+00
1.305385890469810795e+00 1.377810020143346037e+03 -5.541880335846995465e+00 -7.794450579290486125e+00 -1.112682477674320047e+01 -3.978820073947414215e+00
1.302141906946874261e+00 1.325145894746368867e+03 -5.559459798917703921e+00 -7.188329541389531840e+00 -9.321785059893883840e+00 -3.522011825901925519e+00
1.303330205775812045e+00 1.313218192641872520e+03 -5.265476501588353564e+00 -6.791134530402574754e+00 -1.160887974415561708e+01 -3.549748612530191139e+00
1.303330205775812045e+00 1.313218192641872520e+03 -5.265476501588353564e+00 -6.791134530402574754e+00 -1.160887974415561708e+01 -3.549748612530191139e+00
1.303231992150395646e+00 1.526453395504045602e+03 -5.687398403167768457e+00 -7.555437877131837787e+00 -1.108367873023307837e+01 -4.201639795856523030e+00
1.301728888387144956e+00 1.569480759937323683e+03 -5.869513657838772325e+00 -7.719728190018278369e+00 -1.052140270950089196e+01 -4.265152652489967444e+00
1.297218608358053249e+00 1.504026314350552184e+03 -5.678260737718965778e+00 -6.580472670386951606e+00 -9.896349889698381475e+00 -3.747990773189290081e+00
1.300277655232230600e+00 1.536032396180127989e+03 -5.855552292028919581e+00 -7.043609285116353647e+00 -1.044079481109707253e+01 -4.126690144401788274e+00
1.306657253240260497e+00 1.294768842163244699e+03 -5.163258609858518255e+00 -6.979603066860343930e+00 -1.107457459944214762e+01 -3.747075000452893434e+00
1.301696160738095687e+00 1.519909224881235104e+03 -5.443107390899410980e+00 -7.389925766410372354e+00 -1.187546456430339425e+01 -4.146611993840562782e+00
1.303715679979256636e+00 1.460129163804870814e+03 -6.498147617023792399e+00 -7.496462911538509744e+00 -1.014523206515959863e+01 -4.064358077370961553e+00
1.303460718763844950e+00 1.313191981077129640e+03 -5.087711299901515716e+00 -6.572131690524557257e+00 -1.097324376253249767e+01 -3.527065419566097759e+00
1.300992317220141636e+00 1.549625191598404172e+03 -6.067036013379715875e+00 -7.432160985677567666e+00 -1.103524981902796931e+01 -4.177405508363061237e+00
1.298519240808179820e+00 1.570752925125612137e+03 -5.624931121536629774e+00 -7.029039989927106546e+00 -1.120363724348394463e+01 -4.087230438784446029e+00
1.303169797695853394e+00 1.454072958840845558e+03 -6.072943489746034373e+00 -7.546906630002859551e+00 -1.099897972430073523e+01 -4.013754342850962331e+00
1.297028522487050139e+00 1.472563884543231552e+03 -5.412923540463160599e+00 -6.247973427016169978e+00 -9.562432073646213837e+00 -3.653850557189407766e+00
1.300608664695678485e+00 1.417219401877490782e+03 -4.968165498278759529e+00 -6.771017830135836135e+00 -1.079852932855817471e+01 -3.687231557030720808e+00
1.303433801738670628e+00 1.434658976517770270e+03 -5.663524117089236753e+00 -7.643874347906334243e+00 -1.068460050266725503e+01 -3.910271293614863808e+00
1.301332645418671774e+00 1.498543102238585107e+03 -6.011200574151316367e+00 -7.046653312823212723e+00 -1.101760077945228744e+01 -4.057366763908060392e+00
1.302057873185421100e+00 1.312376135242649525e+03 -4.936570748073441095e+00 -6.641545665150027311e+00 -9.400133079627604360e+00 -3.488030965274516504e+00
1.301224491181102394e+00 1.419574656408262854e+03 -5.324328230421151886e+00 -7.335606849350226888e+00 -1.123175972696971314e+01 -3.752683993371881854e+00
1.302903590081333496e+00 1.339305789765013060e+03 -5.795654369778638682e+00 -6.687507273853279699e+00 -9.769077577216947361e+00 -3.618246343490485017e+00
1.299818902406929544e+00 1.467475883206145681e+03 -5.979459259126260307e+00 -7.035908306659649725e+00 -9.676778382334866535e+00 -3.888421193475794624e+00
1.299818902406929544e+00 1.467475883206145681e+03 -5.979459259126260307e+00 -7.035908306659649725e+00 -9.676778382334866535e+00 -3.888421193475794624e+00
1.301422348527263795e+00 1.507320657454203001e+03 -5.486802955652251512e+00 -7.031801979587598339e+00 -1.021462207553283719e+01 -4.035582362739700280e+00
1.303449732727638199e+00 1.456765008721512459e+03 -5.395002396632838426e+00 -7.717874775592439285e+00 -1.140460675072845476e+01 -4.048053804280197454e+00
1.303973088801582358e+00 1.401095074441467659e+03 -5.460698622263178592e+00 -6.665989509783829092e+00 -1.136080269668779330e+01 -3.937046540541944140e+00
1.303330873504751741e+00 1.409300609849532975e+03 -5.730695898068005611e+00 -6.840512632258270997e+00 -1.012265484544033534e+01 -3.958961711323880195e+00
1.299670540859973356e+00 1.516492699760495952e+03 -6.289556878393747219e+00 -7.081294348103565284e+00 -9.729719776725056946e+00 -4.002849979281471349e+00
1.302674714433294412e+00 1.440691372983799283e+03 -5.759089338888051302e+00 -6.662722345766464827e+00 -1.148260498621914572e+01 -3.943923762505509245e+00
1.302674920701940575e+00 1.431156252480734565e+03 -5.683213115512570468e+00 -6.902910289058843851e+00 -1.010126789714899509e+01 -3.845146033814964781e+00
1.300757558225100974e+00 1.489851978956658513e+03 -5.412030951145759161e+00 -6.911997946435324280e+00 -1.029967789538858725e+01 -3.905499940787086288e+00
1.300933899596290910e+00 1.567470818421513741e+03 -6.142181128463300332e+00 -7.353818080540547975e+00 -1.117467375809815877e+01 -4.172457005596143631e+00
1.307275558547765115e+00 1.339316529759247487e+03 -5.882075856708251393e+00 -7.270110298241874602e+00 -1.052325004714790779e+01 -4.003144001047663103e+00
1.304592981878488711e+00 1.277473152122655392e+03 -5.237529581787956801e+00 -6.889592614857641628e+00 -9.514789978527744552e+00 -3.556641800448497648e+00
1.299847613443440686e+00 1.434143795084789417e+03 -5.467649918329080094e+00 -6.725482929288264522e+00 -1.097290503417554675e+01 -3.743137183555822034e+00
1.301320487114141500e+00 1.426815417468491205e+03 -5.116074068473644765e+00 -7.346252946651457449e+00 -1.097691623480518253e+01 -3.834016165479377847e+00
1.302260430207387909e+00 1.473534600323751192e+03 -6.324713199839806954e+00 -7.014516731077238276e+00 -1.007555316459817973e+01 -4.034520358762549108e+00
1.305695482943141084e+00 1.378207370971674209e+03 -5.405106501110187089e+00 -7.550107399568295463e+00 -1.091382545923873870e+01 -3.919421099116023655e+00
1.305695482943141084e+00 1.378207370971674209e+03 -5.405106501110187089e+00 -7.550107399568295463e+00 -1.091382545923873870e+01 -3.919421099116023655e+00
1.304667743976700933e+00 1.303394129482755488e+03 -5.609180439767105675e+00 -7.383426360939714606e+00 -9.551350520377404507e+00 -3.634068392395505498e+00
1.297821653138314213e+00 1.479693093163750973e+03 -5.189559646150050831e+00 -6.559798112786329405e+00 -9.685129206148312520e+00 -3.782943871297920424e+00
1.299023393427090944e+00 1.417792198973664881e+03 -4.840505176738806092e+00 -6.740268049407458939e+00 -9.850227648438689698e+00 -3.642946488326765930e+00
1.306230823056067969e+00 1.447220839330433364e+03 -6.089914212194820209e+00 -7.931060342417309172e+00 -1.101103450153636665e+01 -4.175856268513522096e+00
1.301083873753392517e+00 1.500120244954273176e+03 -5.915652358931312804e+00 -7.259877181980876948e+00 -1.122255456712127142e+01 -4.043452229271515819e+00
1.302027749627979958e+00 1.329893437803208599e+03 -4.822734660815117813e+00 -6.508055473105608613e+00 -1.092600465253204689e+01 -3.554313215943631477e+00
1.301970423705623103e+00 1.405825396705831508e+03 -5.359532717231914489e+00 -7.438408407265213462e+00 -1.085842199837293087e+01 -3.763624795809217716e+00
1.300151086791212940e+00 1.583729359324069264e+03 -5.717352920952476936e+00 -7.562225699473441587e+00 -1.130412432340657247e+01 -4.157497394757736942e+00
1.304530106956569346e+00 1.496914037835593035e+03 -6.027412049380087566e+00 -7.171790726173812303e+00 -1.195093210603193867e+01 -4.265074666552614246e+00
1.300444636266269605e+00 1.419432858638710968e+03 -5.173931581448051986e+00 -6.742003491964413620e+00 -1.108026765464623864e+01 -3.783855097050611960e+00
1.298964198010180260e+00 1.549596902520893309e+03 -5.613792642914723352e+00 -7.292360668122368494e+00 -1.132000604636786534e+01 -4.038316533545158293e+00
1.305071127127997554e+00 1.372990612314982627e+03 -5.484387712569851914e+00 -7.826778476954709518e+00 -1.068353501371642977e+01 -3.878708969803238205e+00
1.300022063280820372e+00 1.507577992251023261e+03 -5.899039615206454812e+00 -6.740951355652470944e+00 -1.003739203042509764e+01 -4.008855498182744448e+00
1.301303111535729640e+00 1.453613853371563437e+03 -5.714490829002597749e+00 -6.731386754389833804e+00 -9.758142465173467173e+00 -3.934221247714091874e+00
1.301303111535729640e+00 1.453613853371563437e+03 -5.714490829002597749e+00 -6.731386754389833804e+00 -9.758142465173467173e+00 -3.934221247714091874e+00
1.302535193321360918e+00 1.511859295378117622e+03 -6.046694081765777717e+00 -7.073913157608185287e+00 -1.182741534835551711e+01 -4.100699158400778366e+00
1.300806814174844561e+00 1.571398382571264847e+03 -5.837149335203534406e+00 -7.396087696615324170e+00 -1.131694053846142900e+01 -4.239630064083582894e+00
1.301333772835057578e+00 1.581424925623078025e+03 -5.903916100873718875e+00 -7.120022229178937678e+00 -1.089410326474940405e+01 -4.243175640946101446e+00
1.303384936844930841e+00 1.371778351091514196e+03 -5.136232797417828344e+00 -7.356950524655584189e+00 -1.120747555279096375e+01 -3.730476477643545508e+00
1.304210619846378094e+00 1.487097931422451666e+03 -6.250996083143520288e+00 -7.208147779971374902e+00 -1.167160449041779557e+01 -4.181939653705776472e+00
1.307375366923209770e+00 1.320757296036692424e+03 -5.614334932373889586e+00 -7.677162010303757000e+00 -1.033344571898477149e+01 -3.913958970172531693e+00
1.307984064668034296e+00 1.390469913908945273e+03 -6.110585617446900208e+00 -7.605254265378955658e+00 -1.092636528794555240e+01 -4.145568305078715987e+00
1.301573215608988754e+00 1.562451890301386584e+03 -6.061908323160919210e+00 -7.630476286757595261e+00 -1.100563251435997003e+01 -4.248182009270093928e+00
1.300777020534088280e+00 1.501081631130495452e+03 -5.941229908345420974e+00 -6.735196374247077067e+00 -1.028979504432276393e+01 -4.021664983381032954e+00
1.302966133514084079e+00 1.562631029705580886e+03 -5.894181798243338655e+00 -7.605480938257043633e+00 -1.164668526651782088e+01 -4.334510065480574603e+00
1.302447873389477095e+00 1.403813299970875278e+03 -5.939507508850097928e+00 -7.193870051264021903e+00 -9.973411492090743735e+00 -3.856693954721755802e+00
1.296497536887457169e+00 1.539294191377201514e+03 -5.579096943107622053e+00 -7.086144327739879678e+00 -9.614526979170879173e+00 -3.857860868777381214e+00
1.302328536288704486e+00 1.324245225159607344e+03 -5.601471865625322621e+00 -6.490237880478314736e+00 -9.389709859767142675e+00 -3.535915150254201222e+00
1.297285355596342837e+00 1.525100738205494054e+03 -5.535948931796592198e+00 -6.485940923564632143e+00 -1.009445807983216348e+01 -3.841311170155695009e+00
1.303679062526564625e+00 1.463264405170310056e+03 -6.060362450178941707e+00 -7.931683343194655400e+00 -1.037622596889370641e+01 -4.075908990042639957e+00
1.302658400242509007e+00 1.379644365371816093e+03 -5.172548501013214839e+00 -6.554521379482075361e+00 -1.179798679018866814e+01 -3.713528942498600216e+00
1.299604633318851121e+00 1.568141728314230022e+03 -5.658963164334562812e+00 -6.931575446987332967e+00 -1.142459786263250621e+01 -4.076614348360150686e+00
1.304534960515505659e+00 1.347848682744870075e+03 -5.450876867132148362e+00 -6.626490833553441817e+00 -1.168569942068212697e+01 -3.752273522142546724e+00
1.304534960515505659e+00 1.347848682744870075e+03 -5.450876867132148362e+00 -6.626490833553441817e+00 -1.168569942068212697e+01 -3.752273522142546724e+00
1.301338575969547939e+00 1.438126293178082051e+03 -5.849147126172214328e+00 -6.620398795497936639e+00 -9.625465404451542639e+00 -3.853980704926177836e+00
1.304890890729045960e+00 1.384609328938021690e+03 -5.720218919353244225e+00 -6.803707375899015197e+00 -1.116312012654432451e+01 -3.881906289087597273e+00
1.304803819698977296e+00 1.527951657819790853e+03 -6.256939059098931999e+00 -7.741541393361540457e+00 -1.156137587956284030e+01 -4.316132704999105840e+00
1.305064704671423881e+00 1.396089193599231749e+03 -5.357952912121926481e+00 -7.557824064539482301e+00 -1.064529690466243395e+01 -3.961299733263485834e+00
1.305079060634088739e+00 1.474070250969495646e+03 -5.646540352317504841e+00 -7.645267327418785008e+00 -1.154648170165658172e+01 -4.200900133275999870e+00
1.299684057337398446e+00 1.577109142124776099e+03 -5.861722747405614165e+00 -7.501779167581836383e+00 -1.005801996945925403e+01 -4.114374698226201943e+00
1.299684057337398446e+00 1.577109142124776099e+03 -5.861722747405614165e+00 -7.501779167581836383e+00 -1.005801996945925403e+01 -4.114374698226201943e+00
1.299323624378562414e+00 1.557266654251872524e+03 -5.786778579824081170e+00 -7.252858553050026025e+00 -1.098701239377558103e+01 -4.028751500692695053e+00
1.304656999476567991e+00 1.323628630255369217e+03 -5.108178055588472155e+00 -6.865319968980219123e+00 -1.013098950312050661e+01 -3.726667169398790946e+00
1.298976164461826510e+00 1.591132686772254829e+03 -5.972099126693688476e+00 -6.957368225524548144e+00 -1.052813367638501418e+01 -4.141272008280445505e+00
1.304566596884533691e+00 1.364442182882138241e+03 -5.686688561921152463e+00 -6.706951779021186333e+00 -1.167181437564703650e+01 -3.832542189332578175e+00
1.304234957576736242e+00 1.443211316732221121e+03 -6.004578758298737107e+00 -7.610112049159345915e+00 -1.093085631018231041e+01 -4.108635023825042865e+00
1.304234957576736242e+00 1.443211316732221121e+03 -6.004578758298737107e+00 -7.610112049159345915e+00 -1.093085631018231041e+01 -4.108635023825042865e+00
1.305372781326263443e+00 1.400237571208520876e+03 -5.846477354427370265e+00 -7.866030788641638516e+00 -1.075627861963841525e+01 -4.039941668932632624e+00
1.302936206954507847e+00 1.310374468379923201e+03 -5.141330918682084139e+00 -6.914176326055111232e+00 -1.040377744351889433e+01 -3.494237505757403994e+00
1.301878146476805664e+00 1.459320442570808609e+03 -6.184384719589114177e+00 -6.981935157863855324e+00 -1.019072193918905711e+01 -3.958386680298181304e+00
1.300525395855283151e+00 1.310724798981046433e+03 -4.800370299359777881e+00 -6.470603955664258500e+00 -9.647452143142903225e+00 -3.374071248682305679e+00
1.300371205632596006e+00 1.594167112882904121e+03 -6.002452140938981273e+00 -7.349068231120254424e+00 -1.184396124692239383e+01 -4.246378394764040110e+00
1.302643993021854962e+00 1.408685154587647048e+03 -5.619443910272564402e+00 -6.998897550651373756e+00 -1.092691929513344817e+01 -3.908247497265739057e+00
1.299891408122204162e+00 1.394253813446377535e+03 -5.239206037732960120e+00 -6.496257037554460823e+00 -1.045085605153073516e+01 -3.573271033947669650e+00
1.299891408122204162e+00 1.394253813446377535e+03 -5.239206037732960120e+00 -6.496257037554460823e+00 -1.045085605153073516e+01 -3.573271033947669650e+00
1.304757082665026546e+00 1.480981983965308473e+03 -6.402534584161523767e+00 -7.872034213624131027e+00 -1.029640670621113685e+01 -4.202499934863433317e+00
1.304757082665026546e+00 1.480981983965308473e+03 -6.402534584161523767e+00 -7.872034213624131027e+00 -1.029640670621113685e+01 -4.202499934863433317e+00
1.305311951351380673e+00 1.352276445501982153e+03 -5.648446933708132001e+00 -6.719037709023942817e+00 -1.112030253961973614e+01 -3.834529902345353847e+00
1.301888214775625441e+00 1.437090385729518403e+03 -5.542901546997216933e+00 -7.500045530305340158e+00 -1.156467667165069102e+01 -3.884355604026726638e+00
1.301888214775625441e+00 1.437090385729518403e+03 -5.542901546997216933e+00 -7.500045530305340158e+00 -1.156467667165069102e+01 -3.884355604026726638e+00
1.303634768739918126e+00 1.367292326626562499e+03 -5.171314688640389789e+00 -7.519560660498105342e+00 -1.050500224018314199e+01 -3.778777722502724146e+00
1.302639955562405749e+00 1.544661660335593069e+03 -6.060391459597004093e+00 -7.150285034732756451e+00 -1.198876324935054249e+01 -4.266783753165199755e+00
1.303484707208740101e+00 1.401514679900262308e+03 -5.359769393623553313e+00 -7.519056241032048504e+00 -1.011013889747226457e+01 -3.915789826725184497e+00
1.306036150218369496e+00 1.287207625351855086e+03 -5.122318385117361927e+00 -7.180501813882014694e+00 -1.196042765922148732e+01 -3.653160570035831611e+00
1.305062616611562643e+00 1.408721332269912864e+03 -5.492334659296360222e+00 -7.372528303742805988e+00 -1.087027879229543714e+01 -4.071623153305639065e+00
1.299503859128491756e+00 1.524383569775353635e+03 -5.341958414582325787e+00 -7.061535919049569898e+00 -1.065729641643294201e+01 -3.927786648315366946e+00
1.299503859128491756e+00 1.524383569775353635e+03 -5.341958414582325787e+00 -7.061535919049569898e+00 -1.065729641643294201e+01 -3.927786648315366946e+00
1.301334671706841695e+00 1.404580346776951956e+03 -4.934583548216258109e+00 -6.958191686663585784e+00 -1.152460134341404441e+01 -3.709230476689118206e+00
1.300822118860976317e+00 1.411505507582764949e+03 -5.158264679777115447e+00 -7.197912925648187965e+00 -1.036371458257730005e+01 -3.764705186658815705e+00
1.304514662938226710e+00 1.384335868585123990e+03 -5.469667201364394771e+00 -7.713309148692418127e+00 -1.007457166529792048e+01 -3.911170806581889536e+00
1.304502316365445669e+00 1.316113688542559657e+03 -5.186685336922688627e+00 -7.106346418878139559e+00 -1.188811997161591449e+01 -3.713931181908936452e+00
1.299471165827324803e+00 1.436704189078143600e+03 -5.123358094594327561e+00 -7.188786049607279516e+00 -1.008366375893598210e+01 -3.740688036458886145e+00
1.300790804066108919e+00 1.409758784561872289e+03 -5.058263800278179012e+00 -7.022373967804336203e+00 -1.069116256821978261e+01 -3.763233539182198939e+00
1.300790804066108919e+00 1.409758784561872289e+03 -5.058263800278179012e+00 -7.022373967804336203e+00 -1.069116256821978261e+01 -3.763233539182198939e+00
1.302362864840655332e+00 1.448854723255448107e+03 -5.804037608688529026e+00 -7.707876089819381882e+00 -9.729166716293967454e+00 -3.971219163550046005e+00
1.304472416638766008e+00 1.442214772473332687e+03 -5.426014315682301969e+00 -7.634045311778263176e+00 -1.149434541020025868e+01 -4.054585203667538273e+00
1.304472416638766008e+00 1.442214772473332687e+03 -5.426014315682301969e+00 -7.634045311778263176e+00 -1.149434541020025868e+01 -4.054585203667538273e+00
1.304631729131179529e+00 1.388301072320558433e+03 -5.752842021991174448e+00 -7.408087436411388893e+00 -9.931717076190899718e+00 -3.981657423158345921e+00
1.308366305469323088e+00 1.370130680491235580e+03 -6.047586526031868637e+00 -7.614594495156577381e+00 -1.159485128217844974e+01 -4.120776804839718643e+00
1.301743011222951996e+00 1.476134703164281291e+03 -5.421708481434261984e+00 -7.023984265289042739e+00 -1.170204320272400622e+01 -3.928574688950224214e+00
1.301743011222951996e+00 1.476134703164281291e+03 -5.421708481434261984e+00 -7.023984265289042739e+00 -1.170204320272400622e+01 -3.928574688950224214e+00
1.300017074911366421e+00 1.414773864315932315e+03 -5.394081559335327292e+00 -6.712280711107272424e+00 -1.027394628489646777e+01 -3.628759281995796115e+00
1.300017074911366421e+00 1.414773864315932315e+03 -5.394081559335327292e+00 -6.712280711107272424e+00 -1.027394628489646777e+01 -3.628759281995796115e+00
1.304350399628763535e+00 1.471829187207975792e+03 -5.519124588421098210e+00 -7.350933225188530429e+00 -1.198281410172747918e+01 -4.157515164099633509e+00
1.304350399628763535e+00 1.471829187207975792e+03 -5.519124588421098210e+00 -7.350933225188530429e+00 -1.198281410172747918e+01 -4.157515164099633509e+00
1.300911378819167741e+00 1.527659775126753630e+03 -5.478993148827545845e+00 -7.456041998947720018e+00 -1.188161410089978531e+01 -4.044678585975215235e+00
1.300911378819167741e+00 1.527659775126753630e+03 -5.478993148827545845e+00 -7.456041998947720018e+00 -1.188161410089978531e+01 -4.044678585975215235e+00
1.299470899153108316e+00 1.566486870582207530e+03 -5.639099601409971463e+00 -7.382424785067994932e+00 -1.035818853979047205e+01 -4.062160525936072020e+00
1.305438214036477307e+00 1.291777417012868682e+03 -5.482176527520373099e+00 -6.701880349925002811e+00 -1.006497950245498352e+01 -3.625134751463413352e+00
1.302040038717498405e+00 1.504811170710013357e+03 -6.217326275064177565e+00 -7.155655832239820491e+00 -1.065623139576489820e+01 -4.061690884570237081e+00
1.303703496929411454e+00 1.344416530346158652e+03 -5.171812641264390997e+00 -7.432691748494281825e+00 -1.050611883175029782e+01 -3.715770591428695369e+00
1.305784909292913465e+00 1.347033932335641339e+03 -5.400252617880909156e+00 -7.394688691838933181e+00 -1.059895228315256155e+01 -3.922477105706375866e+00
1.305784909292913465e+00 1.347033932335641339e+03 -5.400252617880909156e+00 -7.394688691838933181e+00 -1.059895228315256155e+01 -3.922477105706375866e+00
1.302643513867815628e+00 1.458389282330927472e+03 -5.373668969413272656e+00 -7.285464179861481426e+00 -1.042647462104562450e+01 -4.039263692091239477e+00
1.296232039291110416e+00 1.422915218755029628e+03 -4.799085834104105608e+00 -6.227685176733243289e+00 -9.606133023925028880e+00 -3.450905008653764483e+00
1.307735786616398332e+00 1.351897571869079684e+03 -6.065967209704219876e+00 -7.427620095183972815e+00 -1.192296165278499842e+01 -4.032125073025435213e+00
1.300605099503304940e+00 1.471155428394348746e+03 -5.796748166361685328e+00 -7.646424213180559093e+00 -9.690621374659366793e+00 -3.897263131443166273e+00
1.300605099503304940e+00 1.471155428394348746e+03 -5.796748166361685328e+00 -7.646424213180559093e+00 -9.690621374659366793e+00 -3.897263131443166273e+00
1.302248583089338219e+00 1.395992629075713012e+03 -5.617635001928201532e+00 -6.943783993035792967e+00 -1.137604644404719600e+01 -3.759487142319198227e+00
1.303633719039967831e+00 1.465916706780738650e+03 -5.936409627767899266e+00 -7.765487892990361907e+00 -1.171527469202081306e+01 -4.104781819608041005e+00
1.303633719039967831e+00 1.465916706780738650e+03 -5.936409627767899266e+00 -7.765487892990361907e+00 -1.171527469202081306e+01 -4.104781819608041005e+00
1.303198189981613409e+00 1.415904714568540840e+03 -5.697423087357250893e+00 -6.969928664297436072e+00 -9.729562515706984271e+00 -3.949716250241877447e+00
1.303198189981613409e+00 1.415904714568540840e+03 -5.697423087357250893e+00 -6.969928664297436072e+00 -9.729562515706984271e+00 -3.949716250241877447e+00
1.301439477626670893e+00 1.356689595208800256e+03 -5.027046175486224122e+00 -7.141638637771491993e+00 -1.016973223786744818e+01 -3.596735288747035852e+00
1.301829957482493416e+00 1.486483693443791708e+03 -5.921894166524675818e+00 -7.417719012483443564e+00 -9.850168348602064583e+00 -3.970021797061889401e+00
1.301812527742389092e+00 1.346604238964179785e+03 -4.833200928313247324e+00 -6.623585567773338845e+00 -1.186457263898548042e+01 -3.597557410598941630e+00
1.303794698080735781e+00 1.421103313290201640e+03 -5.587526172289428494e+00 -7.064876033251924703e+00 -1.023960160164334354e+01 -4.024745555096325589e+00
1.300803642283936856e+00 1.409238176030452905e+03 -5.789651837116287503e+00 -6.547420422302931975e+00 -9.812934665583398441e+00 -3.714004371055674270e+00
1.305781475826636839e+00 1.372091891711624157e+03 -5.433753623199397254e+00 -7.186385161822371970e+00 -1.040885109146684684e+01 -3.919828297184125176e+00
1.305597808984158670e+00 1.302609275432166214e+03 -5.280603409730809439e+00 -7.387055020656334570e+00 -1.186599502627452907e+01 -3.703835943887618498e+00
1.298615371901554516e+00 1.436428474589271673e+03 -5.334962089707848243e+00 -6.586925549533248159e+00 -9.364945177169317958e+00 -3.619768755907674773e+00
1.298615371901554516e+00 1.436428474589271673e+03 -5.334962089707848243e+00 -6.586925549533248159e+00 -9.364945177169317958e+00 -3.619768755907674773e+00
1.302502599895929203e+00 1.424747720995477039e+03 -5.798332327869264446e+00 -7.737313996073202027e+00 -9.727408477103420381e+00 -3.888282775947272896e+00
1.302195823566368649e+00 1.390355491333318696e+03 -5.473643466511813216e+00 -6.606407727724521450e+00 -1.080514354434398072e+01 -3.794043653617395151e+00
1.305090221508053538e+00 1.377824064633607122e+03 -5.381709222121568104e+00 -7.035589804909114342e+00 -1.117664924813288430e+01 -3.973220928214148628e+00
1.305090221508053538e+00 1.377824064633607122e+03 -5.381709222121568104e+00 -7.035589804909114342e+00 -1.117664924813288430e+01 -3.973220928214148628e+00
1.305067334114190070e+00 1.489290195189366386e+03 -6.032071400016240759e+00 -7.475197813228868782e+00 -1.044117992937079009e+01 -4.254795014431856259e+00
1.305067334114190070e+00 1.489290195189366386e+03 -6.032071400016240759e+00 -7.475197813228868782e+00 -1.044117992937079009e+01 -4.254795014431856259e+00
1.300313900540367218e+00 1.562888552024647879e+03 -5.685829801852421816e+00 -7.533065424315327441e+00 -1.036045820126527239e+01 -4.159696579921366322e+00
1.302912563013209235e+00 1.510517719240562656e+03 -5.612274900984630222e+00 -7.342380068397565296e+00 -1.150297715121879882e+01 -4.116834623131770954e+00
1.298691683889634074e+00 1.398111310896683790e+03 -5.040773583957200543e+00 -6.290867235015851655e+00 -9.512667087325219484e+00 -3.509363484425756852e+00
1.298806953737420944e+00 1.379473582607359276e+03 -5.251852248044420968e+00 -6.219013082142015314e+00 -9.260982295922978835e+00 -3.472664694618353920e+00
1.301471551233408297e+00 1.504711496639289180e+03 -5.330485616633255930e+00 -6.995687287226746598e+00 -1.195583082320484181e+01 -4.053868462149440965e+00
1.301471551233408297e+00 1.504711496639289180e+03 -5.330485616633255930e+00 -6.995687287226746598e+00 -1.195583082320484181e+01 -4.053868462149440965e+00
1.305374032485859814e+00 1.428506069568184785e+03 -6.081125617601717437e+00 -7.087045609413689995e+00 -1.181780690996975380e+01 -4.079183744394788924e+00
1.299956403057029197e+00 1.405281444472987459e+03 -5.806627042123766458e+00 -6.664905966059378351e+00 -9.505818514554579934e+00 -3.621426880981397645e+00
1.305415877113813128e+00 1.333983622804048991e+03 -5.198013476529710353e+00 -6.833712480358393293e+00 -1.099788642156940632e+01 -3.803943158226198662e+00
1.305415877113813128e+00 1.333983622804048991e+03 -5.198013476529710353e+00 -6.833712480358393293e+00 -1.099788642156940632e+01 -3.803943158226198662e+00
1.307280547846261465e+00 1.377266694558387371e+03 -5.883779851759445734e+00 -7.249965205392155276e+00 -1.096662723577648535e+01 -4.108785955367252107e+00
1.297988950587364299e+00 1.394488345320887674e+03 -4.881062320388969589e+00 -6.501908620080934398e+00 -9.659720828665879111e+00 -3.432944026983459906e+00
1.298618603510961700e+00 1.578665575279587756e+03 -5.577543839383301894e+00 -6.852266120265728233e+00 -1.058764394402849618e+01 -4.068428334124948975e+00
1.301234648944022743e+00 1.534172886899280002e+03 -5.975026374379787342e+00 -7.216128588284628442e+00 -9.907616531692237771e+00 -4.150080026261046662e+00
1.307144136090375719e+00 1.428029061100986155e+03 -6.108666786607849453e+00 -7.575900156297365129e+00 -1.185509909766785697e+01 -4.190190012945200770e+00
1.307144136090375719e+00 1.428029061100986155e+03 -6.108666786607849453e+00 -7.575900156297365129e+00 -1.185509909766785697e+01 -4.190190012945200770e+00
1.302733168998341462e+00 1.323687544240250872e+03 -4.849356221200695316e+00 -6.678162629587165000e+00 -1.085944363319838146e+01 -3.575042422249664398e+00
1.302733168998341462e+00 1.323687544240250872e+03 -4.849356221200695316e+00 -6.678162629587165000e+00 -1.085944363319838146e+01 -3.575042422249664398e+00
1.303584826462004909e+00 1.451276134052363432e+03 -6.275696074055368889e+00 -7.340462468258024842e+00 -1.048997012417444274e+01 -4.021043989795591855e+00
1.303546796454955858e+00 1.511120548869473851e+03 -6.035711012547924526e+00 -7.066022015580413651e+00 -1.164982265286427854e+01 -4.218030608251881475e+00
1.301572783951673973e+00 1.401658904290695318e+03 -5.144235863659668340e+00 -6.615866753820101032e+00 -1.131786754485305124e+01 -3.699356151658641068e+00
1.299056920787456271e+00 1.506288735015852581e+03 -5.972865572189641981e+00 -6.952888489686458229e+00 -9.458942506827321850e+00 -3.923707090816961340e+00
1.302164062208548634e+00 1.467473398079682283e+03 -5.434132955987930558e+00 -7.589230804529764285e+00 -1.123671859862877476e+01 -4.024507899639115038e+00
1.304236345619564919e+00 1.408994309996748143e+03 -5.734855919060074747e+00 -6.764624118161489896e+00 -1.118466932460795604e+01 -3.982382623802068977e+00
1.303124528309004937e+00 1.469421498901438781e+03 -5.863502440740267829e+00 -7.407575657586095375e+00 -1.193113500195442356e+01 -3.999383022246078667e+00
1.303124528309004937e+00 1.469421498901438781e+03 -5.863502440740267829e+00 -7.407575657586095375e+00 -1.193113500195442356e+01 -3.999383022246078667e+00
1.297451765916206590e+00 1.505936404277920701e+03 -5.129188567846595603e+00 -6.567204351144234842e+00 -1.073302453507950638e+01 -3.788162750601127726e+00
1.299459460292085922e+00 1.482786331954813022e+03 -6.092733242084312550e+00 -6.919432567245143773e+00 -9.778564595540137461e+00 -3.873832007641617281e+00
1.299459460292085922e+00 1.482786331954813022e+03 -6.092733242084312550e+00 -6.919432567245143773e+00 -9.778564595540137461e+00 -3.873832007641617281e+00
1.297914517718948835e+00 1.514533995772176922e+03 -5.785070393464345706e+00 -6.788664028862864797e+00 -9.447949129158846659e+00 -3.873073993494861256e+00
1.297117760078048132e+00 1.492173938982524305e+03 -5.271313882832155961e+00 -6.379897594917832038e+00 -1.014123870827661023e+01 -3.726735770994000774e+00
1.297117760078048132e+00 1.492173938982524305e+03 -5.271313882832155961e+00 -6.379897594917832038e+00 -1.014123870827661023e+01 -3.726735770994000774e+00
1.305505975674027708e+00 1.390586415637973005e+03 -5.365030662411791162e+00 -7.159238660839596591e+00 -1.115862651704386010e+01 -3.983585644520216462e+00
1.303073595776806703e+00 1.371869056894545110e+03 -5.329714726934292379e+00 -6.836063982280887963e+00 -1.007949640754013743e+01 -3.815360354012966582e+00
1.300501599066569369e+00 1.466396947399698774e+03 -6.033960527917516359e+00 -7.387365020616260658e+00 -9.784887228682354277e+00 -3.856116710087102106e+00
1.297035700731366648e+00 1.500413217049087507e+03 -5.380039949446469016e+00 -6.862445161740580168e+00 -9.982383371381070347e+00 -3.717550728875085753e+00
1.303460207918742730e+00 1.316898671379220104e+03 -5.291348452233179067e+00 -6.666801207774243565e+00 -1.109534740242217588e+01 -3.603798592316952210e+00
1.302726116249759203e+00 1.526539832578267806e+03 -5.931766566571842425e+00 -7.262373432187708922e+00 -1.042368694960320852e+01 -4.240433983299033649e+00
1.305720304918738472e+00 1.332975631396584049e+03 -5.367414229036744366e+00 -7.284018921233951893e+00 -1.143435475451625827e+01 -3.865639939963926963e+00
1.305258971505205867e+00 1.330851887973025896e+03 -5.275921252464365274e+00 -7.041532843640720074e+00 -1.001940244391906276e+01 -3.744124982802496504e+00
1.305258971505205867e+00 1.330851887973025896e+03 -5.275921252464365274e+00 -7.041532843640720074e+00 -1.001940244391906276e+01 -3.744124982802496504e+00
1.303022505365676320e+00 1.407165994375954597e+03 -5.098851611530457184e+00 -6.913829033032994786e+00 -1.171051983237576088e+01 -3.877438079331785303e+00
1.301466832303830090e+00 1.507835123268580901e+03 -5.861957248935740772e+00 -7.089629919783791756e+00 -1.150947227600377865e+01 -4.112254293302197716e+00
1.301466832303830090e+00 1.507835123268580901e+03 -5.861957248935740772e+00 -7.089629919783791756e+00 -1.150947227600377865e+01 -4.112254293302197716e+00
1.299497856354479675e+00 1.518132707889363701e+03 -5.297882093024019134e+00 -6.762913343378472497e+00 -1.049480494477712789e+01 -3.971454004488929712e+00
1.296130209200610839e+00 1.488937790205689453e+03 -5.658508908482787980e+00 -6.797685710983086160e+00 -9.292490378381103255e+00 -3.642903673229882955e+00
1.298463078134090676e+00 1.384934327300892619e+03 -4.772932214338156065e+00 -6.349282260527076005e+00 -9.966935633962911822e+00 -3.461797168579707318e+00
1.298463078134090676e+00 1.384934327300892619e+03 -4.772932214338156065e+00 -6.349282260527076005e+00 -9.966935633962911822e+00 -3.461797168579707318e+00
1.305789151991415542e+00 1.286786118534552770e+03 -5.338539138644987858e+00 -6.949347931853266935e+00 -1.097584211510098484e+01 -3.622847588023908827e+00
1.300774195392195631e+00 1.504119492204255039e+03 -5.407927392725460969e+00 -7.516536287803489813e+00 -1.025870147408475752e+01 -3.997177267174834014e+00
1.305749196840328530e+00 1.351889874984659855e+03 -6.036395028563919851e+00 -7.482998011239576641e+00 -9.728443019225190724e+00 -3.896935488334444031e+00
1.304246941311556940e+00 1.514986545312963244e+03 -6.031025982056975820e+00 -7.316036517782965376e+00 -1.087210518718159058e+01 -4.288589861180212459e+00
1.304246941311556940e+00 1.514986545312963244e+03 -6.031025982056975820e+00 -7.316036517782965376e+00 -1.087210518718159058e+01 -4.288589861180212459e+00
1.300577511405132780e+00 1.425108558011797186e+03 -5.591648165858802422e+00 -7.218940980904475779e+00 -1.014120553967266325e+01 -3.740128986005503364e+00
1.303125305920942445e+00 1.520587737592264148e+03 -5.900866272501308352e+00 -7.054235808549867315e+00 -1.151408120865782969e+01 -4.220939734372235463e+00
1.297418443863915805e+00 1.421116900523613367e+03 -5.477815889596901577e+00 -6.603700566052820520e+00 -9.419124062111883688e+00 -3.522610187341722821e+00
1.300060967439838233e+00 1.503890407686732715e+03 -5.649102274556476289e+00 -7.077021844764542990e+00 -9.622236671806840391e+00 -3.937867654427904540e+00
1.302099132366116185e+00 1.559706277225649728e+03 -6.165014247345919074e+00 -7.621267844494892252e+00 -1.021428640572294455e+01 -4.267170006439419794e+00
1.302099132366116185e+00 1.559706277225649728e+03 -6.165014247345919074e+00 -7.621267844494892252e+00 -1.021428640572294455e+01 -4.267170006439419794e+00
1.304423640874659673e+00 1.407890789468149478e+03 -5.580256673387824939e+00 -6.961953744596392823e+00 -1.067308863301914457e+01 -4.024008584189065374e+00
1.304397840657450791e+00 1.478620559740260433e+03 -5.993861639118685858e+00 -7.421658560217943013e+00 -1.159796969032279534e+01 -4.114429935468982613e+00
1.297665570540995628e+00 1.561404085965611785e+03 -5.636032421681814952e+00 -6.981151181411370921e+00 -9.817999290969019910e+00 -3.933025254101034207e+00
1.304407465409254563e+00 1.276715341930454088e+03 -5.200542496384926494e+00 -6.737975579114538149e+00 -1.011652433518028715e+01 -3.536254745567578794e+00
1.299959136867130161e+00 1.451463759144449114e+03 -5.623126903739931848e+00 -7.261163557439451743e+00 -9.641054677363470660e+00 -3.838601186738685556e+00
1.300780908112264989e+00 1.403375363020114037e+03 -5.019839089285479616e+00 -6.454521567308647789e+00 -1.095431650973527482e+01 -3.699219973266787420e+00
1.295742955312892963e+00 1.456730190949151392e+03 -5.013733746988926931e+00 -6.567012160843667345e+00 -9.473707902077036280e+00 -3.557376701836112431e+00
1.306201690293773865e+00 1.346325347146752392e+03 -5.551214255443829515e+00 -7.734892731251147069e+00 -1.196714564894903532e+01 -3.888838515158891340e+00
1.300766069648895629e+00 1.544642947012619970e+03 -5.832158221218175953e+00 -7.473220009676507125e+00 -1.029188421209121707e+01 -4.160798983859923084e+00
1.300096906959227416e+00 1.492350349988383641e+03 -5.263090460615910793e+00 -7.067287119640041304e+00 -1.131808281713078301e+01 -3.875844408200673996e+00
1.298874195093709716e+00 1.523882168336292352e+03 -5.461111736960994278e+00 -7.250235752651506438e+00 -1.073905516074027844e+01 -3.960258449424124194e+00
1.303452492084411940e+00 1.523015538096049795e+03 -6.331078290193466351e+00 -7.617965567155826179e+00 -1.094445769666903168e+01 -4.232267999212447229e+00
1.303452492084411940e+00 1.523015538096049795e+03 -6.331078290193466351e+00 -7.617965567155826179e+00 -1.094445769666903168e+01 -4.232267999212447229e+00
1.303147206401720881e+00 1.464115729066748372e+03 -6.147100772796547652e+00 -7.567537086702437854e+00 -1.020021859316552693e+01 -4.087602836532444606e+00
1.304719215259298792e+00 1.370092003610809115e+03 -5.458668413489409232e+00 -6.984199014801739658e+00 -9.986426025830333231e+00 -3.834010789979632960e+00
1.299449138762264866e+00 1.345914794305784653e+03 -4.949443945587668203e+00 -6.318917757934013224e+00 -9.294000535792511286e+00 -3.384439169341142417e+00
1.299449138762264866e+00 1.345914794305784653e+03 -4.949443945587668203e+00 -6.318917757934013224e+00 -9.294000535792511286e+00 -3.384439169341142417e+00
1.304787490866182509e+00 1.454995038929852853e+03 -6.203173377236523400e+00 -7.601475349191097131e+00 -1.060741839849872292e+01 -4.077585599931302873e+00
1.303120235177458675e+00 1.394738861513495294e+03 -6.176740992422161014e+00 -7.239270185365310084e+00 -9.593774807394783721e+00 -3.857000538405516821e+00
1.307562091632538559e+00 1.417703079136018687e+03 -6.143656477093408341e+00 -7.687984741320211590e+00 -1.185625026372681567e+01 -4.226230824485472937e+00
1.307562091632538559e+00 1.417703079136018687e+03 -6.143656477093408341e+00 -7.687984741320211590e+00 -1.185625026372681567e+01 -4.226230824485472937e+00
1.303975849205115667e+00 1.348554244436993486e+03 -5.337867212993042010e+00 -6.562075711837658254e+00 -1.189273300025257996e+01 -3.742929567270548930e+00
1.304232775119994026e+00 1.368166466492794825e+03 -5.535056064497815065e+00 -6.825019652302882989e+00 -1.101943484820567676e+01 -3.771594410525406005e+00
1.300535967633279277e+00 1.588479115352979306e+03 -5.985281499961121021e+00 -7.149045319528032572e+00 -1.084739979512078456e+01 -4.202211807108550801e+00
1.298062654262456483e+00 1.507238134553035934e+03 -5.284292739220265211e+00 -6.679056568370361546e+00 -1.049845135239744742e+01 -3.879459693719431002e+00
1.301939427958421103e+00 1.458926354596087549e+03 -5.766062597648241805e+00 -6.649588591749092004e+00 -1.034549051502812489e+01 -3.947009264867187284e+00
1.301939427958421103e+00 1.458926354596087549e+03 -5.766062597648241805e+00 -6.649588591749092004e+00 -1.034549051502812489e+01 -3.947009264867187284e+00
1.303152213427101191e+00 1.354405791743777172e+03 -5.528555342115950566e+00 -6.594681796844882093e+00 -1.025745359461449624e+01 -3.661799956796958355e+00
1.303152213427101191e+00 1.354405791743777172e+03 -5.528555342115950566e+00 -6.594681796844882093e+00 -1.025745359461449624e+01 -3.661799956796958355e+00
1.297904711775235809e+00 1.406449405108650353e+03 -5.166554459519791642e+00 -6.671657813337141363e+00 -9.468772783564034512e+00 -3.552197028990425665e+00
1.302797072973437498e+00 1.505135712472787191e+03 -5.589647332033882421e+00 -7.655604079252404937e+00 -1.144413523790228204e+01 -4.116544673919233510e+00
1.304549994452707695e+00 1.405705775615941548e+03 -5.891921269404752692e+00 -6.872346483689734775e+00 -1.133289361426865582e+01 -3.965627587143533361e+00
1.304549994452707695e+00 1.405705775615941548e+03 -5.891921269404752692e+00 -6.872346483689734775e+00 -1.133289361426865582e+01 -3.965627587143533361e+00
1.307698055110306790e+00 1.303059033585341240e+03 -5.602722456605683021e+00 -7.532446555405872601e+00 -1.154325650105430690e+01 -3.867428848048668044e+00
1.302297309846417228e+00 1.499006600991504456e+03 -5.516978631234712438e+00 -7.662373664509409821e+00 -1.110172712656531857e+01 -4.069696947836390244e+00
1.301463387368918090e+00 1.364087528757432665e+03 -5.477717831246266655e+00 -7.021257920157340848e+00 -9.967560643938618625e+00 -3.592014734512993357e+00
1.300239252549424629e+00 1.506796463755816376e+03 -5.843887148550772181e+00 -6.708823774072805612e+00 -1.022166167338903620e+01 -3.959684635519352014e+00
1.300239252549424629e+00 1.506796463755816376e+03 -5.843887148550772181e+00 -6.708823774072805612e+00 -1.022166167338903620e+01 -3.959684635519352014e+00
1.301010418794914081e+00 1.374176825115667725e+03 -4.899830157611868131e+00 -6.967569507774528326e+00 -1.059021721959921436e+01 -3.612683504628964926e+00
1.301010418794914081e+00 1.374176825115667725e+03 -4.899830157611868131e+00 -6.967569507774528326e+00 -1.059021721959921436e+01 -3.612683504628964926e+00
1.301225437611069458e+00 1.552562373969002920e+03 -5.860801880113045925e+00 -7.243659712629039404e+00 -1.007912592902525617e+01 -4.165060588927466334e+00
1.300786721415021496e+00 1.451455422402350678e+03 -5.579959817501052299e+00 -6.579309122839713808e+00 -1.062403803160517413e+01 -3.820823426898625641e+00
1.300786721415021496e+00 1.451455422402350678e+03 -5.579959817501052299e+00 -6.579309122839713808e+00 -1.062403803160517413e+01 -3.820823426898625641e+00
1.304717123711126581e+00 1.502464701026482771e+03 -5.805762003748069944e+00 -7.619782061257273753e+00 -1.194052877449840899e+01 -4.278935842645815946e+00
1.302954400530579093e+00 1.419890939442003855e+03 -5.270595013222017400e+00 -6.852955979612450399e+00 -1.125938599029139908e+01 -3.857794637428380469e+00
1.298394568324717335e+00 1.441905720231978648e+03 -5.492801702360179839e+00 -6.675647395688207197e+00 -9.221146057006102126e+00 -3.675070508387516810e+00
1.299722971443284081e+00 1.361929136594185820e+03 -5.047330234187167974e+00 -6.487556027067164166e+00 -1.012103274926794860e+01 -3.479894469599420503e+00
1.299722971443284081e+00 1.361929136594185820e+03 -5.047330234187167974e+00 -6.487556027067164166e+00 -1.012103274926794860e+01 -3.479894469599420503e+00
1.302511561122746686e+00 1.399154074378604719e+03 -5.753616496291846794e+00 -6.701126236484593157e+00 -1.039671218050456147e+01 -3.786915796196829831e+00
1.305317831647112792e+00 1.302826508220437972e+03 -5.380999458797302459e+00 -7.115326948971299359e+00 -1.087731525620732320e+01 -3.710632486795249818e+00
1.301252770998190922e+00 1.301092601841410897e+03 -4.918667427794229496e+00 -6.471049671564207628e+00 -9.381139108509723101e+00 -3.356932467680655563e+00
1.306372817493109295e+00 1.416536873057528737e+03 -5.626054088925370067e+00 -7.594049124983686561e+00 -1.154483964695143072e+01 -4.139619487893277494e+00
1.306372817493109295e+00 1.416536873057528737e+03 -5.626054088925370067e+00 -7.594049124983686561e+00 -1.154483964695143072e+01 -4.139619487893277494e+00
1.301299798507356442e+00 1.486028239155534266e+03 -5.510595520943854631e+00 -7.356727828165159799e+00 -1.154921497196063029e+01 -3.936863594240247011e+00
1.301299798507356442e+00 1.486028239155534266e+03 -5.510595520943854631e+00 -7.356727828165159799e+00 -1.154921497196063029e+01 -3.936863594240247011e+00
1.300590604197449540e+00 1.579940818214163528e+03 -6.111263955014472060e+00 -7.431145641631373699e+00 -1.084152940987852176e+01 -4.195609373511858919e+00
1.300590604197449540e+00 1.579940818214163528e+03 -6.111263955014472060e+00 -7.431145641631373699e+00 -1.084152940987852176e+01 -4.195609373511858919e+00
1.298692491460877507e+00 1.454927581844045562e+03 -5.230578732099357531e+00 -7.093868785128203847e+00 -1.023251362769446260e+01 -3.719319161307641508e+00
1.298692491460877507e+00 1.454927581844045562e+03 -5.230578732099357531e+00 -7.093868785128203847e+00 -1.023251362769446260e+01 -3.719319161307641508e+00
1.303168062171107477e+00 1.492708817885187955e+03 -6.309374647572616013e+00 -7.360080370023907470e+00 -9.973481878567277192e+00 -4.162775913732097877e+00
1.297814541827497337e+00 1.561623890619856184e+03 -5.751219375860694427e+00 -7.035587697322479350e+00 -9.678817040641146008e+00 -3.994772529251644499e+00
1.304146090129695956e+00 1.339238647076770121e+03 -5.184165476399052785e+00 -7.106624054411534885e+00 -9.974405596966841259e+00 -3.681749755805428848e+00
1.304799578623263567e+00 1.363916169954136649e+03 -5.785441067975346741e+00 -7.153334949529757125e+00 -1.098625246122275279e+01 -3.888895705979097173e+00
1.304799578623263567e+00 1.363916169954136649e+03 -5.785441067975346741e+00 -7.153334949529757125e+00 -1.098625246122275279e+01 -3.888895705979097173e+00
1.306696429211548383e+00 1.322399635261423555e+03 -5.317228923823975606e+00 -7.056901491936979909e+00 -1.199916487374611940e+01 -3.838636701595843803e+00
1.304898573084113833e+00 1.443268197123455366e+03 -6.162433704052455496e+00 -7.817338736179502590e+00 -1.062459930023799259e+01 -4.083914615204182752e+00
1.302746475331141296e+00 1.533562793418872161e+03 -5.992191797780114015e+00 -7.367047249969967737e+00 -1.113907811240094858e+01 -4.264188963704397040e+00
1.304165678510713633e+00 1.425219803924284633e+03 -6.135776048074716549e+00 -7.494783747360433068e+00 -1.017139646540026199e+01 -3.958702926809669620e+00
1.304165678510713633e+00 1.425219803924284633e+03 -6.135776048074716549e+00 -7.494783747360433068e+00 -1.017139646540026199e+01 -3.958702926809669620e+00
1.300268074621297121e+00 1.437266174316190018e+03 -5.148735285433393649e+00 -6.716262864801109345e+00 -1.180512298294754991e+01 -3.728675005297832357e+00
1.297812068584666800e+00 1.429797237088135489e+03 -5.470030197465351129e+00 -6.593710153759062997e+00 -9.566016394419168734e+00 -3.605535154727961711e+00
1.307671101360100341e+00 1.380812239014798024e+03 -6.022056631597490828e+00 -7.748863680245986707e+00 -1.101450291685069693e+01 -4.134230973341999515e+00
1.307671101360100341e+00 1.380812239014798024e+03 -6.022056631597490828e+00 -7.748863680245986707e+00 -1.101450291685069693e+01 -4.134230973341999515e+00
1.300519377833420309e+00 1.429860911292909122e+03 -5.259548193114060410e+00 -6.555060453953520216e+00 -1.058413214998815022e+01 -3.721899944812088634e+00
1.305044181331819209e+00 1.441764676848490581e+03 -5.733309093167503256e+00 -7.278141584648001761e+00 -1.105989733589250612e+01 -4.164363522288795139e+00
1.304517341962232235e+00 1.419570596792078959e+03 -5.777519481295414039e+00 -6.837427210272182698e+00 -1.065498620338257219e+01 -4.009350496176828926e+00
1.300849425353133748e+00 1.598925218002629208e+03 -6.054214935649538276e+00 -7.341490614599538667e+00 -1.103135092605297096e+01 -4.280440205333436943e+00
1.302812807217070157e+00 1.399565121538593303e+03 -5.599808748621937227e+00 -6.592269400588064876e+00 -1.004800560058550474e+01 -3.841389544274631973e+00
1.306133474693028873e+00 1.397400908448895507e+03 -5.616584669271674102e+00 -7.631506388978746891e+00 -1.088444102848395900e+01 -4.021890713034212084e+00
1.301108457126657347e+00 1.546828678808594759e+03 -6.254208743588602459e+00 -7.458802622212371780e+00 -9.970602800019502610e+00 -4.122324601324868887e+00
1.304187932353784163e+00 1.403577989717303808e+03 -6.075616554482424547e+00 -7.643483773398799030e+00 -1.011366082475740313e+01 -3.935977244389651020e+00
1.304187932353784163e+00 1.403577989717303808e+03 -6.075616554482424547e+00 -7.643483773398799030e+00 -1.011366082475740313e+01 -3.935977244389651020e+00
1.305527525819502710e+00 1.444816485007306483e+03 -5.975651559868973450e+00 -7.909019613586035113e+00 -1.126881255084592581e+01 -4.175236898141482023e+00
1.303213087366865697e+00 1.357802461557978404e+03 -5.306000764703961536e+00 -6.984155461674879994e+00 -1.011219451391257529e+01 -3.779820611272715070e+00
1.303213087366865697e+00 1.357802461557978404e+03 -5.306000764703961536e+00 -6.984155461674879994e+00 -1.011219451391257529e+01 -3.779820611272715070e+00
1.304474689204950355e+00 1.467401260530086347e+03 -6.113067172377162350e+00 -7.799994269498033539e+00 -1.056470851732464311e+01 -4.111491155785873097e+00
1.303988704133810961e+00 1.514036663645148565e+03 -6.208726028966641053e+00 -7.249869553101238040e+00 -1.121671615658373966e+01 -4.232501577904094425e+00
1.304188531734803647e+00 1.502774086249114134e+03 -5.849691535968953637e+00 -7.868185830369125000e+00 -1.106216259213728392e+01 -4.233780330818190052e+00
1.307729213581154015e+00 1.318220558313024185e+03 -5.530873739642816922e+00 -7.527241615628735616e+00 -1.173108432274588608e+01 -3.926803810892408819e+00
1.298769939442115051e+00 1.558850473044439241e+03 -5.456586305597323161e+00 -7.199573541843868441e+00 -1.185096120793141594e+01 -4.022939189014567596e+00
1.303293242620594317e+00 1.361257501547130687e+03 -5.393673813940810469e+00 -7.174628214202423138e+00 -1.070109995005474879e+01 -3.779721802212799631e+00
1.303293242620594317e+00 1.361257501547130687e+03 -5.393673813940810469e+00 -7.174628214202423138e+00 -1.070109995005474879e+01 -3.779721802212799631e+00
1.304247395172092094e+00 1.363927713301393851e+03 -5.569068961479995750e+00 -7.531062444732422811e+00 -1.067112601032512309e+01 -3.826808183132101249e+00
1.304247395172092094e+00 1.363927713301393851e+03 -5.569068961479995750e+00 -7.531062444732422811e+00 -1.067112601032512309e+01 -3.826808183132101249e+00
1.305850691335412872e+00 1.330150499511948510e+03 -5.545058546383245357e+00 -6.800770610332003585e+00 -1.073720492742467059e+01 -3.794210610593598432e+00
1.305767991698928432e+00 1.378281828094380899e+03 -6.018082102853155924e+00 -7.161450800959619833e+00 -1.054926537375348161e+01 -3.932082156715207333e+00
1.305767991698928432e+00 1.378281828094380899e+03 -6.018082102853155924e+00 -7.161450800959619833e+00 -1.054926537375348161e+01 -3.932082156715207333e+00
1.303331741884082629e+00 1.392417279893445084e+03 -5.536787914842935088e+00 -7.394231858346431707e+00 -1.059835264690286039e+01 -3.887296471093005579e+00
1.303331741884082629e+00 1.392417279893445084e+03 -5.536787914842935088e+00 -7.394231858346431707e+00 -1.059835264690286039e+01 -3.887296471093005579e+00
1.297900422208526861e+00 1.476639574939743625e+03 -5.661348814608331281e+00 -7.017502176141611869e+00 -9.328144286777177996e+00 -3.758863142137396807e+00
1.297900422208526861e+00 1.476639574939743625e+03 -5.661348814608331281e+00 -7.017502176141611869e+00 -9.328144286777177996e+00 -3.758863142137396807e+00
1.302294071169699308e+00 1.380392848578879693e+03 -5.505323285009717793e+00 -6.797253733795215247e+00 -1.121451760491341076e+01 -3.745166626947469268e+00
1.302294071169699308e+00 1.380392848578879693e+03 -5.505323285009717793e+00 -6.797253733795215247e+00 -1.121451760491341076e+01 -3.745166626947469268e+00
1.305978352117856733e+00 1.422516763763640711e+03 -6.035931535910898482e+00 -7.131080620485182209e+00 -1.146645164702038677e+01 -4.110883728836165041e+00
1.305978352117856733e+00 1.422516763763640711e+03 -6.035931535910898482e+00 -7.131080620485182209e+00 -1.146645164702038677e+01 -4.110883728836165041e+00
1.300082025240636430e+00 1.491406592245518823e+03 -5.440274442159960699e+00 -6.942645823561091056e+00 -1.024546589831601295e+01 -3.977971027023020412e+00
1.300082025240636430e+00 1.491406592245518823e+03 -5.440274442159960699e+00 -6.942645823561091056e+00 -1.024546589831601295e+01 -3.977971027023020412e+00
1.300241992495685395e+00 1.435519648928889865e+03 -4.970769446080022469e+00 -6.795350383152497287e+00 -1.137626297397014596e+01 -3.755766910165043271e+00
1.300241992495685395e+00 1.435519648928889865e+03 -4.970769446080022469e+00 -6.795350383152497287e+00 -1.137626297397014596e+01 -3.755766910165043271e+00
1.297245537312596175e+00 1.454225246655254750e+03 -5.280549576354392372e+00 -6.497829260722951084e+00 -9.939330620296665586e+00 -3.612392141095963183e+00
1.305055674483350803e+00 1.425923177979393813e+03 -5.777825991381729587e+00 -7.204731270442669810e+00 -1.072231470570067913e+01 -4.125906899762279423e+00
1.302008739067793242e+00 1.383811047615451116e+03 -5.204600076071321801e+00 -7.210267715672991962e+00 -1.079923125200661360e+01 -3.744325450400065591e+00
1.302008739067793242e+00 1.383811047615451116e+03 -5.204600076071321801e+00 -7.210267715672991962e+00 -1.079923125200661360e+01 -3.744325450400065591e+00
1.298293652100604101e+00 1.501119703994937936e+03 -5.140600104983075624e+00 -6.770657812722666868e+00 -1.165681673964870946e+01 -3.816993181005290836e+00
1.298293652100604101e+00 1.501119703994937936e+03 -5.140600104983075624e+00 -6.770657812722666868e+00 -1.165681673964870946e+01 -3.816993181005290836e+00
1.298129647151562427e+00 1.455313386942431634e+03 -5.032083306792381805e+00 -6.467219257877118821e+00 -9.779421635166810844e+00 -3.685582870496808994e+00
1.298129647151562427e+00 1.455313386942431634e+03 -5.032083306792381805e+00 -6.467219257877118821e+00 -9.779421635166810844e+00 -3.685582870496808994e+00
1.302161237904335467e+00 1.452430366026698493e+03 -5.858944701919607922e+00 -7.369261548342315393e+00 -1.075295666513566317e+01 -3.971141726785969439e+00
1.303203155474213615e+00 1.360432758798050600e+03 -5.600670826573482586e+00 -6.673633563617993758e+00 -9.919854743408819786e+00 -3.682116058067583353e+00
1.299589060804800411e+00 1.411639870657551228e+03 -5.058231870847976985e+00 -6.648288994067926616e+00 -1.125305611419749319e+01 -3.658018184587543686e+00
1.299589060804800411e+00 1.411639870657551228e+03 -5.058231870847976985e+00 -6.648288994067926616e+00 -1.125305611419749319e+01 -3.658018184587543686e+00
1.301664122984205640e+00 1.406947494395211834e+03 -5.131539497948813811e+00 -6.552589001668581048e+00 -1.054121883632265977e+01 -3.771169821873451511e+00
1.304882667393399087e+00 1.345232581350725468e+03 -5.136820494475648147e+00 -7.324286955539655253e+00 -1.160820816834486102e+01 -3.805526450160511942e+00
1.302785222326998227e+00 1.330445684171931134e+03 -5.013080169355554894e+00 -6.781680457756147362e+00 -1.165937567805351449e+01 -3.556434492505305300e+00
1.304289695856136744e+00 1.322347155916304700e+03 -5.403468727713927500e+00 -6.967917987960413839e+00 -1.113118432657644874e+01 -3.698000219552657342e+00
1.306153076601292096e+00 1.296421062199680591e+03 -5.406241987352504275e+00 -6.863093427794998647e+00 -1.057969920555666299e+01 -3.698074554514764856e+00
1.298025008934450941e+00 1.498291843475024962e+03 -5.201298479539364195e+00 -6.828389692668889843e+00 -1.144733578749401204e+01 -3.809990646065777753e+00
1.304570370287853720e+00 1.321087202008085796e+03 -5.413447822370610396e+00 -6.949474921118440562e+00 -1.103668833342092803e+01 -3.724340957910818872e+00
1.300333019184754413e+00 1.391310198408442375e+03 -5.035928445869918058e+00 -6.952868377516195686e+00 -9.839774651696657770e+00 -3.659961914686254758e+00
1.300333019184754413e+00 1.391310198408442375e+03 -5.035928445869918058e+00 -6.952868377516195686e+00 -9.839774651696657770e+00 -3.659961914686254758e+00
1.302989265228049920e+00 1.416688799526449657e+03 -5.361685527380341654e+00 -7.137879019731327546e+00 -1.190137030800252127e+01 -3.833217518679488123e+00
1.301342479885241987e+00 1.357692519742101240e+03 -5.442063344194280283e+00 -6.951979900415587110e+00 -9.821115980296621473e+00 -3.559961764885686719e+00
1.305858130383999782e+00 1.363315961881477051e+03 -5.461332193310805216e+00 -7.110916466577645423e+00 -1.049043407594497879e+01 -3.892774137849773552e+00
1.303366774183813082e+00 1.438814685756454082e+03 -5.396690111442314475e+00 -7.100631586047001065e+00 -1.114420472774401283e+01 -4.037521082994013355e+00
1.303366774183813082e+00 1.438814685756454082e+03 -5.396690111442314475e+00 -7.100631586047001065e+00 -1.114420472774401283e+01 -4.037521082994013355e+00
1.300146509819483542e+00 1.378935729321970484e+03 -5.279453975174245528e+00 -6.298903165408383131e+00 -9.680307307171693409e+00 -3.569686315419527745e+00
1.300146509819483542e+00 1.378935729321970484e+03 -5.279453975174245528e+00 -6.298903165408383131e+00 -9.680307307171693409e+00 -3.569686315419527745e+00
1.305365599532183341e+00 1.461753195224906221e+03 -5.994773552902504576e+00 -7.961048768319738400e+00 -1.092412853957313423e+01 -4.179702841095695121e+00
1.300669055450511813e+00 1.453381291306202684e+03 -5.503160639187005820e+00 -7.477396486239294759e+00 -9.709851857382467699e+00 -3.821523481973796876e+00
1.304543223097130333e+00 1.390479608991844543e+03 -5.300844610545393465e+00 -7.099863140950575691e+00 -1.138407984427139219e+01 -3.960026345561988848e+00
1.304543223097130333e+00 1.390479608991844543e+03 -5.300844610545393465e+00 -7.099863140950575691e+00 -1.138407984427139219e+01 -3.960026345561988848e+00
1.303386345531481361e+00 1.458529024543375954e+03 -6.139009391911846691e+00 -7.433732592181806709e+00 -1.063086518407350312e+01 -4.015747034597294984e+00
1.300869621074019156e+00 1.493043811755971319e+03 -5.664582620669874835e+00 -6.940790650390869843e+00 -1.011016917878875709e+01 -3.919640513227381717e+00
1.299938089912330286e+00 1.491584293292807160e+03 -5.634805773173931165e+00 -7.246589193213989866e+00 -1.038229609124260655e+01 -3.952861415225317643e+00
1.301138597999666358e+00 1.480421684272507491e+03 -5.851655979699603272e+00 -6.984279056703170063e+00 -1.064352372352724352e+01 -3.914689729671696483e+00
1.304423838717386541e+00 1.522605555393746272e+03 -6.138670530596206376e+00 -7.785425489906947050e+00 -1.190658206054976276e+01 -4.310012484887847606e+00
1.304423838717386541e+00 1.522605555393746272e+03 -6.138670530596206376e+00 -7.785425489906947050e+00 -1.190658206054976276e+01 -4.310012484887847606e+00
1.305371747004901328e+00 1.384932987049885924e+03 -5.592272262546844175e+00 -7.480471907779394414e+00 -1.026144888190971827e+01 -3.907796687679551795e+00
1.305371747004901328e+00 1.384932987049885924e+03 -5.592272262546844175e+00 -7.480471907779394414e+00 -1.026144888190971827e+01 -3.907796687679551795e+00
1.298865546408380478e+00 1.462433640430685045e+03 -5.233252619653787185e+00 -6.848393111147897727e+00 -1.162240828134404680e+01 -3.746465387281284976e+00
1.298865546408380478e+00 1.462433640430685045e+03 -5.233252619653787185e+00 -6.848393111147897727e+00 -1.162240828134404680e+01 -3.746465387281284976e+00
1.298151193224249322e+00 1.401999246920756377e+03 -4.940626878244060549e+00 -6.405371024283063264e+00 -9.790794608606098848e+00 -3.483678861525127957e+00
1.300176902041325633e+00 1.351900853009186221e+03 -5.224170252987669905e+00 -6.810143263457699270e+00 -9.621471282478097464e+00 -3.485101276942419446e+00
1.302295629818937206e+00 1.531533862449484104e+03 -5.956991591565733657e+00 -7.018154804463833329e+00 -1.152466903307228563e+01 -4.189760792365510689e+00
1.302295629818937206e+00 1.531533862449484104e+03 -5.956991591565733657e+00 -7.018154804463833329e+00 -1.152466903307228563e+01 -4.189760792365510689e+00
1.307179530878144424e+00 1.382662459853074779e+03 -5.924687789861404319e+00 -7.383608437827871462e+00 -1.187472248185530788e+01 -4.043868333082763833e+00
1.307179530878144424e+00 1.382662459853074779e+03 -5.924687789861404319e+00 -7.383608437827871462e+00 -1.187472248185530788e+01 -4.043868333082763833e+00
1.301862943001058870e+00 1.358128419126310291e+03 -5.077241559712212471e+00 -6.944257645789584821e+00 -1.143555359655144521e+01 -3.601343798890063397e+00
1.304227677935999363e+00 1.422806111349353614e+03 -5.465083875925840218e+00 -6.941098275566737641e+00 -1.152511254885882686e+01 -3.963840433971412835e+00
1.306218096802288064e+00 1.370992749563755751e+03 -5.584963458312734552e+00 -7.311360547156295908e+00 -1.108582199507575083e+01 -4.029139472689744039e+00
1.304680875478827939e+00 1.429616674265060510e+03 -5.644657355883063943e+00 -7.794554880119862084e+00 -1.047598248460279713e+01 -4.027118381024112459e+00
1.303509586711861790e+00 1.471925248337539415e+03 -5.942334858166076650e+00 -7.284122016271425970e+00 -1.020133682786542551e+01 -4.036030629932996661e+00
1.302276448572301071e+00 1.467443552636665572e+03 -5.994074513531498560e+00 -7.457817969148075044e+00 -1.057800547954751380e+01 -4.018477074773091573e+00
1.306688531505075579e+00 1.371078839207016244e+03 -5.651331748351872797e+00 -7.341518492890530823e+00 -1.088680752331671009e+01 -3.968447745104869639e+00
1.306688531505075579e+00 1.371078839207016244e+03 -5.651331748351872797e+00 -7.341518492890530823e+00 -1.088680752331671009e+01 -3.968447745104869639e+00
1.303035585860998768e+00 1.552611868990932408e+03 -5.848606144692265474e+00 -7.580833870100745386e+00 -1.152636731936634717e+01 -4.288307632828298743e+00
1.302374533266989154e+00 1.362355046246579150e+03 -5.710787692883733335e+00 -7.056619608674281174e+00 -9.727462829418056955e+00 -3.703194121314258069e+00
1.303764060889268217e+00 1.315807964176379983e+03 -5.405915515985438624e+00 -7.181093356296982755e+00 -9.929291282243243089e+00 -3.632988440760604121e+00
1.300874051043298119e+00 1.392654403106064819e+03 -5.116443455075557978e+00 -6.599062078884915472e+00 -1.136119158369183069e+01 -3.631950711568846302e+00
1.298971817759611458e+00 1.454181884179249437e+03 -5.454236995978293479e+00 -7.106823035867123828e+00 -9.868639744480368847e+00 -3.695859203807255966e+00
1.304736742379235759e+00 1.398769372647982436e+03 -5.296003499514025492e+00 -7.314276132269860398e+00 -1.109053203659994580e+01 -3.951453832529844945e+00
1.300993144681307667e+00 1.365419645291283587e+03 -4.956717560785452115e+00 -6.546933113634445967e+00 -1.047690717235154167e+01 -3.557663053111456364e+00
1.300993144681307667e+00 1.365419645291283587e+03 -4.956717560785452115e+00 -6.546933113634445967e+00 -1.047690717235154167e+01 -3.557663053111456364e+00
1.302010277538710792e+00 1.485092284385495077e+03 -5.748676616656637428e+00 -7.020026067045095353e+00 -1.179016290145115420e+01 -3.983206600472371406e+00
1.302010277538710792e+00 1.485092284385495077e+03 -5.748676616656637428e+00 -7.020026067045095353e+00 -1.179016290145115420e+01 -3.983206600472371406e+00
1.299116880060955159e+00 1.553232738999021421e+03 -5.434296589166207170e+00 -7.100383947133156681e+00 -1.097643208268575776e+01 -4.060869740613582302e+00
1.302689373753195490e+00 1.334744723452666449e+03 -5.151763728280814192e+00 -6.609138548178370876e+00 -1.163777675264017830e+01 -3.575068440718576213e+00
1.302579389670675880e+00 1.558982370335201267e+03 -6.170074968039006791e+00 -7.391344787323224530e+00 -1.163520290996940965e+01 -4.283761402219526282e+00
1.306467015346809202e+00 1.410643439195775954e+03 -6.021364623628912227e+00 -7.452290143125768651e+00 -1.176190214436008930e+01 -4.164172284044124872e+00
1.300168873185691298e+00 1.517243628532063440e+03 -5.653586957451894435e+00 -6.768964375836867831e+00 -1.111355477463210839e+01 -4.031616398527978262e+00
1.300168873185691298e+00 1.517243628532063440e+03 -5.653586957451894435e+00 -6.768964375836867831e+00 -1.111355477463210839e+01 -4.031616398527978262e+00
1.300386856186985574e+00 1.555020753844482670e+03 -5.893706618929810404e+00 -7.090164744424309440e+00 -1.024941479347833173e+01 -4.163143373140327341e+00
1.300386856186985574e+00 1.555020753844482670e+03 -5.893706618929810404e+00 -7.090164744424309440e+00 -1.024941479347833173e+01 -4.163143373140327341e+00
1.299345168553124097e+00 1.470869181020085762e+03 -5.178402558711249881e+00 -6.733778424714430777e+00 -1.154368342473517828e+01 -3.775444110315904211e+00
1.301500835763174102e+00 1.359236063454921805e+03 -4.931233837987496926e+00 -6.763440156344636911e+00 -1.079856051293724484e+01 -3.624411868942575055e+00
1.300542894935974969e+00 1.396569486535693613e+03 -5.554351670139428876e+00 -6.793059543540018730e+00 -9.470672346655113927e+00 -3.614201486397600860e+00
1.300542894935974969e+00 1.396569486535693613e+03 -5.554351670139428876e+00 -6.793059543540018730e+00 -9.470672346655113927e+00 -3.614201486397600860e+00
1.300946821037921364e+00 1.397498581278117399e+03 -5.564046770792205443e+00 -6.845674442800033788e+00 -9.538702330780592931e+00 -3.745004235178340579e+00
1.304074290382022605e+00 1.408578080992347623e+03 -5.707086677399750840e+00 -7.498823766544875369e+00 -9.997949378593073533e+00 -3.893617521056395248e+00
1.304476190338747843e+00 1.480728997576575011e+03 -5.670726790687893981e+00 -7.572382867389869432e+00 -1.097943309339748197e+01 -4.185449791210954729e+00
1.301784100342428641e+00 1.472093287327593316e+03 -5.808462902338892953e+00 -6.749301200119416144e+00 -1.066529117885487921e+01 -3.998444484395848875e+00
1.303140172478948866e+00 1.503286807623096365e+03 -6.136116589760087336e+00 -7.445609058485690213e+00 -9.934238955706831575e+00 -4.147425199879174684e+00
1.300550702391178426e+00 1.562974063120022265e+03 -5.847609050564031463e+00 -7.634233556030940449e+00 -1.035842180066439866e+01 -4.153716980510585799e+00
1.300550702391178426e+00 1.562974063120022265e+03 -5.847609050564031463e+00 -7.634233556030940449e+00 -1.035842180066439866e+01 -4.153716980510585799e+00
1.306345193760207968e+00 1.334900169426990487e+03 -5.588566572470751836e+00 -7.674535372237173192e+00 -1.039869227837009902e+01 -3.858980527475363687e+00
1.306345193760207968e+00 1.334900169426990487e+03 -5.588566572470751836e+00 -7.674535372237173192e+00 -1.039869227837009902e+01 -3.858980527475363687e+00
1.297291519427559159e+00 1.566345758012564147e+03 -5.762238584446933487e+00 -7.115533124827396527e+00 -9.927855826544858431e+00 -3.955943188302230240e+00
1.305304137399555087e+00 1.475849321876086606e+03 -6.050848059257936562e+00 -7.563953307769983425e+00 -1.051015774890991139e+01 -4.210855058523412353e+00
1.302133423015326086e+00 1.408282084255746668e+03 -5.335400758716074776e+00 -6.734293953390284138e+00 -1.187276750454292795e+01 -3.857103444218470401e+00
1.302708312827385306e+00 1.489563411193556021e+03 -6.389249694397317825e+00 -7.544325360819476245e+00 -9.959430584326975477e+00 -4.078443699808923739e+00
1.300993277401364168e+00 1.478861520482823607e+03 -5.224248977088042700e+00 -6.969702528174725131e+00 -1.074116847971067479e+01 -3.928790841524039124e+00
1.301040780374989270e+00 1.583141784256881238e+03 -6.114535911351386410e+00 -7.230126123948300787e+00 -1.057169341680616803e+01 -4.226604382232287627e+00
1.303474140463396491e+00 1.374455867225935890e+03 -5.386191043573395731e+00 -7.127526850806985337e+00 -9.871401797738911910e+00 -3.835077430555664080e+00
1.301397518973700818e+00 1.468803661088726585e+03 -5.334510702515769864e+00 -7.123150772346699355e+00 -1.133935815329813934e+01 -3.890791655695680973e+00
1.306289733747696857e+00 1.362599816547999126e+03 -5.584975151670771076e+00 -7.635298597144593913e+00 -1.045752285759280831e+01 -3.976939772906698423e+00
1.303929177354818281e+00 1.412301771265911157e+03 -5.846471581725305455e+00 -7.300107225176689418e+00 -1.161379751317052289e+01 -3.979675205594638498e+00
1.296228267716382776e+00 1.447065137200259869e+03 -5.003341563616324095e+00 -6.323347044009011597e+00 -9.420826869674314707e+00 -3.532909827424900229e+00
1.296228267716382776e+00 1.447065137200259869e+03 -5.003341563616324095e+00 -6.323347044009011597e+00 -9.420826869674314707e+00 -3.532909827424900229e+00
1.301969603337125969e+00 1.454297215204403301e+03 -5.263389384360109169e+00 -7.150492775138007850e+00 -1.077779527603211029e+01 -3.971844568431771805e+00
1.301969603337125969e+00 1.454297215204403301e+03 -5.263389384360109169e+00 -7.150492775138007850e+00 -1.077779527603211029e+01 -3.971844568431771805e+00
1.303127050541304621e+00 1.381512122505773732e+03 -5.086897232700224869e+00 -7.122039961228761484e+00 -1.060810740614894243e+01 -3.762230316082179726e+00
1.303068009958169737e+00 1.345445770505132714e+03 -5.325656966504287659e+00 -6.767172939425547540e+00 -1.158296137239135071e+01 -3.641052327046715220e+00
1.303068009958169737e+00 1.345445770505132714e+03 -5.325656966504287659e+00 -6.767172939425547540e+00 -1.158296137239135071e+01 -3.641052327046715220e+00
1.305697344359085355e+00 1.389156783491168653e+03 -5.922706181528276659e+00 -7.308283197497695838e+00 -1.091616967721426512e+01 -3.947103111378709173e+00
1.303136365086073445e+00 1.440686282061086104e+03 -5.682299121752860671e+00 -6.908618629495652641e+00 -1.135875720647090148e+01 -3.924029936539321639e+00
1.303136365086073445e+00 1.440686282061086104e+03 -5.682299121752860671e+00 -6.908618629495652641e+00 -1.135875720647090148e+01 -3.924029936539321639e+00
1.302542607496137705e+00 1.456169228000101612e+03 -5.559089357698328016e+00 -6.878766177148419203e+00 -1.059071589243119149e+01 -3.939306248363209306e+00
1.301190457010938939e+00 1.359849682791854320e+03 -4.908714248381635059e+00 -6.787245065572247604e+00 -1.045866644077196028e+01 -3.554125253918515526e+00
1.302706423690320747e+00 1.423889455895121273e+03 -5.380456495505282710e+00 -7.200522091269619729e+00 -9.884331798767275856e+00 -3.867824665396843997e+00
1.302706423690320747e+00 1.423889455895121273e+03 -5.380456495505282710e+00 -7.200522091269619729e+00 -9.884331798767275856e+00 -3.867824665396843997e+00
1.302119450363427244e+00 1.454729465336286466e+03 -5.768767400731065642e+00 -7.055157733450980295e+00 -1.171959120130525811e+01 -3.986647618081523348e+00
1.302119450363427244e+00 1.454729465336286466e+03 -5.768767400731065642e+00 -7.055157733450980295e+00 -1.171959120130525811e+01 -3.986647618081523348e+00
1.301702414157901000e+00 1.448670171758926244e+03 -6.025513434528267709e+00 -7.043852456108364635e+00 -1.003194639242749986e+01 -3.863720472252840210e+00
1.302205723902968071e+00 1.458187553832494586e+03 -5.814909568681282614e+00 -7.257451185758553081e+00 -1.063710889105838575e+01 -3.910596866196282662e+00
1.304383543230787090e+00 1.379449262014269607e+03 -5.221315969391899792e+00 -7.150567084630240267e+00 -1.053709476459989958e+01 -3.884277818580267549e+00
1.305663646808042255e+00 1.308758272924364519e+03 -5.354764940373109461e+00 -7.267764525110175455e+00 -1.121026074743526735e+01 -3.752685434112105867e+00
1.303869054069812794e+00 1.366392367498417570e+03 -5.081059493486464795e+00 -7.141789532403144847e+00 -1.169157770045567801e+01 -3.810155542231926873e+00
1.301095581651988464e+00 1.477180324740659898e+03 -5.373983579026102575e+00 -7.083277669253495112e+00 -1.127783443208883085e+01 -3.895829028901925284e+00
1.301095581651988464e+00 1.477180324740659898e+03 -5.373983579026102575e+00 -7.083277669253495112e+00 -1.127783443208883085e+01 -3.895829028901925284e+00
1.302481538664218563e+00 1.422599435270784852e+03 -5.644746076941039803e+00 -7.262540251421823356e+00 -1.176574710645332367e+01 -3.901508960904436663e+00
1.303955400339467108e+00 1.464426485265131760e+03 -5.652982874325561902e+00 -7.450357581933804596e+00 -1.066047371560172508e+01 -4.048356536558660679e+00
1.299791554924910164e+00 1.518346321117767047e+03 -5.429892706740729658e+00 -7.234850549571572920e+00 -1.010773093132532097e+01 -4.007835974711235316e+00
1.303773076357740202e+00 1.373597458282588377e+03 -5.397053733471312675e+00 -7.341966394344860092e+00 -9.821156275080141995e+00 -3.833832840580649659e+00
1.305389637897219846e+00 1.408098806835084815e+03 -5.497198999271875053e+00 -7.682516091103885891e+00 -1.198383643985035718e+01 -4.051323423290927650e+00
1.305389637897219846e+00 1.408098806835084815e+03 -5.497198999271875053e+00 -7.682516091103885891e+00 -1.198383643985035718e+01 -4.051323423290927650e+00
1.297485467126965109e+00 1.510406116192227728e+03 -5.444770164929383149e+00 -6.701603153781023003e+00 -9.991175508180031528e+00 -3.847564898862881222e+00
1.299739471771792054e+00 1.435033958887814379e+03 -5.501873018548889327e+00 -7.192314721251258369e+00 -9.893349891538630203e+00 -3.745664813236290414e+00
1.299739471771792054e+00 1.435033958887814379e+03 -5.501873018548889327e+00 -7.192314721251258369e+00 -9.893349891538630203e+00 -3.745664813236290414e+00
1.303723833075319805e+00 1.463142821730016294e+03 -5.511138128333104902e+00 -7.707516145174023059e+00 -1.183429067769372622e+01 -4.075627247340946724e+00
1.302274024309554079e+00 1.340540911377765042e+03 -5.078747642106296922e+00 -6.826309842251762738e+00 -1.172855500966919884e+01 -3.589864425836585937e+00
1.303698826991114723e+00 1.400787226957686016e+03 -5.638036674374782287e+00 -7.638413151853923999e+00 -1.014412561297589477e+01 -3.856139163340198905e+00
1.303698826991114723e+00 1.400787226957686016e+03 -5.638036674374782287e+00 -7.638413151853923999e+00 -1.014412561297589477e+01 -3.856139163340198905e+00
1.302989307427104393e+00 1.525736146908324145e+03 -6.207010708756188322e+00 -7.309179062519645775e+00 -1.105928287916920283e+01 -4.228801309394447649e+00
1.302989307427104393e+00 1.525736146908324145e+03 -6.207010708756188322e+00 -7.309179062519645775e+00 -1.105928287916920283e+01 -4.228801309394447649e+00
1.303002787551957864e+00 1.377607073569140312e+03 -5.195522912733352427e+00 -7.240078432069536163e+00 -1.028792423372209797e+01 -3.729544040010798867e+00
1.301234291442671775e+00 1.309456519105702000e+03 -4.952872026031172936e+00 -6.597202086992195902e+00 -9.583975442886284668e+00 -3.389183108963782942e+00
1.302785166718955168e+00 1.389378920031657799e+03 -5.903987561216569979e+00 -6.775758343138866380e+00 -9.911498560918275302e+00 -3.778669781015350893e+00
1.306118067986681286e+00 1.355292198788259611e+03 -6.051594686077339524e+00 -7.266695828439029725e+00 -1.001215531411911286e+01 -3.940305769742774800e+00
1.302003025114720325e+00 1.398842468835745876e+03 -5.253375805089238071e+00 -7.312562744524611524e+00 -1.029762206555797555e+01 -3.733230572873310393e+00
1.302825308996415909e+00 1.375141375237292323e+03 -5.175490863940337860e+00 -7.314145062052546109e+00 -1.093319864290579346e+01 -3.764825123830490838e+00
1.299590397842368850e+00 1.511086828059675554e+03 -5.639892938016942914e+00 -6.766002209033745274e+00 -1.108290319380893685e+01 -3.928514436529701115e+00
1.300749660679190400e+00 1.475206026345447071e+03 -5.722470079724245373e+00 -7.276015242892235335e+00 -1.010098996961569462e+01 -3.868943874469977118e+00
1.304317864041313335e+00 1.399421394273443639e+03 -5.477396009838902735e+00 -6.854073833820259587e+00 -1.137022159275942812e+01 -3.968698082855413034e+00
1.304317864041313335e+00 1.399421394273443639e+03 -5.477396009838902735e+00 -6.854073833820259587e+00 -1.137022159275942812e+01 -3.968698082855413034e+00
1.302519661275883589e+00 1.387326350144397111e+03 -5.092086027250855906e+00 -7.153358082052977629e+00 -1.097262108625804444e+01 -3.738606166216944970e+00
1.298181955538166843e+00 1.510157297100406367e+03 -5.226745838401718025e+00 -6.865883388004566434e+00 -1.139083562982486697e+01 -3.850102925251661645e+00
1.298181955538166843e+00 1.510157297100406367e+03 -5.226745838401718025e+00 -6.865883388004566434e+00 -1.139083562982486697e+01 -3.850102925251661645e+00
1.304233837775202964e+00 1.407654582857681135e+03 -5.510993791036390199e+00 -6.944933465209783385e+00 -1.092239745090854441e+01 -4.001104376784515360e+00
1.300814934613278018e+00 1.481354462176146853e+03 -5.534020852731611484e+00 -6.887527005572868788e+00 -1.068326047938902157e+01 -3.883889417229507757e+00
1.300814934613278018e+00 1.481354462176146853e+03 -5.534020852731611484e+00 -6.887527005572868788e+00 -1.068326047938902157e+01 -3.883889417229507757e+00
1.306976237648749484e+00 1.305176263415227140e+03 -5.614998295876893586e+00 -7.133610956260425517e+00 -1.080999639578111093e+01 -3.839095524457951214e+00
1.304634642065231720e+00 1.349275474878948444e+03 -5.408778002518513262e+00 -7.374005780251320807e+00 -1.063711010579240224e+01 -3.831865098459292795e+00
1.301964377461539479e+00 1.466529499131967441e+03 -5.514565770333394568e+00 -7.147224412739331179e+00 -1.072532774232524666e+01 -4.037124178447125011e+00
1.303660056857633531e+00 1.371042070632463037e+03 -5.819202046765045822e+00 -6.948896132300435013e+00 -1.040306692011318290e+01 -3.782007242057595420e+00
1.303660056857633531e+00 1.371042070632463037e+03 -5.819202046765045822e+00 -6.948896132300435013e+00 -1.040306692011318290e+01 -3.782007242057595420e+00
1.306652017207524885e+00 1.351048313449474563e+03 -5.646169227874461960e+00 -7.285515728351576570e+00 -1.104157963167052969e+01 -3.989486316337853111e+00
1.300797827840827203e+00 1.403494961002484160e+03 -5.244478944502811046e+00 -6.641001836952402648e+00 -1.048177803247229534e+01 -3.651005866073914419e+00
1.300797827840827203e+00 1.403494961002484160e+03 -5.244478944502811046e+00 -6.641001836952402648e+00 -1.048177803247229534e+01 -3.651005866073914419e+00
1.305189940103570034e+00 1.348135418611518162e+03 -5.832945155399330339e+00 -7.526222915220637688e+00 -9.865342251431204801e+00 -3.810111166513095782e+00
1.299485809843704764e+00 1.527020010208435906e+03 -5.952128177588052793e+00 -6.872831503561257271e+00 -9.939614906852010989e+00 -3.962557336190762669e+00
1.300940802809872787e+00 1.526826610272531070e+03 -5.504818749747927065e+00 -7.412836325159890549e+00 -1.182997384390478324e+01 -4.055880944201374128e+00
1.303718811930430599e+00 1.347867455925839067e+03 -5.618599811445648129e+00 -6.934990171757434041e+00 -1.056705663765639613e+01 -3.705443975508478260e+00
1.301935626845448946e+00 1.383567298610192211e+03 -5.744740621154803328e+00 -6.600741218252079712e+00 -9.698049285094127114e+00 -3.706162278288168466e+00
1.302288395512072983e+00 1.571236650611335563e+03 -6.076511068063654264e+00 -7.423383814632780187e+00 -1.156103659996812993e+01 -4.271112895153142297e+00
1.301046376306518315e+00 1.537683225993642509e+03 -5.889984643681468235e+00 -6.939216702521078695e+00 -1.105086375001061505e+01 -4.128121245160073727e+00
1.303774485150586582e+00 1.491155828831489998e+03 -5.706162171077337142e+00 -7.575819104718426900e+00 -1.093100318468094656e+01 -4.128982988173964586e+00
1.301519583968156368e+00 1.432861299718230157e+03 -5.572697882479395126e+00 -6.822673665401506327e+00 -9.803875455488014978e+00 -3.789254417320202961e+00
1.303809574026336904e+00 1.396131303922164534e+03 -5.633010096790688870e+00 -7.538811164908512552e+00 -1.100793643066495164e+01 -3.908274732530989226e+00
1.303809574026336904e+00 1.396131303922164534e+03 -5.633010096790688870e+00 -7.538811164908512552e+00 -1.100793643066495164e+01 -3.908274732530989226e+00
1.305250051416622092e+00 1.392706394578926847e+03 -5.822638438954760964e+00 -7.338932060411220704e+00 -1.079499466265944463e+01 -3.915465122678812193e+00
1.305250051416622092e+00 1.392706394578926847e+03 -5.822638438954760964e+00 -7.338932060411220704e+00 -1.079499466265944463e+01 -3.915465122678812193e+00
1.303230533636416943e+00 1.520815310311037138e+03 -6.003616894188576580e+00 -7.723031916815940257e+00 -1.192104009321616154e+01 -4.188672609567729133e+00
1.303230533636416943e+00 1.520815310311037138e+03 -6.003616894188576580e+00 -7.723031916815940257e+00 -1.192104009321616154e+01 -4.188672609567729133e+00
1.304928197130850620e+00 1.368190469503711711e+03 -5.564381068858392787e+00 -7.138477375766957955e+00 -1.080456240464411621e+01 -3.815938405046606974e+00
1.304928197130850620e+00 1.368190469503711711e+03 -5.564381068858392787e+00 -7.138477375766957955e+00 -1.080456240464411621e+01 -3.815938405046606974e+00
1.302528587844124397e+00 1.457652774938447237e+03 -6.192334782274167893e+00 -7.307714630254678490e+00 -1.011555009868896526e+01 -4.011528054965223689e+00
1.306526055227488881e+00 1.320258274261742827e+03 -5.747419130243556218e+00 -7.458861814875681340e+00 -1.021003228661832551e+01 -3.811394135823912066e+00
1.304185090626872379e+00 1.436299438685872701e+03 -5.945198833904195013e+00 -7.555435265625192187e+00 -9.909475594948688126e+00 -4.069628573501579361e+00
1.304185090626872379e+00 1.436299438685872701e+03 -5.945198833904195013e+00 -7.555435265625192187e+00 -9.909475594948688126e+00 -4.069628573501579361e+00
1.307835654041748175e+00 1.348772103437081341e+03 -5.885946693285386999e+00 -7.571098811806676210e+00 -1.122468612684462208e+01 -4.023876841033485086e+00
1.303507127362645512e+00 1.345220601311389146e+03 -5.246745956363104035e+00 -6.602070746529610901e+00 -1.183173706840459793e+01 -3.688037464913806573e+00
1.301798622938177497e+00 1.548762934580771571e+03 -5.684768281395433220e+00 -7.521559487744115202e+00 -1.101648428139111502e+01 -4.196510009687622222e+00
1.304088365756546963e+00 1.392458980100264853e+03 -5.816515850570773694e+00 -7.025612581388964273e+00 -1.032369006234460329e+01 -3.943929770368061583e+00
1.304272141453135081e+00 1.428272150188032128e+03 -6.011079495551789442e+00 -7.459705909885406605e+00 -1.144704911084694032e+01 -4.021406013586644512e+00
1.304272141453135081e+00 1.428272150188032128e+03 -6.011079495551789442e+00 -7.459705909885406605e+00 -1.144704911084694032e+01 -4.021406013586644512e+00
1.305074867287519647e+00 1.314217758514151683e+03 -5.440225401365512248e+00 -6.895923514329065362e+00 -1.164664980508485037e+01 -3.707787699254756930e+00
1.303820204709472241e+00 1.373890950416428495e+03 -5.842899738683532185e+00 -7.184979889501295069e+00 -1.030124953467415594e+01 -3.834635254595671228e+00
1.306421505458110088e+00 1.354925578275951921e+03 -5.988217668647140002e+00 -7.395375011004854393e+00 -1.076528801937075919e+01 -3.921638363203811650e+00
1.304523857531813436e+00 1.385457993865014032e+03 -6.016577871401402433e+00 -7.124437331874078794e+00 -1.033107456736312635e+01 -3.883142829105644012e+00
1.304523857531813436e+00 1.385457993865014032e+03 -6.016577871401402433e+00 -7.124437331874078794e+00 -1.033107456736312635e+01 -3.883142829105644012e+00
1.305026135210554106e+00 1.375490271714621940e+03 -5.430267952611882443e+00 -7.349093233776470946e+00 -1.199383999622628139e+01 -3.960392018044588625e+00
1.305341118878214024e+00 1.355669223818493265e+03 -6.011628978088960018e+00 -7.345409908663150134e+00 -9.758443747656382783e+00 -3.876430121981936594e+00
1.305341118878214024e+00 1.355669223818493265e+03 -6.011628978088960018e+00 -7.345409908663150134e+00 -9.758443747656382783e+00 -3.876430121981936594e+00
1.298236484703663818e+00 1.556340962943186696e+03 -5.432059436186960077e+00 -7.114551857834227278e+00 -1.048320812391800416e+01 -3.985250189861018200e+00
1.298236484703663818e+00 1.556340962943186696e+03 -5.432059436186960077e+00 -7.114551857834227278e+00 -1.048320812391800416e+01 -3.985250189861018200e+00
1.299094231157197576e+00 1.399461490035714405e+03 -4.885024014467713727e+00 -6.495468187478940614e+00 -1.000151300732463433e+01 -3.570566452850222561e+00
1.304028242416574557e+00 1.407046122019793529e+03 -5.928891332746082377e+00 -7.181218865145767793e+00 -1.055089159069835603e+01 -3.982931999854407934e+00
1.301234614752729168e+00 1.475623652878626444e+03 -5.726874515187676096e+00 -7.616933827005313518e+00 -1.012864046371001336e+01 -3.948241183554227263e+00
1.302964353206597314e+00 1.456972450846506490e+03 -5.561945350463393112e+00 -7.716598249288297851e+00 -1.107641566406248224e+01 -4.014433661991882119e+00
1.303455164418365619e+00 1.360060490827218928e+03 -5.528691373171454870e+00 -6.825094459781476885e+00 -1.033808756267973372e+01 -3.788656688227673541e+00
1.302243591204446771e+00 1.490722847394200699e+03 -5.887139236486149230e+00 -7.476300345412711934e+00 -9.810821235184279843e+00 -4.056534280736462605e+00
1.301626299703316558e+00 1.513996239509816405e+03 -5.790558406284502801e+00 -7.538122087126719606e+00 -1.175767327767057324e+01 -4.055043570225765670e+00
1.297582913470689991e+00 1.482407965397676207e+03 -5.147373772474505671e+00 -6.868849628845328681e+00 -1.000156091937852132e+01 -3.750460764117029555e+00
1.304150269958179509e+00 1.424547953989949292e+03 -5.779852803620752155e+00 -7.659641757718620880e+00 -1.157860897900630270e+01 -3.965816651947262628e+00
1.302605750099363080e+00 1.480506998531749787e+03 -6.001946141903662379e+00 -7.384672861463726257e+00 -1.049928506455243671e+01 -4.005320394533488759e+00
1.303755616892056324e+00 1.358606575951118884e+03 -5.876983958381971185e+00 -7.204337550843507465e+00 -9.768118922016638450e+00 -3.728732970742171915e+00
1.303755616892056324e+00 1.358606575951118884e+03 -5.876983958381971185e+00 -7.204337550843507465e+00 -9.768118922016638450e+00 -3.728732970742171915e+00
1.301874650452806037e+00 1.349980157471773055e+03 -5.032257123377915420e+00 -6.618126240104588831e+00 -1.098964570737924262e+01 -3.570292194619456794e+00
1.303786791424533575e+00 1.440031939770218059e+03 -5.759146049661440614e+00 -6.840468708779644302e+00 -1.100651627501900442e+01 -4.030507700172029750e+00
1.304639398688349328e+00 1.361444987119834195e+03 -5.539172645060492783e+00 -7.451687755578658923e+00 -1.010650583127590707e+01 -3.870183899707395625e+00
1.306045275327783806e+00 1.339210954155343188e+03 -5.968015222929007990e+00 -7.324995754465343012e+00 -9.974157225801381088e+00 -3.846678839468065547e+00
1.306045275327783806e+00 1.339210954155343188e+03 -5.968015222929007990e+00 -7.324995754465343012e+00 -9.974157225801381088e+00 -3.846678839468065547e+00
1.298370658864855587e+00 1.524550427488464948e+03 -5.350143453980999553e+00 -6.902463543340617846e+00 -1.166370675873520213e+01 -3.915619564423607812e+00
1.302667277519444333e+00 1.321316595397761375e+03 -5.140013041060265131e+00 -6.902544963374985798e+00 -9.806654400154378948e+00 -3.510482747200052600e+00
1.302667277519444333e+00 1.321316595397761375e+03 -5.140013041060265131e+00 -6.902544963374985798e+00 -9.806654400154378948e+00 -3.510482747200052600e+00
1.304382392662295720e+00 1.504884928964562505e+03 -6.103363764061079166e+00 -7.781494640678359609e+00 -1.112959709994657587e+01 -4.263992986588621470e+00
1.304382392662295720e+00 1.504884928964562505e+03 -6.103363764061079166e+00 -7.781494640678359609e+00 -1.112959709994657587e+01 -4.263992986588621470e+00
1.300452739303075145e+00 1.453972779975033291e+03 -5.425605802466590077e+00 -6.679298822647504963e+00 -1.113651393976523174e+01 -3.865604885876479102e+00
1.300452739303075145e+00 1.453972779975033291e+03 -5.425605802466590077e+00 -6.679298822647504963e+00 -1.113651393976523174e+01 -3.865604885876479102e+00
1.301102746884119421e+00 1.429812509501278100e+03 -5.252449968517085566e+00 -6.992868769861343203e+00 -1.132792278410380327e+01 -3.755792607030281616e+00
1.303599440029459711e+00 1.432219212524533759e+03 -5.686642108433789922e+00 -7.004899785208621665e+00 -9.993690275770580556e+00 -3.959782205638394004e+00
1.303669622185042787e+00 1.521112184981487189e+03 -5.869381091361189462e+00 -7.424566906474225902e+00 -1.078759173598020382e+01 -4.234313918735461257e+00
1.303669622185042787e+00 1.521112184981487189e+03 -5.869381091361189462e+00 -7.424566906474225902e+00 -1.078759173598020382e+01 -4.234313918735461257e+00
1.299919422979471495e+00 1.470841393758028062e+03 -6.017795519944300509e+00 -6.853803699565282237e+00 -9.785681609268893411e+00 -3.862906041171598304e+00
1.305493766301889735e+00 1.348669975598683777e+03 -5.740817768023784851e+00 -7.231261500407820009e+00 -1.076164203140174713e+01 -3.891785785646746376e+00
1.303420896941934304e+00 1.371092844453644830e+03 -5.565065894937209379e+00 -6.876426094671568734e+00 -9.621301987498940278e+00 -3.793173950034105957e+00
1.302933516117348756e+00 1.365671667122652707e+03 -5.156174385767593904e+00 -7.150372371711634756e+00 -1.000629307650286925e+01 -3.698233054222821892e+00
1.303017351341209995e+00 1.485883376240208463e+03 -6.064083414754160906e+00 -7.395661933319812142e+00 -1.148113589667208778e+01 -4.120781713170871718e+00
1.303017351341209995e+00 1.485883376240208463e+03 -6.064083414754160906e+00 -7.395661933319812142e+00 -1.148113589667208778e+01 -4.120781713170871718e+00
1.298658832654408180e+00 1.480955548903947147e+03 -5.153525734746281728e+00 -6.619355750006429950e+00 -1.003776705164223948e+01 -3.794477734769897026e+00
1.302970686633647457e+00 1.445120858273593740e+03 -5.754491393618660133e+00 -7.265486802901448549e+00 -1.063924136020295563e+01 -3.920856307659368767e+00
1.301304937829000474e+00 1.400553373573076442e+03 -5.557507058078704709e+00 -7.261638250647786563e+00 -9.959286397273967140e+00 -3.718410327178917285e+00
1.301205078151765004e+00 1.373598525002530550e+03 -5.425274567345607757e+00 -6.476091989646623581e+00 -9.938636629607820794e+00 -3.632353199057607895e+00
1.306961145206949171e+00 1.304930023050051659e+03 -5.630888828454262196e+00 -7.160762047324962687e+00 -1.076485328042852530e+01 -3.788097118687744569e+00
1.303534638731047801e+00 1.331517307935836470e+03 -5.599822403110579216e+00 -6.765111259792165654e+00 -1.001423345504305651e+01 -3.640363935405934726e+00
1.303534638731047801e+00 1.331517307935836470e+03 -5.599822403110579216e+00 -6.765111259792165654e+00 -1.001423345504305651e+01 -3.640363935405934726e+00
1.303586832686533414e+00 1.443304115727794397e+03 -5.751267007391881236e+00 -7.287842431214806460e+00 -9.880391575870827836e+00 -4.033326151300444806e+00
1.302867481744448552e+00 1.410846069846149476e+03 -5.230269761962989428e+00 -7.275410194815688847e+00 -1.022376368921047884e+01 -3.871679978511970432e+00
1.304275452459190632e+00 1.386675611268138255e+03 -5.751802340106944911e+00 -7.450837094418796269e+00 -1.108303379971717817e+01 -3.875484545383439894e+00
1.301523196183175246e+00 1.381171757028820593e+03 -5.101017844797890888e+00 -6.705424610037576727e+00 -1.089467166688842248e+01 -3.711215678335134882e+00
1.302135209035795160e+00 1.383175531955684164e+03 -5.182044809851527489e+00 -7.027224223839402484e+00 -1.143120198024087131e+01 -3.680755235689806781e+00
1.306826846145152210e+00 1.393978252863662419e+03 -6.054831451336036174e+00 -7.676784801558770965e+00 -1.132868759930875946e+01 -4.105049882754896018e+00
1.304009171076402795e+00 1.333458341098259552e+03 -5.621547200461347593e+00 -7.071647181176017760e+00 -1.019666780109918491e+01 -3.668670959762369677e+00
1.303633031132801934e+00 1.395994559637210614e+03 -5.464025299129867008e+00 -7.383840489187461387e+00 -1.076509395035509620e+01 -3.925231838328757661e+00
1.303633031132801934e+00 1.395994559637210614e+03 -5.464025299129867008e+00 -7.383840489187461387e+00 -1.076509395035509620e+01 -3.925231838328757661e+00
1.302247603551278665e+00 1.491072808570647794e+03 -6.115787947216211329e+00 -7.697906427265912122e+00 -1.003118577433228964e+01 -4.062551161612467432e+00
1.299195476587120757e+00 1.495711520828110451e+03 -5.314789765590501425e+00 -6.865658904993158451e+00 -1.152147868506981609e+01 -3.910742352618740370e+00
1.299195476587120757e+00 1.495711520828110451e+03 -5.314789765590501425e+00 -6.865658904993158451e+00 -1.152147868506981609e+01 -3.910742352618740370e+00
1.304319189680664737e+00 1.300141455692737509e+03 -5.214508841446152232e+00 -6.932044067174073732e+00 -1.033917345650117880e+01 -3.614524850597637951e+00
1.302893863175255795e+00 1.397372601497435426e+03 -5.261632784772883653e+00 -7.259912265958288202e+00 -1.070362775354386287e+01 -3.868749108037013329e+00
1.306243139344169579e+00 1.369233225934185157e+03 -5.766043321550681000e+00 -7.197512837787297890e+00 -1.135280849794514779e+01 -3.930075207442849106e+00
1.306243139344169579e+00 1.369233225934185157e+03 -5.766043321550681000e+00 -7.197512837787297890e+00 -1.135280849794514779e+01 -3.930075207442849106e+00
1.300872200339738827e+00 1.416915815683702931e+03 -5.021995240024527796e+00 -6.876481020824273926e+00 -1.070737374031535794e+01 -3.771667762139848890e+00
1.302675471648741645e+00 1.469399397559311183e+03 -5.843611005784189238e+00 -7.555144451247003623e+00 -1.140481566094389088e+01 -4.010684590674770789e+00
1.301986252888943429e+00 1.371468730549020620e+03 -5.722954614495507464e+00 -7.203312371500121714e+00 -9.417085249416553339e+00 -3.666857645305746871e+00
1.300237187916456705e+00 1.415556511441232487e+03 -5.048007129046568231e+00 -6.740107257463329837e+00 -1.113637339793118919e+01 -3.728599332349515905e+00
1.300237187916456705e+00 1.415556511441232487e+03 -5.048007129046568231e+00 -6.740107257463329837e+00 -1.113637339793118919e+01 -3.728599332349515905e+00
1.300757083147628945e+00 1.522765792028369560e+03 -5.564208983191616831e+00 -7.487310158507219704e+00 -1.102801749516693341e+01 -4.072788878555673620e+00
1.303213241748628848e+00 1.477078571532273145e+03 -5.570582563281344157e+00 -7.626406336099559091e+00 -1.152829006059881323e+01 -4.061565734067709599e+00
1.302937574580516955e+00 1.389839039916940465e+03 -5.736677868237483935e+00 -6.911981642839924334e+00 -1.024321282609848005e+01 -3.761656309829566780e+00
1.305732440965182040e+00 1.390003590407362935e+03 -5.909736661850125472e+00 -7.596377002307120208e+00 -1.034858137671506029e+01 -4.043887198840327102e+00
1.305732440965182040e+00 1.390003590407362935e+03 -5.909736661850125472e+00 -7.596377002307120208e+00 -1.034858137671506029e+01 -4.043887198840327102e+00
1.305668505600299234e+00 1.345182388595104840e+03 -5.522395451993812543e+00 -6.991868312811858388e+00 -1.066074120626780442e+01 -3.897580425432918716e+00
1.302368658199424045e+00 1.331582648179131183e+03 -5.108885629276378459e+00 -6.912242477522387851e+00 -9.670786145753510255e+00 -3.530653034652647904e+00
1.303224907106391939e+00 1.470113239861488864e+03 -6.146928599136563420e+00 -7.335596452886672836e+00 -1.041444744830874569e+01 -4.027787363688210220e+00
1.298085036167645478e+00 1.484810494506697978e+03 -5.483369612788942860e+00 -6.684967558406540888e+00 -9.945792686895577717e+00 -3.729880088899962587e+00
1.301769115883432137e+00 1.354268034825834093e+03 -5.249852659614651529e+00 -7.010512202231153900e+00 -9.494106320533257204e+00 -3.620827907132426304e+00
1.300173797403405107e+00 1.466755801214834037e+03 -5.323088418224030782e+00 -7.241692912592317732e+00 -1.111376205400576467e+01 -3.846570875535904932e+00
1.300173797403405107e+00 1.466755801214834037e+03 -5.323088418224030782e+00 -7.241692912592317732e+00 -1.111376205400576467e+01 -3.846570875535904932e+00
1.300849952713755142e+00 1.559876708631106794e+03 -5.933570534344773328e+00 -7.139688920686989348e+00 -1.047305889818178670e+01 -4.193519749106078720e+00
1.304314262580741124e+00 1.454537274902951367e+03 -5.765060077878692901e+00 -7.729482117823559761e+00 -1.118775698352684422e+01 -4.130781228341216860e+00
1.300731643780715263e+00 1.423890471133465098e+03 -5.117893131527916140e+00 -6.583760969506016636e+00 -1.102969830848460830e+01 -3.739501345954769462e+00
1.304845290171542826e+00 1.314140120131175536e+03 -5.417766881274419966e+00 -7.327918624895519706e+00 -1.003998962831943587e+01 -3.681968986315418135e+00
1.298179031364400604e+00 1.490969535682274909e+03 -5.316871819420036616e+00 -6.828921717710183081e+00 -1.052975616216010479e+01 -3.772482320323561567e+00
1.298179031364400604e+00 1.490969535682274909e+03 -5.316871819420036616e+00 -6.828921717710183081e+00 -1.052975616216010479e+01 -3.772482320323561567e+00
1.300185145029242539e+00 1.379670679821514113e+03 -4.941704380909062166e+00 -6.828335708772203638e+00 -9.738510587846416655e+00 -3.574614409157145900e+00
1.300185145029242539e+00 1.379670679821514113e+03 -4.941704380909062166e+00 -6.828335708772203638e+00 -9.738510587846416655e+00 -3.574614409157145900e+00
1.302456900751596258e+00 1.361941195652640999e+03 -5.262520078076889263e+00 -7.085700666819180427e+00 -1.041254712865109333e+01 -3.633901688759552329e+00
1.304250057705187871e+00 1.315361824622799077e+03 -5.344398896786654696e+00 -6.650222712687562598e+00 -1.005321482660839472e+01 -3.657062965013572864e+00
1.305265739951360526e+00 1.427167590110892661e+03 -5.667516173320570338e+00 -7.468236769390513174e+00 -1.040600374283717677e+01 -4.088877359788480881e+00
1.305265739951360526e+00 1.427167590110892661e+03 -5.667516173320570338e+00 -7.468236769390513174e+00 -1.040600374283717677e+01 -4.088877359788480881e+00
1.299735513032330259e+00 1.569849722272541840e+03 -5.771640993285518384e+00 -6.983765716318318439e+00 -1.096737440385763129e+01 -4.116625278718927916e+00
1.302816184766896646e+00 1.474880278204098431e+03 -5.594146704291526717e+00 -7.618600838034661926e+00 -1.108276753403323589e+01 -4.012036211713300382e+00
1.302477913841439072e+00 1.433887744635648232e+03 -5.814934453510606893e+00 -6.786413395333264376e+00 -9.959148549052427413e+00 -3.879012095527791359e+00
1.297462162341195269e+00 1.496314171590484193e+03 -5.280202415169621410e+00 -6.561252204788564413e+00 -1.020127166941690611e+01 -3.759140967958195745e+00
1.297462162341195269e+00 1.496314171590484193e+03 -5.280202415169621410e+00 -6.561252204788564413e+00 -1.020127166941690611e+01 -3.759140967958195745e+00
1.304651053552301487e+00 1.422992155070696299e+03 -5.974616236353464949e+00 -7.396638940210403135e+00 -1.156377010430886187e+01 -4.059395575514105126e+00
1.305572831938209388e+00 1.417055418312893607e+03 -5.802683880384130077e+00 -7.791464399963246912e+00 -1.078158441874158946e+01 -4.050299332996305068e+00
1.305699648585825434e+00 1.362730811410832757e+03 -5.821435347718795228e+00 -7.385853577193746133e+00 -1.062831079589842531e+01 -3.951467690784921771e+00
1.298615356231836326e+00 1.385782624886275698e+03 -5.155953151699156578e+00 -6.591706786411613450e+00 -9.287354439016091590e+00 -3.515905770202431668e+00
1.298615356231836326e+00 1.385782624886275698e+03 -5.155953151699156578e+00 -6.591706786411613450e+00 -9.287354439016091590e+00 -3.515905770202431668e+00
1.297891567426059378e+00 1.484910988912167113e+03 -5.364050437599717114e+00 -6.713248958210532358e+00 -1.034590455474712556e+01 -3.745302984893124076e+00
1.305913550301802006e+00 1.383587109178137325e+03 -5.487367499784705061e+00 -7.522232976133569338e+00 -1.172351252886234896e+01 -3.962060849115037087e+00
1.302958578764638276e+00 1.385673474589800890e+03 -5.957842676898989609e+00 -7.221621199305691796e+00 -9.740354683106499323e+00 -3.772002813258872322e+00
1.302958578764638276e+00 1.385673474589800890e+03 -5.957842676898989609e+00 -7.221621199305691796e+00 -9.740354683106499323e+00 -3.772002813258872322e+00
1.299494975941668073e+00 1.393964793154706513e+03 -5.051733968063651936e+00 -6.441266757574908297e+00 -9.557460519293378809e+00 -3.572694887022548116e+00
1.299494975941668073e+00 1.393964793154706513e+03 -5.051733968063651936e+00 -6.441266757574908297e+00 -9.557460519293378809e+00 -3.572694887022548116e+00
1.302756018394487958e+00 1.494449280991891783e+03 -5.899834057401778686e+00 -7.670575795538829844e+00 -1.012336909830507281e+01 -4.130091782326024585e+00
1.302756018394487958e+00 1.494449280991891783e+03 -5.899834057401778686e+00 -7.670575795538829844e+00 -1.012336909830507281e+01 -4.130091782326024585e+00
1.301548999182474020e+00 1.470893762199430057e+03 -5.595284284812115594e+00 -7.119473648844369507e+00 -1.145611526510082712e+01 -3.903531085054495975e+00
1.300510360691402356e+00 1.465037804394548857e+03 -5.900403658720795086e+00 -7.349342824458483747e+00 -9.528345781186665420e+00 -3.870712112503433389e+00
1.300794901449515484e+00 1.467760762411356836e+03 -5.537113888206987689e+00 -7.497713964674000309e+00 -9.858237833960279417e+00 -3.902882470699118755e+00
1.300794901449515484e+00 1.467760762411356836e+03 -5.537113888206987689e+00 -7.497713964674000309e+00 -9.858237833960279417e+00 -3.902882470699118755e+00
1.302506034138125601e+00 1.417374738282674571e+03 -5.331122507456193205e+00 -6.920484918306726740e+00 -1.168241833176621469e+01 -3.812340832807535662e+00
1.302506034138125601e+00 1.417374738282674571e+03 -5.331122507456193205e+00 -6.920484918306726740e+00 -1.168241833176621469e+01 -3.812340832807535662e+00
1.304295406671018176e+00 1.355533860595636725e+03 -5.494644370235721276e+00 -7.368282340279166398e+00 -1.075854988572160487e+01 -3.818002041882214925e+00
1.304295406671018176e+00 1.355533860595636725e+03 -5.494644370235721276e+00 -7.368282340279166398e+00 -1.075854988572160487e+01 -3.818002041882214925e+00
1.302261275340130364e+00 1.460864567351685309e+03 -5.607559509115866980e+00 -7.552882981117784666e+00 -1.199499483040028913e+01 -3.984833643175344164e+00
1.301071667752238925e+00 1.570929996398761659e+03 -5.891543465129381651e+00 -7.494477232871544103e+00 -1.099095143439847000e+01 -4.225744904877142716e+00
1.304079602490012535e+00 1.312665609700799905e+03 -5.183581237708295930e+00 -7.064697154756984787e+00 -1.056085618779967206e+01 -3.599979595674962951e+00
1.304023129752350352e+00 1.386550798989636860e+03 -5.671631125170344845e+00 -7.505152281022967387e+00 -9.891707461427349912e+00 -3.905789745210606512e+00
1.304023129752350352e+00 1.386550798989636860e+03 -5.671631125170344845e+00 -7.505152281022967387e+00 -9.891707461427349912e+00 -3.905789745210606512e+00
1.300880390974159972e+00 1.539809952503202112e+03 -5.908808386960458847e+00 -7.340067480153448010e+00 -1.028132141281592382e+01 -4.068166240501515318e+00
1.306535518093804971e+00 1.311788356478414926e+03 -5.563518024250618588e+00 -7.291634561304547013e+00 -1.135197402734584848e+01 -3.781507646195530370e+00
1.306535518093804971e+00 1.311788356478414926e+03 -5.563518024250618588e+00 -7.291634561304547013e+00 -1.135197402734584848e+01 -3.781507646195530370e+00
1.298166331206688451e+00 1.549610233240964135e+03 -5.676002094533271425e+00 -7.050090544268039494e+00 -1.027120442278852330e+01 -3.943736288329251494e+00
1.303983130858327177e+00 1.460491419188706686e+03 -5.903890140552539911e+00 -7.507945900966003450e+00 -1.186707286577124343e+01 -4.043855787305382421e+00
1.303983130858327177e+00 1.460491419188706686e+03 -5.903890140552539911e+00 -7.507945900966003450e+00 -1.186707286577124343e+01 -4.043855787305382421e+00
1.302295198475631466e+00 1.521081021722228343e+03 -5.917171973830082088e+00 -7.045408794790096962e+00 -1.169367032388514716e+01 -4.132245126037901173e+00
1.303413777021697140e+00 1.436701425516479048e+03 -5.729480500109903396e+00 -7.337044868284760213e+00 -1.059537875862104706e+01 -4.045675643205497884e+00
1.303413777021697140e+00 1.436701425516479048e+03 -5.729480500109903396e+00 -7.337044868284760213e+00 -1.059537875862104706e+01 -4.045675643205497884e+00
1.304692733639757796e+00 1.507402286218473591e+03 -6.178309753128960580e+00 -7.629460955246491594e+00 -1.074550497426395346e+01 -4.273720168653818874e+00
1.305602833817319119e+00 1.379581810867183322e+03 -5.561428347454045351e+00 -7.585555178340723792e+00 -1.036036076323878063e+01 -3.977932591915422478e+00
1.305602833817319119e+00 1.379581810867183322e+03 -5.561428347454045351e+00 -7.585555178340723792e+00 -1.036036076323878063e+01 -3.977932591915422478e+00
1.301291447796002476e+00 1.458534066273158714e+03 -5.735912272943598289e+00 -7.100067950774561432e+00 -1.077640314818699174e+01 -3.871612692064669403e+00
1.300606932884843747e+00 1.512908234123698094e+03 -5.518536709206149027e+00 -6.805668300939903048e+00 -1.063227980615725343e+01 -4.027386288859260866e+00
1.302342398888285624e+00 1.423931999032835392e+03 -5.743617637178293656e+00 -7.235840109536274767e+00 -1.032291587257468990e+01 -3.911727389869243510e+00
1.301026805777187212e+00 1.563462117844934937e+03 -6.059329147112904934e+00 -7.330233352860727081e+00 -1.014284687441789856e+01 -4.165828607325289923e+00
1.306727375921302725e+00 1.335579349590763286e+03 -5.552653471879744451e+00 -7.077482480706662749e+00 -1.184657580358289586e+01 -3.885586485173391225e+00
1.306727375921302725e+00 1.335579349590763286e+03 -5.552653471879744451e+00 -7.077482480706662749e+00 -1.184657580358289586e+01 -3.885586485173391225e+00
1.304782919006329145e+00 1.332571403446787826e+03 -5.354204791652836803e+00 -7.323944405100565547e+00 -1.166756399784308584e+01 -3.734615540227048669e+00
1.303724831920685334e+00 1.377671038719408898e+03 -5.457730502905761227e+00 -7.006155317974731567e+00 -1.159245792649221585e+01 -3.769776912073417918e+00
1.303724831920685334e+00 1.377671038719408898e+03 -5.457730502905761227e+00 -7.006155317974731567e+00 -1.159245792649221585e+01 -3.769776912073417918e+00
1.303588578306480006e+00 1.328137617792737274e+03 -5.556209397418187201e+00 -7.138942469640585209e+00 -9.852997956333659602e+00 -3.634527202246889743e+00
1.302714858416170962e+00 1.477632936520980820e+03 -5.750954334250789834e+00 -6.926048157059240040e+00 -1.149462377529093260e+01 -4.091927161969240778e+00
1.302714858416170962e+00 1.477632936520980820e+03 -5.750954334250789834e+00 -6.926048157059240040e+00 -1.149462377529093260e+01 -4.091927161969240778e+00
1.302213402005828691e+00 1.536265724173145600e+03 -6.018147097455958772e+00 -7.301225771581214552e+00 -1.170399284951718322e+01 -4.164545993699334758e+00
1.302213402005828691e+00 1.536265724173145600e+03 -6.018147097455958772e+00 -7.301225771581214552e+00 -1.170399284951718322e+01 -4.164545993699334758e+00
1.302865848344318733e+00 1.418603923946208397e+03 -5.627877318589925792e+00 -7.197221841081383076e+00 -9.848204403474104751e+00 -3.940048814106031472e+00
1.302865848344318733e+00 1.418603923946208397e+03 -5.627877318589925792e+00 -7.197221841081383076e+00 -9.848204403474104751e+00 -3.940048814106031472e+00
1.300038757371492437e+00 1.409318583583597956e+03 -5.575323802126652240e+00 -6.805953970275984588e+00 -9.308506660530108334e+00 -3.649349064193053493e+00
1.304616740901742400e+00 1.349014902538193837e+03 -5.180756022822453843e+00 -7.038522923706987733e+00 -1.066687621375102246e+01 -3.766471783173392041e+00
1.304616740901742400e+00 1.349014902538193837e+03 -5.180756022822453843e+00 -7.038522923706987733e+00 -1.066687621375102246e+01 -3.766471783173392041e+00
1.304911696609951433e+00 1.464171644601894968e+03 -5.902527271571696765e+00 -7.519171616629172661e+00 -1.038630424015214260e+01 -4.139554435015428524e+00
1.304911696609951433e+00 1.464171644601894968e+03 -5.902527271571696765e+00 -7.519171616629172661e+00 -1.038630424015214260e+01 -4.139554435015428524e+00
1.298147692652931173e+00 1.482598077676419507e+03 -5.546538460530616277e+00 -7.109629280759922842e+00 -9.547695677615553933e+00 -3.744571007932560036e+00
1.305846861769142331e+00 1.364096471403817986e+03 -5.586599208415799822e+00 -7.405913493895115884e+00 -1.141957014475307908e+01 -3.970476048204609754e+00
1.307415210616646561e+00 1.346060774765537190e+03 -5.895379878909544402e+00 -7.457078480055946201e+00 -1.088441002638861477e+01 -3.992266963288519932e+00
1.302080501404547341e+00 1.371272016953762432e+03 -5.361438246041162259e+00 -6.879077007811391198e+00 -1.015119430664101685e+01 -3.629057801757713975e+00
1.304795832073701423e+00 1.329696821041863132e+03 -5.320014758507198849e+00 -6.958547655037272683e+00 -1.047328534083964513e+01 -3.776255623283644169e+00
1.304795832073701423e+00 1.329696821041863132e+03 -5.320014758507198849e+00 -6.958547655037272683e+00 -1.047328534083964513e+01 -3.776255623283644169e+00
1.300496681636394314e+00 1.417484355421446026e+03 -5.331482977121025257e+00 -7.262858242587198809e+00 -9.946331365746496900e+00 -3.727977700708249742e+00
1.300496681636394314e+00 1.417484355421446026e+03 -5.331482977121025257e+00 -7.262858242587198809e+00 -9.946331365746496900e+00 -3.727977700708249742e+00
1.304807279665078257e+00 1.365817447028486413e+03 -5.671260285556418701e+00 -7.026855047697276646e+00 -1.004990463576759652e+01 -3.905276443913860973e+00
1.304807279665078257e+00 1.365817447028486413e+03 -5.671260285556418701e+00 -7.026855047697276646e+00 -1.004990463576759652e+01 -3.905276443913860973e+00
1.301805279790872572e+00 1.458026386174425170e+03 -5.662705076044440844e+00 -7.492628615123791747e+00 -1.067925801118649787e+01 -3.956321159597790071e+00
1.301805279790872572e+00 1.458026386174425170e+03 -5.662705076044440844e+00 -7.492628615123791747e+00 -1.067925801118649787e+01 -3.956321159597790071e+00
1.303094767912112761e+00 1.340330545573703603e+03 -5.149691244761417153e+00 -6.798449596139621853e+00 -9.787368042590484762e+00 -3.625422134240452010e+00
1.302631290092597371e+00 1.321391259891682694e+03 -5.175864267712527500e+00 -6.923204859916744169e+00 -1.006852409320564412e+01 -3.537087417881849660e+00
1.302631290092597371e+00 1.321391259891682694e+03 -5.175864267712527500e+00 -6.923204859916744169e+00 -1.006852409320564412e+01 -3.537087417881849660e+00
1.305489444474069449e+00 1.455835327362302678e+03 -6.180896901430358525e+00 -7.716104376656386599e+00 -1.098463355126902208e+01 -4.180061265675781179e+00
1.305489444474069449e+00 1.455835327362302678e+03 -6.180896901430358525e+00 -7.716104376656386599e+00 -1.098463355126902208e+01 -4.180061265675781179e+00
1.303021544800433640e+00 1.525823847694049846e+03 -6.133164092557346514e+00 -7.499995418904886968e+00 -1.155376388997383863e+01 -4.207963531241478705e+00
1.304901987613675596e+00 1.371865319670336703e+03 -5.534311459884430739e+00 -7.623581219375794582e+00 -1.016073385056080092e+01 -3.875207674543442948e+00
1.297341914374388061e+00 1.484508053023982256e+03 -5.102791898088373301e+00 -6.593731739771055089e+00 -9.846009311338491443e+00 -3.712353008164456014e+00
1.297341914374388061e+00 1.484508053023982256e+03 -5.102791898088373301e+00 -6.593731739771055089e+00 -9.846009311338491443e+00 -3.712353008164456014e+00
1.305408979073293674e+00 1.395199665635849215e+03 -5.743412152142576943e+00 -6.999578222023873586e+00 -1.118787749180041402e+01 -3.977574117428231304e+00
1.305793716151950612e+00 1.396144991705337588e+03 -5.680232010489436156e+00 -7.360945642894215268e+00 -1.090087770348588769e+01 -3.985415090044943653e+00
1.302939435656610412e+00 1.440228517023188942e+03 -5.415720999925279777e+00 -7.117194080960512537e+00 -1.019006519669127364e+01 -3.939989399606806941e+00
1.300755156340931640e+00 1.476312310831284321e+03 -5.597275125943908414e+00 -7.062216634434447471e+00 -1.069227494361272335e+01 -3.874495026089627814e+00
1.300755156340931640e+00 1.476312310831284321e+03 -5.597275125943908414e+00 -7.062216634434447471e+00 -1.069227494361272335e+01 -3.874495026089627814e+00
1.302248699318532488e+00 1.446303909578980438e+03 -5.343441374652973863e+00 -7.485805476993782293e+00 -1.113746634493890575e+01 -3.927839916865325520e+00
1.302248699318532488e+00 1.446303909578980438e+03 -5.343441374652973863e+00 -7.485805476993782293e+00 -1.113746634493890575e+01 -3.927839916865325520e+00
1.299354695193230880e+00 1.455770219820587954e+03 -5.342990303301676569e+00 -6.576513811514686836e+00 -1.007190284518792112e+01 -3.806884714030925210e+00
1.303636482977254873e+00 1.469650633348213887e+03 -5.805187270908453989e+00 -7.486437636821615449e+00 -1.172378356788378539e+01 -4.145760874715107569e+00
1.303636482977254873e+00 1.469650633348213887e+03 -5.805187270908453989e+00 -7.486437636821615449e+00 -1.172378356788378539e+01 -4.145760874715107569e+00
1.307014254270571385e+00 1.313945253161596611e+03 -5.468402127945594771e+00 -7.175611420577858723e+00 -1.198453725422708516e+01 -3.831027261164797082e+00
1.301978811621179677e+00 1.377255497703807578e+03 -5.138972612511556903e+00 -7.193821620739202949e+00 -9.940277354123983500e+00 -3.698644717158250828e+00
1.305022821967230406e+00 1.357406444987058421e+03 -5.617776530110841549e+00 -7.173154724930125070e+00 -1.170399675151974073e+01 -3.888003777050100140e+00
1.304437709036953663e+00 1.373855808669481576e+03 -5.742743528615596560e+00 -7.320864542501201555e+00 -1.099365232517103053e+01 -3.830575986663575350e+00
1.303490460816257412e+00 1.350227079490821325e+03 -5.319390434904591736e+00 -6.889384370066985674e+00 -1.194729691082884493e+01 -3.673850879771231703e+00
1.305484211895439062e+00 1.378364767119701355e+03 -5.522384675029524459e+00 -7.472882232504707289e+00 -1.035112486710252355e+01 -3.925628581644216908e+00
1.305484211895439062e+00 1.378364767119701355e+03 -5.522384675029524459e+00 -7.472882232504707289e+00 -1.035112486710252355e+01 -3.925628581644216908e+00
1.299939965402072906e+00 1.436298111657338950e+03 -5.277931379085267771e+00 -6.878316514277017291e+00 -1.071625015730235830e+01 -3.716697201914316295e+00
1.299939965402072906e+00 1.436298111657338950e+03 -5.277931379085267771e+00 -6.878316514277017291e+00 -1.071625015730235830e+01 -3.716697201914316295e+00
1.303554924709890317e+00 1.341968315861596693e+03 -5.263680346516250275e+00 -6.637032991661014236e+00 -1.094869875199394826e+01 -3.666827626847917188e+00
1.303554924709890317e+00 1.341968315861596693e+03 -5.263680346516250275e+00 -6.637032991661014236e+00 -1.094869875199394826e+01 -3.666827626847917188e+00
1.300078535249068912e+00 1.481858725578170151e+03 -5.734282166599463437e+00 -6.723946121381979779e+00 -1.006708067307213916e+01 -3.860100115648654295e+00
1.302163750233230388e+00 1.429336203177902007e+03 -5.421569344041478722e+00 -6.679670273144119541e+00 -1.114323865348920783e+01 -3.850960837160497974e+00
1.301770299167079870e+00 1.453581112716321513e+03 -5.601073518437716281e+00 -7.389209916411222601e+00 -1.175821333760233678e+01 -3.908301079320203542e+00
1.302781863190761946e+00 1.384431680306311137e+03 -5.588812257277492535e+00 -7.137494233398435917e+00 -9.734300482929686638e+00 -3.817682794636972687e+00
1.302931581214824552e+00 1.437653729227925851e+03 -5.882797659475585306e+00 -7.322407615105636758e+00 -1.100419147938112729e+01 -3.964937767914785027e+00
1.302931581214824552e+00 1.437653729227925851e+03 -5.882797659475585306e+00 -7.322407615105636758e+00 -1.100419147938112729e+01 -3.964937767914785027e+00
1.302489526954343280e+00 1.482494483982992961e+03 -6.046168001800862335e+00 -7.164013789695536261e+00 -1.019896803969700194e+01 -4.098510167892232658e+00
1.300490784156476787e+00 1.341716166788466580e+03 -5.004390026710774819e+00 -6.485575900587024378e+00 -9.782655021924256289e+00 -3.469755551984741615e+00
1.301256649844156010e+00 1.466193668375171001e+03 -5.543024122802135523e+00 -6.830971038351918878e+00 -1.104684973253534785e+01 -3.972377977623736456e+00
1.304940783631223011e+00 1.313768998100229965e+03 -5.195258206929714184e+00 -6.872512192293319444e+00 -1.048642325856623181e+01 -3.699969180267418167e+00
1.300354882375304388e+00 1.406073847247955200e+03 -5.546988236417989881e+00 -7.002446778847432718e+00 -9.448626628779560832e+00 -3.647741632455296923e+00
1.299938753260756252e+00 1.473711151545865960e+03 -5.625363157823699112e+00 -7.242127858573403465e+00 -1.022727793623362835e+01 -3.875202708486392922e+00
1.299938753260756252e+00 1.473711151545865960e+03 -5.625363157823699112e+00 -7.242127858573403465e+00 -1.022727793623362835e+01 -3.875202708486392922e+00
1.299437401256147595e+00 1.500257939864290620e+03 -5.988681396553386271e+00 -6.841778538528922482e+00 -9.819238871774999211e+00 -3.917118446843902646e+00
1.299437401256147595e+00 1.500257939864290620e+03 -5.988681396553386271e+00 -6.841778538528922482e+00 -9.819238871774999211e+00 -3.917118446843902646e+00
1.302533243020069120e+00 1.455000724978697235e+03 -5.859906538243992102e+00 -7.231666826388397418e+00 -1.167671948080045219e+01 -3.994589236426303813e+00
1.302533243020069120e+00 1.455000724978697235e+03 -5.859906538243992102e+00 -7.231666826388397418e+00 -1.167671948080045219e+01 -3.994589236426303813e+00
1.305539904011644881e+00 1.462007497697093640e+03 -6.210653386708736790e+00 -7.715955490654115678e+00 -1.052409058059336999e+01 -4.197512247165944288e+00
1.305539904011644881e+00 1.462007497697093640e+03 -6.210653386708736790e+00 -7.715955490654115678e+00 -1.052409058059336999e+01 -4.197512247165944288e+00
1.303301090966612508e+00 1.437163900594961433e+03 -5.564243521469262710e+00 -6.875581800101664420e+00 -1.074776309973430166e+01 -3.947473246466680408e+00
1.303301090966612508e+00 1.437163900594961433e+03 -5.564243521469262710e+00 -6.875581800101664420e+00 -1.074776309973430166e+01 -3.947473246466680408e+00
1.300502222926372520e+00 1.423353210706244681e+03 -5.452294941279279605e+00 -6.987348381400621200e+00 -1.039740075497114624e+01 -3.713984078652213583e+00
1.301960554320483299e+00 1.444583068051671944e+03 -5.261213636753811151e+00 -6.816205794071676927e+00 -1.114067458538779931e+01 -3.884165100509324731e+00
1.303136735926595513e+00 1.404027886916072930e+03 -5.837800874381076532e+00 -6.975387676011223448e+00 -9.791239516775632978e+00 -3.899731704140640076e+00
1.303136735926595513e+00 1.404027886916072930e+03 -5.837800874381076532e+00 -6.975387676011223448e+00 -9.791239516775632978e+00 -3.899731704140640076e+00
1.300606031668876339e+00 1.341738990712146006e+03 -5.191326727122437035e+00 -6.441673396794059592e+00 -9.506682681820336711e+00 -3.479055462245453256e+00
1.300606031668876339e+00 1.341738990712146006e+03 -5.191326727122437035e+00 -6.441673396794059592e+00 -9.506682681820336711e+00 -3.479055462245453256e+00
1.299905658995992530e+00 1.531174814836725545e+03 -5.803265001896058983e+00 -7.174939878789674097e+00 -9.846024368980810237e+00 -3.995610261092066295e+00
1.299905658995992530e+00 1.531174814836725545e+03 -5.803265001896058983e+00 -7.174939878789674097e+00 -9.846024368980810237e+00 -3.995610261092066295e+00
1.304791437664543308e+00 1.327229943132914286e+03 -5.454159111188749520e+00 -6.889530538375617574e+00 -1.038216215485392269e+01 -3.691094096310612471e+00
1.302694619694310996e+00 1.485956011440699740e+03 -5.650217309019039291e+00 -7.305787618107091319e+00 -1.182144166051548062e+01 -4.031112103752631626e+00
1.301501586242337360e+00 1.350696872815781944e+03 -5.124674487672992385e+00 -6.735865345646995905e+00 -1.036199718927571034e+01 -3.581205869742438708e+00
1.301501586242337360e+00 1.350696872815781944e+03 -5.124674487672992385e+00 -6.735865345646995905e+00 -1.036199718927571034e+01 -3.581205869742438708e+00
1.301054616560746391e+00 1.450570190765698499e+03 -5.165706119816682929e+00 -7.071672068837063563e+00 -1.093359564644414128e+01 -3.886116576089273522e+00
1.305203603723938510e+00 1.346658000700560478e+03 -5.526551650393169091e+00 -7.127212178677833521e+00 -1.000326257727765622e+01 -3.857719632472793592e+00
1.302032152321086711e+00 1.493295559683773490e+03 -5.732902890970970056e+00 -7.595212881458570209e+00 -1.164926400541257401e+01 -4.043950147766596004e+00
1.299399058537670015e+00 1.475575719832217828e+03 -5.611095957544486978e+00 -7.272183696353701876e+00 -9.580810501708732829e+00 -3.825126703505388193e+00
1.302183157965634663e+00 1.493356120482094639e+03 -5.903583342113325472e+00 -7.120475134217499225e+00 -1.001644353328805970e+01 -4.029536230667863705e+00
1.305031587753974209e+00 1.369234788367879446e+03 -5.725915240768120640e+00 -7.480848269506657822e+00 -1.016695339425164768e+01 -3.924006058092187388e+00
1.302737461449609446e+00 1.449028751638205904e+03 -5.632871849341673176e+00 -7.153111920520723643e+00 -1.155468479802812354e+01 -4.029821822233209616e+00
1.302737461449609446e+00 1.449028751638205904e+03 -5.632871849341673176e+00 -7.153111920520723643e+00 -1.155468479802812354e+01 -4.029821822233209616e+00
1.302513393197731073e+00 1.446961179360520873e+03 -5.942771570052113539e+00 -7.463285054233339544e+00 -1.034949159646598460e+01 -3.943363002804950668e+00
1.303911056885381559e+00 1.346279824367933088e+03 -5.296848350145129558e+00 -6.664066693711193423e+00 -1.084294818737284771e+01 -3.717868347577802268e+00
1.302269334065789597e+00 1.357094787029578129e+03 -5.695297757911218284e+00 -7.024541621377006884e+00 -9.414759119363733220e+00 -3.654909560395816825e+00
1.304943202194004614e+00 1.311700518107825928e+03 -5.442572472707919218e+00 -6.872220702398012193e+00 -1.028931935187955737e+01 -3.701918465550281923e+00
1.305673856003058519e+00 1.338105221033982616e+03 -5.411484465276259037e+00 -7.221707283167009273e+00 -1.015439244077044201e+01 -3.832564889460403634e+00
1.302873316888401023e+00 1.370016449894958896e+03 -5.730572950221748840e+00 -6.858277935279844861e+00 -1.008995745356112828e+01 -3.722054843634602150e+00
1.302011879623182766e+00 1.534062896838543793e+03 -5.838145405563398782e+00 -7.331291056662248451e+00 -1.042373380960689744e+01 -4.197274449408969765e+00
1.304764034790253602e+00 1.462563887285442433e+03 -6.093462375123881003e+00 -7.784459246093939910e+00 -1.054360382431673493e+01 -4.167744590648366554e+00
1.300908906786775843e+00 1.435608523381939904e+03 -5.225455603664130422e+00 -7.273685359813843121e+00 -1.044852001034009881e+01 -3.815230582436159423e+00
1.304632276519363199e+00 1.481603629093681775e+03 -6.247252708697048185e+00 -7.549972928752581858e+00 -1.070873616890676061e+01 -4.175015504214545814e+00
1.304632276519363199e+00 1.481603629093681775e+03 -6.247252708697048185e+00 -7.549972928752581858e+00 -1.070873616890676061e+01 -4.175015504214545814e+00
1.307153884694127965e+00 1.359118515441392901e+03 -5.920059947808860912e+00 -7.530411692056524053e+00 -1.106993911618585003e+01 -4.001513324588666265e+00
1.307153884694127965e+00 1.359118515441392901e+03 -5.920059947808860912e+00 -7.530411692056524053e+00 -1.106993911618585003e+01 -4.001513324588666265e+00
1.302179159922038476e+00 1.483968900203954263e+03 -5.850483764086030547e+00 -6.986439019691808028e+00 -1.105556930607992427e+01 -3.997952025722124603e+00
1.302179159922038476e+00 1.483968900203954263e+03 -5.850483764086030547e+00 -6.986439019691808028e+00 -1.105556930607992427e+01 -3.997952025722124603e+00
1.304878274006179728e+00 1.450259997561835689e+03 -5.853939742176677896e+00 -7.496039259593334059e+00 -1.032493065873144111e+01 -4.150096604727346872e+00
1.301432938458191746e+00 1.521141434310335626e+03 -5.527513770287711736e+00 -7.268111446568509493e+00 -1.075424120906831327e+01 -4.115411420220397076e+00
1.304867467855610030e+00 1.402796054527809247e+03 -5.867431191740348773e+00 -7.046035002878494602e+00 -1.091933987111367799e+01 -4.013896933375467491e+00
1.302627811551042347e+00 1.424491126271639132e+03 -6.021088804819918927e+00 -7.040627901722483095e+00 -9.636992628405263162e+00 -3.867790200003025092e+00
1.302627811551042347e+00 1.424491126271639132e+03 -6.021088804819918927e+00 -7.040627901722483095e+00 -9.636992628405263162e+00 -3.867790200003025092e+00
1.303389767091936102e+00 1.414331650359379637e+03 -5.765107272317258946e+00 -7.106953150905408911e+00 -1.166850952274991648e+01 -3.876577311632097178e+00
1.303389767091936102e+00 1.414331650359379637e+03 -5.765107272317258946e+00 -7.106953150905408911e+00 -1.166850952274991648e+01 -3.876577311632097178e+00
1.300967808851590801e+00 1.504976712703052044e+03 -5.418313214822847890e+00 -7.274923533808713039e+00 -1.088680172612851571e+01 -4.043105163999710427e+00
1.300967808851590801e+00 1.504976712703052044e+03 -5.418313214822847890e+00 -7.274923533808713039e+00 -1.088680172612851571e+01 -4.043105163999710427e+00
1.303624027748017999e+00 1.460154466206614643e+03 -5.632905496567082615e+00 -7.454482427953071699e+00 -1.172962394269127451e+01 -4.115015992539138523e+00
1.302308559992658488e+00 1.525196736608250376e+03 -6.000643830529180711e+00 -7.628805833202875419e+00 -1.079190715180815374e+01 -4.150448043432158229e+00
1.299339733085895787e+00 1.414785446348235610e+03 -5.311769305537257679e+00 -6.677081699489082922e+00 -1.009936298435017932e+01 -3.626926974950267279e+00
1.299339733085895787e+00 1.414785446348235610e+03 -5.311769305537257679e+00 -6.677081699489082922e+00 -1.009936298435017932e+01 -3.626926974950267279e+00
1.299191186460930014e+00 1.384520428212209026e+03 -5.184745532971374971e+00 -6.761303399796654290e+00 -9.581208835540319768e+00 -3.501528593010927892e+00
1.299191186460930014e+00 1.384520428212209026e+03 -5.184745532971374971e+00 -6.761303399796654290e+00 -9.581208835540319768e+00 -3.501528593010927892e+00
1.302233202244456933e+00 1.355577543295979922e+03 -5.112103881067748823e+00 -6.677410167652978679e+00 -1.110060692837792118e+01 -3.661660986540223206e+00
1.302233202244456933e+00 1.355577543295979922e+03 -5.112103881067748823e+00 -6.677410167652978679e+00 -1.110060692837792118e+01 -3.661660986540223206e+00
1.301398040754299323e+00 1.478241238439032941e+03 -5.683487674516250365e+00 -7.288192313092449304e+00 -1.003969681379747847e+01 -3.920792576311741939e+00
1.301361065117777382e+00 1.534927366361809618e+03 -6.117813559551522395e+00 -7.387375027046470422e+00 -1.057631377792420224e+01 -4.135412003123783542e+00
1.301361065117777382e+00 1.534927366361809618e+03 -6.117813559551522395e+00 -7.387375027046470422e+00 -1.057631377792420224e+01 -4.135412003123783542e+00
1.302351499638299437e+00 1.464102060055328366e+03 -5.985039560113906809e+00 -7.571457884801490401e+00 -1.025289936404718105e+01 -3.978814595594872827e+00
1.302351499638299437e+00 1.464102060055328366e+03 -5.985039560113906809e+00 -7.571457884801490401e+00 -1.025289936404718105e+01 -3.978814595594872827e+00
1.306008316871318353e+00 1.319587569367152810e+03 -5.423196752796839881e+00 -7.072686031189820532e+00 -1.041587821021238724e+01 -3.766030427183952867e+00
1.303841457375447099e+00 1.499015844478984718e+03 -6.158190171394728907e+00 -7.675843781168889990e+00 -1.025555509959765743e+01 -4.181911322676748810e+00
1.302002786326609929e+00 1.418194361628266506e+03 -5.363805937392210232e+00 -7.419827939680391005e+00 -1.054671739915162121e+01 -3.822340690385610529e+00
1.301234711687210499e+00 1.408978328041382383e+03 -5.305974222547049202e+00 -6.997313004534696290e+00 -9.641821683039696111e+00 -3.720734455712488398e+00
1.299794611861361915e+00 1.548422679920547580e+03 -5.598371799792839276e+00 -7.279123468170253908e+00 -1.030208413015297175e+01 -4.083890716800858911e+00
1.301725625401353170e+00 1.451764407738781756e+03 -6.043112327228009839e+00 -7.022774741089487627e+00 -1.011634962301532248e+01 -3.901723936579704954e+00
1.303883701412874796e+00 1.492535148996194721e+03 -6.129850053991824588e+00 -7.293113285727626405e+00 -1.189110662128361007e+01 -4.167743729369702166e+00
1.300754237231563692e+00 1.387222224805651422e+03 -5.037672639565116128e+00 -6.701256082818680682e+00 -9.964670490534906833e+00 -3.671750150113251010e+00
1.303016257788538024e+00 1.321848615623810929e+03 -5.426637947698230491e+00 -6.992264047673949712e+00 -9.594335976313351111e+00 -3.582211781656864602e+00
1.303016257788538024e+00 1.321848615623810929e+03 -5.426637947698230491e+00 -6.992264047673949712e+00 -9.594335976313351111e+00 -3.582211781656864602e+00
1.305469992717193328e+00 1.362952914199024917e+03 -5.709236514013970698e+00 -6.964704540490044060e+00 -1.192805509424491461e+01 -3.908615475354359603e+00
1.305391591582813149e+00 1.462917786063106860e+03 -6.195772774549958228e+00 -7.511263407772645451e+00 -1.126802734215053192e+01 -4.206565241492818075e+00
1.305391591582813149e+00 1.462917786063106860e+03 -6.195772774549958228e+00 -7.511263407772645451e+00 -1.126802734215053192e+01 -4.206565241492818075e+00
1.297554536969874439e+00 1.459266722000424579e+03 -5.539421549054023508e+00 -6.819042624586177936e+00 -9.355719071385676600e+00 -3.671217100658500598e+00
1.304124035870783072e+00 1.360580830289188043e+03 -5.323303177392785024e+00 -6.946119232076950922e+00 -1.099530721233043806e+01 -3.743679605671351496e+00
1.304124035870783072e+00 1.360580830289188043e+03 -5.323303177392785024e+00 -6.946119232076950922e+00 -1.099530721233043806e+01 -3.743679605671351496e+00
1.306544283320884237e+00 1.324128348700500055e+03 -5.546195996676461348e+00 -7.161527400859343473e+00 -1.144198839241853527e+01 -3.865844712621703039e+00
1.306544283320884237e+00 1.324128348700500055e+03 -5.546195996676461348e+00 -7.161527400859343473e+00 -1.144198839241853527e+01 -3.865844712621703039e+00
1.302349994071772432e+00 1.396344268519866091e+03 -5.378386937774859433e+00 -6.594615785781097195e+00 -1.049610731022515964e+01 -3.777897239254416561e+00
1.305517068844983974e+00 1.408107338661101039e+03 -5.890291900277043524e+00 -7.438509621105816372e+00 -1.042493397659375454e+01 -4.090193770961652930e+00
1.304303536631517879e+00 1.389845091828377917e+03 -5.332508858841924493e+00 -6.991448829703573509e+00 -1.092807616336935439e+01 -3.875146651858639046e+00
1.303218826369287431e+00 1.318462134132756546e+03 -5.150799568562831610e+00 -6.622845937281937267e+00 -9.960042295260024048e+00 -3.571100424159034503e+00
1.303218826369287431e+00 1.318462134132756546e+03 -5.150799568562831610e+00 -6.622845937281937267e+00 -9.960042295260024048e+00 -3.571100424159034503e+00
1.302821370185066163e+00 1.456509964357027457e+03 -5.438542697779720214e+00 -7.356650914953826614e+00 -1.103463557515499005e+01 -4.042208399795441665e+00
1.303600122982379261e+00 1.395701857220169131e+03 -5.692063792643843989e+00 -6.876597607132703516e+00 -1.172211234415520131e+01 -3.877052269459666078e+00
1.303600122982379261e+00 1.395701857220169131e+03 -5.692063792643843989e+00 -6.876597607132703516e+00 -1.172211234415520131e+01 -3.877052269459666078e+00
1.301906582094657372e+00 1.450274021401884511e+03 -5.359041494269384920e+00 -6.769338644412987271e+00 -1.103972337595702946e+01 -3.943362121206618554e+00
1.306051121749509436e+00 1.363651607188198341e+03 -5.833297582511108637e+00 -7.469740120913031411e+00 -9.996963837952145937e+00 -3.935865451479747534e+00
1.303789730541529801e+00 1.459568751062231740e+03 -6.135830895783437100e+00 -7.409553337569549036e+00 -1.084978956409398165e+01 -4.082411018756484822e+00
1.302494021440080418e+00 1.396510878466173835e+03 -5.635171381304464155e+00 -6.679913657253287340e+00 -1.021681391109179060e+01 -3.781447114925002850e+00
1.299407072491982396e+00 1.519090242110039071e+03 -5.322345288945280473e+00 -6.962419793851980288e+00 -1.143913224255769023e+01 -3.971242415407816750e+00
1.306299884454994453e+00 1.423952605219852785e+03 -6.128848710744584594e+00 -7.414487918748243089e+00 -1.109874516706556413e+01 -4.137746039117368824e+00
1.306299884454994453e+00 1.423952605219852785e+03 -6.128848710744584594e+00 -7.414487918748243089e+00 -1.109874516706556413e+01 -4.137746039117368824e+00
1.304577457169783905e+00 1.315265480585538626e+03 -5.153406216948915208e+00 -6.942792151932273725e+00 -1.170230520007572750e+01 -3.678629413471451670e+00
1.304276138042587574e+00 1.404490936062336459e+03 -5.749486334338866023e+00 -7.671101877194985263e+00 -1.055781293344802307e+01 -3.948611413720781727e+00
1.299822783435435225e+00 1.389011934478274497e+03 -5.470173479333865885e+00 -6.540690353773139343e+00 -9.483950569168666078e+00 -3.566619319584367176e+00
1.302655388560601368e+00 1.552886382532615016e+03 -5.931278709196837973e+00 -7.594299534273823760e+00 -1.138556936067231007e+01 -4.262742356107983355e+00
1.305462651882178582e+00 1.351752056127749483e+03 -5.575319514520834296e+00 -7.292023266294020090e+00 -1.138465300986542594e+01 -3.896215516503980680e+00
1.300852228433110547e+00 1.440537412801502342e+03 -5.679176646523871774e+00 -7.176884044346919289e+00 -1.025866645566408408e+01 -3.823008575139034804e+00
1.305672799764973524e+00 1.357689320431888291e+03 -5.325127683593460226e+00 -7.276339831513450207e+00 -1.179571087483739689e+01 -3.905335773686354983e+00
1.305672799764973524e+00 1.357689320431888291e+03 -5.325127683593460226e+00 -7.276339831513450207e+00 -1.179571087483739689e+01 -3.905335773686354983e+00
1.301773431495871769e+00 1.523684155020638855e+03 -5.997030685028142294e+00 -7.287528433344760970e+00 -9.973808303184181767e+00 -4.108824833102479701e+00
1.303003345685291636e+00 1.402513695137514333e+03 -5.186629013028694501e+00 -6.926790688190165746e+00 -1.112519291932163057e+01 -3.825532495049603909e+00
1.303003345685291636e+00 1.402513695137514333e+03 -5.186629013028694501e+00 -6.926790688190165746e+00 -1.112519291932163057e+01 -3.825532495049603909e+00
1.302771009156154625e+00 1.529734607534203633e+03 -5.947193940392543787e+00 -7.449603790567424610e+00 -1.113870797558111825e+01 -4.242438609798131033e+00
1.306507439593149300e+00 1.392179733128845555e+03 -6.015271797410447263e+00 -7.385916264602255588e+00 -1.160228806564387760e+01 -4.078140014066438113e+00
1.303780468943875892e+00 1.370378398222583883e+03 -5.757787911117478785e+00 -6.828783901462038841e+00 -1.024529389572697902e+01 -3.786697746527050157e+00
1.303835567184792543e+00 1.337320025900909968e+03 -5.184906744494886865e+00 -6.767029003203464121e+00 -1.118730808822753708e+01 -3.716377895424612277e+00
1.300299156046163418e+00 1.385209270197985916e+03 -5.012913812478470454e+00 -6.585069941540097282e+00 -1.036196073384546956e+01 -3.597751665248086539e+00
1.300299156046163418e+00 1.385209270197985916e+03 -5.012913812478470454e+00 -6.585069941540097282e+00 -1.036196073384546956e+01 -3.597751665248086539e+00
1.300350926810240448e+00 1.472139796036411781e+03 -5.247925129361886043e+00 -6.917322924453190858e+00 -1.050990119659151389e+01 -3.847020044328585797e+00
1.300350926810240448e+00 1.472139796036411781e+03 -5.247925129361886043e+00 -6.917322924453190858e+00 -1.050990119659151389e+01 -3.847020044328585797e+00
1.304853252342322412e+00 1.382990769002598654e+03 -5.557287083436776243e+00 -7.356061885796563615e+00 -1.160916124498354662e+01 -3.961710036657073886e+00
1.301530607846078436e+00 1.428289754841173590e+03 -5.135469459308137807e+00 -6.783018199126594538e+00 -1.099783913427566162e+01 -3.828028397490793822e+00
1.301530607846078436e+00 1.428289754841173590e+03 -5.135469459308137807e+00 -6.783018199126594538e+00 -1.099783913427566162e+01 -3.828028397490793822e+00
1.305468289799360804e+00 1.370225573916266967e+03 -5.566369598835939847e+00 -7.357162090460692028e+00 -1.189625209166866426e+01 -3.873013675311714366e+00
1.305468289799360804e+00 1.370225573916266967e+03 -5.566369598835939847e+00 -7.357162090460692028e+00 -1.189625209166866426e+01 -3.873013675311714366e+00
1.302528568772048478e+00 1.477711984809429850e+03 -5.685412917007376166e+00 -7.061374470351287513e+00 -1.085016184691876262e+01 -4.095050106109019872e+00
1.303544825186918166e+00 1.372111802196328654e+03 -5.207149808995890083e+00 -6.784114521414418064e+00 -1.050854054461857778e+01 -3.792977880742899544e+00
1.303040287893000082e+00 1.352927439200434947e+03 -5.718048062524635711e+00 -7.017233334832037706e+00 -9.741910727169770468e+00 -3.703902415173324414e+00
1.302974807188709505e+00 1.311964717475369071e+03 -5.067577929794189195e+00 -6.749024107675491990e+00 -9.904017296208033727e+00 -3.530694434551650218e+00
1.304830435979418279e+00 1.394266817158309095e+03 -5.794793474946363432e+00 -7.361276577001053312e+00 -1.160958268311559927e+01 -3.908718481156110869e+00
1.299592434186229273e+00 1.510128116374234651e+03 -5.938171747924208432e+00 -7.231942378808801308e+00 -9.969040667862275384e+00 -3.956632412268298538e+00
1.304326205921341408e+00 1.389091466421492441e+03 -5.502766726362912308e+00 -7.150232409604476480e+00 -1.124184430953223668e+01 -3.953579204309139783e+00
1.298957427958431499e+00 1.425333903890787724e+03 -5.248121587463423943e+00 -6.538501166932906727e+00 -9.470843447143467486e+00 -3.645397085843002927e+00
1.303228964804982404e+00 1.447178609852400314e+03 -5.496438656015777191e+00 -7.160079149974632351e+00 -1.063338933563790256e+01 -3.962042444918559170e+00
1.304570521470872269e+00 1.332853415804545421e+03 -5.475428913375142592e+00 -7.278407421740569205e+00 -9.955706320809962762e+00 -3.695874112457575578e+00
1.301308684372167956e+00 1.436234969183907651e+03 -5.434072549918526285e+00 -6.961799495970082852e+00 -1.088811005790440234e+01 -3.793811507931319937e+00
1.301885968399217441e+00 1.496468163286549952e+03 -6.062396150180272336e+00 -7.200447493570085733e+00 -1.052241717773564034e+01 -4.081602110034545206e+00
1.301885968399217441e+00 1.496468163286549952e+03 -6.062396150180272336e+00 -7.200447493570085733e+00 -1.052241717773564034e+01 -4.081602110034545206e+00
1.299566711992836465e+00 1.485983195490801791e+03 -5.395338019376386463e+00 -7.228846835196645948e+00 -1.010975382725331606e+01 -3.849190107806517602e+00
1.301407600964429978e+00 1.372236400760199558e+03 -5.234215227958419980e+00 -6.911305520217636555e+00 -1.046468255768949973e+01 -3.639532394648455238e+00
1.301407600964429978e+00 1.372236400760199558e+03 -5.234215227958419980e+00 -6.911305520217636555e+00 -1.046468255768949973e+01 -3.639532394648455238e+00
1.300603637186810380e+00 1.415359459255671482e+03 -5.047803219579536815e+00 -6.836991033070597190e+00 -1.006320520374962690e+01 -3.725783280354079352e+00
1.301190518873337920e+00 1.486002743677310036e+03 -5.786525640637802503e+00 -7.310106032385435881e+00 -1.022862695782741937e+01 -3.935627614553300901e+00
1.304078474026096668e+00 1.489074006883926359e+03 -6.018304296210323479e+00 -7.200893316765851537e+00 -1.159977143145251510e+01 -4.168281538426059640e+00
1.305202096097719311e+00 1.374224022286285162e+03 -6.039652639556438274e+00 -7.288631903709442028e+00 -9.985538648446626198e+00 -3.928478956187845483e+00
1.299773543722321900e+00 1.465303752756809445e+03 -5.779244172524583334e+00 -6.817093883564358414e+00 -9.931700180078131268e+00 -3.853653349691029462e+00
1.301887847910566443e+00 1.425061300832291636e+03 -5.245146931899403064e+00 -6.948797339012021901e+00 -1.139673436656303629e+01 -3.806001215603421528e+00
1.303023144054593629e+00 1.408543923888405288e+03 -5.949530574795942606e+00 -6.991845535552459800e+00 -9.781291798807137283e+00 -3.842328363922279166e+00
1.302394276725750588e+00 1.447623273317567737e+03 -5.593306695106903703e+00 -7.476600630296812433e+00 -1.151776076370951962e+01 -3.961732102154577717e+00
1.303287283042442457e+00 1.367882341510332481e+03 -5.462451635200087807e+00 -6.843691610095308242e+00 -1.061783071500986964e+01 -3.798011560007701348e+00
1.303287283042442457e+00 1.367882341510332481e+03 -5.462451635200087807e+00 -6.843691610095308242e+00 -1.061783071500986964e+01 -3.798011560007701348e+00
1.300769599314508529e+00 1.441651501368175104e+03 -5.404525308622158519e+00 -6.704580790364594201e+00 -1.129182347737200054e+01 -3.841434920966088740e+00
1.300416988985463984e+00 1.513068453333038633e+03 -5.603490366774082077e+00 -6.973391902018230226e+00 -1.078906992946064136e+01 -3.961311318917813296e+00
1.300012700489599604e+00 1.446109398091959974e+03 -5.572403274198370227e+00 -6.868265508651641760e+00 -9.543077221965948098e+00 -3.751034010148581288e+00
1.300012700489599604e+00 1.446109398091959974e+03 -5.572403274198370227e+00 -6.868265508651641760e+00 -9.543077221965948098e+00 -3.751034010148581288e+00
1.298636094956262532e+00 1.405520841100705184e+03 -5.099845195077914894e+00 -6.513282831390196925e+00 -9.607735345673837912e+00 -3.539244015275841093e+00
1.303103086589159965e+00 1.385700972792993298e+03 -5.393833751497563611e+00 -7.076894503178955631e+00 -1.132356662629573485e+01 -3.761240542464987513e+00
1.300906782387238003e+00 1.559603252653421805e+03 -5.851471075382812082e+00 -7.456443361064876818e+00 -1.077667832042559048e+01 -4.185575085584834376e+00
1.303360075266511986e+00 1.521752113397073799e+03 -5.866133453752711446e+00 -7.684364452958526215e+00 -1.104242827672533167e+01 -4.213807379561206545e+00
1.304439888715344109e+00 1.318656595076429767e+03 -5.399235961683348073e+00 -6.866622860478055479e+00 -9.852442944369212086e+00 -3.688822227310499358e+00
1.304439888715344109e+00 1.318656595076429767e+03 -5.399235961683348073e+00 -6.866622860478055479e+00 -9.852442944369212086e+00 -3.688822227310499358e+00
1.303958176192781648e+00 1.397478865800347194e+03 -5.298408657514050546e+00 -6.986161488526125396e+00 -1.130512690529581654e+01 -3.925193893958841329e+00
1.300671486414088251e+00 1.409392774729115445e+03 -5.725047142835213876e+00 -6.757036197737959604e+00 -9.435723655633010409e+00 -3.695860314688207637e+00
1.302867906107147977e+00 1.437714825219007253e+03 -5.457070964934938040e+00 -7.531589478302195495e+00 -1.112101882737912995e+01 -3.968686952487788133e+00
1.304507768611694596e+00 1.439250073565454159e+03 -5.904622680329897122e+00 -7.400053543196110084e+00 -1.095962016915674475e+01 -4.016611857517641049e+00
1.304641646199601990e+00 1.352791143029253817e+03 -5.673682281713204212e+00 -6.855166269607031460e+00 -1.059451159296052047e+01 -3.797686450397453228e+00
1.304641646199601990e+00 1.352791143029253817e+03 -5.673682281713204212e+00 -6.855166269607031460e+00 -1.059451159296052047e+01 -3.797686450397453228e+00
1.301787126398010086e+00 1.517678505043527821e+03 -6.000736615572198396e+00 -7.472568029497253406e+00 -1.085399160322322487e+01 -4.107126730272403492e+00
1.305412996608700471e+00 1.443834320159296567e+03 -6.204542347254978552e+00 -7.398697923827959322e+00 -1.078023325846467095e+01 -4.147141641465434070e+00
1.301024798929230952e+00 1.419267093353103064e+03 -5.132753811715273784e+00 -6.902745714395921439e+00 -1.093529217897029682e+01 -3.795899382506449982e+00
1.299998849836868642e+00 1.507560241725408105e+03 -5.780112496626793828e+00 -6.885442622189928308e+00 -1.051101119116808746e+01 -3.945855303788645685e+00
1.303936520563540924e+00 1.350386285572932593e+03 -5.392502391625797031e+00 -6.705579107233234915e+00 -1.092919671938726367e+01 -3.729036465146222667e+00
1.304033546159038215e+00 1.366813869454167389e+03 -5.177373604846401633e+00 -7.236503540935550483e+00 -1.149241847440506703e+01 -3.811104293376095242e+00
1.302766785349777079e+00 1.471801318970917237e+03 -5.626938544866596281e+00 -7.060123292604991718e+00 -1.193093538457793024e+01 -4.087772740753637279e+00
1.298990197312256401e+00 1.517897942395888549e+03 -5.394800520323517645e+00 -6.928047073925957200e+00 -1.015337529251329940e+01 -3.954964850231434070e+00
1.298219013333799188e+00 1.432500788063607615e+03 -5.088699759673135148e+00 -6.441462502467235396e+00 -9.713019731868669737e+00 -3.619083429915695760e+00
1.305878869953706056e+00 1.309642869600620543e+03 -5.533532318048017373e+00 -7.062752465845537841e+00 -1.030193430740720295e+01 -3.758685221743764515e+00
1.304929545396972257e+00 1.325572940668741467e+03 -5.186343377747423489e+00 -6.921153670628233279e+00 -1.169644214047339226e+01 -3.737379669514950820e+00
1.304929545396972257e+00 1.325572940668741467e+03 -5.186343377747423489e+00 -6.921153670628233279e+00 -1.169644214047339226e+01 -3.737379669514950820e+00
1.302606270193512161e+00 1.464008154924119481e+03 -5.655314006642419677e+00 -6.835369994726752552e+00 -1.100313459741950872e+01 -3.985239053069873805e+00
1.301199289178933016e+00 1.443742811044811788e+03 -5.577059206864862340e+00 -6.645306512689878708e+00 -1.022606905966624424e+01 -3.874145491124973972e+00
1.303509250179498258e+00 1.387903644968061599e+03 -5.218388237732384027e+00 -6.862901451886879833e+00 -1.132326770297037299e+01 -3.855406631665568185e+00
1.303509250179498258e+00 1.387903644968061599e+03 -5.218388237732384027e+00 -6.862901451886879833e+00 -1.132326770297037299e+01 -3.855406631665568185e+00
1.303813292387076883e+00 1.518473139131915104e+03 -5.967355047217518305e+00 -7.447340935918342453e+00 -1.109083232470239189e+01 -4.226792059640341215e+00
1.303813292387076883e+00 1.518473139131915104e+03 -5.967355047217518305e+00 -7.447340935918342453e+00 -1.109083232470239189e+01 -4.226792059640341215e+00
1.298730194132865279e+00 1.479821958753973377e+03 -5.352126200662075561e+00 -6.789223968491612915e+00 -1.027550974063890266e+01 -3.832424046213876778e+00
1.298730194132865279e+00 1.479821958753973377e+03 -5.352126200662075561e+00 -6.789223968491612915e+00 -1.027550974063890266e+01 -3.832424046213876778e+00
1.305391058802575444e+00 1.319806192130567524e+03 -5.488736333035649118e+00 -7.330437208344433131e+00 -1.030379129530001237e+01 -3.738525385983400895e+00
1.300305616061077529e+00 1.411855414509305092e+03 -5.477378364409091205e+00 -6.823921068208342433e+00 -9.934924806411013165e+00 -3.655112324985253736e+00
1.300305616061077529e+00 1.411855414509305092e+03 -5.477378364409091205e+00 -6.823921068208342433e+00 -9.934924806411013165e+00 -3.655112324985253736e+00
1.305240943825113353e+00 1.349432332366523951e+03 -5.735860271902170737e+00 -7.420768789298520574e+00 -1.039787457828630934e+01 -3.845420954141964387e+00
1.300761729415255585e+00 1.412743886898281744e+03 -5.105660748941798666e+00 -6.770304255144723449e+00 -1.055024596956712557e+01 -3.754023391469317517e+00
1.301155622646469112e+00 1.494237636424774564e+03 -5.380193025772835647e+00 -7.180700366244490596e+00 -1.083613567714423276e+01 -3.967009248285961576e+00
1.299597682907099871e+00 1.390415355007628705e+03 -5.461233866166946171e+00 -6.781324730399870049e+00 -9.517468039737469354e+00 -3.571665955583092966e+00
1.304512556787428723e+00 1.468014721704722660e+03 -5.816598678582678872e+00 -7.208771078854556258e+00 -1.157241392929936197e+01 -4.178799262329405906e+00
1.304512556787428723e+00 1.468014721704722660e+03 -5.816598678582678872e+00 -7.208771078854556258e+00 -1.157241392929936197e+01 -4.178799262329405906e+00
1.302971383362650837e+00 1.441882952430212754e+03 -5.987981315368491764e+00 -7.469312928339093105e+00 -1.010785659750938237e+01 -3.930791835651012534e+00
1.301741664389301389e+00 1.459883696174131273e+03 -5.718249980427229318e+00 -7.302944961815389213e+00 -1.097770608271261317e+01 -3.959300517829918320e+00
1.303692994534456195e+00 1.366851284980706168e+03 -5.538865671329529228e+00 -7.400549797392035778e+00 -9.948424806210633520e+00 -3.757280986305518766e+00
1.304477570274530374e+00 1.370950088914987873e+03 -5.824698678029855081e+00 -7.411678519373731788e+00 -9.905926893226480345e+00 -3.820389507092842862e+00
1.304083726736893878e+00 1.431419117913452737e+03 -5.699925632489270200e+00 -7.436941867983387411e+00 -9.997966276808480046e+00 -4.016972462343337824e+00
1.302018650819123380e+00 1.525318174986416579e+03 -5.655108879281201872e+00 -7.183955181575171878e+00 -1.128908479752267446e+01 -4.132084941678353829e+00
1.302018650819123380e+00 1.525318174986416579e+03 -5.655108879281201872e+00 -7.183955181575171878e+00 -1.128908479752267446e+01 -4.132084941678353829e+00
1.299282206399246853e+00 1.462421008198716663e+03 -5.899952661271553822e+00 -6.902690336751927447e+00 -9.596171534111878287e+00 -3.790452088629965743e+00
1.304818479045764423e+00 1.399757439008129950e+03 -6.019312799638536937e+00 -7.318111624758328659e+00 -1.033271221840686493e+01 -3.937070225578187532e+00
1.305179322384443674e+00 1.344623276539527978e+03 -5.360473911959609872e+00 -7.168277824552646393e+00 -1.043157507212120372e+01 -3.838868939465328367e+00
1.305179322384443674e+00 1.344623276539527978e+03 -5.360473911959609872e+00 -7.168277824552646393e+00 -1.043157507212120372e+01 -3.838868939465328367e+00
1.300632250292535819e+00 1.416074649389508068e+03 -5.164080747855932074e+00 -6.875257476577674609e+00 -1.197499446230053621e+01 -3.735467209142120382e+00
1.303687973212491302e+00 1.432264873737429525e+03 -6.008866769076831815e+00 -7.634214858274233961e+00 -1.013575180130217923e+01 -3.972195412896338595e+00
1.305071669811281643e+00 1.360754575398462748e+03 -5.667817299952673693e+00 -6.907540933090594137e+00 -1.028036316016395091e+01 -3.878142647672914833e+00
1.299615248735387807e+00 1.565018718354301882e+03 -5.830931487761820797e+00 -7.149822025370924372e+00 -1.050547254524794738e+01 -4.087812629669601350e+00
1.302425281871128160e+00 1.343549251375323593e+03 -5.022951208912432186e+00 -6.712442737472074761e+00 -1.024613571909827847e+01 -3.617791793750729568e+00
1.300862227262406634e+00 1.485280294823497115e+03 -5.433032457858707254e+00 -7.365617021610525228e+00 -1.026428329521814931e+01 -3.940085860661861616e+00
1.300518659232104968e+00 1.504301619740237811e+03 -5.480418579777580845e+00 -6.917615114654219077e+00 -1.168545234904203056e+01 -3.950384922392006004e+00
1.299514866066648233e+00 1.457780788577984822e+03 -5.299184257007348187e+00 -6.648908570955542885e+00 -1.027672633115001943e+01 -3.753541972166361873e+00
1.305961745300150190e+00 1.390979330523296994e+03 -5.774910190267555699e+00 -7.306527253146998468e+00 -1.043982231824723783e+01 -4.049591304318100882e+00
1.303006664547476934e+00 1.483570288783291062e+03 -5.884800805118826084e+00 -7.551591208365042718e+00 -1.020961664602523733e+01 -4.125995051445285888e+00
1.297628042466684395e+00 1.551437646622753164e+03 -5.699494922922109019e+00 -6.934969113666986651e+00 -9.877558385275435171e+00 -3.925936068051626648e+00
1.302043420098004223e+00 1.488818554328929167e+03 -5.914131120493648197e+00 -7.375481563253810435e+00 -1.000388873930835665e+01 -4.003495129590324275e+00
1.301362281488867234e+00 1.432498423490343612e+03 -5.625826837181996609e+00 -7.330429856278392720e+00 -9.864006352925338561e+00 -3.790292220784548860e+00
1.299778405543819293e+00 1.483559503102374947e+03 -5.317460487780824252e+00 -6.873591269093021872e+00 -1.084670385470038312e+01 -3.839579976824099461e+00
1.300798959593975956e+00 1.459622888896728909e+03 -5.622333352982107790e+00 -6.805944951266502230e+00 -9.693369761406612994e+00 -3.874481588981279145e+00
1.303892987849091911e+00 1.343654567864217370e+03 -5.124972254937990357e+00 -7.088557040427398093e+00 -1.153515669434710489e+01 -3.702433373122348215e+00
1.303139877238344901e+00 1.365972177222976597e+03 -5.408606805281303664e+00 -6.732319799783119230e+00 -1.127144682807448817e+01 -3.733674850248975829e+00
1.305521652056401916e+00 1.353497073374774573e+03 -5.546399007853778151e+00 -7.264909252561196240e+00 -1.012587658104083133e+01 -3.888861433075019747e+00
1.301409284437084368e+00 1.428189301393709002e+03 -5.545643161438526647e+00 -6.958480205130481266e+00 -1.106857808913907348e+01 -3.839477575021950528e+00
1.304802809318568402e+00 1.433208052612451183e+03 -5.584120593731316973e+00 -7.152529064943017545e+00 -1.185945072091859664e+01 -4.084506838881956980e+00
1.305467171844132190e+00 1.413888787213548767e+03 -5.866376543828448753e+00 -7.296111520938498352e+00 -1.190178561616657937e+01 -4.096409730810670169e+00
1.300683890732892367e+00 1.512856588344610373e+03 -5.783100710818902535e+00 -7.178113153951487746e+00 -1.076775415392593160e+01 -4.055820277391674722e+00
1.302278114676460596e+00 1.421870047638828282e+03 -5.571106832216909055e+00 -6.828517637356266157e+00 -1.108767012537903440e+01 -3.823537603954941133e+00
1.302143646072801975e+00 1.441736095481319126e+03 -5.615496954805011320e+00 -7.484693410259328772e+00 -1.065468784337195984e+01 -3.914168685737781317e+00
1.302859522911875789e+00 1.341944816045187963e+03 -5.201861645075705809e+00 -6.869003168736099951e+00 -9.844423739531553252e+00 -3.600510502800780444e+00
1.303128718489956261e+00 1.401802004677227160e+03 -5.484570198954108911e+00 -7.378562441763159896e+00 -1.193244879819967075e+01 -3.860162871090830450e+00
1.304571998605964289e+00 1.469734704655637643e+03 -6.068854136131459853e+00 -7.474497828861831117e+00 -1.032493154136315283e+01 -4.184693199423652032e+00
1.299964476502556421e+00 1.480310710138359354e+03 -5.502820415178290681e+00 -6.811268957103232324e+00 -1.079819814939222411e+01 -3.912329520588700760e+00
1.304319790092895115e+00 1.490115051136792090e+03 -5.904183564911278381e+00 -7.625447918773271994e+00 -1.185492574239563446e+01 -4.228622936517570707e+00
1.304319790092895115e+00 1.490115051136792090e+03 -5.904183564911278381e+00 -7.625447918773271994e+00 -1.185492574239563446e+01 -4.228622936517570707e+00
1.302929278295477999e+00 1.345608775814034743e+03 -5.134121786411540711e+00 -6.911378854705627184e+00 -1.027085879952019987e+01 -3.686784522548398613e+00
1.302929278295477999e+00 1.345608775814034743e+03 -5.134121786411540711e+00 -6.911378854705627184e+00 -1.027085879952019987e+01 -3.686784522548398613e+00
1.298303683250893181e+00 1.445017719397891597e+03 -5.323695961452835412e+00 -6.846905252546333642e+00 -9.553378038053095267e+00 -3.641556611109201924e+00
1.298303683250893181e+00 1.445017719397891597e+03 -5.323695961452835412e+00 -6.846905252546333642e+00 -9.553378038053095267e+00 -3.641556611109201924e+00
1.304761758800968119e+00 1.364317595988874245e+03 -5.458504395650897401e+00 -7.425081426976245957e+00 -1.010211483562746615e+01 -3.857921647585115466e+00
1.301934985918989263e+00 1.478533022229343942e+03 -5.803785306269393374e+00 -7.491203937317080452e+00 -1.042270796826866786e+01 -3.972412898154717098e+00
1.302250653985487672e+00 1.526852102839780855e+03 -6.029751963453645836e+00 -7.346336545540691709e+00 -1.046874701577004529e+01 -4.199794773515888480e+00
1.299238152865448415e+00 1.534174447844551196e+03 -5.845808839739756735e+00 -7.062044615310666629e+00 -1.028907379455900362e+01 -3.968675476031817695e+00
1.306530607309889680e+00 1.367191428947922077e+03 -5.779613999503219191e+00 -7.635451850838855137e+00 -1.071114764076372339e+01 -3.992493613030729804e+00
1.306530607309889680e+00 1.367191428947922077e+03 -5.779613999503219191e+00 -7.635451850838855137e+00 -1.071114764076372339e+01 -3.992493613030729804e+00
1.303833337531010050e+00 1.440600506864363979e+03 -6.162136407108791403e+00 -7.284929734628492248e+00 -1.028486661002208891e+01 -4.043115802071538312e+00
1.305411731861489066e+00 1.401314875984649461e+03 -5.760117216516941419e+00 -7.166483970928491765e+00 -1.148967384075749720e+01 -4.054771564781145976e+00
1.304334131118923157e+00 1.462030818102909961e+03 -6.123242467046363657e+00 -7.377391915908722453e+00 -1.134478572136302077e+01 -4.124349699662279711e+00
1.297278107866639330e+00 1.505981657354416029e+03 -5.311818985918536740e+00 -6.682514280160425812e+00 -9.784973539471202741e+00 -3.791592636005706396e+00
1.301006297271969370e+00 1.343486085492853135e+03 -5.256504647499626870e+00 -6.622010467479277906e+00 -9.601242263349590189e+00 -3.490828785504591636e+00
1.301006297271969370e+00 1.343486085492853135e+03 -5.256504647499626870e+00 -6.622010467479277906e+00 -9.601242263349590189e+00 -3.490828785504591636e+00
1.302552112239184989e+00 1.411433203121366432e+03 -5.673297548700198867e+00 -7.409104593791457916e+00 -9.665906537030133805e+00 -3.849395364660313845e+00
1.303381332095946865e+00 1.378653389583214903e+03 -5.446885695210674783e+00 -7.255718861618950299e+00 -1.147181912194583475e+01 -3.780579595737041387e+00
1.303381332095946865e+00 1.378653389583214903e+03 -5.446885695210674783e+00 -7.255718861618950299e+00 -1.147181912194583475e+01 -3.780579595737041387e+00
1.301663966294298369e+00 1.475357738409366448e+03 -5.393462347300493676e+00 -7.255530408786020402e+00 -1.096341568691165769e+01 -4.013866187877906277e+00
1.299066655711142992e+00 1.471135265109509419e+03 -5.635287568725262375e+00 -6.836161800069784356e+00 -1.000179870186969744e+01 -3.770925974778455370e+00
1.302844159874558816e+00 1.409131610368679048e+03 -5.580390739460850291e+00 -6.863446837959322977e+00 -1.107197028038251041e+01 -3.824397513111707170e+00
1.304895205669605041e+00 1.437042245677403344e+03 -5.779163465805041255e+00 -7.334046096582722996e+00 -1.093329179839764898e+01 -4.045933245961728097e+00
1.301603384849554734e+00 1.426712443782185346e+03 -5.484045688906298288e+00 -6.870052677936413055e+00 -1.153448861667176750e+01 -3.802442582190428411e+00
1.301603384849554734e+00 1.426712443782185346e+03 -5.484045688906298288e+00 -6.870052677936413055e+00 -1.153448861667176750e+01 -3.802442582190428411e+00
1.304351202547513466e+00 1.367261816185955468e+03 -5.719127027199427893e+00 -7.402231928457011279e+00 -1.032118252658221280e+01 -3.843937828037947924e+00
1.301414115661187587e+00 1.427327554285529459e+03 -5.552322045916678661e+00 -6.849329269011769306e+00 -1.095469661486488633e+01 -3.837876123445891352e+00
1.304601525761300618e+00 1.448605565914259387e+03 -5.861435229392646384e+00 -7.702009942769658224e+00 -1.175750003480696293e+01 -4.119858909997501151e+00
1.301710350544193151e+00 1.441554700249991356e+03 -5.396583920289202752e+00 -6.737963239631258539e+00 -1.035181595358395334e+01 -3.903682908234046067e+00
1.302207894778665498e+00 1.455674829770874339e+03 -5.566048773524160609e+00 -7.503050110000041073e+00 -1.014095226890419532e+01 -3.935359382026028641e+00
1.302508374450921602e+00 1.456690678885462603e+03 -5.780142419974368728e+00 -7.186371279389362599e+00 -1.109579869548382725e+01 -4.024307354054591279e+00
1.301719736311769404e+00 1.467883640390879009e+03 -5.547863505013902241e+00 -6.803615342599187876e+00 -1.189427733834164513e+01 -3.941093914608043036e+00
1.299890367268137892e+00 1.489494277852480536e+03 -5.373067636345566278e+00 -7.280011410263055538e+00 -1.015798073044335226e+01 -3.900716157501888048e+00
1.300463017346972450e+00 1.499081331949917057e+03 -5.412175849487741885e+00 -6.901881921746520376e+00 -1.140007720123404056e+01 -3.997198729165020836e+00
1.305060233078899623e+00 1.356907964231979349e+03 -5.523513890302913509e+00 -7.100299535328129963e+00 -1.042263360529414307e+01 -3.807836216292443510e+00
1.304623483820813501e+00 1.346315534986076727e+03 -5.660397700893883055e+00 -6.902527288465237554e+00 -1.046089057488900309e+01 -3.784227408342941246e+00
1.302381273964393182e+00 1.504646619687027851e+03 -5.845219040892023266e+00 -7.062807196724060432e+00 -1.097387934748142690e+01 -4.140028326573317763e+00
1.302381273964393182e+00 1.504646619687027851e+03 -5.845219040892023266e+00 -7.062807196724060432e+00 -1.097387934748142690e+01 -4.140028326573317763e+00
1.301065204191858671e+00 1.476831250039283987e+03 -5.773097664935047391e+00 -7.266130570709102621e+00 -1.061026154539782240e+01 -3.958131482171530990e+00
1.303564127627439007e+00 1.452475521350624149e+03 -6.146152304944692446e+00 -7.119137168841308316e+00 -1.009785685119434007e+01 -4.047186369889220536e+00
1.300501654874792745e+00 1.446475384812280709e+03 -5.246461584635246922e+00 -7.072934343731795082e+00 -1.155098913228590085e+01 -3.806050347584529092e+00
1.303731320500204793e+00 1.434597029597457777e+03 -5.828752554057510693e+00 -7.044617006661378689e+00 -1.191832027618306000e+01 -4.025176501020293784e+00
1.302681485634917813e+00 1.511754155372200103e+03 -5.643041632792654028e+00 -7.296647858871030401e+00 -1.131622448449238583e+01 -4.129606361444949414e+00
1.302681485634917813e+00 1.511754155372200103e+03 -5.643041632792654028e+00 -7.296647858871030401e+00 -1.131622448449238583e+01 -4.129606361444949414e+00
1.302597842833657760e+00 1.334293392306086162e+03 -5.149912737842681665e+00 -6.740326993068667782e+00 -1.003510046026740277e+01 -3.557430000292812977e+00
1.302597842833657760e+00 1.334293392306086162e+03 -5.149912737842681665e+00 -6.740326993068667782e+00 -1.003510046026740277e+01 -3.557430000292812977e+00
1.304328461546307993e+00 1.503968457161491642e+03 -5.912486989571179130e+00 -7.644819425145719549e+00 -1.136382271216134932e+01 -4.224051094228689962e+00
1.302043250871908420e+00 1.446057283110915705e+03 -5.408806349758859433e+00 -7.472679652853710053e+00 -1.045913861073861995e+01 -3.918528805332002207e+00
1.303797591841014514e+00 1.426169237553345511e+03 -5.641049147770311301e+00 -7.524529057620325645e+00 -1.099217234154406775e+01 -4.016410014388476668e+00
1.300396277768162356e+00 1.543937669959197365e+03 -5.601610655251538340e+00 -7.146083235557596502e+00 -1.064707032368596806e+01 -4.066057692159509962e+00
1.298729266143327621e+00 1.511462188402871107e+03 -5.395707210219081063e+00 -6.950708479078598678e+00 -1.033773531343511287e+01 -3.919295734059861758e+00
1.304215743805175132e+00 1.407162525851614646e+03 -5.959962486909697432e+00 -7.372113875480020617e+00 -9.929148247669685290e+00 -3.983439412071545505e+00
1.304513271959799381e+00 1.348016513815632607e+03 -5.233757132513360055e+00 -7.236892804496378062e+00 -1.054553572420846663e+01 -3.782063778085879235e+00
1.300650804967206753e+00 1.430809394283114671e+03 -5.218915417800630507e+00 -7.019681907236660301e+00 -1.159505989387183433e+01 -3.769528440797969893e+00
1.300301616126543047e+00 1.469415848747224118e+03 -5.317987661535538813e+00 -6.747196086951667837e+00 -1.102721217971382472e+01 -3.846722953360290020e+00
1.300301616126543047e+00 1.469415848747224118e+03 -5.317987661535538813e+00 -6.747196086951667837e+00 -1.102721217971382472e+01 -3.846722953360290020e+00
1.300079799264260538e+00 1.531097781675108308e+03 -5.539955699487214780e+00 -6.902129764387344935e+00 -1.067841653842942229e+01 -4.036824684528798279e+00
1.303712758475846556e+00 1.437748747365497366e+03 -5.525610807737773911e+00 -7.293070090597749022e+00 -1.099820395420464791e+01 -4.053050044081388137e+00
1.306643019399426064e+00 1.330729525051079008e+03 -5.671685081934593420e+00 -7.198691723117025987e+00 -1.066668771754878620e+01 -3.881845281273268000e+00
1.304949548819324789e+00 1.487248262670396116e+03 -6.035981200255434054e+00 -7.478768744369208576e+00 -1.192673612939545613e+01 -4.245096318246805112e+00
1.304736658132272797e+00 1.471696774771196260e+03 -5.954520023684645835e+00 -7.464795704012233024e+00 -1.068610813999162090e+01 -4.144214301109840015e+00
1.301332293312872368e+00 1.428030735334734118e+03 -5.138074972438897881e+00 -7.002704641791003937e+00 -1.113165809360435787e+01 -3.797396676504895652e+00
1.302900751591029582e+00 1.481130660624156690e+03 -5.768593356946475126e+00 -6.944387787580637905e+00 -1.100373139279335533e+01 -4.083072938912783556e+00
1.304057481339001345e+00 1.401820397923667315e+03 -5.533866700247109804e+00 -6.876023298045280896e+00 -1.054957610142277780e+01 -3.939850021698250160e+00
1.299442475474812841e+00 1.476858057205866089e+03 -5.311442974677218487e+00 -6.881616847311829765e+00 -1.027048027057146484e+01 -3.803214923325116459e+00
1.299827459075460601e+00 1.436952389571973754e+03 -5.265769802484131290e+00 -6.592486867885501312e+00 -9.892427502450399146e+00 -3.721043971771935688e+00
1.305158587790915536e+00 1.367342167239663240e+03 -5.692892587521224179e+00 -7.567511357834526997e+00 -1.044314513301290148e+01 -3.885978342827902665e+00
1.299254935889796680e+00 1.456413341441631928e+03 -5.432874312591513544e+00 -6.612790881504272633e+00 -1.017268640275687908e+01 -3.782965328136297600e+00
1.300994861479496612e+00 1.416803072871780159e+03 -5.144605545345571684e+00 -6.992587091902567664e+00 -1.145301864938872427e+01 -3.754445269079091929e+00
1.297649700845817877e+00 1.447562373538276233e+03 -5.463684327063685231e+00 -6.684338983101152820e+00 -9.366412386930914380e+00 -3.628820277842894626e+00
1.305962377395748053e+00 1.340244543368784662e+03 -5.636563136070199320e+00 -7.170507890968772280e+00 -1.193885467546522428e+01 -3.873284320446133577e+00
1.298307773372042506e+00 1.466232060439807356e+03 -5.544860771540253808e+00 -6.817031099107946801e+00 -9.476780740804191083e+00 -3.755687511791927946e+00
1.300748574532737178e+00 1.420991137758722743e+03 -5.151516805488112638e+00 -7.024812897269667289e+00 -1.043607758939927521e+01 -3.726293640354207071e+00
1.300748574532737178e+00 1.420991137758722743e+03 -5.151516805488112638e+00 -7.024812897269667289e+00 -1.043607758939927521e+01 -3.726293640354207071e+00
1.300921102669526208e+00 1.507849639949994526e+03 -5.836375895604265729e+00 -7.300567667774639169e+00 -1.017187077365143821e+01 -4.065276865669208206e+00
1.303732338388770007e+00 1.338563579686595403e+03 -5.186888498280731064e+00 -6.745889717597864710e+00 -1.112671157925185916e+01 -3.687397500854153520e+00
1.303113938328993138e+00 1.471173790703465329e+03 -5.741698012631271553e+00 -7.001478375371627649e+00 -1.040241432983371261e+01 -4.057955319227603219e+00
1.302899133763610884e+00 1.340937128559436132e+03 -5.535868720891125250e+00 -6.930616919726785952e+00 -9.687813173312495252e+00 -3.653666120771667636e+00
1.305740143476526782e+00 1.339803454449138144e+03 -5.581324211407143743e+00 -6.987001226358020567e+00 -1.064999162197415927e+01 -3.856695471497776140e+00
1.299872437556198523e+00 1.538597688471850461e+03 -5.585827293486214984e+00 -7.173933710450744350e+00 -1.169545604963864349e+01 -4.031120359133530506e+00
1.303062976602418654e+00 1.351540320165806861e+03 -5.218435423634025128e+00 -6.913860355137462221e+00 -1.194860085363378488e+01 -3.691290545392917011e+00
1.303062976602418654e+00 1.351540320165806861e+03 -5.218435423634025128e+00 -6.913860355137462221e+00 -1.194860085363378488e+01 -3.691290545392917011e+00
1.300664469809697632e+00 1.540601400142468037e+03 -5.585314710145814487e+00 -7.078701945528554695e+00 -1.160958991500925741e+01 -4.087889985354676625e+00
1.301817692330342613e+00 1.447485871106943705e+03 -5.564763952534633518e+00 -7.157478305337670932e+00 -9.883000300758418177e+00 -3.946980237523955992e+00
1.299952502356674922e+00 1.463654976936252297e+03 -5.472024347591258220e+00 -7.089658187020585700e+00 -9.753249368514001816e+00 -3.789553133533916096e+00
1.298918135938829321e+00 1.526288058960387389e+03 -5.692456665275353878e+00 -7.182593088864896558e+00 -9.772016092294105505e+00 -3.945741981661154085e+00
1.298918135938829321e+00 1.526288058960387389e+03 -5.692456665275353878e+00 -7.182593088864896558e+00 -9.772016092294105505e+00 -3.945741981661154085e+00
1.301592628953917918e+00 1.413668758082279055e+03 -5.592869486597652262e+00 -6.982621810123487371e+00 -9.692468195164412492e+00 -3.824697451650401092e+00
1.304569446740608374e+00 1.453704754015141361e+03 -5.845862788645662000e+00 -7.090700374852796806e+00 -1.143751680765747558e+01 -4.119089566114706003e+00
1.299957662914795531e+00 1.516418190637385351e+03 -5.617818414648298564e+00 -6.965118705503105190e+00 -1.150274069926411791e+01 -4.003514333128350700e+00
1.302292393379588464e+00 1.501926654051673268e+03 -5.920434180287167614e+00 -7.360757220641209742e+00 -1.059701727028999585e+01 -4.138396774920381382e+00
1.302113317630939848e+00 1.435682380208885888e+03 -5.649202419564104183e+00 -7.120895394574420223e+00 -1.197311842478311128e+01 -3.884573973268064861e+00
1.306501841999754499e+00 1.366088600554767936e+03 -5.705183144157165209e+00 -7.271149447740833160e+00 -1.150369197675859745e+01 -3.961185583922237186e+00
1.300820255539810510e+00 1.407856152522386992e+03 -5.358196784618327158e+00 -7.130445673919583172e+00 -9.642179931352806932e+00 -3.734816075098409627e+00
1.304138226497296937e+00 1.465362928648409934e+03 -5.682814998394618122e+00 -7.343975706653099067e+00 -1.061994495644635705e+01 -4.118219564857241721e+00
1.302695781186480328e+00 1.407474779621228208e+03 -5.412628626531933662e+00 -7.177763081895045083e+00 -1.071414692342153074e+01 -3.799594013625721800e+00
1.299454513859201743e+00 1.413159565580325079e+03 -5.181166705830150931e+00 -6.674366904062626560e+00 -1.019732554944602576e+01 -3.639562454027723604e+00
1.302653982489977880e+00 1.380359700416007399e+03 -5.313689723665431686e+00 -7.072216385079786782e+00 -1.158267611188163748e+01 -3.727521481710438067e+00
1.301209763554271204e+00 1.395368527607303349e+03 -5.174432292894613816e+00 -6.573147523627981492e+00 -1.037675471733790289e+01 -3.701587995398693209e+00
1.306092189445505980e+00 1.397649170318552478e+03 -5.744725498053284696e+00 -7.424720727405526688e+00 -1.090007248322830868e+01 -4.085342360925900529e+00
1.306092189445505980e+00 1.397649170318552478e+03 -5.744725498053284696e+00 -7.424720727405526688e+00 -1.090007248322830868e+01 -4.085342360925900529e+00
1.298355005211683899e+00 1.494505992663298457e+03 -5.326210453225797004e+00 -6.643031520765765308e+00 -1.029506211629496448e+01 -3.825090147589035539e+00
1.303598482503439682e+00 1.332220312983529993e+03 -5.267758770103665888e+00 -6.761546147079796398e+00 -1.067665338032233180e+01 -3.661398981123953789e+00
1.303652027764905519e+00 1.388375929872963297e+03 -5.784537686500773823e+00 -7.458724040609097550e+00 -9.885130437591016062e+00 -3.833071180365484665e+00
1.302629022422122418e+00 1.445732330346947037e+03 -5.715738546599362202e+00 -7.551427908566506808e+00 -1.050674150251834860e+01 -3.942253029678628451e+00
1.305163242373564847e+00 1.375373768020464013e+03 -5.651478705731373786e+00 -7.155266622276186261e+00 -1.097741500447578744e+01 -3.962705064417342271e+00
1.304969944861054776e+00 1.464619715907661430e+03 -6.002192470256701107e+00 -7.734403089662301056e+00 -1.156797399212852540e+01 -4.177086327455352688e+00
1.300954295474180400e+00 1.467557760217327314e+03 -5.684925236663491255e+00 -6.883175279182588646e+00 -9.826805807289369810e+00 -3.941834536551155566e+00
1.304065637990683202e+00 1.412455497159153310e+03 -5.721059878832555512e+00 -6.877302447906728844e+00 -1.100176810042910702e+01 -3.964691246275750203e+00
1.303305587915485342e+00 1.418860539297550758e+03 -5.529660618849143283e+00 -7.345145849414978834e+00 -1.161898476707603045e+01 -3.880747347944021541e+00
1.300365979297548602e+00 1.454820290630478212e+03 -5.201009994419845128e+00 -6.711316384555479075e+00 -1.102337868005358246e+01 -3.817011373953070219e+00
1.303720570493013931e+00 1.412766791969565929e+03 -5.789654660657681085e+00 -6.992084957790090982e+00 -1.141894496176872309e+01 -3.912299887552103783e+00
1.306192820137522581e+00 1.351764299183808362e+03 -5.676458302666859801e+00 -7.124453030729646308e+00 -1.055943000886788852e+01 -3.926942774801297276e+00
1.305045325545522550e+00 1.390012913789748836e+03 -5.701699803282715528e+00 -7.011868220511996874e+00 -1.055416062376630570e+01 -3.929186093871351204e+00
1.300225483238170110e+00 1.492219445827457548e+03 -5.562166126058718518e+00 -7.100896333495182233e+00 -9.763740214388269223e+00 -3.935035079601878039e+00
1.304885763222301431e+00 1.340419891548832084e+03 -5.460000193835933047e+00 -7.040350499062373757e+00 -1.028494208638124441e+01 -3.811965949401812992e+00
1.301797622295647994e+00 1.421356851406547548e+03 -5.220771619627551985e+00 -6.726091841462001675e+00 -1.139419283933588112e+01 -3.833305758862772805e+00
1.302678440355666156e+00 1.357946441215986852e+03 -5.474271620990658782e+00 -7.092695673800148093e+00 -9.734947051383656458e+00 -3.707833146035484972e+00
1.303958903972834094e+00 1.476067120451982873e+03 -6.021940127203484927e+00 -7.290489008326797027e+00 -1.098089931625916371e+01 -4.107797195514172550e+00
1.303542966149473514e+00 1.346974452110681796e+03 -5.231577133429331283e+00 -7.087675927105872020e+00 -1.040299162689207257e+01 -3.731258101279314232e+00
1.300468576068738003e+00 1.508819393488880678e+03 -5.478458060830208254e+00 -7.340529790688549383e+00 -1.065818230268265765e+01 -4.011000834900030121e+00
1.306713322927346654e+00 1.347344971731088435e+03 -5.556722514365415755e+00 -7.385230302598730923e+00 -1.165480276637979884e+01 -3.942148234240299587e+00
1.301707632694106387e+00 1.546896141323630445e+03 -5.866735977356777099e+00 -7.349242291555275308e+00 -1.179674104006163660e+01 -4.203616904206439742e+00
1.300807798616566480e+00 1.516243588140005386e+03 -5.572144148635205241e+00 -7.349758252912801382e+00 -1.078094082666491715e+01 -4.017441072038841376e+00
1.305009071438748114e+00 1.375926077506547699e+03 -5.663354287120863972e+00 -6.996982191529838246e+00 -1.182940190659262569e+01 -3.934278327555901456e+00
1.301905988233220901e+00 1.366489288960654903e+03 -5.098414849317668640e+00 -6.967046475200624478e+00 -1.001341291601777250e+01 -3.668973092640957390e+00
1.304150240738997768e+00 1.339783815755707565e+03 -5.380352691517559016e+00 -6.962734756409521886e+00 -1.163757224739449292e+01 -3.711779148803799444e+00
1.305889190614698769e+00 1.351664516113615264e+03 -5.517683223028348571e+00 -7.022720605097521052e+00 -1.191666238791742316e+01 -3.899736617645226389e+00
1.303243589233527011e+00 1.398098922443028187e+03 -5.342417048927829093e+00 -6.825547115650688390e+00 -1.095890671412289841e+01 -3.881195285840123077e+00
1.304992855680073394e+00 1.316295130699462788e+03 -5.285520955209118910e+00 -7.097572324237247265e+00 -1.035896477263694671e+01 -3.703241286434847623e+00
1.305034940461637261e+00 1.417744864775014548e+03 -5.915220272586854122e+00 -7.226199237853970558e+00 -1.025938507343504824e+01 -4.065935564475795516e+00
1.303201850275887752e+00 1.491971090129690765e+03 -5.804958622181367822e+00 -7.669233195048017926e+00 -1.044237201056405873e+01 -4.117435145324684242e+00
1.303043700808640848e+00 1.345830433984772299e+03 -5.143536865767107891e+00 -6.815588841134303522e+00 -1.075622068453273350e+01 -3.685181433519879590e+00
1.303979708130459381e+00 1.445081185864466079e+03 -5.515240446135799779e+00 -7.108334041825671079e+00 -1.180112335256083611e+01 -4.042418244708612107e+00
1.302339653930712604e+00 1.421796303153039617e+03 -5.404065643422707232e+00 -6.731184106534658262e+00 -1.118624827751215811e+01 -3.840921706801392332e+00
1.303666344300450364e+00 1.502607262281001113e+03 -6.219793783168633183e+00 -7.479574525001663865e+00 -1.042429033701633578e+01 -4.176935369932524011e+00
1.301393718845414771e+00 1.393205490686328176e+03 -5.233432818322392599e+00 -7.055003116791941586e+00 -1.021865907805787543e+01 -3.728252326734091682e+00
1.300433512519451273e+00 1.440425204598632263e+03 -5.234807155840581316e+00 -6.820923601899266053e+00 -1.038192308901571081e+01 -3.826402459208372520e+00
1.305597281668058107e+00 1.382669065502534750e+03 -5.812409269672448531e+00 -7.431019879771580072e+00 -1.033155605003474165e+01 -4.001391948468167925e+00
1.301249582225008083e+00 1.503192102154989243e+03 -6.032128596255402542e+00 -7.389077837038929175e+00 -1.025770435425874183e+01 -4.035327590625496619e+00
1.305806429820720815e+00 1.417372683794774275e+03 -6.094321646867414621e+00 -7.502120898334731613e+00 -1.046381574127637570e+01 -4.082834274177803202e+00
1.301556653456485968e+00 1.428420327733035265e+03 -5.994423019373198436e+00 -7.099854316164009305e+00 -9.654913112994703894e+00 -3.818281524447776576e+00
1.300212465612774482e+00 1.417990849358240212e+03 -5.555513508410669488e+00 -6.620703387691222019e+00 -9.876207181944407054e+00 -3.709902265798827870e+00
1.305332803078431247e+00 1.410777249004902842e+03 -5.557149653361697972e+00 -7.505453138262444313e+00 -1.138689468878672706e+01 -4.019303669773598209e+00
1.300640398433758671e+00 1.504200839362339366e+03 -5.537039081096086335e+00 -7.337509987004308343e+00 -1.163672069151564514e+01 -3.995601498808319718e+00
1.302305926900672040e+00 1.474882873643214452e+03 -5.528995644357402206e+00 -7.207911592255279665e+00 -1.171422181485983138e+01 -3.970478638497860757e+00
1.298852577307581635e+00 1.453764408603381526e+03 -5.518297703204352089e+00 -6.954982189279918181e+00 -9.477992013070295485e+00 -3.742503519471870987e+00
1.302962106514838014e+00 1.412593466816267664e+03 -5.294881611895264406e+00 -6.940978643044293683e+00 -1.058948590215846863e+01 -3.898220044724109101e+00
1.304395775540169611e+00 1.476390330097646029e+03 -5.803350562521891298e+00 -7.327396224664382451e+00 -1.091126509191173888e+01 -4.176428885634539512e+00
1.303579841754483271e+00 1.474299546730696875e+03 -5.908718566450417597e+00 -7.269237923627716036e+00 -1.138287762594425701e+01 -4.142326071196316128e+00
1.300826410947193201e+00 1.507487049034999018e+03 -5.473236456005399653e+00 -6.970923839747044326e+00 -1.117574890560342205e+01 -3.998011878595685076e+00
1.302484445143046621e+00 1.544770166733746464e+03 -5.849595378070112872e+00 -7.356026362911048722e+00 -1.149002486153324298e+01 -4.224966243185147796e+00
1.304701558390484628e+00 1.368613734315144939e+03 -5.495766504503086125e+00 -7.473129974761340222e+00 -1.025129542187136522e+01 -3.845149195732945557e+00
1.306169868932790079e+00 1.343348998035503200e+03 -5.492198485728621904e+00 -7.364681683131298229e+00 -1.072359249934057424e+01 -3.864806102089426432e+00
1.301730643371795004e+00 1.436818165378912681e+03 -5.626126932910212375e+00 -7.362093921615302961e+00 -9.987047040454944735e+00 -3.836323687179671538e+00
1.304244215518220784e+00 1.374132953757337418e+03 -5.668866085311884184e+00 -7.408488839688392780e+00 -1.037125829666025290e+01 -3.861967563773498924e+00
1.298042408538612413e+00 1.519135156810771150e+03 -5.644146770886719899e+00 -6.861915879330435786e+00 -9.947117575170652870e+00 -3.856381445477019554e+00
1.303317565173675696e+00 1.490474390823558679e+03 -5.844838337470860345e+00 -7.215488137570666538e+00 -1.087287478404371655e+01 -4.169098155121858440e+00
1.302524304387310261e+00 1.358992910789787402e+03 -5.326879189256437108e+00 -7.174697595117638826e+00 -9.970734800775169049e+00 -3.663058109248334304e+00
1.300588577000147739e+00 1.544977297284396172e+03 -5.831664971987731150e+00 -7.034658115473812146e+00 -1.094574613336570401e+01 -4.112702303090207678e+00
1.301677390102698340e+00 1.444280364027682253e+03 -5.374593384108271366e+00 -7.357044147906606213e+00 -1.007724243699354183e+01 -3.879125472208103886e+00
1.299499444793881686e+00 1.439409007055875691e+03 -5.476388783289436901e+00 -6.849634315092314019e+00 -1.006422804292442308e+01 -3.735056520083332998e+00
1.303960385653735843e+00 1.403534380656196618e+03 -5.548075693104008721e+00 -7.534465855515316335e+00 -1.148231479716065806e+01 -3.911637925120317050e+00
1.301173890052630622e+00 1.371237476907935161e+03 -5.339411952980398723e+00 -6.659514065692451190e+00 -9.484950508503711575e+00 -3.615408294936141687e+00
1.302235449446932813e+00 1.363581992353228543e+03 -5.533735711400723289e+00 -6.849536174717897552e+00 -9.616399939651744333e+00 -3.631710529718935376e+00
1.302332125150261088e+00 1.436551192188262121e+03 -5.425924640869871141e+00 -6.995589098581113774e+00 -1.006033930207914295e+01 -3.929570217764245754e+00
1.303022822337406295e+00 1.520195547409615756e+03 -6.041204274081300341e+00 -7.326055825320188397e+00 -1.068899623947437583e+01 -4.175274922253784382e+00
1.299987716362808410e+00 1.536758445952977127e+03 -5.598347514184015772e+00 -7.003510497617064345e+00 -1.110890283128166445e+01 -4.064847557927733668e+00
1.304109582972635906e+00 1.397612921721360635e+03 -5.710000922797735079e+00 -7.119719626039954008e+00 -1.143609856916125089e+01 -3.947096606857710910e+00
1.302778706143637999e+00 1.518967022874182021e+03 -5.840061573452000943e+00 -7.199326878301929966e+00 -1.191307033391417569e+01 -4.161871628254623090e+00
1.300286580963365690e+00 1.473877534187362016e+03 -5.391083323741783673e+00 -7.117917505278192891e+00 -1.150358555561366813e+01 -3.893589742347565164e+00
1.304423821299686592e+00 1.416487629008737258e+03 -5.615132953888831047e+00 -7.484425247878458087e+00 -1.023509897709490701e+01 -4.011259265393604778e+00
1.298426437354938567e+00 1.490761989730830464e+03 -5.270286198641626285e+00 -6.927803258810323328e+00 -1.004625898396327344e+01 -3.826708552525735385e+00
1.304008206978820139e+00 1.341852105906128600e+03 -5.261640058776876572e+00 -6.903547971909496539e+00 -1.062671158537823857e+01 -3.685707671535919161e+00
1.306032899541953674e+00 1.390210201754039645e+03 -5.909570275118018579e+00 -7.370291316510320101e+00 -1.059025551774776375e+01 -3.997474328153495904e+00
1.304665905484796218e+00 1.369325557567193300e+03 -5.468682923853723565e+00 -7.282049167091271258e+00 -1.179280402887941115e+01 -3.823125405758061035e+00
1.302786000344975381e+00 1.374841384444556297e+03 -5.554348130350939883e+00 -7.051487117067435584e+00 -1.040854374126933379e+01 -3.750512134780940698e+00
1.304194549683544535e+00 1.412804592277051142e+03 -5.482592089730294660e+00 -7.552036548616187339e+00 -1.064340139547237030e+01 -3.953591868744235072e+00
1.300883826244553010e+00 1.417894711647009899e+03 -5.200405855528268617e+00 -6.693340773067721017e+00 -1.129810555577241971e+01 -3.761805512701005938e+00
1.300846056861093780e+00 1.551504583366900988e+03 -5.812195473942391999e+00 -7.295453259350169972e+00 -1.032152753994194683e+01 -4.150552190227414506e+00
1.300626283913321135e+00 1.508347486025916623e+03 -5.444810890133580550e+00 -6.950992201737846266e+00 -1.190930458854220042e+01 -4.022568276455896097e+00
1.302619495284112139e+00 1.385845565437420646e+03 -5.324310641736668792e+00 -7.241692623174004417e+00 -1.067935696900141274e+01 -3.760129374760257548e+00
1.304020539656553623e+00 1.499737035222678060e+03 -5.950623803814314883e+00 -7.673884778317658473e+00 -1.078955683010957856e+01 -4.201636515247563430e+00
1.305136380454023248e+00 1.447161430580095384e+03 -5.911450806643077094e+00 -7.403895756024731156e+00 -1.047373879523036244e+01 -4.146981423125842170e+00
1.302804849465975634e+00 1.523953572345177690e+03 -6.008519513142625001e+00 -7.491157001067021426e+00 -1.189903241069729667e+01 -4.200078458098766454e+00
1.298613879715661668e+00 1.495131252041022663e+03 -5.689382610779870397e+00 -6.754188857201216756e+00 -9.649695625881996364e+00 -3.839943811886701752e+00
1.300581232501792472e+00 1.519487667288990679e+03 -5.622570286436922693e+00 -6.879371853316545327e+00 -1.081087470498704128e+01 -4.032108851890660262e+00
1.301734659185008969e+00 1.447932078101879370e+03 -5.492437330846361654e+00 -6.811663163598588255e+00 -1.027974025388852120e+01 -3.936279844690560026e+00
1.304359045069801049e+00 1.361969861765888709e+03 -5.429386626695767326e+00 -7.023133534564909297e+00 -1.123421794218338121e+01 -3.847607716495650365e+00
1.301070296332772713e+00 1.454098222458773307e+03 -5.354117728407537413e+00 -6.837863874573173462e+00 -1.026745620511919377e+01 -3.903902964950507481e+00
1.298432497382582484e+00 1.456300915433656655e+03 -5.397065742109647069e+00 -6.564741069239883764e+00 -9.711153613796723150e+00 -3.694548235711170747e+00
1.301525864449292413e+00 1.502181648580607771e+03 -5.511589931936685893e+00 -7.380156745109932359e+00 -1.049396037863753151e+01 -4.041390316784099213e+00
1.298698271294113304e+00 1.534774786254482706e+03 -5.569674034199851853e+00 -6.930886074374367212e+00 -1.062969586470517314e+01 -3.951942504381458221e+00
1.303443859635996738e+00 1.495285900590165056e+03 -5.736282956939511735e+00 -7.548844612555695832e+00 -1.083151550270795127e+01 -4.150367445450600989e+00
1.303307998338967488e+00 1.369269120627341181e+03 -5.475204096162183731e+00 -6.967261465636878093e+00 -1.055547924159648154e+01 -3.724821574923607770e+00
1.300876723044185779e+00 1.441232867278364211e+03 -5.661604758151358219e+00 -6.861011279939920549e+00 -9.767134501311110384e+00 -3.783964562796935382e+00
1.302908335277834118e+00 1.453638910339815311e+03 -5.422071967755529798e+00 -7.036199373505997556e+00 -1.080318917982607196e+01 -3.996468447761861498e+00
1.302544742032470948e+00 1.357743363691658942e+03 -5.214687073350057211e+00 -6.843295581487073953e+00 -1.091096054955768757e+01 -3.680257868733850302e+00
1.305072330431101602e+00 1.374200958945660659e+03 -5.462416390048905335e+00 -7.398854322668255712e+00 -1.170325864171216068e+01 -3.928042167352284508e+00
1.303402228038184729e+00 1.492667004653200593e+03 -6.033114945034617094e+00 -7.239403244318351582e+00 -1.185159368248922362e+01 -4.148685074947215945e+00
1.302920321256463954e+00 1.340015283812067082e+03 -5.413032482867107475e+00 -6.990431684025801395e+00 -9.590120936823360864e+00 -3.625734201037628779e+00
1.305345276966989765e+00 1.402894207943674928e+03 -5.746769115391417770e+00 -7.526776310102852641e+00 -1.168107437509411639e+01 -4.045328608875747634e+00
1.303513253451702658e+00 1.347593698653324736e+03 -5.601815852904693749e+00 -7.131793039402936074e+00 -9.876430687034947198e+00 -3.716270693580526085e+00
1.302312558368454942e+00 1.433799091235683363e+03 -5.871784309176360850e+00 -6.994479971428525289e+00 -1.017290062983408916e+01 -3.861877088881584541e+00
1.304397486699055975e+00 1.325820088472682755e+03 -5.541928213654693458e+00 -7.025193718525621911e+00 -9.996812625111068940e+00 -3.687070722460365602e+00
1.300394823817689449e+00 1.489055862758964622e+03 -5.973263228426839433e+00 -6.951103256123968066e+00 -9.807739664086092546e+00 -3.920504447482249688e+00
1.303795389514050163e+00 1.340007676862855760e+03 -5.269075743356511410e+00 -6.913412017594091630e+00 -9.949430989030712880e+00 -3.708503541013072891e+00
1.305841085959340342e+00 1.332139355008119310e+03 -5.431478074932334366e+00 -7.102328076569806470e+00 -1.164032535675403324e+01 -3.800879447922467236e+00
1.302936989644382093e+00 1.466378416988718300e+03 -5.922335102831257636e+00 -7.235573046164999411e+00 -1.113828083680482806e+01 -4.014943843937055057e+00
1.302952177734236106e+00 1.398423798837535742e+03 -5.340356819629680452e+00 -6.927446661543983808e+00 -1.091302802301401265e+01 -3.873409002187166550e+00
1.302218901757356884e+00 1.432880121769819198e+03 -5.331853734030094216e+00 -6.811728377143964508e+00 -1.084793717052381012e+01 -3.906075706485076182e+00
1.301727999730741825e+00 1.513441364935276852e+03 -5.788130699853744510e+00 -7.603955397667144567e+00 -1.048117575899790666e+01 -4.087268931950630346e+00
1.299431470855292536e+00 1.541571955425550186e+03 -5.657572250755976029e+00 -6.924470696871428466e+00 -1.056474775628133678e+01 -4.011019321398491044e+00
1.302483228514898395e+00 1.491535303218171748e+03 -6.014213409226140783e+00 -7.122349418609904781e+00 -1.044193941477772469e+01 -4.051801433586510015e+00
1.304211049033192626e+00 1.403392180669749678e+03 -5.511970702357557705e+00 -7.066834781400054943e+00 -1.121464247541976356e+01 -3.975383115079644369e+00
1.301356244171956611e+00 1.392870596582409235e+03 -5.354985081046517159e+00 -6.881375882443985681e+00 -1.037440287278004547e+01 -3.722612653091434964e+00
1.301595348689132514e+00 1.493423420298568544e+03 -5.466284592147307109e+00 -7.390611125998049147e+00 -1.103716447045951732e+01 -4.007535962357967385e+00
1.301441279052482747e+00 1.407376832822808638e+03 -5.239169811628537232e+00 -6.939897986065351354e+00 -1.039856759264615960e+01 -3.721884924629339508e+00
1.298349761820186909e+00 1.477474105682774962e+03 -5.627990894804564270e+00 -6.879732505226244577e+00 -9.739890690927285988e+00 -3.759480890315483492e+00
1.301813634376164597e+00 1.451060014078430413e+03 -5.385421123572708524e+00 -6.968849495712381881e+00 -1.048223996570473382e+01 -3.951725443972621932e+00
1.300968820578040530e+00 1.374158607818172641e+03 -5.188524921263847567e+00 -6.930688596367554410e+00 -9.957244198646526101e+00 -3.599279798667950558e+00
1.304791511527757297e+00 1.425921855924168540e+03 -5.538054628212043085e+00 -7.506093626019429976e+00 -1.172285742959542532e+01 -4.037759063125369252e+00
1.302496493620268314e+00 1.468448688774183665e+03 -5.569782526255578681e+00 -7.378901147549028927e+00 -1.105876435629613574e+01 -4.053566344761510898e+00
1.298280045005843819e+00 1.497933451222025496e+03 -5.296355866746359276e+00 -6.849051612550540291e+00 -9.914758694519374416e+00 -3.831407722892340217e+00
1.299863015830313939e+00 1.468691608567013645e+03 -5.511988242016378159e+00 -6.813200821763882864e+00 -1.047384034481457959e+01 -3.814965736958951581e+00
1.302673138411667653e+00 1.371534192764478576e+03 -5.241773285902206148e+00 -7.200393572089777372e+00 -1.033340619800883786e+01 -3.726377323088549076e+00
1.298151746859597777e+00 1.475063813195826697e+03 -5.297548027948222327e+00 -6.872438842316197061e+00 -9.772638403023325537e+00 -3.767153046554502893e+00
1.302556564829843166e+00 1.523908627617344564e+03 -5.732491682239706954e+00 -7.532089902004923232e+00 -1.121756375908110748e+01 -4.168027541611321496e+00
1.300039876600513455e+00 1.498268901469785305e+03 -5.563106289482455225e+00 -7.203908373315411673e+00 -9.872372518975961242e+00 -3.922145118607467396e+00
1.304229974401891035e+00 1.474083793243049058e+03 -5.935884784902381028e+00 -7.495247805802464747e+00 -1.171425241040744680e+01 -4.179218345608830987e+00
1.302507897125624092e+00 1.433677013490439549e+03 -5.703945392150786553e+00 -7.094902375799715166e+00 -9.861441124434861649e+00 -3.869868904319757164e+00
1.305640959125054845e+00 1.405958429915153829e+03 -5.687159883487856504e+00 -7.414002082829276752e+00 -1.117683052528325582e+01 -4.081404939243996388e+00
1.303294899877184498e+00 1.333169776967298276e+03 -5.189197120321890289e+00 -6.830648600989823294e+00 -9.958627662182779616e+00 -3.641190715561451796e+00
1.300193594150613086e+00 1.475664402369535082e+03 -5.340136789489090319e+00 -6.922364420204324631e+00 -1.150447002119448214e+01 -3.908710074649707877e+00
1.300022390847811238e+00 1.510640651261371431e+03 -5.606702857919495742e+00 -7.012102381987129540e+00 -1.161336352845369824e+01 -3.968073005894948935e+00
1.304469914284906995e+00 1.393689321187209316e+03 -5.577727865815430341e+00 -6.894686363929573680e+00 -1.071700221891674509e+01 -3.929632240186588632e+00
1.302817822127077863e+00 1.464670947531912361e+03 -5.779813358281144176e+00 -7.611740120362721740e+00 -1.042116618544591233e+01 -4.041893940345501868e+00
1.299193930201471225e+00 1.546287968358826220e+03 -5.693706840697696947e+00 -6.996037901577170537e+00 -1.023521026042817539e+01 -4.011745507550875445e+00
1.300624892251905473e+00 1.501912115182289426e+03 -5.513815101894764759e+00 -6.985063222196497890e+00 -1.012677520400053410e+01 -3.992273870326666696e+00
1.302582689593695608e+00 1.533536749587903387e+03 -6.012875276274313840e+00 -7.527948134953752479e+00 -1.059121463147166331e+01 -4.217719418049502345e+00
1.305558929302112814e+00 1.386662125873208424e+03 -5.719002360098700777e+00 -7.157104219884330654e+00 -1.056433375619290516e+01 -3.961820468576753740e+00
1.300669734333605554e+00 1.456826361460739463e+03 -5.268182961502623662e+00 -6.963558692919225024e+00 -1.013507872186126235e+01 -3.877119372676125053e+00
1.305922373088324928e+00 1.392876014240481027e+03 -5.735801844965056517e+00 -7.194147682712386249e+00 -1.120619478747773634e+01 -4.003736551255349774e+00
1.303307842493508284e+00 1.460128463159424427e+03 -5.635986158540306157e+00 -7.398095079377586814e+00 -1.169518185796698440e+01 -4.001959497086439832e+00
1.302698455706675862e+00 1.368724717678603156e+03 -5.417634920044107183e+00 -6.659008787974282306e+00 -1.000416752181888747e+01 -3.707008608428253638e+00
1.303764071659934132e+00 1.390853534800741272e+03 -5.376176896231132041e+00 -7.389620400618805540e+00 -1.085983227731243872e+01 -3.842720895316741547e+00
1.302360821709655836e+00 1.364674134551702082e+03 -5.308757794055156687e+00 -7.078107818882179991e+00 -1.019520969324240234e+01 -3.687715608227367881e+00
1.302311169159951820e+00 1.495322493167574521e+03 -5.600615818751855102e+00 -7.512568102170884998e+00 -1.130080549138081203e+01 -4.091143288867575833e+00
1.304243682959014938e+00 1.344483496090230346e+03 -5.483628890938719636e+00 -6.934657269918206524e+00 -9.840366948291977778e+00 -3.733642583756319411e+00
1.302538557185510149e+00 1.374212324040343447e+03 -5.127874679757948861e+00 -6.792200636529457825e+00 -1.064373214550065505e+01 -3.731650346299886678e+00
1.304392542377115438e+00 1.363702919546955400e+03 -5.267385138544362633e+00 -7.207804662709399679e+00 -1.077721472233528388e+01 -3.800750642064883777e+00
1.302210497716037807e+00 1.411505472687088513e+03 -5.758698375325927543e+00 -7.127110016993527530e+00 -1.022045471428933183e+01 -3.811532481488058011e+00
1.303514936826794868e+00 1.379087358431759640e+03 -5.209456011863221825e+00 -6.966375245507473224e+00 -1.068302069197497062e+01 -3.818240219288336235e+00
1.301225380212675198e+00 1.452897177947118735e+03 -5.501162498725394201e+00 -6.927346016997309341e+00 -1.009613511412911002e+01 -3.836727162214026876e+00
1.300174801914040001e+00 1.477320030473369798e+03 -5.749505235257993618e+00 -7.080986859941519995e+00 -9.602456285614513476e+00 -3.883964658480961063e+00
1.302260916240680855e+00 1.541259752917802416e+03 -5.809184889194232149e+00 -7.416826804339583745e+00 -1.128373814646434958e+01 -4.204302203574401986e+00
1.304861815821648285e+00 1.344696937946261187e+03 -5.550031752236082916e+00 -7.160862846392524794e+00 -1.071929185211100943e+01 -3.807569748061554904e+00
1.304226156682616544e+00 1.468557065283468091e+03 -5.891557663421655988e+00 -7.619045996899775908e+00 -1.047668317066407795e+01 -4.111933397699106152e+00
1.306265738037718283e+00 1.410848293647330138e+03 -5.908191189003511923e+00 -7.584542580834760628e+00 -1.163359146387887222e+01 -4.090922527555104438e+00
1.305383531697753341e+00 1.345899770913376415e+03 -5.522607829652262268e+00 -7.014174778276843547e+00 -1.165768013315189400e+01 -3.822449799517714908e+00
1.303651828729623929e+00 1.437973482675796731e+03 -5.747446398946144619e+00 -7.122324955436502236e+00 -1.066468785660896934e+01 -3.960577148065119957e+00
1.302960736223581550e+00 1.508371720806738267e+03 -5.893559826994348327e+00 -7.206208788201908355e+00 -1.060885968655374079e+01 -4.152074922471339136e+00
1.304174454677586636e+00 1.369447429540669418e+03 -5.338296788223692246e+00 -7.107467873255109758e+00 -1.178219005854867163e+01 -3.856464265951927928e+00
1.305792910310926480e+00 1.435144985948146996e+03 -5.893723921714062008e+00 -7.466586580821925168e+00 -1.110413294191929268e+01 -4.134945504882413303e+00
1.302446075948727744e+00 1.492962447373031409e+03 -5.983034373444488629e+00 -7.587092210614962084e+00 -1.030169996291865608e+01 -4.059797897601588268e+00
1.303375142018076804e+00 1.363567604996960654e+03 -5.475885167542411835e+00 -7.162213837446339326e+00 -1.043474346475522729e+01 -3.761316115005389094e+00
1.305955167423429542e+00 1.430970296648067233e+03 -5.900816106412883677e+00 -7.594708754990666222e+00 -1.188329640565593337e+01 -4.158735713985270976e+00
1.302254661262082891e+00 1.460755341569567918e+03 -5.735495637353082543e+00 -7.397905852606163180e+00 -1.085973773361333983e+01 -3.997226582697077646e+00
1.305460537774297824e+00 1.363336608961262300e+03 -5.657279632595469288e+00 -7.379670545219400246e+00 -1.029717362398330494e+01 -3.863737201627232665e+00
1.300917774346348699e+00 1.445533237998979985e+03 -5.460947505427348858e+00 -6.866672520407846925e+00 -1.060077588049336406e+01 -3.880212173202513881e+00
1.305818800636557642e+00 1.357373550158010630e+03 -5.688535433299986899e+00 -7.153796969103295211e+00 -1.198294881616564389e+01 -3.894932131273858289e+00
1.304205954513970145e+00 1.476151667604483919e+03 -6.107147681621274415e+00 -7.572257931040189405e+00 -1.044764480256979411e+01 -4.170625906184365128e+00
1.305150083146324747e+00 1.378863230043378735e+03 -5.458356301249336795e+00 -7.101689351721904409e+00 -1.085438246898045911e+01 -3.913236800894713596e+00
1.304789420464383731e+00 1.387520656085468545e+03 -5.445200346447255590e+00 -7.317690972937772820e+00 -1.101544424076702278e+01 -3.900248377994939730e+00
1.303539412702909184e+00 1.466113765930477030e+03 -5.685142929034702419e+00 -7.279739564425733001e+00 -1.136749789837322844e+01 -4.122566493127834519e+00
1.301761022118428146e+00 1.530204971571087754e+03 -5.751522619623181676e+00 -7.511619377887698512e+00 -1.109658540453882480e+01 -4.144494646484626621e+00
1.300415773758173410e+00 1.468803421122924419e+03 -5.496801393129221225e+00 -6.845185907751099030e+00 -1.135385897112922216e+01 -3.867942884925174241e+00
1.304457755473138025e+00 1.404820784849979191e+03 -5.673674802942080930e+00 -7.022846290067749742e+00 -1.034876310397808119e+01 -3.977929030444862235e+00
1.301208113494024987e+00 1.423210279800058288e+03 -5.686629363589075226e+00 -7.011739606147624038e+00 -9.788970324212773022e+00 -3.823528329397570147e+00
1.305026017225494162e+00 1.392758246798533037e+03 -5.702513030273585137e+00 -7.436641867216990498e+00 -1.103180582718813341e+01 -3.920988543023465667e+00
1.298978506858364357e+00 1.465479335763734980e+03 -5.732268213354895892e+00 -6.802785806664722656e+00 -9.543524376250180907e+00 -3.770231401855181019e+00
1.303837948431655791e+00 1.399937233883610588e+03 -5.401866750950386376e+00 -7.169594068515841911e+00 -1.025176614621118532e+01 -3.885683103818713846e+00
1.302266602662210726e+00 1.397740355272447459e+03 -5.265129691039360793e+00 -7.147695776558408376e+00 -1.100233349159869967e+01 -3.798327182233061095e+00
1.301133616409771321e+00 1.513828328507373044e+03 -5.624880365663732285e+00 -7.264725457181347323e+00 -1.129660282428810092e+01 -4.018099373657853413e+00
1.304948513497433460e+00 1.362011875947715225e+03 -5.336656906873566975e+00 -7.107767469648019976e+00 -1.082350374097474699e+01 -3.839302655018013155e+00
1.302857520443376105e+00 1.414899047261078067e+03 -5.223620884742112835e+00 -7.054343491701077440e+00 -1.140842345382433898e+01 -3.878415199124097157e+00
1.302434197224968448e+00 1.433295402582454471e+03 -5.633072808764649331e+00 -7.103413767508280685e+00 -1.140020867535669424e+01 -3.932935511537017703e+00
1.299098356283384881e+00 1.544597736339322637e+03 -5.746023752389102235e+00 -7.137422322879405812e+00 -9.991841636266627802e+00 -4.021745768381628672e+00
1.304517478787494911e+00 1.423280376482779502e+03 -5.543027731219958731e+00 -7.169870167277437645e+00 -1.092949487797281272e+01 -4.037033353985189699e+00
1.303736826472247312e+00 1.404542050680880493e+03 -5.771823746485063467e+00 -6.918856097675551098e+00 -1.060328592078168697e+01 -3.919237732683734876e+00
1.301959804605604676e+00 1.400763477950492870e+03 -5.246963679353845222e+00 -7.021462281247629278e+00 -1.096584758302197748e+01 -3.743057231527846085e+00
1.301508226189373119e+00 1.443316112174539057e+03 -5.788377287458432718e+00 -7.318627424440218299e+00 -9.655084748731969313e+00 -3.881087468450500566e+00
1.300792163112037381e+00 1.469348452417510089e+03 -5.731080245957862473e+00 -6.777072895773225802e+00 -1.004730870389886732e+01 -3.885300259230772824e+00
1.300227453916336096e+00 1.440902040541245697e+03 -5.538266891338568421e+00 -6.656568063755998743e+00 -1.013666669126299169e+01 -3.768955719570991292e+00
1.306250950899702890e+00 1.383473917884953607e+03 -5.688205510401016518e+00 -7.274292959653034352e+00 -1.137254257042155992e+01 -4.001764473578546699e+00
1.303559733892970529e+00 1.458450976882679697e+03 -5.956721400796396892e+00 -7.226326971373485897e+00 -1.092790222007817569e+01 -4.089233036497860851e+00
1.300722586545342230e+00 1.440264400227144051e+03 -5.477175907723862203e+00 -6.638505461101082972e+00 -9.937567606814029730e+00 -3.806968379691635818e+00
1.300134774963770390e+00 1.510130664774517300e+03 -5.470725887584618086e+00 -7.114972098758279628e+00 -1.149787327372348145e+01 -3.995667938146839404e+00
1.305805681524345729e+00 1.404812232790709004e+03 -5.752019778887493828e+00 -7.336945896096578323e+00 -1.088865667279671001e+01 -4.024453756386945358e+00
1.303455025115094923e+00 1.378801881938277802e+03 -5.361242117148241171e+00 -7.149065595886680669e+00 -1.175175712201819778e+01 -3.776604691031314687e+00
1.301111974641144586e+00 1.481500163647253430e+03 -5.508340049256247539e+00 -7.262878290150329263e+00 -1.197576753741537559e+01 -3.937022868797521724e+00
1.303531933330420056e+00 1.435168099093685214e+03 -5.719614952949254594e+00 -6.989680873202638978e+00 -1.092868765651347118e+01 -4.024181709843766441e+00
1.304380323569816369e+00 1.394670548557537586e+03 -5.713339427854998043e+00 -6.934794893733474019e+00 -1.089005530543865596e+01 -3.900027011383627951e+00
1.304762220812268447e+00 1.399814278259491402e+03 -5.532032758169989961e+00 -7.101976537687949786e+00 -1.056980130640243587e+01 -3.973799399626985362e+00
1.302020524100305554e+00 1.418818163272090032e+03 -5.646734222907728196e+00 -6.729074681968985061e+00 -9.967809090990476406e+00 -3.844024200833381144e+00
1.305111385061290097e+00 1.436712162949545700e+03 -5.915292738126161964e+00 -7.611481623892055737e+00 -1.037956440499675104e+01 -4.108996018295624886e+00
1.303693750080375802e+00 1.423592631043779875e+03 -5.695744821570488448e+00 -7.603571774867679878e+00 -1.014200700009441469e+01 -3.963735585756063884e+00
1.303151830932612665e+00 1.417369592317243360e+03 -5.808055375947198229e+00 -6.994763594741210788e+00 -9.865508949275595185e+00 -3.927673066006875047e+00
1.302020539376822938e+00 1.400202882101304340e+03 -5.272805112217132439e+00 -6.688872065754484453e+00 -1.078559676290762326e+01 -3.782517626130204036e+00
1.303532298804582767e+00 1.376391416729582261e+03 -5.541698439967929879e+00 -6.987152749603492197e+00 -1.087473083891522307e+01 -3.778585439758755271e+00
1.300937745372835241e+00 1.508125762011521374e+03 -5.550674670594931470e+00 -7.134124832865602173e+00 -1.137402581068551832e+01 -3.997382516740664471e+00
1.302384615704344828e+00 1.437285836705853171e+03 -5.393822441593280281e+00 -6.957217263668575846e+00 -1.024590247660363396e+01 -3.926678002388998223e+00
1.302388353898764839e+00 1.392981180762155418e+03 -5.154074308030627272e+00 -6.948630865599622730e+00 -1.056417133330412561e+01 -3.784468279985389927e+00
1.303379115768603880e+00 1.373305932514760570e+03 -5.348626149426713994e+00 -6.875393989237414516e+00 -1.185148155266636927e+01 -3.750292088109125288e+00
1.302660091364080230e+00 1.389029756046018974e+03 -5.615140944111115751e+00 -7.250681852548853001e+00 -9.833345036737279443e+00 -3.755589392131870596e+00
1.300298681560065894e+00 1.392121651938469313e+03 -5.512976627202687219e+00 -6.767861732701211608e+00 -9.557811473427864968e+00 -3.614885923632847664e+00
1.303438177179920388e+00 1.458548642865142256e+03 -5.714550245984748145e+00 -7.281129941394418381e+00 -1.161146182320615416e+01 -4.006692604085119847e+00
1.302342425009944904e+00 1.399406994341604786e+03 -5.658827004205064348e+00 -7.253492641549588171e+00 -1.005847742279767942e+01 -3.799129041161142695e+00
1.300885391072371444e+00 1.540895680140128889e+03 -5.811120556622535460e+00 -7.384006593558384957e+00 -1.034918408896107067e+01 -4.129044130551655201e+00
1.300558308702964627e+00 1.479088927574672880e+03 -5.454814828104539437e+00 -7.054689060505442200e+00 -1.145459498644735064e+01 -3.890789182828658710e+00
1.299426378866759269e+00 1.450247812254358678e+03 -5.644803510232184962e+00 -6.879948904970123458e+00 -9.646744313523598180e+00 -3.727890349219464383e+00
1.302635105846897234e+00 1.399720413514799930e+03 -5.439558219413892282e+00 -7.352805229024725442e+00 -1.029591840606570941e+01 -3.800421396612790659e+00
1.305648951360413257e+00 1.424711740092200671e+03 -5.799219689579055093e+00 -7.305790269738444920e+00 -1.192627212312514118e+01 -4.077750892978797559e+00
1.303869710490296319e+00 1.501797614809423067e+03 -5.939685696947199389e+00 -7.431661500594040959e+00 -1.113513691887882118e+01 -4.222473403037513506e+00
1.302022731876962602e+00 1.408901900047091431e+03 -5.299344637823985238e+00 -7.040632631340407066e+00 -1.086257085878031781e+01 -3.833385902040918225e+00
1.303303955905679379e+00 1.446265692470453132e+03 -5.415241297461896863e+00 -7.284073345862911886e+00 -1.103613881950902531e+01 -4.003420171481725021e+00
1.305079218774374716e+00 1.371440832668954499e+03 -5.514369966504691689e+00 -7.050771164380727818e+00 -1.063279472656880742e+01 -3.917937129654511352e+00
1.300953291875823314e+00 1.436858231836519735e+03 -5.454291668178736785e+00 -7.288029799991543101e+00 -1.004201936610549595e+01 -3.805014091093811501e+00
1.299473059300675137e+00 1.477343058220582407e+03 -5.355197235286966340e+00 -7.076614099627528631e+00 -1.005895129565002932e+01 -3.820607686098465905e+00
1.302005593305469722e+00 1.416936628901670929e+03 -5.317912498451404346e+00 -7.168952891089868551e+00 -9.963233901691674888e+00 -3.825498534151703822e+00
1.300582989805672218e+00 1.532014618971923255e+03 -5.677514262973795134e+00 -7.112898251554371498e+00 -1.041349053166812588e+01 -4.045579149040228195e+00
1.303989486651267127e+00 1.456696998100633891e+03 -5.828863907217902707e+00 -7.119111336099987142e+00 -1.085441596451087598e+01 -4.061351901233644313e+00
1.302401680746237744e+00 1.407217734966235639e+03 -5.319620240168546843e+00 -6.864779979446823610e+00 -1.074707926143663350e+01 -3.857766174806984694e+00
1.303354186756292776e+00 1.464746230300330353e+03 -6.001339145809650333e+00 -7.244237274709526275e+00 -1.038412949462679968e+01 -4.093415467895079374e+00
1.306245170959056567e+00 1.367752756876906005e+03 -5.673115385240199871e+00 -7.324058689844923364e+00 -1.070262107861935341e+01 -3.981517032007117152e+00
1.306259162888373959e+00 1.393542027531777876e+03 -5.851810157908721166e+00 -7.367342864324399443e+00 -1.131196670574982655e+01 -4.029988622713757351e+00
1.302120459481824533e+00 1.443062397060424928e+03 -5.573620687879810021e+00 -6.851360653794547062e+00 -1.077335629888231061e+01 -3.877935190470140014e+00
1.300967277618531037e+00 1.532217074157117167e+03 -6.020630103344596584e+00 -7.272115674080579240e+00 -1.043186951726643841e+01 -4.094464948921315184e+00
1.301328145506434719e+00 1.503793061071135071e+03 -5.540295933097606706e+00 -6.971932347706745858e+00 -1.169449466882229061e+01 -4.051622216955777844e+00
1.302197935886901359e+00 1.365988346417907906e+03 -5.389427843363180592e+00 -6.898898474619623578e+00 -9.594608642590012337e+00 -3.666081110478137006e+00
1.302356084513100143e+00 1.476126434121471902e+03 -5.675639770314089283e+00 -7.329311672325124150e+00 -1.119678176418407034e+01 -4.067509098412402935e+00
1.300572868150288386e+00 1.472902201684051988e+03 -5.602424454830004841e+00 -7.036223041932602840e+00 -9.868630905721792246e+00 -3.932190019913223367e+00
1.305157324966664145e+00 1.406583648752637373e+03 -5.936329143305933975e+00 -7.279870881154620221e+00 -1.110903354653791197e+01 -4.005645772780416891e+00
1.304386681511883195e+00 1.440292471597936583e+03 -5.900237849605161067e+00 -7.230937197155964391e+00 -1.075866918642208603e+01 -4.096703693502933064e+00
1.302918830343747336e+00 1.378416954223874654e+03 -5.281295877420217444e+00 -6.785744861924137616e+00 -1.033203746976845139e+01 -3.746241717370818236e+00
1.303786646553003026e+00 1.447347471825272351e+03 -5.814407639855993182e+00 -7.378601347563852997e+00 -1.157374971197957514e+01 -4.006996135573070106e+00
1.303073368279792366e+00 1.370369549378513284e+03 -5.196916647802857447e+00 -7.037340594482891731e+00 -1.183384973810254515e+01 -3.750362899089992652e+00
1.300155006879475827e+00 1.522003804200418699e+03 -5.592193162391560612e+00 -7.232788332438872203e+00 -1.098050581978094975e+01 -4.024519501523683651e+00
1.301634733429191781e+00 1.458276947763332146e+03 -5.418566995358050420e+00 -7.155284446098992390e+00 -1.121638026952384415e+01 -3.961470869869524236e+00
1.301463185075026008e+00 1.411346699735298898e+03 -5.746982272218803978e+00 -7.069982963653183461e+00 -9.809588324022893602e+00 -3.784046748745096167e+00
1.300532313089184377e+00 1.457783915248421863e+03 -5.408186368445907277e+00 -6.791881372303793185e+00 -1.075329385749349065e+01 -3.879547817676112231e+00
1.301478659201074528e+00 1.358997049255873662e+03 -5.152785836806746289e+00 -6.730410902317622401e+00 -1.003940977093689035e+01 -3.587820370918915813e+00
1.303998745665259973e+00 1.395926449933777349e+03 -5.476850547993029394e+00 -6.995053663284359402e+00 -1.197004697399172990e+01 -3.934990993069316545e+00
1.302117979088197597e+00 1.366365061657087153e+03 -5.473231173213967793e+00 -6.815043716583502054e+00 -9.860150865299619483e+00 -3.647711399492115092e+00
1.302918722156627185e+00 1.439075967129892433e+03 -5.587709704648255560e+00 -6.905981190414613557e+00 -1.055204781870006592e+01 -3.930466285339580423e+00
1.302905336879940590e+00 1.407679935813659995e+03 -5.323341163842137291e+00 -7.244241516499837275e+00 -1.023606586024265042e+01 -3.854482144934705090e+00
1.305919828210125200e+00 1.424811288676555705e+03 -5.843956964026653544e+00 -7.345846618223323077e+00 -1.182659672783325178e+01 -4.115604361010760215e+00
1.302432945838815304e+00 1.525323196778392685e+03 -5.899366755334416013e+00 -7.489839255141840901e+00 -1.100194372843684931e+01 -4.189025521441879896e+00
1.304184999621864849e+00 1.449508557293870808e+03 -5.835696953276404031e+00 -7.645314261826205993e+00 -1.088202620403299292e+01 -4.091392802385827920e+00
1.301052492518333548e+00 1.378549869980889980e+03 -5.446765679597851850e+00 -6.691201006839082588e+00 -9.663965710099457596e+00 -3.620234183048737009e+00
1.302987881034476603e+00 1.456819497925082487e+03 -6.113595473356248533e+00 -7.196419786712042743e+00 -1.002740319090433196e+01 -4.006368173001949806e+00
1.303226709472150358e+00 1.415594584883901462e+03 -5.325777932887272748e+00 -7.287804233337173088e+00 -1.186631269769008235e+01 -3.921610770709236249e+00
1.304791796278032212e+00 1.410147955237574479e+03 -5.636085969007374352e+00 -7.200410778398321554e+00 -1.172006922561105036e+01 -4.035987645996975459e+00
1.303266008605102666e+00 1.396921088981765706e+03 -5.497597678074313876e+00 -6.984282915178873452e+00 -1.068381552392195033e+01 -3.893104706445889462e+00
1.304202664845591553e+00 1.392686448841894162e+03 -5.811337723368807495e+00 -7.474805548114370701e+00 -1.020553145847815024e+01 -3.908212978883529587e+00
1.300018671294199901e+00 1.479384231042259898e+03 -5.410722399935948168e+00 -7.226964762158137212e+00 -1.033703174306269545e+01 -3.880931294726515546e+00
1.304636767617279869e+00 1.424366976439847122e+03 -5.677862759404468385e+00 -7.320945077662795342e+00 -1.196745981559184990e+01 -3.985024475756183904e+00
1.302706351595809497e+00 1.428730700708386848e+03 -5.623490797128435581e+00 -6.935397702946065834e+00 -1.152652165762328274e+01 -3.885941849620259347e+00
1.300587386220162012e+00 1.509070919741026728e+03 -5.597920779186050133e+00 -7.371187637900809442e+00 -1.050022682734068269e+01 -3.993735355450853675e+00
1.304583744000844980e+00 1.433919227880788185e+03 -5.646228994311033311e+00 -7.625096604675333012e+00 -1.097149210684304954e+01 -4.059727023071457275e+00
1.300400863934632056e+00 1.486450615933653808e+03 -5.485605359517788493e+00 -7.045880603536382125e+00 -1.196435213348063087e+01 -3.941767274373322749e+00
1.302828547624296229e+00 1.342912913390734047e+03 -5.217168990848747079e+00 -6.818881489535387530e+00 -1.033867416738815947e+01 -3.635135307618362788e+00
1.301502961421149740e+00 1.394118404335671130e+03 -5.550037753392318862e+00 -7.009259194649482438e+00 -9.853965798846150648e+00 -3.736353007087954481e+00
1.301817115352561949e+00 1.509611984623537865e+03 -5.838507707885899123e+00 -7.552562934891056123e+00 -1.043343102056493521e+01 -4.078130960656146442e+00
1.304334577803619943e+00 1.470761634035904990e+03 -6.043167504811589374e+00 -7.569409105078636735e+00 -1.120652626842015920e+01 -4.145576167194902517e+00
1.303289696106690432e+00 1.411921224857336256e+03 -5.454040596067151192e+00 -6.853195088006831526e+00 -1.052948738085259706e+01 -3.906824662312169849e+00
1.300922788067697899e+00 1.496641646459599997e+03 -5.657660673508141613e+00 -7.280882452447028363e+00 -1.039058814596529956e+01 -3.960866513739766503e+00
1.303108279538052638e+00 1.512190540848865339e+03 -5.957987968293360304e+00 -7.527690115825169670e+00 -1.197509385465983911e+01 -4.177041377593416982e+00
1.304324866313879561e+00 1.436992647507785932e+03 -5.897032962309807225e+00 -7.181885447833148639e+00 -1.021599446275787493e+01 -4.057808481499820097e+00
1.301490808939948840e+00 1.484794852369690943e+03 -5.983699531092820045e+00 -7.097237810515740541e+00 -1.002210500151780614e+01 -4.018912530522978699e+00
1.304465884057033787e+00 1.467983120060323699e+03 -5.781249828802762281e+00 -7.350762660912413260e+00 -1.109753753248260999e+01 -4.134853076685496731e+00
1.301442757117491134e+00 1.507321287454667981e+03 -5.792097331733417676e+00 -6.983371679191257009e+00 -1.101678525932711317e+01 -4.062736474505115325e+00
1.299156854217254908e+00 1.449824050004457149e+03 -5.453417621625487044e+00 -6.813492230038690423e+00 -9.672598721699229074e+00 -3.762671678539607711e+00
1.303266345184852071e+00 1.426813979805817326e+03 -5.629010128160892634e+00 -7.166026135733750024e+00 -1.072980736023687953e+01 -3.899834783956231732e+00
1.303056907503154616e+00 1.397281129296235349e+03 -5.585062454214932970e+00 -7.210678545520756266e+00 -1.087922679675895665e+01 -3.839578076161402009e+00
1.304762976910699201e+00 1.378469850095707216e+03 -5.584457300178168992e+00 -7.264710012966019370e+00 -1.131328458728367536e+01 -3.929924799911303168e+00
1.301098711809226760e+00 1.426253977088670581e+03 -5.724833082530802031e+00 -6.771717651167936225e+00 -9.778546745418868369e+00 -3.783079269412764845e+00
1.303304348955810932e+00 1.433176242719124957e+03 -5.823388962530109403e+00 -7.480332058289891783e+00 -1.047862135619567603e+01 -3.980534194995634323e+00
1.301942378554479918e+00 1.412743598083806774e+03 -5.269944968392712425e+00 -7.193093376194100053e+00 -1.062398120360700560e+01 -3.815955065170580696e+00
1.303232590341891317e+00 1.495507377858521522e+03 -5.995175680787644623e+00 -7.396660972872255435e+00 -1.096648439545164955e+01 -4.168820084079298383e+00
1.301317548649377098e+00 1.493145138992541888e+03 -5.863418588924662167e+00 -7.395796580976843337e+00 -1.041570286806397228e+01 -3.993958222479575326e+00
1.305755930494613137e+00 1.401807293911796023e+03 -5.961644385496874143e+00 -7.502905106280197245e+00 -1.036984201397703487e+01 -4.039141911724851042e+00
1.301896931812798419e+00 1.493169616729804147e+03 -5.633952959322775733e+00 -7.489251750999644131e+00 -1.127252000981036772e+01 -4.035095095218965255e+00
1.305392418312840475e+00 1.362784645361285584e+03 -5.773993980864593922e+00 -7.285076400315911194e+00 -1.073325533650029229e+01 -3.882150165934335817e+00
1.304071124005891757e+00 1.395345637997527774e+03 -5.883072709260222410e+00 -7.230107121702752160e+00 -9.856750809089275478e+00 -3.916367102683324219e+00
1.302550034300952175e+00 1.417108287984589424e+03 -5.609342912643385581e+00 -7.019172328707778519e+00 -1.148278952369918571e+01 -3.864628463596648800e+00
1.303663056041351798e+00 1.387392580743429562e+03 -5.467884965166299516e+00 -6.836903122446551961e+00 -1.195278611993095375e+01 -3.850667965738475473e+00
1.304867179416972833e+00 1.355797043900880908e+03 -5.533381747209523027e+00 -6.985857266581667169e+00 -1.067453860171689151e+01 -3.855227511287788289e+00
1.302336397178450289e+00 1.384017370733877215e+03 -5.191351088651833479e+00 -6.794245246323637133e+00 -1.133456145497734369e+01 -3.730199404081924186e+00
1.301792683416077789e+00 1.402219727910719257e+03 -5.523306280523873291e+00 -6.876671625934067222e+00 -1.047334626091980958e+01 -3.757222378470965296e+00
1.301158807132135387e+00 1.451382323149137619e+03 -5.849328278664848391e+00 -7.267621554444006371e+00 -9.860277322050389870e+00 -3.886453825898918524e+00
1.304504776758083739e+00 1.395814384943331333e+03 -5.488732804775714236e+00 -7.443672658462518577e+00 -1.168072619442089177e+01 -3.952513204497172694e+00
1.303195536228547891e+00 1.417650850625113435e+03 -5.515032485927720884e+00 -7.466511389370475094e+00 -1.081607403748788876e+01 -3.904317638803860291e+00
1.301480222029143929e+00 1.504093919294381067e+03 -5.666571104628619793e+00 -7.388706967125825642e+00 -1.198142631573403172e+01 -4.033395673855589614e+00
1.303841506794721772e+00 1.498094835924671315e+03 -6.021656464251362806e+00 -7.529522493755180790e+00 -1.128185263250800752e+01 -4.183226674483807805e+00
1.305863265028927911e+00 1.359900063424798191e+03 -5.687372177971850462e+00 -7.180674865275464391e+00 -1.136727470523518235e+01 -3.902518396730190631e+00
1.300380238443293202e+00 1.501392726954888531e+03 -5.435430502718151757e+00 -7.140171224919212634e+00 -1.190996819466583645e+01 -3.959073455849505763e+00
1.304439148911562096e+00 1.441879815441510345e+03 -5.721555379298258082e+00 -7.410780527828333852e+00 -1.125465541359381305e+01 -4.105353163828462826e+00
1.301055736355150039e+00 1.435645367366193796e+03 -5.476975107322794578e+00 -6.757552858740426771e+00 -1.011938600148283562e+01 -3.854006627376955763e+00
1.302241364698075499e+00 1.453593215226308075e+03 -5.350168269937952914e+00 -7.296284385983730303e+00 -1.114715808083091275e+01 -3.941437660964904666e+00
1.304899271491586354e+00 1.430197408606055888e+03 -5.914630485119917402e+00 -7.372928381556012489e+00 -1.060592606596897447e+01 -4.099963792395509898e+00
1.302667221777040751e+00 1.442737770106418338e+03 -5.702997974280586746e+00 -7.389647074995354892e+00 -1.047229566148393509e+01 -3.948666207444956555e+00
1.302667221777040751e+00 1.442737770106418338e+03 -5.702997974280586746e+00 -7.389647074995354892e+00 -1.047229566148393509e+01 -3.948666207444956555e+00
1.304428589998275712e+00 1.373607526742769096e+03 -5.540895973687616660e+00 -7.255708072194880565e+00 -1.166756158432424506e+01 -3.841343088232548553e+00
1.303207041214399897e+00 1.430455384682646581e+03 -5.469617900165866686e+00 -7.067724789283688303e+00 -1.152494708576507598e+01 -3.970899658059563464e+00
1.303528381786131174e+00 1.437767367123846498e+03 -5.689475621649478398e+00 -7.090578362263183720e+00 -1.181532603010303362e+01 -3.972316153288083740e+00
1.301809685646906356e+00 1.475235738861276104e+03 -5.681642252463953824e+00 -7.199250064451174325e+00 -1.076089163741508514e+01 -4.003706402443725665e+00
1.301809685646906356e+00 1.475235738861276104e+03 -5.681642252463953824e+00 -7.199250064451174325e+00 -1.076089163741508514e+01 -4.003706402443725665e+00
1.302911697506641264e+00 1.491574750310245463e+03 -5.795980784261280050e+00 -7.386303374334104888e+00 -1.157217729918469473e+01 -4.132767507924250516e+00
1.303967309521357976e+00 1.417736518695134237e+03 -5.778813212064806137e+00 -7.108069642077249561e+00 -1.019993275968378654e+01 -3.963948429190695677e+00
1.305493712719235200e+00 1.397474917035343196e+03 -5.874349632801662224e+00 -7.277677432623997689e+00 -1.056500386143996373e+01 -4.006331673124959636e+00
1.301212371377280297e+00 1.461197420522725452e+03 -5.566819180757645036e+00 -6.970952857153542404e+00 -1.162253239015094408e+01 -3.897208337231294450e+00
1.304513016824705218e+00 1.420343569210037458e+03 -5.650355128972356589e+00 -7.249380315803658270e+00 -1.102970269541208381e+01 -4.041733501977540222e+00
1.302674066810640463e+00 1.440997960822742243e+03 -5.463291190153254817e+00 -7.056083039717749195e+00 -1.173929635675340144e+01 -3.961165730966976994e+00
1.302735986912879840e+00 1.488968859734798798e+03 -5.852312189956626831e+00 -7.285977446183977690e+00 -1.032786231742809591e+01 -4.113419190912089185e+00
1.302946576704339554e+00 1.484277939188225218e+03 -5.737778620200766788e+00 -7.332411401162298503e+00 -1.059240603639982226e+01 -4.058159920831318601e+00
1.302877330645804133e+00 1.436340899742917145e+03 -5.373718176033844607e+00 -7.081080235851737292e+00 -1.135707788863697942e+01 -3.952406433432029687e+00
1.300476446028494548e+00 1.494881819717693361e+03 -5.767552063892474656e+00 -7.247123880305213817e+00 -9.884448285142029889e+00 -3.927545318856425993e+00
1.305302569835584237e+00 1.405778066149517599e+03 -5.778674975263455416e+00 -7.410684830736451012e+00 -1.071503975425742361e+01 -4.031128201004149147e+00
1.304342599796687097e+00 1.406553368981170934e+03 -5.897371477507945770e+00 -7.206342920829031939e+00 -1.043364877027067372e+01 -3.958008204086398862e+00
1.304200420658869763e+00 1.462706368803278338e+03 -5.913975112103676324e+00 -7.498449937092736661e+00 -1.071584193472140356e+01 -4.109092634879489836e+00
1.304200420658869763e+00 1.462706368803278338e+03 -5.913975112103676324e+00 -7.498449937092736661e+00 -1.071584193472140356e+01 -4.109092634879489836e+00
1.303126163462598797e+00 1.420421855069083904e+03 -5.550143523760608488e+00 -7.103586228551447057e+00 -1.150198287879821102e+01 -3.874075601956977977e+00
1.302762676823632004e+00 1.486616059099131235e+03 -5.749137906960614330e+00 -7.338290551125734140e+00 -1.105289469028986105e+01 -4.119248685920294584e+00
1.303787756742259329e+00 1.416288785242165204e+03 -5.590908934427664789e+00 -7.359692907707961140e+00 -1.187508219691825850e+01 -3.956179549936642559e+00
1.303452916163238218e+00 1.496651395748186587e+03 -5.920066935783386164e+00 -7.570049935110171546e+00 -1.050853708318275714e+01 -4.157340575857396914e+00
1.302549644462271061e+00 1.466176477600580711e+03 -5.617181127848532185e+00 -7.044067851215134901e+00 -1.176363825444715872e+01 -4.035074087516926866e+00
1.303260757923358160e+00 1.423246743322712746e+03 -5.710308916132205148e+00 -7.242769148962125314e+00 -1.025979491580629777e+01 -3.936031612317806960e+00
1.303260757923358160e+00 1.423246743322712746e+03 -5.710308916132205148e+00 -7.242769148962125314e+00 -1.025979491580629777e+01 -3.936031612317806960e+00
1.303844526992774089e+00 1.425299921380551041e+03 -5.808374237291519471e+00 -7.154408690581075980e+00 -1.034683431057135294e+01 -3.964398816121285307e+00
1.303844526992774089e+00 1.425299921380551041e+03 -5.808374237291519471e+00 -7.154408690581075980e+00 -1.034683431057135294e+01 -3.964398816121285307e+00
1.302082612078874657e+00 1.445768471279371624e+03 -5.481789052843765830e+00 -7.044271752012273957e+00 -1.157544656253418580e+01 -3.894059109333648294e+00
1.302939003724064237e+00 1.463522407047135630e+03 -5.624917953417927663e+00 -7.113048913188590561e+00 -1.091817100101034477e+01 -4.024408731336119871e+00
1.302939003724064237e+00 1.463522407047135630e+03 -5.624917953417927663e+00 -7.113048913188590561e+00 -1.091817100101034477e+01 -4.024408731336119871e+00
1.305330821787015427e+00 1.425580796067889196e+03 -5.896862530020653637e+00 -7.361842103420974226e+00 -1.101403816832271332e+01 -4.089631484728566413e+00
1.302678345842933405e+00 1.463416351346650345e+03 -5.452729957482147505e+00 -7.273438764782944155e+00 -1.119396344835152490e+01 -3.991107405298629729e+00
1.303698483470808078e+00 1.413569211834170801e+03 -5.667907338093754355e+00 -7.447973399533060146e+00 -1.007475483083213597e+01 -3.912095606897899813e+00
1.302337432912648918e+00 1.453389964068146810e+03 -5.473626362646318633e+00 -7.090273331181506045e+00 -1.198245252522117710e+01 -3.954227287337483077e+00
1.302097460453921052e+00 1.465561151070654205e+03 -5.405552928016158276e+00 -7.178825057915327434e+00 -1.149747646018751546e+01 -3.985303668114498876e+00
1.301005256406426502e+00 1.521306155496325800e+03 -5.932627260900449784e+00 -7.113588348799519068e+00 -1.056882767704571968e+01 -4.059776013958580343e+00
1.302633877187711509e+00 1.469301787844991850e+03 -5.959748104149223735e+00 -7.125327438235069089e+00 -1.057941704588827037e+01 -4.008289693569264678e+00
1.303203589516554572e+00 1.443087519794212540e+03 -5.465814916167581750e+00 -7.314792182100809725e+00 -1.119043280766134885e+01 -3.979315682668245202e+00
1.305376982841220945e+00 1.422419290170766772e+03 -5.879124647654607294e+00 -7.424432596119552308e+00 -1.117083623001315829e+01 -4.069556086589061650e+00
1.302300498209456148e+00 1.462024593676503400e+03 -5.657433548792907274e+00 -6.974573457552017963e+00 -1.191176817432606327e+01 -3.972066086799701523e+00
1.302300498209456148e+00 1.462024593676503400e+03 -5.657433548792907274e+00 -6.974573457552017963e+00 -1.191176817432606327e+01 -3.972066086799701523e+00
1.302303594813854382e+00 1.461709695374504690e+03 -5.529979909004824279e+00 -7.347729939239532548e+00 -1.077982762100205072e+01 -3.981236321050991123e+00
1.301883151821693785e+00 1.497937363781310069e+03 -5.586218950389249649e+00 -7.155352495344723174e+00 -1.110451085283716210e+01 -4.056890516527776214e+00
1.303005784430348202e+00 1.472282476832548127e+03 -5.820649098288360968e+00 -7.294544798789066142e+00 -1.034888490860032206e+01 -4.048517849884269992e+00
1.303005784430348202e+00 1.472282476832548127e+03 -5.820649098288360968e+00 -7.294544798789066142e+00 -1.034888490860032206e+01 -4.048517849884269992e+00
1.302915264565194242e+00 1.465684936420534768e+03 -5.704054818360269508e+00 -7.063084734627435246e+00 -1.063881309023067168e+01 -4.051809291710081418e+00
1.303788372469641077e+00 1.478963903157134382e+03 -5.916535856001231330e+00 -7.493041312537467746e+00 -1.133202788362005897e+01 -4.148448285010811531e+00
1.304056395416903769e+00 1.451634620639625837e+03 -5.704132486736342322e+00 -7.413825116095216217e+00 -1.147462438020645337e+01 -4.101498448330334945e+00
1.300896272804594300e+00 1.515037011094856780e+03 -5.626299625464946885e+00 -6.989630908156502898e+00 -1.112292637430499020e+01 -4.041864549709717203e+00
1.301959749694765467e+00 1.451820717206774589e+03 -5.573824718028049574e+00 -7.390842697575970455e+00 -1.022511851663557358e+01 -3.942046013230662282e+00
1.303096463873738120e+00 1.509698173966241029e+03 -5.918369549542469521e+00 -7.274318862564608246e+00 -1.170253687900374828e+01 -4.170798471670996044e+00
1.303212797707452353e+00 1.460691684389815236e+03 -5.618788507355646722e+00 -7.415448279305829615e+00 -1.118824370215424047e+01 -4.051948375734189867e+00
1.303332358042045946e+00 1.430866880405668326e+03 -5.598401488231067979e+00 -7.290696093587214044e+00 -1.082390007431218848e+01 -3.932651837027774988e+00
1.303332358042045946e+00 1.430866880405668326e+03 -5.598401488231067979e+00 -7.290696093587214044e+00 -1.082390007431218848e+01 -3.932651837027774988e+00
1.301979143530268779e+00 1.487034840271126768e+03 -5.624657657169909619e+00 -7.311059759119196144e+00 -1.180829278458751297e+01 -4.034898494914028966e+00
1.305002939164956688e+00 1.430115358007801888e+03 -5.860701017930362688e+00 -7.573846573602418530e+00 -1.160345533751118730e+01 -4.076592341163259192e+00
1.304752984582283615e+00 1.431702919538339302e+03 -5.668558957617159777e+00 -7.401502119084643283e+00 -1.124099106392471015e+01 -4.081288749339146094e+00
1.304329623267821647e+00 1.439523870410448581e+03 -5.931787375393351880e+00 -7.477872971788237066e+00 -1.121854651490211197e+01 -4.053989627919509786e+00
1.302206351144865160e+00 1.478106708488916638e+03 -5.832838921752438566e+00 -7.272913459020030835e+00 -1.090086833728328308e+01 -4.024372443919603803e+00
1.303929886598240717e+00 1.420178784237154559e+03 -5.610029162868099384e+00 -7.140274102646270826e+00 -1.148018773503438084e+01 -3.985830229091787302e+00
1.303929886598240717e+00 1.420178784237154559e+03 -5.610029162868099384e+00 -7.140274102646270826e+00 -1.148018773503438084e+01 -3.985830229091787302e+00
1.299808382044480792e+00 1.497296375999231259e+03 -5.709563954722548296e+00 -7.155140109574144702e+00 -1.004681280562209977e+01 -3.925840999531002851e+00
1.302677910642570769e+00 1.462577548189731715e+03 -5.714328070056012621e+00 -7.262461214128963505e+00 -1.044300530324254872e+01 -4.049988372313451990e+00
1.302078382206873552e+00 1.452176127077967749e+03 -5.621923165036474046e+00 -7.402848144202874181e+00 -1.005326610869329862e+01 -3.924926021004502275e+00
1.303755671935727056e+00 1.454557884386138994e+03 -5.866247531871987775e+00 -7.547534535343406681e+00 -1.026791885808833271e+01 -4.074254365187356619e+00
1.302646601223636180e+00 1.477271564270040017e+03 -5.792494608467156247e+00 -7.080109802915099948e+00 -1.060089526470103394e+01 -4.032831414934728187e+00
1.301210497151654266e+00 1.495982765367306229e+03 -5.633150582054576638e+00 -7.280111704696626163e+00 -1.048188472087534429e+01 -3.979160258361385871e+00
1.303580295660610400e+00 1.431515336796373731e+03 -5.721643042008697222e+00 -7.371629907438390639e+00 -1.178002987464140894e+01 -3.951452801857211483e+00
1.300873500581039011e+00 1.526267981209316758e+03 -5.791552020937815293e+00 -7.110468065610739075e+00 -1.080529042846160159e+01 -4.058799907681047259e+00
1.301581370328761533e+00 1.485369931365822822e+03 -5.585285928911820186e+00 -6.931821600466682831e+00 -1.098409660584384007e+01 -4.015081924818083792e+00
1.304278848711259764e+00 1.472394393096743443e+03 -5.781408936585552993e+00 -7.521282552201141947e+00 -1.183024080544936218e+01 -4.148309334427200845e+00
1.302350799283328087e+00 1.486894454197517007e+03 -5.892828288357345734e+00 -7.140485943154972759e+00 -1.073040728939294119e+01 -4.033967042929222480e+00
1.303191859785117757e+00 1.421210979263305944e+03 -5.639157465818886550e+00 -7.213307561162360493e+00 -1.095884855398773361e+01 -3.907415949890504336e+00
1.302265810190117001e+00 1.497094546148489826e+03 -5.646561364829275398e+00 -7.158954707366562253e+00 -1.182632142768679984e+01 -4.078215168633894550e+00
1.301511479441102015e+00 1.471933356314591720e+03 -5.646614653157183028e+00 -7.165122977786785086e+00 -1.172921690341959255e+01 -3.952271972992267735e+00
1.303544823411991516e+00 1.437279482499615142e+03 -5.582281118989181223e+00 -7.091533888973942545e+00 -1.160968014320219055e+01 -3.990945688889610210e+00
1.303544823411991516e+00 1.437279482499615142e+03 -5.582281118989181223e+00 -7.091533888973942545e+00 -1.160968014320219055e+01 -3.990945688889610210e+00
1.300176014437280037e+00 1.515211821370373627e+03 -5.742735832659401574e+00 -7.105555020539199518e+00 -1.041414398308095990e+01 -4.020467270265894122e+00
1.304432844245910772e+00 1.450615247097951169e+03 -5.823484521321631746e+00 -7.345272473757354703e+00 -1.085856539354552552e+01 -4.097768692776356581e+00
1.303955506242921336e+00 1.392350442206982279e+03 -5.421557516923979136e+00 -7.184664257052030045e+00 -1.180812949601322792e+01 -3.898890172302694523e+00
1.302405895418190518e+00 1.491998349777220028e+03 -5.851790720756281594e+00 -7.252703299080232036e+00 -1.112707747978996942e+01 -4.059980513189957563e+00
1.302471669400182996e+00 1.464790652517351418e+03 -5.771612692673556033e+00 -6.955691890297109659e+00 -1.066281492806899678e+01 -3.994887643611047423e+00
1.302471669400182996e+00 1.464790652517351418e+03 -5.771612692673556033e+00 -6.955691890297109659e+00 -1.066281492806899678e+01 -3.994887643611047423e+00
1.303479146793806942e+00 1.444068904847529666e+03 -5.832700440965821187e+00 -7.347608617459180813e+00 -1.111409522112013626e+01 -4.030022699350523041e+00
1.305606181111878872e+00 1.433600653050471692e+03 -5.844905874896757503e+00 -7.496405361974160186e+00 -1.124726652900600676e+01 -4.116449269582041381e+00
1.305385575732967762e+00 1.370585896016992592e+03 -5.659828177547299610e+00 -7.378072655861898532e+00 -1.073643128335275598e+01 -3.918413448912982489e+00
1.304428354838759185e+00 1.465558793568682177e+03 -5.889643743484317184e+00 -7.378063576062729112e+00 -1.139930279405997204e+01 -4.132991033534440639e+00
1.300135656999175104e+00 1.463228802317398959e+03 -5.432596579525971414e+00 -6.996214327651492759e+00 -1.045151439536885896e+01 -3.814546008303281610e+00
1.303239049723485143e+00 1.457399540904517607e+03 -5.618901713732111780e+00 -7.539310156201884716e+00 -1.196167640978691438e+01 -4.031039139578943775e+00
1.304404084679250175e+00 1.396924806664367225e+03 -5.864728084055517598e+00 -7.068416533713939742e+00 -1.016836956288596028e+01 -3.943962609469307878e+00
1.302950271597592913e+00 1.421750285473382291e+03 -5.471308381936731635e+00 -6.867021873394469900e+00 -1.170622179939931584e+01 -3.927313363417498593e+00
1.303590416765645132e+00 1.439122114183005806e+03 -5.722006982726751012e+00 -7.209488739192690510e+00 -1.165033984555627633e+01 -3.973948240018710720e+00
1.305133693585317944e+00 1.415698449373078802e+03 -5.958824031963573020e+00 -7.431127905752706653e+00 -1.053261683817748740e+01 -4.048680564603010623e+00
1.302506664742272502e+00 1.430040261166703658e+03 -5.448692313064682935e+00 -6.942668183267011628e+00 -1.170249187522995626e+01 -3.866729431123745897e+00
1.302200209134972031e+00 1.480690415975259157e+03 -6.076494702078641730e+00 -7.360725412205582963e+00 -1.000495174620814787e+01 -4.032245634199478346e+00
1.305286191853599842e+00 1.372641442884234948e+03 -5.625567661844306677e+00 -7.379395489792258900e+00 -1.026459129300807582e+01 -3.929705708636802797e+00
1.303831911532557175e+00 1.454789017789798436e+03 -5.975423997313915159e+00 -7.243005529709771295e+00 -1.076655778964522980e+01 -4.059365907175635613e+00
1.303446033240822866e+00 1.495895316121686619e+03 -5.886264110754938272e+00 -7.316935564736845699e+00 -1.195089136940664254e+01 -4.156896908452898387e+00
1.302558060757418090e+00 1.471655426324040263e+03 -5.595572973073831058e+00 -7.271601973978704336e+00 -1.167564979503789324e+01 -4.013712078710615749e+00
1.302558060757418090e+00 1.471655426324040263e+03 -5.595572973073831058e+00 -7.271601973978704336e+00 -1.167564979503789324e+01 -4.013712078710615749e+00
1.303420040585994588e+00 1.442574945528986518e+03 -5.962858757708228374e+00 -7.399586571021701253e+00 -1.023656210894184859e+01 -3.989956487768123949e+00
1.301753853641560266e+00 1.418811422474465871e+03 -5.580506849863437147e+00 -6.918523462855423745e+00 -1.020439486511507177e+01 -3.830953876192609187e+00
1.301753853641560266e+00 1.418811422474465871e+03 -5.580506849863437147e+00 -6.918523462855423745e+00 -1.020439486511507177e+01 -3.830953876192609187e+00
1.302643816626749995e+00 1.407821090668813667e+03 -5.557030242279721755e+00 -7.047040763953670073e+00 -9.892579165025409793e+00 -3.821892663473061447e+00
1.302643816626749995e+00 1.407821090668813667e+03 -5.557030242279721755e+00 -7.047040763953670073e+00 -9.892579165025409793e+00 -3.821892663473061447e+00
1.301285414278310348e+00 1.467706142138645419e+03 -5.581639684489375419e+00 -6.871379675247290209e+00 -1.170862322789257348e+01 -3.928401318410603693e+00
1.300713628198910898e+00 1.507675930128316850e+03 -5.830973922639279827e+00 -7.200269868255841033e+00 -1.058334654916681039e+01 -4.001208537237370244e+00
1.304736712881317873e+00 1.434752339177428212e+03 -5.636466255884915455e+00 -7.497558978141160679e+00 -1.132285650867247817e+01 -4.082552074564225641e+00
1.300993374984491524e+00 1.454376732963424956e+03 -5.356058085308156080e+00 -7.112680497746141306e+00 -1.123941888225720831e+01 -3.869031222432168349e+00
1.301397005554553399e+00 1.494134996761383263e+03 -5.661808904590762026e+00 -7.260604036342303225e+00 -1.150838477019124362e+01 -4.028701308764703448e+00
1.302274526171261160e+00 1.482152540534287255e+03 -5.695843791335319928e+00 -7.143810240926705468e+00 -1.152382909360908769e+01 -4.034207131893766451e+00
1.302274526171261160e+00 1.482152540534287255e+03 -5.695843791335319928e+00 -7.143810240926705468e+00 -1.152382909360908769e+01 -4.034207131893766451e+00
1.303189644732755115e+00 1.509455939907612219e+03 -5.841657573464868136e+00 -7.387313300485470968e+00 -1.123696243556932828e+01 -4.165562089380881794e+00
1.304265754261655363e+00 1.415293890130861200e+03 -5.968629226626879891e+00 -7.306184778172788441e+00 -1.048103196377293500e+01 -3.976519754124765882e+00
1.304795901774602251e+00 1.412321732815097221e+03 -5.802450057161250285e+00 -7.156951904997935543e+00 -1.139536221163891305e+01 -3.983895250761406714e+00
1.302909410764693465e+00 1.484365423550667174e+03 -5.749538818128586470e+00 -7.384443590861478057e+00 -1.102951935557313234e+01 -4.086236888044580517e+00
1.302909410764693465e+00 1.484365423550667174e+03 -5.749538818128586470e+00 -7.384443590861478057e+00 -1.102951935557313234e+01 -4.086236888044580517e+00
1.303601211329484588e+00 1.439714542824739283e+03 -5.623732385911331733e+00 -7.308070429006044755e+00 -1.062194108976952833e+01 -4.001083403080414769e+00
1.303601211329484588e+00 1.439714542824739283e+03 -5.623732385911331733e+00 -7.308070429006044755e+00 -1.062194108976952833e+01 -4.001083403080414769e+00
1.303056301923036786e+00 1.392407896341501782e+03 -5.515447436531677461e+00 -7.193057192227379382e+00 -1.023118143650443024e+01 -3.824753129010932895e+00
1.303056301923036786e+00 1.392407896341501782e+03 -5.515447436531677461e+00 -7.193057192227379382e+00 -1.023118143650443024e+01 -3.824753129010932895e+00
1.299232205940061613e+00 1.492421110763763181e+03 -5.557300538964766723e+00 -6.981205358399125593e+00 -9.859345230544025895e+00 -3.879646016432722888e+00
1.299232205940061613e+00 1.492421110763763181e+03 -5.557300538964766723e+00 -6.981205358399125593e+00 -9.859345230544025895e+00 -3.879646016432722888e+00
1.304214817703923002e+00 1.409891807945396977e+03 -5.692338670763509967e+00 -7.236430807593949410e+00 -1.064818508211500436e+01 -3.989577034899799202e+00
1.305738409978892234e+00 1.354965924632303995e+03 -5.660894826120793866e+00 -7.367000886118001191e+00 -1.090381281319504048e+01 -3.881050057167696465e+00
1.301750532288335815e+00 1.441484573501103114e+03 -5.452354415152771416e+00 -7.150173790741879642e+00 -1.054144526971311357e+01 -3.861672958976541281e+00
1.304025233676410434e+00 1.414715071605472986e+03 -5.718343051358630191e+00 -7.103915599566667183e+00 -1.038647371768196770e+01 -3.968037967100102037e+00
1.304025233676410434e+00 1.414715071605472986e+03 -5.718343051358630191e+00 -7.103915599566667183e+00 -1.038647371768196770e+01 -3.968037967100102037e+00
1.305100760316098230e+00 1.356928187193641406e+03 -5.380210418647319415e+00 -7.196099344555459965e+00 -1.110828223349428434e+01 -3.868276518532940855e+00
1.301805256413990808e+00 1.476339901975482462e+03 -5.668117242201345718e+00 -7.225867591303324566e+00 -1.026293247546070120e+01 -3.981593513640834914e+00
1.301805256413990808e+00 1.476339901975482462e+03 -5.668117242201345718e+00 -7.225867591303324566e+00 -1.026293247546070120e+01 -3.981593513640834914e+00
1.304457122875663622e+00 1.411075545118923174e+03 -5.535740128066602317e+00 -7.469478853779310867e+00 -1.146265649306934975e+01 -3.956425552618590302e+00
1.302201490972038522e+00 1.501528873060618707e+03 -5.625274277982721394e+00 -7.299990192831774749e+00 -1.110353406904143903e+01 -4.078214122609896464e+00
1.304754417708072545e+00 1.432797687885558162e+03 -5.723021591485968784e+00 -7.179527410359478168e+00 -1.086551976336608050e+01 -4.073024280785603857e+00
1.301003574780452032e+00 1.479585787146348594e+03 -5.887260050999245209e+00 -7.148815904201765825e+00 -9.735235660894115739e+00 -3.959896829689613540e+00
1.301376446627267036e+00 1.486596376682663504e+03 -5.852879148657859076e+00 -7.419078415839012841e+00 -1.014576642384495031e+01 -3.976980795731488882e+00
1.303630124169999238e+00 1.444973551197273991e+03 -5.633980829130132761e+00 -7.021759736653872430e+00 -1.093593101335664208e+01 -3.994821191799445614e+00
1.304757387233432819e+00 1.379505594312325911e+03 -5.485447348503971199e+00 -7.424539498432261908e+00 -1.167599142996166073e+01 -3.885696804331852050e+00
1.301515863743287760e+00 1.485317714498745090e+03 -5.634704868005182554e+00 -7.374578699007002136e+00 -1.100578314392859625e+01 -3.987427593523788616e+00
1.304089217828153346e+00 1.401540203272377084e+03 -5.562036019250871099e+00 -6.950267684654082956e+00 -1.169595843584389527e+01 -3.937352114280141535e+00
1.301249955927032964e+00 1.492251726439713821e+03 -5.729632121007123935e+00 -7.053121941009873552e+00 -1.122627659957590751e+01 -3.996773015381361205e+00
1.302838950601346912e+00 1.384075708509896685e+03 -5.448680075294570990e+00 -7.152386770319965059e+00 -1.068020895810544424e+01 -3.786819978962686406e+00
1.304763314317846090e+00 1.357571274186338542e+03 -5.481727308266366450e+00 -7.281122951334173088e+00 -1.047431998313231638e+01 -3.823807702553303045e+00
1.303271749517074030e+00 1.390656994327667235e+03 -5.499953681954263374e+00 -7.240087803359730678e+00 -1.029520494724300228e+01 -3.849066202874618980e+00
1.302990128808089842e+00 1.384126394451369379e+03 -5.433889012409125918e+00 -6.787304070245209431e+00 -1.020979528355566046e+01 -3.796881891930876662e+00
1.302972564900313879e+00 1.367206144418496478e+03 -5.435313403413977618e+00 -7.099489824374512814e+00 -1.033122587318071517e+01 -3.739698845459015430e+00
1.302511549325128026e+00 1.437232998746749445e+03 -5.609307012871830089e+00 -6.816406301311402238e+00 -1.062262570204155843e+01 -3.915552687532642295e+00
1.300508916653265734e+00 1.432141210275814956e+03 -5.424037801780679402e+00 -7.003225959893862651e+00 -9.936976911871434837e+00 -3.778058758037017739e+00
1.301679168852489576e+00 1.443501433097386325e+03 -5.388586640327743815e+00 -7.122423640965251046e+00 -1.055259669173337400e+01 -3.903946497729398502e+00
1.302070518002317767e+00 1.406843710878809134e+03 -5.246874029461045197e+00 -7.024874922834936086e+00 -1.073662059251488543e+01 -3.824537864051995584e+00
1.304336198423990290e+00 1.390793070153153167e+03 -5.568725215168801590e+00 -7.279012331774032951e+00 -1.026302367823894279e+01 -3.878693226422580409e+00
1.302079058708520698e+00 1.404442802603493192e+03 -5.337511167465773809e+00 -6.910169399951748836e+00 -1.040517377955693590e+01 -3.779461225489109566e+00
1.302079058708520698e+00 1.404442802603493192e+03 -5.337511167465773809e+00 -6.910169399951748836e+00 -1.040517377955693590e+01 -3.779461225489109566e+00
1.302598879333774828e+00 1.410778168200350592e+03 -5.335612272604542738e+00 -6.967878384780692436e+00 -1.173747728957463110e+01 -3.876491438389814803e+00
1.302183417419502165e+00 1.434297252054739602e+03 -5.484187874900566584e+00 -7.288001634556601438e+00 -1.004609346434474482e+01 -3.891271489923056492e+00
1.300328384296851825e+00 1.481788428720210959e+03 -5.383888051091595628e+00 -6.972797007213259235e+00 -1.064114378040384068e+01 -3.913639542457383769e+00
1.303850458225924935e+00 1.370866087942291415e+03 -5.249656216177951862e+00 -7.025483060407148983e+00 -1.158826688967712393e+01 -3.818166725311003873e+00
1.301590079929969335e+00 1.429084930575124645e+03 -5.272466224697709869e+00 -7.050941404079477337e+00 -1.155302944189389613e+01 -3.829574666140660000e+00
1.299958626568254338e+00 1.450065139705385263e+03 -5.408301015125499767e+00 -6.755499078979514849e+00 -1.030908814678852892e+01 -3.778863989444996463e+00
1.304451861934188717e+00 1.382214928795256128e+03 -5.417367862876876217e+00 -6.951992374312889744e+00 -1.174824837371444630e+01 -3.887247629728756593e+00
1.302224079370999821e+00 1.431957843641814861e+03 -5.412047163770690617e+00 -6.832232451516349947e+00 -1.055263087600748939e+01 -3.898730300075758493e+00
1.302987628248422736e+00 1.381425096806101465e+03 -5.484950434485399207e+00 -7.000331133049833454e+00 -9.988125196215587920e+00 -3.759985246695602967e+00
1.302987628248422736e+00 1.381425096806101465e+03 -5.484950434485399207e+00 -7.000331133049833454e+00 -9.988125196215587920e+00 -3.759985246695602967e+00
1.302866479692943003e+00 1.398969828652646811e+03 -5.408686976002859303e+00 -6.950574499626530844e+00 -1.006489635790193482e+01 -3.820165110447849344e+00
1.300683310637867240e+00 1.469109290722690503e+03 -5.466949953597982415e+00 -7.036924158388432993e+00 -1.066097118478222328e+01 -3.882060581312977376e+00
1.303652066070488669e+00 1.373481039159129978e+03 -5.603400121962134328e+00 -6.921576479817245442e+00 -1.003027090364336793e+01 -3.813902010162218303e+00
1.301474748441020068e+00 1.438722808229713564e+03 -5.704945249684123532e+00 -6.915713260805955720e+00 -1.002248266283325862e+01 -3.850847142375199539e+00
1.301474748441020068e+00 1.438722808229713564e+03 -5.704945249684123532e+00 -6.915713260805955720e+00 -1.002248266283325862e+01 -3.850847142375199539e+00
1.305143140336309182e+00 1.354746799305996547e+03 -5.453117247228564501e+00 -7.071228437723048543e+00 -1.137696592434175002e+01 -3.837735861640954482e+00
1.301018380837544841e+00 1.424793316678330484e+03 -5.261217223866191617e+00 -6.976140532126868798e+00 -1.093891287490485276e+01 -3.787270001917327988e+00
1.301556620602020153e+00 1.413500748419410456e+03 -5.458408677892433225e+00 -7.042687442319500946e+00 -1.017438932335193513e+01 -3.810437425345719831e+00
1.300088229723119770e+00 1.492905265683375092e+03 -5.547019844771345021e+00 -7.073492032294117493e+00 -1.018750952224773876e+01 -3.887205929631310397e+00
1.299254739050554441e+00 1.492577992875248583e+03 -5.488986555226404107e+00 -7.010092952726582283e+00 -1.010657418716529499e+01 -3.859027725907878903e+00
1.304471603323986262e+00 1.380358545658884395e+03 -5.473455452574269131e+00 -6.931846066561034192e+00 -1.093674955789101233e+01 -3.896529570952933952e+00
1.300668150240238852e+00 1.425322479851447497e+03 -5.270900672571711354e+00 -6.803254670556104777e+00 -1.024478933187054785e+01 -3.765576588865053864e+00
1.303077412240538857e+00 1.416894501512515490e+03 -5.483631648822324678e+00 -7.234983868473961799e+00 -1.052164585816709064e+01 -3.881902383155420466e+00
1.303077412240538857e+00 1.416894501512515490e+03 -5.483631648822324678e+00 -7.234983868473961799e+00 -1.052164585816709064e+01 -3.881902383155420466e+00
1.301297456040761524e+00 1.421840409479925484e+03 -5.408406346442988344e+00 -6.922061262590669450e+00 -1.011603192729982403e+01 -3.796301776521701754e+00
1.301297456040761524e+00 1.421840409479925484e+03 -5.408406346442988344e+00 -6.922061262590669450e+00 -1.011603192729982403e+01 -3.796301776521701754e+00
1.302180151611819214e+00 1.420817362463866630e+03 -5.683672159359812959e+00 -7.282494069191361774e+00 -1.023435765123097596e+01 -3.836860952821890436e+00
1.301223146058748004e+00 1.475601175385835177e+03 -5.444002089423432444e+00 -7.113025709583162381e+00 -1.052073210339171894e+01 -3.922206119305428729e+00
1.305489311965347676e+00 1.360967645575766028e+03 -5.474478593060471354e+00 -7.069731722826056775e+00 -1.136080805463370424e+01 -3.888581790306128383e+00
1.303151615031024058e+00 1.434161823854262593e+03 -5.545745917100039613e+00 -7.137500187357485260e+00 -1.031658041028921424e+01 -3.928591471253707113e+00
1.303151615031024058e+00 1.434161823854262593e+03 -5.545745917100039613e+00 -7.137500187357485260e+00 -1.031658041028921424e+01 -3.928591471253707113e+00
1.303648080060876735e+00 1.412971295238218318e+03 -5.623888400827116385e+00 -7.076630606484124897e+00 -1.094955965376738227e+01 -3.912515391244783203e+00
1.302682350432244673e+00 1.440194794140498288e+03 -5.609535371026236561e+00 -7.129339258643113908e+00 -1.033234263708705214e+01 -3.975447239393853138e+00
1.301045038042646818e+00 1.457372114899586450e+03 -5.902661653944575093e+00 -7.051933927813401226e+00 -9.900291494331717956e+00 -3.905017605827497462e+00
1.301919863476494799e+00 1.448085029352524316e+03 -5.600113414518476773e+00 -7.266598002648795074e+00 -1.006212336430327881e+01 -3.950994935483604920e+00
1.304466533232610859e+00 1.384126659261247141e+03 -5.488409053873211541e+00 -7.301861457808585421e+00 -1.105114936942809045e+01 -3.864255515909890804e+00
1.305615536709943347e+00 1.347320213608715221e+03 -5.483248503985300282e+00 -7.173225451698598931e+00 -1.181159467975855648e+01 -3.854562543009501852e+00
1.304044166879006150e+00 1.398506743034698502e+03 -5.560146973904012135e+00 -6.997117561253670459e+00 -1.155146326076204844e+01 -3.887987638761959630e+00
1.303674011538050959e+00 1.413002677747045482e+03 -5.486754176854400811e+00 -7.021867384973394799e+00 -1.088025495712350121e+01 -3.900582548684322859e+00
1.301968896340847781e+00 1.432724538072719270e+03 -5.366971931055710243e+00 -7.033261783426715930e+00 -1.174877586901813409e+01 -3.866092726565588222e+00
1.301968896340847781e+00 1.432724538072719270e+03 -5.366971931055710243e+00 -7.033261783426715930e+00 -1.174877586901813409e+01 -3.866092726565588222e+00
1.302087762748907362e+00 1.411886177143332588e+03 -5.505589874751435353e+00 -7.282930763729907220e+00 -9.788672807046211233e+00 -3.802068838616460056e+00
1.302313254703877599e+00 1.438745000432191318e+03 -5.584417375047243226e+00 -6.934651366194363398e+00 -1.093068684828533321e+01 -3.902885093079371259e+00
1.303180915851996025e+00 1.419848588362786359e+03 -5.675756827537404625e+00 -7.138457478839987047e+00 -1.014566768090541338e+01 -3.885114973853045939e+00
1.301344642004785834e+00 1.437796934598698499e+03 -5.696053633206671130e+00 -7.122680854657248872e+00 -1.005508463757247917e+01 -3.856083504350767299e+00
1.304466550970152516e+00 1.363675310570185729e+03 -5.401484512946314709e+00 -6.956015231013134681e+00 -1.069497589356955025e+01 -3.820312575664550181e+00
1.299926331969328608e+00 1.471123588038433127e+03 -5.361753449656824877e+00 -7.010432027622292672e+00 -1.061046125229919390e+01 -3.828136998104197275e+00
1.303294514420587635e+00 1.406181883250948431e+03 -5.398626330560445830e+00 -7.020894018626750999e+00 -1.045486718054940845e+01 -3.874092578770023110e+00
1.304680648429173750e+00 1.355877432223364849e+03 -5.591087647498697244e+00 -7.144511127963202313e+00 -1.022530499163676687e+01 -3.831083853606726208e+00
1.301520185089041659e+00 1.445876623549720307e+03 -5.390686665832228996e+00 -7.108044080013296906e+00 -1.073550982691772937e+01 -3.887373191302556208e+00
1.301520185089041659e+00 1.445876623549720307e+03 -5.390686665832228996e+00 -7.108044080013296906e+00 -1.073550982691772937e+01 -3.887373191302556208e+00
1.300252435618080460e+00 1.403866310060633168e+03 -5.328642451500869015e+00 -6.850421589831564795e+00 -9.687417336424374525e+00 -3.636369474045700656e+00
1.301769208423018132e+00 1.417146840360855094e+03 -5.694641363796095312e+00 -6.984352665010316485e+00 -9.724224788556613319e+00 -3.786128277434555045e+00
1.299850654859568522e+00 1.464781248801498577e+03 -5.661920048647201220e+00 -6.866087401635848408e+00 -9.987275748522224106e+00 -3.810580895480363495e+00
1.298848118508206806e+00 1.478081155673383819e+03 -5.535466271786703807e+00 -6.846397519306352208e+00 -9.666059375470254622e+00 -3.805077065087351329e+00
1.300455474806806233e+00 1.465980872016759804e+03 -5.728149410920490681e+00 -6.975643416355359783e+00 -1.000797117299756955e+01 -3.885995459387903139e+00
1.303748013716084397e+00 1.439519403816089380e+03 -5.759002593597316810e+00 -7.421396635280707699e+00 -1.076669337031120932e+01 -3.992193419643982111e+00
1.301813702260179451e+00 1.431385985062572445e+03 -5.434910083639016065e+00 -7.172772224760664450e+00 -1.070068743794231381e+01 -3.821201780354023469e+00
1.301896362529913143e+00 1.480314311635413333e+03 -5.578625797078823112e+00 -7.103089317365064659e+00 -1.113506468937903016e+01 -4.011860269126533929e+00
1.301604344790419532e+00 1.445641038348063148e+03 -5.573491198348893505e+00 -7.071066384152119078e+00 -1.067381345736302478e+01 -3.857285895347853710e+00
1.301213149384908174e+00 1.473829511048000541e+03 -5.637560932296594274e+00 -7.015222208425652362e+00 -1.028896820638204979e+01 -3.918488111967244336e+00
1.305109216081507428e+00 1.359298085501881815e+03 -5.375749372449222463e+00 -7.157892933445777039e+00 -1.097510745750872019e+01 -3.854840691641987505e+00
1.303304029904828409e+00 1.463365171721610295e+03 -5.899512586068816233e+00 -7.422274019291498881e+00 -1.039613775799671913e+01 -4.067067549776136381e+00
1.304103912534670506e+00 1.369638245156063249e+03 -5.418261030796619693e+00 -7.233433420912692036e+00 -1.196714029588686046e+01 -3.806330505641629003e+00
1.302490527601642523e+00 1.436041921435636368e+03 -5.416773224449009660e+00 -6.971366644627218001e+00 -1.035526851322735453e+01 -3.919412920219787821e+00
1.303688894707540458e+00 1.400225101572542371e+03 -5.735752752679720956e+00 -7.147113398691537611e+00 -1.035118408872780904e+01 -3.864150808316241026e+00
1.303688894707540458e+00 1.400225101572542371e+03 -5.735752752679720956e+00 -7.147113398691537611e+00 -1.035118408872780904e+01 -3.864150808316241026e+00
1.305566568418760065e+00 1.403247771262389961e+03 -5.740494833845396272e+00 -7.495045548348727493e+00 -1.076477354357311711e+01 -4.042125451747049070e+00
1.299282506685785599e+00 1.501708393700574106e+03 -5.711897366883479599e+00 -7.094575621918933095e+00 -9.928713972241268948e+00 -3.902383478630907732e+00
1.303307987896241915e+00 1.430645383497907005e+03 -5.943718253936733475e+00 -7.212190393311183279e+00 -1.017072891866644468e+01 -3.954490224448125701e+00
1.302848454357687924e+00 1.399714812734113139e+03 -5.313371662293348230e+00 -6.922979626728288594e+00 -1.141512418816298613e+01 -3.843553852724721054e+00
1.301915232373691111e+00 1.407410800380378987e+03 -5.574854365814414514e+00 -7.154104385800738264e+00 -9.949403047841810732e+00 -3.780752068989801984e+00
1.302507852008766065e+00 1.427120555609132225e+03 -5.439191726763394463e+00 -6.973453253468918867e+00 -1.049361235639196721e+01 -3.918965828874206636e+00
1.304616337453787800e+00 1.434846997260705848e+03 -5.923301080619561176e+00 -7.258978209278432736e+00 -1.041017558607377680e+01 -4.065809679303050928e+00
1.298947306650584999e+00 1.451856262665754912e+03 -5.635997643793583478e+00 -6.792591520309945174e+00 -9.577917884004298443e+00 -3.725932314576978044e+00
1.304445488034740031e+00 1.370133428431245875e+03 -5.428818040999885852e+00 -7.265881412969420694e+00 -1.125671984869442710e+01 -3.856223579521540046e+00
1.302953545878198227e+00 1.402477575131708363e+03 -5.411199337242787344e+00 -6.863671754013050297e+00 -1.137588305034665126e+01 -3.863383084900869235e+00
1.301211329868854349e+00 1.390651301697058216e+03 -5.445271829751492376e+00 -6.764879559649570773e+00 -9.904288221433310113e+00 -3.695902262202917399e+00
1.302556521830475544e+00 1.473439105555613878e+03 -5.753443207826734351e+00 -7.047220560186969074e+00 -1.105582497826374500e+01 -4.040107861788871269e+00
1.301173669535501842e+00 1.523397094771074535e+03 -5.764772806901184765e+00 -7.158547990062362310e+00 -1.149914306966775257e+01 -4.072482263793246737e+00
1.303522728937567488e+00 1.384504061367363647e+03 -5.298481734230990448e+00 -6.965844679428114361e+00 -1.076392202385376251e+01 -3.827290992462030417e+00
1.301472092717091300e+00 1.481324124481315266e+03 -5.529989382070276349e+00 -7.069655124380488154e+00 -1.101848346559399694e+01 -3.946701323215258128e+00
1.303135044289111200e+00 1.467161583151829973e+03 -5.791287735212938159e+00 -7.514721794398978361e+00 -1.054857059879419268e+01 -4.047605085419992754e+00
1.302525161796352471e+00 1.453161297778180369e+03 -5.566362331524290497e+00 -7.432928075965986814e+00 -1.141337055480353513e+01 -3.968392971385210188e+00
1.304971650013062145e+00 1.429121154083069541e+03 -5.810235234178053432e+00 -7.331049798808639828e+00 -1.168444363713527068e+01 -4.077438274782901217e+00
1.302361850990556347e+00 1.500274918426383238e+03 -5.992119159754160762e+00 -7.213197645887526654e+00 -1.037609803785172602e+01 -4.097950066259596902e+00
1.300444594843795043e+00 1.489426077664372542e+03 -5.447745037652939715e+00 -7.170301963738635820e+00 -1.111602345769256317e+01 -3.948444751251201978e+00
1.303434382607950859e+00 1.479630260423470418e+03 -5.981500501104412670e+00 -7.330597006958768702e+00 -1.064032149635959712e+01 -4.124164318997962653e+00
1.301557514121915782e+00 1.373412560737797548e+03 -5.319212928769091242e+00 -6.790531971499207842e+00 -9.785370817383544306e+00 -3.658359322429229010e+00
1.298780816875168664e+00 1.495587138134158522e+03 -5.714994155181630120e+00 -6.975581857767805261e+00 -9.686672880199509450e+00 -3.843973899141730044e+00
1.303045072662218029e+00 1.434631946586512640e+03 -5.549928043587636139e+00 -7.177510981668688395e+00 -1.196678311591919197e+01 -3.971288476863131578e+00
1.302053311730127616e+00 1.457562111612324088e+03 -5.573319554323052927e+00 -7.065007817004079982e+00 -1.003833679702037429e+01 -3.966716013001356345e+00
1.302901682557420449e+00 1.497111998360091548e+03 -5.810618486914620462e+00 -7.221039145691313443e+00 -1.161020466715419630e+01 -4.118964761454854795e+00
1.301146550210626973e+00 1.419850317400633685e+03 -5.406219729383361816e+00 -7.062778881997950897e+00 -9.860919254196359063e+00 -3.744620396409390040e+00
1.302475457527100255e+00 1.493554948015121909e+03 -5.696729916934416771e+00 -7.218022778484999513e+00 -1.095244558608265351e+01 -4.049390361419905382e+00
1.303490533833533860e+00 1.472789114910274520e+03 -5.744114895304468504e+00 -7.551969704206217493e+00 -1.089546647635916798e+01 -4.089225717298556440e+00
1.303117272383686798e+00 1.428579001178329463e+03 -5.838617761575461529e+00 -7.205513270164102479e+00 -9.918156616368611012e+00 -3.914834580413618426e+00
1.304499398185168912e+00 1.360125594051738517e+03 -5.493085714043608014e+00 -7.046065447411704596e+00 -1.093635132671989041e+01 -3.806290916619541775e+00
1.300304145929811916e+00 1.467796440622848195e+03 -5.533982050547630038e+00 -6.793213248048822095e+00 -9.880123297520341907e+00 -3.862698410403870852e+00
1.300647632166102241e+00 1.477207835308569884e+03 -5.390177556422427685e+00 -6.913845518605185703e+00 -1.145277178632477799e+01 -3.919877767600896235e+00
1.304093547386204088e+00 1.444550951160935938e+03 -5.791809010534837654e+00 -7.261101113400001417e+00 -1.040154400596264850e+01 -4.078838631432830653e+00
1.304111334239953290e+00 1.467090098319810522e+03 -5.851916981388887606e+00 -7.289125040954238521e+00 -1.087652281215163974e+01 -4.110305405296424297e+00
1.303509790887872333e+00 1.361537197034525661e+03 -5.369071347906758440e+00 -7.063320221957145151e+00 -1.110416366301406832e+01 -3.738573138584056821e+00
1.299610357251860027e+00 1.487864890869915598e+03 -5.732867582315027022e+00 -7.070464375436482207e+00 -9.789886166767960418e+00 -3.901906015364165370e+00
1.301594841611181552e+00 1.412052883142271867e+03 -5.225624145646225571e+00 -6.994282915384323118e+00 -1.095607289645300142e+01 -3.763521124427892772e+00
1.304019877371467295e+00 1.412461136291362891e+03 -5.501206533817018851e+00 -6.951626277146340627e+00 -1.100471628049512063e+01 -3.943492613635919852e+00
1.301595984141304285e+00 1.501486721608386915e+03 -6.041139934291860136e+00 -7.218216335184062693e+00 -1.007203768839345059e+01 -4.049692314429185203e+00
1.305175838038054925e+00 1.382766410109044045e+03 -5.675569268384626831e+00 -7.181351881895069234e+00 -1.098058220862763967e+01 -3.930155570472582127e+00
1.301408177144395273e+00 1.392740576458955275e+03 -5.365018886473560400e+00 -6.896224331765700377e+00 -9.852281066301296519e+00 -3.706350380742419404e+00
1.300573167063079794e+00 1.429903986910407411e+03 -5.598413421782997723e+00 -7.141957557635192799e+00 -9.669677608961720239e+00 -3.775995183069738914e+00
1.302982132332699106e+00 1.366813057418410835e+03 -5.264096512989083543e+00 -6.872512224461143404e+00 -1.027900542653803129e+01 -3.734693574984889963e+00
1.303427690955664797e+00 1.383271102252590481e+03 -5.293322338328641408e+00 -7.001877730652803500e+00 -1.123348850870667270e+01 -3.796716332919583436e+00
1.301368557639925649e+00 1.460507392467413410e+03 -5.687955324809569113e+00 -7.045548072363482461e+00 -1.035118055708305462e+01 -3.944414965647080606e+00
1.301368557639925649e+00 1.460507392467413410e+03 -5.687955324809569113e+00 -7.045548072363482461e+00 -1.035118055708305462e+01 -3.944414965647080606e+00
1.300351374729631582e+00 1.438423110730589315e+03 -5.524633676138313021e+00 -7.013742229770235426e+00 -9.690610273526935714e+00 -3.774883994753649219e+00
1.300501301490902595e+00 1.521741043660121704e+03 -5.653252989545697105e+00 -7.163012085037947507e+00 -1.063670767754975799e+01 -4.044203046152880177e+00
1.301035259378867659e+00 1.467537315672922887e+03 -5.353479006168290866e+00 -7.011040800953107777e+00 -1.051150690053046510e+01 -3.898811312851353961e+00
1.302563222097328000e+00 1.465352939217387075e+03 -5.730496534159915889e+00 -7.319183511015839194e+00 -1.056283602146417522e+01 -4.006283516023795954e+00
1.302563222097328000e+00 1.465352939217387075e+03 -5.730496534159915889e+00 -7.319183511015839194e+00 -1.056283602146417522e+01 -4.006283516023795954e+00
1.301665253984985560e+00 1.497794635208812906e+03 -5.654973428552222181e+00 -7.098971312539124057e+00 -1.165460462384493567e+01 -4.076068343142858375e+00
1.301882108048041164e+00 1.444868938186864625e+03 -5.538213088406411799e+00 -7.112383828982598466e+00 -1.095836801496185942e+01 -3.880264511414877049e+00
1.302521759381216837e+00 1.462424863995856185e+03 -5.536868530259621224e+00 -7.002065134372790212e+00 -1.122296259386408046e+01 -3.987031710821403507e+00
1.302521759381216837e+00 1.462424863995856185e+03 -5.536868530259621224e+00 -7.002065134372790212e+00 -1.122296259386408046e+01 -3.987031710821403507e+00
1.302902605309079309e+00 1.418703860373276257e+03 -5.401842069610583330e+00 -7.226107509293184350e+00 -1.105834820656394513e+01 -3.892517306533658683e+00
1.302247594278607146e+00 1.411883452637495338e+03 -5.412385845175295529e+00 -7.071912545611493961e+00 -1.133279198898911844e+01 -3.849055275273201460e+00
1.304426910064214962e+00 1.408893070661106321e+03 -5.811041169607699786e+00 -7.355226512644430947e+00 -1.066108937478342433e+01 -3.985697632606896690e+00
1.303146656453395114e+00 1.391394298717875245e+03 -5.787241438626407941e+00 -7.075182122029055165e+00 -9.913416803721736059e+00 -3.794375095124655317e+00
1.299736409092336897e+00 1.508333177393109963e+03 -5.558063408029156882e+00 -7.040648964808961630e+00 -1.005848092752266076e+01 -3.969186468038481408e+00
1.305829026766205159e+00 1.409269822907290745e+03 -5.885551889516604795e+00 -7.457065857419900468e+00 -1.192421730005398395e+01 -4.055436937166601474e+00
1.301169561604074154e+00 1.427943739434863801e+03 -5.697405895334998860e+00 -6.925409872966439728e+00 -1.003102614773502843e+01 -3.813431197285675367e+00
1.301604063834692626e+00 1.471477696691088568e+03 -5.709609830011433296e+00 -7.034573221853865910e+00 -1.135732016730109528e+01 -3.943651559428511533e+00
1.302344928000148006e+00 1.457041125482978941e+03 -5.471876741830217661e+00 -7.194332267900776401e+00 -1.064279222471790121e+01 -3.993851266235928676e+00
1.302344928000148006e+00 1.457041125482978941e+03 -5.471876741830217661e+00 -7.194332267900776401e+00 -1.064279222471790121e+01 -3.993851266235928676e+00
1.303291499030086564e+00 1.465542724678605509e+03 -5.912995301810223481e+00 -7.504695824286173433e+00 -1.060806136740347583e+01 -4.081564962292715926e+00
1.302516849129944143e+00 1.440663904270293187e+03 -5.660743900389317851e+00 -7.005636497899677018e+00 -1.018856871874157655e+01 -3.903511285309093637e+00
1.303022446102158671e+00 1.376723523350472988e+03 -5.437029655385622107e+00 -7.027840642185387843e+00 -9.951327712616572896e+00 -3.743450946481996056e+00
1.304154589732638536e+00 1.404714831347462450e+03 -5.571680834763490964e+00 -7.299281935719185377e+00 -1.160562244952560285e+01 -3.918317114226777420e+00
1.304154589732638536e+00 1.404714831347462450e+03 -5.571680834763490964e+00 -7.299281935719185377e+00 -1.160562244952560285e+01 -3.918317114226777420e+00
1.302686644020101259e+00 1.427212471998201408e+03 -5.450035287127827921e+00 -7.224110365770372688e+00 -1.024591390077940645e+01 -3.924562874180162808e+00
1.300738403860306702e+00 1.464080406430031871e+03 -5.606239495118419569e+00 -6.839822205532178678e+00 -1.074915597165770542e+01 -3.889328174878718514e+00
1.302054029849272876e+00 1.424253228629312844e+03 -5.536234529787938285e+00 -7.064204596229459732e+00 -1.091086231883676128e+01 -3.860826437366757347e+00
1.303940840527845646e+00 1.350218406877001598e+03 -5.388152201224334803e+00 -6.912408579126398500e+00 -1.093388577674426365e+01 -3.747258437420574850e+00
1.301424154707406355e+00 1.505510907516638781e+03 -5.707468179687329446e+00 -7.313492217619934621e+00 -1.079842333507075836e+01 -4.057923909763342607e+00
1.303983229991111159e+00 1.440271300973428652e+03 -5.969466064307345832e+00 -7.319019559282083698e+00 -1.042313615853705677e+01 -4.041951375707707683e+00
1.303983229991111159e+00 1.440271300973428652e+03 -5.969466064307345832e+00 -7.319019559282083698e+00 -1.042313615853705677e+01 -4.041951375707707683e+00
1.305131385565411639e+00 1.441839906641569087e+03 -5.994924029473384763e+00 -7.434811619693969753e+00 -1.176322588304961414e+01 -4.127891288298943806e+00
1.303070957897842774e+00 1.468809713561020544e+03 -5.870563950671339626e+00 -7.263822843842936194e+00 -1.059617429598204197e+01 -4.089499665296526310e+00
1.302733350992308026e+00 1.502335296161573979e+03 -5.891252935167038629e+00 -7.514038281119561624e+00 -1.065235289664114937e+01 -4.151729837141781232e+00
1.304557985909969187e+00 1.392824360894675465e+03 -5.822085031267187460e+00 -7.190811400245633145e+00 -1.040822286196712909e+01 -3.949353398882056609e+00
1.301907170094092958e+00 1.470006600828997989e+03 -5.687524358001828872e+00 -7.300178951817035689e+00 -1.135288627770178316e+01 -3.967788077123175938e+00
1.303823534754427138e+00 1.490996657013316053e+03 -5.904204431144529863e+00 -7.375120463268788562e+00 -1.092712735111413203e+01 -4.154223830874790302e+00
1.302164430056603095e+00 1.383904067320925378e+03 -5.569193750265252874e+00 -6.951594250354641957e+00 -9.670084101352554029e+00 -3.736493268728393602e+00
1.301193979712659488e+00 1.463479415280137346e+03 -5.425506236746212352e+00 -6.947398416284300104e+00 -1.085052113829310727e+01 -3.909186509661070730e+00
1.301193979712659488e+00 1.463479415280137346e+03 -5.425506236746212352e+00 -6.947398416284300104e+00 -1.085052113829310727e+01 -3.909186509661070730e+00
1.301712775207659822e+00 1.463671322127807343e+03 -5.325978133780561841e+00 -7.106126845975261119e+00 -1.127807125742013206e+01 -3.958198781337289418e+00
1.302525698205200477e+00 1.437814310742080806e+03 -5.526417326346087400e+00 -6.959077297644262750e+00 -1.006457962778569026e+01 -3.927885225438576100e+00
1.304035308082288847e+00 1.450502877669134477e+03 -5.746478521054678268e+00 -7.205962082853156758e+00 -1.095349856480711459e+01 -4.046732762029243702e+00
1.303106715604870791e+00 1.492154571731551641e+03 -5.841025632058290284e+00 -7.430861822121551441e+00 -1.151471360841444991e+01 -4.134447469367534822e+00
1.303755955898127761e+00 1.387944909306378804e+03 -5.502476257927200187e+00 -7.088051159799753087e+00 -1.129601840925619882e+01 -3.843553544501412844e+00
1.305506411167883130e+00 1.423756986771669290e+03 -5.940407424518260981e+00 -7.275812960838344168e+00 -1.155948969675172044e+01 -4.088263678302059390e+00
1.301908682521124572e+00 1.467599858042105097e+03 -5.733018597294053720e+00 -6.921281153684375909e+00 -1.027999257423456569e+01 -3.968411690666322045e+00
1.301908682521124572e+00 1.467599858042105097e+03 -5.733018597294053720e+00 -6.921281153684375909e+00 -1.027999257423456569e+01 -3.968411690666322045e+00
1.305756451981343158e+00 1.397889313533445147e+03 -5.705713588819065762e+00 -7.300087667421331972e+00 -1.099006132935447333e+01 -4.042965999484853690e+00
1.304060379235741918e+00 1.365304391281896642e+03 -5.366008311531913932e+00 -7.067426162911353948e+00 -1.113550156759465359e+01 -3.817600618899481546e+00
1.302617476643716410e+00 1.415835862253980395e+03 -5.467789425901575129e+00 -7.035687352003934691e+00 -1.085537942701173009e+01 -3.835278935917978416e+00
1.301678094830047261e+00 1.458987052286065364e+03 -5.626347039853071941e+00 -6.928898986719735476e+00 -1.054420536884858173e+01 -3.904622637737251267e+00
1.302186903474796598e+00 1.489083957200649138e+03 -5.986164015200979627e+00 -7.391388917294315242e+00 -9.932515587972797988e+00 -4.056593780581297715e+00
1.301706381934229606e+00 1.421656241841660631e+03 -5.402285012264505859e+00 -7.139958623501334145e+00 -1.063436319235833061e+01 -3.817512910782758340e+00
1.301706381934229606e+00 1.421656241841660631e+03 -5.402285012264505859e+00 -7.139958623501334145e+00 -1.063436319235833061e+01 -3.817512910782758340e+00
1.304129506648044501e+00 1.353619158085034314e+03 -5.482152403629195092e+00 -7.112821484884110923e+00 -1.047052902989279310e+01 -3.756681298437714034e+00
1.302798520448610109e+00 1.503382927365946443e+03 -5.802287031882288559e+00 -7.551922399756415771e+00 -1.112499614734537978e+01 -4.138147041700684703e+00
1.304742885932951513e+00 1.419588379445021019e+03 -5.907280117772684136e+00 -7.466413649891049609e+00 -1.109241539193539339e+01 -4.032103068858017281e+00
1.304650484924463560e+00 1.419565503875650847e+03 -5.728329311176964644e+00 -7.165882034488393337e+00 -1.100773659681697048e+01 -4.023474670837922318e+00
1.305523463971924869e+00 1.433334273052517119e+03 -5.896896652947280160e+00 -7.334657769970806207e+00 -1.112061029598032214e+01 -4.113667655474184670e+00
1.301739410631028049e+00 1.462249760889094432e+03 -5.708497021450998687e+00 -7.257309556437187226e+00 -1.041951044755306022e+01 -3.962358669614763684e+00
1.302256515233104928e+00 1.493925479284676840e+03 -5.746886285495748758e+00 -7.054265593931203782e+00 -1.057622525736861974e+01 -4.044883867048604920e+00
1.303826436172815573e+00 1.416910084632537291e+03 -5.492399951375662503e+00 -7.380218145206550062e+00 -1.178088791225136589e+01 -3.948982556412078182e+00
1.303648621388684425e+00 1.446330269732784473e+03 -5.634292674038947624e+00 -7.377440142756945818e+00 -1.127643925021256877e+01 -4.026607424167675475e+00
1.303648621388684425e+00 1.446330269732784473e+03 -5.634292674038947624e+00 -7.377440142756945818e+00 -1.127643925021256877e+01 -4.026607424167675475e+00
1.304209026392569415e+00 1.462907163490204539e+03 -5.847106291276530143e+00 -7.462677538808600630e+00 -1.160940330452684677e+01 -4.109328384747949592e+00
1.304209026392569415e+00 1.462907163490204539e+03 -5.847106291276530143e+00 -7.462677538808600630e+00 -1.160940330452684677e+01 -4.109328384747949592e+00
1.303860394508335574e+00 1.438166865371178574e+03 -5.834386542647971297e+00 -7.294711552986878011e+00 -1.178263581120870107e+01 -4.028055586471046112e+00
1.302799004336838040e+00 1.462682586697288116e+03 -5.691367124355107165e+00 -7.235123219386369264e+00 -1.072393199626427140e+01 -4.059869679257864128e+00
1.304118579475088247e+00 1.424458126333089922e+03 -5.641614044500273373e+00 -7.284862230923027759e+00 -1.113934875515944434e+01 -3.975241917241421064e+00
1.304118579475088247e+00 1.424458126333089922e+03 -5.641614044500273373e+00 -7.284862230923027759e+00 -1.113934875515944434e+01 -3.975241917241421064e+00
1.301582298655261649e+00 1.451895519095224245e+03 -5.614176406841876243e+00 -6.998396897737584332e+00 -1.071168636595427337e+01 -3.905691691267234589e+00
1.304319223202807798e+00 1.409161793136786400e+03 -5.625862269499553925e+00 -7.560250635221260396e+00 -1.055010147372057006e+01 -3.959507604083039922e+00
1.300800030453056255e+00 1.460169863489655199e+03 -5.500737459610462565e+00 -6.779526175596712001e+00 -1.008898942331439841e+01 -3.887418171590722338e+00
1.301419448385724209e+00 1.454311087651175058e+03 -5.586130014311106784e+00 -7.341281196367635431e+00 -1.002059762841849810e+01 -3.905505886975095819e+00
1.301188785628400346e+00 1.434679609083236301e+03 -5.636142761146444968e+00 -6.901342900914665179e+00 -9.715256925031509283e+00 -3.839054875229392039e+00
1.303125317913914394e+00 1.394328003109799056e+03 -5.402381808641850469e+00 -6.904544959745248178e+00 -1.084227847642137910e+01 -3.824556562661953762e+00
1.303125317913914394e+00 1.394328003109799056e+03 -5.402381808641850469e+00 -6.904544959745248178e+00 -1.084227847642137910e+01 -3.824556562661953762e+00
1.305707720487246482e+00 1.414879995618467547e+03 -5.819748002955416943e+00 -7.489359985389269170e+00 -1.118213695713265032e+01 -4.057092943180974132e+00
1.304937448594914340e+00 1.402489238994960942e+03 -5.657357066593244888e+00 -7.436915515485306827e+00 -1.086045150037529616e+01 -3.995844254742774382e+00
1.302118753038626231e+00 1.459349193862859693e+03 -5.629165112173337704e+00 -7.107667419637659911e+00 -1.191869364339672543e+01 -3.949168758868161433e+00
1.302410618524789010e+00 1.455650112011032206e+03 -5.692311556941243467e+00 -7.146841698726522196e+00 -1.144473334898480488e+01 -3.986553218567111756e+00
1.300079794097693364e+00 1.520725144547880973e+03 -5.749302917618576814e+00 -7.253850241685195321e+00 -1.034619013801601639e+01 -4.003438980429385730e+00
1.299738193699728983e+00 1.447507979549264746e+03 -5.379140494282700580e+00 -6.791671851689375039e+00 -9.825021865391626363e+00 -3.747573685613446060e+00
1.305524868945959760e+00 1.429062286161162774e+03 -5.926888944476607968e+00 -7.322315099435675378e+00 -1.078144874806794284e+01 -4.103324919288763084e+00
1.303804808839065688e+00 1.409241781169032492e+03 -5.569196124923211144e+00 -6.980185815174746899e+00 -1.154873308989437319e+01 -3.902702866283433991e+00
1.303487937459982815e+00 1.414239064161485203e+03 -5.679013654663419786e+00 -7.109350625782150601e+00 -1.085227615083132058e+01 -3.928375719832235546e+00
1.303487937459982815e+00 1.414239064161485203e+03 -5.679013654663419786e+00 -7.109350625782150601e+00 -1.085227615083132058e+01 -3.928375719832235546e+00
1.304892480139174360e+00 1.423501217699799781e+03 -5.790168489318317846e+00 -7.244304907050150177e+00 -1.075704877357745204e+01 -4.062148711742173290e+00
1.304892480139174360e+00 1.423501217699799781e+03 -5.790168489318317846e+00 -7.244304907050150177e+00 -1.075704877357745204e+01 -4.062148711742173290e+00
1.304667831339204831e+00 1.455188689900064901e+03 -6.023285497064693850e+00 -7.352572586466390447e+00 -1.081775587707527819e+01 -4.134340742398293855e+00
1.301428587339995113e+00 1.495822620992771590e+03 -5.840972768354345313e+00 -7.237740002901878356e+00 -1.030028949482704803e+01 -4.008512687851426115e+00
1.305583209087093799e+00 1.387925656766178236e+03 -5.732556913282323308e+00 -7.173827230355023232e+00 -1.192079022154025836e+01 -3.999051744540299325e+00
1.303266746780093799e+00 1.378944319269474818e+03 -5.554572478036233107e+00 -7.288531428849956306e+00 -1.005469040685905924e+01 -3.780772711075062631e+00
1.304005947336548177e+00 1.432515533872597416e+03 -5.808059051350681123e+00 -7.521067425482624635e+00 -1.036916760926740899e+01 -3.995495375662278192e+00
1.301429653391211527e+00 1.460639222355117681e+03 -5.450100277603478816e+00 -7.014878037737265259e+00 -1.095958749205081340e+01 -3.899040964469618231e+00
1.301429653391211527e+00 1.460639222355117681e+03 -5.450100277603478816e+00 -7.014878037737265259e+00 -1.095958749205081340e+01 -3.899040964469618231e+00
1.304463119206877408e+00 1.389120665679164631e+03 -5.674928870218839627e+00 -7.262860777648180388e+00 -1.198420418947762300e+01 -3.912501724966070071e+00
1.301121278177695295e+00 1.532443644799330514e+03 -5.922910557404034826e+00 -7.143170400673418463e+00 -1.054622794521437967e+01 -4.106904835471958393e+00
1.304809098836451353e+00 1.414602371629581739e+03 -5.737849542483447252e+00 -7.176509960183770964e+00 -1.101737613686914763e+01 -3.987628426674209692e+00
1.304809098836451353e+00 1.414602371629581739e+03 -5.737849542483447252e+00 -7.176509960183770964e+00 -1.101737613686914763e+01 -3.987628426674209692e+00
1.300865345561701414e+00 1.453620892956417265e+03 -5.290139232002928793e+00 -6.798273584795009761e+00 -1.176440046997451283e+01 -3.856079338668603640e+00
1.299440798749312398e+00 1.481024931210887871e+03 -5.337141621354895449e+00 -6.966547604648539505e+00 -1.037859401497840217e+01 -3.836147022448127331e+00
1.301451365575897468e+00 1.420848302671199235e+03 -5.333440599078979716e+00 -7.113581179490270578e+00 -1.089779704491260226e+01 -3.791322706463798653e+00
1.303151836437582922e+00 1.441323584188575751e+03 -5.865777629243364544e+00 -7.361250076791588270e+00 -1.001740437026026243e+01 -3.983870596896540661e+00
1.301864169125432236e+00 1.398695605174280900e+03 -5.479094047522924171e+00 -7.155678132330444363e+00 -9.960269154742306341e+00 -3.737884410242777733e+00
1.301030634578368650e+00 1.456080828783506377e+03 -5.714455398133538644e+00 -7.219236435238574501e+00 -9.785787782219836473e+00 -3.867725364328469695e+00
1.304221349489769866e+00 1.412854902903433867e+03 -5.557224902350092144e+00 -7.360031018456013818e+00 -1.156131638456592547e+01 -3.987191875862855284e+00
1.304221349489769866e+00 1.412854902903433867e+03 -5.557224902350092144e+00 -7.360031018456013818e+00 -1.156131638456592547e+01 -3.987191875862855284e+00
1.303815923891934014e+00 1.416648985044597111e+03 -5.464903989574281695e+00 -7.101233763648112429e+00 -1.177442602382147463e+01 -3.978373898566205824e+00
1.305468433724798816e+00 1.413010129251804983e+03 -5.834325593172316360e+00 -7.345925125527923427e+00 -1.064961804322097372e+01 -4.039709575663042784e+00
1.300696008917440416e+00 1.504789061770919716e+03 -5.820291415274288838e+00 -7.105795799797265389e+00 -1.026486534317856325e+01 -3.983592910104652773e+00
1.300696008917440416e+00 1.504789061770919716e+03 -5.820291415274288838e+00 -7.105795799797265389e+00 -1.026486534317856325e+01 -3.983592910104652773e+00
1.300948006111085409e+00 1.473733611897990386e+03 -5.410762219227644998e+00 -6.979866891464815204e+00 -1.039680182692114130e+01 -3.930513300714313374e+00
1.305079037142775844e+00 1.343849053196509431e+03 -5.511907574067388182e+00 -7.012492407118906534e+00 -1.025121738665133186e+01 -3.808627992729203271e+00
1.300762283439921507e+00 1.458807389695035681e+03 -5.473574080039124823e+00 -6.898762324151486602e+00 -1.085888338406696718e+01 -3.895097559873407889e+00
1.301512469390180060e+00 1.397917013848965325e+03 -5.283353892539659924e+00 -6.864419885315435010e+00 -1.031313437911162545e+01 -3.756910847754697969e+00
1.305007666811729861e+00 1.430318645116867856e+03 -5.670800125975850037e+00 -7.538441332063647415e+00 -1.100768303306190532e+01 -4.057696519256810852e+00
1.304812517428752150e+00 1.456482059721323367e+03 -5.913670503938632805e+00 -7.636241254689633884e+00 -1.098139618852699506e+01 -4.135088481640559088e+00
1.302739116693799826e+00 1.448563955201393128e+03 -5.416042667882270401e+00 -7.235434918698275375e+00 -1.158735912282150338e+01 -3.987893871379107225e+00
1.302064670955481951e+00 1.460945579019483603e+03 -5.680297768686140003e+00 -7.387216928702097896e+00 -1.006076596767675113e+01 -3.977011203565608000e+00
1.303668005618179748e+00 1.471450546075718421e+03 -5.806244372303977386e+00 -7.133805479508137815e+00 -1.148279135401278239e+01 -4.114995631060491377e+00
1.304124458697229372e+00 1.402975317454989636e+03 -5.637630477325233258e+00 -7.389897858365662486e+00 -1.035745120199709568e+01 -3.958334328826275339e+00
1.302710410153431697e+00 1.474809865084717558e+03 -5.684015341177275360e+00 -7.456327910277599003e+00 -1.179276836754864100e+01 -4.051302741058497858e+00
1.301453182857629898e+00 1.478074064973735176e+03 -5.404526553074490813e+00 -7.209877789981530505e+00 -1.099900824402700472e+01 -3.966868024416987382e+00
1.303253860105205497e+00 1.400178997848540803e+03 -5.405541392883603358e+00 -7.207072845122556082e+00 -1.090107547794886145e+01 -3.854663849255342001e+00
1.303253860105205497e+00 1.400178997848540803e+03 -5.405541392883603358e+00 -7.207072845122556082e+00 -1.090107547794886145e+01 -3.854663849255342001e+00
1.302236790412812040e+00 1.430505888054562774e+03 -5.620819177608586514e+00 -7.050366009166520342e+00 -1.094878129819820956e+01 -3.867741666232562991e+00
1.303590750972745349e+00 1.422255319703792338e+03 -5.847334537264628374e+00 -7.181809600407525807e+00 -9.939191186162148028e+00 -3.959615727091080117e+00
1.303894061367158574e+00 1.439468553767120056e+03 -5.906814084070822091e+00 -7.165104718227591540e+00 -1.037443957023526941e+01 -3.998554956118832493e+00
1.301694987351874611e+00 1.484859120080893035e+03 -5.785986831440824929e+00 -7.005814636313799859e+00 -1.069422174636794054e+01 -3.991544636646018773e+00
1.303530169540132677e+00 1.387082923537515398e+03 -5.395087054597802911e+00 -6.962222430709346987e+00 -1.136542060664931242e+01 -3.848874738932803297e+00
1.300995799970857458e+00 1.473017517127834481e+03 -5.700316874697304748e+00 -6.944654131119078144e+00 -1.014550012697500492e+01 -3.960876431380246032e+00
1.300215236876912428e+00 1.457123142138579851e+03 -5.391647710250422776e+00 -6.889039555632535006e+00 -1.030738226802666091e+01 -3.863198874655109805e+00
1.303439688677055175e+00 1.460520761753910620e+03 -5.677311524204252891e+00 -7.432461137721990241e+00 -1.119724433394211971e+01 -4.039776415492028150e+00
1.303439688677055175e+00 1.460520761753910620e+03 -5.677311524204252891e+00 -7.432461137721990241e+00 -1.119724433394211971e+01 -4.039776415492028150e+00
1.301097232895669809e+00 1.431069610324682571e+03 -5.319469494280224531e+00 -7.106906940476235945e+00 -1.058175125288341079e+01 -3.811384829215242576e+00
1.301467505382751577e+00 1.416832734027056176e+03 -5.344252610579063756e+00 -6.833377290714850005e+00 -1.009462665904160161e+01 -3.812474738169328248e+00
1.303175057526936520e+00 1.369109251811818012e+03 -5.270352563271157642e+00 -6.809607328853806152e+00 -1.048193228792632681e+01 -3.742230213621711599e+00
1.300956716458140150e+00 1.499876894739622912e+03 -5.543046041062275719e+00 -7.058319493101876674e+00 -1.107116902267538094e+01 -4.002234777241667096e+00
1.302613671387816918e+00 1.467605435541453289e+03 -5.690982440909120754e+00 -7.127712565390307731e+00 -1.091317210172065622e+01 -4.004139968373366720e+00
1.302613671387816918e+00 1.467605435541453289e+03 -5.690982440909120754e+00 -7.127712565390307731e+00 -1.091317210172065622e+01 -4.004139968373366720e+00
1.303179829751847096e+00 1.433728528111911828e+03 -5.518801263320042949e+00 -7.170761375876895549e+00 -1.064800356912824419e+01 -3.932942818055144230e+00
1.303179829751847096e+00 1.433728528111911828e+03 -5.518801263320042949e+00 -7.170761375876895549e+00 -1.064800356912824419e+01 -3.932942818055144230e+00
1.305608716441257755e+00 1.351420285090703146e+03 -5.515049525493524563e+00 -7.129851161410120319e+00 -1.080721397770608405e+01 -3.853502887179400815e+00
1.301621706030831493e+00 1.513056516923157233e+03 -5.655686431235734446e+00 -7.149989614275731320e+00 -1.124470692657359194e+01 -4.071118832297189627e+00
