R_p_ref | T | log_H2O
1.315756603656899504e+00 1.196992251562502815e+03 -4.137500851244869438e+00
1.315719266622874084e+00 1.409949124287302766e+03 -4.709889602283032772e+00
1.311688280452569799e+00 1.479933636643550017e+03 -4.584017839626739921e+00
1.314816680065164611e+00 1.243827297711791971e+03 -4.261059306307838135e+00
1.319749318283469197e+00 1.186635905439675753e+03 -4.439743003706721147e+00
1.312493322002043161e+00 1.429683067336780141e+03 -4.510171820673154919e+00
1.310391889513504937e+00 1.546096397946763773e+03 -4.717611630049636240e+00
1.309880983957599998e+00 1.564620998288005694e+03 -4.756578794778401509e+00
1.317331312251596609e+00 1.250011714842500623e+03 -4.355121829056320948e+00
1.312533037721513418e+00 1.356021468043135201e+03 -4.387768763394277016e+00
1.316871206032666830e+00 1.241294824263502960e+03 -4.511363965647028351e+00
1.311672840103220050e+00 1.556369896318804422e+03 -4.944086448563728808e+00
1.319476297008337351e+00 1.160612384384480720e+03 -4.375804461619044794e+00
1.318255414204149822e+00 1.170248758017057753e+03 -4.340360659752781736e+00
1.315394380305761501e+00 1.288412537727470408e+03 -4.537914011242138557e+00
1.312141896205344160e+00 1.467697038362291551e+03 -4.790001743728782735e+00
1.317491202706490672e+00 1.174188177251054867e+03 -4.253964479948229460e+00
1.311146686213436441e+00 1.445521692164917113e+03 -4.579345380901497009e+00
1.313043164062966728e+00 1.476511144220864480e+03 -4.692718999138296709e+00
1.312208216571115971e+00 1.541510942756470286e+03 -4.946394680917068243e+00
1.314258639002253259e+00 1.485641372006108440e+03 -4.945054143755362119e+00
1.311895097319328851e+00 1.510345048959446103e+03 -4.867378990018789153e+00
1.313491217080508866e+00 1.341830296261361582e+03 -4.510842108532677308e+00
1.310318500381685514e+00 1.540399908554798003e+03 -4.755945288505730062e+00
1.316533542345344587e+00 1.201310179401805044e+03 -4.214667982237885191e+00
1.313879392442572236e+00 1.327255024923352266e+03 -4.352586242440135145e+00
1.313728016759939443e+00 1.506312165507827785e+03 -4.921375284819946572e+00
1.318261239426468778e+00 1.269543683035341473e+03 -4.660902559485402108e+00
1.316403325071599406e+00 1.262132140023358261e+03 -4.528045630756104778e+00
1.315917256360910503e+00 1.326836053448690109e+03 -4.710709738262176316e+00
1.318250605606753334e+00 1.277381463393813874e+03 -4.662310749490720774e+00
1.316940445496473711e+00 1.356607873771524282e+03 -4.734187783197263855e+00
1.314797600283375223e+00 1.311966640622697014e+03 -4.546837914349827869e+00
1.317757933061225017e+00 1.276184230670884517e+03 -4.521045273491218097e+00
1.317079872536396135e+00 1.329690530930027762e+03 -4.628192681371714023e+00
1.314836846677558624e+00 1.337835545419065056e+03 -4.429720372113951754e+00
1.314502968442457398e+00 1.281869399237619291e+03 -4.358367785530137262e+00
1.315188009521977675e+00 1.439180810147186321e+03 -4.808635554422756364e+00
1.311179911950647092e+00 1.541939231370784228e+03 -4.857987191234926172e+00
1.316625635999094657e+00 1.225260060968380913e+03 -4.395462130337501883e+00
1.310597293822888032e+00 1.539446277730269458e+03 -4.758937745686780296e+00
1.312323746359897125e+00 1.517095983239451243e+03 -4.775468615940727801e+00
1.315560474960623782e+00 1.430011985937115469e+03 -4.871915543485654254e+00
1.314867318820261755e+00 1.273799524191749242e+03 -4.372654977867148851e+00
1.312934293472310276e+00 1.351306072747848248e+03 -4.410920364395986226e+00
1.315809342620739120e+00 1.398074373632282914e+03 -4.866229660904776821e+00
1.313930567821576245e+00 1.463176360234578397e+03 -4.899380578041610868e+00
1.315487595374541518e+00 1.346543332749522051e+03 -4.730265092793334958e+00
1.318280860880853611e+00 1.265879051952672398e+03 -4.607973234934524598e+00
1.314289203737649014e+00 1.371425029120512590e+03 -4.699267160624034823e+00
1.317757263521659672e+00 1.198555716883105106e+03 -4.280006520873276266e+00
1.318234195772535200e+00 1.230695938012567240e+03 -4.547188884186673441e+00
1.313280238916555431e+00 1.506422794647942510e+03 -4.922449808448198461e+00
1.318019979654316165e+00 1.269484589175895962e+03 -4.645795097837432053e+00
1.313867600602976804e+00 1.392184133657153779e+03 -4.515515977123413016e+00
1.311074285433900588e+00 1.525279339804490291e+03 -4.734499975962593865e+00
1.311303522200490068e+00 1.491160562191018016e+03 -4.739061362699126256e+00
1.315008810842714260e+00 1.453038448603518191e+03 -4.876915597963951576e+00
1.310999950589219143e+00 1.482638346507033020e+03 -4.651672654177979815e+00
1.318171900794657070e+00 1.240342180304150133e+03 -4.571204789283513037e+00
1.318549076198149983e+00 1.224167956614423929e+03 -4.454708451641079314e+00
1.313793556796394091e+00 1.334642154258209302e+03 -4.368692529910584099e+00
1.318178810923479993e+00 1.241469878567951582e+03 -4.459711303598670185e+00
1.318393997534932360e+00 1.243058908298740107e+03 -4.506634426682604833e+00
1.312038752716372825e+00 1.467255568809259330e+03 -4.754736354088450412e+00
1.315852162641023337e+00 1.267198046267588325e+03 -4.477384132747628698e+00
1.311256690165926830e+00 1.549025567511769850e+03 -4.849873170023711211e+00
1.317396204853212183e+00 1.206532454466554100e+03 -4.379983664479691896e+00
1.316014840600807867e+00 1.341928615768774307e+03 -4.548261880750786190e+00
1.312313764098823166e+00 1.497563829165677362e+03 -4.852481051118678224e+00
1.318164373136173406e+00 1.266067606147384367e+03 -4.595013048413234102e+00
1.315035930895651850e+00 1.292501753781541083e+03 -4.331024984267340727e+00
1.312426410397917964e+00 1.529086622946565285e+03 -4.904164846538623834e+00
1.311458179516594491e+00 1.453568794828581076e+03 -4.573140166271465468e+00
1.316274942051522290e+00 1.260776320978369313e+03 -4.493419760919874051e+00
1.317989545208647639e+00 1.211050972716323258e+03 -4.450204406070414009e+00
1.316436562037188063e+00 1.358525213877514489e+03 -4.798178127910393442e+00
1.316921909064102669e+00 1.218101639199214333e+03 -4.374659354162099056e+00
1.315770959834706266e+00 1.243817407893982136e+03 -4.336162567675485136e+00
1.318326780794158992e+00 1.190504787073676425e+03 -4.353963816925217500e+00
1.316752309216485228e+00 1.259982968585823528e+03 -4.536543308270823971e+00
1.313482220541085876e+00 1.336871610848096680e+03 -4.398286291606629206e+00
1.316132309654743704e+00 1.363456458502027544e+03 -4.797265897453981687e+00
1.318330374643760905e+00 1.230239926352383009e+03 -4.528363161516393731e+00
1.311282082856698006e+00 1.542413000370818054e+03 -4.841123957459286586e+00
1.312856584259132209e+00 1.437776418128139085e+03 -4.752897265412520333e+00
1.315622099039444270e+00 1.378116838134491445e+03 -4.639224975417116426e+00
1.316630411464794648e+00 1.315534143249907629e+03 -4.539109349919779213e+00
1.316782661444407143e+00 1.256057218957218083e+03 -4.364467381793751599e+00
1.311359254469336877e+00 1.461599122186330533e+03 -4.612809730806535669e+00
1.316141562356419437e+00 1.325225222701661096e+03 -4.519230900939267492e+00
1.315334883206863648e+00 1.369911015565612161e+03 -4.772778891452234440e+00
1.312635620152861726e+00 1.444792152216250315e+03 -4.584885648467964536e+00
1.313550184047333813e+00 1.500299960834345256e+03 -4.875083749422881141e+00
1.313292610754497325e+00 1.411856972805878286e+03 -4.719769021308529489e+00
1.315331248642994000e+00 1.431352442668049434e+03 -4.857018332066358468e+00
1.317981241706631002e+00 1.194215359591476954e+03 -4.315648606810428056e+00
1.311913653533651081e+00 1.474551926748311416e+03 -4.627296044340567960e+00
1.317456249275554381e+00 1.280399070973677681e+03 -4.513113423439389926e+00
1.312587794577301015e+00 1.475994398574953493e+03 -4.682974499827623482e+00
1.314213181142410258e+00 1.307613758169034554e+03 -4.418634232586082788e+00
1.314258473933107130e+00 1.471325059435109324e+03 -4.837353904316858966e+00
1.314960704358794308e+00 1.381185473625077066e+03 -4.774398473002832155e+00
1.315061577448155328e+00 1.310154332009291466e+03 -4.550728234913279380e+00
1.315313083964920304e+00 1.394624760199409366e+03 -4.656736427074880780e+00
1.317760119784527673e+00 1.221694515877142294e+03 -4.463482540015925260e+00
1.317903605903629760e+00 1.217297605758859845e+03 -4.457987932659502661e+00
1.311644954343270664e+00 1.522120671478822942e+03 -4.834351200692338146e+00
1.311941977742708820e+00 1.529362545250442736e+03 -4.809428085548907106e+00
1.315008649566877796e+00 1.414403807060054078e+03 -4.849778240274531527e+00
1.317638681954464763e+00 1.244763561642656896e+03 -4.410831474210353598e+00
1.313451935432236040e+00 1.340569169363671563e+03 -4.444113606222154900e+00
1.311500498464777564e+00 1.488849460707507205e+03 -4.736915569280897742e+00
1.317744264456188308e+00 1.201528484475021742e+03 -4.320938121572478252e+00
1.318349094239433361e+00 1.220958144621135489e+03 -4.467015110586411986e+00
1.313854631775012827e+00 1.383013486932360593e+03 -4.680860761531148384e+00
1.317363599402694874e+00 1.220077464074425279e+03 -4.420310015938814452e+00
1.315421640717905349e+00 1.382888917246156097e+03 -4.803795079567710680e+00
1.315477636550550944e+00 1.381977278519508673e+03 -4.804600039947574786e+00
1.316481062300125515e+00 1.252189067499676639e+03 -4.329221836305197968e+00
1.313582718154529871e+00 1.440957075454815595e+03 -4.648463759689429153e+00
1.316515213659308126e+00 1.366746639191213035e+03 -4.758102615449979922e+00
1.317198484263663483e+00 1.224676774845632508e+03 -4.313149402508669183e+00
1.314976158756782532e+00 1.439551726368874597e+03 -4.812549153828452830e+00
1.316233831765268869e+00 1.310550713206404907e+03 -4.658764901801915492e+00
1.313617615258908744e+00 1.345451924818813950e+03 -4.507649068530597880e+00
1.312758325632378487e+00 1.466395493894158108e+03 -4.670011237635982582e+00
1.314231658745553588e+00 1.453837700038347975e+03 -4.752657745529474731e+00
1.312737193616823950e+00 1.445500342735879485e+03 -4.611096159671792094e+00
1.318249295710478997e+00 1.218554499972895883e+03 -4.460747384882900235e+00
1.312589577257210927e+00 1.477372786294829666e+03 -4.820607853451487124e+00
1.311623907600026007e+00 1.526080302727542403e+03 -4.825452869619153873e+00
1.316052624775325475e+00 1.393188468233529647e+03 -4.780556851102501170e+00
1.313428616718611774e+00 1.441231264221530864e+03 -4.637620569842898277e+00
1.317089508493862526e+00 1.292632949285394716e+03 -4.512326034620456561e+00
1.313115367325246474e+00 1.396266760848617650e+03 -4.646969572963392636e+00
1.316463874439407267e+00 1.366205661525275218e+03 -4.781949445110971197e+00
1.317404762626463333e+00 1.235641389786102991e+03 -4.375278605578995617e+00
1.315426761112326703e+00 1.321041681724760565e+03 -4.623608905225701449e+00
1.315480456029667122e+00 1.258220260293687716e+03 -4.328001818197551032e+00
1.314708091167340998e+00 1.430012053715630373e+03 -4.859630088714990137e+00
1.311535246433991331e+00 1.519249459336409927e+03 -4.805939032724438675e+00
1.312954746849881449e+00 1.375278093170862576e+03 -4.532487268962905880e+00
1.317650395783638739e+00 1.241028176762471503e+03 -4.521440073606490806e+00
1.316270556400561675e+00 1.377637622136227037e+03 -4.762149808046100219e+00
1.315624340318971131e+00 1.272997577767926714e+03 -4.451624037066827633e+00
1.317706209678159546e+00 1.276686716214430817e+03 -4.623702384968181534e+00
1.313227851595729856e+00 1.355719387673970687e+03 -4.472588118194368967e+00
1.317556887916361275e+00 1.223371381448279635e+03 -4.350101006656069913e+00
1.311934641860030837e+00 1.430114429637968215e+03 -4.581926836644882428e+00
1.317597496124723433e+00 1.217458856558942898e+03 -4.350800409171625915e+00
1.315028842595718395e+00 1.277049479080545780e+03 -4.370985805424493442e+00
1.312024770075381985e+00 1.531766303242935010e+03 -4.847285586638504284e+00
1.315379934849463472e+00 1.417577033129165102e+03 -4.845499838124415426e+00
1.316029495203204336e+00 1.345308062140702077e+03 -4.584552740827445128e+00
1.314560968650762884e+00 1.454116625236614254e+03 -4.874883449197572105e+00
1.311583544882160446e+00 1.485589481112542444e+03 -4.675314668767438064e+00
1.311913906499907245e+00 1.448568699690614267e+03 -4.659483793558957032e+00
1.314238205076445620e+00 1.422166097882857912e+03 -4.817773838723203639e+00
1.316679882602991736e+00 1.228283030618848443e+03 -4.311203432538166069e+00
1.314848560579449543e+00 1.375282491086917162e+03 -4.746216790870112057e+00
1.311699547594798121e+00 1.531649667433068089e+03 -4.826674138700882466e+00
1.314169251363660029e+00 1.326012351458083458e+03 -4.495055530777611885e+00
1.317500393818663351e+00 1.296975496198992005e+03 -4.652904230194629953e+00
1.314038688451273806e+00 1.450697199530256739e+03 -4.729131090635289247e+00
1.317941372456547633e+00 1.250518301787523342e+03 -4.552290323121921389e+00
1.313844088629515516e+00 1.369033516105998160e+03 -4.473627875920157315e+00
1.312582241801104388e+00 1.396930830698068348e+03 -4.564166445219008494e+00
1.315652003893284183e+00 1.284128575812212603e+03 -4.357972355152210930e+00
1.314198767899867448e+00 1.415392222124533419e+03 -4.800570671012412305e+00
1.314478650038606755e+00 1.343692085454882999e+03 -4.602243547518690470e+00
1.315913603181327440e+00 1.308112609871831410e+03 -4.451105560334515765e+00
1.316518367120239841e+00 1.280034830835132880e+03 -4.573649564052146843e+00
1.314860231742206231e+00 1.285465279055616520e+03 -4.375595725918512535e+00
1.317674494598948254e+00 1.216064904167394616e+03 -4.410151526394348487e+00
1.317183891575028687e+00 1.296958267278238282e+03 -4.663748910704767603e+00
1.313823689873026890e+00 1.471662132679640990e+03 -4.877078349409949887e+00
1.311851071818673109e+00 1.511051602009378257e+03 -4.817362075740065031e+00
1.313600746239137473e+00 1.369147497363596585e+03 -4.596519420194720595e+00
1.315139366383590191e+00 1.431039137370047683e+03 -4.819097257732996020e+00
1.315050269328708499e+00 1.431292134679256833e+03 -4.792867482256119693e+00
1.311833905050133087e+00 1.450844885500952387e+03 -4.646818478293480048e+00
1.315157109697092208e+00 1.275434574828672794e+03 -4.367437663191210184e+00
1.312751480375323521e+00 1.427373265359993638e+03 -4.569491008178800939e+00
1.313201693934430647e+00 1.363204022649391391e+03 -4.503983043170310729e+00
1.312143524437709541e+00 1.492319969624063788e+03 -4.805543618314598753e+00
1.311488791151359523e+00 1.513354982921520559e+03 -4.739667968497166761e+00
1.311693142117438260e+00 1.506862352854969458e+03 -4.741793805183937671e+00
1.316221261954959365e+00 1.264242093048207607e+03 -4.349199495735255994e+00
1.315742623653590071e+00 1.273249440778919052e+03 -4.343643369549170963e+00
1.312196174886134825e+00 1.418199853077422858e+03 -4.562669129722431549e+00
1.311936348694379362e+00 1.470625740739680396e+03 -4.727251696538518289e+00
1.314218496573237527e+00 1.316871770043300785e+03 -4.394296323642578272e+00
1.313468281513486158e+00 1.416246826329157784e+03 -4.738953372965347910e+00
1.312841825596746226e+00 1.400231576408776164e+03 -4.615597902252833507e+00
1.317100897599035925e+00 1.322739402111415075e+03 -4.657353127823384398e+00
1.313254111233764121e+00 1.357827976582709425e+03 -4.465612205654321265e+00
1.315708469582623330e+00 1.257380649804372752e+03 -4.363064067291295700e+00
1.315189553394256805e+00 1.275913491204340744e+03 -4.382047470293759517e+00
1.316712997938529028e+00 1.250188004228352838e+03 -4.471108974704115724e+00
1.312629436793571136e+00 1.408744418004254612e+03 -4.524427858429575622e+00
1.312744847257343084e+00 1.511110308609194135e+03 -4.836718193653531728e+00
1.312400959502546760e+00 1.408192926183903182e+03 -4.569508782140540681e+00
1.316903982888522506e+00 1.325149544503046172e+03 -4.640183416074837197e+00
1.317576202024703047e+00 1.257398394155968163e+03 -4.561511070762723996e+00
1.317474364871680237e+00 1.261672864388523976e+03 -4.569018843250842288e+00
1.314698482942437963e+00 1.343774426995323665e+03 -4.455597336034260891e+00
1.312973569628971049e+00 1.410189503703110404e+03 -4.535154945970266027e+00
1.315320598808462194e+00 1.294650465983539334e+03 -4.368566413874881427e+00
1.316906624788118485e+00 1.280294907446369052e+03 -4.598680591232449544e+00
1.314091788597840926e+00 1.342426325031390206e+03 -4.547070322690938582e+00
1.316445383732209873e+00 1.283090068889830945e+03 -4.421133746747645255e+00
1.312572255715675595e+00 1.480377406839542800e+03 -4.703034682520456755e+00
1.316426409103028661e+00 1.352744468271783035e+03 -4.757685707647198115e+00
1.316049264847084066e+00 1.259702151745737865e+03 -4.435027616918192805e+00
1.313507940526078777e+00 1.418924698361910714e+03 -4.747670425928036231e+00
1.312772434084128470e+00 1.508839860895110405e+03 -4.848112214244248541e+00
1.312882518504658425e+00 1.464511689193315988e+03 -4.670567315650180795e+00
1.313654839320464562e+00 1.478380721566747525e+03 -4.868245878780423475e+00
1.314085847961865117e+00 1.470320202753290459e+03 -4.849412808104225370e+00
1.312395001757616919e+00 1.491784848394458550e+03 -4.725208019087347111e+00
1.316511253997892039e+00 1.348923959712740043e+03 -4.671360188245463618e+00
1.311518892014439608e+00 1.483842756597992320e+03 -4.670387142054372553e+00
1.316614634200523826e+00 1.332578409409436063e+03 -4.611076214212486590e+00
1.317928181006343458e+00 1.233736358459882922e+03 -4.475712068428371992e+00
1.317418567745074043e+00 1.219409011468805375e+03 -4.368891139149381431e+00
1.313945328409431568e+00 1.431404578460364519e+03 -4.811797801526781271e+00
1.312053084112129842e+00 1.493842324795881268e+03 -4.795871716272682939e+00
1.315671032930487483e+00 1.260691016650824622e+03 -4.371065849908626788e+00
1.316670884052346002e+00 1.300824670342555237e+03 -4.644666235946695920e+00
1.314977600003648828e+00 1.427286308609125626e+03 -4.843229930581016696e+00
1.317206824899469497e+00 1.289255679516309556e+03 -4.635155814127963403e+00
1.317046845960265999e+00 1.224631573805645530e+03 -4.336974045311260184e+00
1.316573803365991502e+00 1.265811731152729408e+03 -4.397142312641082462e+00
1.312154994376875994e+00 1.431160834202538808e+03 -4.566896769893289409e+00
1.315997860135856401e+00 1.357703373275427339e+03 -4.631342061992453907e+00
1.315152274515979824e+00 1.283810069687565829e+03 -4.350075230192308240e+00
1.311536011129899260e+00 1.504522435224824221e+03 -4.756616215535208525e+00
1.315444734686304296e+00 1.397572050763997822e+03 -4.819940303610819932e+00
1.312249433351830419e+00 1.508808545351963858e+03 -4.784359040785171935e+00
1.316374316212781892e+00 1.299756142291647393e+03 -4.621942603516695058e+00
1.316393930946394342e+00 1.247333068733769323e+03 -4.414860213787326515e+00
1.317228584658102886e+00 1.235207985882300591e+03 -4.379961321039845146e+00
1.314881280142426112e+00 1.290616850485559553e+03 -4.367488092809482580e+00
1.315481854760280234e+00 1.412159330060622324e+03 -4.789207809375521485e+00
1.313060938145370393e+00 1.463230759836685138e+03 -4.683905289073012845e+00
1.316675649227571299e+00 1.341728562489561227e+03 -4.731194308874462351e+00
1.313121289076594200e+00 1.492588842175737227e+03 -4.796324458616378017e+00
1.317267086349751315e+00 1.253501510056049938e+03 -4.419442304654261910e+00
1.317137592922415834e+00 1.229345242781531397e+03 -4.407585109563538772e+00
1.317182065875866170e+00 1.311239447009039395e+03 -4.632963664701465589e+00
1.313024963447623872e+00 1.503211883418220623e+03 -4.857123222911617688e+00
1.311842966713126168e+00 1.464983164945263979e+03 -4.625644798530508695e+00
1.314543151407076671e+00 1.304264198181953361e+03 -4.377080173710566235e+00
1.313126768473936057e+00 1.439613119622947124e+03 -4.764159232561159030e+00
1.312738123619582309e+00 1.412414938680271007e+03 -4.532967466153756675e+00
1.311821136174737390e+00 1.481504631033104943e+03 -4.734384720695425486e+00
1.315275352947111287e+00 1.401304701106002085e+03 -4.820433796733337495e+00
1.315733908159488319e+00 1.349189415657247537e+03 -4.569202032164654703e+00
1.311794206217578473e+00 1.477756771928513444e+03 -4.673154723799269661e+00
1.316713107581457098e+00 1.256486300192235376e+03 -4.386253453010954040e+00
1.312320608986524473e+00 1.502531340103455932e+03 -4.759377333839984736e+00
1.314719178957133972e+00 1.410347169549229875e+03 -4.813130534772611213e+00
1.315368246823954479e+00 1.360613461272263066e+03 -4.567865732417910607e+00
1.316080328358151252e+00 1.357858324074742541e+03 -4.759447600079369955e+00
1.315237896840883547e+00 1.286785871476236025e+03 -4.449449033765251471e+00
1.315237896840883547e+00 1.286785871476236025e+03 -4.449449033765251471e+00
1.317020115701315719e+00 1.318216220630947191e+03 -4.683695974315389421e+00
1.314582287924436876e+00 1.347881106346788783e+03 -4.471772637098907488e+00
1.315317660755416007e+00 1.365620733105867885e+03 -4.586773990021465686e+00
1.312559177278003641e+00 1.432209699872057172e+03 -4.680782175241603227e+00
1.315281652148478253e+00 1.339306116949936495e+03 -4.660417501989583045e+00
1.313613841499545520e+00 1.409020281141338955e+03 -4.726332943508740669e+00
1.314258639779232407e+00 1.421109934910268294e+03 -4.807448465704813323e+00
1.313717403228271019e+00 1.432053005642496828e+03 -4.643346966980939960e+00
1.314120478903263001e+00 1.322073544806138216e+03 -4.410197114633283455e+00
1.317726624128838342e+00 1.264658632490503351e+03 -4.541963993473427053e+00
1.314921046924040660e+00 1.407175180906535388e+03 -4.816349369925401191e+00
1.315228216315933230e+00 1.294501399845413516e+03 -4.480284959865391770e+00
1.312406476304104785e+00 1.410463011544114352e+03 -4.547644738689767152e+00
1.312406476304104785e+00 1.410463011544114352e+03 -4.547644738689767152e+00
1.312955020203425915e+00 1.503802495956397479e+03 -4.851683349525295341e+00
1.317344102783633897e+00 1.278550265264152813e+03 -4.603099414971000058e+00
1.316895920539491893e+00 1.280015406300788527e+03 -4.589469809955378565e+00
1.312047609578808505e+00 1.482936460157382271e+03 -4.763743023973096236e+00
1.317576030889902938e+00 1.271708392240759395e+03 -4.579714802003433505e+00
1.313125441719453113e+00 1.425590552229425157e+03 -4.594062016618978284e+00
1.313552054988331497e+00 1.408397911324708730e+03 -4.569167916518685146e+00
1.313886684240598512e+00 1.427323278765233454e+03 -4.650788735472829671e+00
1.316492352961609491e+00 1.281120013192539318e+03 -4.562648530030294580e+00
1.316217952206793385e+00 1.291180827928877989e+03 -4.575279478536712574e+00
1.317008193188460519e+00 1.320236512658143056e+03 -4.678500298415516845e+00
1.317478929325450743e+00 1.237609058065302179e+03 -4.418588560277353139e+00
1.312334366501610727e+00 1.464255996943021501e+03 -4.642808961586079697e+00
1.313196040962131050e+00 1.488439534795012605e+03 -4.853382257517855791e+00
1.314504346472262775e+00 1.441971184026566789e+03 -4.848590193080835498e+00
1.314504346472262775e+00 1.441971184026566789e+03 -4.848590193080835498e+00
1.314786463774589409e+00 1.336234222926203074e+03 -4.602257345691395329e+00
1.314006888632349712e+00 1.432263437136297853e+03 -4.812709442640167090e+00
1.314324043010925536e+00 1.358177430759918479e+03 -4.484382242531260054e+00
1.315479399407379013e+00 1.408400359532902712e+03 -4.797951798783783417e+00
1.312230019039936968e+00 1.432914494654089822e+03 -4.573215826747013324e+00
1.312620680920365324e+00 1.410896828168888987e+03 -4.536340703821877263e+00
1.312314440772994528e+00 1.508335723605126759e+03 -4.815145699768240029e+00
1.316363987580644546e+00 1.321801977090850642e+03 -4.546136706472750255e+00
1.314713626588230211e+00 1.439615987113313167e+03 -4.837652746795409797e+00
1.314678184337544131e+00 1.367440500890830208e+03 -4.535567938443742619e+00
1.314397179398630655e+00 1.338032161097006565e+03 -4.562215884065015103e+00
1.316987834111031264e+00 1.321765085304145259e+03 -4.676454569578790021e+00
1.316228218985693754e+00 1.265193115055856197e+03 -4.379193139610976004e+00
1.317348404548838614e+00 1.229487238808719894e+03 -4.398898063031493777e+00
1.317027660654823240e+00 1.237856964503231438e+03 -4.429478344259475620e+00
1.317393918143664466e+00 1.268051388257780900e+03 -4.501899514572860639e+00
1.312810475985081382e+00 1.497546286182438735e+03 -4.839247862659085797e+00
1.312359771560156707e+00 1.413877731472938876e+03 -4.556972881707086920e+00
1.312359771560156707e+00 1.413877731472938876e+03 -4.556972881707086920e+00
1.317513258571860968e+00 1.240848815725201348e+03 -4.429936363383395026e+00
1.315240665792598573e+00 1.376824332024586283e+03 -4.617651010212579621e+00
1.317519697829693914e+00 1.269112645056246038e+03 -4.530621648415702474e+00
1.316309225574878505e+00 1.361445245957589123e+03 -4.751773249138697253e+00
1.317634540125562248e+00 1.246387790590432360e+03 -4.491189878527450219e+00
1.313623466271064855e+00 1.400605801349771809e+03 -4.699466694027933933e+00
1.313336134192242932e+00 1.419743013553056244e+03 -4.726179164824658940e+00
1.314606048900544000e+00 1.307528476663961555e+03 -4.400031499991710504e+00
1.314606048900544000e+00 1.307528476663961555e+03 -4.400031499991710504e+00
1.315129987724072969e+00 1.351922990275706070e+03 -4.682752069946921836e+00
1.317410365415130347e+00 1.280882269520880072e+03 -4.553853558168047044e+00
1.314851488375138988e+00 1.353862115930300888e+03 -4.501657756184203052e+00
1.316849749787964763e+00 1.236800811273210911e+03 -4.393237992265135006e+00
1.317500257782138862e+00 1.273549778249300516e+03 -4.536633695712684045e+00
1.317618634633902941e+00 1.252316276872776598e+03 -4.517342440870177001e+00
1.317618634633902941e+00 1.252316276872776598e+03 -4.517342440870177001e+00
1.317034080716473321e+00 1.236207286309089341e+03 -4.384657578918327303e+00
1.314023340811401042e+00 1.452068028962471772e+03 -4.844739498961170732e+00
1.315196630314514836e+00 1.347137894445340635e+03 -4.519661065526895172e+00
1.317399631264262183e+00 1.234152063750054822e+03 -4.434040677908166472e+00
1.312528601093216452e+00 1.408240959407264199e+03 -4.555805626522622553e+00
1.312539796003644677e+00 1.492472857300714850e+03 -4.748698212557928677e+00
1.313833752038556790e+00 1.350490795194431030e+03 -4.447485791097611774e+00
1.317329621667192141e+00 1.240864291299582874e+03 -4.463403601929679887e+00
1.315801659273276636e+00 1.286769966217653291e+03 -4.401578005581768593e+00
1.315801659273276636e+00 1.286769966217653291e+03 -4.401578005581768593e+00
1.316981409983197349e+00 1.288760095789267780e+03 -4.614594452574052319e+00
1.317416707285267385e+00 1.267932465491688617e+03 -4.564152619054723914e+00
1.317416707285267385e+00 1.267932465491688617e+03 -4.564152619054723914e+00
1.315511082680828059e+00 1.288414647177671213e+03 -4.486679520922630893e+00
1.315511082680828059e+00 1.288414647177671213e+03 -4.486679520922630893e+00
1.313624425825995923e+00 1.455583209037810093e+03 -4.829500771888495692e+00
1.315973736380616987e+00 1.368289710569607905e+03 -4.679997037163659002e+00
1.315973736380616987e+00 1.368289710569607905e+03 -4.679997037163659002e+00
1.312942723470708950e+00 1.482586906357379576e+03 -4.747890305597553429e+00
1.313775010190894710e+00 1.353951854371011905e+03 -4.538190158601918434e+00
1.314140934388827509e+00 1.424275374391624609e+03 -4.801270783344270043e+00
1.315629072416710565e+00 1.274483269958893516e+03 -4.429358276629555391e+00
1.312138116236458929e+00 1.439061603989695641e+03 -4.618912096951377499e+00
1.316183939538812631e+00 1.367791140771983692e+03 -4.749889668479145399e+00
1.317549284570385115e+00 1.249144964774729488e+03 -4.499472213612969895e+00
1.314012796899928670e+00 1.349639370615756661e+03 -4.555321613867234554e+00
1.314012796899928670e+00 1.349639370615756661e+03 -4.555321613867234554e+00
1.317142808846785140e+00 1.295902018792326544e+03 -4.631093193626310445e+00
1.317582603249929152e+00 1.261680037942629951e+03 -4.524760559856565223e+00
1.313980312948227480e+00 1.338761102249847227e+03 -4.437707116018410503e+00
1.313980312948227480e+00 1.338761102249847227e+03 -4.437707116018410503e+00
1.315516647836119990e+00 1.351338153256546093e+03 -4.707928811729833463e+00
1.314893838887889466e+00 1.340281461393853988e+03 -4.474328061461150696e+00
1.314517869389321580e+00 1.318434280685433350e+03 -4.484812452737808819e+00
1.315461276958736603e+00 1.381083742552405965e+03 -4.778627002581258942e+00
1.317502064616014268e+00 1.274583360494434146e+03 -4.554901915874864038e+00
1.312014897487344900e+00 1.453060306605095548e+03 -4.658804055912354691e+00
1.312014897487344900e+00 1.453060306605095548e+03 -4.658804055912354691e+00
1.313814445204075865e+00 1.368458737337610955e+03 -4.605593440116057202e+00
1.315573439626538166e+00 1.374515007661207164e+03 -4.767404874499759693e+00
1.312663402456585082e+00 1.410459511064684193e+03 -4.608574534017229496e+00
1.312027446339597114e+00 1.491669396715965831e+03 -4.720500425149300128e+00
1.312361734563824323e+00 1.421659107132966938e+03 -4.594677191512888115e+00
1.311869717511433997e+00 1.481655341010674420e+03 -4.690715242431767962e+00
1.313895865378410299e+00 1.446438996176377032e+03 -4.826949211910158688e+00
1.312164767210965532e+00 1.477057406483049590e+03 -4.693039891135494024e+00
1.314554855813518719e+00 1.441756482624779892e+03 -4.837151177901849231e+00
1.314534582390976647e+00 1.435164538684921354e+03 -4.761714707619555398e+00
1.315847140381643854e+00 1.370900489390484154e+03 -4.767932728052359792e+00
1.316082907238192323e+00 1.289273564700584757e+03 -4.550380379859711333e+00
1.316432207361345030e+00 1.299638265190532366e+03 -4.614680917991563547e+00
1.312794190728780785e+00 1.416444880067357190e+03 -4.563331481243340981e+00
1.315758302401864199e+00 1.339194850940938295e+03 -4.689614903809845359e+00
1.315758302401864199e+00 1.339194850940938295e+03 -4.689614903809845359e+00
1.312144243706413027e+00 1.503116129469753105e+03 -4.764563626309822553e+00
1.312144243706413027e+00 1.503116129469753105e+03 -4.764563626309822553e+00
1.313098594995181223e+00 1.447274088275860549e+03 -4.656766371792762982e+00
1.313473384367436880e+00 1.391165293858405676e+03 -4.522325963108118962e+00
1.313674252402703413e+00 1.443094067959533731e+03 -4.807568146419322730e+00
1.315820179430955417e+00 1.267682894729942745e+03 -4.373817831279914969e+00
1.313809440130226935e+00 1.471833325320891163e+03 -4.836662085983762793e+00
1.316883424975719974e+00 1.300267316667956948e+03 -4.546829104670938371e+00
1.312174206896756345e+00 1.496850459952077927e+03 -4.779500352799989749e+00
1.312208078497587360e+00 1.454409921809333582e+03 -4.621609310972686124e+00
1.312208078497587360e+00 1.454409921809333582e+03 -4.621609310972686124e+00
1.313809456502309292e+00 1.360954783636446336e+03 -4.469064056556089071e+00
1.316262675761703305e+00 1.359617525057500643e+03 -4.741600848633485299e+00
1.315981385092103606e+00 1.355877315754895790e+03 -4.742273948464287514e+00
1.315981385092103606e+00 1.355877315754895790e+03 -4.742273948464287514e+00
1.313234996716517333e+00 1.390836385188012628e+03 -4.614920558485906099e+00
1.312794171630759399e+00 1.480943664929759507e+03 -4.736182633318810176e+00
1.315568316577841568e+00 1.361880444468529049e+03 -4.598940120409699794e+00
1.313622000646916366e+00 1.352429851194264529e+03 -4.495537153397997088e+00
1.312572164070170189e+00 1.446613309118400593e+03 -4.715518090429178244e+00
1.312572164070170189e+00 1.446613309118400593e+03 -4.715518090429178244e+00
1.316549925073398075e+00 1.342107613535325982e+03 -4.666995210878182476e+00
1.317365052339382281e+00 1.283327397365087108e+03 -4.570525807977120714e+00
1.314655277052054760e+00 1.321882729219088560e+03 -4.517286014859850596e+00
1.313545350618609220e+00 1.416474685542393217e+03 -4.732923562523819072e+00
1.313209296727524844e+00 1.469001144090548223e+03 -4.734927127953600490e+00
1.315853709054565890e+00 1.379239321060424800e+03 -4.715797702944328762e+00
1.312363588411291193e+00 1.474748768415186987e+03 -4.766942925406391751e+00
1.314791510655426654e+00 1.305794566152112793e+03 -4.457105161839098884e+00
1.314791510655426654e+00 1.305794566152112793e+03 -4.457105161839098884e+00
1.313814195605572444e+00 1.408354750066166162e+03 -4.593502768774105682e+00
1.313814195605572444e+00 1.408354750066166162e+03 -4.593502768774105682e+00
1.315131875661621930e+00 1.373558460343353545e+03 -4.739365674211693857e+00
1.315131875661621930e+00 1.373558460343353545e+03 -4.739365674211693857e+00
1.317259287127682477e+00 1.245866628323300120e+03 -4.441166326941578646e+00
1.314707975040552590e+00 1.310864573048281272e+03 -4.470020631600064576e+00
1.314707975040552590e+00 1.310864573048281272e+03 -4.470020631600064576e+00
1.314871796580153518e+00 1.431202771315473228e+03 -4.804324857796635762e+00
1.311937018718368764e+00 1.493491459376784860e+03 -4.757324025125625688e+00
1.314964621599662875e+00 1.336636534533196937e+03 -4.477952591975566499e+00
1.317079601809567624e+00 1.251312345276981887e+03 -4.479704905099768375e+00
1.314268769098102307e+00 1.331962184152466307e+03 -4.504979535690440962e+00
1.313751014942738271e+00 1.456609142748000977e+03 -4.830565323363599006e+00
1.316615686782982353e+00 1.316826719686394426e+03 -4.579365461938942339e+00
1.316615686782982353e+00 1.316826719686394426e+03 -4.579365461938942339e+00
1.313441167051998981e+00 1.441530139982792434e+03 -4.659980545061152668e+00
1.317310659803856421e+00 1.280855167964194379e+03 -4.553556366047690318e+00
1.317244781188930958e+00 1.285880700653650820e+03 -4.582637785074862968e+00
1.317244781188930958e+00 1.285880700653650820e+03 -4.582637785074862968e+00
1.312882310512500483e+00 1.430928293742984124e+03 -4.596036405397231128e+00
1.314285075282039417e+00 1.322147304708068987e+03 -4.440924533922480322e+00
1.312514377642716612e+00 1.485606363745165027e+03 -4.748622474412109717e+00
1.315830724099805282e+00 1.318621075938037393e+03 -4.628940318389820341e+00
1.315135855971039991e+00 1.344085438259075318e+03 -4.650611214956021477e+00
1.315908692950992664e+00 1.362740821434973896e+03 -4.646129326340715515e+00
1.315908692950992664e+00 1.362740821434973896e+03 -4.646129326340715515e+00
1.315708040343308793e+00 1.365192676770238450e+03 -4.641102386369391652e+00
1.317308510683224299e+00 1.277134208782353198e+03 -4.555950887088837220e+00
1.317308510683224299e+00 1.277134208782353198e+03 -4.555950887088837220e+00
1.317119128127112848e+00 1.249617115488761556e+03 -4.426270563610262165e+00
1.317119128127112848e+00 1.249617115488761556e+03 -4.426270563610262165e+00
1.316978268651726625e+00 1.290669645766473877e+03 -4.530774286024970010e+00
1.316652867203791377e+00 1.293264806132930516e+03 -4.492303691407579791e+00
1.313982925489574960e+00 1.416083063184130879e+03 -4.766970856096188314e+00
1.315597977644130667e+00 1.357574333630717774e+03 -4.597516600630004113e+00
1.315103271908806715e+00 1.397736308406075068e+03 -4.794490537029158617e+00
1.314462545729154996e+00 1.407176209651848467e+03 -4.780218348183161936e+00
1.312915094122412363e+00 1.477441260219511605e+03 -4.746879326971226831e+00
1.316887543215064404e+00 1.246636894917950940e+03 -4.428840870627026582e+00
1.317035637086902966e+00 1.295372988836882087e+03 -4.572655185864339167e+00
1.315148963804126492e+00 1.311917761866479623e+03 -4.533437201602573907e+00
1.313143930041085206e+00 1.393207127317092272e+03 -4.605927835160047223e+00
1.312551015978287383e+00 1.466470844782236327e+03 -4.759730052765061004e+00
1.312551015978287383e+00 1.466470844782236327e+03 -4.759730052765061004e+00
1.314112477338558183e+00 1.364984424590621074e+03 -4.488907490622802143e+00
1.314673740109728595e+00 1.313100716512560666e+03 -4.469618136765360461e+00
1.311908421630483934e+00 1.474255610517215473e+03 -4.690749128129355405e+00
1.316260343854446457e+00 1.262875270653283224e+03 -4.381302428868790955e+00
1.316260343854446457e+00 1.262875270653283224e+03 -4.381302428868790955e+00
1.316548482650261587e+00 1.260513661495956512e+03 -4.398731171621374614e+00
1.315359959743838125e+00 1.303930427762718637e+03 -4.523042036839750146e+00
1.315359959743838125e+00 1.303930427762718637e+03 -4.523042036839750146e+00
1.315983260039568226e+00 1.288687803543942209e+03 -4.425161251660842510e+00
1.315471359088900449e+00 1.384058272076482353e+03 -4.776656309394899047e+00
1.312969417085204205e+00 1.470720845672302403e+03 -4.806008067024952091e+00
1.317282048654500493e+00 1.284612919960380168e+03 -4.572658847717693931e+00
1.317282048654500493e+00 1.284612919960380168e+03 -4.572658847717693931e+00
1.313907628197613642e+00 1.382608516794784464e+03 -4.659567871656835614e+00
1.315911589760419220e+00 1.289180927864611704e+03 -4.420771013202410948e+00
1.312805276358571360e+00 1.463410800233939426e+03 -4.680525908330912088e+00
1.312303309927746131e+00 1.456554187813525914e+03 -4.701093667092687056e+00
1.312303309927746131e+00 1.456554187813525914e+03 -4.701093667092687056e+00
1.316825159004971102e+00 1.250019660230209638e+03 -4.405117328607467186e+00
1.314791639415643587e+00 1.387787118293871117e+03 -4.754123043852652053e+00
1.315562780383014996e+00 1.354334706004435702e+03 -4.711069236939777305e+00
1.316467086159038180e+00 1.310182529600290763e+03 -4.641008867504599955e+00
1.316224795890108545e+00 1.360310347846976583e+03 -4.718857721219969825e+00
1.316893000505431122e+00 1.247746754279651896e+03 -4.424782658796590162e+00
1.316893000505431122e+00 1.247746754279651896e+03 -4.424782658796590162e+00
1.313900934092685047e+00 1.345074305307635086e+03 -4.497590082400867217e+00
1.314244748089274717e+00 1.337460783618852020e+03 -4.524039381994931830e+00
1.313686468437635479e+00 1.361330325982667773e+03 -4.546997833598128480e+00
1.313564999023199231e+00 1.448088489201529910e+03 -4.803436875018826768e+00
1.315801181860750013e+00 1.276716219907303639e+03 -4.453702901859385221e+00
1.315801181860750013e+00 1.276716219907303639e+03 -4.453702901859385221e+00
1.317354364022907065e+00 1.262487213831406279e+03 -4.511137119864596201e+00
1.317354364022907065e+00 1.262487213831406279e+03 -4.511137119864596201e+00
1.312854421028324836e+00 1.452703367201833998e+03 -4.756502617104352737e+00
1.314959256640627627e+00 1.404778307363273598e+03 -4.682860767774346122e+00
1.316233724826558982e+00 1.322129395214026772e+03 -4.544059863115547770e+00
1.314291791327167003e+00 1.409983432347285543e+03 -4.638268871069324284e+00
1.313281318562706357e+00 1.442848429626051711e+03 -4.770899666140016926e+00
1.316263501441269135e+00 1.347427400996133201e+03 -4.655161970677156980e+00
1.312018014698923762e+00 1.464032387171561140e+03 -4.676195454277358721e+00
1.314519337669867394e+00 1.441528647695077325e+03 -4.816625510821453737e+00
1.314519337669867394e+00 1.441528647695077325e+03 -4.816625510821453737e+00
1.312202859668033295e+00 1.467743077760520464e+03 -4.714723842736455950e+00
1.312202859668033295e+00 1.467743077760520464e+03 -4.714723842736455950e+00
1.314734579217581523e+00 1.308666451293453292e+03 -4.424200452754964097e+00
1.312458833962800941e+00 1.456677066175909431e+03 -4.720458090786202376e+00
1.312458833962800941e+00 1.456677066175909431e+03 -4.720458090786202376e+00
1.316257849566335514e+00 1.321780862344087836e+03 -4.660294596101200781e+00
1.314478440471064991e+00 1.318619949341476513e+03 -4.440965904904609296e+00
1.315115699581616671e+00 1.332907694010664272e+03 -4.607186254484505916e+00
1.315881960143596263e+00 1.339122747258802065e+03 -4.567241354995315916e+00
1.316913585477657245e+00 1.309457124936845048e+03 -4.633468063116753299e+00
1.316913585477657245e+00 1.309457124936845048e+03 -4.633468063116753299e+00
1.317040857150951760e+00 1.251888899738278724e+03 -4.430858825261547729e+00
1.317006085067007337e+00 1.275204533200731021e+03 -4.499978024964486067e+00
1.317006085067007337e+00 1.275204533200731021e+03 -4.499978024964486067e+00
1.316353407338191284e+00 1.304620459578822874e+03 -4.497516579745065357e+00
1.315007742481088648e+00 1.343614171909015340e+03 -4.494449899396337322e+00
1.313864222667433079e+00 1.412013318314208391e+03 -4.607072615512354474e+00
1.313864222667433079e+00 1.412013318314208391e+03 -4.607072615512354474e+00
1.315458576990390593e+00 1.385971933327871739e+03 -4.777151999331309185e+00
1.314015730555102790e+00 1.358367810637658295e+03 -4.483026743563916838e+00
1.312593813061027959e+00 1.487653408749282562e+03 -4.772741858942017856e+00
1.312557498318193350e+00 1.489357997626362931e+03 -4.792878699043717994e+00
1.312291700975025233e+00 1.434692403836103040e+03 -4.612687971291356881e+00
1.313024227130726640e+00 1.399736340654686501e+03 -4.610721758461489017e+00
1.313024227130726640e+00 1.399736340654686501e+03 -4.610721758461489017e+00
1.315523655907623990e+00 1.382197738169031936e+03 -4.676523143922790560e+00
1.314045227791382109e+00 1.445247987670435123e+03 -4.818073478757026962e+00
1.314260186871779368e+00 1.447500407073588349e+03 -4.812082256031259497e+00
1.316756228554763375e+00 1.281839439800010268e+03 -4.476968366501052898e+00
1.317076464689583837e+00 1.251037730895143795e+03 -4.447412765525849743e+00
1.315779570731874237e+00 1.361719632143019908e+03 -4.632555356795633905e+00
1.317165643293330080e+00 1.278891353178891222e+03 -4.538686812564983519e+00
1.317165643293330080e+00 1.278891353178891222e+03 -4.538686812564983519e+00
1.313131646568500566e+00 1.477044648201606833e+03 -4.813245173974234348e+00
1.313131646568500566e+00 1.477044648201606833e+03 -4.813245173974234348e+00
1.312185834992977362e+00 1.493649434085555413e+03 -4.756267331895750239e+00
1.312574419415645677e+00 1.492613969068626147e+03 -4.800178638906523965e+00
1.314864552476298964e+00 1.304529085691395267e+03 -4.409300151682318258e+00
1.314864552476298964e+00 1.304529085691395267e+03 -4.409300151682318258e+00
1.314137779487663860e+00 1.333598779118907942e+03 -4.447497318017273216e+00
1.314127084625204001e+00 1.449628875325807940e+03 -4.822629157916115794e+00
1.314127084625204001e+00 1.449628875325807940e+03 -4.822629157916115794e+00
1.312415198047044873e+00 1.491217818629556859e+03 -4.767678478031356804e+00
1.312832789413624468e+00 1.484591394529673835e+03 -4.758739700330483657e+00
1.313993499977278212e+00 1.349668092839427118e+03 -4.536352753233774848e+00
1.312444422916325903e+00 1.435878985413569580e+03 -4.634180613923070347e+00
1.314414471510349625e+00 1.364864814073845082e+03 -4.645872219380384749e+00
1.314075522442133215e+00 1.339895759710991570e+03 -4.458294231014079401e+00
1.315950684063424303e+00 1.333900937768751191e+03 -4.552333492073330490e+00
1.313478773827216450e+00 1.473923492501109877e+03 -4.826300117245137855e+00
1.315984485953540339e+00 1.301019684617988787e+03 -4.571860481380429775e+00
1.315984485953540339e+00 1.301019684617988787e+03 -4.571860481380429775e+00
1.312998154175470278e+00 1.476112127110603069e+03 -4.764732586000567593e+00
1.312913979283748978e+00 1.399584219597578794e+03 -4.546148019549350217e+00
1.313696376014152900e+00 1.372707801391658904e+03 -4.497769888074852673e+00
1.313570532114102241e+00 1.470843891102244470e+03 -4.815604478595790106e+00
1.316941511559065026e+00 1.258625994927563852e+03 -4.448132633992170071e+00
1.316941511559065026e+00 1.258625994927563852e+03 -4.448132633992170071e+00
1.315709182985132619e+00 1.375302384772416190e+03 -4.757339274158498554e+00
1.314491639709106652e+00 1.371825364497710780e+03 -4.540141130125508795e+00
1.314425938978166286e+00 1.348758874162530446e+03 -4.591207674755962920e+00
1.315585645781650603e+00 1.391122433607471976e+03 -4.738470335617726903e+00
1.315101530718933542e+00 1.398811970017268322e+03 -4.693042271807025934e+00
1.314948465319902171e+00 1.419303577996972763e+03 -4.766830957208902042e+00
1.314948465319902171e+00 1.419303577996972763e+03 -4.766830957208902042e+00
1.313964744140097229e+00 1.450439743919197554e+03 -4.820591909359375649e+00
1.314980667514798141e+00 1.303871709023012045e+03 -4.411154733759303781e+00
1.315754056688481777e+00 1.347262443893501995e+03 -4.587134478411202920e+00
1.316075921802376758e+00 1.352954260972798693e+03 -4.642214660769431234e+00
1.315579276968482869e+00 1.391985019285360750e+03 -4.741906315340092881e+00
1.315579276968482869e+00 1.391985019285360750e+03 -4.741906315340092881e+00
1.313282758014957530e+00 1.464510905543682611e+03 -4.810429895261529865e+00
1.317061002563337579e+00 1.259294088552654102e+03 -4.479609790713485751e+00
1.317007300642161427e+00 1.284480541620547228e+03 -4.574717220051418565e+00
1.314153005908198057e+00 1.448840605001142876e+03 -4.784271741747215145e+00
1.312953765861238686e+00 1.396704708204181770e+03 -4.557263585801287320e+00
1.315722504293479700e+00 1.381996622555524709e+03 -4.717235109877144339e+00
1.315441542563464905e+00 1.322666377841040685e+03 -4.598147217594183545e+00
1.312429444398797607e+00 1.438093788659559095e+03 -4.643332861960988822e+00
1.312429444398797607e+00 1.438093788659559095e+03 -4.643332861960988822e+00
1.314233196586371166e+00 1.391039955282149776e+03 -4.578024184797036433e+00
1.314233196586371166e+00 1.391039955282149776e+03 -4.578024184797036433e+00
1.315369214468288694e+00 1.334697089933906454e+03 -4.631858551844920235e+00
1.316702132616750509e+00 1.323481734912511911e+03 -4.634683647958175001e+00
1.316702132616750509e+00 1.323481734912511911e+03 -4.634683647958175001e+00
1.315084720615452785e+00 1.409273360798721114e+03 -4.738328516387339207e+00
1.316770971168937487e+00 1.263882304185616249e+03 -4.432175450333806666e+00
1.316770971168937487e+00 1.263882304185616249e+03 -4.432175450333806666e+00
1.316316741342229424e+00 1.313445860146538962e+03 -4.528586919182917114e+00
1.316709627318232823e+00 1.263397268914304277e+03 -4.426760341468322757e+00
1.314121087254442433e+00 1.394780477518264888e+03 -4.575214308725082724e+00
1.314121087254442433e+00 1.394780477518264888e+03 -4.575214308725082724e+00
1.312519579152800819e+00 1.475745873842618721e+03 -4.734438735633080597e+00
1.312519579152800819e+00 1.475745873842618721e+03 -4.734438735633080597e+00
1.315184669384088068e+00 1.405813891355457827e+03 -4.751401496535128999e+00
1.315780883972227144e+00 1.375473958603274014e+03 -4.748964096897668519e+00
1.315780883972227144e+00 1.375473958603274014e+03 -4.748964096897668519e+00
1.313566951964188156e+00 1.462782893194356348e+03 -4.819714910793474694e+00
1.313566951964188156e+00 1.462782893194356348e+03 -4.819714910793474694e+00
1.313355684313767480e+00 1.389004675214439658e+03 -4.530281021505560446e+00
1.316354907394073903e+00 1.299666912063945801e+03 -4.593872524284007497e+00
1.315880056039494983e+00 1.369895899513153381e+03 -4.694248519674381726e+00
1.315880056039494983e+00 1.369895899513153381e+03 -4.694248519674381726e+00
1.312550692804563601e+00 1.454053390952535665e+03 -4.720783245762232738e+00
1.312550692804563601e+00 1.454053390952535665e+03 -4.720783245762232738e+00
1.315160689924580240e+00 1.409943800956304813e+03 -4.760697454902022230e+00
1.313917513505883372e+00 1.402807400766263981e+03 -4.719337176537121259e+00
1.315549936809279119e+00 1.319338701788917888e+03 -4.596890958023848839e+00
1.315141616693183524e+00 1.298082977832455981e+03 -4.444756304284695148e+00
1.313604795276581250e+00 1.366632314322214370e+03 -4.504204063521736856e+00
1.316754124478419996e+00 1.260130606811477492e+03 -4.437183847886542409e+00
1.316815913866141052e+00 1.314028573477637110e+03 -4.624842449886713780e+00
1.316815913866141052e+00 1.314028573477637110e+03 -4.624842449886713780e+00
1.313692710150658138e+00 1.380111319456099409e+03 -4.520556322347654366e+00
1.316557926316529237e+00 1.330223426533473685e+03 -4.647753106342370266e+00
1.312423609063339214e+00 1.440550800910584485e+03 -4.653916295341377740e+00
1.312423609063339214e+00 1.440550800910584485e+03 -4.653916295341377740e+00
1.312902674503406475e+00 1.481062806904758190e+03 -4.769146585686541151e+00
1.312902674503406475e+00 1.481062806904758190e+03 -4.769146585686541151e+00
1.314014438001751550e+00 1.436477870073591475e+03 -4.800522919620869189e+00
1.314014438001751550e+00 1.436477870073591475e+03 -4.800522919620869189e+00
1.316476924013581407e+00 1.287189509752713093e+03 -4.477251119134231239e+00
1.313756724071930337e+00 1.353244483968564055e+03 -4.487490886015514491e+00
1.313756724071930337e+00 1.353244483968564055e+03 -4.487490886015514491e+00
1.315481727802472189e+00 1.287465624347330277e+03 -4.421575883016631181e+00
1.315385235409786802e+00 1.318864010633664066e+03 -4.578961298649349310e+00
1.315385235409786802e+00 1.318864010633664066e+03 -4.578961298649349310e+00
1.314095462951494930e+00 1.451940560139961235e+03 -4.813749143007163056e+00
1.315547991721747856e+00 1.308403588354790827e+03 -4.453578748743900917e+00
1.312368633732166279e+00 1.442215653506899116e+03 -4.629569833539507684e+00
1.316537928448813677e+00 1.324080160273601450e+03 -4.600970583155528537e+00
1.313682193757631289e+00 1.368312018955959957e+03 -4.501906849203102468e+00
1.313682193757631289e+00 1.368312018955959957e+03 -4.501906849203102468e+00
1.312359147164987361e+00 1.461093663605503480e+03 -4.710083546859003434e+00
1.314783334480543076e+00 1.395599579418192889e+03 -4.652140460175171022e+00
1.314783334480543076e+00 1.395599579418192889e+03 -4.652140460175171022e+00
1.316742707484909847e+00 1.301265108884579149e+03 -4.611879662673837643e+00
1.316742707484909847e+00 1.301265108884579149e+03 -4.611879662673837643e+00
1.313489964736328952e+00 1.401580805308031586e+03 -4.560767972033374917e+00
1.316549013402424695e+00 1.328244054733947905e+03 -4.659481175140849807e+00
1.314416661595312341e+00 1.351757058417111693e+03 -4.596377289631234930e+00
1.315800157208173449e+00 1.327531380083620661e+03 -4.643883849749272485e+00
1.315800157208173449e+00 1.327531380083620661e+03 -4.643883849749272485e+00
1.312281199546375898e+00 1.452523887066843145e+03 -4.665185994105249812e+00
1.316348927476208575e+00 1.318283435778083231e+03 -4.646876902711971624e+00
1.313234415588223847e+00 1.461560649484325495e+03 -4.721142200456589499e+00
1.313874632599038694e+00 1.433859814390573774e+03 -4.679110044990757444e+00
1.313941900338980950e+00 1.361751458464138977e+03 -4.489615643197150341e+00
1.313708197307442926e+00 1.370827271759496625e+03 -4.581446106792338213e+00
1.315630445206692478e+00 1.286109663759023533e+03 -4.458750168552362503e+00
1.314607499776526467e+00 1.373984482367154214e+03 -4.689882084614802160e+00
1.312552578869400799e+00 1.481764556808757334e+03 -4.745078561725239119e+00
1.316969470457368008e+00 1.289563223065715874e+03 -4.564764283386169019e+00
1.316650442664271559e+00 1.265140574469675812e+03 -4.455160539235869521e+00
1.315458176813620872e+00 1.392443537208136831e+03 -4.772900791517274754e+00
1.314969537703856162e+00 1.322233128574747298e+03 -4.447488970728623592e+00
1.314215260969482379e+00 1.383000552427845378e+03 -4.683258007545550328e+00
1.312522988533536772e+00 1.424849035681644409e+03 -4.604273767087032176e+00
1.315300919423552983e+00 1.292780614643242643e+03 -4.419679844571323457e+00
1.315300919423552983e+00 1.292780614643242643e+03 -4.419679844571323457e+00
1.313619518193260394e+00 1.462438966461783366e+03 -4.814983253977785260e+00
1.312912993548934093e+00 1.436086343069841405e+03 -4.707278792454632210e+00
1.313328786276224847e+00 1.449130921472056343e+03 -4.779204295590163909e+00
1.313269773704748067e+00 1.385630714282957115e+03 -4.539663681902193382e+00
1.316074257896959976e+00 1.272332981425819071e+03 -4.443727727950949280e+00
1.316840761748881539e+00 1.292740154370068012e+03 -4.586174828332460152e+00
1.315463161166933848e+00 1.394675871273115717e+03 -4.771887418446600471e+00
1.312517224831939888e+00 1.432714103091453126e+03 -4.610688378537147081e+00
1.315442065506192248e+00 1.310704789947154950e+03 -4.548952193571275338e+00
1.315442065506192248e+00 1.310704789947154950e+03 -4.548952193571275338e+00
1.312423598834212557e+00 1.443613088011405580e+03 -4.662715517190592962e+00
1.314589080478107519e+00 1.433475669044917595e+03 -4.801419403301784961e+00
1.313364680041999577e+00 1.380722819866737609e+03 -4.567397655996523476e+00
1.315327490547403722e+00 1.295908604245274546e+03 -4.459619263589265081e+00
1.313684472264979197e+00 1.429647438274786282e+03 -4.657629049171482016e+00
1.313684472264979197e+00 1.429647438274786282e+03 -4.657629049171482016e+00
1.315731046099665402e+00 1.375411787003204608e+03 -4.714274843069928167e+00
1.314771321403900073e+00 1.422855564699693559e+03 -4.800232421505453928e+00
1.314476197196837060e+00 1.346740291074566358e+03 -4.583584244086164716e+00
1.314397749866930143e+00 1.418683614874730665e+03 -4.786886885969223293e+00
1.315981761327092991e+00 1.290850093121213376e+03 -4.523810655383507573e+00
1.312747015613977108e+00 1.481951947242990173e+03 -4.782274251282066402e+00
1.314468132498847641e+00 1.356485789487149759e+03 -4.511513041269132884e+00
1.315351908687091731e+00 1.395436246610730905e+03 -4.768253812044215501e+00
1.315351908687091731e+00 1.395436246610730905e+03 -4.768253812044215501e+00
1.316474858130701087e+00 1.274018679573849113e+03 -4.497600738719246927e+00
1.316474858130701087e+00 1.274018679573849113e+03 -4.497600738719246927e+00
1.316202273827086877e+00 1.271217451434394661e+03 -4.451478836955264917e+00
1.316202273827086877e+00 1.271217451434394661e+03 -4.451478836955264917e+00
1.316365375774507962e+00 1.338540758345820450e+03 -4.671708839034103278e+00
1.316365375774507962e+00 1.338540758345820450e+03 -4.671708839034103278e+00
1.314921976806694648e+00 1.326353936511708071e+03 -4.554183669992047712e+00
1.314921976806694648e+00 1.326353936511708071e+03 -4.554183669992047712e+00
1.315426713297725758e+00 1.314250586765063417e+03 -4.558372831167213590e+00
1.313966050454721257e+00 1.440510257593406550e+03 -4.800894586295746613e+00
1.314942249648397565e+00 1.347228389349665576e+03 -4.517513342764298834e+00
1.316621117450867517e+00 1.286431115871522252e+03 -4.557732058186857671e+00
1.313681792787172453e+00 1.453560098885620164e+03 -4.735175001973036757e+00
1.314949914414386134e+00 1.360917161698706650e+03 -4.551563490760295316e+00
1.314982289976610819e+00 1.349620372578098340e+03 -4.523735353251979063e+00
1.314982289976610819e+00 1.349620372578098340e+03 -4.523735353251979063e+00
1.315171551345204470e+00 1.315958819064697536e+03 -4.457870849286578618e+00
1.315105958458111512e+00 1.398048647773335688e+03 -4.778143979973458855e+00
1.316376381010470276e+00 1.305666175490983278e+03 -4.531586564653778737e+00
1.316376381010470276e+00 1.305666175490983278e+03 -4.531586564653778737e+00
1.316065287613811030e+00 1.317558151283419193e+03 -4.626330038556022650e+00
1.315470151717258451e+00 1.360290490987653357e+03 -4.601668611550834065e+00
1.314620580387033444e+00 1.377480224099632096e+03 -4.701932229592511447e+00
1.313847262142616934e+00 1.453533360651909561e+03 -4.810658678242532460e+00
1.313781785986993134e+00 1.429026411917625637e+03 -4.767980576769086376e+00
1.313781785986993134e+00 1.429026411917625637e+03 -4.767980576769086376e+00
1.316736380903102077e+00 1.288133474320076402e+03 -4.565335435902500905e+00
1.315376639002741044e+00 1.372328598973595717e+03 -4.734791046420606442e+00
1.315376639002741044e+00 1.372328598973595717e+03 -4.734791046420606442e+00
1.315438553591768089e+00 1.358035714687656991e+03 -4.703949321993472488e+00
1.313384586614195548e+00 1.386184328028240998e+03 -4.593697234360065274e+00
1.314334977930824877e+00 1.341847522372020421e+03 -4.468178344570550742e+00
1.314334977930824877e+00 1.341847522372020421e+03 -4.468178344570550742e+00
1.315481786824991950e+00 1.299296417718374869e+03 -4.435966581562567512e+00
1.313605981825749947e+00 1.368641130508802917e+03 -4.514040961985157807e+00
1.315868688419443711e+00 1.333911523625325117e+03 -4.552130745115077204e+00
1.315868688419443711e+00 1.333911523625325117e+03 -4.552130745115077204e+00
1.316074430712444565e+00 1.300903513076448007e+03 -4.477578856944132824e+00
1.315994736500687434e+00 1.357740296789857894e+03 -4.711588718158085776e+00
1.313686011027851652e+00 1.405061647857256503e+03 -4.595579100072942680e+00
1.316531390484882325e+00 1.282774522726072519e+03 -4.534834345140476231e+00
1.315057392217862775e+00 1.322716507112834279e+03 -4.456595490442232688e+00
1.313323580610084029e+00 1.457065468014209500e+03 -4.786140643353194335e+00
1.313837947620833502e+00 1.408350390950769906e+03 -4.609365856520502902e+00
1.315806401102306955e+00 1.374562010834314833e+03 -4.734431310307114948e+00
1.314639491469636212e+00 1.359618218627225360e+03 -4.644810613317931214e+00
1.315922250740408250e+00 1.358968352319208407e+03 -4.717192988568573497e+00
1.316876372746115909e+00 1.293894751304623696e+03 -4.560241113261183976e+00
1.312854845746807220e+00 1.411505859320523768e+03 -4.608766210081490122e+00
1.314549114578951849e+00 1.427929104493295199e+03 -4.792069379565409015e+00
1.314549114578951849e+00 1.427929104493295199e+03 -4.792069379565409015e+00
1.314085519437812266e+00 1.363224975470895060e+03 -4.500415410379755343e+00
1.314085519437812266e+00 1.363224975470895060e+03 -4.500415410379755343e+00
1.314352400603486792e+00 1.431519944945395082e+03 -4.734214264541301453e+00
1.316033583700079612e+00 1.333880396520520662e+03 -4.666649109252272609e+00
1.312495608395686686e+00 1.443075693513712622e+03 -4.636084619978065646e+00
1.315989303987739056e+00 1.357094283830186214e+03 -4.708307727729043712e+00
1.315143538875925611e+00 1.388158610497946484e+03 -4.668977059769592763e+00
1.315143538875925611e+00 1.388158610497946484e+03 -4.668977059769592763e+00
1.316340207406564433e+00 1.332285927525122133e+03 -4.616560534420867334e+00
1.316340207406564433e+00 1.332285927525122133e+03 -4.616560534420867334e+00
1.315326388856882023e+00 1.322189500030758609e+03 -4.473744449753732866e+00
1.313246668261075722e+00 1.405520801893692806e+03 -4.647511169915073737e+00
1.313246668261075722e+00 1.405520801893692806e+03 -4.647511169915073737e+00
1.315765183026557983e+00 1.331474328430430432e+03 -4.538675919222415978e+00
1.315765183026557983e+00 1.331474328430430432e+03 -4.538675919222415978e+00
1.314369745470388651e+00 1.338328224059423974e+03 -4.524433954496937638e+00
1.313214928527290715e+00 1.388689392685635084e+03 -4.556352140609035040e+00
1.313214928527290715e+00 1.388689392685635084e+03 -4.556352140609035040e+00
1.316787367136706077e+00 1.288696010381252563e+03 -4.537549587023368858e+00
1.314435102237572650e+00 1.340537417178815303e+03 -4.545388736424080811e+00
1.314380603671872372e+00 1.422591136098096285e+03 -4.699421175292623154e+00
1.316772283967015733e+00 1.286679963636362118e+03 -4.549109392609710589e+00
1.313501649167748697e+00 1.375968480031758190e+03 -4.535228437106938237e+00
1.313501649167748697e+00 1.375968480031758190e+03 -4.535228437106938237e+00
1.316474089896582544e+00 1.324201609627592916e+03 -4.603368872802384715e+00
1.316474089896582544e+00 1.324201609627592916e+03 -4.603368872802384715e+00
1.313456936479145298e+00 1.380934850144503343e+03 -4.578006678129234786e+00
1.316407543777446731e+00 1.310005549541971959e+03 -4.546469112554832215e+00
1.313969965430899833e+00 1.352106839890675701e+03 -4.522807147614789081e+00
1.315429652283062856e+00 1.297808914320155509e+03 -4.480131935154112455e+00
1.316804636303799736e+00 1.281427515108247462e+03 -4.511099325539870364e+00
1.316219630957102149e+00 1.343060782025411527e+03 -4.685136525561045318e+00
1.316349711216212581e+00 1.295107573696722284e+03 -4.566614458558419187e+00
1.313802278264578405e+00 1.447733387520553379e+03 -4.744869332777310156e+00
1.313802278264578405e+00 1.447733387520553379e+03 -4.744869332777310156e+00
1.316477514379593261e+00 1.273715724180142161e+03 -4.447556294961150236e+00
1.314638874389651324e+00 1.325125503615339312e+03 -4.494438996000495123e+00
1.314638874389651324e+00 1.325125503615339312e+03 -4.494438996000495123e+00
1.314003488697235822e+00 1.358716999881408810e+03 -4.499648572643716093e+00
1.314799685431522702e+00 1.362511352735763239e+03 -4.665879832150615414e+00
1.314997692182185762e+00 1.382068920307421195e+03 -4.624474625801128447e+00
1.313567424684623841e+00 1.428573002203589795e+03 -4.651646024205669860e+00
1.315597714697009035e+00 1.379190457881065640e+03 -4.743177235003231296e+00
1.313693280519723450e+00 1.442085745398046356e+03 -4.785060669307165782e+00
1.315733449041057712e+00 1.311278149713054745e+03 -4.574063203381260934e+00
1.313671271349597047e+00 1.391727814158245337e+03 -4.551754189328963029e+00
1.313671271349597047e+00 1.391727814158245337e+03 -4.551754189328963029e+00
1.312906770221968111e+00 1.452022951682454277e+03 -4.742480649775814072e+00
1.315219119552332838e+00 1.323854914114181156e+03 -4.569426181777571649e+00
1.316709572205493561e+00 1.296728684964484728e+03 -4.572719448657147190e+00
1.315004867456512239e+00 1.412082216098460322e+03 -4.753929767560527431e+00
1.312743419173401538e+00 1.460131930293679261e+03 -4.741194861084792045e+00
1.312604752383102147e+00 1.459002793320943056e+03 -4.692451268499802097e+00
1.313902603038651362e+00 1.411174529806007740e+03 -4.620043330635299483e+00
1.313902603038651362e+00 1.411174529806007740e+03 -4.620043330635299483e+00
1.316633823873190279e+00 1.272265901758665450e+03 -4.485282957100933388e+00
1.316633823873190279e+00 1.272265901758665450e+03 -4.485282957100933388e+00
1.312620172188320389e+00 1.459412512612122555e+03 -4.692516401376629176e+00
1.312760240650180377e+00 1.439978090456878590e+03 -4.691136937721325673e+00
1.314052488548422160e+00 1.348616366502366873e+03 -4.510466986350885499e+00
1.314052488548422160e+00 1.348616366502366873e+03 -4.510466986350885499e+00
1.312716879885723165e+00 1.423989130311653753e+03 -4.598320561822271557e+00
1.315054198872944724e+00 1.384287493887512028e+03 -4.742893905547166611e+00
1.315054198872944724e+00 1.384287493887512028e+03 -4.742893905547166611e+00
1.314029660970507329e+00 1.387517846914164465e+03 -4.568346500144001787e+00
1.313130869286026847e+00 1.471860089465463716e+03 -4.778804156360638267e+00
1.313130869286026847e+00 1.471860089465463716e+03 -4.778804156360638267e+00
1.313169809177822334e+00 1.434428606129804848e+03 -4.724643361902599814e+00
1.314587617893107074e+00 1.384940723546324989e+03 -4.714107808984029369e+00
1.313221896854525061e+00 1.398097884076987157e+03 -4.561673148676192113e+00
1.314990997589810418e+00 1.407776275151614755e+03 -4.739189250932995812e+00
1.314990997589810418e+00 1.407776275151614755e+03 -4.739189250932995812e+00
1.313028457585824871e+00 1.406346741487473309e+03 -4.586466853042188596e+00
1.313401746492351085e+00 1.431009936709776866e+03 -4.737376647092283122e+00
1.313528788582523754e+00 1.381276570527672902e+03 -4.588592990743334710e+00
1.314857817839525378e+00 1.348740374301323754e+03 -4.518199252382681053e+00
1.315635940110739810e+00 1.334645783931226561e+03 -4.642179005684017312e+00
1.315635940110739810e+00 1.334645783931226561e+03 -4.642179005684017312e+00
1.315021629023333194e+00 1.310232899138590255e+03 -4.451129556152760181e+00
1.314470490464807906e+00 1.406591017618013666e+03 -4.761540642384309407e+00
1.313081418519639776e+00 1.434326361775836176e+03 -4.628759518699188114e+00
1.312949554782776751e+00 1.469279064707249063e+03 -4.765679977998553696e+00
1.312949554782776751e+00 1.469279064707249063e+03 -4.765679977998553696e+00
1.312979300185813880e+00 1.403368817627813314e+03 -4.565991176429860410e+00
1.316495786910436339e+00 1.323158852401302283e+03 -4.615344718056100248e+00
1.316495786910436339e+00 1.323158852401302283e+03 -4.615344718056100248e+00
1.313470027744512159e+00 1.443649221158668752e+03 -4.684711442496801936e+00
1.316302094079497387e+00 1.333198592159265445e+03 -4.618050852769126635e+00
1.313074911145577950e+00 1.399252654433450289e+03 -4.574633646420298128e+00
1.313074911145577950e+00 1.399252654433450289e+03 -4.574633646420298128e+00
1.313912288243859194e+00 1.364545688228894278e+03 -4.500070135965913209e+00
1.314723848859176591e+00 1.419926136433453848e+03 -4.750372969749401264e+00
1.314723848859176591e+00 1.419926136433453848e+03 -4.750372969749401264e+00
1.312700959468920736e+00 1.474203650418464804e+03 -4.761554400444471646e+00
1.312700959468920736e+00 1.474203650418464804e+03 -4.761554400444471646e+00
1.313196072399948733e+00 1.420195061071622604e+03 -4.685531473547852599e+00
1.312977178775919240e+00 1.471198308770904532e+03 -4.771033857045765991e+00
1.312899868645266643e+00 1.452344156152536698e+03 -4.739657707142132637e+00
1.314083924065036380e+00 1.428237878649031927e+03 -4.699920316427100175e+00
1.316662958062267519e+00 1.298999788777084859e+03 -4.577104886868604616e+00
1.315941816651261975e+00 1.350244217178615145e+03 -4.634310024212831003e+00
1.315865815586463539e+00 1.301474396180861504e+03 -4.467030540760758228e+00
1.315865815586463539e+00 1.301474396180861504e+03 -4.467030540760758228e+00
1.314926262525221157e+00 1.393021841235486136e+03 -4.755316685381478337e+00
1.316267451156322821e+00 1.302160614202509123e+03 -4.579519001805370415e+00
1.316267451156322821e+00 1.302160614202509123e+03 -4.579519001805370415e+00
1.314504471862464996e+00 1.339178887472538236e+03 -4.479986203442926751e+00
1.314504471862464996e+00 1.339178887472538236e+03 -4.479986203442926751e+00
1.313824814089958437e+00 1.390422460266151120e+03 -4.560865320806686718e+00
1.314000089783904368e+00 1.407917775273750976e+03 -4.730460607298454079e+00
1.313576797463887669e+00 1.439577889335033660e+03 -4.689237372869707876e+00
1.313385153108883374e+00 1.427017359635608955e+03 -4.723299895588796815e+00
1.313385153108883374e+00 1.427017359635608955e+03 -4.723299895588796815e+00
1.315315221123226630e+00 1.359793939929018507e+03 -4.589951928260981973e+00
1.315171141070939687e+00 1.323111653464708297e+03 -4.469013043867577473e+00
1.313509886679786076e+00 1.377996969374217770e+03 -4.562077772712162194e+00
1.313509886679786076e+00 1.377996969374217770e+03 -4.562077772712162194e+00
1.313208233605538400e+00 1.391520421199907105e+03 -4.570646188339969385e+00
1.312736655664175744e+00 1.444890778739278403e+03 -4.643239968026167119e+00
1.314950854732863883e+00 1.408469449685422205e+03 -4.736811132153893489e+00
1.314707354302230069e+00 1.326326097979558199e+03 -4.509296924240107529e+00
1.315638125087716048e+00 1.290725240687299902e+03 -4.454161128978262774e+00
1.315638125087716048e+00 1.290725240687299902e+03 -4.454161128978262774e+00
1.314293423978105446e+00 1.365180880449623601e+03 -4.532890713762472323e+00
1.315724233909228325e+00 1.332946122739422890e+03 -4.541270737740525476e+00
1.315735680313786737e+00 1.353076513597543681e+03 -4.610612998579810551e+00
1.313587418093289605e+00 1.430185038862494821e+03 -4.749178028558427300e+00
1.316410393957111680e+00 1.279704485701244266e+03 -4.472964935983382517e+00
1.316649288666377204e+00 1.294434935769527556e+03 -4.567928418564674686e+00
1.316649288666377204e+00 1.294434935769527556e+03 -4.567928418564674686e+00
1.313917321341876221e+00 1.354364252921190655e+03 -4.510377191139344433e+00
1.314199299574058344e+00 1.434156079508645007e+03 -4.793137980092269324e+00
1.315450933716360460e+00 1.336678569045430095e+03 -4.537068593037479225e+00
1.314487563703054196e+00 1.412193526642795860e+03 -4.771799728711451749e+00
1.314537162178119667e+00 1.399673269080817590e+03 -4.643984014990540921e+00
1.316291374878442388e+00 1.299305107967680215e+03 -4.506615040614367018e+00
1.313203316915589669e+00 1.449344929820193784e+03 -4.757424278017802877e+00
1.314684939744988679e+00 1.411034082253962879e+03 -4.776590466142928371e+00
1.314165901351378896e+00 1.418219789407729195e+03 -4.674156124732111728e+00
1.316367566910728870e+00 1.286346456202211129e+03 -4.491192309422415541e+00
1.313877797662876157e+00 1.386447315823942972e+03 -4.562176279843481730e+00
1.313877797662876157e+00 1.386447315823942972e+03 -4.562176279843481730e+00
1.313636907954720545e+00 1.432402813774761171e+03 -4.666483320152363667e+00
1.315058862598045719e+00 1.379793715404149225e+03 -4.631530632931891489e+00
1.314707434852840029e+00 1.387388409946030151e+03 -4.729094713478816381e+00
1.314707434852840029e+00 1.387388409946030151e+03 -4.729094713478816381e+00
1.314282550732108090e+00 1.418278334179264220e+03 -4.770103951328812819e+00
1.312949150570204671e+00 1.461451909617541560e+03 -4.715436940125065313e+00
1.313865465090962026e+00 1.365654256291331421e+03 -4.564744136062740765e+00
1.313058169432914202e+00 1.402768137220188692e+03 -4.568622353053783058e+00
1.316047488205812854e+00 1.286645675346486769e+03 -4.467095827206840397e+00
1.313244164762702448e+00 1.455651020743463050e+03 -4.735243574153540358e+00
1.315266590331634733e+00 1.311885737339217485e+03 -4.455784420182933303e+00
1.315266590331634733e+00 1.311885737339217485e+03 -4.455784420182933303e+00
1.314381486419216261e+00 1.383151713189574821e+03 -4.689544723310620888e+00
1.313435906316635204e+00 1.407085664788621671e+03 -4.591670582668328393e+00
1.314741689531048419e+00 1.325107495415739095e+03 -4.500226634606486975e+00
1.313373496131072571e+00 1.438262063577513800e+03 -4.746804648113353231e+00
1.315986172463816439e+00 1.350155193744813914e+03 -4.647713463368710940e+00
1.315663121981733186e+00 1.307232112408568810e+03 -4.477021034068661365e+00
1.315724766019708891e+00 1.307150424616497503e+03 -4.552125268583422368e+00
1.315724766019708891e+00 1.307150424616497503e+03 -4.552125268583422368e+00
1.313285801511118844e+00 1.441491409550218350e+03 -4.747634606659507206e+00
1.313285801511118844e+00 1.441491409550218350e+03 -4.747634606659507206e+00
1.313024695110777129e+00 1.409180168955233512e+03 -4.589935850756696745e+00
1.314026115334451905e+00 1.386478277905973982e+03 -4.668528981149948187e+00
1.312809474936750043e+00 1.447950003823997349e+03 -4.676907080943328410e+00
1.314702653510826602e+00 1.370899954180916211e+03 -4.568243567728965893e+00
1.316166086416128200e+00 1.329077810418126091e+03 -4.649142640267534432e+00
1.315896974438471423e+00 1.337707042305162304e+03 -4.588503004603596835e+00
1.315896974438471423e+00 1.337707042305162304e+03 -4.588503004603596835e+00
1.314148678579922125e+00 1.441427455665947036e+03 -4.780225508465085760e+00
1.316600552364950438e+00 1.302911752445912953e+03 -4.561329536130214635e+00
1.312871964602615682e+00 1.463346124554901962e+03 -4.713495533633039081e+00
1.315928279557208702e+00 1.293079928985815059e+03 -4.455165415767561754e+00
1.315090637004758367e+00 1.380354269913861572e+03 -4.637185165940603149e+00
1.315316917979085565e+00 1.374702049578969991e+03 -4.727633670724730841e+00
1.315316917979085565e+00 1.374702049578969991e+03 -4.727633670724730841e+00
1.316132134115605146e+00 1.289782382810525405e+03 -4.515842322806022047e+00
1.316097055386135528e+00 1.297849185407261302e+03 -4.547388464560246035e+00
1.313654087424493522e+00 1.377516638925750385e+03 -4.538370299004166775e+00
1.315736839595484042e+00 1.294267002320998017e+03 -4.445017482378700535e+00
1.314007644154130627e+00 1.396300473945622798e+03 -4.697826102698360096e+00
1.313089817482223420e+00 1.410902905953338404e+03 -4.585548094764222427e+00
1.314512839076268813e+00 1.343806941029668906e+03 -4.560649779218443278e+00
1.312894329520007064e+00 1.445423954710209273e+03 -4.681431009670776078e+00
1.312899444400332793e+00 1.443794230371783215e+03 -4.652434244607614566e+00
1.316307817996239748e+00 1.309644531256360096e+03 -4.543541052868378394e+00
1.316002536570987536e+00 1.293627175325540065e+03 -4.519538335356950043e+00
1.315344618040372282e+00 1.301599428779513801e+03 -4.458563200625540901e+00
1.316339077089735410e+00 1.307610490185667913e+03 -4.594629800857905622e+00
1.315315064597252892e+00 1.302627292615424039e+03 -4.468860409297961134e+00
1.313645117952248365e+00 1.393340278504974776e+03 -4.557647699923682794e+00
1.313981705523438626e+00 1.436228102957162264e+03 -4.731299430083245383e+00
1.315140586624679697e+00 1.309306703724921590e+03 -4.472622065020043003e+00
1.314097263479666600e+00 1.439685602961935047e+03 -4.782625697398943387e+00
1.314213898971088756e+00 1.361197453884696188e+03 -4.594751083989800478e+00
1.314836289177898188e+00 1.409285242831997266e+03 -4.722842794106189679e+00
1.314666627503375596e+00 1.422695333760660787e+03 -4.758463031989279557e+00
1.313049855746177386e+00 1.408147915331149534e+03 -4.605059133514254555e+00
1.313999144029629917e+00 1.379329736342825527e+03 -4.547934630330661143e+00
1.313439399886901171e+00 1.431183321070941247e+03 -4.652061977124652081e+00
1.313771695728765732e+00 1.409826634629808723e+03 -4.614137951601604115e+00
1.313771695728765732e+00 1.409826634629808723e+03 -4.614137951601604115e+00
1.314030744774890236e+00 1.438013754067789023e+03 -4.780919904320819924e+00
1.316245670398144441e+00 1.328769661508173158e+03 -4.644188788098126075e+00
1.315485186478346780e+00 1.326005518132925999e+03 -4.599740072424030046e+00
1.313806063723331530e+00 1.380429211677253079e+03 -4.540578014986764721e+00
1.313290451834232764e+00 1.397567681071252082e+03 -4.612918259567346801e+00
1.312870657540561536e+00 1.427176889622067620e+03 -4.640635040132410793e+00
1.315735655824458838e+00 1.311477260851402434e+03 -4.486993863167247909e+00
1.315735655824458838e+00 1.311477260851402434e+03 -4.486993863167247909e+00
1.314575685859714405e+00 1.374720321638392534e+03 -4.678028689882328450e+00
1.313785652222691169e+00 1.453447986234188420e+03 -4.780008132332811854e+00
1.314902729904585899e+00 1.409738343510896811e+03 -4.767423042714469261e+00
1.313021240299018899e+00 1.421753835188491394e+03 -4.606549993196874304e+00
1.316239408495883723e+00 1.326254499233120441e+03 -4.637295358721048366e+00
1.316239408495883723e+00 1.326254499233120441e+03 -4.637295358721048366e+00
1.313292656440613326e+00 1.460263484246863982e+03 -4.751813656721837198e+00
1.315047601792715515e+00 1.316184366477548110e+03 -4.475063218155512779e+00
1.312770183387971468e+00 1.461216910947112410e+03 -4.730501669684900712e+00
1.314797517093587498e+00 1.411123154718429305e+03 -4.722033080458640342e+00
1.314797517093587498e+00 1.411123154718429305e+03 -4.722033080458640342e+00
1.315135016564736858e+00 1.377324218117000328e+03 -4.725266006977085098e+00
1.313191228635138375e+00 1.456416314912761891e+03 -4.743320336960477945e+00
1.313309237607541924e+00 1.397839966197652529e+03 -4.571841883236676729e+00
1.314909498357644368e+00 1.407627385624483850e+03 -4.737668799349705751e+00
1.313552975438864179e+00 1.433944576443621372e+03 -4.664815792230307068e+00
1.313364951936600189e+00 1.414695571161245653e+03 -4.596123732260555705e+00
1.315426179998384182e+00 1.325749458376148141e+03 -4.592203649216074268e+00
1.316066073736473108e+00 1.319049846564735162e+03 -4.615474873469270989e+00
1.313897638263502810e+00 1.360357935208178105e+03 -4.527046795428972814e+00
1.316244648745725332e+00 1.333896958660822975e+03 -4.623065784040811366e+00
1.315464800111648236e+00 1.381815534218627363e+03 -4.735206928413610683e+00
1.314620636808894627e+00 1.330253102977330855e+03 -4.482284590151641268e+00
1.315401118865181074e+00 1.302543334982340639e+03 -4.455550687156586420e+00
1.312934306383803040e+00 1.431053168439612591e+03 -4.630365210630079886e+00
1.312934306383803040e+00 1.431053168439612591e+03 -4.630365210630079886e+00
1.315456833255464364e+00 1.320977476545164791e+03 -4.574942627299300568e+00
1.312900113549105630e+00 1.463387798745299961e+03 -4.751374075950931974e+00
1.312801355987361696e+00 1.448207420234181882e+03 -4.689109749993281007e+00
1.313145302724084029e+00 1.417022662516072160e+03 -4.658993856153132995e+00
1.313180403007126795e+00 1.410065665953701227e+03 -4.642336743377700081e+00
1.313541719227811821e+00 1.420054311672257427e+03 -4.629678976318406747e+00
1.313280127633575045e+00 1.394367515292136886e+03 -4.554338671832379504e+00
1.316536133586038382e+00 1.302173609184426823e+03 -4.571974229648430921e+00
1.313619865924145369e+00 1.381477832054330065e+03 -4.539518341631476162e+00
1.313231671372348197e+00 1.407387193959868910e+03 -4.638086554239869486e+00
1.315121563585986308e+00 1.346208828862344035e+03 -4.541998482521234948e+00
1.314853974784945922e+00 1.379335250675282168e+03 -4.613188176334495516e+00
1.312843422459097020e+00 1.441655009317829808e+03 -4.655075789537840514e+00
1.314662612227330163e+00 1.365661757845208513e+03 -4.658595555651199760e+00
1.312972280899030286e+00 1.420122092232412342e+03 -4.612310397442271004e+00
1.313525653809841431e+00 1.436687020265464071e+03 -4.750158181017940962e+00
1.316142167813666219e+00 1.291694519568599844e+03 -4.518324518572567783e+00
1.314132160090215384e+00 1.425144616707173554e+03 -4.766056910171696082e+00
1.313143555803355067e+00 1.425472042907123523e+03 -4.682688329036391650e+00
1.314714679610844872e+00 1.339869069385033981e+03 -4.494890792439998783e+00
1.314087665491631585e+00 1.386218867469787710e+03 -4.670419224275182302e+00
1.314087665491631585e+00 1.386218867469787710e+03 -4.670419224275182302e+00
1.315672604280468727e+00 1.303772428547794561e+03 -4.524453843429507849e+00
1.314578281224405121e+00 1.395763852868180948e+03 -4.646751823084835920e+00
1.315287127786614052e+00 1.363038296278250073e+03 -4.694672884562079318e+00
1.315287127786614052e+00 1.363038296278250073e+03 -4.694672884562079318e+00
1.314953180318346959e+00 1.339214146028957657e+03 -4.507075569790169212e+00
1.315770898921507337e+00 1.355227021654294049e+03 -4.650645443063210038e+00
1.313455211697054370e+00 1.448373937541244686e+03 -4.764298610093721464e+00
1.313415928982490266e+00 1.412402867835145571e+03 -4.680312288746638849e+00
1.314646303701321184e+00 1.336360905879085294e+03 -4.540864602538245087e+00
1.316277773080990254e+00 1.299483847486555987e+03 -4.558272234254242328e+00
1.315136773226052824e+00 1.370780761014562358e+03 -4.706475663209270799e+00
1.312960022539110705e+00 1.435566278793711263e+03 -4.664433509870089978e+00
1.316317177573349984e+00 1.289556183124843983e+03 -4.502115004445832902e+00
1.315008459527670759e+00 1.319026789704857038e+03 -4.506529104756853421e+00
1.315061740561053849e+00 1.381989673797960222e+03 -4.640811505398136916e+00
1.315848843779273913e+00 1.327924023123284996e+03 -4.628192370341507988e+00
1.315663676423377559e+00 1.302586973115973251e+03 -4.516647387073917663e+00
1.314377963138620320e+00 1.414306267424725547e+03 -4.764317612340885688e+00
1.316203598793664664e+00 1.301406766341816819e+03 -4.509153548261459754e+00
1.314369759805273929e+00 1.425491146063475071e+03 -4.756977410293172781e+00
1.316509760868049161e+00 1.293802771732788415e+03 -4.526722157856320372e+00
1.312781463026477802e+00 1.432826697258714375e+03 -4.638504328426673595e+00
1.313861825744189638e+00 1.367891754233427946e+03 -4.532620147746121653e+00
1.315051934356269436e+00 1.313626775609907099e+03 -4.474683496344441735e+00
1.315051934356269436e+00 1.313626775609907099e+03 -4.474683496344441735e+00
1.314877428137801951e+00 1.402954513528678035e+03 -4.696292486133912369e+00
1.313876174160000021e+00 1.373202520755053683e+03 -4.527492948045463095e+00
1.313154449488536324e+00 1.445525474378654962e+03 -4.700296324236616030e+00
1.315682163003987659e+00 1.309587636827629467e+03 -4.549546084569500159e+00
1.316124056633461992e+00 1.296610813287823021e+03 -4.502177738116282413e+00
1.316235134432030218e+00 1.322139634892133472e+03 -4.579756247861224594e+00
1.315413930819822941e+00 1.361152794362408258e+03 -4.610656702385193206e+00
1.316072665161487798e+00 1.290110920367686958e+03 -4.494840518299886511e+00
1.312859052718279518e+00 1.450575796692367931e+03 -4.689652699199651664e+00
1.313340584342904016e+00 1.430208068043876438e+03 -4.719427862395041195e+00
1.314325086921793506e+00 1.427730917203371064e+03 -4.767310177988820286e+00
1.315409425134856036e+00 1.307583920251970312e+03 -4.504398837762000340e+00
1.315301343531681599e+00 1.310273789280765413e+03 -4.469803361253055662e+00
1.314484251444832497e+00 1.374535792226435206e+03 -4.560470321414642925e+00
1.314343637154053557e+00 1.426922458825089507e+03 -4.760075195266931125e+00
1.315949781570194155e+00 1.291360637091240278e+03 -4.484348744992278313e+00
1.314311896181535655e+00 1.429264932704844114e+03 -4.769064240698823731e+00
1.315729203091369204e+00 1.362889285961667156e+03 -4.662795475662190547e+00
1.314502637653568673e+00 1.377565846318721924e+03 -4.582488406862840868e+00
1.315025180598414334e+00 1.396997608075851076e+03 -4.709581177978301447e+00
1.312967068863054365e+00 1.431581307706083635e+03 -4.636289176121184852e+00
1.316184125823950390e+00 1.307201363290825157e+03 -4.536022886434191825e+00
1.312777788626704023e+00 1.454116167341454002e+03 -4.688175831311486519e+00
1.316040234897226435e+00 1.292474690013130612e+03 -4.504782204562648218e+00
1.315701209686384932e+00 1.310340865583682671e+03 -4.490229671561301039e+00
1.315368650110983140e+00 1.310151409512506916e+03 -4.511522939540384414e+00
1.316194425327417816e+00 1.309714973646605813e+03 -4.539438167565369220e+00
1.313520480843447968e+00 1.444629238998744540e+03 -4.701753718614174460e+00
1.313702701691557229e+00 1.373317833689637837e+03 -4.533411408573827295e+00
1.314098217048434325e+00 1.376373158353816279e+03 -4.556746506286828868e+00
1.314692336071765499e+00 1.367491838224765161e+03 -4.569279744159638668e+00
1.314280976022095926e+00 1.386467929611503905e+03 -4.594038277280080074e+00
1.313823704581746465e+00 1.443401871144879578e+03 -4.733283456678316625e+00
1.315050688358186726e+00 1.404250386612212651e+03 -4.738455359136461098e+00
1.314452926801777277e+00 1.360752545569294398e+03 -4.615193675028940845e+00
1.312817407458901853e+00 1.441332950062865393e+03 -4.671640130814970426e+00
1.315720850304703093e+00 1.360957702597844673e+03 -4.659910808656237080e+00
1.312980171219271464e+00 1.444657379841649345e+03 -4.717172218488731694e+00
1.314247170376901863e+00 1.396760254486402573e+03 -4.713782260435387172e+00
1.313211720743322708e+00 1.408452904136166580e+03 -4.631239232693066477e+00
1.313264685027639267e+00 1.440232531215951212e+03 -4.732618374818023277e+00
1.316304011007107366e+00 1.299459938727992721e+03 -4.531324698357650504e+00
1.313768881080437101e+00 1.415145624068190955e+03 -4.644720125492674434e+00
1.314379235517350031e+00 1.361711234389620586e+03 -4.609555417155240420e+00
1.313298347621562279e+00 1.433412380272611927e+03 -4.651899649489758204e+00
1.315269665805247623e+00 1.386184732173965131e+03 -4.727002016277893404e+00
1.313654909548559679e+00 1.426328397144210385e+03 -4.734031239243029709e+00
1.313413373425271535e+00 1.451709959351600446e+03 -4.762346446368498576e+00
1.313745389454839430e+00 1.375621349133925378e+03 -4.571338687879114460e+00
1.313290604228506409e+00 1.409683153448829216e+03 -4.598356013904273176e+00
1.313798935523026179e+00 1.428221925795555308e+03 -4.684094774171514430e+00
1.314879388967276519e+00 1.357748578068952611e+03 -4.556927204806507703e+00
1.313428266928493571e+00 1.421171791455824177e+03 -4.702165775232469258e+00
1.315330732959171467e+00 1.310164300250560245e+03 -4.499112758725980932e+00
1.314627508180053361e+00 1.332640285224772470e+03 -4.491175208302425226e+00
1.314349246322075393e+00 1.346676496678417607e+03 -4.523140078096065331e+00
1.314903865090792934e+00 1.369663401015277486e+03 -4.591023083504372160e+00
1.315767521406459029e+00 1.310534793043558693e+03 -4.498465549896188520e+00
1.315712245865367613e+00 1.310872797614768842e+03 -4.494344849075977422e+00
1.314605585332025761e+00 1.413951658162505964e+03 -4.707502652151489997e+00
1.315252987967042042e+00 1.386904217711885849e+03 -4.727013794518055256e+00
1.314585840216430324e+00 1.337494280351246289e+03 -4.523805617373204413e+00
1.314120178830575858e+00 1.419931570241002419e+03 -4.754586844420567004e+00
1.313648290965792054e+00 1.379992251606010313e+03 -4.579116596628574953e+00
1.315572714957336853e+00 1.371395649997005876e+03 -4.707579367338214915e+00
1.316143898058013795e+00 1.328420198580539591e+03 -4.612632486223933626e+00
1.315173583848894490e+00 1.391208736572236376e+03 -4.740843949085995490e+00
1.315927076382983563e+00 1.313425509898288055e+03 -4.515316717894257259e+00
1.314752110775890603e+00 1.386382348634870141e+03 -4.720214722145725794e+00
1.314566957441613004e+00 1.369021741266832350e+03 -4.654637976867417315e+00
1.313489136891546893e+00 1.397199459222217683e+03 -4.582665649935017349e+00
1.313386865998795727e+00 1.447933888063631684e+03 -4.745363858959468217e+00
1.315619587419027070e+00 1.301437495784561406e+03 -4.486144454638187895e+00
1.315033185179325992e+00 1.322672621954816805e+03 -4.479296166396317780e+00
1.314446480287700059e+00 1.421757184207128375e+03 -4.767622887461021364e+00
1.314445675713002082e+00 1.417679725334941850e+03 -4.719667195661195080e+00
1.313525181707616341e+00 1.392267381285750162e+03 -4.617155375520434646e+00
1.314386931652556489e+00 1.412146882240739387e+03 -4.677672443465459295e+00
1.316046068516688372e+00 1.314399335621928913e+03 -4.529491071876407204e+00
1.316195691325430683e+00 1.302251151703629148e+03 -4.518792966697303903e+00
1.314291835740340586e+00 1.388838056155053891e+03 -4.599556979266449019e+00
1.315686316811825574e+00 1.304497907819964666e+03 -4.519061650000793406e+00
1.313415672143444457e+00 1.433572476945486414e+03 -4.661473921527142572e+00
1.314824498942747999e+00 1.332588185340375276e+03 -4.540488411892265042e+00
1.315914693336076136e+00 1.299592114856976423e+03 -4.516812052997222438e+00
1.315971116398214846e+00 1.299982640938960685e+03 -4.525143076908079820e+00
1.312943707853806208e+00 1.439904430417221647e+03 -4.675635210298361599e+00
1.315944127230235683e+00 1.335083771897328234e+03 -4.609338101585167990e+00
1.314781044951435440e+00 1.331976774379414110e+03 -4.489315559907165465e+00
1.313995765673999783e+00 1.416296928856864724e+03 -4.736704106649029633e+00
1.315776650844274753e+00 1.334830058032410307e+03 -4.562314402261709922e+00
1.316272749557601207e+00 1.310136120349043722e+03 -4.563777482464334234e+00
1.313668030252184149e+00 1.379179328992599494e+03 -4.557696470672015110e+00
1.314790743566923492e+00 1.360348092877377667e+03 -4.554477576770833203e+00
1.314270474345012429e+00 1.355691827228941747e+03 -4.565485294379861614e+00
1.315230274765718743e+00 1.387337893433776344e+03 -4.712150246098574691e+00
1.315952695988305221e+00 1.306763406540841061e+03 -4.518230278553460266e+00
1.315360847375116826e+00 1.319965410657931443e+03 -4.494582472690821007e+00
1.314957586582152338e+00 1.331272790392377829e+03 -4.494085321793718890e+00
1.316233180529597702e+00 1.323829616247084232e+03 -4.613967513679659405e+00
1.315538655796951062e+00 1.369722849745967324e+03 -4.675805508575578529e+00
1.315249919634468023e+00 1.351646835832507350e+03 -4.566202426048318941e+00
1.313720230475277084e+00 1.377480972368362018e+03 -4.562082089925202588e+00
1.315332807751960820e+00 1.343491946659610221e+03 -4.634227663394696606e+00
1.315672818646901110e+00 1.329484601819262252e+03 -4.614622661737604936e+00
1.313710710750657595e+00 1.437741914548337945e+03 -4.753765640675730708e+00
1.313330791755642935e+00 1.428101965877314342e+03 -4.653682857053650146e+00
1.315857315992329690e+00 1.302078209150506154e+03 -4.489171164395438396e+00
1.315106191583540696e+00 1.355707710235448076e+03 -4.657180849396497457e+00
1.314373556565900936e+00 1.424231365455720606e+03 -4.723148172916331156e+00
1.314365917193200062e+00 1.385180462986729026e+03 -4.687221274113299252e+00
1.314835067317379425e+00 1.344908432247351811e+03 -4.510410554644576742e+00
1.313227295935552874e+00 1.441336899426441505e+03 -4.681175444814043907e+00
1.315185240977183145e+00 1.355932201052635492e+03 -4.663310725528219791e+00
1.315992872184533757e+00 1.339493808508106213e+03 -4.630098648169057363e+00
1.315171389238196875e+00 1.330126159453061291e+03 -4.505473119017874950e+00
1.315240150804128039e+00 1.377615395774223998e+03 -4.718068509937605626e+00
1.315124802336961274e+00 1.394206492064896793e+03 -4.743400974838634987e+00
1.314902728428544165e+00 1.334338401001586135e+03 -4.492471074676519294e+00
1.314985372397016627e+00 1.403217989951553363e+03 -4.727895729501181421e+00
1.315648707720993071e+00 1.353967376959580179e+03 -4.616176145522866925e+00
1.315233757252802560e+00 1.375173831845346740e+03 -4.659117504998460113e+00
1.314729075876239328e+00 1.396103049466102675e+03 -4.671352613820213939e+00
1.313650501516645086e+00 1.438087293777688046e+03 -4.750305281645541555e+00
1.314871421066071688e+00 1.349505055907866335e+03 -4.534117810935697435e+00
1.313652993082417453e+00 1.407841584835909316e+03 -4.684590326451991693e+00
1.314068448915241216e+00 1.400624183756330012e+03 -4.615411094421247640e+00
1.314062500621890450e+00 1.374935981238331351e+03 -4.540612906969442086e+00
1.316327057043493065e+00 1.304762286605032386e+03 -4.559473049814988244e+00
1.313602818462660915e+00 1.439331034633482432e+03 -4.709918459900460874e+00
1.314958893941290619e+00 1.371426651130588425e+03 -4.690409541792478265e+00
1.314237399221248381e+00 1.422641008062354786e+03 -4.762605107994162701e+00
1.314320411314727988e+00 1.369959710101540168e+03 -4.550811474398639866e+00
1.314298046706036116e+00 1.360707958985362666e+03 -4.591303138669515782e+00
1.314435793310085865e+00 1.414536456031181615e+03 -4.689831345800064000e+00
1.315782839761608036e+00 1.305578944456393401e+03 -4.516473316330790411e+00
1.313713657651583988e+00 1.434462653724278425e+03 -4.754808993877939649e+00
1.314826181187605192e+00 1.394114427578944287e+03 -4.660044893542647060e+00
1.315347668799394132e+00 1.313800849597551860e+03 -4.517458099922412984e+00
1.315917348337241055e+00 1.316595347857038178e+03 -4.584046387450051441e+00
1.313400048468173154e+00 1.398818895383053587e+03 -4.587073407061312835e+00
1.315507215146423547e+00 1.315870761990229312e+03 -4.546203310709111989e+00
1.315411264735298680e+00 1.354755338724988633e+03 -4.588685674674258586e+00
1.314983715037256085e+00 1.400498286269508526e+03 -4.723192357343527270e+00
1.314350741870689676e+00 1.352911424253589303e+03 -4.512162841703234228e+00
1.313644012289192364e+00 1.385242153082745062e+03 -4.592566954395215895e+00
1.315227153911177949e+00 1.322090780987050948e+03 -4.541793709777359744e+00
1.313248424847670570e+00 1.436342170346122884e+03 -4.707880128139161791e+00
1.312963552678370727e+00 1.454355180734966552e+03 -4.723110494361392853e+00
1.314156081980242252e+00 1.381948667084231602e+03 -4.568359869721716038e+00
1.315634620781560571e+00 1.346058271837307075e+03 -4.603910367955770688e+00
1.314128945022682293e+00 1.400050243382588633e+03 -4.620097339849798423e+00
1.314877655781719890e+00 1.343015831920168011e+03 -4.513507412758248627e+00
1.314368722427045055e+00 1.367053485731415549e+03 -4.624751260339100334e+00
1.315839264837338041e+00 1.305777115846643483e+03 -4.522009816620450096e+00
1.316210268922833215e+00 1.310498970332502267e+03 -4.564342541270796083e+00
1.315874408198066892e+00 1.336617322304021400e+03 -4.604740796490274235e+00
1.315573244098885208e+00 1.349720642435440368e+03 -4.664929521465660756e+00
1.314734061262783582e+00 1.360134389742368967e+03 -4.636890602151399143e+00
1.314684548049075863e+00 1.387972600291885101e+03 -4.716358002743884725e+00
1.315808093299983605e+00 1.301864325025960170e+03 -4.508128799815202647e+00
1.315298490495644179e+00 1.312730246326507768e+03 -4.495171673372905907e+00
1.315394993210652563e+00 1.321391406255837410e+03 -4.500454998938243634e+00
1.314478117025180248e+00 1.395554765879016486e+03 -4.722607864670639088e+00
1.313290439265762499e+00 1.441061241527283073e+03 -4.688273554900490581e+00
1.313520192734651371e+00 1.435839096281261845e+03 -4.730918923251464570e+00
1.315573499616005781e+00 1.363722027869333942e+03 -4.694548985868995494e+00
1.315735822287543266e+00 1.327895553018298187e+03 -4.553887814526998312e+00
1.315940648867688578e+00 1.336744439924639209e+03 -4.625214770752227089e+00
1.313664894095718960e+00 1.434437741571131937e+03 -4.685619072439864752e+00
1.313034385981949104e+00 1.440987630833954654e+03 -4.696703027270372033e+00
1.314348105969559644e+00 1.366864222310366131e+03 -4.620643214307176727e+00
1.313906726394274083e+00 1.373540469040771768e+03 -4.538890624837602417e+00
1.315804741097219788e+00 1.321924191907301520e+03 -4.594021071237088805e+00
1.315875607278210957e+00 1.338930451082501122e+03 -4.643307476371579590e+00
1.315806890709378729e+00 1.334263818143233038e+03 -4.632197023042475159e+00
1.315760952063310230e+00 1.307154756090178580e+03 -4.515728135389260878e+00
1.313815180315196507e+00 1.399671949427365689e+03 -4.676637645881386085e+00
1.315536026091663091e+00 1.309379795839121698e+03 -4.508492346320794653e+00
1.313289457210575328e+00 1.407973263594332138e+03 -4.626890674802396575e+00
1.314268088420508240e+00 1.357715589712187921e+03 -4.569144413928972526e+00
1.314200486335305840e+00 1.392751423931922091e+03 -4.600657523388465009e+00
1.315596716281068668e+00 1.308830782655091298e+03 -4.513470798494073399e+00
1.314253075425292128e+00 1.392306927495803393e+03 -4.604133534082698098e+00
1.316012286098050099e+00 1.308745621491057136e+03 -4.554650966790728894e+00
1.314721060539983055e+00 1.396777176745526958e+03 -4.736910088096821347e+00
1.314372629416113547e+00 1.415995465274172602e+03 -4.747648146138303105e+00
1.315927194983349313e+00 1.339623243586857370e+03 -4.623602070333552305e+00
1.315304757161680493e+00 1.344220897417800643e+03 -4.547979422654055526e+00
1.315333966884942640e+00 1.376067499428039127e+03 -4.686275218579144308e+00
1.313413057256865857e+00 1.423368920702797368e+03 -4.635773213741169130e+00
1.313894949444196714e+00 1.418885418728297282e+03 -4.665128917811706799e+00
1.315674562059279573e+00 1.350327288314464568e+03 -4.618893310212289549e+00
1.313623151054032379e+00 1.431946970808176275e+03 -4.738968119501057785e+00
1.315651629895902897e+00 1.309187370693523690e+03 -4.505055531059243279e+00
1.313755762744874822e+00 1.439238651409250451e+03 -4.744409189989570841e+00
1.314117321273295502e+00 1.397990369507259629e+03 -4.699959978515853010e+00
1.315152740915220608e+00 1.385829294041470803e+03 -4.717624871216756333e+00
1.315097158914011910e+00 1.325129750664968697e+03 -4.518280738618996928e+00
1.315091617524921208e+00 1.364486089725627835e+03 -4.676208311657292782e+00
1.315104173347515504e+00 1.321099733823827592e+03 -4.500433832764522357e+00
1.316103478485584954e+00 1.311379143233341438e+03 -4.547556723241369170e+00
1.313794917832912024e+00 1.423535325244371052e+03 -4.662896012229341913e+00
1.314080483511012920e+00 1.416301181691066631e+03 -4.736410996750572977e+00
1.313803461956458474e+00 1.385999968709400719e+03 -4.623277168965497452e+00
1.313238318023808526e+00 1.438784513079234785e+03 -4.690864796854145702e+00
1.315713506919911291e+00 1.318342962758968952e+03 -4.571644599522498353e+00
1.314623428549023476e+00 1.411510920065288246e+03 -4.752840905899496704e+00
1.313672481300969697e+00 1.436448525818441340e+03 -4.728204292209182924e+00
1.313832213208855570e+00 1.373190551917135508e+03 -4.544973078252585452e+00
1.313247029846543512e+00 1.442062670020704672e+03 -4.724837843705526730e+00
1.314976122800088243e+00 1.357250029967124647e+03 -4.647095720456774437e+00
1.314435525325342580e+00 1.364763366699625067e+03 -4.619308375161192970e+00
1.316116595309413828e+00 1.314429531408689172e+03 -4.581050691638367311e+00
1.314401982536779423e+00 1.401619368751178399e+03 -4.648270046567088976e+00
1.314830036581089656e+00 1.397241437889201734e+03 -4.692512490946169734e+00
1.314449208672312963e+00 1.394274637860584335e+03 -4.713999247922502356e+00
1.315942959256000355e+00 1.331651281300957635e+03 -4.588868091229405088e+00
1.314002367431017948e+00 1.405673931185741822e+03 -4.639228362785384974e+00
1.313330607793564475e+00 1.425575650881614138e+03 -4.664338927510637944e+00
1.314553113418893249e+00 1.351825597975084065e+03 -4.582381363905792426e+00
1.314412061185272984e+00 1.419316300112241606e+03 -4.732959419608841145e+00
1.314299238390679081e+00 1.388880127548953624e+03 -4.687456911707028162e+00
1.313666498325228638e+00 1.413464070798781677e+03 -4.623686932754898393e+00
1.313720127175301400e+00 1.432501736145322639e+03 -4.691388385086661117e+00
1.314777114019756832e+00 1.382558480105104536e+03 -4.621199848581739822e+00
1.314226449963489696e+00 1.417740849611471731e+03 -4.745420393291535532e+00
1.313822878418001050e+00 1.425637490880449604e+03 -4.732918031261018399e+00
1.313729733836152214e+00 1.442063995591428011e+03 -4.742858305696653787e+00
1.315306476948640446e+00 1.355145123431819684e+03 -4.601656781940959284e+00
1.315650070905071134e+00 1.317814659851215765e+03 -4.561732081501800984e+00
1.313642436144548453e+00 1.418567696494958454e+03 -4.648453363348724388e+00
1.313534186551565286e+00 1.412521273250331433e+03 -4.657210772682446986e+00
1.313196935922114728e+00 1.431115425562805513e+03 -4.668820861969569691e+00
1.314347930754378613e+00 1.393155906614034848e+03 -4.643415968542922379e+00
1.314347930754378613e+00 1.393155906614034848e+03 -4.643415968542922379e+00
1.314723578865116815e+00 1.358476748246271200e+03 -4.593055984430446159e+00
1.315115278996042303e+00 1.345533126924493899e+03 -4.600599538771373176e+00
1.315176241518724920e+00 1.360614610047957740e+03 -4.629821967150755668e+00
1.315176241518724920e+00 1.360614610047957740e+03 -4.629821967150755668e+00
1.314624855971566086e+00 1.388993116726611333e+03 -4.696942916440317362e+00
1.314624855971566086e+00 1.388993116726611333e+03 -4.696942916440317362e+00
1.314331833547035311e+00 1.403551169524503393e+03 -4.701716474935353496e+00
1.314331833547035311e+00 1.403551169524503393e+03 -4.701716474935353496e+00
1.314409480509505901e+00 1.396903817165777127e+03 -4.659440874636244345e+00
1.315099166609221992e+00 1.378628497384200045e+03 -4.684108744148024250e+00
1.313866117573125658e+00 1.417824560969120739e+03 -4.696001487176133971e+00
1.314941686667412846e+00 1.389585728243687754e+03 -4.684824661747266639e+00
1.314021276264570437e+00 1.424636771179981906e+03 -4.722005782576865762e+00
1.314687110574871198e+00 1.362285132881748723e+03 -4.601834385446924358e+00
1.314687110574871198e+00 1.362285132881748723e+03 -4.601834385446924358e+00
1.313605596570526446e+00 1.403733944411168522e+03 -4.653911093988933878e+00
1.313887900793713870e+00 1.376055883295943204e+03 -4.580008662934540453e+00
1.314424011343857446e+00 1.385113364746272055e+03 -4.678784066190123880e+00
1.315149535506486833e+00 1.364870896278357577e+03 -4.599524226547840655e+00
1.315454688238889336e+00 1.356781359436222374e+03 -4.656898980327400572e+00
1.313862795951781237e+00 1.404123636426180610e+03 -4.629813497398917121e+00
1.313862795951781237e+00 1.404123636426180610e+03 -4.629813497398917121e+00
1.313341111641226577e+00 1.419512017499647982e+03 -4.646479210164100593e+00
1.314788738326779782e+00 1.381711211524236660e+03 -4.689906254310020728e+00
1.315030268571604655e+00 1.354815271026733399e+03 -4.599213701299674995e+00
1.315030268571604655e+00 1.354815271026733399e+03 -4.599213701299674995e+00
1.315585946282052499e+00 1.346892481930940448e+03 -4.649695061190710632e+00
1.315518789167871239e+00 1.364748870399067073e+03 -4.650667085576140281e+00
1.315368020267044358e+00 1.349877847900350844e+03 -4.643244065895665074e+00
1.314294091841849310e+00 1.404297097755235427e+03 -4.667445290352621790e+00
1.314294091841849310e+00 1.404297097755235427e+03 -4.667445290352621790e+00
1.314581513793996681e+00 1.404629764322080518e+03 -4.676540874926168989e+00
1.314075299214506165e+00 1.419934544310583078e+03 -4.723398667605323453e+00
1.315159500818895433e+00 1.373594080744295070e+03 -4.696355972378200683e+00
1.314572452337773090e+00 1.368947816277481252e+03 -4.616172765390491151e+00
1.314103268101332045e+00 1.388208326620744629e+03 -4.609253453656089405e+00
1.315606350391710588e+00 1.337042080560587692e+03 -4.574572619120117700e+00
1.315332574671944421e+00 1.322717460356273023e+03 -4.519844283520333406e+00
1.315626435150304863e+00 1.335123830772431120e+03 -4.606652702241243347e+00
1.314945007400313726e+00 1.352627350081807435e+03 -4.561599432212859462e+00
1.314945007400313726e+00 1.352627350081807435e+03 -4.561599432212859462e+00
1.313967494147153747e+00 1.414661260287777623e+03 -4.694366814838841329e+00
1.315203677127734228e+00 1.377838425203047109e+03 -4.698699074542759924e+00
1.314501881401392236e+00 1.373011877444089805e+03 -4.633137693930785339e+00
1.314798967475401037e+00 1.370788393477325826e+03 -4.638497604494822291e+00
1.314156536495702632e+00 1.390003616037549818e+03 -4.648201869122092766e+00
1.315490737281412414e+00 1.355023835260118631e+03 -4.632983595729730730e+00
1.315281766074056780e+00 1.336851553393874156e+03 -4.572218366997215178e+00
1.313935766013950790e+00 1.391228237212506428e+03 -4.590285130370702404e+00
1.315183204562085928e+00 1.340731456296591432e+03 -4.542348016756340812e+00
1.315277929606494256e+00 1.361909697463646353e+03 -4.673473011333245886e+00
1.313620626271201131e+00 1.413537070149263627e+03 -4.672863672712696648e+00
1.313620626271201131e+00 1.413537070149263627e+03 -4.672863672712696648e+00
1.314751221615084287e+00 1.373598510062438436e+03 -4.664314200309336300e+00
1.314851385525538818e+00 1.389919322229187628e+03 -4.708101015094177555e+00
1.314383337355441217e+00 1.359457095821830308e+03 -4.551927410211487057e+00
1.314021812024468217e+00 1.425053965516203789e+03 -4.722869751707168717e+00
1.314124299209765256e+00 1.395649678324776232e+03 -4.628200304100067441e+00
1.314248615229828276e+00 1.402647298228255750e+03 -4.680439626223323657e+00
1.314248615229828276e+00 1.402647298228255750e+03 -4.680439626223323657e+00
1.313730673134291260e+00 1.403173765911760256e+03 -4.672901429450550204e+00
1.314628915940332154e+00 1.369370181066898795e+03 -4.634517023360543497e+00
1.314628915940332154e+00 1.369370181066898795e+03 -4.634517023360543497e+00
1.315557852363360203e+00 1.324100356928130395e+03 -4.533030893397330452e+00
1.315466849983444764e+00 1.338197001920641924e+03 -4.598294554050569971e+00
1.313934355783954233e+00 1.399275831155165633e+03 -4.652499412152867997e+00
1.313218051076275650e+00 1.431318087564964344e+03 -4.691843160682990899e+00
1.313566859205419712e+00 1.403771527996034820e+03 -4.597223422073423826e+00
1.314956127723972301e+00 1.391795449552066202e+03 -4.729828358940491029e+00
1.315072657671115586e+00 1.352625506690803149e+03 -4.612887965444029348e+00
1.315254780866162321e+00 1.336711195159208273e+03 -4.594801540998744827e+00
1.314050014888595408e+00 1.420930201631839054e+03 -4.696608706631165475e+00
1.316022180506473571e+00 1.313501730693937589e+03 -4.545341727055755676e+00
1.313631217106290494e+00 1.440053789521572980e+03 -4.737394636327197261e+00
1.314713643997093451e+00 1.369818389240449733e+03 -4.601256679987471898e+00
1.314808964310210548e+00 1.377268913591440878e+03 -4.655167686590291787e+00
1.314599190816539975e+00 1.407568064772825437e+03 -4.713716556125078228e+00
1.313894057848668417e+00 1.398215615343707668e+03 -4.609555898690502751e+00
1.314580627749379227e+00 1.383371452686578323e+03 -4.624810531126302138e+00
1.315958877689970885e+00 1.332717324504153112e+03 -4.601488626411529559e+00
1.316025192691135715e+00 1.312667515907748566e+03 -4.559796736908240611e+00
1.314383490109756414e+00 1.369462511122963633e+03 -4.572827050918760960e+00
1.314413378572430569e+00 1.366081921070998987e+03 -4.579553264312159477e+00
1.314413378572430569e+00 1.366081921070998987e+03 -4.579553264312159477e+00
1.314659362633412654e+00 1.345901339776375153e+03 -4.563391093184660185e+00
1.314801734648700648e+00 1.354492638091870504e+03 -4.582105397381850409e+00
1.314801734648700648e+00 1.354492638091870504e+03 -4.582105397381850409e+00
1.314755158206332375e+00 1.366225065649604630e+03 -4.651607449087570068e+00
1.315322886289718607e+00 1.360340048698313694e+03 -4.633938279530209314e+00
1.315029209318206771e+00 1.331938751771858733e+03 -4.543146016087436401e+00
1.314263198032051605e+00 1.415046320640664362e+03 -4.738306760944519525e+00
1.313601659155114509e+00 1.422097828132075620e+03 -4.711965040086050216e+00
1.313584836360095709e+00 1.415710151709848105e+03 -4.679964965436314017e+00
1.315387211218899344e+00 1.343240246533634945e+03 -4.601203677419905880e+00
1.314002891412907381e+00 1.426139075671437922e+03 -4.732398038757681391e+00
1.315321744515844049e+00 1.333115992603029554e+03 -4.544180729688050313e+00
1.314455329384823123e+00 1.410854853394599786e+03 -4.716549790856747748e+00
1.315548459003738735e+00 1.332392144577185263e+03 -4.551443827245318374e+00
1.314411331770568125e+00 1.396446947413839553e+03 -4.706357073879384956e+00
1.315088227431890244e+00 1.364054661164025674e+03 -4.640640638417057318e+00
1.314266538247206295e+00 1.375340644686718861e+03 -4.615513452973109665e+00
1.315119068485551823e+00 1.374144934391922106e+03 -4.631626147385366821e+00
1.314099290233808670e+00 1.415778169331611025e+03 -4.704074043382671100e+00
1.314036835892567812e+00 1.407685224253910746e+03 -4.655839476132955568e+00
1.314307009147370753e+00 1.373054572799296011e+03 -4.600177617516703954e+00
1.315975589048294037e+00 1.313162969031738612e+03 -4.560990382228926165e+00
1.314752275911606372e+00 1.386220387127482354e+03 -4.682396006444695225e+00
1.314752275911606372e+00 1.386220387127482354e+03 -4.682396006444695225e+00
1.315174804693297173e+00 1.360385803554224367e+03 -4.619895927449015005e+00
1.314823092560134077e+00 1.381325219218294478e+03 -4.652764607769761085e+00
1.314823092560134077e+00 1.381325219218294478e+03 -4.652764607769761085e+00
1.315658474707682712e+00 1.349594771529922582e+03 -4.634874742061524167e+00
1.315185509260936580e+00 1.351028666055237409e+03 -4.580357338792311772e+00
1.314396940521327606e+00 1.388099787545227173e+03 -4.637597243680037451e+00
1.314817339079190406e+00 1.371971218331336331e+03 -4.655749931509498118e+00
1.314817339079190406e+00 1.371971218331336331e+03 -4.655749931509498118e+00
1.313869925897092950e+00 1.422516860534470652e+03 -4.719549830256407397e+00
1.314719731159424754e+00 1.386304585754221080e+03 -4.689691988106156728e+00
1.315075089321025015e+00 1.383172086618085359e+03 -4.659881536493296394e+00
1.314002835174205019e+00 1.424070566207866023e+03 -4.731450399567418863e+00
1.313777547298637494e+00 1.420247914527023340e+03 -4.665456772577725175e+00
1.313296275173146066e+00 1.412006416929452371e+03 -4.639218321699178915e+00
1.314350665913952554e+00 1.371680673383784779e+03 -4.601035426120406946e+00
1.314350665913952554e+00 1.371680673383784779e+03 -4.601035426120406946e+00
1.314642668079210708e+00 1.395980152970635572e+03 -4.675529654408274283e+00
1.313991971627051614e+00 1.420161254515644487e+03 -4.703604102667892306e+00
1.314437481551325781e+00 1.397392984713696478e+03 -4.703280450092712783e+00
1.313721469999421743e+00 1.406818217032713392e+03 -4.652041523718414950e+00
1.315011469936887112e+00 1.340771399544241376e+03 -4.535799592450693751e+00
1.314873291802098665e+00 1.344019568293002067e+03 -4.535413117470485922e+00
1.315551921494144461e+00 1.341272034186024030e+03 -4.619133037115151552e+00
1.314731482019266151e+00 1.363333721266928251e+03 -4.607540377849501212e+00
1.314099517882257429e+00 1.384719179366135904e+03 -4.621330055749635513e+00
1.314099517882257429e+00 1.384719179366135904e+03 -4.621330055749635513e+00
1.313910698887068795e+00 1.426549736126917878e+03 -4.731741679705080195e+00
1.313570429651455873e+00 1.407823264264765385e+03 -4.649774755693779404e+00
1.313570429651455873e+00 1.407823264264765385e+03 -4.649774755693779404e+00
1.313791859394186190e+00 1.427042278784937253e+03 -4.724180158159673404e+00
1.314684338806051844e+00 1.363496821775021999e+03 -4.618762646700767860e+00
1.314118761849181860e+00 1.410121323466163176e+03 -4.705113191521359539e+00
1.314438306974104798e+00 1.389522503257883727e+03 -4.675497769721590480e+00
1.314037719864966647e+00 1.397212464553912469e+03 -4.644591526223611488e+00
1.314355029610648318e+00 1.388650222625750757e+03 -4.673707620975785737e+00
1.313900433356340658e+00 1.395570444611579205e+03 -4.612974223405831076e+00
1.313626560362727735e+00 1.418455355035031062e+03 -4.702169925503825176e+00
1.314159670725501661e+00 1.406469852885012415e+03 -4.686718716131816898e+00
1.313939753049927273e+00 1.409648497243311112e+03 -4.646283684634966882e+00
1.315915265410591450e+00 1.324989567589526359e+03 -4.604225447426841811e+00
1.314246464395109948e+00 1.390181538801627994e+03 -4.652220957023226688e+00
1.315115023068804900e+00 1.378168030471937072e+03 -4.676669309131987085e+00
1.314802484862929388e+00 1.386163351326404154e+03 -4.695695981789049789e+00
1.315325446028630996e+00 1.353268121250189097e+03 -4.592841192582644005e+00
1.314109941021598615e+00 1.382792275281198272e+03 -4.637393716337111726e+00
1.315767141462515610e+00 1.343802321877365330e+03 -4.648011358657849534e+00
1.314798156922914352e+00 1.394825940749979509e+03 -4.674681690906370868e+00
1.313639486268387335e+00 1.390854282444280670e+03 -4.610174927196979411e+00
1.314011662840859573e+00 1.412199459715020112e+03 -4.665164720750603067e+00
1.313947487060453501e+00 1.419439899326480372e+03 -4.688817496050300626e+00
1.314560080005268361e+00 1.355043754682578310e+03 -4.558575685386852427e+00
1.314642007257708078e+00 1.356164751873937348e+03 -4.584353892944992737e+00
1.313928030035886430e+00 1.406728069006314399e+03 -4.639999865628006148e+00
1.314542213438379292e+00 1.375727805601651198e+03 -4.646571822201712720e+00
1.314542213438379292e+00 1.375727805601651198e+03 -4.646571822201712720e+00
1.314540196977433073e+00 1.386072188144986740e+03 -4.655350949811485783e+00
1.314540196977433073e+00 1.386072188144986740e+03 -4.655350949811485783e+00
1.315710060547827354e+00 1.329788869901760336e+03 -4.564305306962378239e+00
1.314480004659163592e+00 1.377401941865251956e+03 -4.642110011283895332e+00
1.314480004659163592e+00 1.377401941865251956e+03 -4.642110011283895332e+00
1.313677540250604903e+00 1.414424929398135873e+03 -4.700227026947225717e+00
1.315019336288485885e+00 1.334255062174762315e+03 -4.531625809297001872e+00
1.314181130142492382e+00 1.414393571171605345e+03 -4.684352532714467721e+00
1.314001378259429087e+00 1.379219639809597766e+03 -4.581444226252349594e+00
1.315540102950830903e+00 1.362004227436069868e+03 -4.646024502060408068e+00
1.315832308212858681e+00 1.314325319537094629e+03 -4.543602435222657832e+00
1.314032231806811168e+00 1.373131882003921419e+03 -4.570180980850774510e+00
1.315650537540778098e+00 1.341346090818712128e+03 -4.608159568179361898e+00
1.314133017834604678e+00 1.377251666722565460e+03 -4.599841963275726364e+00
1.314561498824169838e+00 1.411405810192774879e+03 -4.742929546172575783e+00
1.314493799792378237e+00 1.402083165343299697e+03 -4.701209906693580187e+00
1.314728454720206496e+00 1.342934921925322669e+03 -4.532458578535945470e+00
1.313779714431424051e+00 1.401737212540211203e+03 -4.608208562264706210e+00
1.313668435540808588e+00 1.409751327210754880e+03 -4.678838650358347451e+00
1.315528208403191623e+00 1.345927313206238068e+03 -4.644421166616118590e+00
1.314457413833321819e+00 1.388676303865601312e+03 -4.667156214308596063e+00
1.313651690681660877e+00 1.383375859394686358e+03 -4.583296286862398539e+00
1.313237174974143384e+00 1.414881943581804535e+03 -4.629356483548786372e+00
1.315324061216249341e+00 1.357983855492677776e+03 -4.615822090424387625e+00
1.314506382051907840e+00 1.410154059531826988e+03 -4.725607064469485863e+00
1.315023471068991201e+00 1.350231374620158931e+03 -4.596393520757966478e+00
1.314511857345893153e+00 1.375442567193415925e+03 -4.647711124710627750e+00
1.315411799875748633e+00 1.359758808325206701e+03 -4.636861731612707871e+00
1.314654129089006585e+00 1.381275745091325916e+03 -4.669987562587546215e+00
1.314165043803256161e+00 1.411535259935601061e+03 -4.665432216497086948e+00
1.313555178662759504e+00 1.434489773796100508e+03 -4.706844522103781792e+00
1.313276663933039323e+00 1.432332344412070370e+03 -4.668526684466646870e+00
1.315345762103688143e+00 1.350908587573557043e+03 -4.635834226079682097e+00
1.315049633945555962e+00 1.374115889756210890e+03 -4.655717913537921859e+00
1.315024356142703743e+00 1.362552012739513657e+03 -4.620753987515056949e+00
1.315024356142703743e+00 1.362552012739513657e+03 -4.620753987515056949e+00
1.314344043076600688e+00 1.399561474521853597e+03 -4.644108959827701888e+00
1.314703693804047280e+00 1.369421108167037346e+03 -4.634584365101462211e+00
1.314703693804047280e+00 1.369421108167037346e+03 -4.634584365101462211e+00
1.313902193521232054e+00 1.409437126743271392e+03 -4.642617990822506258e+00
1.314747519582261326e+00 1.386604794029044115e+03 -4.683057099771944287e+00
1.315718836202778963e+00 1.330993976400676502e+03 -4.595148528157965373e+00
1.314549266551454876e+00 1.369732492986678153e+03 -4.630680398826910071e+00
1.313587197743066870e+00 1.444116160759533159e+03 -4.735993566296778923e+00
1.314839739115248651e+00 1.370695138209123797e+03 -4.644834020426588772e+00
1.315185617313964439e+00 1.355925192099907690e+03 -4.621933455029130222e+00
1.315185617313964439e+00 1.355925192099907690e+03 -4.621933455029130222e+00
1.315410932974601987e+00 1.323964643532332502e+03 -4.557835387771270952e+00
1.315339024915766597e+00 1.355559210011871073e+03 -4.656098312324652433e+00
1.314917728840191646e+00 1.356910948123082790e+03 -4.603530567061343781e+00
1.313162216527908654e+00 1.434870445936401893e+03 -4.691876214737639827e+00
1.315020467103904744e+00 1.374400298164002834e+03 -4.630615631247461117e+00
1.314310771060566374e+00 1.372973456973586508e+03 -4.598258359051147437e+00
1.314310771060566374e+00 1.372973456973586508e+03 -4.598258359051147437e+00
1.313578245776572784e+00 1.443080756776544831e+03 -4.725977621598739020e+00
1.315053829059093404e+00 1.375189208581885850e+03 -4.649951610085080844e+00
1.314280164503208725e+00 1.390709611314380254e+03 -4.678520906772487997e+00
1.314924988924023097e+00 1.341948253839505469e+03 -4.537759182303696903e+00
1.314080917965002149e+00 1.417360133762203759e+03 -4.712530584662924404e+00
1.314627713373261564e+00 1.358908919230202628e+03 -4.618292634850652334e+00
1.314037276331756487e+00 1.434776357188802422e+03 -4.744950602007598661e+00
1.314539509022670138e+00 1.344339393498909885e+03 -4.528787983144590967e+00
1.315782416545214550e+00 1.337902944136808856e+03 -4.632112698393561878e+00
1.315851293420484902e+00 1.318530056099443073e+03 -4.559193676513557669e+00
1.313689561598658795e+00 1.409442574263860024e+03 -4.674651183633340423e+00
1.314622562163543895e+00 1.399051102166611599e+03 -4.694008254182263862e+00
1.314094462193417856e+00 1.405055384643613024e+03 -4.689464339072777932e+00
1.314326792445451586e+00 1.383734250748763998e+03 -4.594718076755990310e+00
1.314565683514196337e+00 1.383497391366602187e+03 -4.684044479161467933e+00
1.314043972232898705e+00 1.388047851704861841e+03 -4.653614900306906499e+00
1.314311135128003238e+00 1.367190932896037793e+03 -4.601385528067108766e+00
1.314576805875587562e+00 1.370800049804342279e+03 -4.598231904855784258e+00
1.314407936215316264e+00 1.362012564529871270e+03 -4.564028820123759544e+00
1.314307445794243634e+00 1.411694931927398784e+03 -4.705255984980019512e+00
1.313971788728511392e+00 1.410927174016050230e+03 -4.653984136430599605e+00
1.315050875089966764e+00 1.383029137396970327e+03 -4.683350786966870238e+00
1.313469221241820195e+00 1.433582571482111007e+03 -4.717357075287031520e+00
1.314332214911004604e+00 1.361959536906658286e+03 -4.543754135135886330e+00
1.314988202153070107e+00 1.351445210535424167e+03 -4.568603248901229819e+00
1.313828908004022855e+00 1.422219778361228236e+03 -4.725605188461490691e+00
1.313703041887284151e+00 1.421865269340077020e+03 -4.701760590154604458e+00
1.315460979731318369e+00 1.330281885033932667e+03 -4.544577264547575268e+00
1.314040787846598501e+00 1.395912940628631304e+03 -4.640870595915608021e+00
1.315523133526371513e+00 1.335722924882282541e+03 -4.584057444558770733e+00
1.313504860326484502e+00 1.400679821255933575e+03 -4.595994755062210224e+00
1.313962424690152675e+00 1.394785623586363727e+03 -4.632518546623417777e+00
1.314547890616744041e+00 1.344335291442253038e+03 -4.534736644046532206e+00
1.314194133852609081e+00 1.409622774380545252e+03 -4.663706707811602570e+00
1.314504087573278968e+00 1.373785736354690471e+03 -4.636980464574166128e+00
1.314504087573278968e+00 1.373785736354690471e+03 -4.636980464574166128e+00
1.315270314769424687e+00 1.369145378829484343e+03 -4.666391194361448669e+00
1.314572931040426829e+00 1.383125401655070618e+03 -4.625141194938557909e+00
1.315362833609983850e+00 1.332517661312421978e+03 -4.548910179437942958e+00
1.315362833609983850e+00 1.332517661312421978e+03 -4.548910179437942958e+00
1.315044097678367274e+00 1.339946140725471651e+03 -4.563660779737094941e+00
1.314763577302103803e+00 1.360131791132991111e+03 -4.608621638482371274e+00
1.315448794474177729e+00 1.357252787102409457e+03 -4.637538179457398435e+00
1.314378775768433760e+00 1.408212229379958444e+03 -4.716326414835194214e+00
1.315605743852709786e+00 1.329572107288513507e+03 -4.548850580533994048e+00
1.314945151233985809e+00 1.367858801927156037e+03 -4.623692466424874858e+00
1.314953351814067695e+00 1.352656244405666257e+03 -4.608456040058033665e+00
1.315737616820087164e+00 1.311561814005565793e+03 -4.517478169570218860e+00
1.315282110152306450e+00 1.366649306309561553e+03 -4.662020693455007248e+00
1.313881448830863441e+00 1.373640442180068021e+03 -4.574229229281126408e+00
1.314725228446508742e+00 1.394225989134323299e+03 -4.662032293415083295e+00
1.315219140841320078e+00 1.343177432318386309e+03 -4.577125869775783507e+00
1.315219140841320078e+00 1.343177432318386309e+03 -4.577125869775783507e+00
1.313362465547685876e+00 1.402544274938657509e+03 -4.607475041498581447e+00
1.315265599216426828e+00 1.374647114792667253e+03 -4.677808301038866468e+00
1.314300787569480322e+00 1.368602843644324594e+03 -4.596304785765587653e+00
1.313967422589088496e+00 1.411505094951204228e+03 -4.658012091263882937e+00
1.314263598811178602e+00 1.410104808935244819e+03 -4.703589328430579641e+00
1.314263598811178602e+00 1.410104808935244819e+03 -4.703589328430579641e+00
1.314869005981053052e+00 1.397280659159417155e+03 -4.707152644037041256e+00
1.314849949481529112e+00 1.358972407735915795e+03 -4.627039746694499911e+00
1.315300609119958164e+00 1.338061134216380879e+03 -4.597280698027383039e+00
1.313700656253203647e+00 1.403598608751932261e+03 -4.670444891332698134e+00
1.315015951976327147e+00 1.362464576746915100e+03 -4.623685535510472455e+00
1.315015951976327147e+00 1.362464576746915100e+03 -4.623685535510472455e+00
1.314394951415891022e+00 1.390232837921619193e+03 -4.664074400325072922e+00
1.314394951415891022e+00 1.390232837921619193e+03 -4.664074400325072922e+00
1.315041048180604744e+00 1.365355336112927944e+03 -4.607989522838342289e+00
1.313925384524170958e+00 1.404316648564302795e+03 -4.674655085214087791e+00
1.313925384524170958e+00 1.404316648564302795e+03 -4.674655085214087791e+00
1.314503556302989873e+00 1.395521405205410701e+03 -4.715504489434793278e+00
1.313739072968050259e+00 1.414650488002303973e+03 -4.663116484785995830e+00
1.314867375375163405e+00 1.386131211247197371e+03 -4.660789158871351923e+00
1.314130083767856894e+00 1.387968338195803199e+03 -4.596422844215185322e+00
1.314746512954678703e+00 1.370615749080598562e+03 -4.612304462747220946e+00
1.314627710442253461e+00 1.388510023435471339e+03 -4.641941514288743242e+00
1.314266296243820076e+00 1.399507097821953494e+03 -4.692824935759042582e+00
1.315330407138542324e+00 1.344643588490183447e+03 -4.591300500509841953e+00
1.313787219743133505e+00 1.385668502375172011e+03 -4.588170400448287722e+00
1.315127365777526647e+00 1.350531264159572402e+03 -4.567869697899708648e+00
1.314248798885885972e+00 1.402274814564555982e+03 -4.683145305382032220e+00
1.314248798885885972e+00 1.402274814564555982e+03 -4.683145305382032220e+00
1.314288915914650246e+00 1.417794623114184105e+03 -4.738272145809546032e+00
1.314682093558928955e+00 1.351811485733924883e+03 -4.551737106466271499e+00
1.314840775056212552e+00 1.379754822995024824e+03 -4.633924503786975180e+00
1.315894073469590753e+00 1.327362262308378604e+03 -4.581106967031602473e+00
1.314139992047913541e+00 1.376343063532757014e+03 -4.595038266270088378e+00
1.314480489634842764e+00 1.401111760476711424e+03 -4.706233350381674896e+00
1.313786878375998057e+00 1.424356397536677378e+03 -4.679656175482422853e+00
1.314036592696434802e+00 1.421389132816100300e+03 -4.711945484438969878e+00
1.313567107495912767e+00 1.428348868564866052e+03 -4.705103587456010317e+00
1.315248952276694805e+00 1.347215863268683279e+03 -4.617812662852304406e+00
1.315248952276694805e+00 1.347215863268683279e+03 -4.617812662852304406e+00
1.315189083518369051e+00 1.369688386176018412e+03 -4.680148855515887441e+00
1.314653583064820275e+00 1.365350615287718938e+03 -4.596004681478401466e+00
1.313669529757761634e+00 1.403176636364099977e+03 -4.664868955413006724e+00
1.313860434993166182e+00 1.378827531790982448e+03 -4.590506533900658326e+00
1.315193474185626821e+00 1.341365629925375515e+03 -4.606018954480554761e+00
1.315808604479562050e+00 1.319560554162537301e+03 -4.573667564361580062e+00
1.315630875927796817e+00 1.345520538125505027e+03 -4.615016864109769301e+00
1.315435225127473684e+00 1.363274047818122199e+03 -4.673275113800657188e+00
1.313834180337899005e+00 1.426616680375603437e+03 -4.701987254168453312e+00
1.314202128303607831e+00 1.384468901558244397e+03 -4.624342102633537621e+00
1.315039411220608967e+00 1.354354967437035612e+03 -4.564455130720787679e+00
1.314815367398694868e+00 1.398686638118562769e+03 -4.704635642837915910e+00
1.313741898247241080e+00 1.381099472623167003e+03 -4.581384714137766601e+00
1.314629298614157893e+00 1.342276649748495174e+03 -4.542848145737685250e+00
1.315019704929422328e+00 1.393671596050795870e+03 -4.693363728060739426e+00
1.315129861019807223e+00 1.383298050764973141e+03 -4.680305185910192733e+00
1.314208579066232785e+00 1.377527038482419812e+03 -4.596550925229145435e+00
1.314270751570474127e+00 1.362951653388165141e+03 -4.553269908496277552e+00
1.314493474383863658e+00 1.391730483453907709e+03 -4.679675029187278845e+00
1.314493474383863658e+00 1.391730483453907709e+03 -4.679675029187278845e+00
1.314668939869610753e+00 1.367809568660789409e+03 -4.636003983549851881e+00
1.315147357186003063e+00 1.359815418121589573e+03 -4.662023231171167126e+00
1.314373741479142765e+00 1.401315236052285400e+03 -4.687794050607266172e+00
1.314373741479142765e+00 1.401315236052285400e+03 -4.687794050607266172e+00
1.313634362051044002e+00 1.424872023938815346e+03 -4.688996220754384048e+00
1.313818302141396943e+00 1.415293672622145095e+03 -4.692568146039110211e+00
1.315229550605696129e+00 1.349764426602106141e+03 -4.640705618736274296e+00
1.314407785327252443e+00 1.384531043138940504e+03 -4.621977603179567851e+00
1.314407785327252443e+00 1.384531043138940504e+03 -4.621977603179567851e+00
1.313587691408637070e+00 1.424481347480801105e+03 -4.658719615235118461e+00
1.314510603417488044e+00 1.389400016160998348e+03 -4.644522611084111574e+00
1.314812820860843168e+00 1.376310459437303962e+03 -4.673850689085104371e+00
1.314654453192162231e+00 1.371390831304318453e+03 -4.647484590915405889e+00
1.313866064605448525e+00 1.394229592983307384e+03 -4.606120797641933606e+00
1.313570720799908553e+00 1.424529093360467868e+03 -4.659477683876020571e+00
1.313463412191009372e+00 1.438103679279236758e+03 -4.715515630803106539e+00
1.315556210661504410e+00 1.343158709683445522e+03 -4.639317298711775450e+00
1.313850640581445184e+00 1.403660634091835846e+03 -4.612128995749288585e+00
1.314895049635769642e+00 1.353403504132394573e+03 -4.568335379154281561e+00
1.315592552473065169e+00 1.311619436733237990e+03 -4.515061669713274384e+00
1.314318682027155960e+00 1.410240090213770600e+03 -4.682079645499861442e+00
1.313327439270405961e+00 1.403791223795132282e+03 -4.595384163281130974e+00
1.314038391171712394e+00 1.394567947068752346e+03 -4.665560701503105534e+00
1.314501041219770627e+00 1.371180649411466447e+03 -4.609878186496316310e+00
1.314501041219770627e+00 1.371180649411466447e+03 -4.609878186496316310e+00
1.314289759141704206e+00 1.359776051154590959e+03 -4.561449396786494859e+00
1.313809770709072788e+00 1.430663267356355618e+03 -4.733939751609726798e+00
1.314273273312239976e+00 1.386426569366448803e+03 -4.614812839234208930e+00
1.315025784192317859e+00 1.393674163454596055e+03 -4.708838845258082273e+00
1.314663698885642162e+00 1.357860665553331728e+03 -4.581865027919965527e+00
1.314410044966542124e+00 1.380756957650144614e+03 -4.635380514449665590e+00
1.314410044966542124e+00 1.380756957650144614e+03 -4.635380514449665590e+00
1.315025929746469036e+00 1.391875602674558195e+03 -4.725856988752537902e+00
1.314820703875249075e+00 1.376203283496900440e+03 -4.655936323372796615e+00
1.314685200699455603e+00 1.355607359221493425e+03 -4.593975552396177164e+00
1.314179402693095078e+00 1.360410207606877520e+03 -4.536619522199520027e+00
1.313627229447524192e+00 1.432164060229120196e+03 -4.723261420684139900e+00
1.315317471374759961e+00 1.329844073467695580e+03 -4.538096935022292833e+00
1.314680103096528718e+00 1.392353811969821436e+03 -4.684999801592054425e+00
1.313482381541341670e+00 1.420938984918880578e+03 -4.690377375553822503e+00
1.314927482845848816e+00 1.372499231261691875e+03 -4.609487911946680505e+00
1.313777817257909319e+00 1.408723175832231618e+03 -4.679450972803023134e+00
1.315332543986835079e+00 1.358222536775399476e+03 -4.654881598470299586e+00
1.315000542137878536e+00 1.339001527436448669e+03 -4.525160163098036925e+00
1.314911840975456769e+00 1.334431801311548497e+03 -4.533267313839768775e+00
1.314114283594881805e+00 1.412836097235640636e+03 -4.728084214956048470e+00
1.315425833550957879e+00 1.333705251324401843e+03 -4.533724721661410939e+00
1.315426390267270262e+00 1.325344576419684927e+03 -4.548717493777445497e+00
1.315608706421150575e+00 1.334839990927152030e+03 -4.579078085582608537e+00
1.315608706421150575e+00 1.334839990927152030e+03 -4.579078085582608537e+00
1.313507897856012185e+00 1.399568798418982169e+03 -4.593011434273983618e+00
1.314712604838017551e+00 1.404022508591873475e+03 -4.742098282491743255e+00
1.314743664750220198e+00 1.334074702136673295e+03 -4.517649834449315449e+00
1.314547894105107417e+00 1.382740268287760728e+03 -4.615837194586258185e+00
1.314547894105107417e+00 1.382740268287760728e+03 -4.615837194586258185e+00
1.315161630741596976e+00 1.347456813793679430e+03 -4.606345746163379218e+00
1.314416828356036238e+00 1.382444912394462108e+03 -4.606841985458746791e+00
1.314149354084326538e+00 1.403691438608541830e+03 -4.674268810376538852e+00
1.314149354084326538e+00 1.403691438608541830e+03 -4.674268810376538852e+00
1.313788025767952616e+00 1.400061245414352015e+03 -4.668746493219212645e+00
1.314122489860711784e+00 1.369394595161517827e+03 -4.560135279755558102e+00
1.314292034490109451e+00 1.378542114400046103e+03 -4.592518084962041058e+00
1.314464394663010349e+00 1.405162620319767029e+03 -4.718568280551787453e+00
1.313455211294593861e+00 1.420481295378618370e+03 -4.651263080837493291e+00
1.314620232374264841e+00 1.394277834288032409e+03 -4.654724368271391910e+00
1.313552140788611711e+00 1.398649010775703118e+03 -4.624103068924976689e+00
1.315697008937771306e+00 1.336671941250297095e+03 -4.621016295949498698e+00
1.313796327421687948e+00 1.413513203937111030e+03 -4.636772381643990748e+00
1.314521395514151481e+00 1.391519317938920267e+03 -4.667260331664357054e+00
1.314394894742899611e+00 1.401413420210654294e+03 -4.700421366292966141e+00
1.313844067079897870e+00 1.422185587484841562e+03 -4.703920916188724100e+00
1.314662779611088572e+00 1.382066018015299278e+03 -4.690611381320457518e+00
1.314052702721019594e+00 1.406203877792670937e+03 -4.663361961778308640e+00
1.313321204825785404e+00 1.416606102980254946e+03 -4.640878206298713948e+00
1.314232564458133190e+00 1.386626653984820678e+03 -4.632099459254078511e+00
1.314232564458133190e+00 1.386626653984820678e+03 -4.632099459254078511e+00
1.315543332613790417e+00 1.337136235640014547e+03 -4.583951430461315368e+00
1.313582201188443932e+00 1.428981026287283385e+03 -4.723833298470589526e+00
1.314523639290746670e+00 1.383194634788803569e+03 -4.655909770414344173e+00
1.314873045840864840e+00 1.372253068544764801e+03 -4.669051815805701722e+00
1.313498211479045219e+00 1.439497805501161110e+03 -4.732902358995458414e+00
1.315109896432907988e+00 1.392541082655342052e+03 -4.719535271097199391e+00
1.315398673946192254e+00 1.364009405576123754e+03 -4.652101469384767540e+00
