R_p_ref | T | log_Na | log_K | log_TiO
1.339961411569368099e+00 4.352261777306695194e+02 -1.134353089811542148e+00 -3.883846291911076776e+00 -7.237857082510159579e+00
1.342190535856460087e+00 4.150166756925316349e+02 -5.686709160649295214e+00 -1.018200261739840684e+00 -7.652366976733106618e+00
1.339527471608700449e+00 4.139167897735600263e+02 -1.048011675263824216e+00 -1.044171709750548160e+01 -6.260141968916616229e+00
1.339587927661386235e+00 4.069102013135002380e+02 -1.215771978104678297e+00 -9.066105666018373199e+00 -9.049674605312663545e+00
1.340180753796741397e+00 4.197503895658010720e+02 -1.148722844333679660e+00 -9.214380513231686720e+00 -1.188607137940642744e+01
1.339124819067545769e+00 4.768261200093811567e+02 -1.009012524647268094e+00 -7.450906317690046521e+00 -1.195046786586423160e+01
1.339167392742665497e+00 4.643877346596368625e+02 -1.011208677991955796e+00 -9.329796091051525408e+00 -1.078873700993995755e+01
1.341398498108993254e+00 4.099581434252739314e+02 -2.307989397881749838e+00 -1.103364118594790000e+00 -9.339985576446554916e+00
1.340068682438724679e+00 4.572430721254764876e+02 -1.065846644436769353e+00 -5.951725930044412749e+00 -1.181876961685883209e+01
1.339292520158065658e+00 4.002427742971140106e+02 -1.100667472395027602e+00 -6.899814148147314086e+00 -1.016821308723436346e+01
1.339992494391143207e+00 4.403091596165668307e+02 -1.053464095006511059e+00 -9.755191392735751421e+00 -7.813592522497488702e+00
1.340864065115742410e+00 4.257481824642089805e+02 -1.318338408309852383e+00 -1.173814070273179411e+00 -6.599032430818019712e+00
1.340947657517366443e+00 4.466801811232996329e+02 -1.419869431353456335e+00 -1.112363838024847951e+00 -6.845565890415844734e+00
1.340901249886905289e+00 4.246855478990555639e+02 -1.082595609772809553e+00 -5.350162405378330988e+00 -8.082627770751333429e+00
1.341994456845238659e+00 4.350338645305830028e+02 -1.839460988179666856e+00 -1.011552336833803523e+00 -5.251561365411350657e+00
1.339173667633748677e+00 4.321767013835789157e+02 -1.005435149125961658e+00 -3.617077458523111133e+00 -1.096757527496173701e+01
1.341390575080404490e+00 4.284002660411387069e+02 -1.038284951994475236e+00 -1.121460342939665011e+00 -8.099802351860576621e+00
1.340495027921577709e+00 4.279435200779326465e+02 -1.061701148669829564e+00 -9.048192549805090579e+00 -7.702254894660945261e+00
1.341845240983723819e+00 4.105856102680957633e+02 -1.029350473099849950e+00 -5.283058297408910420e+00 -7.384638847522699834e+00
1.339504366697472193e+00 4.118935362254936194e+02 -1.125428190905470416e+00 -7.856149889008942289e+00 -1.176218526804753850e+01
1.341333707191379343e+00 4.283393080759187797e+02 -1.553725535037431271e+00 -1.020765996825151234e+00 -6.251139670926253444e+00
1.341835722711366419e+00 4.207200407794400689e+02 -1.017468585832041583e+00 -5.741494276586035284e+00 -1.028246197070264500e+01
1.339920139589505510e+00 4.281901091378775277e+02 -1.090086939249868436e+00 -9.097918600494679708e+00 -1.011536392251250227e+01
1.340187330890582285e+00 4.178908685762162918e+02 -1.110108344474397768e+00 -9.371119378108918596e+00 -9.554630422488921582e+00
1.341731169447369920e+00 4.046992025199434124e+02 -2.069815134519569000e+00 -1.071558360985095604e+00 -6.063851931152373531e+00
1.340212859586032312e+00 4.560520015774787339e+02 -1.010846667768451113e+00 -9.157615620951613522e+00 -1.044283677553998224e+01
1.339690187159054968e+00 4.027660038239413893e+02 -1.138371879002967546e+00 -8.412595726356709491e+00 -1.024510016591526806e+01
1.339277080370497419e+00 4.281888801043449462e+02 -1.052036860448023248e+00 -3.781137014820856734e+00 -9.968018206199548814e+00
1.340112232089697653e+00 4.043968038291532139e+02 -1.133980072893983504e+00 -9.308226059248395856e+00 -8.409578290397861977e+00
1.340557508443728452e+00 4.046611462481979515e+02 -1.049587700443231242e+00 -2.117778294324452304e+00 -9.017351062411615104e+00
1.339360255783444753e+00 4.051188265735831919e+02 -1.164301326806542747e+00 -5.542591558723538370e+00 -9.776665142273037290e+00
1.343060132670917950e+00 4.367033509447792881e+02 -1.345116097575026259e+00 -1.075140733633567436e+00 -8.855494477047912483e+00
1.340325765769948330e+00 4.560606130543461632e+02 -1.022957506054112287e+00 -4.587149265389630415e+00 -8.891127416221262791e+00
1.342513235672617045e+00 4.270180102283806036e+02 -1.185058754150544402e+00 -1.153644725302511276e+00 -4.798453947627922211e+00
1.339277801674433999e+00 4.255941726255234698e+02 -1.008774005530574058e+00 -4.681247357075850601e+00 -9.997993500660276922e+00
1.341232942917171655e+00 4.232814566015958917e+02 -1.118826394338617192e+00 -1.445736971205601407e+00 -7.777993794067536548e+00
1.340096591395070869e+00 4.283364867201769357e+02 -1.052185318008904247e+00 -9.801059756554984403e+00 -8.138614582239316775e+00
1.339652792973698103e+00 4.373037708681969207e+02 -1.048925512085910228e+00 -7.317770721978654080e+00 -1.178888420207231391e+01
1.342799546343543815e+00 4.382693549682244338e+02 -1.476351781618932435e+00 -1.048934144769553711e+00 -9.044597997739385775e+00
1.339968782704820338e+00 4.070214758717310133e+02 -1.161413378653776363e+00 -6.235764882869789361e+00 -9.316887526732887892e+00
1.339343852726378792e+00 4.280045630733783923e+02 -1.024597064659678480e+00 -4.731332934837445769e+00 -8.201104545555768510e+00
1.339892382817270855e+00 4.287244950148320299e+02 -1.062385079929502041e+00 -1.114945027299856761e+01 -1.121494654938026692e+01
1.340739792691291843e+00 4.075220652668057824e+02 -1.012896639475199478e+00 -1.162023138142676260e+01 -6.103656938473518423e+00
1.341394363473707108e+00 4.173228518140995789e+02 -1.020049916758262398e+00 -1.128393811251734213e+01 -7.931620535313028242e+00
1.340475656230659895e+00 4.522454047671124613e+02 -1.025021341588772117e+00 -5.248888610749521177e+00 -9.344930731810210389e+00
1.341161706873194914e+00 4.321979750834053107e+02 -1.220118977176484876e+00 -1.227533666783482857e+00 -7.163063274757902832e+00
1.341437713792533959e+00 4.694184982307847349e+02 -1.094584471239585355e+00 -1.146618460989689225e+00 -6.075815281159647974e+00
1.340845992652847540e+00 4.015593764092275819e+02 -1.068879494348401238e+00 -5.688716708712037828e+00 -6.315973314046005704e+00
1.339590150380860045e+00 4.247382145569789031e+02 -1.105082286705137307e+00 -6.176742765317786876e+00 -1.106276288641630146e+01
1.340632285332989726e+00 4.170019805331112366e+02 -1.103591689913457685e+00 -5.183021186343798270e+00 -8.696843273317034217e+00
1.340292025051592617e+00 4.158505449329247767e+02 -1.102623749567902323e+00 -7.849943251265061761e+00 -1.164093565169934408e+01
1.340172437967789287e+00 4.440954665513891655e+02 -1.023164495396404305e+00 -1.128938711189560173e+01 -1.011390262668582096e+01
1.339754424942032118e+00 4.109708039904076600e+02 -1.029778580121018194e+00 -8.193598470936761302e+00 -9.557184204654005200e+00
1.341556166602171141e+00 4.308117322107608516e+02 -1.261712270179039308e+00 -1.033067288449919019e+00 -7.053550737412771277e+00
1.340144740480432750e+00 4.294802470813419291e+02 -1.080568432950473223e+00 -6.760952762616390999e+00 -1.137071473112299280e+01
1.340417626210834268e+00 4.208410730821970560e+02 -1.092297842016890286e+00 -3.986084501187059814e+00 -1.150629678069036288e+01
1.340041611327768001e+00 4.526251018479763388e+02 -1.043234033007644612e+00 -4.941517405550814424e+00 -1.192380588623773718e+01
1.339704991061726025e+00 4.112685554165695407e+02 -1.050287894823862089e+00 -7.744821847966338879e+00 -1.199280272618499055e+01
1.340459672910263578e+00 4.142186793296025371e+02 -1.125204336702571695e+00 -4.682335683112615499e+00 -1.006204349987818780e+01
1.339732246092886658e+00 4.142209037526451425e+02 -1.036899338083081545e+00 -7.044693461701418968e+00 -8.281233534846251132e+00
1.339423632400620789e+00 4.534277702317174317e+02 -1.022140996110458389e+00 -5.674942215714879445e+00 -9.957563263050515090e+00
1.340055331124977656e+00 4.255052870860242820e+02 -1.061958640481813987e+00 -1.032330412873996650e+01 -1.117031344104207591e+01
1.341009732326296611e+00 4.110380667812174238e+02 -1.072987784593486538e+00 -9.248755619329367406e+00 -1.037924122093781953e+01
1.340618010725200593e+00 4.087920708374541050e+02 -1.064159150128249465e+00 -9.583769522484985259e+00 -7.295354208735594703e+00
1.341786020038803651e+00 4.453848852511067662e+02 -1.602851942303132660e+00 -1.035943776763176061e+00 -7.720355963785867637e+00
1.340809907331559581e+00 4.153285025478768944e+02 -1.024348135656243386e+00 -1.649679601659160610e+00 -9.877109969992755367e+00
1.341406232599550608e+00 4.242942939192136578e+02 -1.331331307952730469e+00 -1.108856855794662977e+00 -6.235879380989027609e+00
1.341776955619340406e+00 4.322675545343684007e+02 -1.158541700257874396e+00 -1.096846088045202450e+00 -4.898014167863836477e+00
1.340996696946718192e+00 4.365316515041849925e+02 -1.027090083821111222e+00 -4.670631665622145157e+00 -1.162383912227396721e+01
1.339859138558278762e+00 4.297862483429432814e+02 -1.040955166422103062e+00 -3.351982834648406850e+00 -1.101504840699704602e+01
1.341075934551848370e+00 4.223343095929052993e+02 -1.022243520127666727e+00 -5.522521263866030594e+00 -6.922879399713900206e+00
1.340421487687912361e+00 4.000249981199477816e+02 -1.134557619106510984e+00 -3.697372605779131405e+00 -1.064827293288628240e+01
1.339490372356024084e+00 4.063349268519208977e+02 -1.147456170013894550e+00 -4.807172129318929343e+00 -1.182081042585613417e+01
1.342499136555340700e+00 4.117617144684919595e+02 -2.126143048753544207e+00 -1.013464674110741370e+00 -8.712870987233968023e+00
1.340151580633902606e+00 4.043013196363784232e+02 -1.117829038050505375e+00 -1.078423348810695614e+01 -1.176691833066662163e+01
1.339509833339978639e+00 4.188551974409717786e+02 -1.099395289960639843e+00 -5.819118835303894954e+00 -1.196960148430631854e+01
1.342244154647997068e+00 4.707972190679716391e+02 -1.324517520858201181e+00 -1.040756149870952996e+00 -7.428849680431402369e+00
1.339710449520438384e+00 4.326698083353358015e+02 -1.068697626111934085e+00 -6.074195897454193194e+00 -9.234196823946748012e+00
1.341449728732941882e+00 4.101455125012122380e+02 -1.040680776134223606e+00 -9.501614908981377283e+00 -1.157931736858949101e+01
1.341897763111817632e+00 4.281845167038325712e+02 -1.209621329022024128e+00 -1.072894637922948036e+00 -4.826877939414236707e+00
1.340724891811346353e+00 4.225213818469863440e+02 -1.080354421047296398e+00 -5.130138618961062491e+00 -9.431282125859127063e+00
1.339408406243567606e+00 4.465790784444781139e+02 -1.011555019273338019e+00 -4.327189837991364918e+00 -9.051437754282627424e+00
1.341682959832569688e+00 4.007821643968082981e+02 -1.042909248404578548e+00 -5.210912540859328423e+00 -7.139216085594456196e+00
1.340033367630251160e+00 4.122757253816379830e+02 -1.083535872041474946e+00 -8.108666894029790129e+00 -8.870296306897573757e+00
1.340953059112729884e+00 4.040598962148430360e+02 -1.049171220260816995e+00 -1.773248791581432116e+00 -1.004788821794909204e+01
1.341118411079326611e+00 4.206352162292446337e+02 -1.033970011535666700e+00 -1.017561381186169100e+01 -1.124715397981737652e+01
1.340787882849761026e+00 4.121495166977458666e+02 -1.076251176311499691e+00 -1.151166749297855318e+01 -1.090429520108296124e+01
1.340179507370592660e+00 4.247134060058399427e+02 -1.057653059221934200e+00 -9.970676681075758552e+00 -1.034457336398967797e+01
1.339623490714431986e+00 4.103893276192686130e+02 -1.084278536534650783e+00 -5.501676153247661460e+00 -8.021988758589611024e+00
1.341410756590036835e+00 4.200640769023877965e+02 -1.454806498240818868e+00 -1.120621048712424184e+00 -7.805666622859466663e+00
1.340224764199624330e+00 4.119819471394117727e+02 -1.133248811292506986e+00 -4.594009783459816809e+00 -1.090810141337872530e+01
1.340274688816179616e+00 4.090657231122885378e+02 -1.099878665810512857e+00 -8.368217452800694289e+00 -1.013391174324934596e+01
1.340153691475691966e+00 4.080086808086179531e+02 -1.141823149568248041e+00 -4.498493277805867052e+00 -9.977165773238731106e+00
1.339827243766434917e+00 4.182246915225388193e+02 -1.062035967554232130e+00 -7.416411964737281259e+00 -1.170588336380150452e+01
1.340721211384696021e+00 4.007698973855295890e+02 -1.102969193306758910e+00 -8.775164758987770597e+00 -8.718090067880812200e+00
1.340395258147716095e+00 4.253184046691668527e+02 -1.031786404856772421e+00 -8.534469073252111571e+00 -7.964114591225388118e+00
1.340375997359285032e+00 4.035299261817871752e+02 -1.151721509176551805e+00 -4.587321709618821686e+00 -1.057220781365772844e+01
1.340373092973879743e+00 4.050454033980334998e+02 -1.094952502393532257e+00 -7.990067924562403334e+00 -8.275031608853087306e+00
1.342057341446201146e+00 4.414088128089611018e+02 -1.126437696764678975e+00 -1.209976125772048050e+00 -6.067849506957504246e+00
1.340702915898101422e+00 4.128618695957909495e+02 -1.074419341919442772e+00 -1.150167914642605460e+01 -1.176726076402017895e+01
1.340301514800413152e+00 4.360420827508432922e+02 -1.041630318822289070e+00 -6.891656071889274315e+00 -1.160709652107671985e+01
1.341553703811101617e+00 4.713034002217093530e+02 -1.218486785574503628e+00 -1.090235756637355280e+00 -8.069008897309291939e+00
1.341338355883552325e+00 4.230768228171191936e+02 -1.268224009673639685e+00 -1.133371765244824303e+00 -9.873642351971469111e+00
1.341626467264397604e+00 4.166903996299429878e+02 -1.003488394680060125e+00 -1.098937998178218933e+01 -1.068583727439875020e+01
1.340246788178885984e+00 4.453926088357519006e+02 -1.000913992077229864e+00 -9.614181922310843120e+00 -1.136728081205270335e+01
1.340017057249126342e+00 4.439272596518343335e+02 -1.003477424936860984e+00 -8.825996987487608081e+00 -1.143878667099062696e+01
1.340568069730184497e+00 4.264748680449615108e+02 -1.013614387488615876e+00 -6.413098151746899234e+00 -6.938398809351278729e+00
1.339961462090848210e+00 4.132500012689893083e+02 -1.002221727270109497e+00 -1.014772510807954120e+01 -9.217504434933077917e+00
1.339881109044885887e+00 4.035262412817297673e+02 -1.043129907211829632e+00 -7.962777568213059709e+00 -1.166378477727791640e+01
1.339494065410794965e+00 4.161803459689944589e+02 -1.062399873707274622e+00 -4.119141147934795910e+00 -1.155797195980933090e+01
1.339665230687399955e+00 4.218260870495738004e+02 -1.002999159918323002e+00 -6.230357783655155579e+00 -1.172754725977877577e+01
1.341366706685521271e+00 4.495315866696024614e+02 -1.147315275921902966e+00 -1.209502088807473896e+00 -1.183944813072588431e+01
1.341203851064008301e+00 4.066294003069971836e+02 -1.055973919188328836e+00 -7.250206564104394680e+00 -8.047104770822294029e+00
1.339867631832340367e+00 4.400864194948890713e+02 -1.003155501892072365e+00 -7.654028583192182822e+00 -1.197893660993678466e+01
1.340394487535240930e+00 4.188629884441608624e+02 -1.058549868218628731e+00 -1.090553278860169506e+01 -9.488341724005392663e+00
1.342355749035853529e+00 4.123081193576301757e+02 -1.329732302381597009e+00 -1.191195659709080701e+00 -1.146756459694024599e+01
1.340368970390448888e+00 4.155552529920152551e+02 -1.105855758799330957e+00 -4.479347141300373814e+00 -9.735724214146147304e+00
1.339943061133358260e+00 4.269687783903390823e+02 -1.021816834255041329e+00 -3.342741229295404182e+00 -8.751971984707566321e+00
1.340392793718849562e+00 4.382635468674366734e+02 -1.014246696545646031e+00 -9.101357817198604039e+00 -1.067557466095831842e+01
1.340785474896793117e+00 4.149799695406759952e+02 -1.005558765225787354e+00 -2.610152176138710090e+00 -8.639632570976148784e+00
1.340019908443390140e+00 4.120660702055524780e+02 -1.066253915696766086e+00 -8.352473512965588043e+00 -9.396880246464812458e+00
1.341685558507698550e+00 4.045042888092130511e+02 -1.381966820039025379e+00 -1.045792425893228739e+00 -8.524857050147847559e+00
1.339791667827410881e+00 4.264467647763160585e+02 -1.017704105327540631e+00 -7.096672956922891018e+00 -1.080297111597749904e+01
1.341484210617404749e+00 4.043817607171088753e+02 -1.035558762033911506e+00 -4.253721107947036728e+00 -7.038887917935273464e+00
1.340051750740522740e+00 4.528947197392290605e+02 -1.009090632792691622e+00 -5.252278219333905263e+00 -8.149319365187629671e+00
1.341906896099514190e+00 4.042777659441461537e+02 -1.703642038003799541e+00 -1.102718385291181491e+00 -7.793564957701889284e+00
1.341702650755435045e+00 4.021622992953161884e+02 -1.496707926936251098e+00 -1.180693655389967844e+00 -1.021411972168530191e+01
1.339813519149910981e+00 4.310664622406669082e+02 -1.003615543970166613e+00 -6.979364572106307563e+00 -9.160102187514503669e+00
1.340922599090592637e+00 4.030231352771788806e+02 -1.086744109969270511e+00 -1.083318549115435836e+01 -1.121785839381377059e+01
1.340031921103085999e+00 4.333599314237077920e+02 -1.052499467581546000e+00 -6.546339014649927179e+00 -1.075024713614531358e+01
1.340360443893729769e+00 4.002184990267942908e+02 -1.086340511300967648e+00 -9.199501179258145811e+00 -8.041105639310632824e+00
1.341510897049817297e+00 4.130680047685580689e+02 -1.035951185355314053e+00 -6.094023152250628961e+00 -9.642312335631185505e+00
1.340369937039336046e+00 4.258653835723334851e+02 -1.006964175084950952e+00 -2.998467887549997712e+00 -9.448563613291311114e+00
1.340140176124049676e+00 4.245142139356045163e+02 -1.039150577204527082e+00 -9.722550858778316041e+00 -1.008152637260937823e+01
1.340859303408261649e+00 4.108953980381794509e+02 -1.059073916145809591e+00 -3.448555267950226266e+00 -9.715466874578929435e+00
1.339841034625989469e+00 4.132477320467561412e+02 -1.100537817845816946e+00 -3.941512398901759084e+00 -1.035266450281361728e+01
1.341101890360258508e+00 4.092915430029718209e+02 -1.056176172634121002e+00 -8.136053024137352097e+00 -9.210105735797895932e+00
1.339684887638704858e+00 4.454706204588985088e+02 -1.023634305465810357e+00 -4.135232216623938584e+00 -1.081984405142258510e+01
1.340570951929783483e+00 4.241123739042853344e+02 -1.041627718169571892e+00 -1.025502260901262197e+01 -1.175029061639128258e+01
1.342509362433685904e+00 4.168861425887263863e+02 -1.447939351142029096e+00 -1.108097633137973048e+00 -1.067587114214739508e+01
1.340003080862590013e+00 4.001748995292058453e+02 -1.030675866540779140e+00 -8.377869262753153023e+00 -1.004362929461295195e+01
1.343407032910688415e+00 4.143095115654637084e+02 -1.092372564928405509e+00 -1.093112190268787032e+00 -3.974536620718586377e+00
1.341581365558925931e+00 4.039111436706447762e+02 -1.024306802472386480e+00 -9.000433150120958459e+00 -7.834265627176902669e+00
1.340091669120701878e+00 4.404612267288917451e+02 -1.013881104888247009e+00 -7.001656323403338433e+00 -9.056840206504723767e+00
1.340023771353092030e+00 4.418327161429301100e+02 -1.032086302046556270e+00 -4.898402984651995418e+00 -8.146602406820386832e+00
1.341445894323056498e+00 4.770863276470721530e+02 -1.018400745160775500e+00 -1.150078556796795937e+00 -1.145807395025641995e+01
1.340261320289154900e+00 4.049923641534728063e+02 -1.102869786630895632e+00 -4.803582304854121965e+00 -7.297378261015906808e+00
1.339767096174873995e+00 4.529688907981973784e+02 -1.018095162031105616e+00 -4.897113042680732775e+00 -9.286123453256690752e+00
1.340382547927454038e+00 4.300210528765798017e+02 -1.024447650560889045e+00 -9.957552817136967604e+00 -9.886818604686643752e+00
1.340039467958513919e+00 4.004115331558190292e+02 -1.054075104861457390e+00 -1.017373386602088203e+01 -1.038223149680806756e+01
1.342094447158758808e+00 4.037370214886699955e+02 -1.524422677985830532e+00 -1.028222608009182082e+00 -4.935322095885211091e+00
1.342321868345189850e+00 4.014948831565906175e+02 -1.399778066632302753e+00 -1.183753516468049938e+00 -8.379970169987629447e+00
1.340071812815961882e+00 4.243395918741244373e+02 -1.018600078136993048e+00 -1.194235672474671794e+01 -9.631814064150271193e+00
1.341082796812852695e+00 4.299127647906432799e+02 -1.016204851521010255e+00 -6.404502827677660548e+00 -9.957804245728738124e+00
1.342173537321627919e+00 4.388103001304422719e+02 -1.659237843959393999e+00 -1.004377157275937904e+00 -8.224054052796594405e+00
1.341193725092040934e+00 4.061997936077492000e+02 -1.049737797018398311e+00 -7.006900556806971991e+00 -7.841601768254424343e+00
1.342528444466339232e+00 4.213901906071638450e+02 -1.691106154096067016e+00 -1.018498289359847320e+00 -6.692292436883195528e+00
1.341082097940378137e+00 4.029258242680557487e+02 -1.040865891913185237e+00 -2.929549235237262295e+00 -1.097624711456405322e+01
1.339741603897416589e+00 4.546693320417979294e+02 -1.001245363538805222e+00 -5.387039373222648919e+00 -8.921608094551174872e+00
1.339768440935818372e+00 4.099123867861545136e+02 -1.109746839408270347e+00 -4.220125017240053289e+00 -1.018010997590265454e+01
1.340071718695042380e+00 4.003973842170712487e+02 -1.061765336888523592e+00 -1.185506106641970803e+01 -1.069319506342645276e+01
1.340669445616645694e+00 4.039201680427361225e+02 -1.110669380888447577e+00 -6.652897798916914240e+00 -9.994265641483966789e+00
1.343857519697741587e+00 4.101436138952370811e+02 -1.324783858466451747e+00 -1.035661333987725641e+00 -8.224978435357014561e+00
1.339964276085558348e+00 4.251915033841110585e+02 -1.043283031486364365e+00 -6.572438336215854271e+00 -8.949171326075255450e+00
1.339818106345800341e+00 4.023490155778543453e+02 -1.077982480561177070e+00 -5.501416102859515433e+00 -7.787640020659896578e+00
1.340115541935492871e+00 4.017017151658567400e+02 -1.009263192582983137e+00 -1.073071787383396902e+01 -9.252450425529239908e+00
1.340335963546194220e+00 4.068516914270539360e+02 -1.091475642976469373e+00 -7.378134960765487804e+00 -9.198579787743302205e+00
1.340235135826759016e+00 4.142066792097876373e+02 -1.014183529420023433e+00 -3.493348597967791846e+00 -6.880484021966737807e+00
1.340544657745765367e+00 4.325362216861434490e+02 -1.048967749061116450e+00 -5.019274436522954019e+00 -9.428686917692484570e+00
1.340949574005666500e+00 4.134678746895853010e+02 -1.052976044573604497e+00 -6.315693917373028654e+00 -7.916295465034019152e+00
1.340414043311132453e+00 4.150141071676829370e+02 -1.035539335187324994e+00 -3.536795127949186934e+00 -7.427785141960088211e+00
1.340306369975670098e+00 4.132966391145827743e+02 -1.077303236371619732e+00 -6.999501202298180402e+00 -8.840827222078802450e+00
1.340183999128877312e+00 4.057120835016451679e+02 -1.129492732104148800e+00 -5.323716951066679748e+00 -8.907910070644202705e+00
1.340179031864368486e+00 4.028466570300320200e+02 -1.068005002472274256e+00 -1.040699000224384818e+01 -9.108652257784843442e+00
1.340906208537836486e+00 4.128788445655306987e+02 -1.056922158864269434e+00 -7.990724156229411790e+00 -1.170454372818317701e+01
1.341691777688450937e+00 4.015998631119143170e+02 -1.495183804399861316e+00 -1.063858256115763012e+00 -7.763864393632761818e+00
1.339699302751947041e+00 4.056445999700866309e+02 -1.111346455915166231e+00 -4.352364946982882898e+00 -1.037560971060407944e+01
1.341726074142501446e+00 4.062557108990714596e+02 -1.560974398590623480e+00 -1.050040478672386257e+00 -8.943916688156807737e+00
1.339994661922413899e+00 4.184557266294586952e+02 -1.014659073913547260e+00 -7.979812686300270741e+00 -1.099048917871849440e+01
1.339908093760804997e+00 4.056478884037875332e+02 -1.074911898253049003e+00 -6.738906374876835415e+00 -9.801749286322012367e+00
1.340199134586803398e+00 4.248033253330564207e+02 -1.004926401201036157e+00 -9.377132837875894467e+00 -8.295627660578194451e+00
1.339756752112325477e+00 4.048220412464283413e+02 -1.067236625340516554e+00 -3.639395584672177719e+00 -1.148569454265460621e+01
1.341131766489641830e+00 4.118235092915558084e+02 -1.037897731817732705e+00 -9.176191250195321558e+00 -9.208522369723425527e+00
1.339929419297678725e+00 4.025576919922765455e+02 -1.083373520251834421e+00 -3.539271083317807154e+00 -9.440893996933784393e+00
1.339913085366516654e+00 4.326352515535302814e+02 -1.018169476176648658e+00 -4.410751560993672271e+00 -7.513123694903340422e+00
1.341685008384290168e+00 4.207513209371503535e+02 -1.069384791691215142e+00 -1.140766314870749198e+00 -9.303200546847648411e+00
1.341621581888698289e+00 4.039795552234211868e+02 -1.443302198820207494e+00 -1.131008101418661482e+00 -7.205214274020718790e+00
1.340786257789573721e+00 4.089152506562655844e+02 -1.048097619707743178e+00 -3.260422648421206659e+00 -9.094850012861106947e+00
1.341971361540374108e+00 4.177234852074738001e+02 -1.094347449355755231e+00 -1.096165495382017241e+00 -5.545497466650390450e+00
1.343524709571316089e+00 4.632742798854391708e+02 -1.136241820395905933e+00 -1.018974458763668878e+00 -1.061338226243704064e+01
1.340820203170443925e+00 4.058166966950859660e+02 -1.044538386870524249e+00 -7.816702884019040454e+00 -7.384041574226026583e+00
1.339564145469348544e+00 4.230258835557876296e+02 -1.045279808050187498e+00 -4.592199394604381979e+00 -1.037349757480609647e+01
1.340945251249858750e+00 4.136883475415417593e+02 -1.058612721379532218e+00 -6.285606199239589742e+00 -8.566816153338596251e+00
1.341365210100631478e+00 4.100800285820737940e+02 -1.026594139186387977e+00 -1.135822003479550446e+01 -9.743938344067576196e+00
1.340356936028122892e+00 4.167684906581450832e+02 -1.047183944269455935e+00 -1.044233442073150009e+01 -1.147324449228256960e+01
1.339786735273605922e+00 4.281075896940773760e+02 -1.048190448548854903e+00 -4.319070002745563741e+00 -8.792523106687244905e+00
1.340747292416554437e+00 4.025641100528259813e+02 -1.083381311973658612e+00 -1.070389638022406231e+01 -1.143119926359537430e+01
1.340699204156224456e+00 4.046931777312039458e+02 -1.038941308332063329e+00 -5.402669329551901711e+00 -6.393726565196732103e+00
1.343029929052836025e+00 4.550673138391342150e+02 -1.153108259770244004e+00 -1.053071372717782950e+00 -6.157674516869197312e+00
1.341228641696497581e+00 4.024774859215326046e+02 -1.059631915924866163e+00 -9.420572107909709558e+00 -1.174150351665013225e+01
1.339912138980100531e+00 4.015640580544535965e+02 -1.052272199709394229e+00 -6.623335606079105986e+00 -9.406240920182199261e+00
1.342988862561098395e+00 4.260907913614612426e+02 -1.215258980962254043e+00 -1.122861525997238985e+00 -7.316958735180302931e+00
1.340328536580860819e+00 4.223908619523280095e+02 -1.083701274875377152e+00 -4.808758326274717554e+00 -1.171335562322035173e+01
1.340525162450952212e+00 4.258610436009953446e+02 -1.024535188161708632e+00 -9.207973248521277299e+00 -1.173059538282812220e+01
1.340419187792956990e+00 4.064039210013393131e+02 -1.122644562249268674e+00 -5.589896255083066201e+00 -1.088578109832796592e+01
1.343784156818729647e+00 4.406852975558516619e+02 -1.000665105126891774e+00 -1.135132090075154920e+00 -7.426214450776051024e+00
1.340531195239024420e+00 4.180888751053259398e+02 -1.041598362787969023e+00 -9.600379651694343153e+00 -9.970829448540197149e+00
1.343380354363641338e+00 4.086031735380711893e+02 -1.145658964646495193e+00 -1.119193403301252943e+00 -4.943558622553237747e+00
1.340319045123307795e+00 4.039728035626709470e+02 -1.066443486715359157e+00 -7.666105317225982319e+00 -8.087209834248687557e+00
1.341690637685900356e+00 4.146406587139700832e+02 -1.439795285252760237e+00 -1.060334169049403030e+00 -1.044361493062076285e+01
1.340158964060732316e+00 4.254038782015524589e+02 -1.018924368440973893e+00 -3.327834212627069022e+00 -1.133015843153983404e+01
1.340013066823584786e+00 4.264834366410130428e+02 -1.027157343381212229e+00 -5.392152574423353606e+00 -7.580839886112347159e+00
1.341035629652001626e+00 4.013057766033996927e+02 -1.092359208075430743e+00 -5.175134342021610045e+00 -8.223004678422281444e+00
1.340891135173220894e+00 4.260011324655830549e+02 -1.042011576995339084e+00 -5.316427121334243111e+00 -1.060533153394474404e+01
1.339756014155711883e+00 4.418684832917679728e+02 -1.026393953147627158e+00 -4.602563707754047329e+00 -9.521915895205820490e+00
1.340542107220014767e+00 4.154052402857014954e+02 -1.040071701529717174e+00 -9.082770094638739522e+00 -8.830588498421819921e+00
1.340172632155904431e+00 4.053223011068656660e+02 -1.010244710324384343e+00 -1.183303547141221124e+01 -9.419153914300796515e+00
1.341760218913291780e+00 4.078294137546180309e+02 -1.522705975872192141e+00 -1.099901860386474084e+00 -8.821069376221947422e+00
1.343320522107645631e+00 4.109538382776840422e+02 -1.355990791493882242e+00 -1.073084150826922212e+00 -8.298246901948411747e+00
1.340319384761745169e+00 4.097619952031545836e+02 -1.100094621317484922e+00 -5.882023118521837013e+00 -8.801608081815787799e+00
1.339594343509296737e+00 4.302112337565034750e+02 -1.024320079715380416e+00 -4.850628050419138582e+00 -1.109077699059138133e+01
1.340725662706098609e+00 4.306132104787267281e+02 -1.026446582610192948e+00 -6.528565163906207225e+00 -1.137287149540160769e+01
1.340975805775568075e+00 4.159631582668025658e+02 -1.031772863922064687e+00 -9.315608624703259011e+00 -1.052012010414522081e+01
1.340262968126197718e+00 4.026263474160274995e+02 -1.077591495498671392e+00 -8.043180660457068143e+00 -9.316212338791622471e+00
1.342039602229123663e+00 4.818665922215326987e+02 -1.099544750869645426e+00 -1.105837772284193221e+00 -9.069886079419331892e+00
1.340145532013603091e+00 4.094937557777120674e+02 -1.000156947570994603e+00 -1.128845601447839897e+01 -1.159178718976493450e+01
1.340508043024476903e+00 4.158005707016883434e+02 -1.044769762561402970e+00 -1.047270353243403207e+01 -1.191694024558710652e+01
1.342259069133326488e+00 4.171665639092876177e+02 -1.228914430140095604e+00 -1.132632376968707888e+00 -5.397569669030410466e+00
1.340763908295246498e+00 4.129113752808499385e+02 -1.046331576049132295e+00 -9.760779068583794071e+00 -9.495570529811022453e+00
1.340314725687322905e+00 4.024410013985091723e+02 -1.040679024891675297e+00 -9.560654400660773433e+00 -8.070797039126624384e+00
1.341554914867058912e+00 4.002688062088234915e+02 -1.057652845443437073e+00 -6.084115233430983594e+00 -9.680963528751682645e+00
1.340569668381618840e+00 4.053474375818005342e+02 -1.110272986454836186e+00 -6.005737109973328103e+00 -1.128551545263258937e+01
1.340537447639761792e+00 4.076447835749080468e+02 -1.021430272223932789e+00 -1.084500011024931609e+01 -7.426326550536153981e+00
1.340992180372509779e+00 4.195513874927924576e+02 -1.018924781370341037e+00 -5.466737918920359540e+00 -7.234456785893395470e+00
1.340587753506080615e+00 4.003830736946358115e+02 -1.053717052949606270e+00 -1.033351754390747601e+01 -7.716443793526842398e+00
1.341880329288505314e+00 4.162332005764247356e+02 -1.217947244740468449e+00 -1.051466716165473159e+00 -1.040117591701833888e+01
1.340729678868253227e+00 4.219212249517972282e+02 -1.034309646423952955e+00 -5.713736978210788742e+00 -7.666032208484533150e+00
1.342587869278040635e+00 4.236825752334320327e+02 -1.642959911926848093e+00 -1.011951342293139433e+00 -7.314721046621747824e+00
1.340294745963449552e+00 4.051952370884538936e+02 -1.043598905080669326e+00 -3.230738101426837261e+00 -8.341939956877233442e+00
1.340996221160759783e+00 4.035751260042684407e+02 -1.078832241092332112e+00 -6.619296193002838891e+00 -9.008347146643060910e+00
1.339769678758115479e+00 4.311363883509412744e+02 -1.050951778804474657e+00 -4.891044115052171293e+00 -9.997903198237086286e+00
1.341908870995847325e+00 4.072400613267863605e+02 -1.100496976375358926e+00 -1.183693225902228363e+00 -5.414536836860429858e+00
1.340798683109873712e+00 4.132184569198980171e+02 -1.051020420646413100e+00 -7.635246765027336124e+00 -9.469015865440464808e+00
1.342316744303884590e+00 4.096061413657066623e+02 -1.288026591828820955e+00 -1.191944843093049045e+00 -7.870410293184692208e+00
1.340053423364998997e+00 4.262256893983886243e+02 -1.053292563664129489e+00 -5.114305324823110510e+00 -8.366487118893697783e+00
1.340386357162508757e+00 4.231770853944383362e+02 -1.024455215305867029e+00 -9.254123549981708052e+00 -1.162511253128409194e+01
1.341388413096283871e+00 4.193747122945136994e+02 -1.004347595808756211e+00 -7.357324665120354545e+00 -1.095607882248566867e+01
1.341715406164433855e+00 4.465712765673946478e+02 -1.075188757720372479e+00 -1.136641081720096480e+00 -7.032280803395453361e+00
1.342544376764227554e+00 4.193814596871650906e+02 -1.255897086012291552e+00 -1.163174850872664479e+00 -9.266057331382807405e+00
1.342410940959093413e+00 4.336508085570245044e+02 -1.059230180545210231e+00 -1.189789625037388276e+00 -5.305799053013458000e+00
1.341634513090121494e+00 4.086069928612870399e+02 -1.212118981641738813e+00 -1.274881804497155713e+00 -9.416731119590068033e+00
1.340303831192938055e+00 4.372960671355734235e+02 -1.019403822259333126e+00 -5.630959972501885957e+00 -8.441915191286550879e+00
1.341865731544168883e+00 4.035684276821855860e+02 -1.606710360851513641e+00 -1.065275028493031684e+00 -7.819623648837800367e+00
1.341638357811134608e+00 4.038911500490783624e+02 -1.013615253269257721e+00 -3.684943419717239266e+00 -7.756128641728047945e+00
1.343540068686582156e+00 4.443377940010702218e+02 -1.120883230295335764e+00 -1.055925771772097121e+00 -6.823721731942701041e+00
1.340236639281571662e+00 4.238129381002071341e+02 -1.044415232792109904e+00 -5.879720521807803024e+00 -8.120809384688367771e+00
1.340223089887064400e+00 4.040327441174130172e+02 -1.063185618601641735e+00 -3.292883260355091934e+00 -1.024091311160783846e+01
1.341965543648425907e+00 4.583352498645754167e+02 -1.224060390431171541e+00 -1.030770402869892521e+00 -6.643421867930553226e+00
1.340973933716035349e+00 4.262472474900091015e+02 -1.008643251282547837e+00 -6.895842184942031494e+00 -8.848088222619253429e+00
1.339718322840689702e+00 4.239438979583860601e+02 -1.049605776926799905e+00 -4.313570776651451055e+00 -1.120504328341451838e+01
1.340335414605422715e+00 4.158390090182102199e+02 -1.034769671435540772e+00 -8.877872410469581865e+00 -1.092222608959921715e+01
1.339956228877705158e+00 4.279513090893980234e+02 -1.062953670841494613e+00 -5.008368044067331937e+00 -1.127946214588421725e+01
1.339857431414459121e+00 4.130301790366562500e+02 -1.046754168779338912e+00 -6.129652933980655583e+00 -1.098138274244840495e+01
1.339771773470809890e+00 4.041185422631896245e+02 -1.097654396502139917e+00 -4.288723386547920846e+00 -1.055267694354472674e+01
1.340582961612398760e+00 4.193860446252643897e+02 -1.021375223825160106e+00 -1.140094152998734955e+01 -9.024280610345101650e+00
1.342613099625665996e+00 4.214038333995123367e+02 -1.447408643205308820e+00 -1.067990552981576968e+00 -1.020538334461906516e+01
1.340363702366625720e+00 4.328907249524717713e+02 -1.000335002316719013e+00 -8.273217672108312826e+00 -1.160454545478213184e+01
1.341012064046773533e+00 4.132894800153945880e+02 -1.010186072032263738e+00 -3.392842400533945479e+00 -7.502297259472893387e+00
1.342055301930143552e+00 4.067220931720686394e+02 -1.257923207319835868e+00 -1.086023624779354435e+00 -5.463130204438774840e+00
1.341027807238043712e+00 4.037836680576091908e+02 -1.018109121160033936e+00 -1.056763332614752748e+01 -7.107935102217158629e+00
1.339758873168044984e+00 4.000183392709330974e+02 -1.050782328339289862e+00 -5.096312549941076853e+00 -1.180814493785669228e+01
1.341161901636912956e+00 4.036063635541295298e+02 -1.061973891445566309e+00 -5.391813558589659827e+00 -7.722979872178473038e+00
1.340265619540311537e+00 4.103313357440103459e+02 -1.018870954396351891e+00 -8.914505295902905857e+00 -8.910350554120224587e+00
1.340236380887671830e+00 4.082428542179337683e+02 -1.040651938378866603e+00 -8.547073263980141888e+00 -1.158964138928087984e+01
1.340210649819407740e+00 4.124533474494161283e+02 -1.007231486756253958e+00 -1.139488650979664186e+01 -1.085607103039008692e+01
1.343076478210948999e+00 4.025765645567188358e+02 -1.240474126479440997e+00 -1.172678912636300197e+00 -9.818215747242682312e+00
1.340410412308790100e+00 4.209343446743988579e+02 -1.029805225238419553e+00 -5.141857545949849673e+00 -7.222384728437956980e+00
1.340699815208795442e+00 4.109754572232183705e+02 -1.051666539118027544e+00 -8.171791207055653317e+00 -1.013314162080698111e+01
1.342954846278234360e+00 4.499155254232680363e+02 -1.224426418110793335e+00 -1.050531290926848271e+00 -1.104555932456931444e+01
1.341689490485261205e+00 4.103780951449077179e+02 -1.004566057409478574e+00 -3.812046628215339794e+00 -9.783100782947023788e+00
1.342509148307683198e+00 4.863041886609771041e+02 -1.183723536714554214e+00 -1.006356497749646195e+00 -9.392429245060279541e+00
1.340600366237203245e+00 4.120019961062125162e+02 -1.050628356120828499e+00 -4.131059256073106312e+00 -7.487016098890509674e+00
1.340133602653434952e+00 4.065671085667856914e+02 -1.014299382283175177e+00 -7.436290679119111680e+00 -1.078752260664590246e+01
1.340149366907750883e+00 4.083463360109199698e+02 -1.088429372878810142e+00 -4.116229000002149085e+00 -8.995689178591666391e+00
1.339739477342725360e+00 4.119397552848398050e+02 -1.049459770716207885e+00 -5.227576044849468140e+00 -1.094315004809539715e+01
1.340416395326699428e+00 4.057271809868540231e+02 -1.016298300743841310e+00 -8.568674156252630070e+00 -7.839458085633173035e+00
1.340380853973978992e+00 4.149993008559870873e+02 -1.032315927138622413e+00 -1.072355789667820147e+01 -1.190837150080278839e+01
1.340342794425318784e+00 4.236752817798793558e+02 -1.007686335601425398e+00 -7.416676635731206169e+00 -8.358091193592169788e+00
1.341199905909601142e+00 4.042847280784520763e+02 -1.045165206516244893e+00 -9.332386893525995930e+00 -1.117448612112371542e+01
1.340431422927322869e+00 4.191201002162854365e+02 -1.050273568022445758e+00 -6.071060736544626302e+00 -8.410683768864263499e+00
1.340520206506926382e+00 4.004749006870343919e+02 -1.107982418883578291e+00 -6.467374214896591589e+00 -9.899034659581815276e+00
1.341842168371471411e+00 4.198150313318115536e+02 -1.180172978208171131e+00 -1.104078822799856141e+00 -6.830815956783446552e+00
1.342099951505000499e+00 4.437455343841776880e+02 -1.267742102253677672e+00 -1.027162471848791725e+00 -6.070877753442934122e+00
1.341113551662603154e+00 4.133793804611860310e+02 -1.019368910621926361e+00 -1.055587223223382942e+01 -9.195487943341632331e+00
1.340594359488349818e+00 4.104309365180735085e+02 -1.092166558168818469e+00 -4.661090550541590716e+00 -1.108651692290507818e+01
1.342744753432043359e+00 4.067417774821127523e+02 -1.157315281206855673e+00 -1.249527784282880916e+00 -1.031920637967080623e+01
1.340304625605753808e+00 4.115355608355761206e+02 -1.052460228817885479e+00 -4.001783172637436437e+00 -7.621291773456927210e+00
1.342138356710716351e+00 4.570196065150485651e+02 -1.036423599003121865e+00 -1.225202817403033606e+00 -1.040075864149912022e+01
1.340701421105681135e+00 4.218153902420657460e+02 -1.011117899809663712e+00 -5.047667998460487304e+00 -6.970894547567668020e+00
1.342422210160168605e+00 4.742745810805446354e+02 -1.027743690794912013e+00 -1.145208724667336142e+00 -7.476874537643293905e+00
1.341736826792595982e+00 4.018001761201833233e+02 -1.251187279007865527e+00 -1.184106831394007742e+00 -6.756511897720088200e+00
1.340893887549668095e+00 4.229932423588882671e+02 -1.024506048383146961e+00 -4.846793523687466632e+00 -7.810841188967652116e+00
1.341941129087785622e+00 4.247702491383449228e+02 -1.419725952496772692e+00 -1.011593915305763147e+00 -8.422351799133906525e+00
1.340829183846848460e+00 4.150644548969036123e+02 -1.044754132708986205e+00 -6.930104353491608471e+00 -1.019603855809305593e+01
1.340310578022323229e+00 4.122901038313209483e+02 -1.020088888558502660e+00 -9.234459834663228506e+00 -9.363286292225460272e+00
1.340377538807381752e+00 4.059989303286739641e+02 -1.001402544422177243e+00 -1.196020073395479777e+01 -8.206924887932515844e+00
1.340624000483545020e+00 4.240063296190509163e+02 -1.009613291801114698e+00 -9.358534142234741893e+00 -9.542965257139810475e+00
1.340199736828536325e+00 4.310039655447459950e+02 -1.016133546311138502e+00 -6.582782626271567850e+00 -9.620254102061513990e+00
1.343189247290423216e+00 4.272938791760360004e+02 -1.029257236746037307e+00 -1.230801469834375439e+00 -8.149949666718356411e+00
1.342587906719082236e+00 4.079246064704432229e+02 -1.598786094455222795e+00 -1.024437512400609762e+00 -5.985553976942984633e+00
1.340356917398490166e+00 4.012116233340740905e+02 -1.020250612517841660e+00 -1.160293701283199752e+01 -8.465287173752551908e+00
1.340513211688712847e+00 4.080929281262248196e+02 -1.042848886920477725e+00 -1.017905217688425701e+01 -9.293362593467815458e+00
1.340232821987604961e+00 4.343918729779553018e+02 -1.032041937439416301e+00 -5.665700875378794521e+00 -9.645875002329709957e+00
1.339990803121821061e+00 4.128286468589599281e+02 -1.065888354496156154e+00 -6.015306230237355223e+00 -9.621635558676508992e+00
1.340660619056223579e+00 4.214991718750784457e+02 -1.010111491318689048e+00 -1.100247944271750278e+01 -9.092596385562934813e+00
1.341060968585044755e+00 4.071592581629490724e+02 -1.038984255161770065e+00 -1.058440137334134690e+01 -1.016098791315989658e+01
1.340063424789491586e+00 4.380623432481254440e+02 -1.012094767928310546e+00 -6.020297926796265742e+00 -1.123862896277130119e+01
1.341228236630088944e+00 4.298193177201266622e+02 -1.000998593625762823e+00 -4.627738765030553481e+00 -1.073188500371958654e+01
1.339919812435979907e+00 4.195713653067070368e+02 -1.019209504436870972e+00 -3.789037504574128690e+00 -8.890934727948190286e+00
1.341456983177142792e+00 4.101599405819405320e+02 -1.016836806703521390e+00 -7.352267085544601066e+00 -1.016006594859015699e+01
1.341753018873897307e+00 4.034614453328401851e+02 -1.188916668162084633e+00 -1.154649930781609157e+00 -7.285557169480293638e+00
1.341922203499695820e+00 4.259106461338776626e+02 -1.310322892149118346e+00 -1.034920620943356795e+00 -1.003699218137089133e+01
1.339983487048621136e+00 4.248331476122597792e+02 -1.039211470343149202e+00 -4.457490531006540913e+00 -8.323321231947620191e+00
1.342193230868212073e+00 4.213639467715610181e+02 -1.254513060482246090e+00 -1.169400481833287486e+00 -1.079015130898697805e+01
1.342300835406779358e+00 4.922453342953052129e+02 -1.168888831971829134e+00 -1.002761310211361945e+00 -1.111121544127126270e+01
1.342463871128526165e+00 4.470776191944415245e+02 -1.068220320020166980e+00 -1.201955853796567553e+00 -1.122247642262530398e+01
1.340260224320747096e+00 4.127772960043281500e+02 -1.000796887260511525e+00 -3.320552501273150270e+00 -7.627130503857999955e+00
1.340942279939932424e+00 4.287648629694483589e+02 -1.006465516626334988e+00 -6.556158001793789936e+00 -9.815392193265061849e+00
1.341135336454189364e+00 4.109449214276775137e+02 -1.022882488863832151e+00 -1.050348282917126141e+01 -9.596526193296382345e+00
1.340099539464846057e+00 4.321838087148014438e+02 -1.044776899148866178e+00 -4.751062409236241457e+00 -1.166038159822911524e+01
1.340885718943106264e+00 4.078085799923844661e+02 -1.042271521857207617e+00 -1.174387965032765280e+01 -1.041814308388251575e+01
1.340333652410892640e+00 4.051664522559315742e+02 -1.042489671233123971e+00 -3.231810738517230774e+00 -1.196867846172177252e+01
1.340002949197658610e+00 4.237247151912720255e+02 -1.000280042336674668e+00 -5.056608902654263105e+00 -7.548994097254270841e+00
1.342549569633610052e+00 4.843373259590937323e+02 -1.068417087596481352e+00 -1.074708498487572328e+00 -8.861935618599293463e+00
1.340253006966615201e+00 4.303403135741006054e+02 -1.028094369247110507e+00 -3.933670123173158117e+00 -1.069180775033535902e+01
1.341815785851323106e+00 4.279299753972511553e+02 -1.146287030281396113e+00 -1.225238038758810433e+00 -1.135830890297391882e+01
1.340465347041166710e+00 4.203053074533488029e+02 -1.064309689487853205e+00 -5.058251416388909405e+00 -9.366351288140771558e+00
1.343661952019910011e+00 4.277094595328874789e+02 -1.101393949908262115e+00 -1.100416311949427239e+00 -9.432811379556426346e+00
1.342237859333558214e+00 4.013703352883859452e+02 -1.462365868243926670e+00 -1.128066385614387102e+00 -8.675914195879833812e+00
1.341562702518544814e+00 4.056758245681334074e+02 -1.011241820171875361e+00 -1.120234685879651870e+01 -1.112880310301976827e+01
1.341318647792866914e+00 4.118414436578434561e+02 -1.011763764633448304e+00 -8.919062293192865809e+00 -9.748414777424191158e+00
1.340346181731650654e+00 4.140494273655959887e+02 -1.089810221900879839e+00 -4.859137856573486403e+00 -1.130840146342982777e+01
1.339813476293949757e+00 4.187801129702518210e+02 -1.015895477159139304e+00 -4.844964683912579950e+00 -8.886730395590205944e+00
1.340528204154066039e+00 4.013574255503691006e+02 -1.049731626899339076e+00 -1.114011104061990487e+01 -8.823440808464626528e+00
1.342041279938010812e+00 4.208028747670709322e+02 -1.203155547099225231e+00 -1.207591811920710967e+00 -9.499670093892763845e+00
1.340072829184757008e+00 4.086223415128205829e+02 -1.057426222400968285e+00 -3.654447438350027610e+00 -1.096197504200360129e+01
1.341145157391927301e+00 4.005428657495471043e+02 -1.038785268996170075e+00 -9.444758925024041574e+00 -8.173670748393366381e+00
1.340935548223451956e+00 4.089741873484238681e+02 -1.023663630943094205e+00 -1.122662449982181698e+01 -8.275289797434464134e+00
1.340326231428145443e+00 4.170623450807200925e+02 -1.074870876832925148e+00 -4.904706722998532165e+00 -9.400694282650661648e+00
1.342138668963612780e+00 4.309596591407497499e+02 -1.441083442042865315e+00 -1.016714274023016173e+00 -7.030774520220545831e+00
1.342430516827899822e+00 4.629420182577612195e+02 -1.210075221579652194e+00 -1.052202502190651145e+00 -1.131051690357877071e+01
1.340772478627930253e+00 4.210262499812171200e+02 -1.025533498706352020e+00 -3.674304698706576389e+00 -1.024057840612295323e+01
1.340397870278471348e+00 4.087107761664284453e+02 -1.025421212374517665e+00 -9.634725606732258640e+00 -9.353195315596124715e+00
1.341904365180595304e+00 4.462684031593546479e+02 -1.212348455207095554e+00 -1.055601166794980728e+00 -9.387826306813852995e+00
1.341405658715981941e+00 4.141157599447171833e+02 -1.002421140265704835e+00 -8.433193328959486479e+00 -1.042641454664304135e+01
1.341890937445553655e+00 4.455461214011619404e+02 -1.062021543000316370e+00 -1.230598119314908701e+00 -8.888998438746494202e+00
1.340482179405294128e+00 4.116005504539185722e+02 -1.037245121882833132e+00 -3.314716064220009528e+00 -1.185681730734658679e+01
1.342829289765349099e+00 4.336343679582638515e+02 -1.122208677197793492e+00 -1.166396233334468846e+00 -1.151699094024521486e+01
1.342080868784424119e+00 4.093044766232187612e+02 -1.557234777117148639e+00 -1.046823711692328018e+00 -7.843252410980404932e+00
1.340383690566214092e+00 4.353810774510653232e+02 -1.010926245129239121e+00 -4.051044009744016350e+00 -9.190828116749322874e+00
1.340498310490400247e+00 4.114910115988553798e+02 -1.061577166008014217e+00 -5.233116687834638014e+00 -7.728034218338234673e+00
1.340986842855282246e+00 4.147308358985690688e+02 -1.053423895370876551e+00 -5.660130952798853698e+00 -1.084217135891696415e+01
1.342833571028252626e+00 4.063759255722881676e+02 -1.666947626805797000e+00 -1.022613184041253120e+00 -1.024230416916694608e+01
1.340956174359783093e+00 4.059562504338639997e+02 -1.048159608271395982e+00 -7.847065009183364914e+00 -9.819576341657681340e+00
1.343360119644271933e+00 4.136705422122435607e+02 -1.381010259193972800e+00 -1.038970515578204967e+00 -9.014284957896673944e+00
1.342209566574948720e+00 4.780463064300556653e+02 -1.067734616820173343e+00 -1.102881262604508805e+00 -1.110155948099335532e+01
1.342444826003202696e+00 4.490003048948539117e+02 -1.132249816871603088e+00 -1.134249870690942075e+00 -8.457559581016708350e+00
1.341455250306307523e+00 4.097237637056155677e+02 -1.012587250526394200e+00 -4.185852644794036514e+00 -7.724542060528616361e+00
1.342689664334144606e+00 4.719536610382164099e+02 -1.192008521383725039e+00 -1.020172695643109861e+00 -1.170268327493442229e+01
1.340616241582666346e+00 4.063861087719517968e+02 -1.049463873565107619e+00 -8.765651069580533417e+00 -1.102622597010507022e+01
1.341383596497975894e+00 4.148796806701615765e+02 -1.025228462097253157e+00 -4.671552031507388847e+00 -9.727823059151248231e+00
1.340718027112737021e+00 4.075002680555672328e+02 -1.081780660480552214e+00 -4.298077885884650229e+00 -1.130071864133881654e+01
1.339898744876796499e+00 4.402868332635298430e+02 -1.001563402276548942e+00 -5.421476858723191405e+00 -1.054074151441303364e+01
1.340703399050168665e+00 4.177988620356645697e+02 -1.026239094179889122e+00 -7.769412174569005458e+00 -1.166842852886523829e+01
1.340042352271941128e+00 4.285582956061577420e+02 -1.029972033445242019e+00 -5.824140274978541143e+00 -1.138943338259763216e+01
1.340406080582670301e+00 4.073953717546576172e+02 -1.045814299228524646e+00 -3.952243752071282756e+00 -7.438835547816381677e+00
1.341048308715997894e+00 4.126487520106753664e+02 -1.018682479595245383e+00 -1.136010786920016713e+01 -9.623644369183718794e+00
1.340842800652083167e+00 4.360692858832445040e+02 -1.005224849814492671e+00 -4.960609396235977187e+00 -1.026124849981100162e+01
1.340645903397775340e+00 4.262605269404234036e+02 -1.014858044975655460e+00 -5.670130175679448215e+00 -7.908254079672318859e+00
1.340341231704412772e+00 4.418190434346282700e+02 -1.012567675664769240e+00 -5.183331907804855199e+00 -1.070921999089348375e+01
1.340084435500598081e+00 4.020926577493239620e+02 -1.069874374944841833e+00 -4.763882571461539150e+00 -7.688347470650857218e+00
1.342882818169369052e+00 4.011481703871759805e+02 -1.406209319263927782e+00 -1.063437567382056415e+00 -5.543820695170289525e+00
1.340890123949886048e+00 4.107061368984440151e+02 -1.045552294803798077e+00 -5.328339345491686529e+00 -7.635769147969490689e+00
1.342322384126741319e+00 4.806452561534160282e+02 -1.065116107326749884e+00 -1.092050832486116008e+00 -1.149006553929496910e+01
1.342111108457405333e+00 4.238028459065612310e+02 -1.119656013296360442e+00 -1.100059650369109576e+00 -5.656584537332232543e+00
1.342602601669098838e+00 4.280138919491410547e+02 -1.104729306690309443e+00 -1.068611247534853703e+00 -4.715737995268614924e+00
1.342726338071408954e+00 4.269718705159415322e+02 -1.332555400966557002e+00 -1.042258625832776175e+00 -6.195205104475419944e+00
1.340363128891493227e+00 4.092392539656663644e+02 -1.011238875055331832e+00 -1.034834576130502271e+01 -1.025208728578092376e+01
1.342382835490092408e+00 4.011048049061510596e+02 -1.245424526491856199e+00 -1.227895885342094928e+00 -1.072105845167220828e+01
1.342313068937462273e+00 4.782112172429983730e+02 -1.163080985650005061e+00 -1.002576573225191225e+00 -6.834205370716628813e+00
1.341095814612019765e+00 4.000366693924124206e+02 -1.080468557589291834e+00 -4.263267273466682106e+00 -1.116729010691819823e+01
1.340241959234037328e+00 4.269669097204166519e+02 -1.032399754959975269e+00 -5.289773736357347822e+00 -8.480507627039573393e+00
1.340049814965068364e+00 4.380276237919492814e+02 -1.010459989395540603e+00 -5.620898939148355922e+00 -1.119195619261386021e+01
1.342060370460723240e+00 4.186679558653710842e+02 -1.450941587408451028e+00 -1.050070879825199199e+00 -8.656080546487132210e+00
1.344202955030157076e+00 4.185753656879566620e+02 -1.054281273195426749e+00 -1.080662835016740431e+00 -1.072977862416922257e+01
1.340040751950031250e+00 4.033739100410713831e+02 -1.080148589342918797e+00 -6.068717001330311334e+00 -1.195748918223924839e+01
1.342657335459676471e+00 4.215491857631958510e+02 -1.561525245364503434e+00 -1.015181863976275523e+00 -1.011855264616839101e+01
1.339873459870990047e+00 4.013808174868076435e+02 -1.023765071304547192e+00 -4.548978959350419515e+00 -9.884941724906298077e+00
1.342054926031293283e+00 4.696580617783375828e+02 -1.093857004631093588e+00 -1.099362145276945313e+00 -1.007134497020583019e+01
1.339929572584417805e+00 4.092900966839374632e+02 -1.073133962932521612e+00 -4.351791284832744466e+00 -1.003282563845082720e+01
1.340850607721961962e+00 4.137119977235385022e+02 -1.022719105406878271e+00 -1.139104229556384951e+01 -1.061866516961159768e+01
1.342475322002703919e+00 4.338723279542452360e+02 -1.339904121092047262e+00 -1.063541369181935536e+00 -1.122864897195805334e+01
1.339973143259421740e+00 4.162293162038268406e+02 -1.068156068660531588e+00 -5.125062739539981038e+00 -1.175902721091944514e+01
1.343377183429822042e+00 4.038371667690777258e+02 -1.210368943419268817e+00 -1.138508736616268280e+00 -1.033271105601100359e+01
1.340229647040673822e+00 4.097608671544076628e+02 -1.061970473134039139e+00 -6.475734844413106650e+00 -1.041228790766618140e+01
1.342575484867947200e+00 4.513519346362650140e+02 -1.021440955489772762e+00 -1.006211810132437989e+00 -4.767982646426398574e+00
1.340829995284935849e+00 4.251551948519629605e+02 -1.029691889195472498e+00 -5.494143524337739670e+00 -1.106379150130639033e+01
1.340606778253741638e+00 4.130450252266591633e+02 -1.025461940247090808e+00 -1.139820219485697805e+01 -1.151862700601380674e+01
1.341746391791929671e+00 4.234450092229425877e+02 -1.164627705405594682e+00 -1.176153107973474832e+00 -1.049692024601865548e+01
1.342233816075720121e+00 4.216877699035730416e+02 -1.179081234363906106e+00 -1.068513252349589493e+00 -5.478306559452771118e+00
1.340633180042573036e+00 4.110783229824094178e+02 -1.009275158918610416e+00 -1.142841933012112854e+01 -8.223817841285681496e+00
1.340630293586206223e+00 4.225790509798125640e+02 -1.019300727149049735e+00 -6.679365043696189552e+00 -8.791482943897076296e+00
1.342018371793281206e+00 4.033444732951656420e+02 -1.432659077218161769e+00 -1.038244400544495960e+00 -8.702343487338167094e+00
1.342840614140621724e+00 4.293752961046402561e+02 -1.436875969855748281e+00 -1.017335185665457331e+00 -1.189614587463109707e+01
1.340524643614145583e+00 4.135082219012067526e+02 -1.014511131652485076e+00 -9.363865023311976898e+00 -9.089828423883039576e+00
1.342288194206649132e+00 4.231449556661393103e+02 -1.355060891446838056e+00 -1.080860091715596383e+00 -7.300109849279339258e+00
1.340795347893186218e+00 4.135625273303512017e+02 -1.027705004163728120e+00 -8.508733683481462862e+00 -1.154841637454038583e+01
1.340711860266008415e+00 4.027474646294280660e+02 -1.055277065857643137e+00 -8.320802641943581435e+00 -9.731170508536743924e+00
1.340346909393265840e+00 4.167927689468825747e+02 -1.004125346696508103e+00 -8.037738190125093496e+00 -1.177456983678944979e+01
1.340700037024949776e+00 4.298759435999634206e+02 -1.020433771351880736e+00 -4.582739127813748148e+00 -9.149890766328649505e+00
1.342947714972289042e+00 4.265937186613768404e+02 -1.024827684115500404e+00 -1.234089375222007234e+00 -6.597504141914143361e+00
1.340072329431105214e+00 4.029755670202319493e+02 -1.019083805221502104e+00 -4.292039065210776272e+00 -7.490360768730831786e+00
1.340640439082952717e+00 4.114451581615704754e+02 -1.029409459788993786e+00 -9.177010233419723662e+00 -1.090082576975002482e+01
1.341383160593277113e+00 4.067587477721601772e+02 -1.015009553734977032e+00 -9.327746600362758045e+00 -1.143016060961950231e+01
1.341014150996072907e+00 4.035225486021777215e+02 -1.014788510769850660e+00 -1.132479065103169624e+01 -7.565671200175432709e+00
1.340613253284354434e+00 4.146254248109196396e+02 -1.009296510773497246e+00 -9.463941843416154853e+00 -8.722724488793630826e+00
1.342324304695549086e+00 4.154859666885138267e+02 -1.579930448084137851e+00 -1.021588837546207884e+00 -1.080277704811959261e+01
1.341012535695128127e+00 4.153605220024227265e+02 -1.018539922543531873e+00 -7.130913865768143900e+00 -9.256158360003428953e+00
1.340487295049143768e+00 4.171465779444093869e+02 -1.033232020618367386e+00 -7.008253340709048373e+00 -1.192540313860580348e+01
1.342563054024279445e+00 4.059118078041677222e+02 -1.274205695534359251e+00 -1.168800289206615162e+00 -1.076446992383622359e+01
1.339888874064536939e+00 4.001359794746033458e+02 -1.088853798633165226e+00 -4.602758558042408410e+00 -1.131403276153558224e+01
1.340732139754092112e+00 4.113589059565790080e+02 -1.073525463886404907e+00 -4.764319572069912745e+00 -1.153539901431450687e+01
1.340013085431494666e+00 4.180028002744261357e+02 -1.055511949844991193e+00 -4.399426708041948686e+00 -1.013120082417441381e+01
1.340454737777434069e+00 4.061837665381547708e+02 -1.028931773914605330e+00 -8.797354866434714538e+00 -1.050368311121415132e+01
1.342406501772165806e+00 4.325007949829867471e+02 -1.135185225446090129e+00 -1.185691573349700434e+00 -1.020208333464188755e+01
1.340209329081036183e+00 4.058263375936425064e+02 -1.089535336326685311e+00 -4.301619608875016709e+00 -9.956636221184428592e+00
1.342132858750288094e+00 4.092842718477227208e+02 -1.537586487967139703e+00 -1.037280365253378633e+00 -1.062224007851982144e+01
1.340558357857947636e+00 4.041278693706684066e+02 -1.017084639565032589e+00 -6.508520114335788698e+00 -7.124768930463070582e+00
1.340071732299803253e+00 4.200200586342738234e+02 -1.045904884037971883e+00 -5.735542977981786805e+00 -1.179088769809781212e+01
1.340043111778932428e+00 4.051203415110834953e+02 -1.051368901419557744e+00 -5.887810305437447767e+00 -9.681740180355404846e+00
1.341808626402134053e+00 4.088711371040439531e+02 -1.098123964797750318e+00 -1.184688726392087332e+00 -1.165517469394411521e+01
1.341438470452702925e+00 4.106376668782083925e+02 -1.000390609806114384e+00 -1.000896939557374843e+01 -1.193814891627675401e+01
1.340687723964579803e+00 4.090889050660712769e+02 -1.029678039830333347e+00 -1.065656190703309036e+01 -1.038447627353165359e+01
1.342174569775785198e+00 4.537375544144718447e+02 -1.103160326832492544e+00 -1.082784319533312001e+00 -6.347607922320904095e+00
1.342272145830768704e+00 4.233550600001480575e+02 -1.525743405147416354e+00 -1.014462709821637887e+00 -8.541374788501499893e+00
1.342040499740972059e+00 4.477613905720335197e+02 -1.183968161268531105e+00 -1.054950612460386239e+00 -7.743716827099162536e+00
1.339919285126361048e+00 4.012155138644844783e+02 -1.086164775536808236e+00 -5.187854429919489974e+00 -1.116360574388898463e+01
1.340296298986143553e+00 4.000076005446289287e+02 -1.007294772081266387e+00 -6.733830362353715238e+00 -8.333317315613802734e+00
1.341104717185026995e+00 4.065999928804333194e+02 -1.026640611212023657e+00 -7.404153534687332616e+00 -8.422240674353410839e+00
1.340882809757935945e+00 4.106334742332119845e+02 -1.015008778465382733e+00 -1.096328466950382463e+01 -8.671548885391203498e+00
1.341079220076736744e+00 4.128746655600634199e+02 -1.014047202121391322e+00 -8.102220018168008409e+00 -9.312160770578815416e+00
1.340778324260197163e+00 4.083532456318081927e+02 -1.052317056314306498e+00 -6.977734045053068712e+00 -1.110951458382570856e+01
1.340449953891337476e+00 4.001172144610810619e+02 -1.026900988778798762e+00 -9.183421146400963408e+00 -9.396909788189365287e+00
1.342349371317968831e+00 4.125317002639013140e+02 -1.471998846417909235e+00 -1.039000218019685562e+00 -6.484792626211199007e+00
1.342006404654131346e+00 4.474685444369161473e+02 -1.044771245432889017e+00 -1.109983770061315766e+00 -6.932432501921753421e+00
1.341217577003734895e+00 4.119376119022766147e+02 -1.013152280632009905e+00 -6.752962018858971405e+00 -8.246004173215901289e+00
1.340486769231120423e+00 4.061283602826195533e+02 -1.007020851998797539e+00 -1.110063417474987446e+01 -9.024112954731892344e+00
1.340486769231120423e+00 4.061283602826195533e+02 -1.007020851998797539e+00 -1.110063417474987446e+01 -9.024112954731892344e+00
1.340390474811492538e+00 4.201372201464945988e+02 -1.055439276466833221e+00 -5.100269869683843105e+00 -9.354681087231657699e+00
1.340465827234901042e+00 4.164162402937872116e+02 -1.001099691084537113e+00 -8.485969227743369814e+00 -9.877109583410957683e+00
1.340710935989434915e+00 4.129392960852047167e+02 -1.023485051371503474e+00 -8.846654110044090302e+00 -1.185312081364271108e+01
1.340849773793846733e+00 4.094825990859025069e+02 -1.048436543167648338e+00 -6.830823889040029684e+00 -1.062478757059380641e+01
1.342762650568053440e+00 4.556753170597586404e+02 -1.119076049810230344e+00 -1.087248280621002650e+00 -1.001728031293476917e+01
1.341292719911796993e+00 4.108591887643538598e+02 -1.024194665226646705e+00 -6.416670920538590117e+00 -9.476586386614709312e+00
1.342475623059034673e+00 4.068754672877514054e+02 -1.392118047149805804e+00 -1.108913272077380441e+00 -9.345089590049974859e+00
1.340078712992129217e+00 4.011246833376060863e+02 -1.025658244961995536e+00 -6.002834622774999573e+00 -9.906481277304981958e+00
1.342829927691909564e+00 4.205356319067976187e+02 -1.115082230647848505e+00 -1.008465586144811965e+00 -4.227824507808415788e+00
1.342322445768853401e+00 4.179153608975269663e+02 -1.329664320365328223e+00 -1.108263637002622204e+00 -9.617276346993818947e+00
1.342715639901065572e+00 4.558360005220126823e+02 -1.094451347068131852e+00 -1.082845237269680183e+00 -6.571907173404456515e+00
1.342256460052184464e+00 4.704280903720114679e+02 -1.005880629781556124e+00 -1.169658785166234338e+00 -9.634456583305059496e+00
1.340318183872017732e+00 4.086444146198656426e+02 -1.022883241646981745e+00 -7.179915791295197636e+00 -9.577254942029837181e+00
1.342063786605560693e+00 4.354545203630954120e+02 -1.213251360258375655e+00 -1.034958779567725529e+00 -8.905408918996371881e+00
1.341098556204945558e+00 4.049931097168107499e+02 -1.029593447090546121e+00 -3.323991748801223167e+00 -1.095711145804127362e+01
1.341098556204945558e+00 4.049931097168107499e+02 -1.029593447090546121e+00 -3.323991748801223167e+00 -1.095711145804127362e+01
1.340447547052008526e+00 4.063547076816257686e+02 -1.011009336783477153e+00 -3.224153616532333899e+00 -8.214904039068475328e+00
1.341365526657890106e+00 4.115392313850205710e+02 -1.021962162535354324e+00 -4.070773258402608619e+00 -1.104451821542865275e+01
1.342368547951908520e+00 4.446873725771505974e+02 -1.201962591124146940e+00 -1.095369423844383405e+00 -9.836995376726660467e+00
1.343545718189849802e+00 4.476810178144607448e+02 -1.110456328387838809e+00 -1.031705146406832085e+00 -7.243296871445518370e+00
1.343691617228873536e+00 4.253301450252720315e+02 -1.121516063132228069e+00 -1.076566159463293815e+00 -8.762300892038815903e+00
1.340531469872157322e+00 4.222064471457652530e+02 -1.049516202298885759e+00 -4.778809547049230666e+00 -1.075984465971676052e+01
1.340244048927733411e+00 4.310708591731101365e+02 -1.021980337578336062e+00 -5.545286462737029964e+00 -9.541940943981270351e+00
1.340680818874682156e+00 4.136593589238319169e+02 -1.057625939285856020e+00 -5.813022656330206317e+00 -9.466350134668914507e+00
1.340427652043481022e+00 4.030824535249010978e+02 -1.062942995247594169e+00 -7.008212614411904795e+00 -1.004523555051316919e+01
1.342019426502642387e+00 4.620987055996524759e+02 -1.102817065314956935e+00 -1.088354730144203586e+00 -1.081410778998051825e+01
1.340060057487784562e+00 4.119708637240423172e+02 -1.014785833214620681e+00 -3.939054136587250454e+00 -8.175437921225125137e+00
1.340944893935085203e+00 4.060620142053570589e+02 -1.041565741528986067e+00 -7.643091654304857485e+00 -1.160751034843137219e+01
1.340565649739690279e+00 4.208755530629033501e+02 -1.038715674217518981e+00 -6.087109923525055422e+00 -1.075129432408444963e+01
1.340789749067284431e+00 4.257405266449877104e+02 -1.017221125425850303e+00 -4.380049215965450493e+00 -8.864784848734451828e+00
1.340789749067284431e+00 4.257405266449877104e+02 -1.017221125425850303e+00 -4.380049215965450493e+00 -8.864784848734451828e+00
1.342188821120980702e+00 4.104488928424693768e+02 -1.462556960258359240e+00 -1.006944516180759308e+00 -7.662846262191510327e+00
1.340039843351580329e+00 4.117641912336677024e+02 -1.000669869593799888e+00 -5.533889863341292958e+00 -8.818094369294817270e+00
1.340344225804288580e+00 4.093982394340874862e+02 -1.070750096319498468e+00 -6.016582359991765827e+00 -1.018956089084476879e+01
1.342785042239486915e+00 4.076623942287931754e+02 -1.238960953863031733e+00 -1.160566960570331929e+00 -1.070446450329801813e+01
1.340895384087736231e+00 4.159376638860427420e+02 -1.001403166479351015e+00 -7.609514471278671977e+00 -8.241050774380420663e+00
1.342591571556179142e+00 4.685095148954110300e+02 -1.207268329947789098e+00 -1.003807058949163888e+00 -7.726509055249598745e+00
1.339971553083574740e+00 4.072092791118393507e+02 -1.074949028439320386e+00 -4.568683399074449980e+00 -1.131234959179007049e+01
1.342440091057308882e+00 4.178237044966307394e+02 -1.202138028196658937e+00 -1.175844489188135000e+00 -1.026189087799142641e+01
1.340501242795257175e+00 4.118619957172085151e+02 -1.043924565473687949e+00 -6.931541191278582481e+00 -1.084679793567716999e+01
1.340638237965469992e+00 4.224690108405233673e+02 -1.012068305243868593e+00 -7.194270765055390093e+00 -1.196590248437501280e+01
1.343223021085906188e+00 4.210132648455581261e+02 -1.091026866201914913e+00 -1.166721554785135950e+00 -7.507878693080257904e+00
1.342767884122790356e+00 4.494655920183665785e+02 -1.062424646813468598e+00 -1.079925259417121808e+00 -5.521284972285647186e+00
1.342195370556666045e+00 4.818449563806750575e+02 -1.094079348899967385e+00 -1.039795007361886903e+00 -1.087168405124363169e+01
1.342592916800669611e+00 4.604270302314779428e+02 -1.088579590561987942e+00 -1.105840149259337934e+00 -9.342872427779731481e+00
1.340904577944859621e+00 4.021282759945682415e+02 -1.038674461200784549e+00 -1.107350300425631318e+01 -9.334108057996562735e+00
1.340735254085233530e+00 4.045786238662349206e+02 -1.033796485259209419e+00 -1.065840836940438408e+01 -9.379057295507054803e+00
1.342812625507890933e+00 4.315208677322351036e+02 -1.079270264882438823e+00 -1.000686773718285849e+00 -4.372938744070943073e+00
1.343160934375179583e+00 4.287598009931539309e+02 -1.161308860884085803e+00 -1.092209850148366357e+00 -7.091148685823343456e+00
1.342843174848945997e+00 4.828506939787786223e+02 -1.003455873612763227e+00 -1.087588990726516158e+00 -1.044426690651772383e+01
1.342843174848945997e+00 4.828506939787786223e+02 -1.003455873612763227e+00 -1.087588990726516158e+00 -1.044426690651772383e+01
1.342845147037743381e+00 4.679989959456293036e+02 -1.138985192780902267e+00 -1.031565385898337794e+00 -1.167890157589540046e+01
1.342860572214848558e+00 4.611839014930989151e+02 -1.192876684758223504e+00 -1.021251893548193124e+00 -1.174483142693756221e+01
1.342860572214848558e+00 4.611839014930989151e+02 -1.192876684758223504e+00 -1.021251893548193124e+00 -1.174483142693756221e+01
1.341766291977995795e+00 4.021035054850788697e+02 -1.023100159870503845e+00 -4.581952615595343836e+00 -1.059212670958513769e+01
1.340893366009142884e+00 4.175940162801559268e+02 -1.006385289755858281e+00 -8.042927506358115153e+00 -1.003295819562709035e+01
1.341889989418429296e+00 4.187452084884457690e+02 -1.115249698840715453e+00 -1.257447092662124177e+00 -1.004132855049697071e+01
1.339882636544891259e+00 4.226523820731987939e+02 -1.011559665162657495e+00 -5.015826770845272620e+00 -1.192288653797506548e+01
1.341842917528959012e+00 4.068412231247529007e+02 -1.137684252802602103e+00 -1.286593128047829993e+00 -1.101899188961118625e+01
1.339961447704798747e+00 4.006875978891175691e+02 -1.024332933598037343e+00 -4.008208579100575264e+00 -1.196286416501996364e+01
1.340070829126377205e+00 4.028926337030115405e+02 -1.064460173932808118e+00 -3.861743677519871909e+00 -1.110871540917150035e+01
1.342828593552394478e+00 4.017165356122274034e+02 -1.556893305129534610e+00 -1.042966519404439296e+00 -7.492149052101676254e+00
1.342337094084066207e+00 4.151503698051807874e+02 -1.396728323567986152e+00 -1.077410614559381585e+00 -9.195276151977815005e+00
1.340085695268598442e+00 4.086961277304657756e+02 -1.006743231961284124e+00 -4.466257690305492467e+00 -7.723431321917644254e+00
1.340085695268598442e+00 4.086961277304657756e+02 -1.006743231961284124e+00 -4.466257690305492467e+00 -7.723431321917644254e+00
1.341095248978423360e+00 4.071220076533643351e+02 -1.033747416320515811e+00 -3.628084047712068383e+00 -1.169175969618556366e+01
1.340481911051322195e+00 4.092492039643916542e+02 -1.008897672513420218e+00 -3.117933700714376144e+00 -1.030238051961701196e+01
1.340910737369606975e+00 4.007445515837260359e+02 -1.040061772954476993e+00 -3.265809051998642687e+00 -9.784373307841118361e+00
1.340550553455135407e+00 4.244639292344675141e+02 -1.020446939783285600e+00 -6.392994305886596784e+00 -1.003404118432081127e+01
1.340157131863434659e+00 4.020829834225120862e+02 -1.067306512732821844e+00 -4.330957588264316982e+00 -8.107138812609797185e+00
1.341364547092660731e+00 4.144431793224059675e+02 -1.001116203121009463e+00 -4.181846130775757509e+00 -7.826773821764541061e+00
1.340470728870910566e+00 4.288273091120608456e+02 -1.017803004979825232e+00 -6.025239973803161675e+00 -1.156097466459419287e+01
1.340470728870910566e+00 4.288273091120608456e+02 -1.017803004979825232e+00 -6.025239973803161675e+00 -1.156097466459419287e+01
1.342248112020046458e+00 4.053957365098339665e+02 -1.274955121750965148e+00 -1.102771130707910885e+00 -6.034111353225132035e+00
1.341026602572043647e+00 4.008868969360706274e+02 -1.031316771588718595e+00 -1.024566233615207445e+01 -8.567370028393726855e+00
1.339916311041546182e+00 4.164963044305354174e+02 -1.025766729984786352e+00 -4.854992523871010768e+00 -9.954951290814376463e+00
1.340606219051216907e+00 4.045329491170867300e+02 -1.034037523642533429e+00 -9.637231647766615339e+00 -1.072557835687509176e+01
1.340623371016831822e+00 4.004286243713992803e+02 -1.054120963866138183e+00 -6.397978402690333688e+00 -7.810454908922601192e+00
1.343111275901704538e+00 4.156668010846260017e+02 -1.111009589677962595e+00 -1.005622641912390591e+00 -3.982615566600141932e+00
1.340080299837081990e+00 4.162704707549954719e+02 -1.048337210296658384e+00 -4.409280441167672926e+00 -9.366093185142325694e+00
1.340544921205699680e+00 4.077024362336525769e+02 -1.011300465813153693e+00 -9.398155559640668955e+00 -9.424120197219348682e+00
1.339915453392555245e+00 4.067744739958495757e+02 -1.036480100748555344e+00 -4.359401510206653008e+00 -1.159584286540047415e+01
1.342111082208491402e+00 4.183376586502030250e+02 -1.158266972397056449e+00 -1.111084113321828326e+00 -6.339115100865432950e+00
1.340137693586351375e+00 4.013773636419076638e+02 -1.034485950285251477e+00 -3.517734567733958428e+00 -1.058349580865401052e+01
1.340192574587703245e+00 4.314984036316980678e+02 -1.007382327719028581e+00 -5.911377037270614920e+00 -1.041768883004743884e+01
1.340519826021851157e+00 4.107604749637526993e+02 -1.007466213952337597e+00 -1.034301344227859865e+01 -1.153925483268793784e+01
1.340085889555564513e+00 4.045403746045136018e+02 -1.013629194345080364e+00 -4.142925002649879396e+00 -7.847945997924726136e+00
1.341991569840302656e+00 4.249738743752485561e+02 -1.228165448468047316e+00 -1.074489081315224581e+00 -1.177421268498108020e+01
1.341067778553027834e+00 4.066589111986253897e+02 -1.022946923879514358e+00 -1.016420510973566849e+01 -1.144036885635248701e+01
1.343813733598392401e+00 4.105160220447170332e+02 -1.075903551186392804e+00 -1.063786064119131680e+00 -4.711046257528423986e+00
1.341179536416199358e+00 4.022045041120946394e+02 -1.042299045797051349e+00 -7.382716942390319836e+00 -1.067941168445797651e+01
1.341092839233246403e+00 4.064224550557475482e+02 -1.035117318778247864e+00 -3.842583941046763485e+00 -8.569136692226877017e+00
1.341092839233246403e+00 4.064224550557475482e+02 -1.035117318778247864e+00 -3.842583941046763485e+00 -8.569136692226877017e+00
1.341721570943950059e+00 4.104180803025886348e+02 -1.081612386251808999e+00 -1.275772986447149648e+00 -1.028809478784519094e+01
1.342614644332259521e+00 4.259108651707280160e+02 -1.224607369098331233e+00 -1.116527837519848632e+00 -9.943394624953795002e+00
1.342133941094155958e+00 4.224538583411637092e+02 -1.209843722074435135e+00 -1.152206182302428772e+00 -7.979296538331791311e+00
1.342350149227953926e+00 4.445889183069434125e+02 -1.137409833560690586e+00 -1.008746441113476777e+00 -5.849604614378659306e+00
1.340746964576719158e+00 4.062184304093106562e+02 -1.028342364520158370e+00 -1.090812769419525097e+01 -1.177983121661350197e+01
1.341061243994260410e+00 4.198592849701445289e+02 -1.010622264718321617e+00 -6.540926745553506727e+00 -1.098528734182108124e+01
1.340353751256621040e+00 4.119146112751985811e+02 -1.066827266860190804e+00 -5.830999946698904424e+00 -1.173620308786024857e+01
1.340188215901698232e+00 4.212011375176996353e+02 -1.022368251688799745e+00 -4.286680545664007802e+00 -8.209434567362027479e+00
1.340740247575191280e+00 4.023862377906191341e+02 -1.034976696067959168e+00 -1.070814821610730760e+01 -9.469373686272220425e+00
1.340435492067167056e+00 4.123571421536574348e+02 -1.027899576794180092e+00 -7.012245143497059630e+00 -9.731695356829936472e+00
1.340045550837578814e+00 4.044903454838957373e+02 -1.050532001847951591e+00 -5.733474509091017524e+00 -1.022378920983605788e+01
1.342254105193665614e+00 4.213434923831235324e+02 -1.216856084866982712e+00 -1.016648042236584004e+00 -6.695542395945158098e+00
1.340673781738395576e+00 4.100672152087892073e+02 -1.067917471997393619e+00 -4.835158527976975762e+00 -9.173164091538652087e+00
1.340504550434538089e+00 4.073944670082084372e+02 -1.008775021192281685e+00 -9.468132250080302015e+00 -1.100291535441680502e+01
1.342411169369863044e+00 4.258216505338714910e+02 -1.464208833078664895e+00 -1.009515135881031256e+00 -8.460952740177436482e+00
1.342482679112142696e+00 4.617190736490372274e+02 -1.151616063550505942e+00 -1.059362202667013975e+00 -1.116192875747412749e+01
1.342026016427260382e+00 4.079587544329909292e+02 -1.231394914658640261e+00 -1.115591703943636048e+00 -7.177749634596932715e+00
1.341375735647648337e+00 4.090195743817756693e+02 -1.001970265949042371e+00 -9.612388736619621454e+00 -1.113579283709066914e+01
1.340879452479813994e+00 4.230380642236409585e+02 -1.020314162971144967e+00 -4.164783673992491053e+00 -1.143207399407947911e+01
1.341276790234747551e+00 4.059801270335450454e+02 -1.017349594420217329e+00 -7.963039220420732534e+00 -9.682605377249844381e+00
1.343077384835926313e+00 4.017640842891705688e+02 -1.658842881754150511e+00 -1.005065142538335010e+00 -9.528026061150209003e+00
1.340938772147395319e+00 4.082558924450830773e+02 -1.000930394069889928e+00 -8.213269129505992083e+00 -7.783295752248892363e+00
1.341001518077804766e+00 4.065104409875576152e+02 -1.002730603774695695e+00 -3.388892197858037747e+00 -7.431657242831557042e+00
1.340957765404682256e+00 4.053089092937419196e+02 -1.023255441940534638e+00 -1.097451937333269001e+01 -9.640882925326636155e+00
1.342250220145780437e+00 4.421616906286113249e+02 -1.039172503452855167e+00 -1.137012236373678320e+00 -6.037264931927450284e+00
1.342620522599978106e+00 4.080304275560064866e+02 -1.313317826856593484e+00 -1.068342012233232552e+00 -5.695270355157598274e+00
1.341135339865678455e+00 4.021963931813877480e+02 -1.027105114457899759e+00 -1.154406651484848112e+01 -9.488534340019738167e+00
1.341135339865678455e+00 4.021963931813877480e+02 -1.027105114457899759e+00 -1.154406651484848112e+01 -9.488534340019738167e+00
1.341275783769563912e+00 4.019173988934786053e+02 -1.047952402666698646e+00 -6.363680161864095908e+00 -1.042969828574795521e+01
1.340995732358725601e+00 4.012618965721014774e+02 -1.042103067198549837e+00 -7.438193231681589523e+00 -8.873086135012819398e+00
1.342141851732502777e+00 4.540169621235242516e+02 -1.162507436593170240e+00 -1.061098695585322105e+00 -1.071995665619445681e+01
1.342141851732502777e+00 4.540169621235242516e+02 -1.162507436593170240e+00 -1.061098695585322105e+00 -1.071995665619445681e+01
1.340634601204798493e+00 4.101577441088905402e+02 -1.011448498991740053e+00 -1.058984495986132046e+01 -1.178221973042437476e+01
1.340634601204798493e+00 4.101577441088905402e+02 -1.011448498991740053e+00 -1.058984495986132046e+01 -1.178221973042437476e+01
1.339956847852789013e+00 4.044641788869228094e+02 -1.028715922394967563e+00 -4.901635125729955966e+00 -1.004577315572090512e+01
1.340372048343231759e+00 4.041474120140932200e+02 -1.038863508418327086e+00 -7.086930113834287503e+00 -1.155874970946566549e+01
1.339937960944216355e+00 4.283025841607223470e+02 -1.004613145240323746e+00 -4.656889322171712031e+00 -1.198502062485292008e+01
1.341095247056890205e+00 4.110538166517111449e+02 -1.008440483822370837e+00 -9.387311923015257520e+00 -1.174860648276998099e+01
1.342864526275092896e+00 4.069976363932632353e+02 -1.549597503524832831e+00 -1.024605138487082456e+00 -1.027438326810992741e+01
1.342903732412769502e+00 4.427212628362973419e+02 -1.212660479474493513e+00 -1.050434956831878708e+00 -9.167696613770305092e+00
1.341208218394620566e+00 4.101335165803305927e+02 -1.008322250250277108e+00 -7.478374343045899764e+00 -8.980262053747980033e+00
1.340356536973601020e+00 4.122516410202657653e+02 -1.000996011404183150e+00 -7.182160877853226211e+00 -1.100043184538530383e+01
1.340076381262620631e+00 4.247525104375195610e+02 -1.033298534828251292e+00 -4.574423663714265231e+00 -1.167444050509544695e+01
1.341489062160705625e+00 4.005095978044812455e+02 -1.047616842029105655e+00 -5.093542121316182225e+00 -1.165119376464465439e+01
1.342230181503555997e+00 4.344445689826727062e+02 -1.196327594428140628e+00 -1.067625539075100605e+00 -6.708771338155462338e+00
1.342226687594079149e+00 4.636886199766739765e+02 -1.171833413363106757e+00 -1.013882059963918891e+00 -9.295525704838725645e+00
1.340568159705519458e+00 4.235080283771071095e+02 -1.006718055665661637e+00 -6.828335919216223182e+00 -1.125333977087044524e+01
1.340568159705519458e+00 4.235080283771071095e+02 -1.006718055665661637e+00 -6.828335919216223182e+00 -1.125333977087044524e+01
1.341157385913946953e+00 4.072617810066244601e+02 -1.015209443375388432e+00 -3.408833928701950455e+00 -9.853320864991722772e+00
1.341157385913946953e+00 4.072617810066244601e+02 -1.015209443375388432e+00 -3.408833928701950455e+00 -9.853320864991722772e+00
1.343175624688302872e+00 4.068028514132499822e+02 -1.164162624460360007e+00 -1.154369241677292379e+00 -7.460884021247080611e+00
1.340475861274070146e+00 4.036181904743573909e+02 -1.015515355548757270e+00 -8.086047640773664114e+00 -1.042541591574806858e+01
1.342696340564671464e+00 4.228384494827996036e+02 -1.467272637171213034e+00 -1.015059002076181827e+00 -1.090805837472133355e+01
1.340857939289958223e+00 4.095990929281379067e+02 -1.014330247378751437e+00 -1.162674837462014388e+01 -1.137561246571298845e+01
1.339984170315621670e+00 4.007763229885758847e+02 -1.069978500999239301e+00 -4.521420009035431065e+00 -1.170148222768669655e+01
1.339984170315621670e+00 4.007763229885758847e+02 -1.069978500999239301e+00 -4.521420009035431065e+00 -1.170148222768669655e+01
1.340122206498487456e+00 4.159887870320362140e+02 -1.025813785385462751e+00 -5.514683218714756308e+00 -9.204127401581166268e+00
1.340122206498487456e+00 4.159887870320362140e+02 -1.025813785385462751e+00 -5.514683218714756308e+00 -9.204127401581166268e+00
1.342109932289471175e+00 4.024021379280868018e+02 -1.233259396382573314e+00 -1.086869900905679032e+00 -7.303669227867727543e+00
1.341041950114680192e+00 4.035492604634932832e+02 -1.047480228873718389e+00 -3.753882022584164702e+00 -1.031447048112604037e+01
1.342712573231025219e+00 4.141616327381594260e+02 -1.124331774298092057e+00 -1.171834293832029417e+00 -5.985176542226420260e+00
1.340737142084770239e+00 4.210729468186755184e+02 -1.018308022572037785e+00 -3.852618286600678843e+00 -1.118627913376347216e+01
1.340317170844403716e+00 4.011803664067814452e+02 -1.023659170200758695e+00 -6.513489556603734520e+00 -8.879784778484092200e+00
1.342796212977222403e+00 4.664393458449069385e+02 -1.019068330668233102e+00 -1.109462589307868896e+00 -7.999213973533682243e+00
1.342892774183756410e+00 4.221085585061520646e+02 -1.352353728215852868e+00 -1.044752975665300454e+00 -1.160578365579112692e+01
1.342209036282121959e+00 4.236812562200778416e+02 -1.321066281040161883e+00 -1.024120904549439715e+00 -7.705506454162452279e+00
1.340350353070271172e+00 4.095457592107315463e+02 -1.027768249785564691e+00 -3.878223006085052660e+00 -7.965976292116632607e+00
1.340350353070271172e+00 4.095457592107315463e+02 -1.027768249785564691e+00 -3.878223006085052660e+00 -7.965976292116632607e+00
1.342521781475898734e+00 4.031846044181582442e+02 -1.269817599442788492e+00 -1.168586542364778325e+00 -1.018084918042818110e+01
1.340702584993446633e+00 4.282334178917510599e+02 -1.013055532757409338e+00 -5.663729107626062742e+00 -1.176022837726128500e+01
1.340469758515384413e+00 4.059554010262343127e+02 -1.039741706112360831e+00 -3.510953488920282695e+00 -1.138889823558401737e+01
1.342542444664902579e+00 4.062026489959334867e+02 -1.473047806883901245e+00 -1.058638740682702917e+00 -9.040184455920096340e+00
1.339957427014714542e+00 4.123431096018475159e+02 -1.004190148200025945e+00 -4.675539221598048911e+00 -1.131937238628774089e+01
1.342221797068507527e+00 4.447175664113072457e+02 -1.241003112015564014e+00 -1.036817599164606918e+00 -9.172860550390199208e+00
1.342628320092794203e+00 4.161030639947034047e+02 -1.250924419235907692e+00 -1.117761175880417568e+00 -7.852992092389270873e+00
1.342628320092794203e+00 4.161030639947034047e+02 -1.250924419235907692e+00 -1.117761175880417568e+00 -7.852992092389270873e+00
1.341095329786315293e+00 4.224698542070787539e+02 -1.006590864890648973e+00 -4.416756951588859614e+00 -9.058115945521365120e+00
1.341095329786315293e+00 4.224698542070787539e+02 -1.006590864890648973e+00 -4.416756951588859614e+00 -9.058115945521365120e+00
1.340129460862846900e+00 4.243939631525417440e+02 -1.004825732455817189e+00 -5.810092219061433028e+00 -1.014115542731852493e+01
1.340419162185827906e+00 4.223275255633099619e+02 -1.034235740388551150e+00 -4.222824662197501411e+00 -1.124787751403316527e+01
1.340419162185827906e+00 4.223275255633099619e+02 -1.034235740388551150e+00 -4.222824662197501411e+00 -1.124787751403316527e+01
1.342330650058304764e+00 4.482380762513587911e+02 -1.012282914108297405e+00 -1.173143872883116501e+00 -6.577818732000515034e+00
1.342518302786416928e+00 4.271154564428142066e+02 -1.053177072880691512e+00 -1.239218125096453349e+00 -7.570895503315501429e+00
1.342418184845622031e+00 4.291200450072884678e+02 -1.224370013031053972e+00 -1.097914593584514265e+00 -7.697498250115398122e+00
1.339980662821192992e+00 4.296943169933834383e+02 -1.003235181561834111e+00 -4.639235581538969200e+00 -1.142132574631466468e+01
1.340351220478902317e+00 4.221137796211535829e+02 -1.033598288500652274e+00 -5.384156527692124605e+00 -9.263678606120890890e+00
1.342308894883722736e+00 4.549067929282880982e+02 -1.102254051119825107e+00 -1.110638585882483653e+00 -1.103143692679806520e+01
1.340937771392753497e+00 4.006954336337893210e+02 -1.037425723696424384e+00 -8.750826363244209816e+00 -1.026155417918431922e+01
1.340937771392753497e+00 4.006954336337893210e+02 -1.037425723696424384e+00 -8.750826363244209816e+00 -1.026155417918431922e+01
1.340621405155204116e+00 4.038615670057466787e+02 -1.017180075165454056e+00 -8.367957196824251653e+00 -9.065578624810681774e+00
1.340967541196843138e+00 4.072113870021761386e+02 -1.008125201218337708e+00 -4.363241682505567098e+00 -6.849809559377701085e+00
1.343961845617409390e+00 4.041544557795721744e+02 -1.125111959731839306e+00 -1.090724382720990704e+00 -7.344017881583228657e+00
1.343961845617409390e+00 4.041544557795721744e+02 -1.125111959731839306e+00 -1.090724382720990704e+00 -7.344017881583228657e+00
1.340850262765527212e+00 4.091047504653259921e+02 -1.007623660279097777e+00 -9.827806077900230974e+00 -9.255303796758862944e+00
1.340850262765527212e+00 4.091047504653259921e+02 -1.007623660279097777e+00 -9.827806077900230974e+00 -9.255303796758862944e+00
1.342101867722334418e+00 4.412087579442226684e+02 -1.088435557092081396e+00 -1.075683998946869835e+00 -9.308750905863515612e+00
1.340806109702871174e+00 4.174429347406779698e+02 -1.024779562992449655e+00 -5.740354445076845558e+00 -8.663551764184198589e+00
1.340573613619789883e+00 4.157167020443449701e+02 -1.004331228053855440e+00 -7.479025793209234330e+00 -1.137071263821787959e+01
1.340784582988923335e+00 4.128825625530201933e+02 -1.050292602487857607e+00 -4.377505674612255149e+00 -1.078421342180253184e+01
1.340784582988923335e+00 4.128825625530201933e+02 -1.050292602487857607e+00 -4.377505674612255149e+00 -1.078421342180253184e+01
1.340720583194401350e+00 4.240255024305694178e+02 -1.020830970883846334e+00 -4.695406185361099993e+00 -8.817582687506710926e+00
1.342701088860507097e+00 4.738867642227940564e+02 -1.008573598210674049e+00 -1.106831165092943436e+00 -8.850466153196212105e+00
1.340657078943219727e+00 4.111360038982626293e+02 -1.065234769852802188e+00 -5.068231318030916199e+00 -1.166657217527007262e+01
1.341034602799359821e+00 4.117928794071913785e+02 -1.006564503890421847e+00 -6.999551354140327142e+00 -8.276935074175703733e+00
1.340417519697402415e+00 4.125811772048291459e+02 -1.058629970687306354e+00 -5.705998306007740162e+00 -1.173791626873685523e+01
1.341717628042083943e+00 4.078191404769025894e+02 -1.003260529158726655e+00 -5.029934480116597051e+00 -9.224877915520263372e+00
1.341732425623918257e+00 4.056523964139039435e+02 -1.008905229829753836e+00 -5.101413100582369964e+00 -9.716344418511697612e+00
1.342438773910075600e+00 4.037478448845490107e+02 -1.291251229057403194e+00 -1.013852154271182471e+00 -5.784922662231672064e+00
1.342221346756326206e+00 4.265747013627880051e+02 -1.178207634212805388e+00 -1.140589488286757103e+00 -1.034192692435916427e+01
1.341329917975764952e+00 4.051185093876862311e+02 -1.020932936341056418e+00 -3.693578989431568260e+00 -1.110957124260347761e+01
1.340001297880908160e+00 4.097603839270893786e+02 -1.011861945415995834e+00 -4.385549582236279775e+00 -9.778793761370691229e+00
1.340001297880908160e+00 4.097603839270893786e+02 -1.011861945415995834e+00 -4.385549582236279775e+00 -9.778793761370691229e+00
1.342965656414582432e+00 4.107609155905449825e+02 -1.376382544831368904e+00 -1.058053615756065824e+00 -1.022807058480970710e+01
1.340640710355130993e+00 4.181846507964979764e+02 -1.005066199310727271e+00 -6.819082402950136235e+00 -9.019259235610036285e+00
1.340854647281132017e+00 4.085050871989563461e+02 -1.059369096310186720e+00 -5.510337943284552509e+00 -1.126080207031990810e+01
1.340274450188797539e+00 4.226160182567829224e+02 -1.023743816808920570e+00 -5.557653633019242534e+00 -9.360400835908386341e+00
1.342163271051484807e+00 4.414290578220394536e+02 -1.025798868539400388e+00 -1.159786506492393343e+00 -6.669560932302360357e+00
1.343370333435907726e+00 4.021195630410890658e+02 -1.108191157448679576e+00 -1.184038781994589229e+00 -7.106228088182729330e+00
1.340687605339737853e+00 4.099987702877791094e+02 -1.060061027914597886e+00 -4.392096987707573064e+00 -1.081953600392749770e+01
1.340674648432178762e+00 4.058486633164101249e+02 -1.061450434457146486e+00 -6.135617377495937497e+00 -1.113891466841788791e+01
1.340205626306409048e+00 4.037688694035915091e+02 -1.027147261208227746e+00 -6.160753601392722878e+00 -1.165799082201245618e+01
1.343143962421168736e+00 4.135144117348677923e+02 -1.148801996175929929e+00 -1.151160351992052355e+00 -9.801900522440949004e+00
1.340160089660551002e+00 4.066430556093904443e+02 -1.019818592870150198e+00 -5.681055336246410903e+00 -9.305467774186638508e+00
1.340752683350375118e+00 4.004585691832054977e+02 -1.055518686560844799e+00 -7.115587049079377557e+00 -1.154408485050394617e+01
1.340857953640959277e+00 4.071633388344064315e+02 -1.009353848682279065e+00 -8.702782652367602623e+00 -8.961916477338366604e+00
1.340857953640959277e+00 4.071633388344064315e+02 -1.009353848682279065e+00 -8.702782652367602623e+00 -8.961916477338366604e+00
1.341185810541846601e+00 4.124598594792985864e+02 -1.018971791769160973e+00 -6.258740813561639804e+00 -9.809518234524670532e+00
1.342209574073289113e+00 4.214523743819849528e+02 -1.173508787422345989e+00 -1.133042805357737492e+00 -7.020516563181788960e+00
1.342644863235355368e+00 4.284680085862764827e+02 -1.134157456548182452e+00 -1.014774539365905781e+00 -5.168636956999618448e+00
1.340860615737291761e+00 4.153322164399160670e+02 -1.000533005871854897e+00 -6.808650175324916454e+00 -8.266238286554330017e+00
1.340396781449213925e+00 4.125473078649752665e+02 -1.021683970286364485e+00 -4.507972146672302394e+00 -7.518024910277193662e+00
1.342242692925230241e+00 4.204748392567265114e+02 -1.139093222641992753e+00 -1.201768100539029049e+00 -1.151477277042651437e+01
1.342242692925230241e+00 4.204748392567265114e+02 -1.139093222641992753e+00 -1.201768100539029049e+00 -1.151477277042651437e+01
1.342205629384320753e+00 4.237809979634116075e+02 -1.259556514932572924e+00 -1.081940594222855268e+00 -8.024348986998676381e+00
1.342205629384320753e+00 4.237809979634116075e+02 -1.259556514932572924e+00 -1.081940594222855268e+00 -8.024348986998676381e+00
1.341317712992910582e+00 4.081204793445529049e+02 -1.017614523619940314e+00 -3.922292205560575340e+00 -9.166584701682930714e+00
1.340074005332327012e+00 4.172689869452896119e+02 -1.028649875000512637e+00 -5.207130634428740912e+00 -1.102175304650825360e+01
1.342774845621706126e+00 4.176137091507362697e+02 -1.308761237064409499e+00 -1.056743832115417447e+00 -6.719119861726746912e+00
1.342395636141331394e+00 4.225174862258194821e+02 -1.061537356678302402e+00 -1.213666146172609928e+00 -6.325358533877952993e+00
1.342395636141331394e+00 4.225174862258194821e+02 -1.061537356678302402e+00 -1.213666146172609928e+00 -6.325358533877952993e+00
1.342369805810430972e+00 4.370410391366152112e+02 -1.305899953459714880e+00 -1.017752807539963555e+00 -1.125105201987421033e+01
1.341658362162889251e+00 4.052248535591104428e+02 -1.002246650700184816e+00 -6.244979528312088135e+00 -9.093229121046737973e+00
1.342296433919832443e+00 4.302854804656511760e+02 -1.192479092478039959e+00 -1.031767566056958074e+00 -6.827436358894495960e+00
1.342296433919832443e+00 4.302854804656511760e+02 -1.192479092478039959e+00 -1.031767566056958074e+00 -6.827436358894495960e+00
1.342218233827703999e+00 4.283506034274021204e+02 -1.211227669655029260e+00 -1.102267785319055449e+00 -1.103016284302333361e+01
1.340948879419300965e+00 4.192421522216971539e+02 -1.011194343583492028e+00 -6.389401308835360283e+00 -1.173603217717106695e+01
1.342612884028447029e+00 4.626990248491241573e+02 -1.151388480341655196e+00 -1.033049109108160835e+00 -8.490979742252033446e+00
1.341112533317555089e+00 4.016781651869097800e+02 -1.018452118439471477e+00 -3.552304488055035847e+00 -7.667292010759458876e+00
1.341112533317555089e+00 4.016781651869097800e+02 -1.018452118439471477e+00 -3.552304488055035847e+00 -7.667292010759458876e+00
1.340610356921565050e+00 4.089616721694355306e+02 -1.046062079069761452e+00 -4.992300328968790168e+00 -7.948388896916978474e+00
1.343073893152582965e+00 4.328742778367462734e+02 -1.106488680757074405e+00 -1.039762997926247934e+00 -5.048689539510553992e+00
1.340973681464311618e+00 4.224914851921325862e+02 -1.006296838246024450e+00 -6.087330517806481822e+00 -1.043061099514461176e+01
1.341018592558391065e+00 4.072222349732420525e+02 -1.038230148567635069e+00 -6.449827362430352373e+00 -1.107244022742002088e+01
1.340077859949736272e+00 4.152329969974051664e+02 -1.026822985835764257e+00 -4.254055227291008379e+00 -1.101594439995543340e+01
1.340077859949736272e+00 4.152329969974051664e+02 -1.026822985835764257e+00 -4.254055227291008379e+00 -1.101594439995543340e+01
1.340947724654481865e+00 4.033721501267806389e+02 -1.022064651643836086e+00 -9.021557801887110983e+00 -9.592028542151940229e+00
1.342210233926434571e+00 4.053894600577851861e+02 -1.199221997636215065e+00 -1.145953003489392330e+00 -6.707036670242814580e+00
1.342349878229802673e+00 4.006758487869155942e+02 -1.118441077733399069e+00 -1.061291981243007498e+00 -8.061143952239529398e+00
1.342196126401578926e+00 4.069816833126907341e+02 -1.324203291222007195e+00 -1.096912910362853211e+00 -1.117799309642053629e+01
1.342913563242400965e+00 4.388014747782513041e+02 -1.044811453369083765e+00 -1.155718986082781896e+00 -7.366473356687455620e+00
1.342457461723000955e+00 4.132363901852474442e+02 -1.002689922417198787e+00 -1.113837160694187034e+00 -5.391264745443939965e+00
1.342457461723000955e+00 4.132363901852474442e+02 -1.002689922417198787e+00 -1.113837160694187034e+00 -5.391264745443939965e+00
1.342416704550005502e+00 4.242447842454010356e+02 -1.417727915316330467e+00 -1.011553781162225718e+00 -9.687407133514684077e+00
1.342416704550005502e+00 4.242447842454010356e+02 -1.417727915316330467e+00 -1.011553781162225718e+00 -9.687407133514684077e+00
1.341099579163610889e+00 4.038310435286318807e+02 -1.054689907938595184e+00 -4.308467832846640810e+00 -1.173382279298990838e+01
1.340701856445226214e+00 4.038066963669769507e+02 -1.060766015544915675e+00 -5.574965061380884102e+00 -8.358551540526462986e+00
1.342333399423509155e+00 4.236931861805489916e+02 -1.347624644257029658e+00 -1.023094670153776420e+00 -7.767719785794236387e+00
1.342333399423509155e+00 4.236931861805489916e+02 -1.347624644257029658e+00 -1.023094670153776420e+00 -7.767719785794236387e+00
1.342493242236574291e+00 4.304152457813227102e+02 -1.353143083027216420e+00 -1.022597434368128333e+00 -1.172229431178850056e+01
1.340496950109896224e+00 4.311564269145644630e+02 -1.003454714475052967e+00 -4.377865201612255674e+00 -9.136719799904875927e+00
1.342934346425366909e+00 4.530002218837391865e+02 -1.085418173064343961e+00 -1.022280151997616571e+00 -5.539509113850259681e+00
1.342154736668300208e+00 4.572256527692358077e+02 -1.021040076944293773e+00 -1.133281117918739866e+00 -1.187760329889073496e+01
1.340942517335338202e+00 4.118286419840321742e+02 -1.003129936692339186e+00 -3.309368331932757812e+00 -1.048699610678456828e+01
1.342207849772787842e+00 4.526248789955981238e+02 -1.095378265542994001e+00 -1.087794515578824672e+00 -9.539748897843987052e+00
1.342009772822243097e+00 4.242750555459101065e+02 -1.104991391798836986e+00 -1.173436899447771964e+00 -9.600266906065099803e+00
1.342324864730213507e+00 4.758877451936822922e+02 -1.055360030447399566e+00 -1.011002939225480901e+00 -1.065932984263152150e+01
1.342324864730213507e+00 4.758877451936822922e+02 -1.055360030447399566e+00 -1.011002939225480901e+00 -1.065932984263152150e+01
1.340151128617723453e+00 4.222300584720820780e+02 -1.027986263565018987e+00 -4.633628680197618088e+00 -1.067003761779682947e+01
1.340151128617723453e+00 4.222300584720820780e+02 -1.027986263565018987e+00 -4.633628680197618088e+00 -1.067003761779682947e+01
1.340176191287226537e+00 4.098476005626579877e+02 -1.043592721969472947e+00 -4.560687962525374672e+00 -8.864157284472572229e+00
1.340855439864149012e+00 4.080515052368996862e+02 -1.041661345180200371e+00 -3.902831030551158875e+00 -1.079780758159562026e+01
1.340270317610544826e+00 4.032528632749824169e+02 -1.065210586227713918e+00 -5.264751756392023196e+00 -8.788863410554432321e+00
1.340270317610544826e+00 4.032528632749824169e+02 -1.065210586227713918e+00 -5.264751756392023196e+00 -8.788863410554432321e+00
1.340607174130736157e+00 4.019699055097109408e+02 -1.045234952113556659e+00 -6.498456901862707191e+00 -8.668802896485669152e+00
1.340607174130736157e+00 4.019699055097109408e+02 -1.045234952113556659e+00 -6.498456901862707191e+00 -8.668802896485669152e+00
1.340662585236224613e+00 4.005063866068740026e+02 -1.089516625495065227e+00 -4.888129581585909378e+00 -1.085316897746234233e+01
1.344189987583517043e+00 4.126802786475644211e+02 -1.002580369068937216e+00 -1.108577559740274054e+00 -6.898254743188625859e+00
1.344189987583517043e+00 4.126802786475644211e+02 -1.002580369068937216e+00 -1.108577559740274054e+00 -6.898254743188625859e+00
1.342688500293119480e+00 4.159372658322836855e+02 -1.378472064867995783e+00 -1.047057569601234306e+00 -9.383075293587047838e+00
1.340395946686268491e+00 4.167375192504089796e+02 -1.024564612552458343e+00 -4.447176756881217052e+00 -8.259657840259755801e+00
1.340395946686268491e+00 4.167375192504089796e+02 -1.024564612552458343e+00 -4.447176756881217052e+00 -8.259657840259755801e+00
1.340332371066371486e+00 4.103957762137368945e+02 -1.002793703873102515e+00 -3.776014337222388662e+00 -7.955874813838051729e+00
1.340242212833331115e+00 4.126321419996347686e+02 -1.021809003014451989e+00 -5.662188413893826322e+00 -8.952924218430515779e+00
1.343477814358396305e+00 4.169100461734679470e+02 -1.050896692535717492e+00 -1.021734144084730289e+00 -4.101305110275287547e+00
1.343477814358396305e+00 4.169100461734679470e+02 -1.050896692535717492e+00 -1.021734144084730289e+00 -4.101305110275287547e+00
1.341534990359226853e+00 4.020614282968413136e+02 -1.001385723976589759e+00 -8.316868122648131134e+00 -9.695387346561437525e+00
1.342810680902818632e+00 4.120372707243503783e+02 -1.459479061761282281e+00 -1.027829727099870638e+00 -1.183606685776615919e+01
1.340076590550409064e+00 4.208702022752752328e+02 -1.017531777248500191e+00 -4.444659804460891372e+00 -1.145471414921092901e+01
1.340084910138207519e+00 4.199059724140565208e+02 -1.021548049836406236e+00 -4.937722914940741781e+00 -1.122118804312297158e+01
1.340084910138207519e+00 4.199059724140565208e+02 -1.021548049836406236e+00 -4.937722914940741781e+00 -1.122118804312297158e+01
1.340091378180702009e+00 4.049294504796398542e+02 -1.005498791388697910e+00 -4.305377947885693501e+00 -8.994883881698836348e+00
1.340091378180702009e+00 4.049294504796398542e+02 -1.005498791388697910e+00 -4.305377947885693501e+00 -8.994883881698836348e+00
1.342245265764383522e+00 4.100490283930632813e+02 -1.314168364192109806e+00 -1.047001082519290804e+00 -9.115111475345958780e+00
1.340725741663365556e+00 4.200015029436382861e+02 -1.032314790199484023e+00 -4.896220939118479443e+00 -1.195584671080787587e+01
1.340617291618678042e+00 4.083592388378716009e+02 -1.033124862712615055e+00 -6.738172932860380548e+00 -1.152445231672588655e+01
1.342308162415697170e+00 4.077024126443149612e+02 -1.189903730217608313e+00 -1.069405656402597771e+00 -6.655054650960861906e+00
1.342284081067617985e+00 4.079269267271354806e+02 -1.280924674096432625e+00 -1.125471987052877765e+00 -9.996927238119811321e+00
1.342284081067617985e+00 4.079269267271354806e+02 -1.280924674096432625e+00 -1.125471987052877765e+00 -9.996927238119811321e+00
1.340325134370283333e+00 4.030354159569716899e+02 -1.073432415931666384e+00 -4.933649781472204232e+00 -8.904517509757098992e+00
1.340325134370283333e+00 4.030354159569716899e+02 -1.073432415931666384e+00 -4.933649781472204232e+00 -8.904517509757098992e+00
1.342879901817802812e+00 4.022141978543310756e+02 -1.580834426447561114e+00 -1.015859802048927563e+00 -1.089231043085267103e+01
1.340478557027794837e+00 4.016408732722402419e+02 -1.035674006237817579e+00 -6.386049463536419779e+00 -8.601843781327360716e+00
1.342244155507324344e+00 4.232236215423041585e+02 -1.106722444311678544e+00 -1.061080964824189010e+00 -1.134668371814396259e+01
1.342099024509379568e+00 4.092341090163426998e+02 -1.212183014378462431e+00 -1.134907700289341292e+00 -1.035513648401201969e+01
1.341055013325922474e+00 4.025593312204550784e+02 -1.012630867315367666e+00 -1.075226727205271793e+01 -9.086187032732986779e+00
1.343670143826025898e+00 4.032818033560274671e+02 -1.247134051034656466e+00 -1.050584993844573489e+00 -6.881396535651065349e+00
1.342486565880247174e+00 4.436034689421929897e+02 -1.093940601040525706e+00 -1.053836066355946954e+00 -6.023767425516645346e+00
1.340152292628445263e+00 4.160987434726679339e+02 -1.012060001881504689e+00 -5.036985699175746234e+00 -8.871309492283844023e+00
1.340152292628445263e+00 4.160987434726679339e+02 -1.012060001881504689e+00 -5.036985699175746234e+00 -8.871309492283844023e+00
1.343421361866913522e+00 4.539513153176627611e+02 -1.020661440118745489e+00 -1.078642776573261131e+00 -1.183343596588731295e+01
1.343659850949769918e+00 4.087525945199013790e+02 -1.251257700329603040e+00 -1.027455919316809130e+00 -6.492951876670947087e+00
1.343659850949769918e+00 4.087525945199013790e+02 -1.251257700329603040e+00 -1.027455919316809130e+00 -6.492951876670947087e+00
1.340191710457820928e+00 4.113747905012198203e+02 -1.052271068561077882e+00 -5.157273851716532853e+00 -1.156970764309098421e+01
1.340533869388427446e+00 4.177771189909095710e+02 -1.012467399897786891e+00 -3.678415260134425324e+00 -1.154644100234953541e+01
1.342533310793123436e+00 4.202986961270078154e+02 -1.063935468078060609e+00 -1.012437429357138541e+00 -6.829331045620722129e+00
1.341012174137013790e+00 4.136831625882332446e+02 -1.008115348022702307e+00 -3.633129051725589420e+00 -9.333368237163808701e+00
1.343127603979338947e+00 4.245138200111511537e+02 -1.053028382569534571e+00 -1.185924835931276178e+00 -9.830846891676253918e+00
1.340215495394349698e+00 4.268882703490051540e+02 -1.012008867027732961e+00 -4.709850096902446381e+00 -9.764465545683396641e+00
1.342910161664197410e+00 4.319884743184748572e+02 -1.341671138669088492e+00 -1.007459557663773708e+00 -1.183218903159895419e+01
1.342233114062396870e+00 4.124942423875556301e+02 -1.292883746537007994e+00 -1.091833271648290804e+00 -9.624965853621816336e+00
1.342233114062396870e+00 4.124942423875556301e+02 -1.292883746537007994e+00 -1.091833271648290804e+00 -9.624965853621816336e+00
1.340226938051571892e+00 4.154189100615687948e+02 -1.039378314401039560e+00 -4.799495825382285474e+00 -9.714667930693261511e+00
1.340506055735061874e+00 4.021270042007488428e+02 -1.079765994409862984e+00 -5.293105065473028503e+00 -9.435596569115435983e+00
1.343193647319520956e+00 4.378955785681395696e+02 -1.184117452310005092e+00 -1.037336796769366742e+00 -8.651429524088078082e+00
1.341969085113747795e+00 4.187236651893489920e+02 -1.018417364884390608e+00 -1.227635104075494255e+00 -1.041994286585009100e+01
1.341419676774565861e+00 4.036648070328679410e+02 -1.000410896371006331e+00 -8.219809291113170602e+00 -9.072893402202378610e+00
1.340235401088176292e+00 4.029141153901086909e+02 -1.068018137010108504e+00 -4.237243427867884549e+00 -1.048420775205059030e+01
1.341114056591773629e+00 4.035978695232398081e+02 -1.003020603277256839e+00 -1.146716890658141708e+01 -8.569336821288473516e+00
1.342184011326590154e+00 4.172074774105725510e+02 -1.162973125258609741e+00 -1.124118284349075125e+00 -7.562780844673583580e+00
1.340822102805084182e+00 4.042830018996455692e+02 -1.010813376732876634e+00 -1.026532652026539161e+01 -9.926433265580346443e+00
1.342871883492502416e+00 4.073278867119011579e+02 -1.382203875963442741e+00 -1.059669995989564129e+00 -9.540488140532012551e+00
1.342393349513520961e+00 4.241166369588038378e+02 -1.351875070327455575e+00 -1.026626413192897047e+00 -9.520451565911942637e+00
1.342856047264433084e+00 4.356971875932222247e+02 -1.056396552573120928e+00 -1.164021929706828828e+00 -1.158197098805000635e+01
1.342257290720708207e+00 4.469095309596137326e+02 -1.068144683867348732e+00 -1.058577924131714809e+00 -8.469130988106883251e+00
1.342257290720708207e+00 4.469095309596137326e+02 -1.068144683867348732e+00 -1.058577924131714809e+00 -8.469130988106883251e+00
1.340431952976464336e+00 4.114172515639458538e+02 -1.006530996196882910e+00 -5.629819249355428212e+00 -7.798231314992262853e+00
1.340904931730300120e+00 4.239490425194605905e+02 -1.013165927677395217e+00 -5.022267089814985042e+00 -1.084547858006320986e+01
1.340904931730300120e+00 4.239490425194605905e+02 -1.013165927677395217e+00 -5.022267089814985042e+00 -1.084547858006320986e+01
1.340465817185096942e+00 4.122539733942652447e+02 -1.006927153606621772e+00 -6.653371857125022437e+00 -9.712726649269903589e+00
1.342421122594552818e+00 4.343545113420285588e+02 -1.023352176709478201e+00 -1.079188791036340689e+00 -5.943492060714130609e+00
1.340100283960075522e+00 4.012990151410085673e+02 -1.016741142982361623e+00 -4.108634900681016333e+00 -1.127339929458265821e+01
1.341002479096334632e+00 4.048125556580014290e+02 -1.012634820929998014e+00 -8.234377937731117925e+00 -9.296312811603186788e+00
1.340117523936710464e+00 4.085348087645734836e+02 -1.016772479153196684e+00 -5.168155084036197167e+00 -1.011293051144572530e+01
1.343085830480503340e+00 4.047393107070725478e+02 -1.109407520055619045e+00 -1.212593219309386683e+00 -1.096524509707722927e+01
1.340722855223834609e+00 4.199427749702223309e+02 -1.000104534593518224e+00 -3.602893383216652978e+00 -1.191225971445051357e+01
1.340893101586909664e+00 4.140429123921753671e+02 -1.000691937941367016e+00 -7.553068090254150491e+00 -1.092228800970808500e+01
1.342593461902009455e+00 4.752250170880611222e+02 -1.097423337749782846e+00 -1.003001680538716300e+00 -8.143026220130193948e+00
1.342593461902009455e+00 4.752250170880611222e+02 -1.097423337749782846e+00 -1.003001680538716300e+00 -8.143026220130193948e+00
1.342413360474199902e+00 4.498250412969220520e+02 -1.142114444832618148e+00 -1.057728479133849930e+00 -8.905392938672360259e+00
1.340597883410853175e+00 4.036927312460799726e+02 -1.026776507941022487e+00 -5.623460307517232692e+00 -7.529018740152780609e+00
1.342810320051482265e+00 4.199220333562154224e+02 -1.097023425699179100e+00 -1.034117967536804628e+00 -4.893651321618822436e+00
1.340233956189698317e+00 4.193485737545624374e+02 -1.011848232490843102e+00 -3.994928677464670841e+00 -1.172840243216995582e+01
1.342330461547202258e+00 4.208216306552037622e+02 -1.000630344912488923e+00 -1.094833581706893710e+00 -1.017365017621204792e+01
1.342330461547202258e+00 4.208216306552037622e+02 -1.000630344912488923e+00 -1.094833581706893710e+00 -1.017365017621204792e+01
1.343579632951249270e+00 4.141466970567703925e+02 -1.029222281265068872e+00 -1.142621685671425524e+00 -5.876694535002563669e+00
1.343579632951249270e+00 4.141466970567703925e+02 -1.029222281265068872e+00 -1.142621685671425524e+00 -5.876694535002563669e+00
1.342946158639858112e+00 4.695105591480045177e+02 -1.025387722732578055e+00 -1.067645454609266409e+00 -9.481898238384005140e+00
1.342206274783956488e+00 4.137817502833253229e+02 -1.178806334695256197e+00 -1.161969627846930919e+00 -8.397994651978221370e+00
1.340776305218006170e+00 4.023844201676709531e+02 -1.006115682255810384e+00 -1.140956757852073267e+01 -9.989118448514368254e+00
1.343828594718721625e+00 4.192802845706609105e+02 -1.077256914751934858e+00 -1.082338533324330498e+00 -8.001645077903027925e+00
1.344040213068320888e+00 4.107963337032635422e+02 -1.114359150474076188e+00 -1.058148300277785836e+00 -9.026698063851139153e+00
1.340772360206572866e+00 4.041396654205261143e+02 -1.070835416920555616e+00 -4.839463913870453382e+00 -1.096104096175583109e+01
1.340772360206572866e+00 4.041396654205261143e+02 -1.070835416920555616e+00 -4.839463913870453382e+00 -1.096104096175583109e+01
1.342153946950848997e+00 4.106772935613664117e+02 -1.188881532763533144e+00 -1.113462361211162488e+00 -1.179136401422413982e+01
1.340806792072824605e+00 4.187738037014838142e+02 -1.009999900940668383e+00 -6.288174938597420827e+00 -1.170115385382653628e+01
1.340793619626851951e+00 4.115550906876014210e+02 -1.035456710542259628e+00 -6.050468767386002256e+00 -1.153087110492492329e+01
1.340128892026217988e+00 4.165070004101354471e+02 -1.002180421386066556e+00 -4.791812466485199096e+00 -9.217759429484907230e+00
1.340128892026217988e+00 4.165070004101354471e+02 -1.002180421386066556e+00 -4.791812466485199096e+00 -9.217759429484907230e+00
1.342792902061793470e+00 4.063753655324262013e+02 -1.474535162358600715e+00 -1.026808526281834943e+00 -8.990357938956909933e+00
1.342317457981272444e+00 4.351173993487931853e+02 -1.174274975045115355e+00 -1.057078621815794151e+00 -1.058807734813276547e+01
1.342317457981272444e+00 4.351173993487931853e+02 -1.174274975045115355e+00 -1.057078621815794151e+00 -1.058807734813276547e+01
1.341240875097057028e+00 4.010190843925293507e+02 -1.031172145321981759e+00 -5.612709050989604265e+00 -7.908495000815703335e+00
1.342663290494379824e+00 4.579909513401890422e+02 -1.065502807398070573e+00 -1.077687194503294421e+00 -7.630410138091650474e+00
1.342526378737410653e+00 4.002964551228870960e+02 -1.182215824273834315e+00 -1.035262070608565566e+00 -6.005146394305743485e+00
1.340389649520192350e+00 4.014992245271474758e+02 -1.078715467994141974e+00 -5.174181290209713957e+00 -9.884613477565153516e+00
1.340655615807950563e+00 4.287276302654953497e+02 -1.002861312481071465e+00 -5.469202431115750329e+00 -1.181000951415084010e+01
1.342355794025358096e+00 4.330416633258065531e+02 -1.218996424013843338e+00 -1.010536559085878139e+00 -9.273880929751472380e+00
1.342355794025358096e+00 4.330416633258065531e+02 -1.218996424013843338e+00 -1.010536559085878139e+00 -9.273880929751472380e+00
1.342702572120606730e+00 4.571404647550163531e+02 -1.117752741860600807e+00 -1.048147883538948832e+00 -1.138141304446186730e+01
1.342702572120606730e+00 4.571404647550163531e+02 -1.117752741860600807e+00 -1.048147883538948832e+00 -1.138141304446186730e+01
1.343957138818853592e+00 4.081495173514720705e+02 -1.057334596899956125e+00 -1.099518038378121787e+00 -6.512907591682648878e+00
1.343957138818853592e+00 4.081495173514720705e+02 -1.057334596899956125e+00 -1.099518038378121787e+00 -6.512907591682648878e+00
1.340608014481950327e+00 4.065583244452293457e+02 -1.053294630736473891e+00 -4.110331318449420124e+00 -1.134212299309247562e+01
1.343071716443698493e+00 4.234090827860385389e+02 -1.120982798355605325e+00 -1.130399874676990990e+00 -8.952494308950488033e+00
1.340702803321352610e+00 4.133713498411781870e+02 -1.044209513411177070e+00 -4.523507359507882519e+00 -1.181064438282015061e+01
1.340511923368089775e+00 4.074802905673163309e+02 -1.053041867589140423e+00 -5.309303421236374554e+00 -9.014131181582737184e+00
1.340511923368089775e+00 4.074802905673163309e+02 -1.053041867589140423e+00 -5.309303421236374554e+00 -9.014131181582737184e+00
1.343459877872773545e+00 4.162158910716632363e+02 -1.131329639543356080e+00 -1.101445556060522080e+00 -1.073364074190422812e+01
1.340355290833217028e+00 4.140369581972278752e+02 -1.030496947990284795e+00 -5.475753416559741460e+00 -9.137822402878711614e+00
1.341241089887833526e+00 4.081348732414796245e+02 -1.008116786739190474e+00 -6.521114874703637376e+00 -8.847517250932503075e+00
1.343969508152155656e+00 4.114679239291236286e+02 -1.093168956090451616e+00 -1.076305343915496593e+00 -8.114178219868199093e+00
1.343244285527450899e+00 4.017314050811454536e+02 -1.397061253481556520e+00 -1.023372561014586068e+00 -6.457678261949643783e+00
1.343329997002251863e+00 4.360301172861845203e+02 -1.048277725020174245e+00 -1.113292609219403317e+00 -1.115128547178788310e+01
1.343329997002251863e+00 4.360301172861845203e+02 -1.048277725020174245e+00 -1.113292609219403317e+00 -1.115128547178788310e+01
1.341001267482241133e+00 4.028405892718063797e+02 -1.010144930686221798e+00 -7.974063308063015221e+00 -8.733192251092752656e+00
1.342310827752456026e+00 4.291224483575226145e+02 -1.038067992224183556e+00 -1.142755235022512750e+00 -6.511843359578000978e+00
1.340229964366180804e+00 4.034790558094695712e+02 -1.000325895513764607e+00 -5.609900830194193944e+00 -1.050962761663950928e+01
1.340229964366180804e+00 4.034790558094695712e+02 -1.000325895513764607e+00 -5.609900830194193944e+00 -1.050962761663950928e+01
1.342682456173727834e+00 4.170408206820002874e+02 -1.063823671448693275e+00 -1.151345253407738412e+00 -5.643994816708608475e+00
1.340353626041656643e+00 4.196091078112023638e+02 -1.010520179866249535e+00 -4.926367973524057753e+00 -8.371046319818916004e+00
1.343301611823805253e+00 4.585649657708709697e+02 -1.038319647800719281e+00 -1.043061863906302733e+00 -7.108061251844598694e+00
1.343301611823805253e+00 4.585649657708709697e+02 -1.038319647800719281e+00 -1.043061863906302733e+00 -7.108061251844598694e+00
1.341231949471864748e+00 4.018756174988453154e+02 -1.025393502298534543e+00 -6.989454339700514218e+00 -1.031346603299154907e+01
1.340783007572184715e+00 4.051957296738746663e+02 -1.039933746853542118e+00 -6.035922847281751658e+00 -8.887691379269249126e+00
1.340783007572184715e+00 4.051957296738746663e+02 -1.039933746853542118e+00 -6.035922847281751658e+00 -8.887691379269249126e+00
1.342260468755867242e+00 4.078768292061885177e+02 -1.169208375016669521e+00 -1.084780954106893347e+00 -8.673687268422913377e+00
1.341083865102008055e+00 4.153123910517870740e+02 -1.010854046279160201e+00 -4.177750341125609168e+00 -9.469020789518527437e+00
1.342341131441148860e+00 4.052007571360970246e+02 -1.006237470396969869e+00 -1.130794606545912018e+00 -8.685591187566009452e+00
1.342341131441148860e+00 4.052007571360970246e+02 -1.006237470396969869e+00 -1.130794606545912018e+00 -8.685591187566009452e+00
1.342350410991162146e+00 4.482925700255835864e+02 -1.100794197583592648e+00 -1.060714121190686754e+00 -8.198798436016311086e+00
1.340969828628248095e+00 4.065768431830198324e+02 -1.037647138860680940e+00 -6.144356924406765508e+00 -1.170814107587159825e+01
1.340965790970557459e+00 4.028770740426043631e+02 -1.020733265359760722e+00 -7.832636112376094140e+00 -1.078527839074758177e+01
1.340644730064829648e+00 4.010652906567710261e+02 -1.077934965128099165e+00 -4.548709586999001075e+00 -1.189721473262070006e+01
1.340367597558913104e+00 4.152071431251118838e+02 -1.012174091567040080e+00 -5.374105015041198641e+00 -8.532627727928103312e+00
1.342963457206341138e+00 4.263122889332378804e+02 -1.189348567763508058e+00 -1.046789655986264833e+00 -6.197806274531207471e+00
1.342963457206341138e+00 4.263122889332378804e+02 -1.189348567763508058e+00 -1.046789655986264833e+00 -6.197806274531207471e+00
1.343073062851739996e+00 4.013272556201053476e+02 -1.284926815279719747e+00 -1.067042624597696943e+00 -5.983171658886914379e+00
1.342804116838907325e+00 4.492660382118779694e+02 -1.141339273952967304e+00 -1.015108487974632823e+00 -6.350203330138066704e+00
1.342236411884220937e+00 4.012933601185023349e+02 -1.283349633535769030e+00 -1.091700685521516334e+00 -9.494731050294447527e+00
1.342236411884220937e+00 4.012933601185023349e+02 -1.283349633535769030e+00 -1.091700685521516334e+00 -9.494731050294447527e+00
1.342225558271811670e+00 4.078070275705949825e+02 -1.192170922879162376e+00 -1.138401356932824626e+00 -7.934692660902403105e+00
1.342225558271811670e+00 4.078070275705949825e+02 -1.192170922879162376e+00 -1.138401356932824626e+00 -7.934692660902403105e+00
1.342220772152890929e+00 4.091903956646003166e+02 -1.078184572144516906e+00 -1.124341800084266652e+00 -1.129753716697814170e+01
1.340767799115677672e+00 4.089086229538064003e+02 -1.007663094852034646e+00 -7.411762865195706596e+00 -1.139445715244523782e+01
1.342634289193986419e+00 4.080127855473441514e+02 -1.157939000713293254e+00 -1.190597955031003963e+00 -1.070267369513558187e+01
1.342752909535666728e+00 4.166763034108267334e+02 -1.113705807428212680e+00 -1.060685706767429792e+00 -5.234992414655170734e+00
1.342752909535666728e+00 4.166763034108267334e+02 -1.113705807428212680e+00 -1.060685706767429792e+00 -5.234992414655170734e+00
1.340885312627075887e+00 4.116785967513331457e+02 -1.033397492533964623e+00 -5.615300124987487429e+00 -9.527582665594927391e+00
1.340443579959212261e+00 4.164036604730598583e+02 -1.028553998547586446e+00 -4.215042732640406520e+00 -1.023101012177094837e+01
1.340443579959212261e+00 4.164036604730598583e+02 -1.028553998547586446e+00 -4.215042732640406520e+00 -1.023101012177094837e+01
1.340176830146686759e+00 4.127150757512254700e+02 -1.013750429799127772e+00 -5.393144199611611178e+00 -1.178372351523040429e+01
1.343518506805855273e+00 4.020050795490292899e+02 -1.310785386517599349e+00 -1.031346961582642052e+00 -6.600177294607659562e+00
1.342205068777544863e+00 4.027390561897251473e+02 -1.134134191671160252e+00 -1.120586627829190718e+00 -8.296350234549597857e+00
1.340754679565905327e+00 4.033647551986063604e+02 -1.005150836695214878e+00 -6.147908816351277395e+00 -7.398931885763063043e+00
1.342988223381113677e+00 4.017106756504699092e+02 -1.578096492542201190e+00 -1.001013889956642089e+00 -1.004242658225562934e+01
1.344055276696249912e+00 4.140945297042820243e+02 -1.188354055046730195e+00 -1.005291637286616080e+00 -9.418755936803867357e+00
1.342693847591170053e+00 4.065708022888011897e+02 -1.273946444550359658e+00 -1.023525637822565670e+00 -5.618844978187031103e+00
1.340569109098117329e+00 4.127250995148646666e+02 -1.014909311729292440e+00 -6.529929438388539786e+00 -1.197893578426024241e+01
1.342495516017225610e+00 4.541912506267522076e+02 -1.083792636253576802e+00 -1.062182236397953616e+00 -7.188724489974205767e+00
1.342509531134636669e+00 4.114728272735313794e+02 -1.147206603641601319e+00 -1.010110363857359417e+00 -8.185396057678747894e+00
1.342509531134636669e+00 4.114728272735313794e+02 -1.147206603641601319e+00 -1.010110363857359417e+00 -8.185396057678747894e+00
1.343218709396191590e+00 4.560672417279957926e+02 -1.088874476206772357e+00 -1.009792204757596679e+00 -6.516556215653535489e+00
1.342328267824877575e+00 4.320251781717956874e+02 -1.144553435707345912e+00 -1.109490916035589692e+00 -1.089787492283472403e+01
1.342328267824877575e+00 4.320251781717956874e+02 -1.144553435707345912e+00 -1.109490916035589692e+00 -1.089787492283472403e+01
1.340593543345305338e+00 4.065398877691566213e+02 -1.031901792301097132e+00 -3.894963974603921741e+00 -8.615137954067867199e+00
1.340501886805893106e+00 4.001685849021716308e+02 -1.051863601324859232e+00 -6.179515532556779434e+00 -9.880397065714486615e+00
1.340501886805893106e+00 4.001685849021716308e+02 -1.051863601324859232e+00 -6.179515532556779434e+00 -9.880397065714486615e+00
1.342679776128093305e+00 4.685105347720435702e+02 -1.056433463716794918e+00 -1.051972867780138543e+00 -1.002099909949907364e+01
1.342629571296781510e+00 4.347541472428191582e+02 -1.217606632270230804e+00 -1.007435916021915290e+00 -6.306311061434205278e+00
1.341143103355035171e+00 4.119416789720453949e+02 -1.001754092355058745e+00 -6.937624939715997918e+00 -1.093298204499638260e+01
1.341229484218932955e+00 4.158934819224635362e+02 -1.004997821643527800e+00 -4.310610172205958435e+00 -1.158957474258611597e+01
1.341229484218932955e+00 4.158934819224635362e+02 -1.004997821643527800e+00 -4.310610172205958435e+00 -1.158957474258611597e+01
1.342205145015962664e+00 4.028384951896833286e+02 -1.138175183866716011e+00 -1.119359085587788627e+00 -9.460262140121876939e+00
1.342205145015962664e+00 4.028384951896833286e+02 -1.138175183866716011e+00 -1.119359085587788627e+00 -9.460262140121876939e+00
1.343054041318228586e+00 4.004835946768769759e+02 -1.246464308746855210e+00 -1.110835988881641256e+00 -7.079402324109074662e+00
1.343054041318228586e+00 4.004835946768769759e+02 -1.246464308746855210e+00 -1.110835988881641256e+00 -7.079402324109074662e+00
1.342925796112394377e+00 4.077966974191366489e+02 -1.003511697769395639e+00 -1.122384695433156665e+00 -4.593915547294721513e+00
1.342925796112394377e+00 4.077966974191366489e+02 -1.003511697769395639e+00 -1.122384695433156665e+00 -4.593915547294721513e+00
1.340299633112012945e+00 4.029829357279074884e+02 -1.068580252898456706e+00 -5.157849392942776667e+00 -1.196373550968713140e+01
1.340698198681200548e+00 4.067268096509669704e+02 -1.017433422492754147e+00 -6.319478897646362725e+00 -8.415533194028114394e+00
1.342485603010048933e+00 4.096527514713359324e+02 -1.147952727158795483e+00 -1.181712708754316665e+00 -7.370542008629541897e+00
1.340832465236161619e+00 4.063408746732336567e+02 -1.011146336222205733e+00 -7.343162856909665415e+00 -9.954530520382729009e+00
1.340832465236161619e+00 4.063408746732336567e+02 -1.011146336222205733e+00 -7.343162856909665415e+00 -9.954530520382729009e+00
1.343514396874673889e+00 4.023054270312475182e+02 -1.023931327830821303e+00 -1.028256021655542085e+00 -3.687213429235386641e+00
1.343514396874673889e+00 4.023054270312475182e+02 -1.023931327830821303e+00 -1.028256021655542085e+00 -3.687213429235386641e+00
1.340115403700351315e+00 4.129864687668404031e+02 -1.008743276950328394e+00 -4.577291688201933439e+00 -1.014883403430929754e+01
1.340115403700351315e+00 4.129864687668404031e+02 -1.008743276950328394e+00 -4.577291688201933439e+00 -1.014883403430929754e+01
1.342883115449686304e+00 4.373133269687970142e+02 -1.168828206805912373e+00 -1.050789871409996579e+00 -7.328278037662535382e+00
1.343310476595861003e+00 4.329391838268442143e+02 -1.120220663442765385e+00 -1.064495260589378489e+00 -7.406711340969394541e+00
1.343310476595861003e+00 4.329391838268442143e+02 -1.120220663442765385e+00 -1.064495260589378489e+00 -7.406711340969394541e+00
1.342763953156970835e+00 4.348629262009327476e+02 -1.016469357915289251e+00 -1.000756182414319184e+00 -5.343562811320163419e+00
1.340502806708413264e+00 4.239726140085082875e+02 -1.001876820311155214e+00 -3.982197541058162926e+00 -9.581005251595037464e+00
1.340305028632821971e+00 4.125921067118207475e+02 -1.021766914053142017e+00 -5.587027527335868271e+00 -9.696109147757127289e+00
1.340332063632412529e+00 4.019678369841274730e+02 -1.038261818663546165e+00 -3.776040874424756666e+00 -1.127336491849927924e+01
1.340692379391372313e+00 4.101174709794305500e+02 -1.049111940800235843e+00 -5.176051156843954892e+00 -1.019917113854288360e+01
1.340692379391372313e+00 4.101174709794305500e+02 -1.049111940800235843e+00 -5.176051156843954892e+00 -1.019917113854288360e+01
1.343112446502217949e+00 4.053842599507814271e+02 -1.043832116318723635e+00 -1.088156705461813090e+00 -4.471542474296458458e+00
1.343112446502217949e+00 4.053842599507814271e+02 -1.043832116318723635e+00 -1.088156705461813090e+00 -4.471542474296458458e+00
1.340325947294553677e+00 4.002540135140670827e+02 -1.006364420724308317e+00 -4.096575762407942634e+00 -7.870711068089086382e+00
1.340325947294553677e+00 4.002540135140670827e+02 -1.006364420724308317e+00 -4.096575762407942634e+00 -7.870711068089086382e+00
1.340950415971563059e+00 4.095591557783267831e+02 -1.002972884048727309e+00 -4.540495757369702901e+00 -7.215672453366264172e+00
1.342393006507283992e+00 4.089218857531819822e+02 -1.166655837783785898e+00 -1.044987332518832801e+00 -1.143995745927383645e+01
1.340649782817556313e+00 4.110739581728603298e+02 -1.039590475491538157e+00 -4.568676516809458299e+00 -8.845146324113498437e+00
1.342412420985877652e+00 4.420975650883488015e+02 -1.174212659443856666e+00 -1.009991878280160904e+00 -9.847018542250829398e+00
1.340620390962024899e+00 4.184263179547803020e+02 -1.004165322562320384e+00 -3.956832959510709458e+00 -8.585936580349027736e+00
1.340692459451973795e+00 4.260693943064479754e+02 -1.001077116424788471e+00 -5.533303333818602177e+00 -1.015118069096712183e+01
1.340692459451973795e+00 4.260693943064479754e+02 -1.001077116424788471e+00 -5.533303333818602177e+00 -1.015118069096712183e+01
1.340943410477712039e+00 4.208997562372247216e+02 -1.000153714429828256e+00 -5.901388036766808121e+00 -9.626401149997693807e+00
1.342959597866637544e+00 4.049329065021557312e+02 -1.050767708785659948e+00 -1.280920669074028240e+00 -1.058516994885389551e+01
1.340294109690927549e+00 4.241788456053372443e+02 -1.008544176075192311e+00 -4.257894080163010742e+00 -1.167488051714825481e+01
1.340294109690927549e+00 4.241788456053372443e+02 -1.008544176075192311e+00 -4.257894080163010742e+00 -1.167488051714825481e+01
1.342441712468747328e+00 4.140884411909483447e+02 -1.250932072822875440e+00 -1.010491966389473362e+00 -7.821818823790779973e+00
1.340691948643471632e+00 4.042171309227684901e+02 -1.001268043291650756e+00 -7.129446153678362208e+00 -8.667871182052651946e+00
1.340481524999461715e+00 4.079728294367018293e+02 -1.037579444888265812e+00 -5.830781706793081831e+00 -9.735595378507403197e+00
1.342484604793741543e+00 4.100039724447468643e+02 -1.128391372386746028e+00 -1.213536358941507132e+00 -1.117741119150101525e+01
1.340328500691314817e+00 4.242122964146848858e+02 -1.013175424895370824e+00 -4.885696389028290731e+00 -9.845899989716018652e+00
1.340903723963394301e+00 4.148877536643983603e+02 -1.002280474175265113e+00 -6.589875808895278020e+00 -9.320933992809084856e+00
1.341095170242021073e+00 4.022289463556917894e+02 -1.003031684231453724e+00 -1.123816800259547932e+01 -9.512669196230421065e+00
1.341502658858167774e+00 4.115886621922197151e+02 -1.002912262657234876e+00 -4.960555864830475059e+00 -1.130464172088522190e+01
1.342694578116658377e+00 4.140212515728012477e+02 -1.162271169847771901e+00 -1.159213001147328725e+00 -1.066254281629258927e+01
1.340461904367631574e+00 4.004018239215548078e+02 -1.079725990019552384e+00 -4.855768894875538422e+00 -1.102145758818279297e+01
1.340461904367631574e+00 4.004018239215548078e+02 -1.079725990019552384e+00 -4.855768894875538422e+00 -1.102145758818279297e+01
1.341349761020455666e+00 4.068805461483201498e+02 -1.003920884732412588e+00 -5.254579066588972225e+00 -7.748935527007713375e+00
1.341349761020455666e+00 4.068805461483201498e+02 -1.003920884732412588e+00 -5.254579066588972225e+00 -7.748935527007713375e+00
1.342297154188947683e+00 4.050784539277464091e+02 -1.130157841578355971e+00 -1.102411828258343718e+00 -8.358482044209047501e+00
1.342297154188947683e+00 4.050784539277464091e+02 -1.130157841578355971e+00 -1.102411828258343718e+00 -8.358482044209047501e+00
1.342451597702253530e+00 4.414463183941585953e+02 -1.154155205416515173e+00 -1.061058336936151036e+00 -1.139216185914762391e+01
1.342168496396067390e+00 4.280628089407969128e+02 -1.022031294156009906e+00 -1.186542256468143819e+00 -8.152484575472572104e+00
1.341260969818295123e+00 4.017664655116682866e+02 -1.002473058715377618e+00 -8.132210580133332201e+00 -8.965808954160776167e+00
1.343836322125449234e+00 4.146430614629455818e+02 -1.160911296362453271e+00 -1.037690769196423446e+00 -7.760157363827564936e+00
1.342643370385833812e+00 4.378335829032182005e+02 -1.186368763212305666e+00 -1.054223113870877526e+00 -1.096134546336141291e+01
1.340950262430556483e+00 4.037974411482202868e+02 -1.006430435480680785e+00 -3.528797580220798480e+00 -7.780538655472066800e+00
1.340950262430556483e+00 4.037974411482202868e+02 -1.006430435480680785e+00 -3.528797580220798480e+00 -7.780538655472066800e+00
1.340762174146018282e+00 4.073813566053448767e+02 -1.031890099579795717e+00 -3.828956745158922814e+00 -1.021959208005687536e+01
1.342951165574651107e+00 4.227376735052020535e+02 -1.109601969401420973e+00 -1.145625496416402100e+00 -1.099945224829549772e+01
1.340840831958500345e+00 4.030205276920946744e+02 -1.019425441031456714e+00 -7.366976338826434656e+00 -1.013895405366620039e+01
1.340191673954531204e+00 4.055233771603196260e+02 -1.035916449599737277e+00 -4.969871860645502792e+00 -1.179923829163092641e+01
1.340580832420010582e+00 4.111345287994415116e+02 -1.032126946889480479e+00 -5.430755200694250995e+00 -8.746394932828623681e+00
1.343750605017738131e+00 4.039223312416150975e+02 -1.326973856923451933e+00 -1.005454460845070841e+00 -8.392267781332748200e+00
1.342660556756182011e+00 4.227466348186663936e+02 -1.110155750420933174e+00 -1.165825436076966426e+00 -8.986328107389692121e+00
1.342660556756182011e+00 4.227466348186663936e+02 -1.110155750420933174e+00 -1.165825436076966426e+00 -8.986328107389692121e+00
1.342482059142595441e+00 4.449252223133742632e+02 -1.035083909564335158e+00 -1.015419756259491990e+00 -7.663760061367805854e+00
1.342482059142595441e+00 4.449252223133742632e+02 -1.035083909564335158e+00 -1.015419756259491990e+00 -7.663760061367805854e+00
1.342437595768528391e+00 4.529096530733189638e+02 -1.057736264915016378e+00 -1.061691524081185278e+00 -7.333135302025181268e+00
1.340738671965152840e+00 4.032723666211672935e+02 -1.043456657386059305e+00 -4.191829665212734923e+00 -8.278321399874602804e+00
1.343214807827424861e+00 4.032691318618064429e+02 -1.064969504094905872e+00 -1.093456743053115687e+00 -4.532545061913579865e+00
1.341144182436490695e+00 4.081415485866180575e+02 -1.003977961195687385e+00 -7.155621947011309381e+00 -1.103941779052513184e+01
1.341144182436490695e+00 4.081415485866180575e+02 -1.003977961195687385e+00 -7.155621947011309381e+00 -1.103941779052513184e+01
1.342326019818709248e+00 4.339709703008903148e+02 -1.046684398146441097e+00 -1.190266349063545448e+00 -9.294191644561543342e+00
1.343373441519880807e+00 4.195845254236631376e+02 -1.111744394620941989e+00 -1.098557474847524418e+00 -7.304790940882869066e+00
1.343373441519880807e+00 4.195845254236631376e+02 -1.111744394620941989e+00 -1.098557474847524418e+00 -7.304790940882869066e+00
1.342832053238915968e+00 4.324249165344076573e+02 -1.033992530085249939e+00 -1.185875090166266688e+00 -8.693523602632168945e+00
1.342382492538461758e+00 4.497317572707886484e+02 -1.018016846484131932e+00 -1.123246289184963942e+00 -7.646618058555631592e+00
1.342382492538461758e+00 4.497317572707886484e+02 -1.018016846484131932e+00 -1.123246289184963942e+00 -7.646618058555631592e+00
1.343012679549419719e+00 4.423535377438216187e+02 -1.125429841808593068e+00 -1.062025705172565893e+00 -1.196357908311554041e+01
1.342805948572081132e+00 4.092901300164905365e+02 -1.338340311189305964e+00 -1.026331764244421407e+00 -6.334309737766664838e+00
1.340432870855043479e+00 4.086863617423497885e+02 -1.012443150173986339e+00 -5.540585180875085669e+00 -8.334007593751445953e+00
1.340196227130001416e+00 4.079114358178485418e+02 -1.004675159854361510e+00 -4.076771617265368519e+00 -1.061754897135384823e+01
1.340196227130001416e+00 4.079114358178485418e+02 -1.004675159854361510e+00 -4.076771617265368519e+00 -1.061754897135384823e+01
1.340608959067837835e+00 4.145575732245275162e+02 -1.019917923207641408e+00 -6.068634080590713076e+00 -1.178105993315460687e+01
1.340683969137382192e+00 4.077423039248175769e+02 -1.029044824606222264e+00 -3.953819994589217401e+00 -8.808419873813438272e+00
1.340808381798162197e+00 4.147753029179689861e+02 -1.032240512459383197e+00 -5.066198347169731164e+00 -1.041792247373078872e+01
1.340808381798162197e+00 4.147753029179689861e+02 -1.032240512459383197e+00 -5.066198347169731164e+00 -1.041792247373078872e+01
1.340377975169306790e+00 4.045455137918854120e+02 -1.034661006745482226e+00 -3.807014139330613389e+00 -1.160565473335294229e+01
1.340244050219485894e+00 4.192298089898824287e+02 -1.004272882764960073e+00 -4.246398918420498880e+00 -9.896458198095743342e+00
1.341023777056875588e+00 4.050110269848447615e+02 -1.022744136200632425e+00 -4.887404687661330627e+00 -7.698625569415492365e+00
1.342881940963185583e+00 4.228411803513766358e+02 -1.298330547060615459e+00 -1.030793977010070250e+00 -7.978334269581850435e+00
1.342441840548716181e+00 4.248837887345221702e+02 -1.208973113668317723e+00 -1.073555245650307910e+00 -8.053821265190050482e+00
1.342441840548716181e+00 4.248837887345221702e+02 -1.208973113668317723e+00 -1.073555245650307910e+00 -8.053821265190050482e+00
1.340510907768492466e+00 4.222376435471551304e+02 -1.008029286618109310e+00 -5.663651268558915319e+00 -1.109093143932974002e+01
1.344541969009385829e+00 4.014071083913941038e+02 -1.008981238168116690e+00 -1.032437640040017257e+00 -5.195989931075915891e+00
1.342809721897237241e+00 4.109226230157526061e+02 -1.048799010174075619e+00 -1.012324478620422852e+00 -5.413997751196051311e+00
1.341013312266398749e+00 4.018949156045311497e+02 -1.006035920677120998e+00 -9.402920017904126126e+00 -1.148469005269561016e+01
1.342485005630366102e+00 4.323312960090506749e+02 -1.001042539964780431e+00 -1.120265070687977982e+00 -6.046515243836964260e+00
1.342564629404544574e+00 4.486417617488912128e+02 -1.184217161260313844e+00 -1.004932688591017254e+00 -1.165908573259549819e+01
1.341359730377165160e+00 4.146196052438448874e+02 -1.003194984415133106e+00 -4.816142859546355126e+00 -1.070933884017793503e+01
1.342351336646687487e+00 4.395337217091948787e+02 -1.064460481731243746e+00 -1.069730116795815533e+00 -8.968765707748403315e+00
1.342858529674058943e+00 4.015425258717821180e+02 -1.234132875880504798e+00 -1.136702610369180633e+00 -1.064897825968486700e+01
1.342471907661798580e+00 4.658088826266516094e+02 -1.029857070567642197e+00 -1.042226537787740881e+00 -9.416937515153350091e+00
1.340573188706116747e+00 4.087266861226499941e+02 -1.036022056243357525e+00 -5.854103851121140956e+00 -1.061084591404366684e+01
1.341092999466622082e+00 4.076474415346144724e+02 -1.009790538553035688e+00 -4.258409673219463620e+00 -7.749305159039710844e+00
1.341092999466622082e+00 4.076474415346144724e+02 -1.009790538553035688e+00 -4.258409673219463620e+00 -7.749305159039710844e+00
1.341441283190424327e+00 4.042696924086255876e+02 -1.023552143294864436e+00 -4.715683584752141222e+00 -1.001114230176858655e+01
1.341441283190424327e+00 4.042696924086255876e+02 -1.023552143294864436e+00 -4.715683584752141222e+00 -1.001114230176858655e+01
1.342991208542837045e+00 4.194423685487505509e+02 -1.067142850374365182e+00 -1.170678317720470929e+00 -7.223120836513948539e+00
1.343926627186038170e+00 4.110820507028693100e+02 -1.141952975362830358e+00 -1.034470583897116214e+00 -6.730440892411325038e+00
1.342826105843975215e+00 4.236374934130102474e+02 -1.077637276913945286e+00 -1.040581682995933122e+00 -5.174355796225986737e+00
1.342551356089722647e+00 4.116643363138506402e+02 -1.315323673327501552e+00 -1.062246234367899334e+00 -9.108512064616924420e+00
1.340581522537602988e+00 4.022375760570596412e+02 -1.019307764634010738e+00 -3.449591824639966831e+00 -9.899487414400095275e+00
1.340581522537602988e+00 4.022375760570596412e+02 -1.019307764634010738e+00 -3.449591824639966831e+00 -9.899487414400095275e+00
1.342285805153047962e+00 4.228118304756685575e+02 -1.078424945932507484e+00 -1.143413411889257603e+00 -7.447755215631245207e+00
1.342488175129456618e+00 4.623159742881047691e+02 -1.018231925016578998e+00 -1.011541449265994430e+00 -7.950064187701280538e+00
1.344461548223264691e+00 4.101327466707915050e+02 -1.036873417731239755e+00 -1.003641913338199743e+00 -5.432752837059950046e+00
1.343619948451288293e+00 4.172081734247685176e+02 -1.139361384684372425e+00 -1.065006380665078467e+00 -1.033674597326270472e+01
1.341224021149389323e+00 4.143507393190557195e+02 -1.009573319308637807e+00 -5.411721217328947731e+00 -1.115562364930973338e+01
1.341077534249214720e+00 4.081216971812201564e+02 -1.019652760600591179e+00 -5.560782849846550135e+00 -8.460644856310331363e+00
1.340571125239975458e+00 4.165308261271772494e+02 -1.010007411694095580e+00 -3.879811908965351108e+00 -1.091174817809938702e+01
1.340571125239975458e+00 4.165308261271772494e+02 -1.010007411694095580e+00 -3.879811908965351108e+00 -1.091174817809938702e+01
1.342209153413213896e+00 4.077609476717308326e+02 -1.000147494043160279e+00 -1.195584533527245696e+00 -9.185252276332661836e+00
1.341030184523006374e+00 4.189700709606543114e+02 -1.002886162396354308e+00 -4.362993652451859106e+00 -9.532368172314889421e+00
1.340760510917158754e+00 4.017449513731986599e+02 -1.064502545364053532e+00 -5.368337624667174346e+00 -1.046800613021316906e+01
1.342469099509165265e+00 4.349660237665793829e+02 -1.108705730504160769e+00 -1.011877582339224091e+00 -1.119303162140686148e+01
1.342271240721575110e+00 4.234176553728962062e+02 -1.027471445910538961e+00 -1.131876138926983799e+00 -8.171163108251597862e+00
1.342271240721575110e+00 4.234176553728962062e+02 -1.027471445910538961e+00 -1.131876138926983799e+00 -8.171163108251597862e+00
1.341063717207316985e+00 4.115743904064659660e+02 -1.004945210705798786e+00 -4.426896660778830928e+00 -7.826651439956973988e+00
1.343451897349151380e+00 4.271795908663902992e+02 -1.166025438396189884e+00 -1.000241682407018828e+00 -5.752361970415924119e+00
1.343451897349151380e+00 4.271795908663902992e+02 -1.166025438396189884e+00 -1.000241682407018828e+00 -5.752361970415924119e+00
1.342626956399511018e+00 4.374805241494342454e+02 -1.180673219312847522e+00 -1.047563937424893510e+00 -9.685147472410751135e+00
1.342462956986560485e+00 4.186133868067680623e+02 -1.178388762401576528e+00 -1.030298712296698227e+00 -8.027717218739127247e+00
1.342462956986560485e+00 4.186133868067680623e+02 -1.178388762401576528e+00 -1.030298712296698227e+00 -8.027717218739127247e+00
1.342660778031491198e+00 4.184177941051005405e+02 -1.233077928794902078e+00 -1.033366470518503277e+00 -6.417298989090805428e+00
1.342743789459077686e+00 4.159187466648485838e+02 -1.302256058598830535e+00 -1.049078117820020140e+00 -1.164344235870264122e+01
1.340222886178508599e+00 4.141810453710048137e+02 -1.021474796665897244e+00 -4.530863277139290268e+00 -1.193030242985348011e+01
1.342152339737670674e+00 4.108725210012487992e+02 -1.023482423735439184e+00 -1.202702803697427214e+00 -1.068659936960330015e+01
1.340883464956786675e+00 4.156509203619128243e+02 -1.008502828296585108e+00 -5.236778286325733056e+00 -8.422100996692487129e+00
1.340344177032677386e+00 4.163403097889918172e+02 -1.016402859908554390e+00 -4.249277523597233319e+00 -1.111138197031338848e+01
1.342937279496025260e+00 4.045606536690415282e+02 -1.134274196502706999e+00 -1.083454863818657188e+00 -5.088709551336350501e+00
1.341161808992330062e+00 4.080545712217042933e+02 -1.006527169697433166e+00 -6.561934433285282253e+00 -9.538153906603472620e+00
1.342471785362082226e+00 4.160407430225084795e+02 -1.001660833993666344e+00 -1.247265104032036831e+00 -6.363722690320664732e+00
1.342673198993904471e+00 4.390195256963186239e+02 -1.000974864201172210e+00 -1.201606476729805806e+00 -1.001914662890356134e+01
1.342291316972904269e+00 4.362146772794839649e+02 -1.027712363531000150e+00 -1.134496394246003348e+00 -9.860109795426962975e+00
1.340224548114556935e+00 4.048518435621963363e+02 -1.010549265287572496e+00 -4.158809656530436882e+00 -9.401890018432736085e+00
1.340531272920269856e+00 4.162581675213494918e+02 -1.018496982164590392e+00 -4.475519256516978572e+00 -8.988113036949208379e+00
1.340531272920269856e+00 4.162581675213494918e+02 -1.018496982164590392e+00 -4.475519256516978572e+00 -8.988113036949208379e+00
1.340773347342552935e+00 4.000925693846280637e+02 -1.046469099808843950e+00 -4.357377964369309353e+00 -8.097479587364794895e+00
1.340773347342552935e+00 4.000925693846280637e+02 -1.046469099808843950e+00 -4.357377964369309353e+00 -8.097479587364794895e+00
1.340547023475594512e+00 4.228944622941014586e+02 -1.000149453634646690e+00 -4.053939082576454744e+00 -9.753759271113249696e+00
1.343491422829545368e+00 4.038427527036598121e+02 -1.189760588729052770e+00 -1.092587309174627208e+00 -1.027066034018052321e+01
1.340239012347756553e+00 4.133350452650083753e+02 -1.017499609232553226e+00 -5.088604304961547697e+00 -1.101592337378670017e+01
1.342900090062794316e+00 4.259241183892494291e+02 -1.123841452826473741e+00 -1.114270332995236146e+00 -9.264114810321716575e+00
1.342892945649837744e+00 4.492328822614776982e+02 -1.018321451220487006e+00 -1.098059237172018143e+00 -6.730533667341159543e+00
1.342892945649837744e+00 4.492328822614776982e+02 -1.018321451220487006e+00 -1.098059237172018143e+00 -6.730533667341159543e+00
1.340716597225137585e+00 4.207023062083590617e+02 -1.012556741472026900e+00 -4.418514735358164636e+00 -1.059329141243921590e+01
1.340716597225137585e+00 4.207023062083590617e+02 -1.012556741472026900e+00 -4.418514735358164636e+00 -1.059329141243921590e+01
1.341206611553141803e+00 4.089581331575413969e+02 -1.000741474771380979e+00 -6.827888578356728466e+00 -1.162509497890378896e+01
1.343229952353434120e+00 4.320843991269435378e+02 -1.077285017241775833e+00 -1.103389798483490836e+00 -1.037326832271732435e+01
1.343229952353434120e+00 4.320843991269435378e+02 -1.077285017241775833e+00 -1.103389798483490836e+00 -1.037326832271732435e+01
1.342335612513686938e+00 4.022476159820072894e+02 -1.252570082569455678e+00 -1.106809462396281418e+00 -1.014897246044179013e+01
1.342602467821818024e+00 4.004122215979742805e+02 -1.017657307867441574e+00 -1.133586576948339086e+00 -5.480806188744399066e+00
1.344419688088475784e+00 4.111544074871420094e+02 -1.022412660357016279e+00 -1.035694286568897837e+00 -6.434101673232180296e+00
1.344419688088475784e+00 4.111544074871420094e+02 -1.022412660357016279e+00 -1.035694286568897837e+00 -6.434101673232180296e+00
1.342554004499957987e+00 4.074147927910682938e+02 -1.324798459147976004e+00 -1.025021349155522898e+00 -7.494276129088502714e+00
1.343356700451846519e+00 4.135724400592308712e+02 -1.007120855699351836e+00 -1.224883746489572545e+00 -9.906714417083749780e+00
1.343356700451846519e+00 4.135724400592308712e+02 -1.007120855699351836e+00 -1.224883746489572545e+00 -9.906714417083749780e+00
1.340388650931811920e+00 4.158433769215603206e+02 -1.007158855725718283e+00 -5.565490145030699942e+00 -1.028265816602223026e+01
1.342828586050698769e+00 4.198124226197211328e+02 -1.301900201262661483e+00 -1.020625352000383401e+00 -7.188694990461103274e+00
1.340541812295556801e+00 4.072170385596911046e+02 -1.036301146305952159e+00 -5.380334930664087523e+00 -8.998145906338415045e+00
1.341141242323791616e+00 4.143538251676251889e+02 -1.008591836887324789e+00 -5.173016512427114577e+00 -9.010578918503897583e+00
1.340849451976855011e+00 4.057937302453542543e+02 -1.035511415675259173e+00 -5.997487280666264020e+00 -1.139568110400790601e+01
1.340773948875055410e+00 4.063552019558917436e+02 -1.014275212338477061e+00 -3.542876608821305950e+00 -1.064031929564457002e+01
1.342752206410815718e+00 4.278958700868952292e+02 -1.079482673517917490e+00 -1.145734961047786271e+00 -7.795040060010853367e+00
1.342780792219985475e+00 4.101756911321822940e+02 -1.282823216135330568e+00 -1.005751628556668109e+00 -5.885455111055724942e+00
1.342443187381890946e+00 4.277904402433511564e+02 -1.080372601029544910e+00 -1.050999232198197575e+00 -1.087478431616801444e+01
1.342443187381890946e+00 4.277904402433511564e+02 -1.080372601029544910e+00 -1.050999232198197575e+00 -1.087478431616801444e+01
1.340663671650989430e+00 4.138345747337954776e+02 -1.028557153069996843e+00 -5.324444435517787788e+00 -9.607485946181567371e+00
1.340663671650989430e+00 4.138345747337954776e+02 -1.028557153069996843e+00 -5.324444435517787788e+00 -9.607485946181567371e+00
1.341217056215346926e+00 4.152731966188283081e+02 -1.004485309006767579e+00 -5.220669764934863899e+00 -1.090516943066911182e+01
1.342478648357092297e+00 4.210921406785984118e+02 -1.220696340896775922e+00 -1.067044595824206965e+00 -1.012825918928029978e+01
1.343015936882906880e+00 4.058029050565039597e+02 -1.236429619402747093e+00 -1.097667253978025670e+00 -8.646190142339232665e+00
1.343015936882906880e+00 4.058029050565039597e+02 -1.236429619402747093e+00 -1.097667253978025670e+00 -8.646190142339232665e+00
1.340979236653073059e+00 4.124723887610296629e+02 -1.019074513998162956e+00 -5.782413839233636388e+00 -1.160395724276481211e+01
1.340979236653073059e+00 4.124723887610296629e+02 -1.019074513998162956e+00 -5.782413839233636388e+00 -1.160395724276481211e+01
1.340424278661938917e+00 4.108470742330462144e+02 -1.020611779969776478e+00 -5.259824651774722248e+00 -8.866010923830415891e+00
1.343714851475440453e+00 4.073375016711347598e+02 -1.001331421867023508e+00 -1.170717084182152590e+00 -6.482244620595258411e+00
1.343714851475440453e+00 4.073375016711347598e+02 -1.001331421867023508e+00 -1.170717084182152590e+00 -6.482244620595258411e+00
1.340892448353383948e+00 4.028320052321654430e+02 -1.025915321905458200e+00 -5.853144978239872565e+00 -8.102606943777526993e+00
1.340981190531014056e+00 4.132409746127627841e+02 -1.012406658775335089e+00 -5.417906759949060458e+00 -8.678381208702356631e+00
1.342531357191055763e+00 4.430517345000528167e+02 -1.132268495890157212e+00 -1.050932363853931406e+00 -9.439277450384887302e+00
1.342831788262127013e+00 4.363181871881131428e+02 -1.044095321361830031e+00 -1.145900721561048385e+00 -9.414942280579419176e+00
1.343191521949991030e+00 4.345784669315623319e+02 -1.005203307648010025e+00 -1.092571272483311873e+00 -5.517723973214724964e+00
1.340855596309080910e+00 4.006021108021505484e+02 -1.007807806315383914e+00 -6.329230624485274070e+00 -7.796251679170640436e+00
1.342663080171690559e+00 4.488154187185442652e+02 -1.015918374552194692e+00 -1.029817749751773093e+00 -6.257420856050837976e+00
1.342663080171690559e+00 4.488154187185442652e+02 -1.015918374552194692e+00 -1.029817749751773093e+00 -6.257420856050837976e+00
1.342563627993752950e+00 4.026122523470793908e+02 -1.207103403149101695e+00 -1.102738090376734093e+00 -6.422581174789120162e+00
1.342563627993752950e+00 4.026122523470793908e+02 -1.207103403149101695e+00 -1.102738090376734093e+00 -6.422581174789120162e+00
1.342664823062079682e+00 4.253774964449465870e+02 -1.226559187418505559e+00 -1.049241894651601115e+00 -1.137977878320810632e+01
1.343076620972025070e+00 4.350709589351274076e+02 -1.190653329357585832e+00 -1.013682866809551442e+00 -7.106961625692622242e+00
1.342210203148945791e+00 4.157701433347682496e+02 -1.029553077690078311e+00 -1.205469044746948271e+00 -9.165366312997299758e+00
1.340960274498601557e+00 4.065677005172928489e+02 -1.014964523596075807e+00 -6.608563286977751083e+00 -1.097788370771659849e+01
1.340960274498601557e+00 4.065677005172928489e+02 -1.014964523596075807e+00 -6.608563286977751083e+00 -1.097788370771659849e+01
1.340464643829884173e+00 4.034009430340433937e+02 -1.057178850681388838e+00 -4.424558154648433828e+00 -1.155048230559450317e+01
1.341024832275446332e+00 4.052909120970035133e+02 -1.005315946617638900e+00 -5.979308439426125332e+00 -7.871755998740773030e+00
1.341024832275446332e+00 4.052909120970035133e+02 -1.005315946617638900e+00 -5.979308439426125332e+00 -7.871755998740773030e+00
1.341206846039254552e+00 4.041321460327565092e+02 -1.002090274823649096e+00 -6.336877109208517211e+00 -8.015577927329749386e+00
1.340390446059345431e+00 4.037713329933712316e+02 -1.027844168324978824e+00 -4.692806789855717753e+00 -8.302573327924566371e+00
1.340390446059345431e+00 4.037713329933712316e+02 -1.027844168324978824e+00 -4.692806789855717753e+00 -8.302573327924566371e+00
1.341136096491022167e+00 4.133798702400481488e+02 -1.011542188502325246e+00 -5.437035208517400520e+00 -1.011822816069729569e+01
1.341136096491022167e+00 4.133798702400481488e+02 -1.011542188502325246e+00 -5.437035208517400520e+00 -1.011822816069729569e+01
1.340789052192116859e+00 4.052640049947041234e+02 -1.046243591268472883e+00 -4.423122726266764282e+00 -1.105249432440920820e+01
1.340962597915404508e+00 4.040931377870551273e+02 -1.046508863449751914e+00 -5.439873218728592974e+00 -1.110501929889416495e+01
1.343104563622444125e+00 4.090518402835575671e+02 -1.347033626399506190e+00 -1.028054749189703188e+00 -8.691331955090618067e+00
1.343104563622444125e+00 4.090518402835575671e+02 -1.347033626399506190e+00 -1.028054749189703188e+00 -8.691331955090618067e+00
1.340347993647406755e+00 4.123905983385205332e+02 -1.013361203043093184e+00 -5.440827307205269747e+00 -1.055362336227981324e+01
1.340347993647406755e+00 4.123905983385205332e+02 -1.013361203043093184e+00 -5.440827307205269747e+00 -1.055362336227981324e+01
1.340591071812376578e+00 4.029051154059190480e+02 -1.013695328063295875e+00 -6.434997422176868653e+00 -9.801868805311407584e+00
1.340591071812376578e+00 4.029051154059190480e+02 -1.013695328063295875e+00 -6.434997422176868653e+00 -9.801868805311407584e+00
1.343100517365675151e+00 4.309765032424006108e+02 -1.077157731383474371e+00 -1.105087508289660292e+00 -7.476872134953653770e+00
1.343100517365675151e+00 4.309765032424006108e+02 -1.077157731383474371e+00 -1.105087508289660292e+00 -7.476872134953653770e+00
1.340684274532968567e+00 4.034451249599388234e+02 -1.030997817305310704e+00 -5.911650613824513734e+00 -8.782356082989940305e+00
1.340867352291660319e+00 4.050227759327871127e+02 -1.022547137916639315e+00 -6.087713563816151918e+00 -8.966772867142450920e+00
1.342558210928145979e+00 4.531262571070260492e+02 -1.006667704025545618e+00 -1.083716112994174807e+00 -6.965643881144923277e+00
1.342558210928145979e+00 4.531262571070260492e+02 -1.006667704025545618e+00 -1.083716112994174807e+00 -6.965643881144923277e+00
1.340595263891829703e+00 4.231398962100174117e+02 -1.006775185855479648e+00 -5.199786040179421143e+00 -1.179703839162250922e+01
1.340429035938333291e+00 4.097307903014034309e+02 -1.004817158072398797e+00 -5.869766642639580034e+00 -1.107106371615126150e+01
1.340888396325782939e+00 4.040421515016087142e+02 -1.000168372012451456e+00 -6.900337854245934821e+00 -8.540300085995555790e+00
1.342709692699885160e+00 4.398572361034462119e+02 -1.115994858847013660e+00 -1.075149238986089273e+00 -1.194549946353839154e+01
1.344117624913126363e+00 4.161816758675963115e+02 -1.000221639184427858e+00 -1.088071201596156001e+00 -7.472270456051486320e+00
1.341098197498464817e+00 4.023213135981936830e+02 -1.023005950955511167e+00 -5.016573105129503496e+00 -7.735256502950052848e+00
1.342500839326437267e+00 4.012153816896466765e+02 -1.124568894585134871e+00 -1.061563473179633732e+00 -9.021902793934772902e+00
1.340820017477015735e+00 4.038561638470172852e+02 -1.048580322944099308e+00 -4.319523637186959419e+00 -1.034009717002971129e+01
1.343507893825120814e+00 4.321387501666233106e+02 -1.037530933418489454e+00 -1.097737078736717109e+00 -1.065518267825578036e+01
1.342475042703894061e+00 4.114958074576191507e+02 -1.195965715294116549e+00 -1.088825529065450937e+00 -7.481583921833365736e+00
1.342475042703894061e+00 4.114958074576191507e+02 -1.195965715294116549e+00 -1.088825529065450937e+00 -7.481583921833365736e+00
1.341132232063755758e+00 4.063322477157785215e+02 -1.027836773640018464e+00 -5.533588101689261407e+00 -1.134277953498649083e+01
1.341132232063755758e+00 4.063322477157785215e+02 -1.027836773640018464e+00 -5.533588101689261407e+00 -1.134277953498649083e+01
1.343213422351109632e+00 4.600621594536917200e+02 -1.092110307752253817e+00 -1.002134449088705637e+00 -1.116659204086457535e+01
1.341085268078745507e+00 4.006926197922929873e+02 -1.033063706932882297e+00 -6.225872323761532101e+00 -9.898150546690620999e+00
1.342701357588735878e+00 4.149053976677584501e+02 -1.272129603195407910e+00 -1.015625202013410444e+00 -6.540297987145079261e+00
1.343404280672235496e+00 4.101230251756105645e+02 -1.096519317323124909e+00 -1.136220148277391928e+00 -9.754352116309663145e+00
1.343404280672235496e+00 4.101230251756105645e+02 -1.096519317323124909e+00 -1.136220148277391928e+00 -9.754352116309663145e+00
1.341097468161925654e+00 4.039856978767425630e+02 -1.019382979499047437e+00 -3.761529155618553943e+00 -9.552656238273504741e+00
1.341097468161925654e+00 4.039856978767425630e+02 -1.019382979499047437e+00 -3.761529155618553943e+00 -9.552656238273504741e+00
1.340227308874912593e+00 4.046208149754171473e+02 -1.004628636784707041e+00 -4.752696389969967683e+00 -1.167998553541167439e+01
1.340227308874912593e+00 4.046208149754171473e+02 -1.004628636784707041e+00 -4.752696389969967683e+00 -1.167998553541167439e+01
1.342372893622476138e+00 4.292410832436740407e+02 -1.054516970957172006e+00 -1.152454600302926124e+00 -9.214138402287501250e+00
1.342958196719022723e+00 4.242348274034113160e+02 -1.267016882457742355e+00 -1.024830710774443432e+00 -8.218828111559437488e+00
1.342705789349728951e+00 4.354884745329857765e+02 -1.024339984801152070e+00 -1.145455200439490895e+00 -7.101574304325438014e+00
1.343627884010531348e+00 4.267434076135803593e+02 -1.161661976196867840e+00 -1.014862717409963366e+00 -9.199536127755179038e+00
1.340397029970421983e+00 4.139778023248916838e+02 -1.002956642784440078e+00 -5.598818856327682170e+00 -1.013029681686177241e+01
1.340434985317737082e+00 4.092132408824736558e+02 -1.009663666929618842e+00 -5.500011694052929556e+00 -9.075799558210874807e+00
1.343571558554447209e+00 4.032252667809709124e+02 -1.070905211270575919e+00 -1.162673810349831527e+00 -9.762525128762060689e+00
1.342802392944127510e+00 4.187642099173867791e+02 -1.339477464791114514e+00 -1.007687391078691874e+00 -9.992196351413161537e+00
1.342717865320282256e+00 4.192505922880220623e+02 -1.067449654021828565e+00 -1.182337892643362309e+00 -7.600198098123294166e+00
1.342717865320282256e+00 4.192505922880220623e+02 -1.067449654021828565e+00 -1.182337892643362309e+00 -7.600198098123294166e+00
1.342567147244553949e+00 4.043901793173553756e+02 -1.099675808362045260e+00 -1.218376699898977122e+00 -7.221832921624337764e+00
1.342567147244553949e+00 4.043901793173553756e+02 -1.099675808362045260e+00 -1.218376699898977122e+00 -7.221832921624337764e+00
1.343454108838598948e+00 4.200752365369511381e+02 -1.102744558954810827e+00 -1.091002183253669600e+00 -1.040734641713106612e+01
1.340248043321454086e+00 4.021005642730441423e+02 -1.011662966704486522e+00 -4.863759229029898101e+00 -1.185288110024209196e+01
1.343445036512194379e+00 4.115497026661722657e+02 -1.128819182437551305e+00 -1.102615753234713836e+00 -1.175407910679436618e+01
1.340655036237817788e+00 4.195289151523758164e+02 -1.013997638098130594e+00 -4.903549648023594720e+00 -1.174653158572142253e+01
1.344059854000037468e+00 4.132325132685598419e+02 -1.009202291425959075e+00 -1.106858089309575632e+00 -1.064031098063657588e+01
1.340903632902393339e+00 4.004135875535894797e+02 -1.053474590635833152e+00 -4.595694029766303146e+00 -9.406759766764702491e+00
1.340811350117039780e+00 4.137592015531199081e+02 -1.018636790669503966e+00 -4.886012508330730419e+00 -8.866895449287152786e+00
1.344456563548535488e+00 4.019704633272509682e+02 -1.056451697603124629e+00 -1.043777892645893601e+00 -9.211545437591684760e+00
1.342708458126821824e+00 4.255432598847753525e+02 -1.068247957497352019e+00 -1.082575253745712729e+00 -6.130879458543805782e+00
1.340514949850260207e+00 4.136448369462511891e+02 -1.022253415465737447e+00 -4.216013132030703048e+00 -1.128014515461310197e+01
1.340514949850260207e+00 4.136448369462511891e+02 -1.022253415465737447e+00 -4.216013132030703048e+00 -1.128014515461310197e+01
1.343355476778172131e+00 4.562555288961956421e+02 -1.047397359346756929e+00 -1.003832293809967524e+00 -6.539629620390152276e+00
1.340653867264284038e+00 4.111351694626518452e+02 -1.021747671129125123e+00 -4.013004095339552713e+00 -1.166720695133014374e+01
1.343235680607751448e+00 4.147989638677801736e+02 -1.057974556693887180e+00 -1.172026614768521213e+00 -8.699912697855923582e+00
1.340388083038469125e+00 4.014669476376985244e+02 -1.031793550543035565e+00 -4.801242056744124298e+00 -8.625187070606195050e+00
1.340648435380475512e+00 4.087351867089997199e+02 -1.008231005205468378e+00 -5.292513761507724901e+00 -7.988350992513587379e+00
1.343154364985581717e+00 4.378069221350081079e+02 -1.190383692593272258e+00 -1.008762746132077837e+00 -1.126590429733596643e+01
1.343154364985581717e+00 4.378069221350081079e+02 -1.190383692593272258e+00 -1.008762746132077837e+00 -1.126590429733596643e+01
1.340268370898220152e+00 4.107233753292367169e+02 -1.001256247243356157e+00 -4.278664569374454274e+00 -1.040906821183028441e+01
1.340283581286923376e+00 4.011661750035634100e+02 -1.027282074603970585e+00 -4.317491520420070117e+00 -1.021201800177354357e+01
1.340283581286923376e+00 4.011661750035634100e+02 -1.027282074603970585e+00 -4.317491520420070117e+00 -1.021201800177354357e+01
1.340316289173177688e+00 4.019860345805385009e+02 -1.035427760854901180e+00 -5.144617728508645627e+00 -1.115340062540806976e+01
1.343272957106382615e+00 4.004759764503151587e+02 -1.005291751270382505e+00 -1.290206359227676458e+00 -1.080510494066994731e+01
1.343092836354755626e+00 4.061920723218622129e+02 -1.025250098301992097e+00 -1.258092149052401965e+00 -9.672715520341544249e+00
1.340787957331901925e+00 4.002578735553024671e+02 -1.059983157818287225e+00 -4.594207613729553330e+00 -1.045891290494089709e+01
1.343584077053220582e+00 4.040413048394914313e+02 -1.227553449015225340e+00 -1.052708622387013904e+00 -9.459797602292697505e+00
1.340989916318523489e+00 4.073308118456199054e+02 -1.018737135302675512e+00 -3.991838863851596031e+00 -9.548548812251489437e+00
1.342679272854359951e+00 4.251154875680442728e+02 -1.072526605395525579e+00 -1.051974164733360695e+00 -6.266272648105878140e+00
1.342858189608070685e+00 4.503623842596862232e+02 -1.034245654136736192e+00 -1.062718819725171571e+00 -6.711813835618095858e+00
1.342865664088434219e+00 4.071698334354197186e+02 -1.113186365988365623e+00 -1.183879906472657950e+00 -1.157333606343070720e+01
1.342865664088434219e+00 4.071698334354197186e+02 -1.113186365988365623e+00 -1.183879906472657950e+00 -1.157333606343070720e+01
1.342785588050094958e+00 4.324028946187825682e+02 -1.039511215547117118e+00 -1.152936794613349747e+00 -7.728464150163453894e+00
1.342639565861021733e+00 4.322286960279359391e+02 -1.117777165495013492e+00 -1.094126861490106961e+00 -9.980400471145863150e+00
1.340526521116376157e+00 4.208602826183218326e+02 -1.000483095569457248e+00 -5.418692671998282862e+00 -1.093956235131659049e+01
1.340982463218844511e+00 4.044864694077345462e+02 -1.022684274441347796e+00 -6.346858668555780625e+00 -1.088337778336761730e+01
1.340982463218844511e+00 4.044864694077345462e+02 -1.022684274441347796e+00 -6.346858668555780625e+00 -1.088337778336761730e+01
1.343008269704282887e+00 4.120218597573743295e+02 -1.084938877575398308e+00 -1.179935777481915693e+00 -9.624159609672014781e+00
1.343008269704282887e+00 4.120218597573743295e+02 -1.084938877575398308e+00 -1.179935777481915693e+00 -9.624159609672014781e+00
1.343039784491415034e+00 4.398089796207663085e+02 -1.053676182062194044e+00 -1.100264016395174238e+00 -1.041273387427724906e+01
1.340948740976026787e+00 4.093652430850897872e+02 -1.010440912497875487e+00 -6.218515230376921998e+00 -1.032390754068941519e+01
1.340704446608557809e+00 4.084632493608417576e+02 -1.006906538424537700e+00 -4.404676294415985183e+00 -7.776588943674593857e+00
1.342618170753426599e+00 4.004290617451114258e+02 -1.196815124264613672e+00 -1.120809118019460371e+00 -6.814474038323348637e+00
1.340834792603034398e+00 4.173423908807896510e+02 -1.003825909569064478e+00 -5.655244913140745844e+00 -1.089514632918069381e+01
1.342789933756024734e+00 4.479401551464216595e+02 -1.122359701543372168e+00 -1.027894005712344239e+00 -1.159850593636074834e+01
1.342860421614515687e+00 4.176192988753170425e+02 -1.007648087843616480e+00 -1.104618231737314105e+00 -5.335039786917311844e+00
1.342860421614515687e+00 4.176192988753170425e+02 -1.007648087843616480e+00 -1.104618231737314105e+00 -5.335039786917311844e+00
1.340354734081266042e+00 4.086157426412236191e+02 -1.001047042311290269e+00 -3.992325428612364391e+00 -9.959921818326227694e+00
1.341134190287081474e+00 4.043446031078617011e+02 -1.033012054104437638e+00 -5.469120517168017948e+00 -1.196347663071988521e+01
1.341134190287081474e+00 4.043446031078617011e+02 -1.033012054104437638e+00 -5.469120517168017948e+00 -1.196347663071988521e+01
1.340332985130582966e+00 4.024758661293317914e+02 -1.033318497061026520e+00 -4.976645341881797968e+00 -9.908957346545239631e+00
1.342980758741563418e+00 4.010742405715369614e+02 -1.385797839722355818e+00 -1.029242251841136380e+00 -7.578009309564602169e+00
1.342980758741563418e+00 4.010742405715369614e+02 -1.385797839722355818e+00 -1.029242251841136380e+00 -7.578009309564602169e+00
1.340881643199447026e+00 4.051573386696884995e+02 -1.019764501497085973e+00 -3.801497842396315718e+00 -9.965594880720603399e+00
1.340881643199447026e+00 4.051573386696884995e+02 -1.019764501497085973e+00 -3.801497842396315718e+00 -9.965594880720603399e+00
1.340473354349081214e+00 4.067972337454964986e+02 -1.000196248258292897e+00 -5.578787199802687446e+00 -8.978409577368109851e+00
1.343788523732869278e+00 4.012895218878823584e+02 -1.072983342143725594e+00 -1.120444622415398328e+00 -7.071767664063115078e+00
1.343788523732869278e+00 4.012895218878823584e+02 -1.072983342143725594e+00 -1.120444622415398328e+00 -7.071767664063115078e+00
1.342954088976529681e+00 4.168804340462548907e+02 -1.172791155090143533e+00 -1.015064127242450098e+00 -5.672175617152035443e+00
1.340735266681729154e+00 4.135581328188868611e+02 -1.021172532643728204e+00 -5.293484551782847269e+00 -9.932147685786798519e+00
1.342465247299959197e+00 4.024845623240055943e+02 -1.058786378206590939e+00 -1.296005559050946943e+00 -1.042810990341187782e+01
1.342574028599594627e+00 4.242317148513247389e+02 -1.075507719464637191e+00 -1.166273335661642818e+00 -1.017711211946103056e+01
1.340400258142494749e+00 4.113249113309493623e+02 -1.013227906112105003e+00 -4.306813429310524022e+00 -9.377761305523630853e+00
1.340400258142494749e+00 4.113249113309493623e+02 -1.013227906112105003e+00 -4.306813429310524022e+00 -9.377761305523630853e+00
1.343493136648247432e+00 4.224835809017811812e+02 -1.161595469438626793e+00 -1.039212261290570538e+00 -1.052440979214941308e+01
1.343493136648247432e+00 4.224835809017811812e+02 -1.161595469438626793e+00 -1.039212261290570538e+00 -1.052440979214941308e+01
1.340447216772469696e+00 4.027571611949448993e+02 -1.013383525899460125e+00 -5.376297596720930549e+00 -8.701828097110556826e+00
1.340447216772469696e+00 4.027571611949448993e+02 -1.013383525899460125e+00 -5.376297596720930549e+00 -8.701828097110556826e+00
1.342582352065392115e+00 4.253860305224933427e+02 -1.057936287853530999e+00 -1.074454890516410188e+00 -6.878531599371787486e+00
1.342845270820495873e+00 4.370098498464156478e+02 -1.023681010061094909e+00 -1.070577347757968312e+00 -5.980537629972328517e+00
1.343052002064589523e+00 4.171999757899488941e+02 -1.068319722678186423e+00 -1.143920349481026832e+00 -6.879529263123457028e+00
1.343052002064589523e+00 4.171999757899488941e+02 -1.068319722678186423e+00 -1.143920349481026832e+00 -6.879529263123457028e+00
1.341053809768134819e+00 4.072115466242800608e+02 -1.012405408399995821e+00 -4.536359232069777647e+00 -8.118538784447276058e+00
1.342992078695510516e+00 4.543523136414846135e+02 -1.063907300699794334e+00 -1.039769396874461904e+00 -7.648927627855623967e+00
1.340425978244601746e+00 4.044054813958720160e+02 -1.032865791224626406e+00 -4.398989174399267732e+00 -9.115544879050736071e+00
1.343190774210798022e+00 4.004529950919574048e+02 -1.142538919095464678e+00 -1.153984971206835297e+00 -9.831836602146466930e+00
1.343190774210798022e+00 4.004529950919574048e+02 -1.142538919095464678e+00 -1.153984971206835297e+00 -9.831836602146466930e+00
1.343717894108067412e+00 4.083666272029948345e+02 -1.063028008203053432e+00 -1.121098183483656641e+00 -8.769088144049929312e+00
1.342475711635781277e+00 4.200511246012353581e+02 -1.017985107975469816e+00 -1.101716090272889303e+00 -7.986952309945798412e+00
1.341327664380546070e+00 4.106225900563798064e+02 -1.003208548668125033e+00 -5.375893255747252297e+00 -1.025131167867486859e+01
1.343000904184042499e+00 4.554093388923272983e+02 -1.042741151180893056e+00 -1.049404800900234136e+00 -8.172746345384942046e+00
1.343000904184042499e+00 4.554093388923272983e+02 -1.042741151180893056e+00 -1.049404800900234136e+00 -8.172746345384942046e+00
1.340375252817680662e+00 4.119827920696158117e+02 -1.005208092765624173e+00 -5.359190927519672520e+00 -1.127441806581091654e+01
1.342389377833564046e+00 4.068072810266360193e+02 -1.128192116296391490e+00 -1.129040055642652973e+00 -1.092896199161687854e+01
1.342821527612285903e+00 4.077203036210652840e+02 -1.082399671246220052e+00 -1.005616744724221689e+00 -6.389546770229674877e+00
1.340549403185653965e+00 4.087528411578211944e+02 -1.011122376861548489e+00 -5.595903788613183494e+00 -9.074749612414549915e+00
1.342464236251249332e+00 4.032036346731738377e+02 -1.031934570823935360e+00 -1.236383790385062298e+00 -6.363377166184571720e+00
1.341048889990911208e+00 4.103635789142585963e+02 -1.019034401521649258e+00 -4.441456018862113275e+00 -1.095334097328821699e+01
1.342847104288380500e+00 4.295634769259783070e+02 -1.192720151104774473e+00 -1.041531237428978685e+00 -1.071551527919495150e+01
1.342847104288380500e+00 4.295634769259783070e+02 -1.192720151104774473e+00 -1.041531237428978685e+00 -1.071551527919495150e+01
1.340647664052082799e+00 4.051527586557675704e+02 -1.008308735661682221e+00 -3.835411491562043196e+00 -8.493299238938332607e+00
1.340647664052082799e+00 4.051527586557675704e+02 -1.008308735661682221e+00 -3.835411491562043196e+00 -8.493299238938332607e+00
1.342598143711537517e+00 4.052829417458646617e+02 -1.059653162127290216e+00 -1.228336542099063067e+00 -7.044655696425441427e+00
1.343067722513527906e+00 4.020549523008414781e+02 -1.076492781306928492e+00 -1.204496509004886917e+00 -7.188621296246735071e+00
1.344268743114227060e+00 4.111769603212978836e+02 -1.087015662741910305e+00 -1.008493414741653993e+00 -6.739173789043181095e+00
1.344268743114227060e+00 4.111769603212978836e+02 -1.087015662741910305e+00 -1.008493414741653993e+00 -6.739173789043181095e+00
1.343754626123430551e+00 4.387812203500382680e+02 -1.071516483774500372e+00 -1.014375319798402231e+00 -1.126229891117867510e+01
1.340396105541275862e+00 4.042272122052232817e+02 -1.037597937344649779e+00 -4.345911451588973407e+00 -1.083386668025418942e+01
1.340951760094637457e+00 4.004484231295005543e+02 -1.012174242959316572e+00 -5.045224166057949766e+00 -7.337639135945756230e+00
1.340951760094637457e+00 4.004484231295005543e+02 -1.012174242959316572e+00 -5.045224166057949766e+00 -7.337639135945756230e+00
1.343014965952391560e+00 4.535303929380025352e+02 -1.043109120625327790e+00 -1.000355152305703044e+00 -5.919171909859232805e+00
1.343014965952391560e+00 4.535303929380025352e+02 -1.043109120625327790e+00 -1.000355152305703044e+00 -5.919171909859232805e+00
1.340695650987751453e+00 4.017729417714175497e+02 -1.008479190709319795e+00 -6.464235242791620983e+00 -9.575694264491090735e+00
1.340695650987751453e+00 4.017729417714175497e+02 -1.008479190709319795e+00 -6.464235242791620983e+00 -9.575694264491090735e+00
1.341075391138327522e+00 4.134928211232672197e+02 -1.005162682079520309e+00 -4.202434515414018357e+00 -9.992120595490202817e+00
1.341075391138327522e+00 4.134928211232672197e+02 -1.005162682079520309e+00 -4.202434515414018357e+00 -9.992120595490202817e+00
1.340578981549141568e+00 4.138898858975002213e+02 -1.017182597020612533e+00 -5.409296405178777079e+00 -1.059190799208939104e+01
1.343270106579258716e+00 4.361070878253565866e+02 -1.106383864663369465e+00 -1.031065068431855636e+00 -6.876405961236735642e+00
1.343270106579258716e+00 4.361070878253565866e+02 -1.106383864663369465e+00 -1.031065068431855636e+00 -6.876405961236735642e+00
1.342464241909855360e+00 4.100825619631946779e+02 -1.071177877442714532e+00 -1.225632675512930092e+00 -9.287458314914291080e+00
1.342464241909855360e+00 4.100825619631946779e+02 -1.071177877442714532e+00 -1.225632675512930092e+00 -9.287458314914291080e+00
1.342777812920051161e+00 4.122272643786205322e+02 -1.119048953070672425e+00 -1.142662384663037045e+00 -7.169272666004758321e+00
1.340884354425219582e+00 4.027122619384084032e+02 -1.026179029631499873e+00 -4.630386228503462931e+00 -7.927644865561516596e+00
1.343201998765290561e+00 4.106244284239631952e+02 -1.257124358474614567e+00 -1.042538604841549699e+00 -7.839097760516796853e+00
1.340419332237870798e+00 4.099411431518698237e+02 -1.005173882421107834e+00 -5.473829405368522139e+00 -1.072382960079594305e+01
1.340937807017054562e+00 4.055896718901876739e+02 -1.004070148960634512e+00 -6.710618260557303927e+00 -1.170281372469645298e+01
1.340527094242521811e+00 4.098490551653100056e+02 -1.030564442110906143e+00 -4.999008866512763660e+00 -1.063255024004959992e+01
1.340636176838466920e+00 4.058558811603149934e+02 -1.029137585205315730e+00 -4.086824449761781608e+00 -1.034103290524632968e+01
1.340636176838466920e+00 4.058558811603149934e+02 -1.029137585205315730e+00 -4.086824449761781608e+00 -1.034103290524632968e+01
1.340627987313020686e+00 4.082710174451500507e+02 -1.033797715576634246e+00 -5.039307753204043117e+00 -9.968786299471760870e+00
1.342733626701646976e+00 4.083171385012278733e+02 -1.041410914383046560e+00 -1.111568485320557187e+00 -5.674378956624396508e+00
1.342733626701646976e+00 4.083171385012278733e+02 -1.041410914383046560e+00 -1.111568485320557187e+00 -5.674378956624396508e+00
1.342548088283154861e+00 4.191191264143278090e+02 -1.113615111214025788e+00 -1.048796083065301588e+00 -1.048325141638170521e+01
1.344054109806165132e+00 4.269228138459267257e+02 -1.060828472748628570e+00 -1.000635014227890807e+00 -6.521308266037701529e+00
1.341493910736802686e+00 4.008291045689596217e+02 -1.018100912963346261e+00 -5.175657601271408836e+00 -9.748092841078159765e+00
1.342711465647937086e+00 4.260639518208087679e+02 -1.126644075261722833e+00 -1.084346888187548430e+00 -7.877755380329527490e+00
1.340538756028210932e+00 4.061842320163451632e+02 -1.036092049839188789e+00 -5.074862858866429960e+00 -1.012245669921827762e+01
1.342640921126010856e+00 4.477936989191010753e+02 -1.051846287974260719e+00 -1.008339852544605009e+00 -1.046299783037791187e+01
1.342580077249130088e+00 4.075866511868861153e+02 -1.152386176448811028e+00 -1.043030705407510084e+00 -1.067427082874723254e+01
1.340550999342955407e+00 4.031640752397726715e+02 -1.016821536756044253e+00 -5.462609207272901557e+00 -8.525847420102103058e+00
1.340550999342955407e+00 4.031640752397726715e+02 -1.016821536756044253e+00 -5.462609207272901557e+00 -8.525847420102103058e+00
1.341078151873984270e+00 4.044647442059441005e+02 -1.022603212582099630e+00 -5.912254600582634190e+00 -9.744059797538042744e+00
1.341078151873984270e+00 4.044647442059441005e+02 -1.022603212582099630e+00 -5.912254600582634190e+00 -9.744059797538042744e+00
1.342583677570266421e+00 4.409221194862374773e+02 -1.004209532312829722e+00 -1.042027840802758121e+00 -1.189088458377578661e+01
1.342888903573770998e+00 4.557495624075887690e+02 -1.026366076164316965e+00 -1.049627777352638347e+00 -7.322750454890575078e+00
1.342888903573770998e+00 4.557495624075887690e+02 -1.026366076164316965e+00 -1.049627777352638347e+00 -7.322750454890575078e+00
1.342736521335655464e+00 4.057446079995615946e+02 -1.051183899304962921e+00 -1.249394041410516465e+00 -8.122141186450138051e+00
1.340831279549835386e+00 4.018973945060511141e+02 -1.029276126868255758e+00 -6.196209964658176972e+00 -1.101104331416837212e+01
1.340831279549835386e+00 4.018973945060511141e+02 -1.029276126868255758e+00 -6.196209964658176972e+00 -1.101104331416837212e+01
1.340947775990772861e+00 4.106418557315599855e+02 -1.006952091657959514e+00 -6.100301296230508541e+00 -1.190299361965747238e+01
1.340823266586225415e+00 4.139689133845540709e+02 -1.013726867970396128e+00 -4.366321554755500323e+00 -9.677505367196147290e+00
1.340663306678949951e+00 4.028021599538954547e+02 -1.031783855350393964e+00 -4.539248440647652316e+00 -8.299925708069562091e+00
1.340663306678949951e+00 4.028021599538954547e+02 -1.031783855350393964e+00 -4.539248440647652316e+00 -8.299925708069562091e+00
1.343543152895462445e+00 4.009714255932246942e+02 -1.118421296939823506e+00 -1.125750318829924268e+00 -9.661062422608836187e+00
1.343543152895462445e+00 4.009714255932246942e+02 -1.118421296939823506e+00 -1.125750318829924268e+00 -9.661062422608836187e+00
1.340680306946962386e+00 4.045316102430118690e+02 -1.033500265999853340e+00 -4.111795120215881560e+00 -9.564733782610973734e+00
1.340680306946962386e+00 4.045316102430118690e+02 -1.033500265999853340e+00 -4.111795120215881560e+00 -9.564733782610973734e+00
1.340753691468851816e+00 4.006330549904283203e+02 -1.043645532214721783e+00 -4.115089980784175872e+00 -1.000374539796682072e+01
1.340427299735222011e+00 4.056077497761119730e+02 -1.017322746317260496e+00 -4.117549699523322282e+00 -1.019557516637136096e+01
1.341162930945722476e+00 4.037508360220251120e+02 -1.021002520556807625e+00 -4.055362190455801930e+00 -9.747169154652816303e+00
1.342533046721704926e+00 4.360582638525147559e+02 -1.018298836083522119e+00 -1.081276619615733736e+00 -8.351531704329378414e+00
1.342489685682872080e+00 4.079819953289365912e+02 -1.074075077954065094e+00 -1.225836015977630922e+00 -1.110405176597414112e+01
1.343634525766146837e+00 4.218895866734424089e+02 -1.113824880159095088e+00 -1.049459497039523015e+00 -1.127219155171790099e+01
1.340882776555091471e+00 4.144338974988679070e+02 -1.000039961023844626e+00 -6.017200230736649225e+00 -1.120253400127375265e+01
1.342762970395902977e+00 4.337307799048700758e+02 -1.190580866895201595e+00 -1.021010162535699095e+00 -1.125883328414525941e+01
1.342769051171271322e+00 4.572536481994969222e+02 -1.076556063319980439e+00 -1.004371011508588651e+00 -8.766644243196219932e+00
1.342788587858479987e+00 4.184775554530000932e+02 -1.184089135064027687e+00 -1.077213657413619075e+00 -9.999357683200770452e+00
1.342788587858479987e+00 4.184775554530000932e+02 -1.184089135064027687e+00 -1.077213657413619075e+00 -9.999357683200770452e+00
1.340656030076754268e+00 4.042252436179131792e+02 -1.038430391217856297e+00 -5.502415924261066849e+00 -1.044786804436155414e+01
1.340656030076754268e+00 4.042252436179131792e+02 -1.038430391217856297e+00 -5.502415924261066849e+00 -1.044786804436155414e+01
1.340934141907778931e+00 4.081744345047404181e+02 -1.010454234411641394e+00 -3.834866412981977390e+00 -1.154015436464249866e+01
1.340934141907778931e+00 4.081744345047404181e+02 -1.010454234411641394e+00 -3.834866412981977390e+00 -1.154015436464249866e+01
1.343463108511498305e+00 4.122914650528239804e+02 -1.090425837794661845e+00 -1.036599930222152466e+00 -5.056841383668992940e+00
1.342575679227113516e+00 4.151997757847070147e+02 -1.069641182748551245e+00 -1.181740225967422120e+00 -8.392668218214597076e+00
1.342517577612420299e+00 4.231286807435018318e+02 -1.115157581497239647e+00 -1.073498507510423750e+00 -1.061591417272011384e+01
1.342517577612420299e+00 4.231286807435018318e+02 -1.115157581497239647e+00 -1.073498507510423750e+00 -1.061591417272011384e+01
1.342688297973863687e+00 4.337103444082750912e+02 -1.037840890155001361e+00 -1.146264141352675736e+00 -8.725870288637896266e+00
1.342876181939182123e+00 4.067126862270771426e+02 -1.106031770777343937e+00 -1.022599259493324197e+00 -5.737450634400839355e+00
1.340818417586624678e+00 4.065277436326522889e+02 -1.035463416705370676e+00 -4.928854367848748197e+00 -1.080187060016344525e+01
1.342780253434059157e+00 4.379429182912791703e+02 -1.162916446170241258e+00 -1.010537806976671504e+00 -8.743135874363016313e+00
1.342925778103560397e+00 4.144504354015558079e+02 -1.039181588138934131e+00 -1.216235293905954862e+00 -9.571904263971411808e+00
1.342925778103560397e+00 4.144504354015558079e+02 -1.039181588138934131e+00 -1.216235293905954862e+00 -9.571904263971411808e+00
1.342811520302874539e+00 4.298424726134271623e+02 -1.131939526141545471e+00 -1.031586120175180810e+00 -6.711252198720977447e+00
1.340446053098026225e+00 4.000420606823734033e+02 -1.048094860194176192e+00 -4.802217945688858514e+00 -1.075966105090097003e+01
1.343308657538947903e+00 4.476046604969604346e+02 -1.008993876870253104e+00 -1.075841022538202907e+00 -9.340778854660667818e+00
1.343234838512627149e+00 4.645533448662505975e+02 -1.044749507142920919e+00 -1.006232049400297868e+00 -1.154783836872994840e+01
1.343234838512627149e+00 4.645533448662505975e+02 -1.044749507142920919e+00 -1.006232049400297868e+00 -1.154783836872994840e+01
1.343090776160828614e+00 4.469561518861984268e+02 -1.110536079161846601e+00 -1.017771068667597589e+00 -9.388506152327929399e+00
1.342822560384214770e+00 4.219849816023329936e+02 -1.047000942094031828e+00 -1.180636235292016778e+00 -1.111616964894539095e+01
1.340576674800753487e+00 4.016819828422266596e+02 -1.035391481808764169e+00 -5.333154816735540038e+00 -9.204374588278467328e+00
1.340912379939776189e+00 4.117982668227088539e+02 -1.016080501721484453e+00 -5.230298332233100922e+00 -9.840260395460651566e+00
1.343495988655705631e+00 4.049573958311303272e+02 -1.280985439389953129e+00 -1.025876289002189523e+00 -9.586593771422169397e+00
1.343368379276696611e+00 4.017851926343214473e+02 -1.084554286934356071e+00 -1.095652991636342222e+00 -5.287561744339039471e+00
1.340861555020926854e+00 4.025585034493747116e+02 -1.044604379010174000e+00 -4.541146508913873170e+00 -1.050295317943826312e+01
1.340335271049745369e+00 4.042811057907760528e+02 -1.001626413347134203e+00 -4.990955528788862949e+00 -1.193376131750787472e+01
1.340335271049745369e+00 4.042811057907760528e+02 -1.001626413347134203e+00 -4.990955528788862949e+00 -1.193376131750787472e+01
1.342359710926379623e+00 4.173982183308121989e+02 -1.016843454288162363e+00 -1.207934410721641427e+00 -1.031729821702062644e+01
1.342359710926379623e+00 4.173982183308121989e+02 -1.016843454288162363e+00 -1.207934410721641427e+00 -1.031729821702062644e+01
1.343023531308957352e+00 4.506358734975216862e+02 -1.073256034934154002e+00 -1.037623687899962732e+00 -1.119895783587856464e+01
1.342538224310004580e+00 4.056870892076204314e+02 -1.117585121318741770e+00 -1.175792047589551359e+00 -1.065496999741545103e+01
1.340620798375573131e+00 4.013299157725542159e+02 -1.025714479163987392e+00 -5.130358370339981988e+00 -8.299842142556304481e+00
1.343325071991302799e+00 4.379053000891083229e+02 -1.065255126895985782e+00 -1.011960145172190906e+00 -5.832684874805681652e+00
1.343325071991302799e+00 4.379053000891083229e+02 -1.065255126895985782e+00 -1.011960145172190906e+00 -5.832684874805681652e+00
1.342681609631594108e+00 4.133425424363648517e+02 -1.159213466542077242e+00 -1.006651028615062060e+00 -9.745229119435251164e+00
1.340811293758783940e+00 4.079124750479624595e+02 -1.020184863032261191e+00 -5.439704374167609657e+00 -9.281622314255754347e+00
1.340716844608777158e+00 4.050666342424125901e+02 -1.011654625860906265e+00 -5.857029030549149695e+00 -9.172696554158092042e+00
1.342816394068025776e+00 4.108147578056151019e+02 -1.050023843690791381e+00 -1.009113283286158236e+00 -7.632504764606862224e+00
1.342791137122462564e+00 4.425615017233146204e+02 -1.150164442821578703e+00 -1.006053222113401091e+00 -1.112202993205359292e+01
1.342791137122462564e+00 4.425615017233146204e+02 -1.150164442821578703e+00 -1.006053222113401091e+00 -1.112202993205359292e+01
1.342733938442356889e+00 4.260409137364140406e+02 -1.034569114260159850e+00 -1.015165268610267901e+00 -9.973473043728652954e+00
1.342733938442356889e+00 4.260409137364140406e+02 -1.034569114260159850e+00 -1.015165268610267901e+00 -9.973473043728652954e+00
1.342868667885196876e+00 4.036139178005302597e+02 -1.179994835887463012e+00 -1.132960905465612456e+00 -1.005961282492778075e+01
1.342611880276269654e+00 4.023098872473553911e+02 -1.030555420344995810e+00 -1.141731068179369757e+00 -6.140093145666743801e+00
1.342391924525563773e+00 4.071268238777681745e+02 -1.068438761477398913e+00 -1.191145735349232737e+00 -1.025024183070529382e+01
1.342391924525563773e+00 4.071268238777681745e+02 -1.068438761477398913e+00 -1.191145735349232737e+00 -1.025024183070529382e+01
1.341279398434080949e+00 4.056722207403042830e+02 -1.016183809629200852e+00 -4.757079907648720685e+00 -1.125679678838379516e+01
1.340419715316210514e+00 4.083719786081297798e+02 -1.011072320215287590e+00 -5.077343791796803174e+00 -1.040789674269114862e+01
1.342525952568610847e+00 4.078899613425807047e+02 -1.140047812163231811e+00 -1.131472361373027979e+00 -1.021354676724209121e+01
1.342735975925242631e+00 4.171013863288278571e+02 -1.200483959444127890e+00 -1.057142346607390593e+00 -1.149310403500502886e+01
1.343364124972849627e+00 4.113457314889835743e+02 -1.101274612852552792e+00 -1.117088298872433327e+00 -9.115720644976295972e+00
1.340828284774719714e+00 4.067756428813576690e+02 -1.028456246004143537e+00 -5.362566921144773957e+00 -1.128205376876847232e+01
1.342637755248741183e+00 4.469935644123353313e+02 -1.019080392775171262e+00 -1.074069329198728440e+00 -9.014220554825854492e+00
1.343461126500383074e+00 4.264083305552695720e+02 -1.091522891268882134e+00 -1.046556337403684367e+00 -6.937208765236278829e+00
1.343461126500383074e+00 4.264083305552695720e+02 -1.091522891268882134e+00 -1.046556337403684367e+00 -6.937208765236278829e+00
1.341020287712842540e+00 4.027454341854931954e+02 -1.038705077219626460e+00 -4.776530438357697861e+00 -1.149522643221901141e+01
1.340433871998885973e+00 4.028010919811801500e+02 -1.015028624025976711e+00 -4.004590682160552362e+00 -1.096498258711555174e+01
1.340433871998885973e+00 4.028010919811801500e+02 -1.015028624025976711e+00 -4.004590682160552362e+00 -1.096498258711555174e+01
1.342713715604141100e+00 4.437715366141595723e+02 -1.055259493428145845e+00 -1.069908436475202507e+00 -8.239521840726016677e+00
1.343117909167129032e+00 4.197135347633862352e+02 -1.145392489194573926e+00 -1.077576299814047900e+00 -9.405805388602697548e+00
1.342695175713367384e+00 4.403824917646813901e+02 -1.073312453103106634e+00 -1.060785873027212389e+00 -8.787455951911260499e+00
1.342728783774934653e+00 4.624345056930764031e+02 -1.006163955679920008e+00 -1.043219798394673603e+00 -1.182551367283039667e+01
1.340701000942996712e+00 4.059862255566964677e+02 -1.006184364922342311e+00 -3.816712888473595910e+00 -9.199479810264794111e+00
1.343360785614873043e+00 4.195744613102942822e+02 -1.047666757621053435e+00 -1.055020817995368176e+00 -5.345305052440362026e+00
1.343360785614873043e+00 4.195744613102942822e+02 -1.047666757621053435e+00 -1.055020817995368176e+00 -5.345305052440362026e+00
1.342676000883664900e+00 4.328595857665375206e+02 -1.026318476166892424e+00 -1.059249795057876753e+00 -6.895181228879520674e+00
1.342676000883664900e+00 4.328595857665375206e+02 -1.026318476166892424e+00 -1.059249795057876753e+00 -6.895181228879520674e+00
1.340955458378145337e+00 4.038685400220242627e+02 -1.015059078357818834e+00 -6.276313976214032309e+00 -1.085220994479059442e+01
1.340955458378145337e+00 4.038685400220242627e+02 -1.015059078357818834e+00 -6.276313976214032309e+00 -1.085220994479059442e+01
1.340672040574315327e+00 4.120839948837176507e+02 -1.015723300905859716e+00 -4.289659698633827567e+00 -1.167397849445504576e+01
1.340672040574315327e+00 4.120839948837176507e+02 -1.015723300905859716e+00 -4.289659698633827567e+00 -1.167397849445504576e+01
1.343395282159104198e+00 4.294985201598284448e+02 -1.136071223517454598e+00 -1.029207177491546332e+00 -9.512141418211555788e+00
1.340985514025745617e+00 4.006208983365907557e+02 -1.004311002670119635e+00 -6.808346305840897728e+00 -9.781661950559481511e+00
1.342903212873825414e+00 4.396535707792045855e+02 -1.049145366322342454e+00 -1.007604583757569117e+00 -6.178496330887084831e+00
1.341205637528120054e+00 4.109259216587403216e+02 -1.003090024126180424e+00 -5.412404162012038000e+00 -1.085261774393170597e+01
1.343132574182783312e+00 4.327085612744853620e+02 -1.078832450356841832e+00 -1.081911757907365157e+00 -1.086998477881664726e+01
1.343132574182783312e+00 4.327085612744853620e+02 -1.078832450356841832e+00 -1.081911757907365157e+00 -1.086998477881664726e+01
1.343898824462003816e+00 4.022530410116027042e+02 -1.014067024514611504e+00 -1.153525225770874130e+00 -1.150337285424351919e+01
1.343898824462003816e+00 4.022530410116027042e+02 -1.014067024514611504e+00 -1.153525225770874130e+00 -1.150337285424351919e+01
1.340709625278546868e+00 4.134259119550944774e+02 -1.017650104641102615e+00 -4.727360956834161243e+00 -1.199962163666840809e+01
1.340709625278546868e+00 4.134259119550944774e+02 -1.017650104641102615e+00 -4.727360956834161243e+00 -1.199962163666840809e+01
1.342763863426713611e+00 4.035559791612435561e+02 -1.105017232329226218e+00 -1.027199954017804728e+00 -7.036315347081130156e+00
1.342546311114760638e+00 4.286397710131091117e+02 -1.040510933663519211e+00 -1.097725069971534850e+00 -1.050369709949572972e+01
1.340943661459513603e+00 4.044092802371762900e+02 -1.023363780311042248e+00 -3.994920828585371453e+00 -1.115786428884872805e+01
1.340430689976929157e+00 4.004250289840297796e+02 -1.021130753297128990e+00 -4.119336660001139627e+00 -1.093083035774244927e+01
1.340569676729824078e+00 4.036482450362251484e+02 -1.028575275289526303e+00 -5.473354647920112726e+00 -1.072719985065939241e+01
1.342927469329161960e+00 4.305260446047998357e+02 -1.074875121634040198e+00 -1.077921127583667982e+00 -6.923325697795332800e+00
1.341111378799606735e+00 4.102587931298106128e+02 -1.000683556678840347e+00 -3.991868014921747587e+00 -1.084356108761039295e+01
1.342853146138233811e+00 4.075429214932524360e+02 -1.140989161768978022e+00 -1.041195103521349807e+00 -6.058318971112161222e+00
1.342853146138233811e+00 4.075429214932524360e+02 -1.140989161768978022e+00 -1.041195103521349807e+00 -6.058318971112161222e+00
1.342375606408302335e+00 4.098515263628719367e+02 -1.023795854316592369e+00 -1.216823277933967162e+00 -8.692810656272165204e+00
1.343290888702434627e+00 4.031215238313547502e+02 -1.029911712828226911e+00 -1.223763492881287718e+00 -9.254547647751293127e+00
1.343290888702434627e+00 4.031215238313547502e+02 -1.029911712828226911e+00 -1.223763492881287718e+00 -9.254547647751293127e+00
1.343922372373902885e+00 4.050424048455349180e+02 -1.122793566019911538e+00 -1.017258228982980128e+00 -5.767874211066545520e+00
1.343922372373902885e+00 4.050424048455349180e+02 -1.122793566019911538e+00 -1.017258228982980128e+00 -5.767874211066545520e+00
1.342793635651536643e+00 4.245705667661598568e+02 -1.165425947596496314e+00 -1.005487132558695151e+00 -6.975643760831314211e+00
1.343418262805668340e+00 4.130906050730465040e+02 -1.115018705969962554e+00 -1.088139701269506432e+00 -7.812703695989474895e+00
1.343060941410284759e+00 4.497049461744547330e+02 -1.076335147172263973e+00 -1.022841745671204450e+00 -8.136102223874424055e+00
1.343173122886616833e+00 4.113230623788302296e+02 -1.089070591035229185e+00 -1.135147408334628238e+00 -7.585104118735723766e+00
1.340622007048551056e+00 4.177640582786291930e+02 -1.002798450142583064e+00 -4.743272068531382502e+00 -1.157666705951447739e+01
1.340622007048551056e+00 4.177640582786291930e+02 -1.002798450142583064e+00 -4.743272068531382502e+00 -1.157666705951447739e+01
1.343061371287051387e+00 4.358304001171613891e+02 -1.012284513923882301e+00 -1.107799244446040277e+00 -7.062530592897308779e+00
1.343061371287051387e+00 4.358304001171613891e+02 -1.012284513923882301e+00 -1.107799244446040277e+00 -7.062530592897308779e+00
1.342555564927621514e+00 4.169674628167177275e+02 -1.030454193302240640e+00 -1.127431672811731289e+00 -7.498445019417457225e+00
1.343974153901198010e+00 4.101633019261078630e+02 -1.174327770398400972e+00 -1.002276508634590613e+00 -9.963655502566277633e+00
1.342784996359562166e+00 4.061997804908068019e+02 -1.037818623180873701e+00 -1.042736399071962694e+00 -7.637030377018414917e+00
1.342784996359562166e+00 4.061997804908068019e+02 -1.037818623180873701e+00 -1.042736399071962694e+00 -7.637030377018414917e+00
1.342756998961504689e+00 4.292963919042620660e+02 -1.162825121883569679e+00 -1.016623100450521733e+00 -1.052581158619689639e+01
1.340760393180420174e+00 4.127905904441792586e+02 -1.014157461372660052e+00 -4.570868765983229665e+00 -1.009049490336373012e+01
1.340536036778646967e+00 4.070194788141200206e+02 -1.021782208626854427e+00 -4.519611587995862934e+00 -1.002847692011453873e+01
1.340536036778646967e+00 4.070194788141200206e+02 -1.021782208626854427e+00 -4.519611587995862934e+00 -1.002847692011453873e+01
1.340936648913095386e+00 4.101929136003756753e+02 -1.014087963640170287e+00 -4.907961401738473839e+00 -9.360981746531036762e+00
1.340940237323980266e+00 4.051181076494827380e+02 -1.007146264475116126e+00 -6.164757280118035254e+00 -1.033063494254136039e+01
1.341285035467449482e+00 4.012381404545711234e+02 -1.026397099305492944e+00 -4.707085913408715960e+00 -1.192578875503510538e+01
1.343226841207153743e+00 4.148924396011407225e+02 -1.043089607258025353e+00 -1.146583728920298029e+00 -6.851166475690481761e+00
1.343837722774168464e+00 4.118228690296743366e+02 -1.037341167984566326e+00 -1.102727777532411579e+00 -9.761884406783778445e+00
1.343837722774168464e+00 4.118228690296743366e+02 -1.037341167984566326e+00 -1.102727777532411579e+00 -9.761884406783778445e+00
1.340983867873706048e+00 4.019574350842759145e+02 -1.010432098297053827e+00 -3.786985429488053612e+00 -8.694547487651549389e+00
1.343408256413647361e+00 4.152645169617174474e+02 -1.021127128959617991e+00 -1.148684144522047035e+00 -7.394216345905756604e+00
1.340692007604931568e+00 4.007218208002920505e+02 -1.043840238867167258e+00 -4.398023298529798453e+00 -1.141458574576056506e+01
1.340692007604931568e+00 4.007218208002920505e+02 -1.043840238867167258e+00 -4.398023298529798453e+00 -1.141458574576056506e+01
1.342697354869551996e+00 4.282487639132759227e+02 -1.057011513475694997e+00 -1.030091341292271423e+00 -9.591183766166599511e+00
1.343303114756005279e+00 4.222030016070991110e+02 -1.213480097871405761e+00 -1.013803754359070552e+00 -1.153324817007745295e+01
1.342872941421229038e+00 4.099019765268254218e+02 -1.080212964108953955e+00 -1.179902060738234226e+00 -1.033628560516005024e+01
1.344026855989845393e+00 4.099460596048106140e+02 -1.127381223528102439e+00 -1.019842702336282159e+00 -8.850930495784462337e+00
1.344026855989845393e+00 4.099460596048106140e+02 -1.127381223528102439e+00 -1.019842702336282159e+00 -8.850930495784462337e+00
1.343911280199134639e+00 4.122748997102488602e+02 -1.018154811730703102e+00 -1.107223503062904513e+00 -1.161655737621261508e+01
1.340647862463975049e+00 4.035954741778489847e+02 -1.027859220559026454e+00 -5.429190614685312610e+00 -9.786071925248789327e+00
1.340579510657108564e+00 4.035276632796309286e+02 -1.015329447607134838e+00 -3.878724444814828587e+00 -1.065021175007200505e+01
1.343032098768484284e+00 4.511891512847374770e+02 -1.070377129622606560e+00 -1.016411028602588473e+00 -7.669018238401308807e+00
1.342818480043575180e+00 4.170562237900611535e+02 -1.032582200841035913e+00 -1.039031489083763304e+00 -6.523592513114157221e+00
1.342818480043575180e+00 4.170562237900611535e+02 -1.032582200841035913e+00 -1.039031489083763304e+00 -6.523592513114157221e+00
1.343008551553976915e+00 4.021335553666768305e+02 -1.210916869498312565e+00 -1.098967919675530425e+00 -1.021277651916020979e+01
1.340762750593595509e+00 4.131589629296970543e+02 -1.010186632833226739e+00 -4.755395908602300992e+00 -9.434437598574781703e+00
1.340762750593595509e+00 4.131589629296970543e+02 -1.010186632833226739e+00 -4.755395908602300992e+00 -9.434437598574781703e+00
1.341000249482748874e+00 4.051084166289628001e+02 -1.010615241563531441e+00 -3.881796172744795825e+00 -1.100593866669402132e+01
1.341000249482748874e+00 4.051084166289628001e+02 -1.010615241563531441e+00 -3.881796172744795825e+00 -1.100593866669402132e+01
1.343079895106698229e+00 4.394342962791938589e+02 -1.147097127873344391e+00 -1.006969576537844802e+00 -1.051338174381836055e+01
1.343080342422457774e+00 4.481149838247830530e+02 -1.023156675708717600e+00 -1.064680557990460130e+00 -8.218438048102109761e+00
1.341268220070766626e+00 4.002993948203682635e+02 -1.018222316283598161e+00 -5.455722883401879386e+00 -8.870778656006226726e+00
1.341268220070766626e+00 4.002993948203682635e+02 -1.018222316283598161e+00 -5.455722883401879386e+00 -8.870778656006226726e+00
1.340949780587536777e+00 4.131348408759012614e+02 -1.004534222699993151e+00 -4.281855664571239117e+00 -1.043402817576992803e+01
1.340949780587536777e+00 4.131348408759012614e+02 -1.004534222699993151e+00 -4.281855664571239117e+00 -1.043402817576992803e+01
1.340983835212774977e+00 4.013646645202138643e+02 -1.001662458191058036e+00 -6.735847621491832804e+00 -1.056532193080420967e+01
1.343799835769083240e+00 4.270700547078023419e+02 -1.045843475832748837e+00 -1.046840748478082617e+00 -1.011803275510740008e+01
1.340685762642838119e+00 4.117287926626781314e+02 -1.014624242718632274e+00 -5.090558132497890576e+00 -1.047858718731639271e+01
1.343041420539496489e+00 4.124189822343875562e+02 -1.236064744555227080e+00 -1.045514403899952427e+00 -1.092533348028454654e+01
1.343041420539496489e+00 4.124189822343875562e+02 -1.236064744555227080e+00 -1.045514403899952427e+00 -1.092533348028454654e+01
1.340564123864804280e+00 4.042096273010382106e+02 -1.033476339485710938e+00 -4.581595699628093321e+00 -1.055076022652378498e+01
1.340564123864804280e+00 4.042096273010382106e+02 -1.033476339485710938e+00 -4.581595699628093321e+00 -1.055076022652378498e+01
1.340659058162841477e+00 4.062802665722481379e+02 -1.019256259540426868e+00 -4.306141912278921957e+00 -9.565848643082821567e+00
1.342562544435793370e+00 4.326380671231165707e+02 -1.012365564513325822e+00 -1.105032561280527403e+00 -1.131189597419371040e+01
1.342562544435793370e+00 4.326380671231165707e+02 -1.012365564513325822e+00 -1.105032561280527403e+00 -1.131189597419371040e+01
1.343630211412099484e+00 4.266904138672851445e+02 -1.068962912676372667e+00 -1.038299824015366468e+00 -6.989509866997066112e+00
1.342587122530568111e+00 4.232026820511252936e+02 -1.047464500438691104e+00 -1.120778274744344216e+00 -7.833415858920103503e+00
1.342805805643044748e+00 4.176581881221603112e+02 -1.049192998112815189e+00 -1.144517698990723531e+00 -6.992541248306583412e+00
1.342805805643044748e+00 4.176581881221603112e+02 -1.049192998112815189e+00 -1.144517698990723531e+00 -6.992541248306583412e+00
1.341025046576593827e+00 4.040818223602368562e+02 -1.004820339256182748e+00 -6.426233176044412687e+00 -1.177718070149216878e+01
1.341025046576593827e+00 4.040818223602368562e+02 -1.004820339256182748e+00 -6.426233176044412687e+00 -1.177718070149216878e+01
1.343145137363121799e+00 4.181621555196956592e+02 -1.127001734575880931e+00 -1.039320726489208369e+00 -6.105299177790164400e+00
1.343721888564682665e+00 4.265137852439203812e+02 -1.122731398455410812e+00 -1.006786693560993484e+00 -1.151363729724015705e+01
1.343367916999477885e+00 4.188095938487990679e+02 -1.023820518859624329e+00 -1.147479779847149217e+00 -1.102182049143267761e+01
1.340934060213129220e+00 4.044177067159528747e+02 -1.017052153924783653e+00 -3.903139192772455246e+00 -1.189009595935944930e+01
1.341312516121429432e+00 4.018381243967095315e+02 -1.021430301177577604e+00 -4.763930902157001768e+00 -1.067169096785208282e+01
1.343344282671792067e+00 4.150169846634655642e+02 -1.246757466314409868e+00 -1.006409507844816531e+00 -8.545497802363207995e+00
1.343344282671792067e+00 4.150169846634655642e+02 -1.246757466314409868e+00 -1.006409507844816531e+00 -8.545497802363207995e+00
1.342551134919275579e+00 4.125208639513367075e+02 -1.035933240080973761e+00 -1.111277018602340405e+00 -9.612153233733881308e+00
1.342551134919275579e+00 4.125208639513367075e+02 -1.035933240080973761e+00 -1.111277018602340405e+00 -9.612153233733881308e+00
1.340931650836028721e+00 4.036153699838512807e+02 -1.030459562439537180e+00 -5.191682001776010580e+00 -9.751798228791180634e+00
1.340931650836028721e+00 4.036153699838512807e+02 -1.030459562439537180e+00 -5.191682001776010580e+00 -9.751798228791180634e+00
1.342801573383871183e+00 4.375852976195931205e+02 -1.012995641986719875e+00 -1.124354154818892226e+00 -9.385452165444494455e+00
1.343099210824027168e+00 4.094585077752591928e+02 -1.066871571619715908e+00 -1.118692482324348703e+00 -6.066378015071498986e+00
1.342570661014223843e+00 4.083096050631390312e+02 -1.037323314130334850e+00 -1.113211586237932593e+00 -1.117149418264862248e+01
1.342570661014223843e+00 4.083096050631390312e+02 -1.037323314130334850e+00 -1.113211586237932593e+00 -1.117149418264862248e+01
1.340617515127719539e+00 4.149762826190614078e+02 -1.006928569247534710e+00 -4.765135999808532752e+00 -1.036796757938808433e+01
1.343393989755195195e+00 4.192422080227087235e+02 -1.068849200623695594e+00 -1.101648172103617540e+00 -9.857363738942851228e+00
1.343393989755195195e+00 4.192422080227087235e+02 -1.068849200623695594e+00 -1.101648172103617540e+00 -9.857363738942851228e+00
1.343041506050307143e+00 4.024447018948335426e+02 -1.209862594377792533e+00 -1.092999479504381810e+00 -9.910785179773398568e+00
1.340667630358950646e+00 4.005454036611035349e+02 -1.018464735803920718e+00 -3.854725992952271696e+00 -9.734606169240654694e+00
1.343604153553699332e+00 4.119042275399554001e+02 -1.011791906637961702e+00 -1.156068481255546843e+00 -1.022308515467446810e+01
1.342376487100946925e+00 4.013264705344683421e+02 -1.037770542200044943e+00 -1.220362082979162821e+00 -1.121043395144808308e+01
1.343694261967266268e+00 4.262160762941043117e+02 -1.093982064018412359e+00 -1.012520863443185704e+00 -6.807606007081109745e+00
1.342631343361867291e+00 4.046153426850314645e+02 -1.093228023935044035e+00 -1.070438153257619263e+00 -1.012746636764670427e+01
1.342997323841261137e+00 4.586122694031514584e+02 -1.038915503526805395e+00 -1.004601263842339165e+00 -7.648894588626851565e+00
1.342997323841261137e+00 4.586122694031514584e+02 -1.038915503526805395e+00 -1.004601263842339165e+00 -7.648894588626851565e+00
1.342804167949000815e+00 4.371943999276511477e+02 -1.026967923561382889e+00 -1.089714941025961892e+00 -7.552255829321207869e+00
1.344327077994334374e+00 4.132016545408590105e+02 -1.056154104752318190e+00 -1.012011752346809956e+00 -1.034361233854782292e+01
1.344154342061249618e+00 4.107752858560285745e+02 -1.102365213952056777e+00 -1.004522304358141938e+00 -7.006322814450189007e+00
1.342691494706913957e+00 4.177749582815166036e+02 -1.024875196070928141e+00 -1.068183098573079803e+00 -7.981490847906666630e+00
1.340544352033917974e+00 4.017178749431593587e+02 -1.029718193491392597e+00 -5.186805747629337660e+00 -1.148678550819256117e+01
1.342701166079282471e+00 4.048963425269340064e+02 -1.148264448804853899e+00 -1.047665608914256197e+00 -7.482466518860154459e+00
1.342701166079282471e+00 4.048963425269340064e+02 -1.148264448804853899e+00 -1.047665608914256197e+00 -7.482466518860154459e+00
1.343287970671909859e+00 4.005118862008737892e+02 -1.054088245956222636e+00 -1.199711152741969045e+00 -9.630340770463616806e+00
1.341339012515648133e+00 4.059223334645241152e+02 -1.002960297974951231e+00 -5.430551849716700907e+00 -1.058141826429706356e+01
1.341339012515648133e+00 4.059223334645241152e+02 -1.002960297974951231e+00 -5.430551849716700907e+00 -1.058141826429706356e+01
1.340852404777822304e+00 4.051017676964585803e+02 -1.004310703524893711e+00 -6.060577910060459317e+00 -1.053257269823282805e+01
1.340852404777822304e+00 4.051017676964585803e+02 -1.004310703524893711e+00 -6.060577910060459317e+00 -1.053257269823282805e+01
1.340636554962878257e+00 4.097684703060458560e+02 -1.014674619214529727e+00 -5.144698301010754093e+00 -1.146162983610626362e+01
1.340636554962878257e+00 4.097684703060458560e+02 -1.014674619214529727e+00 -5.144698301010754093e+00 -1.146162983610626362e+01
1.343356181330491061e+00 4.095372715203743041e+02 -1.280826543954487917e+00 -1.008600980676137127e+00 -1.017198696657040458e+01
1.343305244442586144e+00 4.001552491339710400e+02 -1.066659233560029563e+00 -1.172723924806485130e+00 -7.264676578519543071e+00
1.343127414114752227e+00 4.073733950387313598e+02 -1.015727373984795179e+00 -1.080679427793191039e+00 -5.129249179077616461e+00
1.342686147780117967e+00 4.024530380365482074e+02 -1.039519575115415151e+00 -1.270308241730493393e+00 -1.116992099818828876e+01
1.342686147780117967e+00 4.024530380365482074e+02 -1.039519575115415151e+00 -1.270308241730493393e+00 -1.116992099818828876e+01
1.343669572655529665e+00 4.259870795079517620e+02 -1.043840701111584224e+00 -1.059246404396326113e+00 -7.807013514815949407e+00
1.342647613743962687e+00 4.260132491319605492e+02 -1.010632899829136733e+00 -1.106084033679529455e+00 -7.636783921549677778e+00
1.340559159863822236e+00 4.065911002682859703e+02 -1.008695667921555739e+00 -5.340972518689899751e+00 -1.171351238100591807e+01
1.340895351394252977e+00 4.009306153982371370e+02 -1.030261663809270090e+00 -5.688698172857540314e+00 -1.144073365449943580e+01
1.340895351394252977e+00 4.009306153982371370e+02 -1.030261663809270090e+00 -5.688698172857540314e+00 -1.144073365449943580e+01
1.343948712453157945e+00 4.135079226730229607e+02 -1.098722200086074352e+00 -1.011874621225183901e+00 -6.203518852513418835e+00
1.340874078432901406e+00 4.067262798347896364e+02 -1.010952845177802928e+00 -4.043033454487273026e+00 -9.929393760302730243e+00
1.343287418981743420e+00 4.247972485850019098e+02 -1.121698690307583846e+00 -1.054099004916318805e+00 -8.467410902773570669e+00
1.342966875523844639e+00 4.248863745482102559e+02 -1.030521249354240609e+00 -1.061086743802952981e+00 -5.811761765533248081e+00
1.342793566052169485e+00 4.348647598422750775e+02 -1.020935238759284047e+00 -1.003927076997809920e+00 -1.007699154702411803e+01
1.341312415751512388e+00 4.025308301379351406e+02 -1.003735522521340684e+00 -6.103181654288951208e+00 -1.025186542450800076e+01
1.342945346583531485e+00 4.210445182978653520e+02 -1.031583868056854314e+00 -1.000228928599355527e+00 -6.385675887804332262e+00
1.340475979263549888e+00 4.039208318275940997e+02 -1.018877337094146185e+00 -4.345255853654162337e+00 -1.173881253009800041e+01
1.343140716263958812e+00 4.064127696085444086e+02 -1.014489799195240849e+00 -1.232806635632018200e+00 -1.121953676350839579e+01
1.343140716263958812e+00 4.064127696085444086e+02 -1.014489799195240849e+00 -1.232806635632018200e+00 -1.121953676350839579e+01
1.342895177537725138e+00 4.421384564278363882e+02 -1.023078243595406889e+00 -1.080953407858878279e+00 -7.632165618738315338e+00
1.341231939158851638e+00 4.003037724070189824e+02 -1.013782856229259011e+00 -4.028345865947523308e+00 -9.158921341259596005e+00
1.343567570694851110e+00 4.011340540514514146e+02 -1.211173600413502527e+00 -1.048278337114444625e+00 -8.737363941452590765e+00
1.343201696293860881e+00 4.287242146015251478e+02 -1.116486067121803316e+00 -1.048091461575932470e+00 -1.117388402136289827e+01
1.343028319578965624e+00 4.388933455063101974e+02 -1.013849722411318766e+00 -1.009061101237966440e+00 -5.960789573915479700e+00
1.343028319578965624e+00 4.388933455063101974e+02 -1.013849722411318766e+00 -1.009061101237966440e+00 -5.960789573915479700e+00
1.341039341701300236e+00 4.114306661013447979e+02 -1.006120698361300470e+00 -4.504849524821900708e+00 -1.177877085853940464e+01
1.342799449828660618e+00 4.126392122365771229e+02 -1.042786295344042102e+00 -1.080125363154488483e+00 -6.215054453463523032e+00
1.343190245265564187e+00 4.318932504228795892e+02 -1.080787225894304981e+00 -1.048107138232902358e+00 -6.983497260923881456e+00
1.342552713669644682e+00 4.071126063745409738e+02 -1.070476880132758879e+00 -1.161051394352300647e+00 -8.545103646340994175e+00
1.340475993972033431e+00 4.027278740486083279e+02 -1.018219044411447172e+00 -4.974588836877164688e+00 -1.059882190508993105e+01
1.340657323056807293e+00 4.021513422001174831e+02 -1.012003854198411545e+00 -4.830218712714541063e+00 -8.257681480101616955e+00
1.342551553472539405e+00 4.132443661468758478e+02 -1.059182330904675950e+00 -1.168889928926862609e+00 -1.056922770163986769e+01
1.340800048676065170e+00 4.030104655233021163e+02 -1.033001593161168685e+00 -5.258973427094733033e+00 -1.171366439994307740e+01
1.343177682257474803e+00 4.210908761828500246e+02 -1.238065824819734928e+00 -1.002192981811869998e+00 -9.750830260225075818e+00
1.343177682257474803e+00 4.210908761828500246e+02 -1.238065824819734928e+00 -1.002192981811869998e+00 -9.750830260225075818e+00
1.342504540368935517e+00 4.108716404664259016e+02 -1.005034616185348284e+00 -1.263563387712455466e+00 -1.091901763848532170e+01
1.340955196756316470e+00 4.027001536091943308e+02 -1.019952997765418701e+00 -5.834019792334641963e+00 -1.106496610235491218e+01
1.344102983686628727e+00 4.116425472796041163e+02 -1.041492990382783645e+00 -1.047929030286722352e+00 -7.243293142041375532e+00
1.343364405390816474e+00 4.207938080122748943e+02 -1.105369792793855055e+00 -1.054120777160896694e+00 -6.996608726123048072e+00
1.340611412355501741e+00 4.058403476253230906e+02 -1.022454674949045739e+00 -4.598804444634269295e+00 -1.176654504139330015e+01
1.340611412355501741e+00 4.058403476253230906e+02 -1.022454674949045739e+00 -4.598804444634269295e+00 -1.176654504139330015e+01
1.340823405516246014e+00 4.034888914416470698e+02 -1.003168554891917807e+00 -6.141974912342512916e+00 -1.003601423648051139e+01
1.342623620358633918e+00 4.084594597919460170e+02 -1.110113522658444651e+00 -1.095036638644298677e+00 -1.179335355263077290e+01
1.340707271757502150e+00 4.046702453989854575e+02 -1.014559327039469494e+00 -4.646573135816111311e+00 -8.459090750927790836e+00
1.340707271757502150e+00 4.046702453989854575e+02 -1.014559327039469494e+00 -4.646573135816111311e+00 -8.459090750927790836e+00
1.342749787624848867e+00 4.000178674727769703e+02 -1.226305174961478173e+00 -1.029389130130292429e+00 -1.021341775290104970e+01
1.340594457384544747e+00 4.039593425566210954e+02 -1.003270873457619672e+00 -4.946093455146491458e+00 -8.453149284651617634e+00
1.342774021452286526e+00 4.041575025737579381e+02 -1.032102651412490246e+00 -1.094291757321959935e+00 -6.248908522572979685e+00
1.343885511778288855e+00 4.030335739346019182e+02 -1.030009901942030126e+00 -1.126283846866838800e+00 -8.752415847647650793e+00
1.343885511778288855e+00 4.030335739346019182e+02 -1.030009901942030126e+00 -1.126283846866838800e+00 -8.752415847647650793e+00
1.343414239938125254e+00 4.311004627181521300e+02 -1.018818873217743004e+00 -1.084965164373308255e+00 -7.252947336589691929e+00
1.342798245175113925e+00 4.068985998882208719e+02 -1.058899025404386407e+00 -1.204053982310528070e+00 -1.179350721352356146e+01
1.342798245175113925e+00 4.068985998882208719e+02 -1.058899025404386407e+00 -1.204053982310528070e+00 -1.179350721352356146e+01
1.343091330601243305e+00 4.429339019520431293e+02 -1.114594489450029258e+00 -1.008553641387795352e+00 -1.071666858493205154e+01
1.342933679212036768e+00 4.095930197066938376e+02 -1.032057868683324386e+00 -1.019241293621620414e+00 -6.633435315863208892e+00
1.340785669810480973e+00 4.040135257964760740e+02 -1.023639199166797908e+00 -5.478191829955957992e+00 -1.031748807578487970e+01
1.340785669810480973e+00 4.040135257964760740e+02 -1.023639199166797908e+00 -5.478191829955957992e+00 -1.031748807578487970e+01
1.341306558892954026e+00 4.050026396167063467e+02 -1.000712208269387560e+00 -5.430651391701205810e+00 -9.233709285635535835e+00
1.342787082038954694e+00 4.184743711696750097e+02 -1.030017821042203963e+00 -1.176016046053227626e+00 -8.220252866914945500e+00
1.342787082038954694e+00 4.184743711696750097e+02 -1.030017821042203963e+00 -1.176016046053227626e+00 -8.220252866914945500e+00
1.341336772187414095e+00 4.017086274536280257e+02 -1.011023650528764861e+00 -5.456950741762681467e+00 -9.590289109060389450e+00
1.343341227133133531e+00 4.164989046198771234e+02 -1.072259446357792356e+00 -1.093129500239859553e+00 -7.188653341429591670e+00
1.343247179486287024e+00 4.402308906456754585e+02 -1.118781066331665741e+00 -1.004254511782626480e+00 -1.190704703567404010e+01
1.342756657691356104e+00 4.093953207509867980e+02 -1.019634011344303204e+00 -1.243505306605293015e+00 -9.650796682153025330e+00
1.342820970383360901e+00 4.158653954135456274e+02 -1.148232542154438818e+00 -1.067826582095339205e+00 -9.984238846110375931e+00
1.342444954787073597e+00 4.021161363332748238e+02 -1.021107515436105118e+00 -1.211670119657846101e+00 -8.408808190654092130e+00
1.343159544832296604e+00 4.252830621471022710e+02 -1.110739014394590995e+00 -1.058431582866289133e+00 -9.322249575066688720e+00
1.342661047997654622e+00 4.031684031612575154e+02 -1.003476325397601343e+00 -1.173514062987376150e+00 -6.359465753915173103e+00
1.342661047997654622e+00 4.031684031612575154e+02 -1.003476325397601343e+00 -1.173514062987376150e+00 -6.359465753915173103e+00
1.343695952315749675e+00 4.080680422461161356e+02 -1.201865577285502695e+00 -1.004753999318307223e+00 -7.013546938978015177e+00
1.343092947060727127e+00 4.516699080442389800e+02 -1.064602193200734348e+00 -1.010671069793534826e+00 -9.570585912338508194e+00
1.343153730517695932e+00 4.038868561279456344e+02 -1.042022064807285986e+00 -1.210940169068342342e+00 -1.175452108927818529e+01
1.340979406120115902e+00 4.133233682736303649e+02 -1.001893118728943932e+00 -4.892891905875051961e+00 -1.019538437668736108e+01
1.340979406120115902e+00 4.133233682736303649e+02 -1.001893118728943932e+00 -4.892891905875051961e+00 -1.019538437668736108e+01
1.343343780409736343e+00 4.460898531391633810e+02 -1.067619598879542053e+00 -1.009676098959550572e+00 -1.130060476014427451e+01
1.342714631177196027e+00 4.337479030517379783e+02 -1.014415232482408058e+00 -1.051221626179108526e+00 -1.145283823016625568e+01
1.342714631177196027e+00 4.337479030517379783e+02 -1.014415232482408058e+00 -1.051221626179108526e+00 -1.145283823016625568e+01
1.342565186924731702e+00 4.187935296647951873e+02 -1.010758056197834875e+00 -1.151313764227955616e+00 -1.030202898926915012e+01
1.342565186924731702e+00 4.187935296647951873e+02 -1.010758056197834875e+00 -1.151313764227955616e+00 -1.030202898926915012e+01
1.340662397540123507e+00 4.049032260126767824e+02 -1.013393696477708161e+00 -5.492853969741397613e+00 -1.039079942205556861e+01
1.340662397540123507e+00 4.049032260126767824e+02 -1.013393696477708161e+00 -5.492853969741397613e+00 -1.039079942205556861e+01
1.342990947042474570e+00 4.063496662463770122e+02 -1.019756568007089470e+00 -1.235925576932467962e+00 -1.158986994345697852e+01
1.340539970354202248e+00 4.018113919206818423e+02 -1.024162121966242012e+00 -4.988724819932965460e+00 -1.140615314964589722e+01
1.343222415282187665e+00 4.364574310321866051e+02 -1.085075294662804168e+00 -1.023386986598621817e+00 -7.348236843424119868e+00
1.342936907432321636e+00 4.456210531598388229e+02 -1.062082017810435985e+00 -1.017456967071455054e+00 -8.791031327002697182e+00
1.342952160998746036e+00 4.264399122498675752e+02 -1.147246188745461026e+00 -1.025500012216253864e+00 -8.601143665594097598e+00
1.342952160998746036e+00 4.264399122498675752e+02 -1.147246188745461026e+00 -1.025500012216253864e+00 -8.601143665594097598e+00
1.341308161023111678e+00 4.036542451115561789e+02 -1.009114894253555050e+00 -4.548240452924691368e+00 -9.437630587412501271e+00
1.342892429628833373e+00 4.146866149322333399e+02 -1.190011797435776231e+00 -1.053297459055519525e+00 -1.157273741898461061e+01
1.342808967615489291e+00 4.208320127616725586e+02 -1.065489709947843977e+00 -1.125128060012857034e+00 -8.683720472756427000e+00
1.343452756064418496e+00 4.062216236289593780e+02 -1.096860764181863956e+00 -1.079399108029718946e+00 -6.330662168912335908e+00
1.343452756064418496e+00 4.062216236289593780e+02 -1.096860764181863956e+00 -1.079399108029718946e+00 -6.330662168912335908e+00
1.343028641710383608e+00 4.286327427511609471e+02 -1.110394538397800446e+00 -1.036115115921891316e+00 -7.365365259432239853e+00
1.340876965757408223e+00 4.056520976755249990e+02 -1.002169060929858802e+00 -5.871254547529914269e+00 -1.033717036093183950e+01
1.340876965757408223e+00 4.056520976755249990e+02 -1.002169060929858802e+00 -5.871254547529914269e+00 -1.033717036093183950e+01
1.342836500071806549e+00 4.095978186372362870e+02 -1.079217004864295504e+00 -1.021128205679916690e+00 -1.165356248407282536e+01
1.342836500071806549e+00 4.095978186372362870e+02 -1.079217004864295504e+00 -1.021128205679916690e+00 -1.165356248407282536e+01
1.342988693038600578e+00 4.023679352857343474e+02 -1.011315954353966262e+00 -1.234836734506970402e+00 -6.733995227209835122e+00
1.342500789025181440e+00 4.040806537653501209e+02 -1.025921787797464901e+00 -1.260543497977396399e+00 -1.192708637212992606e+01
1.343588226569108146e+00 4.095272113908778238e+02 -1.186367426100469302e+00 -1.025266908418709377e+00 -8.119434967551441673e+00
1.340616132535687566e+00 4.071965465139629714e+02 -1.012382617013770414e+00 -4.817106031054093407e+00 -1.012846212605421314e+01
1.342966797584872918e+00 4.054748829929380349e+02 -1.050111725725603407e+00 -1.200711266677473077e+00 -9.487012287264679600e+00
1.343035145104941819e+00 4.181096078332801085e+02 -1.228014966414779252e+00 -1.005935596290118639e+00 -9.125878941339220063e+00
1.340926627530418358e+00 4.009273118076739593e+02 -1.013337221170271363e+00 -4.530287437239447712e+00 -8.090146393774325873e+00
1.342751441451600192e+00 4.157040728450028269e+02 -1.025833427796097652e+00 -1.188146685264106495e+00 -9.354407467981049606e+00
1.342648629827155160e+00 4.067510277653899493e+02 -1.026915701913809542e+00 -1.222578229771436042e+00 -8.043533333854750111e+00
1.343303231215596805e+00 4.068788154405802402e+02 -1.070026179407900457e+00 -1.140985098387192309e+00 -8.293470299210607521e+00
1.343665143353259150e+00 4.195093146635906010e+02 -1.147024867060135733e+00 -1.011159374812859113e+00 -9.320704813572948666e+00
1.342922344876995133e+00 4.166615721160453631e+02 -1.024851837356264284e+00 -1.026273330897810254e+00 -6.746580789550311152e+00
1.342922344876995133e+00 4.166615721160453631e+02 -1.024851837356264284e+00 -1.026273330897810254e+00 -6.746580789550311152e+00
1.342633764035176425e+00 4.060094835618256752e+02 -1.005100120657401064e+00 -1.129538144729451687e+00 -1.082945918057272294e+01
1.342623913161819615e+00 4.146046926150067407e+02 -1.066749724137801891e+00 -1.106955006926451546e+00 -1.110298476671462176e+01
1.343377891867065133e+00 4.242602757497583070e+02 -1.148037674214947401e+00 -1.024609337606783299e+00 -9.664339786785625108e+00
1.342942260805815469e+00 4.610477275343674819e+02 -1.010163757543661944e+00 -1.001811078189721371e+00 -8.721844614699742593e+00
1.342942260805815469e+00 4.610477275343674819e+02 -1.010163757543661944e+00 -1.001811078189721371e+00 -8.721844614699742593e+00
1.343620123589750470e+00 4.076193288629871745e+02 -1.045967981223903109e+00 -1.120340396364454705e+00 -7.894595960977501825e+00
1.344071751235154766e+00 4.146946561155978657e+02 -1.008350970105535538e+00 -1.072781011351025882e+00 -1.198177940488323934e+01
1.344071751235154766e+00 4.146946561155978657e+02 -1.008350970105535538e+00 -1.072781011351025882e+00 -1.198177940488323934e+01
1.342854084416169158e+00 4.069453324759138013e+02 -1.080029399825010117e+00 -1.094694362433441981e+00 -6.498456552171966827e+00
1.342854084416169158e+00 4.069453324759138013e+02 -1.080029399825010117e+00 -1.094694362433441981e+00 -6.498456552171966827e+00
1.340774122884622610e+00 4.046154870154840069e+02 -1.001814190779947822e+00 -5.257109714251852139e+00 -8.386308358509992900e+00
1.341102484944131312e+00 4.027314316631304791e+02 -1.020896994282569636e+00 -4.374102520510168901e+00 -1.120434623263535201e+01
1.340525762414212840e+00 4.076573740064238223e+02 -1.003005323540168803e+00 -4.565643416342580529e+00 -1.088982537412849183e+01
1.340955782770071547e+00 4.071353764835019433e+02 -1.005427847553731269e+00 -5.242637550055063045e+00 -9.069295239380601004e+00
1.340955782770071547e+00 4.071353764835019433e+02 -1.005427847553731269e+00 -5.242637550055063045e+00 -9.069295239380601004e+00
1.340754767172632977e+00 4.076090177763841211e+02 -1.009092845001417160e+00 -4.582930182621378634e+00 -9.178477975339928818e+00
1.343063852432675676e+00 4.073552544819453374e+02 -1.242355799997534760e+00 -1.034909746238406925e+00 -1.084852801806786537e+01
1.343063852432675676e+00 4.073552544819453374e+02 -1.242355799997534760e+00 -1.034909746238406925e+00 -1.084852801806786537e+01
1.343512570264314032e+00 4.289635130037801787e+02 -1.066805635004261177e+00 -1.045750392326510791e+00 -8.582499472038508159e+00
1.342582011143381271e+00 4.126459215255516710e+02 -1.019235361569519327e+00 -1.165745055758963034e+00 -7.960160032651227624e+00
1.343409528398283204e+00 4.070435723814397875e+02 -1.036576475479606074e+00 -1.144561737576935911e+00 -7.005165990884181682e+00
1.342854131464652712e+00 4.092005429977975837e+02 -1.009137673571048666e+00 -1.055705106961726258e+00 -7.236633151533691688e+00
1.342829508575861697e+00 4.417454423853572507e+02 -1.014712209336821047e+00 -1.053708524743750985e+00 -7.784764067129691156e+00
1.343080538901890719e+00 4.350607759928813039e+02 -1.050718885526480406e+00 -1.068159262120271791e+00 -1.110922186232004272e+01
1.343473092865533847e+00 4.020104965221952966e+02 -1.106390032138387269e+00 -1.114293302762490612e+00 -8.783280407678223156e+00
1.341036329906157176e+00 4.001620814105016848e+02 -1.008143621735912987e+00 -6.230749107276431609e+00 -1.107622386983438467e+01
1.340880944595017166e+00 4.126262682279095202e+02 -1.002611202201254770e+00 -5.071921836600170153e+00 -1.088251521713669057e+01
1.340662352058392681e+00 4.051990969954749744e+02 -1.010175441857830592e+00 -5.292250451151062407e+00 -1.121762014362598059e+01
1.340855903535504989e+00 4.012521418465972260e+02 -1.018667450539837205e+00 -4.409874469906625905e+00 -8.610765962287574737e+00
1.343598461173700631e+00 4.112308363549917658e+02 -1.005890014081582962e+00 -1.151973510428721426e+00 -8.754260654677326059e+00
1.340971597431272144e+00 4.027742865227844504e+02 -1.027847718138072963e+00 -4.941863038362792615e+00 -1.158883662042869211e+01
1.340993531570848774e+00 4.004251338843418466e+02 -1.009306588767323376e+00 -5.841474163983916057e+00 -9.011955074108488617e+00
1.342733486271131538e+00 4.058971332004342685e+02 -1.121138266335893974e+00 -1.114399136153140901e+00 -1.096908489793049313e+01
1.340808252142304369e+00 4.117112352118393233e+02 -1.006046072569880323e+00 -4.791854443462074897e+00 -1.061241785287719175e+01
1.340808252142304369e+00 4.117112352118393233e+02 -1.006046072569880323e+00 -4.791854443462074897e+00 -1.061241785287719175e+01
1.342854525536457899e+00 4.026899262192691253e+02 -1.244368157666293939e+00 -1.043777633536805638e+00 -9.976262353346633915e+00
1.343061236284893267e+00 4.189149737903548498e+02 -1.004993342594206140e+00 -1.166344323377986214e+00 -7.309850818648385484e+00
1.343061236284893267e+00 4.189149737903548498e+02 -1.004993342594206140e+00 -1.166344323377986214e+00 -7.309850818648385484e+00
1.341110076162340015e+00 4.028471403099675854e+02 -1.012056268177222051e+00 -5.400600899878084782e+00 -9.092637163178636683e+00
1.342991792514136362e+00 4.264210943705533623e+02 -1.078313718914960972e+00 -1.069813287988004902e+00 -7.906568970608066849e+00
1.342991792514136362e+00 4.264210943705533623e+02 -1.078313718914960972e+00 -1.069813287988004902e+00 -7.906568970608066849e+00
1.340769674801069788e+00 4.062315995878391846e+02 -1.016556952631805899e+00 -4.476745050755145172e+00 -1.139561231294928767e+01
1.341218514908334880e+00 4.044244448172293005e+02 -1.009533697599884761e+00 -5.224446569324399547e+00 -9.665537190943808810e+00
1.341218514908334880e+00 4.044244448172293005e+02 -1.009533697599884761e+00 -5.224446569324399547e+00 -9.665537190943808810e+00
1.342738834560518235e+00 4.130885392849412483e+02 -1.010738551919207140e+00 -1.196842528939814798e+00 -7.276083597718888463e+00
1.340815641032385486e+00 4.054857474582900068e+02 -1.009197820142411217e+00 -5.057550736642979494e+00 -9.007655533972920736e+00
1.341282338199515367e+00 4.004344011330174453e+02 -1.000390278814096590e+00 -6.243475053585667567e+00 -1.030167263971850566e+01
1.340575776161899491e+00 4.036559890580134038e+02 -1.000364167649630431e+00 -4.928736559583112076e+00 -8.987003277063754680e+00
1.340576128777104969e+00 4.036977825591290525e+02 -1.001356644805735385e+00 -4.276348359553315603e+00 -9.027075483648344445e+00
1.342730348381774963e+00 4.013488970100140136e+02 -1.133871864111171135e+00 -1.135182819113149222e+00 -9.738773021616299985e+00
1.342766292828459829e+00 4.130844483466830752e+02 -1.129859030161455280e+00 -1.082041097001722463e+00 -1.081463786056390397e+01
1.343058496934439461e+00 4.325067968700678875e+02 -1.061700761798029191e+00 -1.073048065306025478e+00 -9.633572167660386043e+00
1.343148879516871563e+00 4.296228751762085381e+02 -1.125956903733044356e+00 -1.027915250594789498e+00 -1.164266550911289499e+01
1.343148879516871563e+00 4.296228751762085381e+02 -1.125956903733044356e+00 -1.027915250594789498e+00 -1.164266550911289499e+01
1.342622176491407693e+00 4.027255193660859049e+02 -1.071790226701608617e+00 -1.118127536622443685e+00 -1.198330417954684357e+01
1.342622176491407693e+00 4.027255193660859049e+02 -1.071790226701608617e+00 -1.118127536622443685e+00 -1.198330417954684357e+01
1.342821219711416658e+00 4.106021680942789089e+02 -1.167449052991365477e+00 -1.026719181787015600e+00 -1.152684197506040675e+01
1.343037556425968448e+00 4.427080718288547132e+02 -1.052540574327698764e+00 -1.042110384875734042e+00 -1.037964600347785549e+01
1.343477783352672983e+00 4.042055449233837408e+02 -1.177931455234576319e+00 -1.058572555421813277e+00 -1.036596294115407524e+01
1.340498469067805676e+00 4.011773410643136231e+02 -1.009303153569902634e+00 -4.640759876248816695e+00 -1.105895299754002359e+01
1.340634268061420942e+00 4.026215482100702161e+02 -1.020701278646749088e+00 -4.307065508207800875e+00 -1.153078379606586878e+01
1.342639782012875260e+00 4.112520873326326978e+02 -1.044249932425381999e+00 -1.118078026655924262e+00 -1.028054035658667509e+01
1.340803082885248854e+00 4.013166609266850173e+02 -1.026010963463788173e+00 -4.289465177771626614e+00 -1.033172489807736127e+01
1.341011681498526897e+00 4.047936067937431517e+02 -1.012874591156771586e+00 -5.370654291271274694e+00 -9.659933446316369299e+00
1.343220568859432085e+00 4.193676141076242061e+02 -1.215520180897410540e+00 -1.002313574568368892e+00 -1.090783252506011181e+01
1.343220568859432085e+00 4.193676141076242061e+02 -1.215520180897410540e+00 -1.002313574568368892e+00 -1.090783252506011181e+01
1.343687890229450010e+00 4.085508802343219372e+02 -1.011743716004954052e+00 -1.141408358787977306e+00 -1.142176270295773222e+01
1.343687890229450010e+00 4.085508802343219372e+02 -1.011743716004954052e+00 -1.141408358787977306e+00 -1.142176270295773222e+01
1.343441906836827515e+00 4.292072830437171547e+02 -1.133728056981441412e+00 -1.005278316533818384e+00 -1.048283016489497399e+01
1.342742082000362158e+00 4.039218751158177270e+02 -1.047435883332335393e+00 -1.224794899772158274e+00 -1.075226591662917386e+01
1.342742082000362158e+00 4.039218751158177270e+02 -1.047435883332335393e+00 -1.224794899772158274e+00 -1.075226591662917386e+01
1.344172936517600503e+00 4.093708262408532050e+02 -1.022848688652805649e+00 -1.057692512609191837e+00 -1.036399996674116153e+01
1.344172936517600503e+00 4.093708262408532050e+02 -1.022848688652805649e+00 -1.057692512609191837e+00 -1.036399996674116153e+01
1.343436615050736638e+00 4.072063905132838499e+02 -1.003875960078984164e+00 -1.171263225455856372e+00 -7.049956905090375869e+00
1.343436615050736638e+00 4.072063905132838499e+02 -1.003875960078984164e+00 -1.171263225455856372e+00 -7.049956905090375869e+00
1.343163930153165264e+00 4.116118928022626733e+02 -1.053377013913689098e+00 -1.119535890939827638e+00 -6.574075890433172198e+00
1.340792038658283891e+00 4.014303524859724348e+02 -1.030804881155047426e+00 -4.977057614589607937e+00 -1.121557453543456084e+01
1.343436388909940105e+00 4.042327013648396701e+02 -1.104607776179511447e+00 -1.105317179863737564e+00 -7.813912460570200835e+00
1.342962528274531886e+00 4.253790150099729317e+02 -1.051065412744566885e+00 -1.102415878587953202e+00 -9.570076992491930667e+00
1.342795044087148337e+00 4.039437244742978237e+02 -1.150263661296724749e+00 -1.110976787859202730e+00 -1.167977603644530049e+01
1.341018548744117522e+00 4.056350090664809045e+02 -1.011033810659867527e+00 -4.609533239036160523e+00 -9.639399177965342957e+00
1.341037025864757481e+00 4.094926682726099330e+02 -1.002693932545261291e+00 -5.207017436644083119e+00 -1.168038741118845358e+01
1.341037025864757481e+00 4.094926682726099330e+02 -1.002693932545261291e+00 -5.207017436644083119e+00 -1.168038741118845358e+01
1.343794805111307777e+00 4.139038911717687483e+02 -1.077172508997970013e+00 -1.055830033459088213e+00 -1.065905175604565613e+01
1.343110619739158462e+00 4.102668132979289908e+02 -1.130616630892083307e+00 -1.093328715946773499e+00 -1.065499960620409503e+01
1.340773211396506293e+00 4.041505330883770171e+02 -1.023366969058738363e+00 -4.490616619509331997e+00 -1.192208439393281516e+01
1.340773211396506293e+00 4.041505330883770171e+02 -1.023366969058738363e+00 -4.490616619509331997e+00 -1.192208439393281516e+01
1.343094803308253038e+00 4.052854012862205764e+02 -1.150340088538806427e+00 -1.090361785388013871e+00 -8.468666128533646642e+00
1.342971671178616377e+00 4.152042395132448291e+02 -1.012462302300093597e+00 -1.190117298567177073e+00 -1.073507136401834750e+01
1.340622721939352946e+00 4.015461229411814656e+02 -1.014020643197989457e+00 -4.124491769713786837e+00 -1.169401100252336612e+01
1.343383139583084196e+00 4.197461751046777749e+02 -1.049356882234977917e+00 -1.005050656227219008e+00 -5.292444736434445574e+00
1.342720977419775918e+00 4.050868530923984281e+02 -1.085266054986155027e+00 -1.145918882044149711e+00 -1.031046405331445293e+01
1.343276480832493514e+00 4.488321834244169395e+02 -1.044666506546382934e+00 -1.009006485308155732e+00 -8.230348162230715303e+00
1.343276480832493514e+00 4.488321834244169395e+02 -1.044666506546382934e+00 -1.009006485308155732e+00 -8.230348162230715303e+00
1.343537339073502812e+00 4.105000850245467632e+02 -1.016783858297630516e+00 -1.143081389478080467e+00 -7.838858530120952572e+00
1.342765137641962037e+00 4.186651294788228483e+02 -1.038648024476675147e+00 -1.144236506612688942e+00 -1.046789217771947023e+01
1.342771716579008512e+00 4.133523004655517070e+02 -1.002613645575008761e+00 -1.229142981643573052e+00 -8.971631269422875476e+00
1.343077101123844486e+00 4.433353258685308447e+02 -1.065188257171522324e+00 -1.023052461449539763e+00 -8.748376587196148080e+00
1.342693342491910080e+00 4.192498071438391207e+02 -1.005546761403332212e+00 -1.181089244728704912e+00 -1.169920396281901631e+01
1.343436475381529771e+00 4.021585228850562430e+02 -1.110616629702754210e+00 -1.106588450583483763e+00 -7.952369082930745847e+00
1.343048353316743215e+00 4.511017498364137737e+02 -1.047700001843191231e+00 -1.006189744436504441e+00 -1.102425879862527403e+01
1.342914668262759292e+00 4.087503864372721978e+02 -1.061101942737975534e+00 -1.031051854555485647e+00 -7.086772238659677647e+00
1.342914668262759292e+00 4.087503864372721978e+02 -1.061101942737975534e+00 -1.031051854555485647e+00 -7.086772238659677647e+00
1.344033715494823422e+00 4.033125410673480928e+02 -1.028352433301908064e+00 -1.093968881910532431e+00 -8.462800239902273702e+00
1.343368823768616327e+00 4.125625424987129009e+02 -1.147072664823445720e+00 -1.056170790750190491e+00 -1.111059611827377935e+01
1.342677221918421981e+00 4.093569384883181215e+02 -1.057197865043967511e+00 -1.111539793896518802e+00 -1.187171425969293637e+01
1.340723090642148785e+00 4.024890849267457611e+02 -1.000509390160498668e+00 -5.009754234389501626e+00 -8.371998096474232653e+00
1.340723090642148785e+00 4.024890849267457611e+02 -1.000509390160498668e+00 -5.009754234389501626e+00 -8.371998096474232653e+00
1.343467410788998118e+00 4.218582227460532295e+02 -1.134467968168332064e+00 -1.025162146462236024e+00 -1.182018221370420719e+01
1.343160464578748714e+00 4.479346251474735254e+02 -1.026559137227597063e+00 -1.018677481133504870e+00 -7.402582098370190877e+00
1.343953261632673479e+00 4.110954801346450154e+02 -1.023971973923043066e+00 -1.016772771864543401e+00 -5.145382985665717612e+00
1.343078103716196514e+00 4.127893996827166347e+02 -1.191000491255749694e+00 -1.042967064145026157e+00 -1.134633751502752297e+01
1.342680396624715833e+00 4.154327341040237798e+02 -1.013731329730997999e+00 -1.142702719746093720e+00 -8.459483088693836805e+00
1.343585233000219814e+00 4.168655077358122298e+02 -1.029359672776195112e+00 -1.103172917603913561e+00 -9.416242284334064294e+00
1.343746083312774342e+00 4.124482916798567089e+02 -1.043165429940287936e+00 -1.089289486498028481e+00 -8.673163355801136731e+00
1.342841156716621853e+00 4.157012794240679341e+02 -1.027131071776427262e+00 -1.046801417847044391e+00 -1.064031527522173093e+01
1.343047746887446880e+00 4.094188844804857013e+02 -1.002166395760909268e+00 -1.120083240416230197e+00 -5.768664444383484025e+00
1.342912370926449439e+00 4.247984612794012378e+02 -1.136964330546513580e+00 -1.002317832129790531e+00 -8.378880396464843727e+00
1.340999311537592664e+00 4.033747311066707653e+02 -1.006009738102758178e+00 -5.876300829822895366e+00 -1.107257434549103436e+01
1.342971165121448873e+00 4.183942193155946256e+02 -1.131978260460623886e+00 -1.055836460296005086e+00 -9.557806334696348216e+00
1.343650540206500210e+00 4.003785592884388507e+02 -1.054714482096304806e+00 -1.135943253783070261e+00 -1.156560066902572004e+01
1.340692079421188287e+00 4.047519488350176289e+02 -1.019588611553889024e+00 -4.852367653153320859e+00 -1.119368555079609351e+01
1.343351842384952421e+00 4.311773477511349029e+02 -1.128322622593131541e+00 -1.006357832451186596e+00 -1.156624805488263874e+01
1.343241343330686233e+00 4.174935284746086381e+02 -1.022791792315272730e+00 -1.141660310016147761e+00 -8.431069014286132202e+00
1.343241343330686233e+00 4.174935284746086381e+02 -1.022791792315272730e+00 -1.141660310016147761e+00 -8.431069014286132202e+00
1.342847998544559829e+00 4.020877473907890476e+02 -1.005856519440833097e+00 -1.068698221441207963e+00 -9.352200217704670138e+00
1.344129835659727989e+00 4.007415079421437554e+02 -1.093258064358522574e+00 -1.038721035691443362e+00 -8.586293981824663746e+00
1.340603125754536773e+00 4.016915517730964780e+02 -1.012955880209350568e+00 -4.311159915716207713e+00 -1.012958535086630540e+01
1.343071617722985556e+00 4.517761030244676022e+02 -1.034186470790578127e+00 -1.013337782330488324e+00 -1.123836371060661143e+01
1.342953372785919530e+00 4.196045947959775049e+02 -1.130511164015794989e+00 -1.029789362735508362e+00 -7.653480222215802264e+00
1.342953372785919530e+00 4.196045947959775049e+02 -1.130511164015794989e+00 -1.029789362735508362e+00 -7.653480222215802264e+00
1.342809517007254927e+00 4.294095054421769646e+02 -1.025792065132627329e+00 -1.094726386432713028e+00 -9.535083039051222897e+00
1.342828045701389472e+00 4.044325929840466074e+02 -1.021884043635932215e+00 -1.212831014610449287e+00 -7.067219306891348474e+00
1.343130094204450842e+00 4.296092773547221668e+02 -1.018382349667460218e+00 -1.110484557839406250e+00 -1.003287409072215297e+01
1.343153293976504070e+00 4.244989867288380196e+02 -1.065172559245645800e+00 -1.071348595146766058e+00 -7.124008950818638830e+00
1.343008597158048767e+00 4.238252955764289709e+02 -1.137644157244855236e+00 -1.036357059099021427e+00 -1.199610547816703487e+01
1.343331117703087108e+00 4.311953647266125813e+02 -1.103700996688358416e+00 -1.021966991089543697e+00 -9.091913601095050979e+00
1.341035823043224218e+00 4.090014658476301292e+02 -1.000457285163442123e+00 -5.292471261928199056e+00 -1.106122982656868281e+01
1.343504257742893060e+00 4.223674396389299091e+02 -1.041627783019906772e+00 -1.082525259062894207e+00 -8.607136507919598500e+00
1.343045091606539732e+00 4.075418469976416986e+02 -1.097888590800895514e+00 -1.126722327995912210e+00 -1.048969511555826450e+01
1.342843336039763802e+00 4.017515411273085419e+02 -1.192313995497620738e+00 -1.047741747499063791e+00 -8.516922132267049861e+00
1.341104978573110396e+00 4.007000929236891693e+02 -1.006293398655268234e+00 -3.836933201938844462e+00 -1.036381678282509000e+01
1.341104978573110396e+00 4.007000929236891693e+02 -1.006293398655268234e+00 -3.836933201938844462e+00 -1.036381678282509000e+01
1.342754373241224375e+00 4.023958075882711682e+02 -1.058805334197042924e+00 -1.081529243666732754e+00 -9.817148760613410019e+00
1.340535014260956226e+00 4.000372277895623370e+02 -1.006537634170038942e+00 -4.640756361452164747e+00 -1.051724574869573914e+01
1.340535014260956226e+00 4.000372277895623370e+02 -1.006537634170038942e+00 -4.640756361452164747e+00 -1.051724574869573914e+01
1.340643955874709192e+00 4.041578897143120344e+02 -1.009225013559921891e+00 -5.103933742935831575e+00 -1.012551422025425119e+01
1.340643955874709192e+00 4.041578897143120344e+02 -1.009225013559921891e+00 -5.103933742935831575e+00 -1.012551422025425119e+01
1.342693767336595290e+00 4.160207980923100308e+02 -1.012405196864834878e+00 -1.162061052359288027e+00 -1.044603434937742925e+01
1.344273670569234636e+00 4.054766970665847339e+02 -1.059958175231937361e+00 -1.017682590899157802e+00 -7.485549794574050786e+00
1.342781156739892623e+00 4.053211491296745521e+02 -1.106999506887799356e+00 -1.109177156734784120e+00 -1.153247998835383648e+01
1.343389640523588335e+00 4.219342792555704023e+02 -1.021724264481390421e+00 -1.089661684066825842e+00 -6.696204453522700106e+00
1.343092446486436220e+00 4.049557523006361635e+02 -1.013186577948806288e+00 -1.231636343322309202e+00 -1.050647646711791872e+01
1.343246568210154646e+00 4.251600647492255689e+02 -1.110329132955838460e+00 -1.036460865011141763e+00 -1.062244057559616905e+01
1.340821677991196337e+00 4.025885149959868272e+02 -1.024177608313047827e+00 -4.991879892195840718e+00 -1.152662398201741922e+01
1.343490989924934542e+00 4.085781638614956250e+02 -1.083440356911559377e+00 -1.027099298025692775e+00 -5.448923114338868778e+00
1.341231806320063003e+00 4.052330669445422018e+02 -1.003667674828466971e+00 -5.056794200237951564e+00 -1.078072169255399437e+01
1.343482431367246654e+00 4.027877628562174550e+02 -1.217168071681211217e+00 -1.033604909436638408e+00 -9.305572001331400500e+00
1.343210742363148524e+00 4.047691555050546981e+02 -1.065056077440663884e+00 -1.161537521439797160e+00 -1.177352632755621009e+01
1.343780775776922010e+00 4.115446364318040082e+02 -1.089629060657586024e+00 -1.047316311293517543e+00 -7.911849056695252180e+00
1.343328583519382224e+00 4.238840645171399615e+02 -1.074860661130982109e+00 -1.068429669471630206e+00 -9.800933676904366010e+00
1.343327748102579822e+00 4.402903451574097744e+02 -1.016652599618927511e+00 -1.048054419909929535e+00 -7.636164945117291047e+00
1.342771102144705297e+00 4.184058052088662407e+02 -1.038692840528256056e+00 -1.080635278516611564e+00 -1.167345457019779609e+01
1.343204722831101927e+00 4.003925982818649913e+02 -1.040098007154618642e+00 -1.153416923465247379e+00 -6.209857428911825572e+00
1.342721816823256642e+00 4.012643978335746056e+02 -1.117728194062813429e+00 -1.107119721684345137e+00 -1.033087802691644974e+01
1.342721816823256642e+00 4.012643978335746056e+02 -1.117728194062813429e+00 -1.107119721684345137e+00 -1.033087802691644974e+01
1.340959205513807762e+00 4.030282206063769763e+02 -1.008559488549563454e+00 -4.269247896057319913e+00 -8.814957390601005471e+00
1.344101188197869279e+00 4.046584817947104966e+02 -1.103695975082828795e+00 -1.007600977415238575e+00 -6.440629214686860671e+00
1.344101188197869279e+00 4.046584817947104966e+02 -1.103695975082828795e+00 -1.007600977415238575e+00 -6.440629214686860671e+00
1.342865753833706099e+00 4.149758158268343777e+02 -1.143724517112163497e+00 -1.022809869211142697e+00 -1.198676925005625371e+01
1.342893073266207438e+00 4.072677601566462613e+02 -1.069994562665725013e+00 -1.156897329466758606e+00 -1.088484485968066018e+01
1.343623381412531348e+00 4.086456007157090085e+02 -1.101829175442787800e+00 -1.062432902290371572e+00 -7.708117311405441541e+00
1.342861928500784341e+00 4.104353002289344090e+02 -1.143020347597044406e+00 -1.032711890704426594e+00 -1.035159764751731792e+01
1.343268025250298203e+00 4.116194435375039689e+02 -1.126564317904248824e+00 -1.075630244734071539e+00 -1.123722842851210935e+01
1.343061534030187909e+00 4.350374840955658442e+02 -1.006707497275289853e+00 -1.091145101900096392e+00 -8.456490396937759613e+00
1.342843611389897385e+00 4.004095757283142802e+02 -1.010150287544668402e+00 -1.098555851942782269e+00 -6.823908270703520351e+00
1.343173672929268037e+00 4.076145029662708907e+02 -1.044159360076585941e+00 -1.167006585757796699e+00 -1.071593219255129981e+01
1.343173672929268037e+00 4.076145029662708907e+02 -1.044159360076585941e+00 -1.167006585757796699e+00 -1.071593219255129981e+01
1.343172064773531016e+00 4.286548288732506080e+02 -1.130320160621636205e+00 -1.014212000310292794e+00 -9.792794669004040387e+00
1.342983122624909376e+00 4.135623181234518029e+02 -1.016192086263032479e+00 -1.190548800743224334e+00 -8.771437014404369847e+00
1.343356613029065061e+00 4.480952238699234158e+02 -1.006645320190195037e+00 -1.032652557828928508e+00 -8.993650060219714248e+00
1.343356613029065061e+00 4.480952238699234158e+02 -1.006645320190195037e+00 -1.032652557828928508e+00 -8.993650060219714248e+00
1.344091167730782521e+00 4.134658453310021287e+02 -1.018725004529942524e+00 -1.039653526183991872e+00 -6.607006933260696435e+00
1.343014623344076508e+00 4.086018261188526708e+02 -1.162920638496096615e+00 -1.066902919745755796e+00 -1.037094561584979502e+01
1.342918539092227359e+00 4.104270931782916705e+02 -1.010678642793511273e+00 -1.137361584466946240e+00 -6.354533590620460970e+00
1.342939158653110976e+00 4.250589650762444194e+02 -1.023337785566477365e+00 -1.034542451964231446e+00 -7.233226409994221839e+00
1.342621775807169460e+00 4.029550031866511972e+02 -1.025001318260891026e+00 -1.153758895950019792e+00 -9.461844108474393167e+00
1.343611960466218447e+00 4.228896870318033052e+02 -1.000498695684997941e+00 -1.065795541933585611e+00 -6.089601346091890299e+00
1.341316077768650583e+00 4.022257873559361201e+02 -1.009560540551797558e+00 -4.644381578292232859e+00 -1.176931522366674621e+01
1.342926770797998381e+00 4.038330915317201288e+02 -1.226974591584870211e+00 -1.003829624792878406e+00 -9.922404522851095976e+00
1.343803128817182113e+00 4.034634112087480844e+02 -1.157089774059286924e+00 -1.031398052357415551e+00 -8.958695706838707196e+00
1.343803128817182113e+00 4.034634112087480844e+02 -1.157089774059286924e+00 -1.031398052357415551e+00 -8.958695706838707196e+00
1.342898098833201770e+00 4.097699942061548199e+02 -1.075387159216761646e+00 -1.140182802756124048e+00 -1.058144788867151576e+01
1.342876118341275848e+00 4.172649100172341150e+02 -1.097805365461109517e+00 -1.041200526573584639e+00 -9.056234733420559735e+00
1.342974285791405764e+00 4.331041596726236662e+02 -1.061178569572090780e+00 -1.041440583167478451e+00 -7.934774955551789688e+00
1.342953105566691230e+00 4.102651758771829691e+02 -1.082503594131733138e+00 -1.130490972482872891e+00 -1.122276555944729104e+01
1.343347304848925283e+00 4.147737080494395059e+02 -1.106117408778352740e+00 -1.037323665057407140e+00 -6.251892808685530767e+00
1.340902551070108473e+00 4.068673022800367676e+02 -1.008652597491371594e+00 -4.955679986149454486e+00 -1.070928323906397850e+01
1.343076148266144632e+00 4.448085875993313039e+02 -1.035250411655306735e+00 -1.030301109602952181e+00 -8.244367867232945457e+00
1.343599549301577323e+00 4.108936898903930910e+02 -1.178065625077737266e+00 -1.016108396826034266e+00 -1.160147057926140945e+01
1.342914592294965903e+00 4.048011546434547085e+02 -1.204540626587553120e+00 -1.006739195744245308e+00 -1.135383595529319045e+01
1.341092060277892628e+00 4.005346233610433160e+02 -1.001134475545454094e+00 -4.921013894748227813e+00 -7.991426742592901533e+00
1.343418674330426610e+00 4.028193108521932686e+02 -1.004844995812652186e+00 -1.205794822276875067e+00 -1.049536583138461410e+01
1.340584239587996329e+00 4.019131294315674268e+02 -1.008791485847389424e+00 -4.541487907947518110e+00 -1.046736267661251141e+01
1.343783151529952979e+00 4.176305284842138690e+02 -1.000138644092434248e+00 -1.096563491073554886e+00 -1.124405449290796710e+01
1.343344568917498760e+00 4.329662814041814727e+02 -1.110031949335349211e+00 -1.006770495125627107e+00 -8.847699690512321524e+00
1.340943866232283233e+00 4.033685790562228703e+02 -1.017295209223453512e+00 -4.391308095625796604e+00 -1.141951588694497133e+01
1.340868783451339308e+00 4.010848814774781204e+02 -1.001764187791000182e+00 -3.775113623942672803e+00 -1.022159125833589499e+01
1.340868783451339308e+00 4.010848814774781204e+02 -1.001764187791000182e+00 -3.775113623942672803e+00 -1.022159125833589499e+01
1.342732654509305235e+00 4.090074178067738444e+02 -1.011999502053962274e+00 -1.112036383170980969e+00 -9.745562794794722095e+00
1.342732654509305235e+00 4.090074178067738444e+02 -1.011999502053962274e+00 -1.112036383170980969e+00 -9.745562794794722095e+00
1.342774052068518742e+00 4.209396931217947326e+02 -1.012860537577271458e+00 -1.148250121739208041e+00 -1.031962161994597338e+01
1.343121120203169427e+00 4.362790926432915057e+02 -1.011352991932522372e+00 -1.051524714103688751e+00 -6.999204562642923122e+00
1.343319932069619416e+00 4.065516316487673976e+02 -1.127923957587775305e+00 -1.082069482590943821e+00 -1.045321113781103861e+01
1.343029629088940746e+00 4.186962207259679190e+02 -1.119183462847013644e+00 -1.055603112879657246e+00 -9.746378960696995719e+00
1.342755635557249638e+00 4.227591518619449289e+02 -1.011038989238421948e+00 -1.094457400944069292e+00 -1.033154487692836909e+01
1.342905797139034574e+00 4.081245578608361484e+02 -1.148608751187721211e+00 -1.064119330088015403e+00 -1.084714459203776116e+01
1.342947282107229467e+00 4.034999249943907671e+02 -1.189593117440965742e+00 -1.066098895165408678e+00 -9.844044953716615254e+00
1.343675078394356515e+00 4.353286855019913446e+02 -1.037462877732576061e+00 -1.017179361376900459e+00 -9.371282868675804067e+00
1.340811562584723671e+00 4.069078193866698712e+02 -1.004039695485495542e+00 -4.296235256492725973e+00 -1.140000931409078788e+01
1.343763758893535831e+00 4.109364932900735425e+02 -1.047490537028822999e+00 -1.040985671608570584e+00 -5.812287784567873317e+00
1.342746460378544171e+00 4.146280437886873074e+02 -1.055660176739381839e+00 -1.095128108545331713e+00 -1.069293076411240229e+01
1.342807088422478312e+00 4.090398393401487169e+02 -1.057599836571066376e+00 -1.070245747137295922e+00 -1.010319736085964415e+01
1.343018933310272445e+00 4.029177489878365463e+02 -1.180309199058168446e+00 -1.070004375080186421e+00 -8.026783164113867386e+00
1.342838084914270924e+00 4.119268099089270549e+02 -1.114712482084550871e+00 -1.064479628387291044e+00 -1.143122353857286022e+01
1.342838084914270924e+00 4.119268099089270549e+02 -1.114712482084550871e+00 -1.064479628387291044e+00 -1.143122353857286022e+01
1.342860127234704271e+00 4.103381351673215249e+02 -1.111354032712599249e+00 -1.063816459354956834e+00 -8.132870371983516478e+00
1.342954910564639670e+00 4.238439077078872401e+02 -1.104120326144887088e+00 -1.014205777716354007e+00 -7.826153462217718904e+00
1.340826489874833216e+00 4.061255308522082714e+02 -1.009365681807443238e+00 -4.937255872873822504e+00 -1.158468990448608693e+01
1.342919037602270604e+00 4.199612829506746152e+02 -1.041100490782428167e+00 -1.059143312592285113e+00 -7.082093286792100706e+00
1.340929133180940758e+00 4.006935613138089707e+02 -1.014638375413856153e+00 -5.555585110387606385e+00 -1.051068587553630529e+01
1.342812946781001049e+00 4.199044671965446014e+02 -1.038818283456407698e+00 -1.075134205266554233e+00 -8.934304689552316603e+00
1.343050809041079097e+00 4.345354307994047645e+02 -1.080537867069104152e+00 -1.028928307646376439e+00 -9.169445777607018400e+00
1.342958455068967716e+00 4.236549147454330750e+02 -1.049118502043809187e+00 -1.032179407198354326e+00 -6.983164644514660679e+00
1.343016928355781792e+00 4.142028757887114807e+02 -1.085370232002953017e+00 -1.071760164427443485e+00 -6.805015662739529958e+00
1.343182417280643914e+00 4.092004508171254429e+02 -1.158120169929839349e+00 -1.060135120414116727e+00 -1.013215966426784576e+01
1.342822913081752834e+00 4.026453943368805994e+02 -1.064065735983380279e+00 -1.186649738748570826e+00 -1.066892537690005582e+01
1.342838796485308572e+00 4.347512522344496801e+02 -1.009756443872104725e+00 -1.075127172922899277e+00 -1.122822583271125829e+01
1.343744416862522995e+00 4.064603531651246726e+02 -1.018906755335152070e+00 -1.106528435815189226e+00 -6.871558396364336296e+00
1.343365871996487382e+00 4.034417944020385676e+02 -1.027866934094182838e+00 -1.040486154050411116e+00 -5.003144830700359869e+00
1.343396569180689948e+00 4.172940511999393607e+02 -1.116548488621912583e+00 -1.028019060432518117e+00 -6.957618803352761283e+00
1.341239379269981491e+00 4.045642823656261839e+02 -1.005472160434996098e+00 -5.042129853801080586e+00 -1.088935209885665678e+01
1.343139927260473154e+00 4.245011537684370069e+02 -1.040806573585943084e+00 -1.103324387061308087e+00 -9.734019465541226879e+00
1.343711121208601256e+00 4.165860187717772192e+02 -1.010574018364758686e+00 -1.041928033231968698e+00 -5.634322753242217985e+00
1.343760630402086820e+00 4.055179572449891339e+02 -1.034382917220250775e+00 -1.109790842402301081e+00 -1.076658242085594175e+01
1.342979957604911068e+00 4.217988945773935257e+02 -1.094247338413017800e+00 -1.061817172790661346e+00 -9.674796675363223741e+00
1.343794492648501260e+00 4.144293780152847830e+02 -1.008787379333455192e+00 -1.100588116625889512e+00 -1.121857702963979797e+01
1.343061732391506391e+00 4.164285177796705852e+02 -1.011310875173776935e+00 -1.140844819289478451e+00 -7.165115137091589759e+00
1.342828063568363595e+00 4.141081065696365044e+02 -1.043796867417942309e+00 -1.057576047679882336e+00 -1.199490445080024337e+01
1.343268899616331558e+00 4.095113916983494278e+02 -1.013025870036363685e+00 -1.016082237516448217e+00 -5.346291533513724659e+00
1.343800305568823461e+00 4.081601378857006921e+02 -1.026976676399618427e+00 -1.078228173244761834e+00 -6.462544677844023866e+00
1.343141109959694379e+00 4.070246804632254793e+02 -1.001473927828202548e+00 -1.120261144921459007e+00 -5.815078226903335867e+00
1.343933440701337023e+00 4.040146961323470691e+02 -1.033980104497311814e+00 -1.007845527690022891e+00 -4.792100104629658297e+00
1.342725279114310499e+00 4.101039153061402089e+02 -1.013498592737878568e+00 -1.199217532582258272e+00 -1.184231002792027532e+01
1.341181730803932215e+00 4.032536061820276245e+02 -1.008376704750039821e+00 -5.233685585347006786e+00 -1.045258462646500419e+01
1.342924619770425654e+00 4.089459843097474732e+02 -1.131804199503644526e+00 -1.020283242212347119e+00 -1.109933484674524351e+01
1.343757398156232297e+00 4.003387944004128940e+02 -1.019709231859048160e+00 -1.116796715226481496e+00 -6.335519047692986128e+00
1.343032990838637142e+00 4.066996032081412409e+02 -1.149412553642925161e+00 -1.048726210600948505e+00 -7.328426898655076016e+00
1.343102183407898442e+00 4.098620003224253310e+02 -1.120193711336204601e+00 -1.064583481618161187e+00 -7.114622314345080412e+00
1.342904610445369684e+00 4.000006398888508556e+02 -1.061463031837710957e+00 -1.146189833287476034e+00 -6.795671531827451872e+00
1.340715092664261698e+00 4.056575775807750119e+02 -1.002680575447538303e+00 -4.405547956500097229e+00 -1.052243101259750446e+01
1.343180954918429038e+00 4.467586480068616197e+02 -1.019208019720421632e+00 -1.020263199566048939e+00 -8.263638860071468528e+00
1.343352166164725414e+00 4.032185499160647737e+02 -1.211172180291827161e+00 -1.039421653337562645e+00 -1.196155306672512175e+01
1.340708384317945701e+00 4.022873859479016687e+02 -1.009135758649893688e+00 -5.231131484938501330e+00 -1.141722802114590607e+01
1.343889494175314558e+00 4.011537944729625451e+02 -1.140327412912029104e+00 -1.033790793656631735e+00 -1.161047213413861812e+01
1.340941748319478322e+00 4.019530375591739357e+02 -1.019038110689818311e+00 -4.481010499481969944e+00 -1.088054982081261279e+01
1.342955365102049825e+00 4.226706810575893769e+02 -1.053874688653205993e+00 -1.096185527448030328e+00 -1.170068026519265736e+01
1.341343647761667812e+00 4.019600183955132024e+02 -1.005893754609047619e+00 -4.676191097097138538e+00 -1.090025962968532447e+01
1.344016739486002088e+00 4.128431626467773299e+02 -1.063214472505864094e+00 -1.030479404891782025e+00 -9.282270313252924510e+00
1.342728421346027101e+00 4.092873714894790851e+02 -1.014541184227944370e+00 -1.130704619705159786e+00 -8.830474217843558904e+00
1.342946797295893058e+00 4.342789562827023246e+02 -1.055517645665247528e+00 -1.018337265339795294e+00 -1.094739522913121554e+01
1.343123932822253064e+00 4.273655485067938002e+02 -1.050933925269584179e+00 -1.052230435261465757e+00 -7.303880684491641517e+00
1.340650585605960954e+00 4.004165583821631458e+02 -1.011026007447885178e+00 -5.007686252150622686e+00 -1.118998043756666405e+01
1.343742497620632248e+00 4.371256226653447357e+02 -1.013764044422622135e+00 -1.019886852214641593e+00 -1.017635958635412941e+01
1.343441486375004379e+00 4.157859150757468569e+02 -1.014118263962233257e+00 -1.127164584950202553e+00 -1.147712966156671222e+01
1.343712976755547350e+00 4.099358738474953157e+02 -1.128340059466554024e+00 -1.031641256691361974e+00 -1.071900670527591970e+01
1.342975623199796686e+00 4.199721242228899882e+02 -1.101857510331564427e+00 -1.012182751605362085e+00 -8.151101213585123517e+00
1.343024494877174346e+00 4.112730795518203308e+02 -1.174282233628302308e+00 -1.034475311364124295e+00 -1.118149951047024082e+01
1.343294501608830238e+00 4.066869141434267476e+02 -1.040676029605796415e+00 -1.153665191199396034e+00 -1.169302455018790887e+01
1.343538186795990574e+00 4.032582023651607983e+02 -1.257005448812504866e+00 -1.000807642431798428e+00 -9.157769837275353098e+00
1.342776603151476067e+00 4.119881769674283873e+02 -1.055105792613421301e+00 -1.116931206201121185e+00 -1.083260724863554358e+01
1.343580931702501369e+00 4.058200978588834573e+02 -1.199748931559113885e+00 -1.013616300862702602e+00 -1.107211146576036676e+01
1.342846120221376838e+00 4.203737211241933096e+02 -1.009227426769598424e+00 -1.065687430838334393e+00 -1.021106050575940039e+01
1.342687087148209280e+00 4.021866555932611504e+02 -1.054323411089688634e+00 -1.160226753141596845e+00 -1.130513492321611757e+01
1.340959642513446237e+00 4.090463452402638040e+02 -1.000060632843702280e+00 -4.637272501830663529e+00 -1.119596772511200911e+01
1.343288107825267863e+00 4.267497422340306912e+02 -1.028039686161093869e+00 -1.085667343233852833e+00 -1.181824855266811447e+01
1.343141827384048081e+00 4.101222093432972997e+02 -1.123649367455263004e+00 -1.073581685659860341e+00 -8.163310670817928383e+00
1.340973045340130065e+00 4.006218701408394622e+02 -1.001284762130071115e+00 -3.782865853277732171e+00 -1.139760107920437093e+01
1.343792322626216951e+00 4.177597947646374337e+02 -1.060710486632830296e+00 -1.040645832699205187e+00 -1.178579028276340779e+01
1.343164046082665042e+00 4.272166081449654484e+02 -1.019882478372579726e+00 -1.098611047125253037e+00 -9.712077740058283837e+00
1.343136465888220554e+00 4.198513383700758936e+02 -1.154527743491062353e+00 -1.015811980031539719e+00 -1.115596493073024575e+01
1.342854308107255257e+00 4.175556169848249510e+02 -1.038017850874229708e+00 -1.070777846542343426e+00 -1.147994734254747051e+01
1.343468372864524030e+00 4.341649493638758486e+02 -1.011193653990648755e+00 -1.063170621491130063e+00 -9.660731203271200940e+00
1.340860464403895502e+00 4.056876445286061994e+02 -1.004361890718236339e+00 -5.023560844140258830e+00 -1.021474256082839993e+01
1.343269541219425545e+00 4.033330063568234323e+02 -1.176124279917351245e+00 -1.047699139030118687e+00 -7.179628035597930946e+00
1.342873753974703099e+00 4.221993683948603007e+02 -1.050525633356874877e+00 -1.077063952732475016e+00 -1.024887889197219160e+01
1.343110302103468712e+00 4.385288958703006870e+02 -1.035249753937474537e+00 -1.026964061127566552e+00 -7.872657386272591040e+00
1.340882922419666556e+00 4.072040312026172728e+02 -1.002470723779284256e+00 -5.028157413941632292e+00 -1.114180815472148467e+01
1.343793109708171452e+00 4.038686971197918751e+02 -1.052354835815886958e+00 -1.043367834129403704e+00 -5.515239770005445408e+00
1.340965747943248854e+00 4.004466433403234191e+02 -1.007173279228897655e+00 -5.614478762302294257e+00 -9.812832658613292125e+00
1.343100234251777270e+00 4.038920026696325749e+02 -1.110808127369489640e+00 -1.115533491418815970e+00 -8.434846227638917782e+00
1.343228173757558430e+00 4.099876347331656916e+02 -1.218032650108192172e+00 -1.010222254579097978e+00 -9.981736320030067944e+00
1.340662283489893358e+00 4.009821631363304846e+02 -1.004943602436883410e+00 -4.214240442985786927e+00 -1.051740105028471817e+01
1.341260673565525030e+00 4.001180773410281972e+02 -1.003467400000502607e+00 -4.207280881806636508e+00 -9.169662918765729032e+00
1.343139426887604237e+00 4.134071715877274755e+02 -1.129247275934547545e+00 -1.040601394945428027e+00 -7.105843101035357101e+00
1.343198330797553908e+00 4.416796956161653611e+02 -1.013226238394668854e+00 -1.043949369332429100e+00 -8.091778095718087371e+00
1.343037618317007187e+00 4.316597478291491825e+02 -1.018227857484788501e+00 -1.088040813035565435e+00 -1.185441137802222222e+01
1.343096906550911074e+00 4.064145131533093149e+02 -1.005598981933083280e+00 -1.186322287265506148e+00 -7.165361695816586440e+00
1.340955400234338679e+00 4.039865505791333931e+02 -1.013229560281290631e+00 -4.971997979741988871e+00 -1.100210221201256466e+01
1.343614225046250166e+00 4.147892865379940872e+02 -1.073262090249134104e+00 -1.052941842352950630e+00 -7.196272555179036523e+00
1.343848435695415233e+00 4.125271827821818533e+02 -1.044739471087730465e+00 -1.053088577366827039e+00 -7.099454890509124816e+00
1.340912412828319855e+00 4.031436984233938574e+02 -1.002859992116155397e+00 -3.980881417450877535e+00 -1.085379076500371553e+01
1.342923999080107400e+00 4.080025195468774086e+02 -1.073310533075385820e+00 -1.042771998702646030e+00 -8.385342390130626100e+00
1.343063016000419330e+00 4.434818864014418409e+02 -1.027454543639670703e+00 -1.009658606854115348e+00 -7.964454248634953437e+00
1.343030810802696706e+00 4.201061855281531052e+02 -1.099131607365954721e+00 -1.009935500863884172e+00 -7.552927637562540042e+00
1.342920302789701648e+00 4.072119205619345621e+02 -1.054942530374971099e+00 -1.149241909510740456e+00 -8.691046983732352516e+00
1.343416569867389443e+00 4.142934172305048719e+02 -1.096254017518750956e+00 -1.034453666566534480e+00 -6.349262037775397438e+00
1.343111933759946863e+00 4.073728430118395067e+02 -1.048987788017720746e+00 -1.022081004495507983e+00 -6.276594379850868322e+00
1.343314837107633331e+00 4.049451220871980013e+02 -1.144900011447886001e+00 -1.074383274134174115e+00 -9.923333358086049216e+00
1.343297017152137673e+00 4.077652843949390444e+02 -1.161559170774616234e+00 -1.034763744651169048e+00 -7.317399805651494837e+00
1.343470684927349001e+00 4.013313046574241980e+02 -1.078515081880699000e+00 -1.121713984361845107e+00 -1.182463642375021173e+01
1.343467658460221648e+00 4.118267888484017476e+02 -1.192057937970512072e+00 -1.002853949840927683e+00 -7.769360135338033047e+00
1.343343197945204848e+00 4.214564537307452383e+02 -1.017273615578167423e+00 -1.017351504479949043e+00 -5.594294976324187374e+00
1.343024526372292637e+00 4.132395227900124723e+02 -1.016200568602116050e+00 -1.175309111732921963e+00 -1.048864486026231191e+01
1.343268623720563104e+00 4.249747749287142256e+02 -1.089004602069815419e+00 -1.039140770607197339e+00 -7.896537475831376440e+00
1.343210308973245448e+00 4.265597994028249218e+02 -1.072306629944710821e+00 -1.012548314709112773e+00 -6.827003353378027661e+00
1.343201570010223334e+00 4.151969961186239857e+02 -1.006159045431056498e+00 -1.150688882355463960e+00 -8.106162284969983034e+00
1.341191726346464552e+00 4.044704011106583721e+02 -1.004762769441272852e+00 -5.024042337190794960e+00 -1.132406560196441703e+01
1.344254196855700245e+00 4.015601928721102922e+02 -1.011463652086868947e+00 -1.068604408680448259e+00 -9.068059731241397969e+00
1.343139067103050310e+00 4.050793583192175902e+02 -1.181624403393000122e+00 -1.008481332989834556e+00 -7.062703450731810939e+00
1.342824615531490240e+00 4.061823642824143690e+02 -1.064116894287849391e+00 -1.102045800837467837e+00 -9.793264489293896702e+00
1.342797956677087345e+00 4.003722417498414643e+02 -1.012496153901034646e+00 -1.111003435711895193e+00 -1.193988207051066119e+01
1.343345011896412311e+00 4.126724311849116020e+02 -1.197771247767347447e+00 -1.007303018966284824e+00 -8.570112114598209985e+00
1.343326875335506099e+00 4.307364855913918404e+02 -1.002144284953722320e+00 -1.043738622460633536e+00 -6.282689721998174548e+00
1.342975758721098645e+00 4.175583379424550117e+02 -1.079150102712949533e+00 -1.019666400320279109e+00 -9.516368060528748174e+00
1.343095009887414815e+00 4.108824048084893548e+02 -1.201215351153818389e+00 -1.006373733926377412e+00 -9.561792520163487907e+00
1.342862075483477247e+00 4.016127945027128021e+02 -1.130724191846516291e+00 -1.076513055754267256e+00 -1.095647767109971937e+01
1.343563928197369695e+00 4.120945784195837405e+02 -1.003195794811764685e+00 -1.138166258290418398e+00 -1.104938948085712269e+01
1.343376643138130877e+00 4.289288348107009483e+02 -1.022729043811937188e+00 -1.072508335682407221e+00 -1.035945759408317635e+01
1.340689314098487017e+00 4.011521570205439957e+02 -1.006264028556262957e+00 -5.071954857034800312e+00 -1.123085395158666167e+01
1.343096342260560405e+00 4.036622800571088874e+02 -1.180920615338802548e+00 -1.058485313507761205e+00 -9.269336731981265842e+00
1.343144235923781515e+00 4.382807376919295166e+02 -1.009211533920362669e+00 -1.042502074873658202e+00 -7.548567048251260125e+00
1.342875995744151396e+00 4.140847020308501669e+02 -1.044831906153042667e+00 -1.095327419375252020e+00 -7.654172510696126253e+00
1.344018234536323853e+00 4.009186339247207229e+02 -1.017927794316729972e+00 -1.048909464770378719e+00 -5.485642845948258461e+00
1.343700030655621713e+00 4.034459062464093790e+02 -1.148710977115655396e+00 -1.038862363287776702e+00 -1.100928952552472495e+01
1.343511989900916248e+00 4.052617745130463049e+02 -1.078387208510521944e+00 -1.093164626983652354e+00 -8.448627094118309699e+00
1.343570179897649153e+00 4.049371429853666768e+02 -1.018348289366638681e+00 -1.151125061329796750e+00 -9.324934664770756498e+00
1.343467108625551187e+00 4.053202012058461037e+02 -1.044341306134429104e+00 -1.128724524561754095e+00 -9.032497654474692439e+00
1.343769687714002625e+00 4.146532526190628687e+02 -1.060587519627569364e+00 -1.016287691546580163e+00 -5.941541471626699433e+00
1.343033350839542672e+00 4.222955871909601342e+02 -1.086547633114969713e+00 -1.049187933790035387e+00 -9.173031131398076354e+00
1.340821054451121430e+00 4.043917073646099425e+02 -1.005861578042598126e+00 -4.968136320208667023e+00 -9.765584728445805496e+00
1.342842684205385773e+00 4.015327357559764323e+02 -1.095386311783283162e+00 -1.086936066563072956e+00 -8.745581045443554302e+00
1.343039748918970488e+00 4.063079722098502771e+02 -1.027564051748772300e+00 -1.027051617608949030e+00 -7.736244850092480974e+00
1.342939470604598506e+00 4.174376758965833574e+02 -1.065181262539498519e+00 -1.050028820210938463e+00 -1.148883444748237892e+01
1.344299094613364831e+00 4.001679182506348980e+02 -1.029564754729392462e+00 -1.049947166543896415e+00 -1.037080236667442357e+01
1.343060993795812896e+00 4.149320353150983465e+02 -1.028907826008765625e+00 -1.148033697032524003e+00 -1.137532484705962865e+01
1.343689612660608601e+00 4.116353453089671461e+02 -1.116764214093262098e+00 -1.013321469942875197e+00 -6.697980192479164430e+00
1.342846617954231991e+00 4.078925762083867426e+02 -1.000122260967065912e+00 -1.096078226603596661e+00 -1.124939721430407680e+01
1.343130634416631830e+00 4.111811685720899732e+02 -1.065197644530673671e+00 -1.006465771964373701e+00 -6.445503861696712633e+00
1.342989647629442729e+00 4.086401706722136282e+02 -1.104832544012067430e+00 -1.027501270449242554e+00 -8.042474511233457690e+00
1.343033827613619113e+00 4.193699301755634110e+02 -1.063330917738948500e+00 -1.028236099069019360e+00 -7.360977782891656496e+00
1.342976468307612636e+00 4.069377737468258829e+02 -1.019259384639314092e+00 -1.048417859931049634e+00 -8.236601843356922359e+00
1.341175735625108389e+00 4.030299114267431264e+02 -1.003239701166682707e+00 -4.495507926626561179e+00 -9.550579699642842257e+00
1.343948077839469235e+00 4.118185217613270197e+02 -1.036209620332474657e+00 -1.052294024218959123e+00 -7.987248773453972106e+00
1.343094870953711828e+00 4.039443621769826791e+02 -1.043605768897972297e+00 -1.055785657296311797e+00 -6.052111201747495173e+00
1.343002002913332715e+00 4.278371826473752435e+02 -1.023566838655820987e+00 -1.075067774859951086e+00 -1.132112235817802670e+01
1.342951658441063456e+00 4.237245913146427370e+02 -1.034854263900728100e+00 -1.034476310651744058e+00 -8.984568306808858651e+00
1.343655003980021245e+00 4.313762318536202542e+02 -1.063357150757081371e+00 -1.005258764569857632e+00 -9.387151091374317247e+00
1.342987076657623735e+00 4.130164221590834472e+02 -1.061376114866355636e+00 -1.019129040114398421e+00 -9.511098266336619034e+00
1.343144936115917787e+00 4.059745152886330288e+02 -1.031465145966194541e+00 -1.166392042137452734e+00 -8.960369731371876867e+00
1.343225827834183761e+00 4.119233726555929138e+02 -1.086689996732452812e+00 -1.089626433902585845e+00 -1.149696000403836038e+01
1.343333010094650337e+00 4.255785273654047387e+02 -1.028180411855487364e+00 -1.075585870076629647e+00 -1.034104726635005811e+01
1.341271772022455844e+00 4.033333486180556520e+02 -1.001757066719665801e+00 -4.587152342559412510e+00 -1.170020973848658663e+01
1.343076857115613532e+00 4.026404189359092243e+02 -1.190964239845664352e+00 -1.037712876842597609e+00 -8.207752107136752073e+00
1.343640858219979473e+00 4.012994043770947883e+02 -1.124663605953024614e+00 -1.040128243053652923e+00 -6.501260634053595666e+00
1.342895665859306531e+00 4.068858983766356801e+02 -1.064536104524346882e+00 -1.073027302525941806e+00 -1.030109193034900272e+01
1.340779705266581745e+00 4.027059019900221415e+02 -1.006266599438358611e+00 -4.481126489891644304e+00 -9.746186074882466244e+00
1.343627950698512485e+00 4.111316876096369128e+02 -1.085491780197861189e+00 -1.035262331990825402e+00 -6.559767656462526020e+00
1.344105970832182528e+00 4.042435924445070441e+02 -1.037061520274807691e+00 -1.059519868312188251e+00 -1.012502814096540149e+01
1.343504066342085190e+00 4.024670570370481073e+02 -1.166407984992140712e+00 -1.033010749734200928e+00 -7.105572274259331245e+00
1.343462666632906366e+00 4.095498808342348411e+02 -1.022009399639381755e+00 -1.128543929262699308e+00 -7.863065987278208269e+00
1.343373580801045852e+00 4.202894069561655215e+02 -1.016844310629196002e+00 -1.054584684738021139e+00 -6.122866345339252447e+00
1.343102109852252868e+00 4.042154852023032845e+02 -1.193770847281331982e+00 -1.039993663456819206e+00 -1.098797764008065592e+01
1.343210996731576623e+00 4.040232116041840982e+02 -1.211651194582891833e+00 -1.023025464417477437e+00 -7.963591640762924584e+00
1.340865400013787845e+00 4.008684592965092293e+02 -1.006984462731040253e+00 -4.102180755926024602e+00 -1.084254600523590817e+01
1.343608819286784772e+00 4.069130542256170884e+02 -1.193901557645736133e+00 -1.003208960497538271e+00 -1.014985093456830256e+01
1.343319949263846347e+00 4.169530588171202226e+02 -1.096469080089628179e+00 -1.014241757097090968e+00 -6.541701145592251798e+00
1.343363953055975113e+00 4.138873866405027684e+02 -1.188666579701562753e+00 -1.004256339783905716e+00 -1.171196346939873401e+01
1.343333078723539131e+00 4.063978438815255458e+02 -1.015123018961221035e+00 -1.103424048673977254e+00 -6.001156133558282590e+00
1.342956133173202504e+00 4.229839198871723625e+02 -1.029741113988732693e+00 -1.044550481481616444e+00 -8.257433970003898338e+00
1.343181336427703876e+00 4.029283568940762734e+02 -1.133654301776996220e+00 -1.071434809756341977e+00 -7.280199742861150902e+00
1.342900846143460170e+00 4.094572473736903362e+02 -1.075094235464197467e+00 -1.082518796168828956e+00 -1.191120113367862920e+01
1.343328875754749685e+00 4.106767851227314168e+02 -1.021082683086303788e+00 -1.034395772652363377e+00 -5.531626099451284695e+00
1.342993215640262195e+00 4.101884378099415471e+02 -1.044346356962494227e+00 -1.142396256173888958e+00 -1.134875424167178970e+01
1.343566636021968241e+00 4.100485054972284047e+02 -1.100624923674551781e+00 -1.055602427576767255e+00 -9.891188977366512702e+00
1.343389353594298008e+00 4.041503355394507366e+02 -1.150975160916575035e+00 -1.058031876422697692e+00 -8.642648699138106849e+00
1.343790901214066968e+00 4.105633369122507474e+02 -1.041835224207217081e+00 -1.009376307875493595e+00 -5.377879666626515842e+00
1.342829684140173674e+00 4.023754547210936607e+02 -1.052178145045360225e+00 -1.105077806188321077e+00 -8.349859205007586382e+00
1.343008019800752795e+00 4.349595165996349238e+02 -1.022705751122735762e+00 -1.045393031664580974e+00 -1.033113152920851618e+01
1.342807483600240159e+00 4.011924701808737836e+02 -1.065705324461637460e+00 -1.139586082786323118e+00 -9.607017621992053336e+00
1.342863290387328989e+00 4.018577019672418373e+02 -1.048282704013530520e+00 -1.174039837179858381e+00 -8.631508495911166534e+00
1.343552846541535839e+00 4.076851007742588990e+02 -1.002475898288025746e+00 -1.099961344835147514e+00 -6.019439020098461768e+00
1.343417147807216327e+00 4.110559016972529776e+02 -1.018165603833582011e+00 -1.135917167250834581e+00 -8.760141524999507823e+00
1.343169230459507979e+00 4.043766574216602407e+02 -1.221500250565265233e+00 -1.007774661493751722e+00 -7.835576705123096453e+00
1.343818159863329642e+00 4.031502118793923160e+02 -1.122536923253218077e+00 -1.038917313579556634e+00 -1.086066185810241791e+01
1.343031757860072117e+00 4.150564417106720043e+02 -1.033262362574836501e+00 -1.020771279798285747e+00 -1.087508937950026677e+01
1.343058108995575539e+00 4.005880594705195108e+02 -1.045772847028624497e+00 -1.185063142729166685e+00 -1.056848267692380361e+01
1.343125569983902423e+00 4.324880999033001672e+02 -1.018364408600637816e+00 -1.033845455078370890e+00 -7.126228810238783851e+00
1.343102175980941393e+00 4.161432123026107774e+02 -1.125577112055506035e+00 -1.015967753587281308e+00 -8.867434330324202918e+00
1.342978314397779371e+00 4.242245982163117901e+02 -1.011405213170355921e+00 -1.114712542729119349e+00 -1.006897111925054134e+01
1.343228653964631869e+00 4.092472515337431673e+02 -1.106936565184030385e+00 -1.076831032123024556e+00 -9.560292786823978872e+00
1.342946945158337124e+00 4.104800138021703901e+02 -1.083984339595609470e+00 -1.072764326513588884e+00 -8.759237639293269595e+00
1.344101436356127666e+00 4.009109162455597470e+02 -1.037490693636090811e+00 -1.068061184251583029e+00 -1.192957099580244673e+01
1.343010233448073132e+00 4.176537446494142500e+02 -1.037800443586561983e+00 -1.024427632360564999e+00 -1.178798176240562867e+01
1.343576274074100185e+00 4.037415780134192005e+02 -1.175149296444979896e+00 -1.026197869802881968e+00 -8.134986147126808120e+00
1.343508498223951575e+00 4.037171010364112931e+02 -1.044597593198682617e+00 -1.132392203469777314e+00 -1.198257998621640219e+01
1.343320453963562144e+00 4.413864959746262571e+02 -1.006331579973791079e+00 -1.036605878281003257e+00 -8.668400057130295266e+00
1.344167925356803961e+00 4.104727585506090577e+02 -1.018612095663852912e+00 -1.040124893781962712e+00 -1.051074417933687855e+01
1.343134546377836136e+00 4.057616720820531668e+02 -1.166837330631524949e+00 -1.032946067372895627e+00 -8.680302773704294594e+00
1.343478657252938246e+00 4.199998963639800422e+02 -1.099940852030531602e+00 -1.028070375313930640e+00 -1.092508001446691068e+01
1.342939344262630952e+00 4.227121090381496060e+02 -1.008412821233342527e+00 -1.116367186655324417e+00 -9.477480489633054006e+00
1.343819158833318150e+00 4.192057527859707875e+02 -1.047556564627837972e+00 -1.034041408379495763e+00 -9.416461152061785356e+00
1.343936977599057059e+00 4.102066628263081043e+02 -1.065328476741198571e+00 -1.034227644237365240e+00 -8.064741999499574376e+00
1.341029764853166828e+00 4.033398749569410029e+02 -1.008460610935623336e+00 -4.736382750931901420e+00 -1.059295105223811717e+01
1.343080563624654999e+00 4.141540080604310106e+02 -1.147430787882981917e+00 -1.009501450101485176e+00 -8.376177953053137060e+00
1.342880221299417087e+00 4.017250974463153739e+02 -1.053286282321963085e+00 -1.170410651379324207e+00 -1.132830935211900680e+01
1.343689438606646247e+00 4.020815649350824401e+02 -1.003673883734059302e+00 -1.049304070627526286e+00 -4.997164285213336221e+00
1.340878232695391414e+00 4.011493139657827669e+02 -1.004699376057255122e+00 -4.104413221498813158e+00 -1.079592058638315422e+01
1.343104237559664904e+00 4.322310445550282907e+02 -1.054775500929057586e+00 -1.019277486378266318e+00 -8.660093485547610825e+00
1.343083966732667722e+00 4.135368538879596372e+02 -1.121681800336146395e+00 -1.049185767634545741e+00 -1.176639199361637367e+01
1.343052293050798429e+00 4.329389960298507276e+02 -1.038898795721548751e+00 -1.027348355759842846e+00 -1.043700592526767323e+01
1.343068480142886267e+00 4.106401745873567961e+02 -1.052794688370147114e+00 -1.012869159950883002e+00 -7.654155696930141417e+00
1.342916961832054223e+00 4.099547452214235363e+02 -1.004914657513714005e+00 -1.137405660749186254e+00 -7.232961800654024387e+00
1.343087818724173710e+00 4.170989336834905430e+02 -1.107263559320715629e+00 -1.007485969163001371e+00 -8.661375811638936995e+00
1.342945489492877842e+00 4.106430145314233187e+02 -1.072666184205704809e+00 -1.090579132510033133e+00 -1.047137849823450750e+01
1.343218394546799477e+00 4.086715587183012985e+02 -1.002058598156915892e+00 -1.088548277142091791e+00 -5.917700610392327754e+00
1.343036250968299594e+00 4.082557257594231146e+02 -1.069245027018029148e+00 -1.087275550214588549e+00 -7.409422074481600617e+00
1.343067956516036832e+00 4.278714097691569691e+02 -1.021765859193649817e+00 -1.019353436910744648e+00 -7.844344751201585808e+00
1.342926098008988323e+00 4.200941542857646027e+02 -1.001713540779189060e+00 -1.088865527328021443e+00 -8.063427242306094200e+00
1.343012716106933846e+00 4.334304673762770790e+02 -1.009211995794400352e+00 -1.057100459605482712e+00 -9.623394448880418395e+00
1.343634468708882590e+00 4.191398264035992725e+02 -1.078078231067584269e+00 -1.030457403330643729e+00 -9.749035632493974646e+00
1.343167115895996133e+00 4.011535345056063306e+02 -1.014692330156707456e+00 -1.164199371022634821e+00 -6.571963923902238491e+00
1.343037415557176262e+00 4.063769384253665748e+02 -1.038512817590962811e+00 -1.098655846851027462e+00 -6.863014964901330117e+00
1.344018266321667765e+00 4.010985570023735249e+02 -1.006018872482727033e+00 -1.104444273769406237e+00 -9.433232832524556244e+00
1.343706188604170126e+00 4.058254121127303051e+02 -1.022736723698841388e+00 -1.097186129396133580e+00 -7.060226682963371303e+00
1.343070360312056621e+00 4.067391511293786266e+02 -1.094649543732765906e+00 -1.053391627116770479e+00 -7.295400811943659747e+00
1.343389888411041344e+00 4.166865210447095933e+02 -1.034767379532400611e+00 -1.091375112541649983e+00 -8.539896542965648152e+00
1.343120075022146143e+00 4.031676854183410796e+02 -1.017819126831138732e+00 -1.058286887592748471e+00 -6.117506461793577266e+00
1.343690159458256872e+00 4.027273771216677574e+02 -1.154253580317842420e+00 -1.030382512275908269e+00 -9.185824063171040166e+00
1.343136446480819091e+00 4.095350182072018015e+02 -1.038462410131502978e+00 -1.065024647482685438e+00 -6.400308713422266038e+00
1.343004042401724218e+00 4.007046380834356682e+02 -1.032084717457763645e+00 -1.196306107813006392e+00 -9.304146661311374800e+00
1.343717319657308895e+00 4.240687179645518654e+02 -1.040280288130984943e+00 -1.035752793071029743e+00 -1.061839512479044423e+01
1.343059088156843606e+00 4.093480062778247657e+02 -1.129121417430591023e+00 -1.040066794023978503e+00 -1.088894588442096456e+01
1.343508923301884206e+00 4.049688663316138104e+02 -1.034786849825788835e+00 -1.134097086453101255e+00 -9.947141370409751104e+00
1.343906206656236835e+00 4.071653311997593505e+02 -1.098308792637901377e+00 -1.024526733194507599e+00 -1.153305724926514841e+01
1.343086776170293595e+00 4.118846077658013769e+02 -1.095162134713822510e+00 -1.073163925287015985e+00 -9.467888468597372764e+00
1.343778795221366895e+00 4.022138834702853956e+02 -1.056853921196195145e+00 -1.084070305296432224e+00 -7.743081800130539705e+00
1.343508334114608349e+00 4.060816022748742853e+02 -1.153655239901087981e+00 -1.030052168281526903e+00 -9.144739693542561554e+00
1.343646995661518684e+00 4.209200724316368110e+02 -1.081865984620838717e+00 -1.010741396111377810e+00 -7.320434305586885237e+00
1.343454786790985622e+00 4.134777188149426479e+02 -1.026776684778992532e+00 -1.091333146790823605e+00 -6.905305975702356491e+00
1.340784459865611122e+00 4.006002442057869644e+02 -1.004114111842838497e+00 -4.975535862841820034e+00 -9.996758912427456067e+00
1.343187299603695983e+00 4.200667905061678198e+02 -1.085395354806427903e+00 -1.045541010156661343e+00 -1.022952687577976505e+01
1.343545338065187611e+00 4.016302030075128187e+02 -1.154024896139356215e+00 -1.046451110068163715e+00 -1.071553799398004791e+01
1.343083618595218409e+00 4.300139492245845076e+02 -1.040150597390047338e+00 -1.030405035167397898e+00 -1.178273232846126639e+01
1.342865929359856825e+00 4.109917081446297402e+02 -1.017830067067592381e+00 -1.111823151158089829e+00 -9.303393375171481239e+00
1.344090053151153707e+00 4.098716658093167666e+02 -1.051346961905309740e+00 -1.025105959888451324e+00 -9.512235152187695775e+00
1.343323352763337031e+00 4.069270582166552117e+02 -1.180322560926917674e+00 -1.019480003485922381e+00 -1.003981335109893358e+01
1.342934476996423987e+00 4.044017977662988415e+02 -1.031343862887021956e+00 -1.066196813015929834e+00 -9.706980006025734298e+00
1.342833939329264981e+00 4.013412764431679989e+02 -1.046482923507749518e+00 -1.145990228718815729e+00 -8.893613843868529045e+00
1.343240509691811413e+00 4.066630538907349433e+02 -1.181770218315126186e+00 -1.010853510121300758e+00 -8.072135747875421430e+00
1.342922096686245181e+00 4.066701652906127151e+02 -1.002307814085380500e+00 -1.092041227557642102e+00 -8.517069620161228372e+00
1.343514625546193164e+00 4.017372738666896339e+02 -1.114722614471432394e+00 -1.074654485910192747e+00 -9.346883678348630653e+00
1.342881301365741020e+00 4.119183497532174556e+02 -1.006880975175446835e+00 -1.131677503469129320e+00 -8.006608579797704905e+00
1.343005260066659767e+00 4.009185307112007308e+02 -1.132267147639860028e+00 -1.076872060056295766e+00 -1.005488615718886081e+01
1.343253635157986015e+00 4.042771273253223399e+02 -1.177285998616470764e+00 -1.034273676531332953e+00 -7.980647330518214844e+00
1.342997109425731583e+00 4.122876183827270324e+02 -1.067410350705646493e+00 -1.040879804985847201e+00 -8.538378013183972826e+00
1.343243710637368471e+00 4.106762904338834801e+02 -1.090609212041115939e+00 -1.078438371808656981e+00 -1.032794968214901488e+01
1.343798815525363954e+00 4.179641278226077930e+02 -1.074981788829298068e+00 -1.016449795762060404e+00 -9.899196645701815456e+00
1.343654205349380959e+00 4.090870873575045152e+02 -1.139843170821228213e+00 -1.018256250440412458e+00 -1.047532212821779396e+01
1.343127574247687583e+00 4.111990282027708190e+02 -1.126481751799911279e+00 -1.010481252321898893e+00 -7.579257895986136973e+00
1.343335883066570480e+00 4.019202096329868255e+02 -1.184842839029718320e+00 -1.027419603697412143e+00 -7.475569925710829011e+00
1.343016973963455651e+00 4.207284280830747321e+02 -1.003470829417906884e+00 -1.034881029820184040e+00 -1.152563841260046829e+01
1.343559665604973752e+00 4.049580477928199116e+02 -1.118442603061353680e+00 -1.042136584075358030e+00 -6.946864143058657959e+00
1.340742787628363075e+00 4.024430975293401502e+02 -1.000823634109869076e+00 -4.482152581983445572e+00 -1.146053787283306136e+01
1.342956964232624006e+00 4.163848009650516815e+02 -1.010960258648058385e+00 -1.118645898803549699e+00 -1.156100104969226372e+01
1.343245415099710849e+00 4.029985425198273674e+02 -1.101930503414550344e+00 -1.067234925684489966e+00 -6.699721693666059963e+00
1.342996634147941792e+00 4.101568488920662503e+02 -1.012223698493409429e+00 -1.054327455170843919e+00 -8.338998074700839425e+00
1.343317383722469671e+00 4.282393043781219717e+02 -1.086410604936205004e+00 -1.006052694965834604e+00 -9.271380388208813272e+00
1.343268919583833876e+00 4.007270482707377823e+02 -1.162880403407097418e+00 -1.057851848137527639e+00 -9.147594441918290187e+00
1.343176938857721492e+00 4.022051270416664579e+02 -1.111744199079065964e+00 -1.021823862340983879e+00 -6.481387327851653168e+00
1.343629254738122780e+00 4.134800717348601324e+02 -1.002182442628402725e+00 -1.111209204694830532e+00 -8.422006085545376664e+00
1.343471674648743175e+00 4.051048490961613879e+02 -1.204936969537397928e+00 -1.001549751939988298e+00 -1.106413856462693701e+01
1.343046975494641027e+00 4.212840827637311918e+02 -1.045490029661459985e+00 -1.021749637222791662e+00 -1.032996066268190383e+01
1.343212817823149718e+00 4.253492040192581953e+02 -1.009045375312339843e+00 -1.087327270334487395e+00 -1.067699108032116406e+01
1.343255136876842393e+00 4.019171448008717675e+02 -1.128902100053879920e+00 -1.080248489110100962e+00 -9.901425795881477754e+00
1.343613097047645200e+00 4.099470649146970800e+02 -1.029123603995598657e+00 -1.100426947480281470e+00 -9.545004244113707514e+00
1.343230808967519119e+00 4.126074475972726532e+02 -1.124403686182198214e+00 -1.018711601351071749e+00 -7.215384343908517017e+00
1.343448373706027654e+00 4.392503981081623579e+02 -1.034707716993459314e+00 -1.004251171104231233e+00 -1.097181459526168545e+01
1.343347664916174411e+00 4.041214430597232763e+02 -1.172469571292571899e+00 -1.037390289137922750e+00 -9.007500998761830857e+00
1.343788012508861041e+00 4.234666043385740295e+02 -1.072566368836433526e+00 -1.002290085938582820e+00 -8.627241600202648186e+00
1.343954667577713868e+00 4.178035537004938647e+02 -1.029919886003696661e+00 -1.029552907736409395e+00 -1.052104438704218126e+01
1.344044658715744189e+00 4.052164623236032526e+02 -1.008083211777019983e+00 -1.076703133380668476e+00 -1.100394972508720492e+01
1.343027368625200779e+00 4.132909529655303231e+02 -1.088839327154953907e+00 -1.049518933482456617e+00 -9.456046716923081519e+00
1.343245465621169865e+00 4.097185525863462203e+02 -1.182082753629314809e+00 -1.004350288963690829e+00 -1.194079796409787342e+01
1.343337658386022149e+00 4.080182350239826974e+02 -1.074250172107888091e+00 -1.013018405486702633e+00 -5.991879324763734971e+00
1.343030176360368255e+00 4.007263704313003245e+02 -1.128283545203585092e+00 -1.077985550170323492e+00 -1.176679304786642710e+01
1.343197633755878195e+00 4.035378190232273710e+02 -1.001716371616476309e+00 -1.174318291195417530e+00 -6.900729089483400358e+00
1.342948273521380242e+00 4.025674915582627591e+02 -1.007056010983438554e+00 -1.208725941597405651e+00 -8.261180363526188231e+00
1.343185037347635724e+00 4.050225733442396177e+02 -1.006821515316845606e+00 -1.119486684819126054e+00 -6.393824032772912780e+00
1.343373739395095301e+00 4.078379612787952624e+02 -1.058743925428812460e+00 -1.103135349350946370e+00 -1.037653652053281839e+01
1.342952083912018146e+00 4.077451614853435444e+02 -1.044449629862404194e+00 -1.110013467488558447e+00 -8.876849387583831685e+00
1.343810648946685893e+00 4.030331936123526475e+02 -1.133458362893435378e+00 -1.024235469023675904e+00 -8.387758863829681388e+00
1.343665314564125524e+00 4.158632928127685204e+02 -1.041727913805587491e+00 -1.048938328607164294e+00 -7.445565166756661135e+00
1.343354953848571842e+00 4.035271124912737832e+02 -1.054277211236186673e+00 -1.067023860391305590e+00 -5.966490368664981503e+00
1.343164606990583376e+00 4.194214160231652500e+02 -1.040305914343191418e+00 -1.075180925955843136e+00 -8.224016206481259417e+00
1.343150346057713218e+00 4.316191430736039933e+02 -1.011428409483386304e+00 -1.059204295902029358e+00 -1.189397135672207995e+01
1.343507696494073533e+00 4.060105787281158882e+02 -1.069432808793091993e+00 -1.084526942490271040e+00 -8.745681595038439227e+00
1.343458293179275786e+00 4.166394105215664467e+02 -1.052581858698808048e+00 -1.017978606080763626e+00 -6.241376537026002147e+00
1.343508226798877603e+00 4.012375529226810045e+02 -1.114572646924225197e+00 -1.063564013938133712e+00 -7.527608006195304569e+00
1.343051114769035159e+00 4.192982004145387123e+02 -1.010686927216097430e+00 -1.032154574556678028e+00 -1.132049849549987997e+01
1.343804663944134781e+00 4.131409353436577021e+02 -1.019941306391864089e+00 -1.072344485889408006e+00 -8.758636093425410607e+00
1.344297577295136881e+00 4.071715799738117880e+02 -1.051405054606098233e+00 -1.000421353286998993e+00 -1.020902745087823504e+01
1.343051947415832004e+00 4.058287335867784691e+02 -1.094651056796420718e+00 -1.058074215491945580e+00 -8.948526639195888421e+00
1.343925165761299834e+00 4.206624403659449740e+02 -1.001065175031255805e+00 -1.045240582843902644e+00 -8.920336737202408273e+00
1.343689380158908264e+00 4.084060106228599807e+02 -1.159311479624950181e+00 -1.000796179775811368e+00 -9.683955251541313203e+00
1.343358546402795728e+00 4.064422494211989374e+02 -1.027169805034370498e+00 -1.099229592833200542e+00 -6.547979551853798874e+00
1.343109122983567438e+00 4.245208715791372356e+02 -1.003241080503169513e+00 -1.104887984148001934e+00 -1.035588993993255968e+01
1.343249826883742060e+00 4.017529530018470041e+02 -1.050322406663521946e+00 -1.142803855997890139e+00 -8.233569766954735414e+00
1.343663500889825890e+00 4.106155686998261558e+02 -1.123632703997269999e+00 -1.010595936090936675e+00 -7.457006721158348839e+00
1.343385993472623774e+00 4.048878929523601187e+02 -1.052687687187855659e+00 -1.109897794590882114e+00 -7.362537323667101674e+00
1.343073943300378659e+00 4.053069820260927258e+02 -1.099306908787882620e+00 -1.031126311565627063e+00 -1.066978133747861257e+01
1.343218403804349537e+00 4.006346083935315505e+02 -1.127632638563635936e+00 -1.054514567808817915e+00 -7.068062496249511106e+00
1.343080279691077683e+00 4.261563380437283399e+02 -1.010756599763031005e+00 -1.038849686588013910e+00 -9.846922247814301699e+00
1.343290138213023566e+00 4.067931213946289404e+02 -1.086081706839701511e+00 -1.013794021357247388e+00 -6.359193097649452397e+00
1.343136572074522084e+00 4.208285291338289653e+02 -1.023676438698265301e+00 -1.058685943102775084e+00 -7.327749611790733475e+00
1.343586232371648315e+00 4.242201811249732373e+02 -1.015494262524821778e+00 -1.061679988955548382e+00 -9.571899899336827389e+00
1.342984571119059778e+00 4.076306685094531304e+02 -1.010660190964140170e+00 -1.072694427738106526e+00 -1.128979120476014941e+01
1.343179275850402643e+00 4.218688022604550270e+02 -1.096676001229505815e+00 -1.007602187825128226e+00 -1.089990633952782062e+01
1.343006705313557259e+00 4.038105775029910092e+02 -1.023453202872515178e+00 -1.056479178320145706e+00 -9.106014179035506473e+00
1.343078548507367520e+00 4.006599880952192052e+02 -1.150770245978915085e+00 -1.039157265882227676e+00 -9.993704704432978758e+00
1.343369043167473853e+00 4.258998899075807003e+02 -1.062015519618460857e+00 -1.022399359127629026e+00 -8.963632789869068418e+00
1.343328362022177425e+00 4.331647300373169287e+02 -1.012773703003940540e+00 -1.048674036065786908e+00 -9.440277195679552591e+00
1.343778710827579159e+00 4.106919183740498056e+02 -1.061518260664129798e+00 -1.048797978717365353e+00 -1.187224148179060101e+01
1.343298194812038160e+00 4.206179771407774410e+02 -1.105415054850523049e+00 -1.011734547717811239e+00 -8.624115882231443209e+00
1.343501037872732340e+00 4.020388986675068281e+02 -1.070186936462071969e+00 -1.093915624953824661e+00 -7.490598847134084970e+00
1.343301258176250013e+00 4.001349725304403364e+02 -1.008976222094803532e+00 -1.193861943490366784e+00 -9.870044424240646208e+00
1.343127287977606610e+00 4.012076094494476592e+02 -1.012601156153792203e+00 -1.025773171559015040e+00 -9.907707452937641435e+00
1.340864532135027432e+00 4.004011372991844269e+02 -1.007038021606845746e+00 -4.550594820054998380e+00 -1.154910921996265571e+01
1.343104135842894564e+00 4.122605520333906384e+02 -1.081014826228743786e+00 -1.008119098915788214e+00 -9.211669487236161302e+00
1.343446241066301727e+00 4.136392692785337317e+02 -1.078858000619739244e+00 -1.058684716072439969e+00 -1.128783347224004885e+01
1.343102959910410510e+00 4.109079664868922919e+02 -1.051381121110445349e+00 -1.099372717267842248e+00 -8.446374371417473270e+00
1.342945300087582616e+00 4.144791796288288879e+02 -1.006993607184732298e+00 -1.136051849137750480e+00 -1.087226699281190179e+01
1.343220830368483387e+00 4.357923470352557160e+02 -1.002379913011434809e+00 -1.027455185512726743e+00 -8.389522584656567972e+00
1.341082928149402331e+00 4.018550162257221245e+02 -1.004267556952981977e+00 -4.607578429326303571e+00 -1.124020640399893267e+01
1.343449638068851870e+00 4.003850645987875509e+02 -1.029353851319935842e+00 -1.152830387135511003e+00 -1.140218858199007101e+01
1.343127076907238759e+00 4.079636461873936355e+02 -1.113383895910658339e+00 -1.008940279298780496e+00 -1.157617302911064350e+01
1.340987553530133658e+00 4.020939097259023356e+02 -1.004404787894834783e+00 -4.642705811789200609e+00 -1.060016724535117660e+01
1.343070536321697483e+00 4.095771580257809319e+02 -1.030055888143799336e+00 -1.042414594785196158e+00 -7.862492330733910961e+00
1.343446660947759774e+00 4.022186654992676722e+02 -1.053561686485574356e+00 -1.054360778721173730e+00 -5.822903059527810399e+00
1.344096480553309991e+00 4.124826952459274594e+02 -1.012674586852844172e+00 -1.007268270990074654e+00 -5.993914394203410545e+00
1.343288721965356869e+00 4.061063351154255088e+02 -1.003284790962158723e+00 -1.127556811392690150e+00 -8.471521591665830186e+00
1.343486883642692309e+00 4.164049010130363513e+02 -1.014779880631257569e+00 -1.059996720789326830e+00 -6.634027556672196013e+00
1.343784251785716810e+00 4.141221878099869400e+02 -1.003113223572322354e+00 -1.008627370592190431e+00 -6.368286096872737723e+00
1.343380945369107904e+00 4.086712148580925259e+02 -1.009200921941246776e+00 -1.063950086048725652e+00 -5.947311373813385593e+00
1.343652473201789155e+00 4.173574643019471750e+02 -1.025638273944711187e+00 -1.031421145394897820e+00 -6.951249154788476048e+00
1.343922863567388770e+00 4.081770280255310581e+02 -1.009738620454552205e+00 -1.063029325678337855e+00 -7.521247553486857917e+00
1.343622887940475685e+00 4.046666365578158207e+02 -1.038539265045397286e+00 -1.031005615403188358e+00 -6.603905247561462133e+00
1.343622887940475685e+00 4.046666365578158207e+02 -1.038539265045397286e+00 -1.031005615403188358e+00 -6.603905247561462133e+00
1.343656704246115385e+00 4.058224159266993638e+02 -1.008733804899167197e+00 -1.067355033648242468e+00 -6.045119605531990459e+00
1.343529216853111441e+00 4.016714392352230902e+02 -1.014864660483674186e+00 -1.074724977096172651e+00 -6.829668350940884203e+00
1.343529216853111441e+00 4.016714392352230902e+02 -1.014864660483674186e+00 -1.074724977096172651e+00 -6.829668350940884203e+00
1.343089514707768606e+00 4.010243669127524413e+02 -1.001386250037802128e+00 -1.121888584820794676e+00 -6.925492927685723998e+00
1.343492587709928632e+00 4.080359797328745799e+02 -1.020802774960117176e+00 -1.012288348795790327e+00 -6.123762497108378611e+00
1.343208635689666863e+00 4.093215394825588191e+02 -1.011359759985239748e+00 -1.091731834446152405e+00 -7.010261731762303938e+00
1.343245124057016016e+00 4.022303743298281233e+02 -1.006533091088082088e+00 -1.061399947268176547e+00 -6.298393404641981164e+00
1.343888840272334351e+00 4.035152818306881386e+02 -1.024040724227223365e+00 -1.059754757091623034e+00 -7.031239731398044590e+00
1.343273136471154094e+00 4.043298317175301122e+02 -1.051619385672260876e+00 -1.074844280288356657e+00 -6.452226458812791776e+00
1.343820804576856487e+00 4.030637973703372836e+02 -1.032184281963138162e+00 -1.003455518680535619e+00 -6.202911449163244662e+00
1.343820804576856487e+00 4.030637973703372836e+02 -1.032184281963138162e+00 -1.003455518680535619e+00 -6.202911449163244662e+00
1.343945186634206701e+00 4.029855616852455569e+02 -1.003708130698447221e+00 -1.002877870976414343e+00 -5.558629883464878851e+00
1.343491077962488012e+00 4.026457499806650731e+02 -1.023005615639073440e+00 -1.055416701517037481e+00 -6.540019118551417598e+00
1.343401042721060978e+00 4.049672768873724067e+02 -1.003924462633060344e+00 -1.067852652861503771e+00 -6.387531144677180528e+00
1.343782963706271039e+00 4.120805600808280929e+02 -1.009471137258575624e+00 -1.001175210754734479e+00 -5.340029657209875324e+00
1.344323798669595060e+00 4.078360373075104803e+02 -1.003425703576962036e+00 -1.004966370785730589e+00 -6.687191393888185509e+00
1.343954609054945459e+00 4.067433326538608185e+02 -1.003395028006741185e+00 -1.058727105485637310e+00 -7.129454296049789974e+00
1.343395474010226964e+00 4.104312531575000662e+02 -1.009314032706178921e+00 -1.085854995561781777e+00 -6.726167959980152489e+00
1.343411376525703860e+00 4.063624312788299449e+02 -1.020325994816834836e+00 -1.029624907344299345e+00 -6.895714781358302403e+00
1.343411376525703860e+00 4.063624312788299449e+02 -1.020325994816834836e+00 -1.029624907344299345e+00 -6.895714781358302403e+00
1.343499868041091672e+00 4.003546391413453875e+02 -1.013984748787640555e+00 -1.064596317669430192e+00 -7.238084435459413157e+00
1.343456975861712088e+00 4.005498727580839500e+02 -1.014395908525649759e+00 -1.011153638072611827e+00 -6.030309009759333705e+00
1.343784960617575130e+00 4.046091166494271079e+02 -1.026934007111965030e+00 -1.064754608346975218e+00 -6.535705537432886736e+00
1.343456232130403327e+00 4.106164535187524507e+02 -1.002086055779614071e+00 -1.008652607774980225e+00 -6.587989327675222384e+00
1.343456232130403327e+00 4.106164535187524507e+02 -1.002086055779614071e+00 -1.008652607774980225e+00 -6.587989327675222384e+00
1.343590956584731710e+00 4.023920641798665656e+02 -1.029287243179688005e+00 -1.014129305650744328e+00 -6.329474243500086139e+00
1.343762419175082767e+00 4.100294305910771868e+02 -1.015163262265145860e+00 -1.040544453791422796e+00 -5.910610699161442660e+00
1.343323051695538117e+00 4.075675918108175324e+02 -1.018552275398068474e+00 -1.023646007485176312e+00 -6.278208390563539965e+00
1.343263788370711920e+00 4.097887018116845184e+02 -1.018859756801370864e+00 -1.015049346570235045e+00 -7.109835075334746790e+00
1.343636992505716332e+00 4.038298205942490995e+02 -1.042886202369208704e+00 -1.016966787280573215e+00 -6.687953318330498220e+00
1.343636992505716332e+00 4.038298205942490995e+02 -1.042886202369208704e+00 -1.016966787280573215e+00 -6.687953318330498220e+00
1.343952784868606143e+00 4.023866749641948104e+02 -1.021993536395363833e+00 -1.030759280634072184e+00 -6.997902053906984499e+00
1.343430989474749371e+00 4.020869671526980937e+02 -1.007557029230630619e+00 -1.056420554047734939e+00 -6.208166598346002374e+00
1.343430989474749371e+00 4.020869671526980937e+02 -1.007557029230630619e+00 -1.056420554047734939e+00 -6.208166598346002374e+00
1.343904520771514344e+00 4.080083946433792903e+02 -1.014104982365330088e+00 -1.021307908808694265e+00 -5.830365918895859423e+00
1.343287155214732298e+00 4.087728041831765040e+02 -1.017627809543377282e+00 -1.041420537914618194e+00 -6.436004687305169725e+00
1.343339156970068116e+00 4.120814803119093881e+02 -1.022834942267397906e+00 -1.021256306343403253e+00 -6.960823036549134812e+00
1.343307715132129987e+00 4.121693215821956073e+02 -1.016745521499453631e+00 -1.059134284735561593e+00 -6.440261707801671065e+00
1.343967923143944310e+00 4.047581414924636078e+02 -1.032197636412732322e+00 -1.006931221575795732e+00 -7.185774582788735820e+00
1.343967923143944310e+00 4.047581414924636078e+02 -1.032197636412732322e+00 -1.006931221575795732e+00 -7.185774582788735820e+00
1.343852621478787146e+00 4.018435032587904061e+02 -1.007657089128644046e+00 -1.049616347110671200e+00 -6.979046846140002813e+00
1.343852621478787146e+00 4.018435032587904061e+02 -1.007657089128644046e+00 -1.049616347110671200e+00 -6.979046846140002813e+00
1.343246483999434249e+00 4.138776468637094013e+02 -1.001361895928239321e+00 -1.040284418205427386e+00 -6.889209915973982135e+00
1.343337431890515798e+00 4.004449640496223424e+02 -1.038178623814292934e+00 -1.031944886028043129e+00 -6.646425411943494233e+00
1.343752748313088219e+00 4.101504105990095468e+02 -1.031751233012199620e+00 -1.022580747265951828e+00 -6.706875439333002120e+00
1.343819173440326420e+00 4.025627361084341373e+02 -1.006084456572338581e+00 -1.059627256574358967e+00 -8.305139839671326740e+00
1.343819173440326420e+00 4.025627361084341373e+02 -1.006084456572338581e+00 -1.059627256574358967e+00 -8.305139839671326740e+00
1.343790430805080760e+00 4.013426588644597928e+02 -1.007042176373994735e+00 -1.116625895943245794e+00 -7.898912028204809310e+00
1.343589078317554364e+00 4.059434613239698137e+02 -1.021770437615012739e+00 -1.108807823314087670e+00 -7.811705734487855324e+00
1.342958222412248270e+00 4.053572903725831793e+02 -1.008789831992444874e+00 -1.139746072661106169e+00 -8.105612298202437671e+00
1.343503005598706501e+00 4.102457155492455740e+02 -1.016314892723759300e+00 -1.059029474054820952e+00 -7.694443067487300780e+00
1.343503005598706501e+00 4.102457155492455740e+02 -1.016314892723759300e+00 -1.059029474054820952e+00 -7.694443067487300780e+00
1.343396300211350258e+00 4.047793166589052589e+02 -1.076604099255334290e+00 -1.022583791746164650e+00 -7.882904403634240609e+00
1.343128728789367843e+00 4.052888141404422413e+02 -1.070689719840396847e+00 -1.056124475538165797e+00 -8.163081654006910881e+00
1.343136935990871139e+00 4.019384266143148920e+02 -1.074749597988072125e+00 -1.062537003214778508e+00 -7.837082929676964405e+00
1.343701306986140320e+00 4.019098752808212112e+02 -1.088568647292703417e+00 -1.027130797474157475e+00 -8.023589308615928672e+00
1.343805777096276799e+00 4.075536381222401587e+02 -1.088269283824837785e+00 -1.005080506851452782e+00 -7.681803125862323611e+00
1.343368716833867715e+00 4.022544242961205327e+02 -1.097585013119935837e+00 -1.052593143180638791e+00 -7.256981666495925687e+00
1.343188508076091914e+00 4.038685111913077321e+02 -1.081235535047238017e+00 -1.073106409608078238e+00 -7.251284853852626888e+00
1.343665230305734593e+00 4.118745018751668567e+02 -1.087395333387096485e+00 -1.015979180433420836e+00 -7.709005443283537318e+00
1.343398555572409947e+00 4.018344517386620964e+02 -1.097542432000309987e+00 -1.062639705835600523e+00 -6.971626209040493904e+00
1.343614238222538004e+00 4.087928433798392689e+02 -1.124103025181877769e+00 -1.002257351578563771e+00 -6.735180423262892901e+00
1.343424005840722080e+00 4.131567653780674618e+02 -1.069566622848176607e+00 -1.031439920694776191e+00 -7.176984816275631118e+00
1.343593590474608579e+00 4.121724855230972366e+02 -1.083061983694708630e+00 -1.026476649127443963e+00 -7.224816898973366541e+00
1.343571320421582671e+00 4.031497447349595404e+02 -1.081619983434428889e+00 -1.008067629515203123e+00 -6.099256101661890028e+00
1.343466875165288288e+00 4.023750480733052655e+02 -1.103602263643344017e+00 -1.047275671880328218e+00 -7.064286882339398055e+00
1.343746575743096416e+00 4.047992655889170805e+02 -1.077534075730115504e+00 -1.000932286231579482e+00 -6.975284966043879820e+00
1.343431753938278295e+00 4.117372939143556891e+02 -1.063514888851230467e+00 -1.005840929108746451e+00 -6.898666842619931572e+00
1.343412699896439744e+00 4.126619844966667188e+02 -1.054511828848310628e+00 -1.041591281636316424e+00 -6.714339478096819747e+00
1.343821478014170623e+00 4.007284041871203613e+02 -1.053871768700247458e+00 -1.004826511757153540e+00 -7.152300607736428617e+00
1.343821478014170623e+00 4.007284041871203613e+02 -1.053871768700247458e+00 -1.004826511757153540e+00 -7.152300607736428617e+00
1.343353163333290468e+00 4.060918942534411826e+02 -1.050749328137847272e+00 -1.025322475291295277e+00 -7.101814075004407201e+00
1.343237554839260994e+00 4.030510939000014332e+02 -1.041733259970689218e+00 -1.093023090060107450e+00 -7.103545101369616255e+00
1.343274310737389232e+00 4.106715499526504232e+02 -1.059860556318781732e+00 -1.024244523042559862e+00 -6.880957497600968864e+00
1.343093392405790620e+00 4.034020628194157894e+02 -1.057659116566597390e+00 -1.069650152052737724e+00 -6.912383208391944756e+00
1.343365428358462843e+00 4.107520891773286280e+02 -1.073754577811737221e+00 -1.013199958610787377e+00 -7.973499421108663832e+00
1.343220949280477639e+00 4.154010164736648676e+02 -1.065206522296792357e+00 -1.020447351862305396e+00 -7.780838873700384184e+00
1.343816685192424920e+00 4.123081521502908799e+02 -1.042919651696927019e+00 -1.035158527458929001e+00 -7.544495817755891842e+00
1.343102015961648021e+00 4.073055197883876417e+02 -1.032970874842678910e+00 -1.060130144621940218e+00 -7.294563942672457557e+00
1.343653081524131432e+00 4.116784913195243121e+02 -1.039871091184828344e+00 -1.030685607410141813e+00 -7.087927511040257755e+00
1.343560159068978299e+00 4.057191142627605132e+02 -1.053515763200252309e+00 -1.002956260320029713e+00 -8.035336377935369256e+00
1.343560159068978299e+00 4.057191142627605132e+02 -1.053515763200252309e+00 -1.002956260320029713e+00 -8.035336377935369256e+00
1.343443940161895833e+00 4.117292102811948098e+02 -1.041380052567806302e+00 -1.084920642273493385e+00 -7.927546686376638618e+00
1.343502089182285308e+00 4.076682454922188299e+02 -1.043495937337178603e+00 -1.082387907352531542e+00 -7.534790032958731842e+00
1.343782551580253282e+00 4.092068356091301666e+02 -1.048525461600517517e+00 -1.027816183394332228e+00 -8.561333740345400400e+00
1.343743488032739908e+00 4.119478261161344790e+02 -1.028855637891989971e+00 -1.068586291638991881e+00 -8.436384590761962343e+00
1.343301705980053606e+00 4.121131554173352924e+02 -1.051406852439544792e+00 -1.031668360033197729e+00 -8.397560810207910009e+00
1.343409817995428801e+00 4.114021791521615228e+02 -1.037142840579276637e+00 -1.073809800650179724e+00 -8.864928931099910869e+00
1.343202537871150515e+00 4.151754441102243049e+02 -1.067870427893472751e+00 -1.005847082007896631e+00 -8.734442966112123230e+00
1.343660172269116160e+00 4.121776148343968771e+02 -1.037452410837765626e+00 -1.041164016386529667e+00 -8.175791406572910702e+00
1.343278428923101675e+00 4.162264194374154727e+02 -1.055025630885715771e+00 -1.031412256514244064e+00 -8.254706391883026129e+00
1.343657816264957949e+00 4.171335765728005640e+02 -1.049926741834877220e+00 -1.028141908821229578e+00 -7.392881132578142278e+00
1.343279551764513524e+00 4.155076166192357050e+02 -1.047225923650261237e+00 -1.002807399585352144e+00 -7.053407200499180796e+00
1.343235553256558523e+00 4.148107840954433527e+02 -1.057281867853992807e+00 -1.051074411960929211e+00 -8.587309644470012771e+00
1.343186810091008487e+00 4.109304301832880242e+02 -1.018064148907420474e+00 -1.022331151345646560e+00 -8.334764266829784773e+00
1.343532845397050313e+00 4.039505636870954959e+02 -1.068887467120639201e+00 -1.059042353597757113e+00 -8.669018253252925632e+00
1.344097922678866963e+00 4.006303271902544338e+02 -1.078096059056393941e+00 -1.024535752852978376e+00 -8.415703030020869946e+00
1.343931979681605160e+00 4.012963514538971026e+02 -1.067478307873770405e+00 -1.041454884442465811e+00 -7.660506047782636330e+00
1.343015170012129778e+00 4.091435069378125604e+02 -1.034735591109869901e+00 -1.085610476495206811e+00 -8.155817281309747813e+00
1.343239452672113199e+00 4.098974113815891656e+02 -1.066646266481628302e+00 -1.027605537036759387e+00 -8.005239337573513581e+00
1.343431504573621149e+00 4.061660736394582614e+02 -1.021126079513759777e+00 -1.050665751550887705e+00 -6.657790568486942284e+00
1.343431504573621149e+00 4.061660736394582614e+02 -1.021126079513759777e+00 -1.050665751550887705e+00 -6.657790568486942284e+00
1.343718539059817640e+00 4.050168915160391521e+02 -1.028168662249544951e+00 -1.027785223031953521e+00 -8.110546585997871816e+00
1.343999182285760874e+00 4.053020807278752500e+02 -1.039005253789136773e+00 -1.021468006612961332e+00 -8.795125984442753619e+00
1.343999182285760874e+00 4.053020807278752500e+02 -1.039005253789136773e+00 -1.021468006612961332e+00 -8.795125984442753619e+00
1.343924465507434496e+00 4.086360208905257423e+02 -1.022912315988705245e+00 -1.049289904846634869e+00 -8.733160623172953052e+00
1.343561242831182501e+00 4.011505833164603132e+02 -1.022314333092987582e+00 -1.120195415124571880e+00 -8.642543829013419554e+00
1.343627273156552393e+00 4.040364948077315148e+02 -1.019060496010316896e+00 -1.046297698660254127e+00 -8.478358900472541038e+00
1.343627273156552393e+00 4.040364948077315148e+02 -1.019060496010316896e+00 -1.046297698660254127e+00 -8.478358900472541038e+00
1.343876874961609014e+00 4.077106478364784721e+02 -1.004131094190372053e+00 -1.003422405738467305e+00 -9.161071909014161463e+00
1.343876874961609014e+00 4.077106478364784721e+02 -1.004131094190372053e+00 -1.003422405738467305e+00 -9.161071909014161463e+00
1.343876874961609014e+00 4.077106478364784721e+02 -1.004131094190372053e+00 -1.003422405738467305e+00 -9.161071909014161463e+00
1.343727134350021224e+00 4.088163332350414976e+02 -1.018959205399102785e+00 -1.000802237542044892e+00 -8.998075723350970279e+00
1.343727134350021224e+00 4.088163332350414976e+02 -1.018959205399102785e+00 -1.000802237542044892e+00 -8.998075723350970279e+00
1.343962411953923741e+00 4.029723289883311281e+02 -1.026606272162904787e+00 -1.062690791691853320e+00 -7.947573128145140942e+00
1.343626762345671244e+00 4.024343900456914866e+02 -1.040288139758480668e+00 -1.084224079304627608e+00 -8.480247439358308270e+00
1.343318825644339798e+00 4.005749963610197710e+02 -1.038331408949039414e+00 -1.008088236427850504e+00 -7.763855274164140674e+00
1.343198863076284111e+00 4.065718160291078220e+02 -1.033758548152006185e+00 -1.056609868803377594e+00 -8.638335304730036412e+00
1.343324601727153400e+00 4.037006424477353903e+02 -1.009392016414565774e+00 -1.137166913261571821e+00 -8.665394487576094207e+00
1.343079119257175824e+00 4.058584793475357060e+02 -1.013080614506545629e+00 -1.152608613708752117e+00 -8.320562237518373649e+00
1.343305164101574745e+00 4.058216353060025199e+02 -1.019139878481647443e+00 -1.028780207930909185e+00 -8.135642645581594223e+00
1.343066344076282670e+00 4.094677802739089998e+02 -1.005571608852735110e+00 -1.137208384911904346e+00 -8.971052896856992476e+00
1.343631989694753504e+00 4.051770864170886171e+02 -1.016363708410304767e+00 -1.084169421121899290e+00 -9.327080313343802942e+00
1.343631989694753504e+00 4.051770864170886171e+02 -1.016363708410304767e+00 -1.084169421121899290e+00 -9.327080313343802942e+00
1.343236104098296302e+00 4.043016528231317466e+02 -1.011027663006085930e+00 -1.146115251901173693e+00 -9.228549726668983766e+00
1.343204807092381659e+00 4.093935686770565212e+02 -1.017481368531026220e+00 -1.047409488755425500e+00 -8.405367614531394693e+00
1.343972384775591555e+00 4.057231183752504649e+02 -1.014975722023580218e+00 -1.067742108224244646e+00 -9.807257493218761724e+00
1.343123133514466661e+00 4.058950748133531761e+02 -1.003897854274454104e+00 -1.102421462686367093e+00 -1.011652532642555968e+01
1.343501828748026927e+00 4.044056741151596270e+02 -1.012136124557425632e+00 -1.033683648033447255e+00 -1.019678974975815500e+01
1.343501828748026927e+00 4.044056741151596270e+02 -1.012136124557425632e+00 -1.033683648033447255e+00 -1.019678974975815500e+01
1.342988408665514832e+00 4.003362657247166112e+02 -1.004225144083440213e+00 -1.133589448606082684e+00 -9.699278552948806364e+00
1.343111688156132466e+00 4.003324368131405890e+02 -1.009239438877353123e+00 -1.164719727328046517e+00 -9.552030860688976333e+00
1.344054777639105192e+00 4.015337073657434530e+02 -1.015166895111901724e+00 -1.042524444926266725e+00 -9.851318916965984940e+00
1.343346509650905185e+00 4.013863387177410118e+02 -1.004181087960770213e+00 -1.143218833185144945e+00 -1.108149867536587330e+01
1.343214578087829958e+00 4.010340648648145248e+02 -1.015709299144283762e+00 -1.099614787548626182e+00 -1.081661112070152697e+01
1.343214578087829958e+00 4.010340648648145248e+02 -1.015709299144283762e+00 -1.099614787548626182e+00 -1.081661112070152697e+01
1.343546097862723387e+00 4.022197917466355079e+02 -1.020450015877999661e+00 -1.079099474072464204e+00 -1.146176232414728879e+01
1.343546097862723387e+00 4.022197917466355079e+02 -1.020450015877999661e+00 -1.079099474072464204e+00 -1.146176232414728879e+01
1.343601297633299385e+00 4.010889988928733487e+02 -1.008000256585702914e+00 -1.152636460020680431e+00 -1.166767295612102018e+01
1.342935916759081083e+00 4.009949931029797767e+02 -1.007172966163686567e+00 -1.208526115835381276e+00 -1.156245624282200168e+01
1.342948794401264356e+00 4.028924368993428970e+02 -1.011860214765974320e+00 -1.160316369746718479e+00 -1.115177276264797790e+01
1.344026224164243111e+00 4.024855648910426567e+02 -1.018892590675239518e+00 -1.030715312971516084e+00 -1.162601338338131818e+01
1.344026224164243111e+00 4.024855648910426567e+02 -1.018892590675239518e+00 -1.030715312971516084e+00 -1.162601338338131818e+01
1.343778445529176579e+00 4.006411851263350172e+02 -1.008074801667005360e+00 -1.017853313228011203e+00 -1.076659103629944170e+01
1.343778445529176579e+00 4.006411851263350172e+02 -1.008074801667005360e+00 -1.017853313228011203e+00 -1.076659103629944170e+01
1.343870956965776520e+00 4.004429563760464248e+02 -1.036717299643976631e+00 -1.018471426888037712e+00 -1.115114919628715739e+01
1.343870956965776520e+00 4.004429563760464248e+02 -1.036717299643976631e+00 -1.018471426888037712e+00 -1.115114919628715739e+01
1.343206355522771123e+00 4.017053292692838227e+02 -1.013463360327431673e+00 -1.151930260590393829e+00 -1.038304551296112521e+01
1.343628643658210553e+00 4.028477690480153797e+02 -1.022401711541974123e+00 -1.090505389301647199e+00 -1.118246022848407861e+01
1.343732503355155039e+00 4.018937148955841963e+02 -1.001698052461144073e+00 -1.122790453134893340e+00 -1.129363252166071874e+01
1.343005481283885860e+00 4.011250127502578380e+02 -1.055832729170797180e+00 -1.132342794155851706e+00 -1.037091224731241645e+01
1.343285247950079198e+00 4.031109647110925494e+02 -1.059351269479790858e+00 -1.038058858120747274e+00 -1.074001720038266505e+01
1.343230239573647733e+00 4.058718173638558824e+02 -1.039671827077153665e+00 -1.101509995585816526e+00 -1.083977637098995572e+01
1.343503158451306856e+00 4.054306171784311914e+02 -1.044193910422128724e+00 -1.034804843089903059e+00 -1.132166898704918445e+01
1.343503158451306856e+00 4.054306171784311914e+02 -1.044193910422128724e+00 -1.034804843089903059e+00 -1.132166898704918445e+01
1.344013054689094711e+00 4.023762138130776407e+02 -1.056558995524037314e+00 -1.003342632781887289e+00 -1.068266827315000000e+01
1.344013054689094711e+00 4.023762138130776407e+02 -1.056558995524037314e+00 -1.003342632781887289e+00 -1.068266827315000000e+01
1.342965705696792522e+00 4.010820537423131782e+02 -1.050040550501597281e+00 -1.108384226855807952e+00 -1.185997728611350865e+01
1.343139017346840269e+00 4.024238258601208145e+02 -1.054112812067822702e+00 -1.132425927118235975e+00 -1.103048273951639580e+01
1.343486399348117200e+00 4.054470448033795265e+02 -1.054650555509569543e+00 -1.061589790448618231e+00 -1.123637227595334664e+01
1.343352034122780925e+00 4.046120080181240724e+02 -1.040355754001859978e+00 -1.059104696755888142e+00 -1.138417493954130677e+01
1.343707292781174845e+00 4.053200421691923907e+02 -1.037967933731140491e+00 -1.075148370042498414e+00 -1.117046187297691873e+01
1.343453644788028090e+00 4.004315315826416395e+02 -1.050268486862368178e+00 -1.092440107539580652e+00 -1.081010442558257267e+01
1.343952500641057757e+00 4.060286267118499950e+02 -1.056328718788806853e+00 -1.010873751727986658e+00 -1.077363047782312044e+01
1.343952500641057757e+00 4.060286267118499950e+02 -1.056328718788806853e+00 -1.010873751727986658e+00 -1.077363047782312044e+01
1.343130838039828134e+00 4.017753376441809223e+02 -1.047019236549649790e+00 -1.145208581516955704e+00 -1.072781215981084735e+01
1.343897367261708942e+00 4.025225188573519404e+02 -1.055406306199451194e+00 -1.064500113887815402e+00 -1.047349802920494355e+01
1.342991355079775850e+00 4.002069650907068308e+02 -1.073919857472665385e+00 -1.121262374461183597e+00 -1.165306877668065866e+01
1.343445065553110718e+00 4.027557798012272201e+02 -1.099237994115854988e+00 -1.029854665155934157e+00 -1.185007084768699492e+01
1.343194841802519024e+00 4.064140529448953885e+02 -1.118025640539633159e+00 -1.046208794931715147e+00 -1.197537433329504886e+01
1.343683195775740691e+00 4.066147391066731984e+02 -1.095213119838797766e+00 -1.028333219831679912e+00 -1.064961122895683943e+01
1.343559858847745092e+00 4.113146545895850181e+02 -1.089160141017815775e+00 -1.039523152921185911e+00 -1.054701439494933446e+01
1.343368715775868250e+00 4.058302772534116230e+02 -1.102494688549434443e+00 -1.061135299849379265e+00 -1.136993781717781893e+01
1.343322649330605856e+00 4.124194491714307560e+02 -1.134267450730654048e+00 -1.003874476737378174e+00 -1.024947045972380799e+01
1.343431452920587077e+00 4.068279791570209909e+02 -1.118873096021552271e+00 -1.042906346136128093e+00 -1.095583067602592209e+01
1.343637923272880119e+00 4.062339973355481675e+02 -1.096066400644488681e+00 -1.011620490766528491e+00 -1.151262320224875069e+01
1.343637923272880119e+00 4.062339973355481675e+02 -1.096066400644488681e+00 -1.011620490766528491e+00 -1.151262320224875069e+01
1.343538210898491903e+00 4.053462028039744496e+02 -1.105000769727936927e+00 -1.036142254370449933e+00 -1.118284657137925464e+01
1.343337393538334812e+00 4.075353019951570559e+02 -1.160832213513513622e+00 -1.012225156364326750e+00 -9.813753275474894622e+00
1.343540999936106539e+00 4.082549101558093412e+02 -1.153651729669592285e+00 -1.007185123036119734e+00 -9.576873268879296575e+00
1.343275621821249821e+00 4.049955082777113944e+02 -1.178716305377241369e+00 -1.002770313132369751e+00 -1.016977001752308851e+01
1.343473437040858087e+00 4.021968104182315642e+02 -1.138020862875849915e+00 -1.008168645590730605e+00 -1.166189136509496471e+01
1.343282556814343165e+00 4.017494340211253530e+02 -1.132059292826758323e+00 -1.067883123570149806e+00 -1.147118128974550544e+01
1.343551717907470300e+00 4.002975410110625489e+02 -1.124112834714949827e+00 -1.030130212590750105e+00 -1.024156503197171730e+01
1.343347387622209066e+00 4.038915925127708419e+02 -1.137793163736089852e+00 -1.040990914830565828e+00 -1.070921156429634635e+01
1.343173562552801847e+00 4.007343719863121123e+02 -1.126271926654739630e+00 -1.055578807088652482e+00 -1.083776670207680581e+01
1.343579258149174116e+00 4.050960818597688444e+02 -1.126512955900844659e+00 -1.025767479121670434e+00 -1.008308826778327649e+01
1.343269583657329402e+00 4.000461856457713452e+02 -1.114434026146371437e+00 -1.058055664698798637e+00 -1.106789111542810566e+01
1.343450842242938092e+00 4.001797194263646702e+02 -1.116466325123569803e+00 -1.022264004410335048e+00 -1.066273439153896518e+01
1.343450842242938092e+00 4.001797194263646702e+02 -1.116466325123569803e+00 -1.022264004410335048e+00 -1.066273439153896518e+01
1.343344443039998337e+00 4.040873741207562375e+02 -1.097410781166882288e+00 -1.038123759162019155e+00 -1.075324235971328690e+01
1.343752130007878076e+00 4.009084416274787372e+02 -1.113050571420231449e+00 -1.040748059408100445e+00 -1.151360223272871686e+01
1.343264011764578436e+00 4.041641106465129383e+02 -1.098075765284239225e+00 -1.078907930191085995e+00 -1.050886436433788873e+01
1.343374421503277460e+00 4.053037931257800892e+02 -1.108295764213508505e+00 -1.015577225857178689e+00 -1.198738568177065211e+01
1.343835520351725155e+00 4.023488430355451442e+02 -1.006602841287131511e+00 -1.057255387253368539e+00 -1.175740034492010011e+01
1.343835520351725155e+00 4.023488430355451442e+02 -1.006602841287131511e+00 -1.057255387253368539e+00 -1.175740034492010011e+01
1.343310018569580322e+00 4.016421693915250444e+02 -1.171199161310685355e+00 -1.023351347073681694e+00 -1.179459978469706982e+01
1.343671103951354695e+00 4.001569772113743966e+02 -1.035592532344940864e+00 -1.020783801437303850e+00 -1.172938010765449057e+01
1.343671103951354695e+00 4.001569772113743966e+02 -1.035592532344940864e+00 -1.020783801437303850e+00 -1.172938010765449057e+01
1.344393204350816440e+00 4.018562057479830969e+02 -1.047751173991082752e+00 -1.004330177309215699e+00 -9.160594122179414711e+00
1.344125621171443630e+00 4.084341948484698719e+02 -1.024671373648013528e+00 -1.024572933127092966e+00 -9.873791498168372982e+00
1.343476866368735534e+00 4.054606333689893063e+02 -1.055446514309034356e+00 -1.037039470401060370e+00 -1.035583402039227074e+01
1.343436754457050020e+00 4.028728707110884102e+02 -1.057659153330947177e+00 -1.018618646203456990e+00 -9.235063181271264909e+00
1.343436754457050020e+00 4.028728707110884102e+02 -1.057659153330947177e+00 -1.018618646203456990e+00 -9.235063181271264909e+00
1.343748994033918676e+00 4.072219025638029848e+02 -1.058839566604564908e+00 -1.025896367974240775e+00 -9.952049869028918749e+00
1.343687842645863828e+00 4.102261295972544985e+02 -1.052194806660379456e+00 -1.025852009944385301e+00 -1.005829883482301845e+01
1.343053511146882206e+00 4.085108403938118613e+02 -1.019293881402710156e+00 -1.109579697375767893e+00 -9.750796081098140888e+00
1.343782366856745014e+00 4.074733910544577498e+02 -1.044938778652173994e+00 -1.058478754755398654e+00 -1.021889406224016916e+01
1.343504852475400746e+00 4.056257509297312254e+02 -1.058909202442906761e+00 -1.014933848397907568e+00 -9.940367514599046217e+00
1.343572017607552072e+00 4.045069319592893748e+02 -1.043048576787892756e+00 -1.035848319159812903e+00 -9.887220270467210526e+00
1.343572017607552072e+00 4.045069319592893748e+02 -1.043048576787892756e+00 -1.035848319159812903e+00 -9.887220270467210526e+00
1.343383565462481943e+00 4.020554898541303714e+02 -1.033386394944500353e+00 -1.006985273494771960e+00 -1.017488061978045266e+01
1.343383565462481943e+00 4.020554898541303714e+02 -1.033386394944500353e+00 -1.006985273494771960e+00 -1.017488061978045266e+01
1.343022065137604137e+00 4.054451076661092657e+02 -1.051926438084123561e+00 -1.068762156918850792e+00 -9.668731725506397368e+00
1.343055097861927116e+00 4.063874749578755541e+02 -1.025586139562298271e+00 -1.136625428158579254e+00 -9.255566086736596532e+00
1.343443062084311634e+00 4.016658098792937608e+02 -1.056833123631454541e+00 -1.027551071093039781e+00 -9.782504694949700763e+00
1.343443062084311634e+00 4.016658098792937608e+02 -1.056833123631454541e+00 -1.027551071093039781e+00 -9.782504694949700763e+00
1.343312614473366473e+00 4.100515766976106988e+02 -1.039333463960305792e+00 -1.042798344182678250e+00 -9.405978671852519568e+00
1.343964748649355334e+00 4.089008803977928892e+02 -1.042857041378459471e+00 -1.000677094920275678e+00 -9.629469226461891296e+00
1.343146517374468996e+00 4.101820740986306646e+02 -1.051488868708775115e+00 -1.010995045199146958e+00 -9.590617951073124203e+00
1.343618243156977643e+00 4.067546299181076961e+02 -1.045506269048290804e+00 -1.018052445434124209e+00 -9.627176935597516305e+00
1.343618243156977643e+00 4.067546299181076961e+02 -1.045506269048290804e+00 -1.018052445434124209e+00 -9.627176935597516305e+00
1.344117679551006361e+00 4.034298147873259381e+02 -1.036648870175262971e+00 -1.010997119733520577e+00 -1.031543632036243530e+01
1.343444343175791866e+00 4.024904815774480653e+02 -1.043698272775431590e+00 -1.081724084081342241e+00 -9.651189253536108126e+00
1.343052717713048683e+00 4.081763845018228949e+02 -1.045965859293371381e+00 -1.098089832085715756e+00 -1.058389398116041313e+01
1.343411404952279620e+00 4.011875466986573429e+02 -1.138669003206224772e+00 -1.000878403837594632e+00 -8.448322533910612719e+00
1.343331565430892161e+00 4.027396773212262246e+02 -1.162556924232744038e+00 -1.010944385145531754e+00 -8.547330537280942053e+00
1.343545296495452401e+00 4.081939610137092131e+02 -1.101500090062554449e+00 -1.034374396071735092e+00 -8.897224817029435684e+00
1.343102060788970098e+00 4.034003136609441071e+02 -1.075864583002791974e+00 -1.039538107470306727e+00 -8.732340324398144560e+00
1.343533617301630123e+00 4.072466817691332608e+02 -1.094092301724119309e+00 -1.008326204536041715e+00 -9.012133601303427000e+00
1.343340958311058042e+00 4.045749502547245129e+02 -1.086771526341681948e+00 -1.025061884127833167e+00 -8.409702938239606240e+00
1.343698471728988819e+00 4.043843420248428515e+02 -1.112569947364569600e+00 -1.004080716830431541e+00 -9.840900291390944687e+00
1.343410318371133894e+00 4.027440631874932251e+02 -1.093819965937338878e+00 -1.012472399717571747e+00 -1.015016729444972121e+01
1.343410318371133894e+00 4.027440631874932251e+02 -1.093819965937338878e+00 -1.012472399717571747e+00 -1.015016729444972121e+01
1.343219809454365254e+00 4.003623262006663595e+02 -1.076278383061243460e+00 -1.023037189570676020e+00 -9.548390897700130608e+00
1.343452093147489812e+00 4.116612826160479699e+02 -1.072054185311001717e+00 -1.056184988053413321e+00 -9.163623530034048059e+00
1.343389736666694700e+00 4.096507847519032453e+02 -1.074865620401114441e+00 -1.009060248175655872e+00 -9.546412123405703554e+00
1.343085510043154684e+00 4.097152227542659944e+02 -1.067105662417533907e+00 -1.083465134934110452e+00 -9.090301278446945688e+00
1.343451954124141867e+00 4.044613511995817134e+02 -1.093350880153028726e+00 -1.067766786381801225e+00 -9.057245311932248910e+00
1.343170612963468846e+00 4.038196776638155825e+02 -1.122199450272299615e+00 -1.047571356472486670e+00 -9.261799385618623148e+00
1.343695196155315408e+00 4.060273249422218100e+02 -1.093568861075837617e+00 -1.017732977579754561e+00 -9.895391645308384554e+00
1.343166707160375450e+00 4.006588140306774903e+02 -1.113482586917292849e+00 -1.083382431242347010e+00 -9.082251532372918490e+00
1.343264119826230507e+00 4.020077108525460972e+02 -1.113122588953521230e+00 -1.054998675117087004e+00 -9.749797536388010499e+00
1.343422873517185145e+00 4.018081914776721533e+02 -1.103695343637113524e+00 -1.044131706060490217e+00 -9.251451820332052378e+00
1.343643339448136409e+00 4.042123737131244070e+02 -1.080320098927556316e+00 -1.053167628613110196e+00 -9.452107770639601725e+00
1.343330585148681422e+00 4.018275007175591895e+02 -1.124011020893137314e+00 -1.024253219327318831e+00 -9.687255343807006369e+00
1.343647809574688656e+00 4.247668144954307650e+02 -1.017601535853749795e+00 -1.031720147745012639e+00 -7.326194726861912088e+00
1.343357381883209412e+00 4.223521026825806075e+02 -1.042440831366349130e+00 -1.049499898458879699e+00 -7.951585025211396207e+00
1.343583748584224136e+00 4.205679790611367821e+02 -1.003731040731949520e+00 -1.063007017465444903e+00 -7.319709578866133270e+00
1.343650100002827141e+00 4.314047595935243180e+02 -1.009966559685299359e+00 -1.025979485803880209e+00 -8.795731098874046694e+00
1.343586435445127236e+00 4.238744932047227394e+02 -1.032992317849213748e+00 -1.002927661676860538e+00 -6.846995063350080457e+00
1.343461711023291372e+00 4.208496990669085562e+02 -1.005861283086598945e+00 -1.009263980267821381e+00 -6.155656885789816180e+00
1.343436790250668089e+00 4.212894029964204492e+02 -1.017666321190633383e+00 -1.019906857115156384e+00 -7.512250006979577677e+00
1.343601379043779964e+00 4.236786337094255828e+02 -1.020158994149616305e+00 -1.015438508491115499e+00 -7.339866775359747741e+00
1.343601379043779964e+00 4.236786337094255828e+02 -1.020158994149616305e+00 -1.015438508491115499e+00 -7.339866775359747741e+00
1.343364101213939898e+00 4.214553032645298458e+02 -1.017961125173721726e+00 -1.077404101428822258e+00 -8.363243168893706780e+00
1.343875192468499957e+00 4.156602517685677185e+02 -1.045147671131214651e+00 -1.026313491901719388e+00 -8.907034557885411985e+00
1.343489813301877778e+00 4.195248625604613153e+02 -1.015862948487590955e+00 -1.047814833557859870e+00 -8.894227551426730827e+00
1.343496882416808536e+00 4.200062013203052516e+02 -1.019789793920919507e+00 -1.075087726314436054e+00 -8.854625807356601541e+00
1.343410346929031718e+00 4.169563123702556595e+02 -1.009057362797429747e+00 -1.013471857023633405e+00 -8.069396265984400074e+00
1.343410346929031718e+00 4.169563123702556595e+02 -1.009057362797429747e+00 -1.013471857023633405e+00 -8.069396265984400074e+00
1.343670615932650358e+00 4.159936550155822488e+02 -1.002013622070684562e+00 -1.057454192754802236e+00 -8.596607680513750793e+00
1.343830972319342232e+00 4.203612019022098139e+02 -1.043097310241117626e+00 -1.005105747347146306e+00 -8.517300507035784563e+00
1.343190054363054609e+00 4.230392272331885692e+02 -1.031813106399518176e+00 -1.007761149272281997e+00 -8.830355950182088520e+00
1.343314787109875175e+00 4.144244121012895903e+02 -1.000680561542274916e+00 -1.102289873400401632e+00 -8.021045050662229059e+00
1.343884225248931585e+00 4.171261855777970595e+02 -1.028182710078681339e+00 -1.009719910213995320e+00 -8.166599480848287129e+00
1.343884225248931585e+00 4.171261855777970595e+02 -1.028182710078681339e+00 -1.009719910213995320e+00 -8.166599480848287129e+00
1.344173231087687270e+00 4.132093697684586004e+02 -1.034544800547848808e+00 -1.005572447256120938e+00 -9.180576813468842801e+00
1.343816394944739256e+00 4.124126910405216222e+02 -1.004771621532476900e+00 -1.062318655858014438e+00 -8.979936323454426272e+00
1.343964867269704433e+00 4.216185215911507385e+02 -1.011648904733494447e+00 -1.015165070308569284e+00 -8.591786319952971596e+00
1.343833919226749885e+00 4.175684738505698874e+02 -1.051186271232710467e+00 -1.015774588023878877e+00 -9.003501417421425401e+00
1.343478633063358130e+00 4.201712406785099461e+02 -1.010714917294020410e+00 -1.057238744990154800e+00 -8.236259698926533090e+00
1.343280347031565736e+00 4.136265589972475709e+02 -1.020233354489128885e+00 -1.044411904112337197e+00 -8.297264990285452058e+00
1.343156201232124314e+00 4.199597129569356753e+02 -1.022516979133502701e+00 -1.063275376481149337e+00 -8.708611643378642242e+00
1.343055732333858554e+00 4.168097583164110347e+02 -1.007736322278486085e+00 -1.066006399945457872e+00 -8.025052004894874358e+00
1.343549514646405374e+00 4.166525462644525533e+02 -1.057915161544235261e+00 -1.039639374316582376e+00 -8.771644128831523446e+00
1.343229602976103942e+00 4.180995353696140455e+02 -1.042966374746219671e+00 -1.037230497257695561e+00 -8.408989354388831217e+00
1.343968586925667230e+00 4.149834719913967547e+02 -1.004369746112081074e+00 -1.051186552244143257e+00 -9.326349319820991468e+00
1.343746746652923818e+00 4.197178662850242858e+02 -1.016593706120927365e+00 -1.023018315495479058e+00 -1.015554515413194991e+01
1.343626958117711157e+00 4.198299462143446590e+02 -1.016801948323600158e+00 -1.039607064924386037e+00 -9.887963972264067536e+00
1.343251427669490905e+00 4.194973403098510971e+02 -1.039118570512520989e+00 -1.043715141578328343e+00 -9.807516288598309373e+00
1.343360159274681553e+00 4.236408412565723438e+02 -1.047466118734227791e+00 -1.007682570566350577e+00 -9.655015847385419292e+00
1.343478269390871560e+00 4.161508413682236096e+02 -1.033400724118054725e+00 -1.054820957316666252e+00 -9.514634391465511598e+00
1.343203479714715209e+00 4.162978372074659887e+02 -1.017910225379228706e+00 -1.027907595561993404e+00 -9.160577933278789331e+00
1.343136874271390058e+00 4.173267960879391580e+02 -1.022374485147059531e+00 -1.013534653688937581e+00 -9.378156533007329543e+00
1.343140913714993223e+00 4.178008463573137306e+02 -1.027721018931469388e+00 -1.015879693443023868e+00 -8.595068002212959968e+00
1.343342802887835141e+00 4.282980257933382973e+02 -1.027136514911115128e+00 -1.025695549817802643e+00 -9.323028192743892717e+00
1.343515431796902027e+00 4.242181431837141190e+02 -1.005640377764351001e+00 -1.029654018894467171e+00 -9.713181738790552799e+00
1.343178113006442409e+00 4.240409799959847419e+02 -1.050806015955688011e+00 -1.014366284474418123e+00 -9.672294461418161404e+00
1.343205106753423195e+00 4.296922235790776199e+02 -1.041628417104149662e+00 -1.018354981878315968e+00 -1.001426191746056027e+01
1.343472735269867657e+00 4.246216034830596868e+02 -1.028597483368592691e+00 -1.028304106583931343e+00 -1.010169362805133986e+01
1.343433759428199759e+00 4.315515842660853423e+02 -1.029352338309575288e+00 -1.008124660554249985e+00 -9.933855377661075181e+00
1.343216558596413313e+00 4.256431987643416051e+02 -1.003915944796247572e+00 -1.022686057906215140e+00 -1.014547975740477703e+01
1.343190647148032379e+00 4.243068960500176559e+02 -1.026749549694947916e+00 -1.049757554558308215e+00 -9.963882618219315646e+00
1.343334534819667025e+00 4.285483156369381277e+02 -1.051916750590299543e+00 -1.005901854930250749e+00 -9.480198514556583689e+00
1.343519264197523988e+00 4.231526753430277950e+02 -1.020440641804370330e+00 -1.007638113701800009e+00 -9.625264474528087533e+00
1.343519264197523988e+00 4.231526753430277950e+02 -1.020440641804370330e+00 -1.007638113701800009e+00 -9.625264474528087533e+00
1.343256298751688949e+00 4.265252480247277731e+02 -1.021528367232575008e+00 -1.022880275146148321e+00 -9.766899049261088095e+00
1.343039372127118991e+00 4.231475639928218015e+02 -1.014372093105814443e+00 -1.058773710376108568e+00 -9.612528422200350420e+00
1.343143743480084362e+00 4.256639285401996631e+02 -1.014963104096665347e+00 -1.027386914186720901e+00 -9.125842083955882700e+00
1.343333352634941802e+00 4.211777474224947468e+02 -1.071211755918318076e+00 -1.034878965168353204e+00 -9.799499823150696898e+00
1.343242188694555583e+00 4.275607169033540913e+02 -1.059190430654467718e+00 -1.006286574432053271e+00 -9.422220067023168610e+00
1.343763504667093045e+00 4.182328409991409330e+02 -1.014690997083995683e+00 -1.052275058573169275e+00 -1.000755570083489410e+01
1.343500986284149823e+00 4.300782415371647289e+02 -1.002306973158285430e+00 -1.017705221279763705e+00 -1.007453274673565424e+01
1.343540107312581444e+00 4.341401512324834471e+02 -1.036081146540045239e+00 -1.007001530693303337e+00 -1.062798599650778897e+01
1.343568532749612299e+00 4.224818179193825358e+02 -1.006126023373523637e+00 -1.061874938096151411e+00 -9.915145422535504238e+00
1.343755178632379366e+00 4.318799045976269895e+02 -1.005781248597394040e+00 -1.006927243429371899e+00 -8.154362218092135350e+00
1.343676603619042620e+00 4.113297177965062019e+02 -1.078921696800552610e+00 -1.042506391665122933e+00 -1.141778538318235547e+01
1.343262805306995267e+00 4.108691610690427183e+02 -1.086075087662889516e+00 -1.028420920718509990e+00 -1.193396436404157868e+01
1.343587109910644672e+00 4.106262518752998290e+02 -1.082747867455378099e+00 -1.026314593401918884e+00 -1.135461036124903700e+01
1.343226262633566703e+00 4.136585986106231303e+02 -1.104297025830206280e+00 -1.008819907776940639e+00 -1.034415603441829568e+01
1.343059462804059523e+00 4.115215227948307870e+02 -1.055002449030178369e+00 -1.039896940067405851e+00 -1.061856275051951037e+01
1.343642384766400077e+00 4.112150007654928459e+02 -1.068531298099227200e+00 -1.010060396656012216e+00 -1.062209114120407527e+01
1.343336082507337936e+00 4.114203235017635620e+02 -1.061066302721940247e+00 -1.084405614773842785e+00 -1.159191977955958031e+01
1.343423932774468366e+00 4.173239805254905832e+02 -1.048072564163739173e+00 -1.043774678098330355e+00 -1.058121024160741541e+01
1.343370725754120532e+00 4.197539349652282681e+02 -1.037953601270977799e+00 -1.047588746318446340e+00 -1.064143037600569741e+01
1.343375017028420659e+00 4.151657724577855788e+02 -1.052544019421684851e+00 -1.023503502158114031e+00 -1.088164411965140843e+01
1.343266780951897443e+00 4.175050157616586830e+02 -1.046273878256828382e+00 -1.036560821327345394e+00 -1.162169931591596850e+01
1.343253036936238987e+00 4.224096299225520852e+02 -1.042638716429824086e+00 -1.056111258872240555e+00 -1.095463357768099399e+01
1.343566576591218142e+00 4.168822023155180432e+02 -1.080748190490213645e+00 -1.001759180283873008e+00 -1.067817240712268401e+01
1.343450848165587797e+00 4.199361966024727622e+02 -1.090371584448707409e+00 -1.005842423260919105e+00 -1.125236706529355146e+01
1.343197990386063578e+00 4.177873395008064676e+02 -1.080369819984143831e+00 -1.006271947817433343e+00 -1.149710928161997892e+01
1.343249790316203285e+00 4.149096482549135771e+02 -1.037912148049233707e+00 -1.066181637451476760e+00 -1.148079131661884666e+01
1.343309351571955412e+00 4.111518647620267188e+02 -1.044732502718462186e+00 -1.047675263166375714e+00 -1.192995670350605408e+01
1.343413425137619743e+00 4.113522618546469403e+02 -1.068259630123799653e+00 -1.056565018168093673e+00 -1.191565624322600669e+01
1.343500702525144419e+00 4.084223647191423083e+02 -1.052780981084397993e+00 -1.039607658737008222e+00 -1.177111078568052527e+01
1.343834500687340672e+00 4.146740653614547227e+02 -1.039214716936450955e+00 -1.036642830673917715e+00 -1.182053176378083137e+01
1.343469480902173441e+00 4.159987507319401061e+02 -1.024312249947874065e+00 -1.041059414224047686e+00 -1.175223039099049771e+01
1.343469480902173441e+00 4.159987507319401061e+02 -1.024312249947874065e+00 -1.041059414224047686e+00 -1.175223039099049771e+01
1.343346062653963280e+00 4.216451684202082220e+02 -1.024763478989102694e+00 -1.051405215684768635e+00 -1.162907011125290069e+01
1.343071766576134696e+00 4.213223561055598907e+02 -1.013750247543921290e+00 -1.087704423017981981e+00 -1.125070344252050170e+01
1.343336451886025351e+00 4.221307836795555772e+02 -1.014162787069876615e+00 -1.045942224380500107e+00 -1.112355096801050536e+01
1.343577524755861674e+00 4.216839952428201741e+02 -1.020422004034305274e+00 -1.004532558965586020e+00 -1.190193221387153422e+01
1.343417342146141724e+00 4.190834401134954419e+02 -1.005418076447138986e+00 -1.010740729279762107e+00 -1.173769440335481029e+01
1.343853575316574567e+00 4.226350828787650471e+02 -1.025497085501191563e+00 -1.016046290331093616e+00 -1.190986407680210846e+01
1.343353427227176766e+00 4.178957952900046848e+02 -1.020630355642495601e+00 -1.004643156172740248e+00 -1.081880773185392108e+01
1.343752747789486168e+00 4.186904431464227514e+02 -1.016040975612563457e+00 -1.000786132278754792e+00 -1.198187074985278500e+01
1.343752747789486168e+00 4.186904431464227514e+02 -1.016040975612563457e+00 -1.000786132278754792e+00 -1.198187074985278500e+01
1.343462191568578490e+00 4.185100730261037256e+02 -1.025974123281038430e+00 -1.056925497384906265e+00 -1.133510406269250304e+01
1.343416040240934528e+00 4.178215599225355845e+02 -1.026611226375955255e+00 -1.013377291252149703e+00 -1.073433111723159961e+01
1.343416040240934528e+00 4.178215599225355845e+02 -1.026611226375955255e+00 -1.013377291252149703e+00 -1.073433111723159961e+01
1.343608942167985987e+00 4.144435036086828177e+02 -1.073108060061246150e+00 -1.032859242636419594e+00 -1.021037962490087203e+01
1.343509446937741103e+00 4.157776657638431175e+02 -1.077330003893875343e+00 -1.019407356203222648e+00 -9.771121448029363776e+00
1.343713832848895340e+00 4.232557866436680456e+02 -1.016063256736115861e+00 -1.039831619789028494e+00 -1.087285105370583160e+01
1.343217302749303510e+00 4.261906603086843575e+02 -1.052887145116551793e+00 -1.018364152893882491e+00 -1.120907068140740925e+01
1.343232246157324283e+00 4.280640205695720510e+02 -1.015795107681425335e+00 -1.048724386635626615e+00 -1.147511148209482990e+01
1.343615230130687843e+00 4.185719037926176611e+02 -1.057179997163510521e+00 -1.005402478347459549e+00 -1.154905832056861748e+01
1.343662349886376006e+00 4.183991183937143887e+02 -1.064837718917512888e+00 -1.007611072631950933e+00 -1.161620286924760848e+01
1.343490355266184544e+00 4.188846077306000666e+02 -1.064545330871061068e+00 -1.030055017670237660e+00 -1.198592179008583969e+01
1.343686973399597306e+00 4.109226234617379987e+02 -1.041134298725449270e+00 -1.060687848681773460e+00 -9.687145706348815111e+00
1.343499604604273756e+00 4.116105551027315528e+02 -1.057284498381473981e+00 -1.018405847782375417e+00 -9.869569032801287278e+00
1.343269238798004528e+00 4.091534980872781375e+02 -1.008665195608621445e+00 -1.130381559026613303e+00 -1.032640066882493279e+01
1.343022322102451538e+00 4.086429995088208784e+02 -1.029599970221724448e+00 -1.076639552495134211e+00 -1.042002553933993347e+01
1.343064223302387505e+00 4.093502781353216164e+02 -1.019018323625644484e+00 -1.121170101541180131e+00 -1.057322423958858515e+01
1.343105828763718756e+00 4.099067545618632380e+02 -1.022321069536623384e+00 -1.067120961335827900e+00 -1.005659600209502180e+01
1.343203359295499943e+00 4.065796123383534564e+02 -1.018387258302503540e+00 -1.054775376255113528e+00 -1.055523623985747861e+01
1.343945521333691273e+00 4.129211116296999080e+02 -1.022467479701306914e+00 -1.039436279026045185e+00 -9.528327503236358353e+00
1.343039324508734866e+00 4.073425976858092099e+02 -1.004554424078669683e+00 -1.121567898228287063e+00 -1.017202050958148085e+01
1.343197007591643732e+00 4.107252504591158413e+02 -1.044669362948118518e+00 -1.072113959170575725e+00 -9.898683972051523838e+00
1.343861101446051087e+00 4.097426457399936339e+02 -1.010006342307610439e+00 -1.036052533112123086e+00 -1.034605857962281483e+01
1.343861101446051087e+00 4.097426457399936339e+02 -1.010006342307610439e+00 -1.036052533112123086e+00 -1.034605857962281483e+01
1.343052738007304292e+00 4.113528896409934532e+02 -1.027027758737657948e+00 -1.096792946814820979e+00 -1.119112369020451148e+01
1.343737797623486552e+00 4.069493166628761855e+02 -1.019773868465291500e+00 -1.050196827235776453e+00 -1.120262946847512708e+01
1.343147507195994184e+00 4.073946588018176840e+02 -1.024836525485037342e+00 -1.113304240750540686e+00 -1.139051423869251067e+01
1.343455583271197185e+00 4.052913996304458237e+02 -1.031998170992066477e+00 -1.067378529235199380e+00 -1.180101011204819805e+01
1.343620981399242575e+00 4.083238911983683579e+02 -1.009561872017929574e+00 -1.089273050136240428e+00 -1.153628744779679849e+01
1.343053849123227339e+00 4.066750850664716381e+02 -1.038894318879966860e+00 -1.106513340245372845e+00 -1.176212360388615430e+01
1.343521284528434112e+00 4.116141875460125448e+02 -1.041905478278936314e+00 -1.034478482164152169e+00 -1.087741928288764015e+01
1.343928714714904160e+00 4.089550936609455221e+02 -1.032235366511374153e+00 -1.010827186107558617e+00 -1.152342985741515413e+01
1.343928714714904160e+00 4.089550936609455221e+02 -1.032235366511374153e+00 -1.010827186107558617e+00 -1.152342985741515413e+01
1.344244128925856652e+00 4.072893960418039114e+02 -1.022218671552048264e+00 -1.018489950387678533e+00 -1.163422041834272846e+01
1.344061902719445589e+00 4.122590588241682781e+02 -1.029967135722307248e+00 -1.009126442947241742e+00 -1.042819721557622259e+01
1.343263353218918876e+00 4.143924051111594054e+02 -1.007438521857462632e+00 -1.113420067034931904e+00 -1.017336652156924970e+01
1.344147073678097604e+00 4.132411669732689461e+02 -1.013287371752614519e+00 -1.026593640027410714e+00 -1.099780085616506753e+01
1.344228164440340656e+00 4.128975516397942442e+02 -1.003467988991172177e+00 -1.009056761163481752e+00 -9.631027999359744740e+00
1.343588649986322991e+00 4.122308657933356244e+02 -1.008081027600589152e+00 -1.020522508633511904e+00 -1.101239024732825555e+01
1.343534465848995385e+00 4.112882114820743027e+02 -1.004356313584843008e+00 -1.063863630158541795e+00 -1.061242725792652664e+01
1.343534465848995385e+00 4.112882114820743027e+02 -1.004356313584843008e+00 -1.063863630158541795e+00 -1.061242725792652664e+01
1.343955668754812205e+00 4.099267013320081219e+02 -1.008975512937560381e+00 -1.064404746689648462e+00 -1.017050585815091246e+01
1.343816854409287664e+00 4.114451661611854547e+02 -1.017686813216995390e+00 -1.021921548558323067e+00 -9.374097932425032198e+00
1.343816854409287664e+00 4.114451661611854547e+02 -1.017686813216995390e+00 -1.021921548558323067e+00 -9.374097932425032198e+00
1.343351633086148800e+00 4.158154998037881001e+02 -1.002538654872598300e+00 -1.033688238330494613e+00 -1.101884986215329576e+01
1.343179571206003953e+00 4.191027212755544156e+02 -1.005233767997218308e+00 -1.058385683867031801e+00 -1.076685711911381738e+01
1.344104898787512603e+00 4.104952472450770529e+02 -1.011844408696305209e+00 -1.005557795835970936e+00 -1.198343762541473190e+01
1.343136697373525701e+00 4.187054295620458788e+02 -1.006928785747339461e+00 -1.028929150416736604e+00 -1.103526428555026229e+01
1.343396692142630355e+00 4.146848370666705819e+02 -1.036320925292766759e+00 -1.076810762782058006e+00 -1.026296717575669604e+01
1.343343864654421571e+00 4.169094210216653096e+02 -1.019752736843127394e+00 -1.043220583500898968e+00 -9.923793862958302014e+00
1.343383960559083823e+00 4.128277591915611424e+02 -1.024046756730911056e+00 -1.064402085621761529e+00 -9.840194029425223476e+00
1.343781513314713516e+00 4.141551788484968029e+02 -1.049523893797234209e+00 -1.026700682786591656e+00 -9.934713930428008766e+00
1.343372285747729489e+00 4.104774105800964321e+02 -1.059183165740746446e+00 -1.018595724520439560e+00 -1.019333822554641777e+01
