wl (μm) | spectrum: -2σ | spectrum: -1σ | spectrum: median | spectrum: +1σ | spectrum: +2σ 
4.00000000e-01 1.43298445e-02 1.43766980e-02 1.44247264e-02 1.44654163e-02 1.45024550e-02 
4.00100020e-01 1.43299254e-02 1.43766648e-02 1.44247411e-02 1.44652968e-02 1.45023228e-02 
4.00200065e-01 1.43300325e-02 1.43766616e-02 1.44246542e-02 1.44651774e-02 1.45021968e-02 
4.00300135e-01 1.43301479e-02 1.43766784e-02 1.44245675e-02 1.44650597e-02 1.45020733e-02 
4.00400230e-01 1.43304321e-02 1.43767195e-02 1.44244506e-02 1.44649467e-02 1.45019546e-02 
4.00500351e-01 1.43308641e-02 1.43767728e-02 1.44243566e-02 1.44648378e-02 1.45018402e-02 
4.00600496e-01 1.43313023e-02 1.43768392e-02 1.44242666e-02 1.44647273e-02 1.45017302e-02 
4.00700666e-01 1.43314029e-02 1.43769233e-02 1.44241793e-02 1.44645953e-02 1.45016271e-02 
4.00800861e-01 1.43315931e-02 1.43770530e-02 1.44241293e-02 1.44645088e-02 1.45015411e-02 
4.00901082e-01 1.43316287e-02 1.43771244e-02 1.44240357e-02 1.44644411e-02 1.45014317e-02 
4.01001327e-01 1.43320667e-02 1.43772745e-02 1.44240371e-02 1.44644161e-02 1.45013490e-02 
4.01101598e-01 1.43324013e-02 1.43774227e-02 1.44239630e-02 1.44643779e-02 1.45012655e-02 
4.01201893e-01 1.43329325e-02 1.43776596e-02 1.44240802e-02 1.44643647e-02 1.45012044e-02 
4.01302214e-01 1.43334049e-02 1.43778531e-02 1.44242026e-02 1.44642917e-02 1.45011392e-02 
4.01402560e-01 1.43339942e-02 1.43781575e-02 1.44243689e-02 1.44642419e-02 1.45010928e-02 
4.01502930e-01 1.43345051e-02 1.43782575e-02 1.44244663e-02 1.44641331e-02 1.45010349e-02 
4.01603326e-01 1.43350362e-02 1.43785335e-02 1.44245578e-02 1.44640660e-02 1.45010109e-02 
4.01703747e-01 1.43353809e-02 1.43788611e-02 1.44246356e-02 1.44640140e-02 1.45009844e-02 
4.01804193e-01 1.43358585e-02 1.43792515e-02 1.44247525e-02 1.44640724e-02 1.45009804e-02 
4.01904665e-01 1.43368430e-02 1.43796373e-02 1.44247293e-02 1.44641534e-02 1.45009941e-02 
4.02005161e-01 1.43379101e-02 1.43800700e-02 1.44249731e-02 1.44641979e-02 1.45010270e-02 
4.02105682e-01 1.43390665e-02 1.43805545e-02 1.44252247e-02 1.44642054e-02 1.45010801e-02 
4.02206229e-01 1.43401884e-02 1.43810875e-02 1.44255088e-02 1.44642159e-02 1.45011552e-02 
4.02306801e-01 1.43413160e-02 1.43815260e-02 1.44257928e-02 1.44642106e-02 1.45012613e-02 
4.02407398e-01 1.43423434e-02 1.43820108e-02 1.44260341e-02 1.44642513e-02 1.45014188e-02 
4.02508020e-01 1.43431817e-02 1.43825849e-02 1.44262796e-02 1.44643161e-02 1.45015699e-02 
4.02608667e-01 1.43441227e-02 1.43834256e-02 1.44267429e-02 1.44645936e-02 1.45017863e-02 
4.02709339e-01 1.43450729e-02 1.43841222e-02 1.44272701e-02 1.44648907e-02 1.45020482e-02 
4.02810037e-01 1.43461641e-02 1.43848448e-02 1.44278949e-02 1.44653442e-02 1.45022809e-02 
4.02910760e-01 1.43473872e-02 1.43856867e-02 1.44287374e-02 1.44655924e-02 1.45022232e-02 
4.03011508e-01 1.43487754e-02 1.43866413e-02 1.44295345e-02 1.44662104e-02 1.45021830e-02 
4.03112281e-01 1.43503642e-02 1.43878393e-02 1.44304601e-02 1.44669391e-02 1.45021647e-02 
4.03213079e-01 1.43521927e-02 1.43891106e-02 1.44314794e-02 1.44670714e-02 1.45025880e-02 
4.03313903e-01 1.43543047e-02 1.43905261e-02 1.44326960e-02 1.44676982e-02 1.45037932e-02 
4.03414751e-01 1.43567752e-02 1.43923677e-02 1.44344920e-02 1.44687274e-02 1.45041859e-02 
4.03515625e-01 1.43596986e-02 1.43949930e-02 1.44362663e-02 1.44699961e-02 1.45046921e-02 
4.03616525e-01 1.43630133e-02 1.43975371e-02 1.44382561e-02 1.44721747e-02 1.45063906e-02 
4.03717449e-01 1.43667086e-02 1.44011722e-02 1.44411941e-02 1.44743748e-02 1.45092193e-02 
4.03818399e-01 1.43717371e-02 1.44057105e-02 1.44446443e-02 1.44774057e-02 1.45111352e-02 
4.03919374e-01 1.43786119e-02 1.44110960e-02 1.44493517e-02 1.44813218e-02 1.45160109e-02 
4.04020374e-01 1.43876113e-02 1.44200789e-02 1.44575143e-02 1.44881339e-02 1.45244048e-02 
4.04121399e-01 1.44017183e-02 1.44328038e-02 1.44691467e-02 1.44996197e-02 1.45338240e-02 
4.04222450e-01 1.44216153e-02 1.44533005e-02 1.44871400e-02 1.45163658e-02 1.45490392e-02 
4.04323526e-01 1.44540792e-02 1.44878783e-02 1.45200082e-02 1.45523022e-02 1.45824674e-02 
4.04424627e-01 1.45188862e-02 1.45567280e-02 1.45952207e-02 1.46317919e-02 1.46672712e-02 
4.04525753e-01 1.53556746e-02 1.55012358e-02 1.56670863e-02 1.58098007e-02 1.59628247e-02 
4.04626905e-01 1.45292903e-02 1.45676695e-02 1.46063159e-02 1.46442399e-02 1.46816396e-02 
4.04728082e-01 1.45016234e-02 1.45378712e-02 1.45740324e-02 1.46104106e-02 1.46427274e-02 
4.04829285e-01 1.48666050e-02 1.49274333e-02 1.49934744e-02 1.50476104e-02 1.51052755e-02 
4.04930512e-01 1.44964628e-02 1.45324580e-02 1.45679320e-02 1.46039043e-02 1.46365427e-02 
4.05031765e-01 1.44343764e-02 1.44683272e-02 1.45008948e-02 1.45309654e-02 1.45600478e-02 
4.05133043e-01 1.44068758e-02 1.44392149e-02 1.44736424e-02 1.45039205e-02 1.45371644e-02 
4.05234347e-01 1.43906634e-02 1.44225358e-02 1.44591665e-02 1.44897748e-02 1.45259007e-02 
4.05335676e-01 1.43797021e-02 1.44123495e-02 1.44497015e-02 1.44812749e-02 1.45174363e-02 
4.05437030e-01 1.43716878e-02 1.44050264e-02 1.44433059e-02 1.44758476e-02 1.45095252e-02 
4.05538410e-01 1.43657775e-02 1.43997613e-02 1.44393120e-02 1.44722316e-02 1.45067452e-02 
4.05639815e-01 1.43612155e-02 1.43953700e-02 1.44361658e-02 1.44694857e-02 1.45041666e-02 
4.05741245e-01 1.43577408e-02 1.43925975e-02 1.44332876e-02 1.44671109e-02 1.45009599e-02 
4.05842701e-01 1.43543553e-02 1.43896454e-02 1.44312475e-02 1.44650358e-02 1.45000475e-02 
4.05944182e-01 1.43515881e-02 1.43871896e-02 1.44293641e-02 1.44636743e-02 1.44992733e-02 
4.06045688e-01 1.43490351e-02 1.43853788e-02 1.44275947e-02 1.44626907e-02 1.44984796e-02 
4.06147220e-01 1.43468518e-02 1.43837122e-02 1.44259610e-02 1.44618948e-02 1.44972159e-02 
4.06248777e-01 1.43449104e-02 1.43822365e-02 1.44247053e-02 1.44612200e-02 1.44968875e-02 
4.06350360e-01 1.43431692e-02 1.43809534e-02 1.44234391e-02 1.44600952e-02 1.44965819e-02 
4.06451968e-01 1.43415969e-02 1.43798935e-02 1.44223026e-02 1.44592527e-02 1.44961174e-02 
4.06553601e-01 1.43401543e-02 1.43787647e-02 1.44213329e-02 1.44584759e-02 1.44953993e-02 
4.06655260e-01 1.43387485e-02 1.43777092e-02 1.44204918e-02 1.44578209e-02 1.44947431e-02 
4.06756945e-01 1.43374475e-02 1.43765667e-02 1.44196749e-02 1.44572578e-02 1.44941349e-02 
4.06858654e-01 1.43362473e-02 1.43754729e-02 1.44189081e-02 1.44567860e-02 1.44935699e-02 
4.06960389e-01 1.43351376e-02 1.43747104e-02 1.44182789e-02 1.44563466e-02 1.44930439e-02 
4.07062150e-01 1.43341082e-02 1.43738505e-02 1.44177308e-02 1.44558293e-02 1.44927660e-02 
4.07163936e-01 1.43327951e-02 1.43730117e-02 1.44171389e-02 1.44554432e-02 1.44924970e-02 
4.07265747e-01 1.43312934e-02 1.43723991e-02 1.44166073e-02 1.44550751e-02 1.44922357e-02 
4.07367584e-01 1.43298722e-02 1.43714945e-02 1.44160875e-02 1.44547523e-02 1.44919779e-02 
4.07469447e-01 1.43285378e-02 1.43706470e-02 1.44155974e-02 1.44544436e-02 1.44916312e-02 
4.07571334e-01 1.43272770e-02 1.43698476e-02 1.44151323e-02 1.44541185e-02 1.44912249e-02 
4.07673248e-01 1.43260783e-02 1.43691458e-02 1.44146850e-02 1.44537876e-02 1.44908349e-02 
4.07775187e-01 1.43252567e-02 1.43686371e-02 1.44142603e-02 1.44534661e-02 1.44904636e-02 
4.07877151e-01 1.43245879e-02 1.43679150e-02 1.44138482e-02 1.44531097e-02 1.44901033e-02 
4.07979141e-01 1.43239551e-02 1.43673464e-02 1.44134627e-02 1.44527676e-02 1.44897582e-02 
4.08081156e-01 1.43233490e-02 1.43668089e-02 1.44130753e-02 1.44524360e-02 1.44894245e-02 
4.08183197e-01 1.43227703e-02 1.43663429e-02 1.44127048e-02 1.44521150e-02 1.44891022e-02 
4.08285263e-01 1.43222193e-02 1.43659367e-02 1.44123506e-02 1.44517896e-02 1.44887911e-02 
4.08387355e-01 1.43216784e-02 1.43654089e-02 1.44119913e-02 1.44515285e-02 1.44884848e-02 
4.08489472e-01 1.43211630e-02 1.43650019e-02 1.44116517e-02 1.44512687e-02 1.44881887e-02 
4.08591615e-01 1.43206656e-02 1.43646081e-02 1.44113214e-02 1.44509838e-02 1.44878999e-02 
4.08693784e-01 1.43200742e-02 1.43642282e-02 1.44110008e-02 1.44507056e-02 1.44876186e-02 
4.08795977e-01 1.43194580e-02 1.43638621e-02 1.44106898e-02 1.44504353e-02 1.44873444e-02 
4.08898197e-01 1.43188594e-02 1.43635019e-02 1.44103837e-02 1.44501736e-02 1.44870747e-02 
4.09000442e-01 1.43184417e-02 1.43631522e-02 1.44100796e-02 1.44499000e-02 1.44868095e-02 
4.09102713e-01 1.43180677e-02 1.43628149e-02 1.44097574e-02 1.44496537e-02 1.44865511e-02 
4.09205009e-01 1.43177054e-02 1.43624872e-02 1.44094431e-02 1.44494168e-02 1.44862978e-02 
4.09307331e-01 1.43173425e-02 1.43621152e-02 1.44091316e-02 1.44491744e-02 1.44860458e-02 
4.09409678e-01 1.43167702e-02 1.43617654e-02 1.44088705e-02 1.44489355e-02 1.44857998e-02 
4.09512051e-01 1.43161536e-02 1.43614133e-02 1.44085725e-02 1.44486990e-02 1.44855966e-02 
4.09614450e-01 1.43155606e-02 1.43610870e-02 1.44082589e-02 1.44484678e-02 1.44854015e-02 
4.09716874e-01 1.43149729e-02 1.43607755e-02 1.44079379e-02 1.44482348e-02 1.44852037e-02 
4.09819324e-01 1.43144072e-02 1.43605006e-02 1.44076737e-02 1.44480067e-02 1.44850092e-02 
4.09921799e-01 1.43138529e-02 1.43602275e-02 1.44073956e-02 1.44477793e-02 1.44848145e-02 
4.10024300e-01 1.43133650e-02 1.43599454e-02 1.44071408e-02 1.44475547e-02 1.44846212e-02 
4.10126827e-01 1.43130088e-02 1.43596399e-02 1.44068789e-02 1.44473326e-02 1.44844293e-02 
4.10229379e-01 1.43126582e-02 1.43593270e-02 1.44066151e-02 1.44471115e-02 1.44842375e-02 
4.10331957e-01 1.43123159e-02 1.43590202e-02 1.44064144e-02 1.44468926e-02 1.44840470e-02 
4.10434561e-01 1.43119803e-02 1.43587189e-02 1.44062152e-02 1.44466755e-02 1.44838573e-02 
4.10537190e-01 1.43116565e-02 1.43584774e-02 1.44060200e-02 1.44464618e-02 1.44836698e-02 
4.10639845e-01 1.43113269e-02 1.43582663e-02 1.44058203e-02 1.44462427e-02 1.44834795e-02 
4.10742526e-01 1.43110079e-02 1.43580598e-02 1.44056243e-02 1.44460088e-02 1.44832914e-02 
4.10845232e-01 1.43106972e-02 1.43578541e-02 1.44053958e-02 1.44457774e-02 1.44831046e-02 
4.10947964e-01 1.43104650e-02 1.43576076e-02 1.44051556e-02 1.44455477e-02 1.44829180e-02 
4.11050721e-01 1.43102450e-02 1.43573641e-02 1.44048698e-02 1.44453196e-02 1.44827321e-02 
4.11153505e-01 1.43100258e-02 1.43571227e-02 1.44046379e-02 1.44450932e-02 1.44825463e-02 
4.11256314e-01 1.43098048e-02 1.43568812e-02 1.44044362e-02 1.44448479e-02 1.44823597e-02 
4.11359149e-01 1.43095898e-02 1.43566446e-02 1.44042102e-02 1.44446065e-02 1.44821750e-02 
4.11462009e-01 1.43093759e-02 1.43564096e-02 1.44040041e-02 1.44443769e-02 1.44819903e-02 
4.11564895e-01 1.43091652e-02 1.43561777e-02 1.44037780e-02 1.44441738e-02 1.44818066e-02 
4.11667807e-01 1.43089528e-02 1.43559457e-02 1.44035514e-02 1.44439702e-02 1.44816221e-02 
4.11770745e-01 1.43087478e-02 1.43557192e-02 1.44033286e-02 1.44437694e-02 1.44814415e-02 
4.11873708e-01 1.43085387e-02 1.43554948e-02 1.44031001e-02 1.44435674e-02 1.44812679e-02 
4.11976697e-01 1.43083325e-02 1.43552755e-02 1.44028308e-02 1.44433665e-02 1.44810950e-02 
4.12079712e-01 1.43081340e-02 1.43550614e-02 1.44026102e-02 1.44431677e-02 1.44809241e-02 
4.12182753e-01 1.43079360e-02 1.43548489e-02 1.44024222e-02 1.44429707e-02 1.44807532e-02 
4.12285819e-01 1.43077244e-02 1.43546285e-02 1.44022230e-02 1.44427685e-02 1.44805780e-02 
4.12388911e-01 1.43075240e-02 1.43544157e-02 1.44020049e-02 1.44425703e-02 1.44804060e-02 
4.12492029e-01 1.43073257e-02 1.43542048e-02 1.44017883e-02 1.44423729e-02 1.44802343e-02 
4.12595173e-01 1.43071285e-02 1.43539951e-02 1.44015721e-02 1.44421759e-02 1.44800628e-02 
4.12698343e-01 1.43069297e-02 1.43537852e-02 1.44013559e-02 1.44419787e-02 1.44798907e-02 
4.12801538e-01 1.43067362e-02 1.43535790e-02 1.44011421e-02 1.44417833e-02 1.44797200e-02 
4.12904759e-01 1.43065388e-02 1.43533710e-02 1.44009274e-02 1.44415868e-02 1.44795479e-02 
4.13008006e-01 1.43063442e-02 1.43531653e-02 1.44007138e-02 1.44413913e-02 1.44793765e-02 
4.13111279e-01 1.43061528e-02 1.43529620e-02 1.44005022e-02 1.44411970e-02 1.44792059e-02 
4.13214577e-01 1.43059698e-02 1.43527643e-02 1.44002941e-02 1.44410054e-02 1.44790376e-02 
4.13317902e-01 1.43057724e-02 1.43525335e-02 1.44000797e-02 1.44408091e-02 1.44788649e-02 
4.13421252e-01 1.43055781e-02 1.43522889e-02 1.43998680e-02 1.44406145e-02 1.44786931e-02 
4.13524628e-01 1.43053886e-02 1.43520491e-02 1.43996581e-02 1.44404212e-02 1.44785225e-02 
4.13628030e-01 1.43051987e-02 1.43518102e-02 1.43994484e-02 1.44402273e-02 1.44783517e-02 
4.13731458e-01 1.43050117e-02 1.43515746e-02 1.43992468e-02 1.44400329e-02 1.44781816e-02 
4.13834911e-01 1.43048230e-02 1.43513488e-02 1.43990457e-02 1.44398439e-02 1.44780109e-02 
4.13938391e-01 1.43046400e-02 1.43511504e-02 1.43988479e-02 1.44396712e-02 1.44778417e-02 
4.14041896e-01 1.43044516e-02 1.43509536e-02 1.43986481e-02 1.44394977e-02 1.44776709e-02 
4.14145428e-01 1.43042666e-02 1.43507592e-02 1.43984504e-02 1.44393254e-02 1.44775010e-02 
4.14248985e-01 1.43040888e-02 1.43505704e-02 1.43982570e-02 1.44391558e-02 1.44773332e-02 
4.14352568e-01 1.43038969e-02 1.43503717e-02 1.43980568e-02 1.44389807e-02 1.44771610e-02 
4.14456177e-01 1.43037191e-02 1.43501829e-02 1.43978641e-02 1.44388107e-02 1.44769929e-02 
4.14559812e-01 1.43035443e-02 1.43499951e-02 1.43976729e-02 1.44386411e-02 1.44768252e-02 
4.14663472e-01 1.43033537e-02 1.43497992e-02 1.43974926e-02 1.44384623e-02 1.44766535e-02 
4.14767159e-01 1.43031630e-02 1.43496028e-02 1.43973141e-02 1.44382715e-02 1.44764814e-02 
4.14870872e-01 1.43029848e-02 1.43494143e-02 1.43971426e-02 1.44380847e-02 1.44763128e-02 
4.14974610e-01 1.43028065e-02 1.43492263e-02 1.43969707e-02 1.44378981e-02 1.44761441e-02 
4.15078375e-01 1.43026034e-02 1.43490345e-02 1.43967964e-02 1.44377094e-02 1.44759737e-02 
4.15182165e-01 1.43023912e-02 1.43488452e-02 1.43966233e-02 1.44375222e-02 1.44758041e-02 
4.15285982e-01 1.43021807e-02 1.43486504e-02 1.43964524e-02 1.44373355e-02 1.44756352e-02 
4.15389824e-01 1.43019708e-02 1.43484353e-02 1.43962811e-02 1.44371489e-02 1.44754661e-02 
4.15493692e-01 1.43017568e-02 1.43482174e-02 1.43961071e-02 1.44369604e-02 1.44752953e-02 
4.15597587e-01 1.43015524e-02 1.43480076e-02 1.43959300e-02 1.44367758e-02 1.44751277e-02 
4.15701507e-01 1.43013393e-02 1.43477913e-02 1.43957278e-02 1.44365949e-02 1.44749569e-02 
4.15805453e-01 1.43011373e-02 1.43475840e-02 1.43955314e-02 1.44364206e-02 1.44747897e-02 
4.15909425e-01 1.43009309e-02 1.43473734e-02 1.43953329e-02 1.44362443e-02 1.44746207e-02 
4.16013424e-01 1.43007258e-02 1.43471647e-02 1.43951350e-02 1.44360684e-02 1.44744522e-02 
4.16117448e-01 1.43005153e-02 1.43469519e-02 1.43949343e-02 1.44358901e-02 1.44742816e-02 
4.16221498e-01 1.43003215e-02 1.43467561e-02 1.43947414e-02 1.44357190e-02 1.44741181e-02 
4.16325574e-01 1.43001081e-02 1.43465480e-02 1.43945403e-02 1.44355385e-02 1.44739445e-02 
4.16429677e-01 1.42999057e-02 1.43463497e-02 1.43943439e-02 1.44353629e-02 1.44737761e-02 
4.16533805e-01 1.42997008e-02 1.43461493e-02 1.43941464e-02 1.44351860e-02 1.44736065e-02 
4.16637960e-01 1.42995081e-02 1.43459593e-02 1.43939548e-02 1.44350142e-02 1.44734421e-02 
4.16742140e-01 1.42993024e-02 1.43457583e-02 1.43937570e-02 1.44348366e-02 1.44732716e-02 
4.16846346e-01 1.42990952e-02 1.43455565e-02 1.43935585e-02 1.44346583e-02 1.44731006e-02 
4.16950579e-01 1.42988988e-02 1.43453627e-02 1.43933656e-02 1.44344840e-02 1.44729332e-02 
4.17054838e-01 1.42986959e-02 1.43451648e-02 1.43931691e-02 1.44343073e-02 1.44727640e-02 
4.17159122e-01 1.42985163e-02 1.43449849e-02 1.43929880e-02 1.44341399e-02 1.44726033e-02 
4.17263433e-01 1.42982950e-02 1.43447742e-02 1.43927910e-02 1.44339551e-02 1.44724263e-02 
4.17367770e-01 1.42980979e-02 1.43445873e-02 1.43926104e-02 1.44337802e-02 1.44722586e-02 
4.17472133e-01 1.42979019e-02 1.43444010e-02 1.43924302e-02 1.44336055e-02 1.44720909e-02 
4.17576522e-01 1.42977020e-02 1.43442119e-02 1.43922330e-02 1.44334291e-02 1.44719219e-02 
4.17680937e-01 1.42975401e-02 1.43440494e-02 1.43920458e-02 1.44332678e-02 1.44717664e-02 
4.17785378e-01 1.42973192e-02 1.43438455e-02 1.43918326e-02 1.44330826e-02 1.44715891e-02 
4.17889845e-01 1.42971176e-02 1.43436550e-02 1.43916281e-02 1.44329051e-02 1.44714188e-02 
4.17994339e-01 1.42969172e-02 1.43434655e-02 1.43914277e-02 1.44327281e-02 1.44712493e-02 
4.18098858e-01 1.42967183e-02 1.43432769e-02 1.43912337e-02 1.44325514e-02 1.44710799e-02 
4.18203404e-01 1.42965264e-02 1.43430931e-02 1.43910435e-02 1.44323774e-02 1.44709127e-02 
4.18307976e-01 1.42963272e-02 1.43429043e-02 1.43908493e-02 1.44322004e-02 1.44707432e-02 
4.18412574e-01 1.42961359e-02 1.43427209e-02 1.43906592e-02 1.44320265e-02 1.44705762e-02 
4.18517198e-01 1.42959393e-02 1.43425338e-02 1.43904665e-02 1.44318503e-02 1.44704072e-02 
4.18621848e-01 1.42957435e-02 1.43423473e-02 1.43902742e-02 1.44316743e-02 1.44702384e-02 
4.18726525e-01 1.42955560e-02 1.43421664e-02 1.43900862e-02 1.44315015e-02 1.44700725e-02 
4.18831228e-01 1.42953679e-02 1.43419849e-02 1.43898980e-02 1.44313283e-02 1.44699059e-02 
4.18935957e-01 1.42951723e-02 1.43417983e-02 1.43897058e-02 1.44311520e-02 1.44697368e-02 
4.19040712e-01 1.42949881e-02 1.43416196e-02 1.43895196e-02 1.44309802e-02 1.44695716e-02 
4.19145493e-01 1.42947839e-02 1.43414273e-02 1.43893230e-02 1.44308006e-02 1.44693999e-02 
4.19250300e-01 1.42946087e-02 1.43412548e-02 1.43891485e-02 1.44306322e-02 1.44692378e-02 
4.19355134e-01 1.42944119e-02 1.43410677e-02 1.43889663e-02 1.44304548e-02 1.44690673e-02 
4.19459994e-01 1.42942180e-02 1.43408861e-02 1.43887857e-02 1.44302791e-02 1.44688994e-02 
4.19564880e-01 1.42940220e-02 1.43407016e-02 1.43886037e-02 1.44301020e-02 1.44687292e-02 
4.19669792e-01 1.42938368e-02 1.43405252e-02 1.43884275e-02 1.44299292e-02 1.44685631e-02 
4.19774731e-01 1.42936381e-02 1.43403394e-02 1.43882440e-02 1.44297510e-02 1.44683924e-02 
4.19879695e-01 1.42934658e-02 1.43401725e-02 1.43880746e-02 1.44295833e-02 1.44682147e-02 
4.19984686e-01 1.42932606e-02 1.43399813e-02 1.43878872e-02 1.44294021e-02 1.44680221e-02 
4.20089704e-01 1.42930869e-02 1.43398127e-02 1.43877168e-02 1.44292335e-02 1.44678396e-02 
4.20194747e-01 1.42928825e-02 1.43396229e-02 1.43875298e-02 1.44290498e-02 1.44676465e-02 
4.20299817e-01 1.42926966e-02 1.43394456e-02 1.43873526e-02 1.44288720e-02 1.44674599e-02 
4.20404913e-01 1.42925077e-02 1.43392664e-02 1.43871737e-02 1.44286930e-02 1.44672721e-02 
4.20510035e-01 1.42923160e-02 1.43390848e-02 1.43869932e-02 1.44285128e-02 1.44670833e-02 
4.20615184e-01 1.42921346e-02 1.43389115e-02 1.43868183e-02 1.44283364e-02 1.44668973e-02 
4.20720359e-01 1.42919399e-02 1.43387273e-02 1.43866359e-02 1.44281526e-02 1.44667079e-02 
4.20825560e-01 1.42917605e-02 1.43385545e-02 1.43864617e-02 1.44279742e-02 1.44665229e-02 
4.20930788e-01 1.42915707e-02 1.43383746e-02 1.43862820e-02 1.44277919e-02 1.44663343e-02 
4.21036042e-01 1.42914185e-02 1.43382215e-02 1.43861223e-02 1.44276236e-02 1.44661578e-02 
4.21141322e-01 1.42911933e-02 1.43380155e-02 1.43859232e-02 1.44274280e-02 1.44659581e-02 
4.21246628e-01 1.42910163e-02 1.43378444e-02 1.43857500e-02 1.44272503e-02 1.44657735e-02 
4.21351961e-01 1.42908237e-02 1.43376612e-02 1.43855677e-02 1.44270664e-02 1.44655838e-02 
4.21457320e-01 1.42906446e-02 1.43374870e-02 1.43853995e-02 1.44268870e-02 1.44653976e-02 
4.21562706e-01 1.42904514e-02 1.43373061e-02 1.43852296e-02 1.44267041e-02 1.44652087e-02 
4.21668118e-01 1.42902699e-02 1.43371295e-02 1.43850629e-02 1.44265236e-02 1.44650220e-02 
4.21773556e-01 1.42900847e-02 1.43369516e-02 1.43848979e-02 1.44263423e-02 1.44648343e-02 
4.21879020e-01 1.42898977e-02 1.43367756e-02 1.43847335e-02 1.44261618e-02 1.44646474e-02 
4.21984511e-01 1.42897120e-02 1.43365982e-02 1.43845629e-02 1.44259806e-02 1.44644599e-02 
4.22090029e-01 1.42895273e-02 1.43364213e-02 1.43843964e-02 1.44257995e-02 1.44642725e-02 
4.22195572e-01 1.42893513e-02 1.43362485e-02 1.43842351e-02 1.44256218e-02 1.44640879e-02 
4.22301143e-01 1.42891594e-02 1.43360581e-02 1.43840632e-02 1.44254380e-02 1.44638982e-02 
4.22406739e-01 1.42889734e-02 1.43358721e-02 1.43838958e-02 1.44252564e-02 1.44637103e-02 
4.22512362e-01 1.42887979e-02 1.43356942e-02 1.43837356e-02 1.44250786e-02 1.44635259e-02 
4.22618011e-01 1.42886060e-02 1.43355039e-02 1.43835699e-02 1.44248946e-02 1.44633357e-02 
4.22723687e-01 1.42884244e-02 1.43353214e-02 1.43834093e-02 1.44247145e-02 1.44631492e-02 
4.22829389e-01 1.42882420e-02 1.43351383e-02 1.43832484e-02 1.44245340e-02 1.44629622e-02 
4.22935118e-01 1.42880577e-02 1.43349538e-02 1.43830867e-02 1.44243527e-02 1.44627790e-02 
4.23040873e-01 1.42878751e-02 1.43347705e-02 1.43829160e-02 1.44241720e-02 1.44626128e-02 
4.23146654e-01 1.42876993e-02 1.43345814e-02 1.43827376e-02 1.44239938e-02 1.44624492e-02 
4.23252462e-01 1.42875111e-02 1.43343805e-02 1.43825676e-02 1.44238110e-02 1.44622805e-02 
4.23358297e-01 1.42873282e-02 1.43341823e-02 1.43823936e-02 1.44236300e-02 1.44621142e-02 
4.23464157e-01 1.42871517e-02 1.43339885e-02 1.43822096e-02 1.44234515e-02 1.44619498e-02 
4.23570045e-01 1.42869742e-02 1.43337947e-02 1.43820252e-02 1.44232725e-02 1.44617850e-02 
4.23675959e-01 1.42867923e-02 1.43335967e-02 1.43818391e-02 1.44230917e-02 1.44616194e-02 
4.23781899e-01 1.42866098e-02 1.43334007e-02 1.43816676e-02 1.44229109e-02 1.44614528e-02 
4.23887866e-01 1.42864276e-02 1.43332046e-02 1.43814963e-02 1.44227298e-02 1.44612856e-02 
4.23993859e-01 1.42862732e-02 1.43330309e-02 1.43813347e-02 1.44225548e-02 1.44611242e-02 
4.24099879e-01 1.42860641e-02 1.43328292e-02 1.43811543e-02 1.44223679e-02 1.44609527e-02 
4.24205925e-01 1.42858829e-02 1.43326419e-02 1.43809841e-02 1.44221872e-02 1.44607865e-02 
4.24311998e-01 1.42857898e-02 1.43324933e-02 1.43808267e-02 1.44220183e-02 1.44606278e-02 
4.24418097e-01 1.42855267e-02 1.43322716e-02 1.43806461e-02 1.44218280e-02 1.44604554e-02 
4.24524223e-01 1.42853488e-02 1.43320868e-02 1.43804798e-02 1.44216488e-02 1.44602917e-02 
4.24630375e-01 1.42851736e-02 1.43319042e-02 1.43803119e-02 1.44214705e-02 1.44601264e-02 
4.24736554e-01 1.42850147e-02 1.43317317e-02 1.43801565e-02 1.44212979e-02 1.44599684e-02 
4.24842760e-01 1.42848011e-02 1.43315229e-02 1.43799641e-02 1.44211049e-02 1.44597902e-02 
4.24948992e-01 1.42846277e-02 1.43313412e-02 1.43797979e-02 1.44209269e-02 1.44596264e-02 
4.25055250e-01 1.42845067e-02 1.43311796e-02 1.43796342e-02 1.44207529e-02 1.44594639e-02 
4.25161535e-01 1.42842660e-02 1.43309671e-02 1.43794562e-02 1.44205567e-02 1.44592931e-02 
4.25267847e-01 1.42840892e-02 1.43307828e-02 1.43792881e-02 1.44203720e-02 1.44591283e-02 
4.25374186e-01 1.42865644e-02 1.43328367e-02 1.43800839e-02 1.44215023e-02 1.44592738e-02 
4.25480550e-01 1.42837321e-02 1.43304120e-02 1.43789363e-02 1.44200013e-02 1.44587966e-02 
4.25586942e-01 1.42835513e-02 1.43302285e-02 1.43787416e-02 1.44198152e-02 1.44586299e-02 
4.25693360e-01 1.42833902e-02 1.43300633e-02 1.43785562e-02 1.44196459e-02 1.44584698e-02 
4.25799805e-01 1.42832097e-02 1.43298850e-02 1.43783608e-02 1.44194808e-02 1.44583038e-02 
4.25906276e-01 1.42830180e-02 1.43296977e-02 1.43781615e-02 1.44193101e-02 1.44581329e-02 
4.26012774e-01 1.42828432e-02 1.43295227e-02 1.43779698e-02 1.44191461e-02 1.44579680e-02 
4.26119299e-01 1.42826722e-02 1.43293510e-02 1.43777789e-02 1.44189842e-02 1.44578050e-02 
4.26225850e-01 1.42824915e-02 1.43291714e-02 1.43775850e-02 1.44188139e-02 1.44576376e-02 
4.26332428e-01 1.42823099e-02 1.43289896e-02 1.43773896e-02 1.44186408e-02 1.44574704e-02 
4.26439032e-01 1.42821397e-02 1.43288090e-02 1.43771993e-02 1.44184721e-02 1.44573071e-02 
4.26545664e-01 1.42819593e-02 1.43286209e-02 1.43770048e-02 1.44182994e-02 1.44571401e-02 
4.26652321e-01 1.42817807e-02 1.43284340e-02 1.43768109e-02 1.44181273e-02 1.44569737e-02 
4.26759006e-01 1.42816080e-02 1.43282518e-02 1.43766194e-02 1.44179576e-02 1.44568097e-02 
4.26865717e-01 1.42814337e-02 1.43280680e-02 1.43764276e-02 1.44177870e-02 1.44566444e-02 
4.26972455e-01 1.42812556e-02 1.43278818e-02 1.43762341e-02 1.44176149e-02 1.44564781e-02 
4.27079220e-01 1.42810840e-02 1.43277004e-02 1.43760427e-02 1.44174456e-02 1.44563144e-02 
4.27186011e-01 1.42809043e-02 1.43275129e-02 1.43758592e-02 1.44172727e-02 1.44561472e-02 
4.27292829e-01 1.42807338e-02 1.43273321e-02 1.43756921e-02 1.44171033e-02 1.44559832e-02 
4.27399673e-01 1.42805528e-02 1.43271426e-02 1.43755186e-02 1.44169294e-02 1.44558152e-02 
4.27506545e-01 1.42804107e-02 1.43269683e-02 1.43753546e-02 1.44167622e-02 1.44556536e-02 
4.27613443e-01 1.42802031e-02 1.43267756e-02 1.43751804e-02 1.44165877e-02 1.44554848e-02 
4.27720368e-01 1.42800333e-02 1.43265935e-02 1.43750118e-02 1.44164172e-02 1.44553199e-02 
4.27827319e-01 1.42798942e-02 1.43264191e-02 1.43748468e-02 1.44162494e-02 1.44551574e-02 
4.27934298e-01 1.42796919e-02 1.43262349e-02 1.43746787e-02 1.44160792e-02 1.44549926e-02 
4.28041303e-01 1.42795017e-02 1.43260402e-02 1.43745018e-02 1.44159027e-02 1.44548225e-02 
4.28148335e-01 1.42793367e-02 1.43258659e-02 1.43743378e-02 1.44157342e-02 1.44546604e-02 
4.28255393e-01 1.42791561e-02 1.43256854e-02 1.43741649e-02 1.44155551e-02 1.44544928e-02 
4.28362479e-01 1.42789813e-02 1.43255140e-02 1.43739951e-02 1.44153782e-02 1.44543271e-02 
4.28469591e-01 1.42788130e-02 1.43253502e-02 1.43738285e-02 1.44152037e-02 1.44541635e-02 
4.28576730e-01 1.42786358e-02 1.43251805e-02 1.43736575e-02 1.44150258e-02 1.44539972e-02 
4.28683895e-01 1.42784623e-02 1.43250127e-02 1.43734879e-02 1.44148493e-02 1.44538317e-02 
4.28791088e-01 1.42782933e-02 1.43248491e-02 1.43733213e-02 1.44146744e-02 1.44536680e-02 
4.28898307e-01 1.42781849e-02 1.43246864e-02 1.43731532e-02 1.44145012e-02 1.44535040e-02 
4.29005553e-01 1.42779468e-02 1.43245191e-02 1.43729827e-02 1.44143213e-02 1.44533372e-02 
4.29112826e-01 1.42777789e-02 1.43243600e-02 1.43728168e-02 1.44141467e-02 1.44531743e-02 
4.29220126e-01 1.43049326e-02 1.43478567e-02 1.43919472e-02 1.44299804e-02 1.44669324e-02 
4.29327453e-01 1.42774261e-02 1.43240239e-02 1.43724737e-02 1.44137909e-02 1.44528405e-02 
4.29434806e-01 1.42772688e-02 1.43238752e-02 1.43723117e-02 1.44136204e-02 1.44526822e-02 
4.29542186e-01 1.42770808e-02 1.43236954e-02 1.43721189e-02 1.44134379e-02 1.44525101e-02 
4.29649593e-01 1.42769175e-02 1.43235376e-02 1.43719363e-02 1.44132649e-02 1.44523478e-02 
4.29757027e-01 1.42767482e-02 1.43233759e-02 1.43717504e-02 1.44130895e-02 1.44521664e-02 
4.29864488e-01 1.42765774e-02 1.43232118e-02 1.43715645e-02 1.44129135e-02 1.44519821e-02 
4.29971976e-01 1.42764031e-02 1.43230460e-02 1.43713767e-02 1.44127362e-02 1.44517967e-02 
4.30079491e-01 1.42762261e-02 1.43228781e-02 1.43711878e-02 1.44125577e-02 1.44516106e-02 
4.30187032e-01 1.42760685e-02 1.43227166e-02 1.43710074e-02 1.44123866e-02 1.44514295e-02 
4.30294600e-01 1.42758871e-02 1.43225360e-02 1.43708166e-02 1.44122044e-02 1.44512422e-02 
4.30402196e-01 1.42757154e-02 1.43223621e-02 1.43706297e-02 1.44120242e-02 1.44510573e-02 
4.30509818e-01 1.42755452e-02 1.43221893e-02 1.43704436e-02 1.44118446e-02 1.44508729e-02 
4.30617467e-01 1.42753704e-02 1.43220176e-02 1.43702582e-02 1.44116655e-02 1.44506888e-02 
4.30725143e-01 1.42751875e-02 1.43218438e-02 1.43700716e-02 1.44114853e-02 1.44505040e-02 
4.30832846e-01 1.42750084e-02 1.43216730e-02 1.43698867e-02 1.44113066e-02 1.44503201e-02 
4.30940576e-01 1.42748325e-02 1.43215039e-02 1.43697035e-02 1.44111291e-02 1.44501373e-02 
4.31048333e-01 1.42746500e-02 1.43213309e-02 1.43695170e-02 1.44109491e-02 1.44499525e-02 
4.31156116e-01 1.42744672e-02 1.43211600e-02 1.43693328e-02 1.44107689e-02 1.44497677e-02 
4.31263927e-01 1.42742863e-02 1.43209910e-02 1.43691575e-02 1.44105894e-02 1.44495834e-02 
4.31371765e-01 1.42741051e-02 1.43208216e-02 1.43689820e-02 1.44104098e-02 1.44493990e-02 
4.31479629e-01 1.42739518e-02 1.43206848e-02 1.43688244e-02 1.44102416e-02 1.44492217e-02 
4.31587521e-01 1.42737424e-02 1.43204836e-02 1.43686309e-02 1.44100504e-02 1.44490299e-02 
4.31695439e-01 1.42735636e-02 1.43203161e-02 1.43684566e-02 1.44098716e-02 1.44488462e-02 
4.31803385e-01 1.42733855e-02 1.43201492e-02 1.43682826e-02 1.44096930e-02 1.44486626e-02 
4.31911358e-01 1.42732029e-02 1.43199794e-02 1.43681062e-02 1.44095128e-02 1.44484776e-02 
4.32019357e-01 1.42730256e-02 1.43198128e-02 1.43679326e-02 1.44093345e-02 1.44482943e-02 
4.32127384e-01 1.42728438e-02 1.43196442e-02 1.43677563e-02 1.44091544e-02 1.44481096e-02 
4.32235437e-01 1.42726847e-02 1.43194867e-02 1.43675868e-02 1.44089779e-02 1.44479322e-02 
4.32343518e-01 1.42724936e-02 1.43193173e-02 1.43674112e-02 1.44087905e-02 1.44477441e-02 
4.32451625e-01 1.42723123e-02 1.43191463e-02 1.43672354e-02 1.44086053e-02 1.44475595e-02 
4.32559760e-01 1.42721868e-02 1.43190115e-02 1.43670766e-02 1.44084365e-02 1.44473925e-02 
4.32667922e-01 1.42719535e-02 1.43188075e-02 1.43668849e-02 1.44082491e-02 1.44471915e-02 
4.32776110e-01 1.42717782e-02 1.43186428e-02 1.43667132e-02 1.44080786e-02 1.44470085e-02 
4.32884326e-01 1.42715939e-02 1.43184663e-02 1.43665355e-02 1.44079034e-02 1.44468230e-02 
4.32992569e-01 1.42714122e-02 1.43182908e-02 1.43663591e-02 1.44077291e-02 1.44466383e-02 
4.33100839e-01 1.42712329e-02 1.43181176e-02 1.43661841e-02 1.44075560e-02 1.44464543e-02 
4.33209136e-01 1.42710558e-02 1.43179463e-02 1.43660103e-02 1.44073838e-02 1.44462708e-02 
4.33317460e-01 1.42708797e-02 1.43177759e-02 1.43658370e-02 1.44072120e-02 1.44460876e-02 
4.33425811e-01 1.42707011e-02 1.43176035e-02 1.43656624e-02 1.44070392e-02 1.44459037e-02 
4.33534189e-01 1.42705263e-02 1.43174335e-02 1.43654895e-02 1.44068675e-02 1.44457210e-02 
4.33642595e-01 1.42703554e-02 1.43172677e-02 1.43653191e-02 1.44066980e-02 1.44455392e-02 
4.33751027e-01 1.42701662e-02 1.43170855e-02 1.43651380e-02 1.44065200e-02 1.44453524e-02 
4.33859487e-01 1.42699924e-02 1.43169170e-02 1.43649658e-02 1.44063491e-02 1.44451698e-02 
4.33967973e-01 1.42698112e-02 1.43167420e-02 1.43647892e-02 1.44061747e-02 1.44449852e-02 
4.34076487e-01 1.42696348e-02 1.43165711e-02 1.43646154e-02 1.44060024e-02 1.44448019e-02 
4.34185028e-01 1.42694582e-02 1.43163999e-02 1.43644412e-02 1.44058298e-02 1.44446185e-02 
4.34293596e-01 1.42692887e-02 1.43162333e-02 1.43642686e-02 1.44056581e-02 1.44444375e-02 
4.34402191e-01 1.42691048e-02 1.43160579e-02 1.43640933e-02 1.44054837e-02 1.44442517e-02 
4.34510814e-01 1.42689274e-02 1.43158860e-02 1.43639184e-02 1.44053095e-02 1.44440681e-02 
4.34619463e-01 1.42687637e-02 1.43157229e-02 1.43637469e-02 1.44051374e-02 1.44438889e-02 
4.34728140e-01 1.42685796e-02 1.43155492e-02 1.43635738e-02 1.44049718e-02 1.44437158e-02 
4.34836844e-01 1.42683988e-02 1.43153743e-02 1.43633971e-02 1.44048011e-02 1.44435509e-02 
4.34945575e-01 1.42682218e-02 1.43152028e-02 1.43632226e-02 1.44046312e-02 1.44433878e-02 
4.35054333e-01 1.42680450e-02 1.43150316e-02 1.43630482e-02 1.44044615e-02 1.44432251e-02 
4.35163119e-01 1.42678689e-02 1.43148610e-02 1.43628742e-02 1.44042920e-02 1.44430624e-02 
4.35271931e-01 1.42676932e-02 1.43146907e-02 1.43627003e-02 1.44041228e-02 1.44428999e-02 
4.35380771e-01 1.42675179e-02 1.43145207e-02 1.43625266e-02 1.44039536e-02 1.44427375e-02 
4.35489638e-01 1.42673591e-02 1.43143665e-02 1.43623632e-02 1.44037933e-02 1.44425836e-02 
4.35598532e-01 1.42671785e-02 1.43141919e-02 1.43621864e-02 1.44036214e-02 1.44424183e-02 
4.35707454e-01 1.42669912e-02 1.43140103e-02 1.43620049e-02 1.44034455e-02 1.44422498e-02 
4.35816403e-01 1.42668175e-02 1.43138418e-02 1.43618320e-02 1.44032769e-02 1.44420879e-02 
4.35925379e-01 1.42666639e-02 1.43136920e-02 1.43616715e-02 1.44031189e-02 1.44419361e-02 
4.36034382e-01 1.42664681e-02 1.43135030e-02 1.43614850e-02 1.44029387e-02 1.44417632e-02 
4.36143412e-01 1.42662936e-02 1.43133337e-02 1.43613114e-02 1.44027660e-02 1.44416009e-02 
4.36252470e-01 1.42661199e-02 1.43131654e-02 1.43611385e-02 1.44025919e-02 1.44414390e-02 
4.36361555e-01 1.42659474e-02 1.43129977e-02 1.43609659e-02 1.44024182e-02 1.44412772e-02 
4.36470668e-01 1.42657757e-02 1.43128313e-02 1.43607941e-02 1.44022450e-02 1.44411166e-02 
4.36579807e-01 1.42655963e-02 1.43126574e-02 1.43606174e-02 1.44020679e-02 1.44409515e-02 
4.36688974e-01 1.42654215e-02 1.43124881e-02 1.43604436e-02 1.44018931e-02 1.44407890e-02 
4.36798168e-01 1.42652489e-02 1.43123204e-02 1.43602709e-02 1.44017192e-02 1.44406271e-02 
4.36907390e-01 1.42650743e-02 1.43121510e-02 1.43600970e-02 1.44015444e-02 1.44404645e-02 
4.37016638e-01 1.42649008e-02 1.43119827e-02 1.43599238e-02 1.44013657e-02 1.44403022e-02 
4.37125915e-01 1.42647382e-02 1.43118240e-02 1.43597569e-02 1.44011919e-02 1.44401449e-02 
4.37235218e-01 1.42645590e-02 1.43116509e-02 1.43595803e-02 1.44010104e-02 1.44399805e-02 
4.37344549e-01 1.42643817e-02 1.43114837e-02 1.43594045e-02 1.44008297e-02 1.44398159e-02 
4.37453907e-01 1.42642305e-02 1.43113476e-02 1.43592442e-02 1.44006596e-02 1.44396629e-02 
4.37563292e-01 1.42640584e-02 1.43111900e-02 1.43590712e-02 1.44004774e-02 1.44395007e-02 
4.37672705e-01 1.42638640e-02 1.43110119e-02 1.43588905e-02 1.44002848e-02 1.44393298e-02 
4.37782145e-01 1.42637001e-02 1.43108646e-02 1.43587313e-02 1.44001060e-02 1.44391720e-02 
4.37891613e-01 1.42635250e-02 1.43107058e-02 1.43585651e-02 1.43999245e-02 1.44390093e-02 
4.38001108e-01 1.42633502e-02 1.43105435e-02 1.43583980e-02 1.43997464e-02 1.44388449e-02 
4.38110630e-01 1.42632057e-02 1.43104099e-02 1.43582490e-02 1.43995814e-02 1.44386927e-02 
4.38220180e-01 1.42630049e-02 1.43102286e-02 1.43580679e-02 1.43993923e-02 1.44385204e-02 
4.38329757e-01 1.42628368e-02 1.43100748e-02 1.43579052e-02 1.43992161e-02 1.44383596e-02 
4.38439361e-01 1.42626665e-02 1.43099193e-02 1.43577415e-02 1.43990358e-02 1.44381981e-02 
4.38548993e-01 1.42624896e-02 1.43097582e-02 1.43575741e-02 1.43988526e-02 1.44380341e-02 
4.38658652e-01 1.42623183e-02 1.43096021e-02 1.43574100e-02 1.43986717e-02 1.44378723e-02 
4.38768339e-01 1.42621637e-02 1.43094605e-02 1.43572547e-02 1.43984982e-02 1.44377166e-02 
4.38878053e-01 1.42619837e-02 1.43092980e-02 1.43570857e-02 1.43983134e-02 1.44375520e-02 
4.38987795e-01 1.42618706e-02 1.43092049e-02 1.43569534e-02 1.43981669e-02 1.44374165e-02 
4.39097564e-01 1.42617036e-02 1.43090249e-02 1.43567788e-02 1.43979886e-02 1.44372394e-02 
4.39207360e-01 1.42614816e-02 1.43088383e-02 1.43565989e-02 1.43978037e-02 1.44370692e-02 
4.39317184e-01 1.42613000e-02 1.43086702e-02 1.43564273e-02 1.43976271e-02 1.44369021e-02 
4.39427036e-01 1.42612147e-02 1.43085536e-02 1.43562861e-02 1.43974772e-02 1.44367480e-02 
4.39536914e-01 1.42609697e-02 1.43083649e-02 1.43561029e-02 1.43972884e-02 1.44365801e-02 
4.39646821e-01 1.42608057e-02 1.43082192e-02 1.43559452e-02 1.43971224e-02 1.44364235e-02 
4.39756755e-01 1.42606234e-02 1.43080557e-02 1.43557756e-02 1.43969466e-02 1.44362584e-02 
4.39866716e-01 1.42604479e-02 1.43078936e-02 1.43556087e-02 1.43967734e-02 1.44360936e-02 
4.39976705e-01 1.42602801e-02 1.43077421e-02 1.43554462e-02 1.43966035e-02 1.44359333e-02 
4.40086721e-01 1.42601249e-02 1.43076017e-02 1.43552917e-02 1.43964401e-02 1.44357779e-02 
4.40196765e-01 1.42600039e-02 1.43074986e-02 1.43551586e-02 1.43962934e-02 1.44356384e-02 
4.40306836e-01 1.42598014e-02 1.43073084e-02 1.43549821e-02 1.43961110e-02 1.44354618e-02 
4.40416935e-01 1.42596187e-02 1.43071379e-02 1.43548017e-02 1.43959290e-02 1.44352927e-02 
4.40527061e-01 1.42595240e-02 1.43070767e-02 1.43546900e-02 1.43957944e-02 1.44351715e-02 
4.40637215e-01 1.42593079e-02 1.43068680e-02 1.43544964e-02 1.43956005e-02 1.44349863e-02 
4.40747396e-01 1.42591053e-02 1.43066677e-02 1.43543081e-02 1.43954117e-02 1.44348045e-02 
4.40857605e-01 1.42589339e-02 1.43065099e-02 1.43541428e-02 1.43952383e-02 1.44346411e-02 
4.40967842e-01 1.42587928e-02 1.43063883e-02 1.43539977e-02 1.43950792e-02 1.44344935e-02 
4.41078106e-01 1.42586037e-02 1.43062098e-02 1.43538209e-02 1.43948976e-02 1.44343211e-02 
4.41188398e-01 1.42584475e-02 1.43060690e-02 1.43536655e-02 1.43947312e-02 1.44341650e-02 
4.41298717e-01 1.42582672e-02 1.43059026e-02 1.43534946e-02 1.43945537e-02 1.44339971e-02 
4.41409064e-01 1.42580984e-02 1.43057514e-02 1.43533310e-02 1.43943814e-02 1.44338350e-02 
4.41519438e-01 1.42579754e-02 1.43056689e-02 1.43532046e-02 1.43942333e-02 1.44337014e-02 
4.41629840e-01 1.42577989e-02 1.43054858e-02 1.43530267e-02 1.43940539e-02 1.44335265e-02 
4.41740270e-01 1.42576042e-02 1.43053094e-02 1.43528477e-02 1.43938699e-02 1.44333533e-02 
4.41850727e-01 1.42574408e-02 1.43051630e-02 1.43526873e-02 1.43936999e-02 1.44331931e-02 
4.41961212e-01 1.42573561e-02 1.43051110e-02 1.43525785e-02 1.43935810e-02 1.44330723e-02 
4.42071725e-01 1.42571102e-02 1.43048652e-02 1.43523632e-02 1.43933709e-02 1.44328700e-02 
4.42182265e-01 1.42569550e-02 1.43047293e-02 1.43522087e-02 1.43932131e-02 1.44327143e-02 
4.42292833e-01 1.42567764e-02 1.43045688e-02 1.43520395e-02 1.43930427e-02 1.44325437e-02 
4.42403428e-01 1.42566177e-02 1.43044232e-02 1.43518797e-02 1.43928800e-02 1.44323707e-02 
4.42514051e-01 1.42564633e-02 1.43042844e-02 1.43517251e-02 1.43927220e-02 1.44322010e-02 
4.42624702e-01 1.42562989e-02 1.43041344e-02 1.43515653e-02 1.43925597e-02 1.44320280e-02 
4.42735380e-01 1.42564264e-02 1.43042290e-02 1.43515562e-02 1.43925193e-02 1.44319260e-02 
4.42846086e-01 1.42560558e-02 1.43039221e-02 1.43512991e-02 1.43922786e-02 1.44317095e-02 
4.42956820e-01 1.42559708e-02 1.43038113e-02 1.43511658e-02 1.43921360e-02 1.44315509e-02 
4.43067582e-01 1.42556289e-02 1.43035090e-02 1.43509148e-02 1.43918956e-02 1.44313293e-02 
4.43178371e-01 1.42555262e-02 1.43033940e-02 1.43507765e-02 1.43917488e-02 1.44311677e-02 
4.43289188e-01 1.42553458e-02 1.43032148e-02 1.43506015e-02 1.43915714e-02 1.44309867e-02 
4.43400032e-01 1.42555765e-02 1.43033346e-02 1.43505380e-02 1.43915202e-02 1.44308908e-02 
4.43510905e-01 1.42550657e-02 1.43029149e-02 1.43502644e-02 1.43912414e-02 1.44306411e-02 
4.43621805e-01 1.42549418e-02 1.43027768e-02 1.43500972e-02 1.43910798e-02 1.44304723e-02 
4.43732732e-01 1.42547627e-02 1.43025980e-02 1.43499116e-02 1.43909012e-02 1.44302914e-02 
4.43843688e-01 1.42546196e-02 1.43024458e-02 1.43497361e-02 1.43907330e-02 1.44301176e-02 
4.43954671e-01 1.42545679e-02 1.43023588e-02 1.43495892e-02 1.43905953e-02 1.44299650e-02 
4.44065682e-01 1.42543621e-02 1.43021614e-02 1.43493970e-02 1.43904074e-02 1.44297778e-02 
4.44176721e-01 1.42541961e-02 1.43019923e-02 1.43492152e-02 1.43902321e-02 1.44295991e-02 
4.44287787e-01 1.42543775e-02 1.43020721e-02 1.43491493e-02 1.43901639e-02 1.44295028e-02 
4.44398881e-01 1.42539257e-02 1.43016981e-02 1.43488726e-02 1.43898990e-02 1.44292564e-02 
4.44510004e-01 1.42538772e-02 1.43016126e-02 1.43487291e-02 1.43897593e-02 1.44291056e-02 
4.44621153e-01 1.42536433e-02 1.43013954e-02 1.43485245e-02 1.43895609e-02 1.44289099e-02 
4.44732331e-01 1.42534912e-02 1.43012359e-02 1.43483468e-02 1.43893887e-02 1.44287341e-02 
4.44843536e-01 1.42534146e-02 1.43011299e-02 1.43481959e-02 1.43892415e-02 1.44285775e-02 
4.44954770e-01 1.42532165e-02 1.43009379e-02 1.43480025e-02 1.43890539e-02 1.44283899e-02 
4.45066031e-01 1.42531778e-02 1.43008616e-02 1.43478599e-02 1.43889138e-02 1.44282386e-02 
4.45177320e-01 1.42529463e-02 1.43006432e-02 1.43476590e-02 1.43887199e-02 1.44280461e-02 
4.45288636e-01 1.42528024e-02 1.43004892e-02 1.43474844e-02 1.43885505e-02 1.44278723e-02 
4.45399981e-01 1.42527903e-02 1.43004301e-02 1.43473686e-02 1.43884221e-02 1.44277299e-02 
4.45511353e-01 1.42526331e-02 1.43002662e-02 1.43472047e-02 1.43882480e-02 1.44275524e-02 
4.45622753e-01 1.42523875e-02 1.43000391e-02 1.43470004e-02 1.43880470e-02 1.44273544e-02 
4.45734181e-01 1.42522634e-02 1.42998992e-02 1.43468519e-02 1.43878837e-02 1.44271851e-02 
4.45845637e-01 1.42521182e-02 1.42997440e-02 1.43466938e-02 1.43877138e-02 1.44270107e-02 
4.45957121e-01 1.42520568e-02 1.42996488e-02 1.43465761e-02 1.43875718e-02 1.44268577e-02 
4.46068633e-01 1.42518744e-02 1.42994664e-02 1.43464004e-02 1.43873891e-02 1.44266734e-02 
4.46180173e-01 1.42517303e-02 1.42993117e-02 1.43462434e-02 1.43872200e-02 1.44264995e-02 
4.46291740e-01 1.42517186e-02 1.42992514e-02 1.43461491e-02 1.43870930e-02 1.44263578e-02 
4.46403335e-01 1.42519651e-02 1.42993854e-02 1.43461433e-02 1.43870225e-02 1.44262585e-02 
4.46514959e-01 1.42514189e-02 1.42989337e-02 1.43458288e-02 1.43867482e-02 1.44260061e-02 
4.46626610e-01 1.42512072e-02 1.42987302e-02 1.43456398e-02 1.43865540e-02 1.44258149e-02 
4.46738289e-01 1.42511516e-02 1.42986398e-02 1.43455177e-02 1.43864104e-02 1.44256570e-02 
4.46849996e-01 1.42509306e-02 1.42984284e-02 1.43453307e-02 1.43862227e-02 1.44254683e-02 
4.46961731e-01 1.42508247e-02 1.42983007e-02 1.43451916e-02 1.43860689e-02 1.44253030e-02 
4.47073494e-01 1.42506844e-02 1.42981483e-02 1.43450353e-02 1.43858975e-02 1.44251284e-02 
4.47185285e-01 1.42505362e-02 1.42979892e-02 1.43448758e-02 1.43857216e-02 1.44249539e-02 
4.47297103e-01 1.42505007e-02 1.42979151e-02 1.43447441e-02 1.43855691e-02 1.44247990e-02 
4.47408950e-01 1.42507947e-02 1.42980771e-02 1.43447598e-02 1.43855295e-02 1.44247234e-02 
4.47520825e-01 1.42502622e-02 1.42976430e-02 1.43444283e-02 1.43852493e-02 1.44244631e-02 
4.47632727e-01 1.42500040e-02 1.42973984e-02 1.43442151e-02 1.43850505e-02 1.44242649e-02 
4.47744658e-01 1.42499788e-02 1.42973288e-02 1.43440970e-02 1.43849147e-02 1.44241173e-02 
4.47856617e-01 1.42498359e-02 1.42971715e-02 1.43439354e-02 1.43847496e-02 1.44239471e-02 
4.47968603e-01 1.42498397e-02 1.42971246e-02 1.43438158e-02 1.43846149e-02 1.44238002e-02 
4.48080618e-01 1.42496021e-02 1.42968994e-02 1.43436051e-02 1.43844164e-02 1.44236039e-02 
4.48192661e-01 1.42493816e-02 1.42966879e-02 1.43434065e-02 1.43842243e-02 1.44234127e-02 
4.48304732e-01 1.42493768e-02 1.42966333e-02 1.43432870e-02 1.43840926e-02 1.44232683e-02 
4.48416830e-01 1.42491362e-02 1.42964054e-02 1.43430822e-02 1.43838965e-02 1.44230739e-02 
4.48528957e-01 1.42492827e-02 1.42964614e-02 1.43430161e-02 1.43838057e-02 1.44229610e-02 
4.48641112e-01 1.42489073e-02 1.42961338e-02 1.43427651e-02 1.43835742e-02 1.44227392e-02 
4.48753295e-01 1.42488060e-02 1.42960080e-02 1.43426069e-02 1.43834142e-02 1.44225726e-02 
4.48865505e-01 1.42486436e-02 1.42958380e-02 1.43424245e-02 1.43832360e-02 1.44223918e-02 
4.48977744e-01 1.42484864e-02 1.42956714e-02 1.43422485e-02 1.43830616e-02 1.44222140e-02 
4.49090011e-01 1.42484666e-02 1.42956064e-02 1.43421269e-02 1.43829268e-02 1.44220671e-02 
4.49202306e-01 1.42482515e-02 1.42953950e-02 1.43419256e-02 1.43827354e-02 1.44218759e-02 
4.49314630e-01 1.42482572e-02 1.42953441e-02 1.43418240e-02 1.43826154e-02 1.44217402e-02 
4.49426981e-01 1.42480567e-02 1.42951470e-02 1.43416205e-02 1.43824216e-02 1.44215467e-02 
4.49539360e-01 1.42533302e-02 1.42984315e-02 1.43438933e-02 1.43836567e-02 1.44221316e-02 
4.49651768e-01 1.42477841e-02 1.42948410e-02 1.43412829e-02 1.43820853e-02 1.44212001e-02 
4.49764203e-01 1.42477052e-02 1.42947299e-02 1.43411364e-02 1.43819337e-02 1.44210396e-02 
4.49876667e-01 1.42479064e-02 1.42947296e-02 1.43412092e-02 1.43819220e-02 1.44209567e-02 
4.49989158e-01 1.42476003e-02 1.42945368e-02 1.43408663e-02 1.43816551e-02 1.44207354e-02 
4.50101678e-01 1.42474441e-02 1.42943793e-02 1.43406897e-02 1.43814726e-02 1.44205541e-02 
4.50214226e-01 1.42471943e-02 1.42941481e-02 1.43404694e-02 1.43812666e-02 1.44203515e-02 
4.50326803e-01 1.42470648e-02 1.42940049e-02 1.43403015e-02 1.43810990e-02 1.44201786e-02 
4.50439407e-01 1.42469529e-02 1.42938736e-02 1.43401424e-02 1.43809378e-02 1.44200106e-02 
4.50552039e-01 1.42468478e-02 1.42937469e-02 1.43399863e-02 1.43807788e-02 1.44198442e-02 
4.50664700e-01 1.42469384e-02 1.42937873e-02 1.43399362e-02 1.43806975e-02 1.44197383e-02 
4.50777389e-01 1.42465788e-02 1.42934675e-02 1.43396551e-02 1.43804473e-02 1.44195008e-02 
4.50890106e-01 1.42464473e-02 1.42933240e-02 1.43394943e-02 1.43802851e-02 1.44193317e-02 
4.51002851e-01 1.42463216e-02 1.42931853e-02 1.43393365e-02 1.43801250e-02 1.44191643e-02 
4.51115624e-01 1.42462259e-02 1.42930667e-02 1.43391949e-02 1.43799761e-02 1.44190057e-02 
4.51228426e-01 1.42460977e-02 1.42929290e-02 1.43390351e-02 1.43798153e-02 1.44188376e-02 
4.51341256e-01 1.42459749e-02 1.42927929e-02 1.43388787e-02 1.43796557e-02 1.44186704e-02 
4.51454114e-01 1.42457983e-02 1.42926145e-02 1.43386935e-02 1.43794764e-02 1.44184879e-02 
4.51567000e-01 1.42457116e-02 1.42925046e-02 1.43385558e-02 1.43793312e-02 1.44183318e-02 
4.51679914e-01 1.42455712e-02 1.42923548e-02 1.43383900e-02 1.43791652e-02 1.44181595e-02 
4.51792857e-01 1.42454305e-02 1.42922053e-02 1.43382232e-02 1.43789991e-02 1.44179871e-02 
4.51905828e-01 1.42453132e-02 1.42920710e-02 1.43380692e-02 1.43788419e-02 1.44178215e-02 
4.52018827e-01 1.42451668e-02 1.42919150e-02 1.43378997e-02 1.43786734e-02 1.44176472e-02 
4.52131855e-01 1.42450526e-02 1.42917842e-02 1.43377359e-02 1.43785174e-02 1.44174824e-02 
4.52244910e-01 1.42449253e-02 1.42916421e-02 1.43375657e-02 1.43783561e-02 1.44173136e-02 
4.52357994e-01 1.42448049e-02 1.42915063e-02 1.43373976e-02 1.43781976e-02 1.44171469e-02 
4.52471106e-01 1.42447236e-02 1.42914010e-02 1.43372458e-02 1.43780543e-02 1.44169919e-02 
4.52584247e-01 1.42445847e-02 1.42912507e-02 1.43370702e-02 1.43778885e-02 1.44168193e-02 
4.52697416e-01 1.42444310e-02 1.42910884e-02 1.43368879e-02 1.43777159e-02 1.44166422e-02 
4.52810613e-01 1.42443153e-02 1.42909553e-02 1.43367325e-02 1.43775571e-02 1.44164765e-02 
4.52923838e-01 1.42441886e-02 1.42908143e-02 1.43365866e-02 1.43773938e-02 1.44163074e-02 
4.53037092e-01 1.42440769e-02 1.42906836e-02 1.43364485e-02 1.43772364e-02 1.44161427e-02 
4.53150374e-01 1.42439562e-02 1.42905472e-02 1.43362885e-02 1.43770755e-02 1.44159753e-02 
4.53263684e-01 1.42438586e-02 1.42904308e-02 1.43361373e-02 1.43769240e-02 1.44158148e-02 
4.53377023e-01 1.42437261e-02 1.42902837e-02 1.43359691e-02 1.43767576e-02 1.44156435e-02 
4.53490390e-01 1.42435978e-02 1.42901406e-02 1.43358028e-02 1.43765928e-02 1.44154734e-02 
4.53603786e-01 1.42435456e-02 1.42900629e-02 1.43356737e-02 1.43764598e-02 1.44153264e-02 
4.53717209e-01 1.42433707e-02 1.42898782e-02 1.43354844e-02 1.43762754e-02 1.44151420e-02 
4.53830661e-01 1.42432608e-02 1.42897487e-02 1.43353270e-02 1.43761180e-02 1.44149772e-02 
4.53944142e-01 1.42431512e-02 1.42896223e-02 1.43351692e-02 1.43759608e-02 1.44148125e-02 
4.54057651e-01 1.42431054e-02 1.42895467e-02 1.43350591e-02 1.43758299e-02 1.44146670e-02 
4.54171188e-01 1.42429179e-02 1.42893518e-02 1.43348715e-02 1.43756395e-02 1.44144781e-02 
4.54284753e-01 1.42433444e-02 1.42893648e-02 1.43350023e-02 1.43755824e-02 1.44143880e-02 
4.54398348e-01 1.42427148e-02 1.42891054e-02 1.43346146e-02 1.43753303e-02 1.44141527e-02 
4.54511970e-01 1.42425950e-02 1.42889696e-02 1.43344759e-02 1.43751684e-02 1.44139844e-02 
4.54625621e-01 1.42427771e-02 1.42890438e-02 1.43345102e-02 1.43751141e-02 1.44138944e-02 
4.54739300e-01 1.42424136e-02 1.42887452e-02 1.43342339e-02 1.43748681e-02 1.44136650e-02 
4.54853008e-01 1.42422583e-02 1.42885758e-02 1.43340710e-02 1.43746909e-02 1.44134859e-02 
4.54966744e-01 1.42421530e-02 1.42884498e-02 1.43339403e-02 1.43745344e-02 1.44133217e-02 
4.55080508e-01 1.42420458e-02 1.42883223e-02 1.43338079e-02 1.43743770e-02 1.44131567e-02 
4.55194301e-01 1.42419712e-02 1.42882185e-02 1.43336728e-02 1.43742326e-02 1.44130015e-02 
4.55308123e-01 1.42418364e-02 1.42880702e-02 1.43335064e-02 1.43740636e-02 1.44128280e-02 
4.55421973e-01 1.42417821e-02 1.42879824e-02 1.43333817e-02 1.43739275e-02 1.44126787e-02 
4.55535851e-01 1.42416481e-02 1.42878331e-02 1.43332153e-02 1.43737584e-02 1.44125052e-02 
4.55649758e-01 1.42415568e-02 1.42877182e-02 1.43330711e-02 1.43736069e-02 1.44123445e-02 
4.55763693e-01 1.42414695e-02 1.42876034e-02 1.43329287e-02 1.43734566e-02 1.44121849e-02 
4.55877657e-01 1.42413257e-02 1.42874458e-02 1.43327569e-02 1.43732832e-02 1.44120081e-02 
4.55991649e-01 1.42412233e-02 1.42873203e-02 1.43326064e-02 1.43731267e-02 1.44118437e-02 
4.56105670e-01 1.42411341e-02 1.42872016e-02 1.43324575e-02 1.43729680e-02 1.44116802e-02 
4.56219720e-01 1.42411853e-02 1.42871975e-02 1.43323632e-02 1.43728496e-02 1.44115483e-02 
4.56333797e-01 1.42413301e-02 1.42872544e-02 1.43323131e-02 1.43727659e-02 1.44114426e-02 
4.56447904e-01 1.42408952e-02 1.42869205e-02 1.43320203e-02 1.43724948e-02 1.44111951e-02 
4.56562039e-01 1.42408070e-02 1.42868217e-02 1.43318720e-02 1.43723351e-02 1.44110319e-02 
4.56676202e-01 1.42407624e-02 1.42867208e-02 1.43317413e-02 1.43721898e-02 1.44108793e-02 
4.56790394e-01 1.42406344e-02 1.42865565e-02 1.43315750e-02 1.43720152e-02 1.44107051e-02 
4.56904615e-01 1.42405537e-02 1.42864216e-02 1.43314284e-02 1.43718566e-02 1.44105428e-02 
4.57018864e-01 1.42404804e-02 1.42862903e-02 1.43312851e-02 1.43717005e-02 1.44103823e-02 
4.57133141e-01 1.42403875e-02 1.42861506e-02 1.43311336e-02 1.43715382e-02 1.44102171e-02 
4.57247448e-01 1.42403216e-02 1.42860498e-02 1.43309936e-02 1.43713847e-02 1.44100585e-02 
4.57361783e-01 1.42403203e-02 1.42859998e-02 1.43308799e-02 1.43712515e-02 1.44099154e-02 
4.57476146e-01 1.42401943e-02 1.42858727e-02 1.43307133e-02 1.43710776e-02 1.44097413e-02 
4.57590538e-01 1.42401360e-02 1.42857891e-02 1.43305765e-02 1.43709258e-02 1.44095843e-02 
4.57704959e-01 1.42400107e-02 1.42856647e-02 1.43304357e-02 1.43707530e-02 1.44094112e-02 
4.57819408e-01 1.42399738e-02 1.42855951e-02 1.43303369e-02 1.43706085e-02 1.44092595e-02 
4.57933886e-01 1.42399001e-02 1.42855012e-02 1.43302229e-02 1.43704511e-02 1.44090980e-02 
4.58048392e-01 1.42398062e-02 1.42853964e-02 1.43301039e-02 1.43702877e-02 1.44089320e-02 
4.58162927e-01 1.42397278e-02 1.42853019e-02 1.43299896e-02 1.43701295e-02 1.44087699e-02 
4.58277491e-01 1.42396831e-02 1.42852293e-02 1.43298900e-02 1.43699826e-02 1.44086165e-02 
4.58392083e-01 1.42395878e-02 1.42851296e-02 1.43297641e-02 1.43698174e-02 1.44084491e-02 
4.58506705e-01 1.42395379e-02 1.42850864e-02 1.43296364e-02 1.43696685e-02 1.44082941e-02 
4.58621354e-01 1.42394642e-02 1.42849735e-02 1.43294958e-02 1.43695103e-02 1.44081321e-02 
4.58736033e-01 1.42393922e-02 1.42848647e-02 1.43293570e-02 1.43693535e-02 1.44079710e-02 
4.58850740e-01 1.42393386e-02 1.42847871e-02 1.43292269e-02 1.43692029e-02 1.44078147e-02 
4.58965475e-01 1.42392763e-02 1.42847034e-02 1.43290922e-02 1.43690486e-02 1.44076557e-02 
4.59080240e-01 1.42392067e-02 1.42846158e-02 1.43289542e-02 1.43688920e-02 1.44074949e-02 
4.59195033e-01 1.42391647e-02 1.42845475e-02 1.43288304e-02 1.43687456e-02 1.44073417e-02 
4.59309855e-01 1.42391214e-02 1.42844752e-02 1.43287034e-02 1.43685967e-02 1.44071867e-02 
4.59424705e-01 1.42390464e-02 1.42843852e-02 1.43285629e-02 1.43684383e-02 1.44070245e-02 
4.59539585e-01 1.42389796e-02 1.42843007e-02 1.43284261e-02 1.43682823e-02 1.44068642e-02 
4.59654493e-01 1.42389424e-02 1.42842353e-02 1.43283035e-02 1.43681409e-02 1.44067115e-02 
4.59769429e-01 1.42389452e-02 1.42841944e-02 1.43281990e-02 1.43680325e-02 1.44065685e-02 
4.59884395e-01 1.42388258e-02 1.42840775e-02 1.43280372e-02 1.43678704e-02 1.44063946e-02 
4.59999389e-01 1.42387807e-02 1.42840073e-02 1.43279102e-02 1.43677308e-02 1.44062393e-02 
4.60114412e-01 1.42387159e-02 1.42839251e-02 1.43277825e-02 1.43675954e-02 1.44060801e-02 
4.60229464e-01 1.42386811e-02 1.42838612e-02 1.43276834e-02 1.43674725e-02 1.44059327e-02 
4.60344544e-01 1.42386310e-02 1.42837900e-02 1.43275784e-02 1.43673445e-02 1.44057806e-02 
4.60459653e-01 1.42385818e-02 1.42837185e-02 1.43274735e-02 1.43672166e-02 1.44056287e-02 
4.60574791e-01 1.42385218e-02 1.42836409e-02 1.43273640e-02 1.43670844e-02 1.44054734e-02 
4.60689958e-01 1.42384786e-02 1.42835738e-02 1.43272623e-02 1.43669588e-02 1.44053229e-02 
4.60805154e-01 1.42384347e-02 1.42835066e-02 1.43271604e-02 1.43668329e-02 1.44051720e-02 
4.60920378e-01 1.42383997e-02 1.42834457e-02 1.43270631e-02 1.43667105e-02 1.44050236e-02 
4.61035632e-01 1.42383494e-02 1.42833748e-02 1.43269585e-02 1.43665822e-02 1.44048706e-02 
4.61150914e-01 1.42383112e-02 1.42833124e-02 1.43268601e-02 1.43664586e-02 1.44047209e-02 
4.61266225e-01 1.42382987e-02 1.42832653e-02 1.43267510e-02 1.43663449e-02 1.44045786e-02 
4.61381564e-01 1.42382384e-02 1.42831903e-02 1.43265925e-02 1.43662128e-02 1.44044221e-02 
4.61496933e-01 1.42382022e-02 1.42831297e-02 1.43264429e-02 1.43660900e-02 1.44042725e-02 
4.61612330e-01 1.42381871e-02 1.42830818e-02 1.43263018e-02 1.43659758e-02 1.44041291e-02 
4.61727757e-01 1.42381397e-02 1.42830165e-02 1.43261482e-02 1.43658484e-02 1.44039759e-02 
4.61843212e-01 1.42381045e-02 1.42829573e-02 1.43259983e-02 1.43657262e-02 1.44038262e-02 
4.61958696e-01 1.42380780e-02 1.42829038e-02 1.43258518e-02 1.43656073e-02 1.44036789e-02 
4.62074209e-01 1.42380539e-02 1.42828458e-02 1.43257099e-02 1.43654895e-02 1.44035320e-02 
4.62189750e-01 1.42380218e-02 1.42827783e-02 1.43256332e-02 1.43653684e-02 1.44033827e-02 
4.62305321e-01 1.42379932e-02 1.42827159e-02 1.43255570e-02 1.43652490e-02 1.44032344e-02 
4.62420921e-01 1.42379662e-02 1.42826530e-02 1.43254834e-02 1.43651301e-02 1.44030863e-02 
4.62536549e-01 1.42379421e-02 1.42825925e-02 1.43254106e-02 1.43650123e-02 1.44029388e-02 
4.62652206e-01 1.42379208e-02 1.42825344e-02 1.43253396e-02 1.43648958e-02 1.44027921e-02 
4.62767893e-01 1.42379126e-02 1.42824858e-02 1.43252752e-02 1.43647825e-02 1.44026492e-02 
4.62883608e-01 1.42378848e-02 1.42824235e-02 1.43252017e-02 1.43646566e-02 1.44025001e-02 
4.62999352e-01 1.42378799e-02 1.42823767e-02 1.43251394e-02 1.43645399e-02 1.44023579e-02 
4.63115125e-01 1.42378454e-02 1.42823110e-02 1.43250641e-02 1.43644112e-02 1.44022065e-02 
4.63230927e-01 1.42378314e-02 1.42822786e-02 1.43249981e-02 1.43642913e-02 1.44020613e-02 
4.63346758e-01 1.42378639e-02 1.42823690e-02 1.43249462e-02 1.43642005e-02 1.44019313e-02 
4.63462618e-01 1.42378091e-02 1.42822484e-02 1.43248442e-02 1.43640533e-02 1.44017720e-02 
4.63578507e-01 1.42377979e-02 1.42822284e-02 1.43247332e-02 1.43639338e-02 1.44016332e-02 
4.63694425e-01 1.42377965e-02 1.42822184e-02 1.43246279e-02 1.43638185e-02 1.44014969e-02 
4.63810372e-01 1.42377861e-02 1.42821851e-02 1.43245179e-02 1.43636989e-02 1.44013578e-02 
4.63926348e-01 1.42377650e-02 1.42821427e-02 1.43244055e-02 1.43635770e-02 1.44012153e-02 
4.64042353e-01 1.42378150e-02 1.42821218e-02 1.43243077e-02 1.43634679e-02 1.44010828e-02 
4.64158387e-01 1.42378533e-02 1.42820760e-02 1.43242255e-02 1.43633437e-02 1.44009392e-02 
4.64274450e-01 1.42378720e-02 1.42820462e-02 1.43241704e-02 1.43632289e-02 1.44008024e-02 
4.64390542e-01 1.42379828e-02 1.42820397e-02 1.43241309e-02 1.43631278e-02 1.44006758e-02 
4.64506663e-01 1.42380631e-02 1.42820141e-02 1.43240283e-02 1.43630141e-02 1.44005383e-02 
4.64622813e-01 1.42388461e-02 1.42829911e-02 1.43241979e-02 1.43633149e-02 1.44005577e-02 
4.64738992e-01 1.42382267e-02 1.42819817e-02 1.43238430e-02 1.43627935e-02 1.44002622e-02 
4.64855200e-01 1.42383703e-02 1.42819569e-02 1.43237361e-02 1.43626944e-02 1.44001479e-02 
4.64971437e-01 1.42385011e-02 1.42819321e-02 1.43236585e-02 1.43626048e-02 1.44000273e-02 
4.65087703e-01 1.42385428e-02 1.42818300e-02 1.43235233e-02 1.43624675e-02 1.43998742e-02 
4.65203998e-01 1.42385814e-02 1.42817408e-02 1.43233896e-02 1.43623324e-02 1.43997201e-02 
4.65320323e-01 1.42386770e-02 1.42816828e-02 1.43232880e-02 1.43622224e-02 1.43995860e-02 
4.65436676e-01 1.42388035e-02 1.42816481e-02 1.43232050e-02 1.43621274e-02 1.43994626e-02 
4.65553059e-01 1.42388852e-02 1.42815831e-02 1.43230945e-02 1.43620106e-02 1.43993228e-02 
4.65669470e-01 1.42389726e-02 1.42815216e-02 1.43229877e-02 1.43618966e-02 1.43991851e-02 
4.65785911e-01 1.42390862e-02 1.42814793e-02 1.43228965e-02 1.43617949e-02 1.43990563e-02 
4.65902381e-01 1.42391564e-02 1.42814811e-02 1.43228232e-02 1.43617028e-02 1.43989317e-02 
4.66018880e-01 1.42391511e-02 1.42814717e-02 1.43227354e-02 1.43616038e-02 1.43988060e-02 
4.66135408e-01 1.42391260e-02 1.42814455e-02 1.43226219e-02 1.43614875e-02 1.43986713e-02 
4.66251965e-01 1.42390866e-02 1.42813810e-02 1.43225180e-02 1.43613619e-02 1.43985345e-02 
4.66368552e-01 1.42473224e-02 1.42859064e-02 1.43273058e-02 1.43639714e-02 1.43996447e-02 
4.66485167e-01 1.42390466e-02 1.42812751e-02 1.43223280e-02 1.43611249e-02 1.43982715e-02 
4.66601812e-01 1.42406148e-02 1.42833915e-02 1.43240977e-02 1.43617835e-02 1.43984622e-02 
4.66718486e-01 1.42392573e-02 1.42812949e-02 1.43222518e-02 1.43609796e-02 1.43980857e-02 
4.66835189e-01 1.42390409e-02 1.42811331e-02 1.43220685e-02 1.43608022e-02 1.43978944e-02 
4.66951921e-01 1.42391969e-02 1.42816628e-02 1.43222202e-02 1.43608141e-02 1.43978190e-02 
4.67068683e-01 1.42390095e-02 1.42811368e-02 1.43218917e-02 1.43606221e-02 1.43976348e-02 
4.67185474e-01 1.42390698e-02 1.42809886e-02 1.43217941e-02 1.43605249e-02 1.43975072e-02 
4.67302293e-01 1.42393146e-02 1.42809749e-02 1.43217380e-02 1.43604580e-02 1.43974015e-02 
4.67419142e-01 1.42394077e-02 1.42808966e-02 1.43216173e-02 1.43603460e-02 1.43972537e-02 
4.67536021e-01 1.42395335e-02 1.42809404e-02 1.43216437e-02 1.43602797e-02 1.43971683e-02 
4.67652928e-01 1.42394682e-02 1.42809056e-02 1.43215843e-02 1.43601277e-02 1.43970129e-02 
4.67769865e-01 1.42394241e-02 1.42807930e-02 1.43215504e-02 1.43599861e-02 1.43968729e-02 
4.67886831e-01 1.42394661e-02 1.42807803e-02 1.43215556e-02 1.43598804e-02 1.43967581e-02 
4.68003826e-01 1.42394602e-02 1.42807378e-02 1.43215362e-02 1.43598239e-02 1.43966276e-02 
4.68120851e-01 1.42394607e-02 1.42807027e-02 1.43214235e-02 1.43597698e-02 1.43964988e-02 
4.68237904e-01 1.42394821e-02 1.42806798e-02 1.43213498e-02 1.43597250e-02 1.43963771e-02 
4.68354987e-01 1.42395113e-02 1.42806964e-02 1.43213083e-02 1.43596818e-02 1.43962580e-02 
4.68472100e-01 1.42396970e-02 1.42808265e-02 1.43213212e-02 1.43596922e-02 1.43961959e-02 
4.68589241e-01 1.42395476e-02 1.42807250e-02 1.43211937e-02 1.43595525e-02 1.43960125e-02 
4.68706412e-01 1.42397305e-02 1.42808034e-02 1.43212613e-02 1.43595619e-02 1.43959492e-02 
4.68823612e-01 1.42396086e-02 1.42806822e-02 1.43212015e-02 1.43594134e-02 1.43957748e-02 
4.68940842e-01 1.42397150e-02 1.42807081e-02 1.43212360e-02 1.43593567e-02 1.43956856e-02 
4.69058100e-01 1.42396678e-02 1.42806387e-02 1.43211907e-02 1.43592323e-02 1.43955379e-02 
4.69175388e-01 1.42396756e-02 1.42806024e-02 1.43211599e-02 1.43591314e-02 1.43954107e-02 
4.69292706e-01 1.42398141e-02 1.42806479e-02 1.43211895e-02 1.43590891e-02 1.43953354e-02 
4.69410053e-01 1.42398973e-02 1.42806644e-02 1.43211434e-02 1.43590032e-02 1.43952364e-02 
4.69527429e-01 1.42399083e-02 1.42806309e-02 1.43210429e-02 1.43588877e-02 1.43951081e-02 
4.69644834e-01 1.42398605e-02 1.42805620e-02 1.43209098e-02 1.43587468e-02 1.43949601e-02 
4.69762269e-01 1.42398489e-02 1.42805166e-02 1.43207957e-02 1.43586207e-02 1.43948247e-02 
4.69879733e-01 1.42399137e-02 1.42805195e-02 1.43207223e-02 1.43585250e-02 1.43947178e-02 
4.69997227e-01 1.42400906e-02 1.42805910e-02 1.43207671e-02 1.43584669e-02 1.43946596e-02 
4.70114750e-01 1.42400172e-02 1.42805218e-02 1.43206594e-02 1.43583236e-02 1.43944962e-02 
4.70232302e-01 1.42401328e-02 1.42806869e-02 1.43206742e-02 1.43582587e-02 1.43944075e-02 
4.70349884e-01 1.42401106e-02 1.42807518e-02 1.43206439e-02 1.43581490e-02 1.43942707e-02 
4.70467495e-01 1.42403169e-02 1.42809905e-02 1.43207107e-02 1.43581399e-02 1.43942157e-02 
4.70585135e-01 1.42401679e-02 1.42808438e-02 1.43205592e-02 1.43579733e-02 1.43940312e-02 
4.70702805e-01 1.42402476e-02 1.42808418e-02 1.43205229e-02 1.43579093e-02 1.43939300e-02 
4.70820505e-01 1.42403253e-02 1.42808572e-02 1.43205229e-02 1.43578473e-02 1.43938209e-02 
4.70938233e-01 1.42402728e-02 1.42808293e-02 1.43203918e-02 1.43577383e-02 1.43936943e-02 
4.71055992e-01 1.42403500e-02 1.42808789e-02 1.43204113e-02 1.43576801e-02 1.43935954e-02 
4.71173779e-01 1.42405609e-02 1.42810397e-02 1.43205069e-02 1.43576481e-02 1.43935272e-02 
4.71291596e-01 1.42405069e-02 1.42810414e-02 1.43204014e-02 1.43575142e-02 1.43933758e-02 
4.71409443e-01 1.42405696e-02 1.42810189e-02 1.43203302e-02 1.43574291e-02 1.43932680e-02 
4.71527319e-01 1.42408018e-02 1.42811712e-02 1.43203534e-02 1.43574201e-02 1.43932186e-02 
4.71645224e-01 1.42406920e-02 1.42809891e-02 1.43201853e-02 1.43572573e-02 1.43930388e-02 
4.71763159e-01 1.42407578e-02 1.42809727e-02 1.43201921e-02 1.43571739e-02 1.43929167e-02 
4.71881124e-01 1.42410569e-02 1.42811954e-02 1.43203177e-02 1.43571961e-02 1.43928715e-02 
4.71999118e-01 1.42408932e-02 1.42809456e-02 1.43202283e-02 1.43570083e-02 1.43926799e-02 
4.72117141e-01 1.42428969e-02 1.42837661e-02 1.43214322e-02 1.43576882e-02 1.43927835e-02 
4.72235194e-01 1.42410463e-02 1.42810416e-02 1.43202734e-02 1.43567943e-02 1.43925342e-02 
4.72353277e-01 1.42411381e-02 1.42811796e-02 1.43202580e-02 1.43566792e-02 1.43924360e-02 
4.72471389e-01 1.42412066e-02 1.42812791e-02 1.43201625e-02 1.43565384e-02 1.43923214e-02 
4.72589531e-01 1.42414387e-02 1.42813005e-02 1.43201131e-02 1.43564242e-02 1.43922283e-02 
4.72707702e-01 1.42416164e-02 1.42812784e-02 1.43200357e-02 1.43562886e-02 1.43921170e-02 
4.72825902e-01 1.42419050e-02 1.42813772e-02 1.43200885e-02 1.43561945e-02 1.43920474e-02 
4.72944133e-01 1.42420557e-02 1.42813624e-02 1.43200578e-02 1.43560502e-02 1.43919251e-02 
4.73062392e-01 1.42421548e-02 1.42813831e-02 1.43200474e-02 1.43559219e-02 1.43918182e-02 
4.73180682e-01 1.42422860e-02 1.42814335e-02 1.43200137e-02 1.43558320e-02 1.43917229e-02 
4.73299001e-01 1.42425476e-02 1.42816198e-02 1.43199641e-02 1.43558276e-02 1.43916717e-02 
4.73417349e-01 1.42425983e-02 1.42816449e-02 1.43198174e-02 1.43557153e-02 1.43915493e-02 
4.73535727e-01 1.42426963e-02 1.42816660e-02 1.43197205e-02 1.43556339e-02 1.43914429e-02 
4.73654135e-01 1.42428071e-02 1.42816503e-02 1.43196579e-02 1.43555805e-02 1.43913412e-02 
4.73772572e-01 1.42430830e-02 1.42817023e-02 1.43197135e-02 1.43556041e-02 1.43912962e-02 
4.73891039e-01 1.42430649e-02 1.42816427e-02 1.43196921e-02 1.43555183e-02 1.43911504e-02 
4.74009536e-01 1.42431775e-02 1.42816315e-02 1.43197041e-02 1.43554815e-02 1.43910492e-02 
4.74128062e-01 1.42433211e-02 1.42816558e-02 1.43197294e-02 1.43554437e-02 1.43909592e-02 
4.74246618e-01 1.42434766e-02 1.42817294e-02 1.43197688e-02 1.43554009e-02 1.43908718e-02 
4.74365204e-01 1.42435834e-02 1.42817034e-02 1.43196831e-02 1.43553360e-02 1.43907707e-02 
4.74483819e-01 1.42437723e-02 1.42817323e-02 1.43196406e-02 1.43553068e-02 1.43906965e-02 
4.74602463e-01 1.42438813e-02 1.42817318e-02 1.43195556e-02 1.43552464e-02 1.43905937e-02 
4.74721138e-01 1.42440526e-02 1.42817499e-02 1.43195007e-02 1.43552089e-02 1.43905157e-02 
4.74839842e-01 1.42442329e-02 1.42817839e-02 1.43194644e-02 1.43551772e-02 1.43904388e-02 
4.74958576e-01 1.42444118e-02 1.42819249e-02 1.43194824e-02 1.43551353e-02 1.43903603e-02 
4.75077339e-01 1.42445581e-02 1.42820561e-02 1.43194052e-02 1.43550773e-02 1.43902746e-02 
4.75196133e-01 1.42446186e-02 1.42821699e-02 1.43192727e-02 1.43549807e-02 1.43901563e-02 
4.75314955e-01 1.43545246e-02 1.44129681e-02 1.44783170e-02 1.45716623e-02 1.46718213e-02 
4.75433808e-01 1.42450124e-02 1.42825476e-02 1.43192699e-02 1.43549487e-02 1.43900171e-02 
4.75552690e-01 1.42450954e-02 1.42826469e-02 1.43192398e-02 1.43548973e-02 1.43899067e-02 
4.75671603e-01 1.42452626e-02 1.42826989e-02 1.43192271e-02 1.43548689e-02 1.43898280e-02 
4.75790544e-01 1.42454499e-02 1.42828024e-02 1.43192394e-02 1.43548511e-02 1.43897554e-02 
4.75909516e-01 1.42456488e-02 1.42829830e-02 1.43192250e-02 1.43548394e-02 1.43896855e-02 
4.76028517e-01 1.42457458e-02 1.42830876e-02 1.43191495e-02 1.43547808e-02 1.43895840e-02 
4.76147548e-01 1.42458929e-02 1.42832401e-02 1.43192053e-02 1.43547067e-02 1.43894978e-02 
4.76266609e-01 1.42460832e-02 1.42834278e-02 1.43192174e-02 1.43546509e-02 1.43894275e-02 
4.76385700e-01 1.42462293e-02 1.42835868e-02 1.43192085e-02 1.43545808e-02 1.43893415e-02 
4.76504820e-01 1.42464519e-02 1.42837385e-02 1.43192401e-02 1.43546343e-02 1.43892833e-02 
4.76623970e-01 1.42466099e-02 1.42838149e-02 1.43192604e-02 1.43546608e-02 1.43892020e-02 
4.76743150e-01 1.42468360e-02 1.42839856e-02 1.43193996e-02 1.43547070e-02 1.43891452e-02 
4.76862360e-01 1.42469565e-02 1.42841304e-02 1.43194935e-02 1.43546647e-02 1.43890504e-02 
4.76981599e-01 1.42471185e-02 1.42842861e-02 1.43195734e-02 1.43546056e-02 1.43889723e-02 
4.77100869e-01 1.42472779e-02 1.42844129e-02 1.43195545e-02 1.43545359e-02 1.43888926e-02 
4.77220168e-01 1.42474981e-02 1.42844813e-02 1.43195630e-02 1.43544900e-02 1.43888352e-02 
4.77339497e-01 1.42478775e-02 1.42846499e-02 1.43196893e-02 1.43545502e-02 1.43888351e-02 
4.77458856e-01 1.42479068e-02 1.42846506e-02 1.43195712e-02 1.43544699e-02 1.43886999e-02 
4.77578244e-01 1.42480785e-02 1.42847040e-02 1.43196032e-02 1.43544502e-02 1.43886114e-02 
4.77697663e-01 1.42483294e-02 1.42848656e-02 1.43196914e-02 1.43544710e-02 1.43885548e-02 
4.77817111e-01 1.42485628e-02 1.42849696e-02 1.43197689e-02 1.43544832e-02 1.43884913e-02 
4.77936590e-01 1.42487703e-02 1.42850051e-02 1.43197129e-02 1.43544834e-02 1.43884183e-02 
4.78056098e-01 1.42489801e-02 1.42850394e-02 1.43196399e-02 1.43544833e-02 1.43883446e-02 
4.78175636e-01 1.42492218e-02 1.42851233e-02 1.43195948e-02 1.43545012e-02 1.43882852e-02 
4.78295204e-01 1.42497098e-02 1.42855267e-02 1.43196863e-02 1.43546442e-02 1.43883248e-02 
4.78414802e-01 1.42496967e-02 1.42855127e-02 1.43195999e-02 1.43545332e-02 1.43881627e-02 
4.78534429e-01 1.42499321e-02 1.42857191e-02 1.43196809e-02 1.43545459e-02 1.43881033e-02 
4.78654087e-01 1.42501548e-02 1.42859077e-02 1.43196419e-02 1.43545302e-02 1.43880352e-02 
4.78773775e-01 1.42504665e-02 1.42860656e-02 1.43197310e-02 1.43545507e-02 1.43879848e-02 
4.78893492e-01 1.42506429e-02 1.42859338e-02 1.43196689e-02 1.43544886e-02 1.43879211e-02 
4.79013240e-01 1.42508639e-02 1.42859346e-02 1.43197386e-02 1.43544546e-02 1.43878553e-02 
4.79133017e-01 1.42511391e-02 1.42860302e-02 1.43198099e-02 1.43544391e-02 1.43878112e-02 
4.79252824e-01 1.42514658e-02 1.42862723e-02 1.43200433e-02 1.43544714e-02 1.43877645e-02 
4.79372662e-01 1.42516215e-02 1.42863805e-02 1.43199915e-02 1.43543367e-02 1.43876974e-02 
4.79492529e-01 1.42519601e-02 1.42866991e-02 1.43201319e-02 1.43543332e-02 1.43876858e-02 
4.79612426e-01 1.42520876e-02 1.42868983e-02 1.43201492e-02 1.43542271e-02 1.43875779e-02 
4.79732353e-01 1.42523643e-02 1.42870646e-02 1.43202414e-02 1.43541827e-02 1.43875274e-02 
4.79852310e-01 1.42527346e-02 1.42872142e-02 1.43202793e-02 1.43541491e-02 1.43874912e-02 
4.79972298e-01 1.42530485e-02 1.42873014e-02 1.43203958e-02 1.43540825e-02 1.43874216e-02 
4.80092315e-01 1.42533262e-02 1.42874772e-02 1.43205645e-02 1.43540768e-02 1.43873986e-02 
4.80212362e-01 1.42534076e-02 1.42875673e-02 1.43206411e-02 1.43539701e-02 1.43873318e-02 
4.80332439e-01 1.42536128e-02 1.42876854e-02 1.43208534e-02 1.43539055e-02 1.43873029e-02 
4.80452547e-01 1.42539258e-02 1.42878538e-02 1.43210448e-02 1.43539348e-02 1.43872950e-02 
4.80572684e-01 1.42590355e-02 1.42911317e-02 1.43232208e-02 1.43554116e-02 1.43881402e-02 
4.80692851e-01 1.42544561e-02 1.42881311e-02 1.43213003e-02 1.43541991e-02 1.43872654e-02 
4.80813048e-01 1.42546910e-02 1.42882370e-02 1.43212974e-02 1.43543235e-02 1.43872358e-02 
4.80933276e-01 1.42549462e-02 1.42883650e-02 1.43213056e-02 1.43543803e-02 1.43872180e-02 
4.81053533e-01 1.42551949e-02 1.42884863e-02 1.43213059e-02 1.43543951e-02 1.43871953e-02 
4.81173821e-01 1.42554752e-02 1.42886355e-02 1.43214120e-02 1.43543869e-02 1.43871857e-02 
4.81294139e-01 1.42557360e-02 1.42887693e-02 1.43215168e-02 1.43543697e-02 1.43871716e-02 
4.81414486e-01 1.42560142e-02 1.42889255e-02 1.43218414e-02 1.43543590e-02 1.43871608e-02 
4.81534864e-01 1.42562697e-02 1.42890825e-02 1.43219352e-02 1.43543751e-02 1.43871461e-02 
4.81655272e-01 1.42565573e-02 1.42892665e-02 1.43219545e-02 1.43545179e-02 1.43871412e-02 
4.81775710e-01 1.42568178e-02 1.42894018e-02 1.43219573e-02 1.43546403e-02 1.43871284e-02 
4.81896178e-01 1.42571002e-02 1.42895197e-02 1.43220713e-02 1.43547157e-02 1.43871252e-02 
4.82016676e-01 1.42574234e-02 1.42896968e-02 1.43222996e-02 1.43547942e-02 1.43871310e-02 
4.82137205e-01 1.42576602e-02 1.42898657e-02 1.43224278e-02 1.43549192e-02 1.43871155e-02 
4.82257763e-01 1.42579630e-02 1.42901230e-02 1.43224637e-02 1.43550252e-02 1.43871170e-02 
4.82378352e-01 1.42582309e-02 1.42903437e-02 1.43225464e-02 1.43552025e-02 1.43871124e-02 
4.82498971e-01 1.42585154e-02 1.42905837e-02 1.43226684e-02 1.43552362e-02 1.43871046e-02 
4.82619620e-01 1.42586709e-02 1.42907908e-02 1.43228052e-02 1.43552497e-02 1.43870445e-02 
4.82740299e-01 1.42587928e-02 1.42909335e-02 1.43229162e-02 1.43552402e-02 1.43869682e-02 
4.82861008e-01 1.42589414e-02 1.42911014e-02 1.43230083e-02 1.43552331e-02 1.43869047e-02 
4.82981748e-01 1.42590750e-02 1.42912569e-02 1.43231418e-02 1.43552137e-02 1.43869950e-02 
4.83102518e-01 1.42592301e-02 1.42914592e-02 1.43232923e-02 1.43552104e-02 1.43869564e-02 
4.83223317e-01 1.42593696e-02 1.42916458e-02 1.43235014e-02 1.43551964e-02 1.43869096e-02 
4.83344148e-01 1.42595259e-02 1.42918112e-02 1.43236993e-02 1.43551845e-02 1.43868726e-02 
4.83465008e-01 1.42596640e-02 1.42919068e-02 1.43237694e-02 1.43552633e-02 1.43868244e-02 
4.83585898e-01 1.42598201e-02 1.42920647e-02 1.43238815e-02 1.43552984e-02 1.43867857e-02 
4.83706819e-01 1.42599943e-02 1.42923072e-02 1.43240417e-02 1.43553304e-02 1.43867615e-02 
4.83827770e-01 1.42601127e-02 1.42924921e-02 1.43241065e-02 1.43553193e-02 1.43867019e-02 
4.83948751e-01 1.42602896e-02 1.42927344e-02 1.43242083e-02 1.43553219e-02 1.43866765e-02 
4.84069763e-01 1.42604805e-02 1.42929275e-02 1.43242806e-02 1.43553269e-02 1.43866558e-02 
4.84190805e-01 1.42607060e-02 1.42931921e-02 1.43243348e-02 1.43553577e-02 1.43865999e-02 
4.84311877e-01 1.42609711e-02 1.42934773e-02 1.43246068e-02 1.43553786e-02 1.43865626e-02 
4.84432979e-01 1.42612857e-02 1.42936674e-02 1.43247365e-02 1.43554327e-02 1.43865462e-02 
4.84554112e-01 1.42615062e-02 1.42938403e-02 1.43248628e-02 1.43554792e-02 1.43864911e-02 
4.84675274e-01 1.42618038e-02 1.42940766e-02 1.43250840e-02 1.43555909e-02 1.43864633e-02 
4.84796468e-01 1.42621447e-02 1.42943018e-02 1.43251844e-02 1.43556965e-02 1.43864295e-02 
4.84917691e-01 1.42624790e-02 1.42945279e-02 1.43252830e-02 1.43558110e-02 1.43863962e-02 
4.85038945e-01 1.42629443e-02 1.42947965e-02 1.43254657e-02 1.43559749e-02 1.43863764e-02 
4.85160229e-01 1.42630664e-02 1.42949577e-02 1.43255644e-02 1.43559766e-02 1.43862594e-02 
4.85281543e-01 1.42633588e-02 1.42951632e-02 1.43257809e-02 1.43560430e-02 1.43862526e-02 
4.85402888e-01 1.42636868e-02 1.42954176e-02 1.43259708e-02 1.43561276e-02 1.43862612e-02 
4.85524263e-01 1.42640092e-02 1.42956817e-02 1.43261687e-02 1.43562467e-02 1.43862682e-02 
4.85645669e-01 1.42642992e-02 1.42959343e-02 1.43262758e-02 1.43563861e-02 1.43862608e-02 
4.85767105e-01 1.42646437e-02 1.42962714e-02 1.43263540e-02 1.43565141e-02 1.43862748e-02 
4.85888571e-01 1.42650077e-02 1.42964233e-02 1.43264519e-02 1.43565318e-02 1.43862980e-02 
4.86010067e-01 1.42652318e-02 1.42965876e-02 1.43265117e-02 1.43565476e-02 1.43862721e-02 
4.86131594e-01 1.42655371e-02 1.42968264e-02 1.43266793e-02 1.43565986e-02 1.43862746e-02 
4.86253152e-01 1.42658229e-02 1.42970693e-02 1.43268656e-02 1.43566000e-02 1.43862684e-02 
4.86374739e-01 1.42661531e-02 1.42973123e-02 1.43270103e-02 1.43566253e-02 1.43862897e-02 
4.86496357e-01 1.42665135e-02 1.42976698e-02 1.43271415e-02 1.43568897e-02 1.43864300e-02 
4.86618006e-01 1.42668230e-02 1.42978241e-02 1.43271248e-02 1.43569031e-02 1.43865070e-02 
4.86739685e-01 1.42671225e-02 1.42980453e-02 1.43272347e-02 1.43569915e-02 1.43866015e-02 
4.86861394e-01 1.42674881e-02 1.42982811e-02 1.43273767e-02 1.43570986e-02 1.43867240e-02 
4.86983134e-01 1.42678057e-02 1.42984023e-02 1.43274644e-02 1.43571868e-02 1.43868302e-02 
4.87104904e-01 1.42686325e-02 1.42993449e-02 1.43285861e-02 1.43578127e-02 1.43873658e-02 
4.87226705e-01 1.42681065e-02 1.42986312e-02 1.43277420e-02 1.43574705e-02 1.43870256e-02 
4.87348536e-01 1.42682597e-02 1.42988447e-02 1.43279787e-02 1.43576054e-02 1.43871336e-02 
4.87470398e-01 1.42685304e-02 1.42990714e-02 1.43282175e-02 1.43576867e-02 1.43872509e-02 
4.87592290e-01 1.42687908e-02 1.42992903e-02 1.43283981e-02 1.43577709e-02 1.43872835e-02 
4.87714213e-01 1.42690052e-02 1.42995214e-02 1.43286345e-02 1.43579112e-02 1.43873024e-02 
4.87836166e-01 1.42692060e-02 1.42997430e-02 1.43288016e-02 1.43580423e-02 1.43873167e-02 
4.87958149e-01 1.42694008e-02 1.42999763e-02 1.43289635e-02 1.43581792e-02 1.43873376e-02 
4.88080163e-01 1.42696134e-02 1.43001911e-02 1.43291468e-02 1.43582761e-02 1.43874445e-02 
4.88202208e-01 1.42698122e-02 1.43003944e-02 1.43293580e-02 1.43583780e-02 1.43876028e-02 
4.88324283e-01 1.42700284e-02 1.43006254e-02 1.43296109e-02 1.43584758e-02 1.43877660e-02 
4.88446388e-01 1.42704360e-02 1.43009032e-02 1.43297663e-02 1.43585598e-02 1.43877852e-02 
4.88568525e-01 1.42708551e-02 1.43011697e-02 1.43300121e-02 1.43586899e-02 1.43877876e-02 
4.88690691e-01 1.42712484e-02 1.43014391e-02 1.43301111e-02 1.43588138e-02 1.43877778e-02 
4.88812888e-01 1.42716523e-02 1.43016162e-02 1.43302122e-02 1.43589089e-02 1.43877734e-02 
4.88935116e-01 1.42720499e-02 1.43019238e-02 1.43303154e-02 1.43591129e-02 1.43877690e-02 
4.89057375e-01 1.42724585e-02 1.43022119e-02 1.43304438e-02 1.43593107e-02 1.43877688e-02 
4.89179664e-01 1.42728408e-02 1.43025380e-02 1.43307032e-02 1.43594553e-02 1.43877750e-02 
4.89301983e-01 1.42731754e-02 1.43027727e-02 1.43308669e-02 1.43595168e-02 1.43877736e-02 
4.89424333e-01 1.42735226e-02 1.43030088e-02 1.43310321e-02 1.43595735e-02 1.43877687e-02 
4.89546714e-01 1.42738949e-02 1.43032890e-02 1.43312461e-02 1.43596451e-02 1.43877771e-02 
4.89669125e-01 1.42742732e-02 1.43036316e-02 1.43314461e-02 1.43597827e-02 1.43878100e-02 
4.89791567e-01 1.42746011e-02 1.43038714e-02 1.43315765e-02 1.43598815e-02 1.43879474e-02 
4.89914039e-01 1.42750096e-02 1.43041533e-02 1.43317218e-02 1.43600517e-02 1.43881109e-02 
4.90036543e-01 1.42753540e-02 1.43043926e-02 1.43318300e-02 1.43601573e-02 1.43882539e-02 
4.90159076e-01 1.42757489e-02 1.43046675e-02 1.43319692e-02 1.43603048e-02 1.43884176e-02 
4.90281641e-01 1.42760950e-02 1.43049242e-02 1.43320813e-02 1.43604394e-02 1.43885663e-02 
4.90404236e-01 1.42764331e-02 1.43051732e-02 1.43321912e-02 1.43605008e-02 1.43887086e-02 
4.90526861e-01 1.42768440e-02 1.43054843e-02 1.43324594e-02 1.43605943e-02 1.43888173e-02 
4.90649518e-01 1.42771751e-02 1.43057268e-02 1.43325459e-02 1.43606490e-02 1.43889229e-02 
4.90772205e-01 1.42775624e-02 1.43059509e-02 1.43326614e-02 1.43607340e-02 1.43889916e-02 
4.90894923e-01 1.42779192e-02 1.43061032e-02 1.43327970e-02 1.43608350e-02 1.43890861e-02 
4.91017671e-01 1.42782763e-02 1.43062771e-02 1.43329765e-02 1.43609758e-02 1.43891103e-02 
4.91140450e-01 1.42785068e-02 1.43064816e-02 1.43331738e-02 1.43611040e-02 1.43891006e-02 
4.91263260e-01 1.42787484e-02 1.43067854e-02 1.43333629e-02 1.43613499e-02 1.43890968e-02 
4.91386100e-01 1.42790530e-02 1.43071061e-02 1.43335899e-02 1.43615401e-02 1.43891055e-02 
4.91508972e-01 1.42793171e-02 1.43073050e-02 1.43337629e-02 1.43616028e-02 1.43890641e-02 
4.91631873e-01 1.42796912e-02 1.43075264e-02 1.43340124e-02 1.43617087e-02 1.43890722e-02 
4.91754806e-01 1.42801563e-02 1.43078647e-02 1.43343339e-02 1.43619609e-02 1.43891616e-02 
4.91877770e-01 1.42802478e-02 1.43079633e-02 1.43342955e-02 1.43620971e-02 1.43893369e-02 
4.92000764e-01 1.42805488e-02 1.43082666e-02 1.43345062e-02 1.43623328e-02 1.43895810e-02 
4.92123789e-01 1.42807625e-02 1.43084543e-02 1.43346812e-02 1.43625191e-02 1.43897971e-02 
4.92246844e-01 1.42810200e-02 1.43086610e-02 1.43348774e-02 1.43627335e-02 1.43900293e-02 
4.92369931e-01 1.42812896e-02 1.43088616e-02 1.43352765e-02 1.43629095e-02 1.43902656e-02 
4.92493048e-01 1.42815483e-02 1.43090458e-02 1.43354186e-02 1.43632248e-02 1.43904913e-02 
4.92616196e-01 1.42818048e-02 1.43092867e-02 1.43356180e-02 1.43634805e-02 1.43905287e-02 
4.92739375e-01 1.42820812e-02 1.43095534e-02 1.43359057e-02 1.43636178e-02 1.43905707e-02 
4.92862584e-01 1.42825475e-02 1.43098370e-02 1.43362015e-02 1.43637584e-02 1.43906176e-02 
4.92985825e-01 1.42829889e-02 1.43101093e-02 1.43364839e-02 1.43639180e-02 1.43906551e-02 
4.93109096e-01 1.42834538e-02 1.43103876e-02 1.43366301e-02 1.43640954e-02 1.43907033e-02 
4.93232398e-01 1.42839110e-02 1.43106000e-02 1.43367307e-02 1.43643637e-02 1.43907479e-02 
4.93355731e-01 1.42843546e-02 1.43108979e-02 1.43370334e-02 1.43645899e-02 1.43907885e-02 
4.93479095e-01 1.42847313e-02 1.43112613e-02 1.43373246e-02 1.43647850e-02 1.43908461e-02 
4.93602489e-01 1.42849288e-02 1.43115812e-02 1.43375028e-02 1.43649350e-02 1.43908911e-02 
4.93725915e-01 1.42851588e-02 1.43118083e-02 1.43377382e-02 1.43650865e-02 1.43909501e-02 
4.93849371e-01 1.42853787e-02 1.43120414e-02 1.43379913e-02 1.43652382e-02 1.43910083e-02 
4.93972858e-01 1.42856658e-02 1.43122771e-02 1.43381874e-02 1.43654153e-02 1.43910892e-02 
4.94096376e-01 1.42859047e-02 1.43125668e-02 1.43383944e-02 1.43655586e-02 1.43911496e-02 
4.94219925e-01 1.42860057e-02 1.43127851e-02 1.43386540e-02 1.43656747e-02 1.43911693e-02 
4.94343505e-01 1.42864536e-02 1.43135881e-02 1.43395022e-02 1.43660901e-02 1.43916508e-02 
4.94467116e-01 1.42865787e-02 1.43134001e-02 1.43393019e-02 1.43660987e-02 1.43914517e-02 
4.94590757e-01 1.42869707e-02 1.43136402e-02 1.43395109e-02 1.43662250e-02 1.43915810e-02 
4.94714430e-01 1.42873267e-02 1.43139268e-02 1.43397490e-02 1.43662995e-02 1.43916352e-02 
4.94838133e-01 1.42877441e-02 1.43142903e-02 1.43400397e-02 1.43664410e-02 1.43917109e-02 
4.94961868e-01 1.42881157e-02 1.43145948e-02 1.43402539e-02 1.43665883e-02 1.43917758e-02 
4.95085633e-01 1.42883483e-02 1.43148775e-02 1.43404377e-02 1.43667767e-02 1.43918580e-02 
4.95209429e-01 1.42889717e-02 1.43153544e-02 1.43406950e-02 1.43671372e-02 1.43922869e-02 
4.95333256e-01 1.42888296e-02 1.43154544e-02 1.43409042e-02 1.43671517e-02 1.43922747e-02 
4.95457115e-01 1.42890799e-02 1.43157610e-02 1.43411324e-02 1.43673761e-02 1.43924887e-02 
4.95581004e-01 1.42893279e-02 1.43160735e-02 1.43413618e-02 1.43675480e-02 1.43927012e-02 
4.95704924e-01 1.42895656e-02 1.43163586e-02 1.43415724e-02 1.43677562e-02 1.43929121e-02 
4.95828875e-01 1.42898300e-02 1.43166383e-02 1.43417238e-02 1.43679654e-02 1.43930641e-02 
4.95952857e-01 1.42900981e-02 1.43170095e-02 1.43420446e-02 1.43681672e-02 1.43932920e-02 
4.96076870e-01 1.42902994e-02 1.43172228e-02 1.43421403e-02 1.43683016e-02 1.43934998e-02 
4.96200915e-01 1.42906114e-02 1.43175406e-02 1.43424702e-02 1.43685290e-02 1.43937497e-02 
4.96324990e-01 1.42908003e-02 1.43177081e-02 1.43426749e-02 1.43686521e-02 1.43939548e-02 
4.96449096e-01 1.42910548e-02 1.43180318e-02 1.43429122e-02 1.43688302e-02 1.43940765e-02 
4.96573233e-01 1.42913307e-02 1.43183137e-02 1.43430940e-02 1.43690106e-02 1.43941766e-02 
4.96697401e-01 1.42916109e-02 1.43185496e-02 1.43432274e-02 1.43692053e-02 1.43942782e-02 
4.96821601e-01 1.42918204e-02 1.43187881e-02 1.43434665e-02 1.43693823e-02 1.43943480e-02 
4.96945831e-01 1.42920784e-02 1.43190776e-02 1.43436686e-02 1.43695876e-02 1.43944412e-02 
4.97070092e-01 1.42923793e-02 1.43194044e-02 1.43439792e-02 1.43698314e-02 1.43945574e-02 
4.97194385e-01 1.42926153e-02 1.43196787e-02 1.43441696e-02 1.43700294e-02 1.43946406e-02 
4.97318709e-01 1.42928457e-02 1.43199486e-02 1.43444110e-02 1.43702249e-02 1.43947215e-02 
4.97443063e-01 1.42931060e-02 1.43202428e-02 1.43446781e-02 1.43704420e-02 1.43948185e-02 
4.97567449e-01 1.42935044e-02 1.43206516e-02 1.43450606e-02 1.43707544e-02 1.43951189e-02 
4.97691866e-01 1.42937421e-02 1.43208833e-02 1.43452614e-02 1.43709573e-02 1.43953372e-02 
4.97816314e-01 1.42939004e-02 1.43210188e-02 1.43454323e-02 1.43711022e-02 1.43955059e-02 
4.97940793e-01 1.42943347e-02 1.43213380e-02 1.43457589e-02 1.43714678e-02 1.43958501e-02 
4.98065303e-01 1.42945418e-02 1.43215836e-02 1.43459592e-02 1.43715957e-02 1.43960381e-02 
4.98189844e-01 1.42948246e-02 1.43218112e-02 1.43461622e-02 1.43717224e-02 1.43962228e-02 
4.98314417e-01 1.42954015e-02 1.43222880e-02 1.43467230e-02 1.43720844e-02 1.43966094e-02 
4.98439021e-01 1.42978990e-02 1.43243741e-02 1.43484993e-02 1.43745101e-02 1.43980681e-02 
4.98563655e-01 1.42957903e-02 1.43226189e-02 1.43470920e-02 1.43723324e-02 1.43969556e-02 
4.98688321e-01 1.42960803e-02 1.43228572e-02 1.43473145e-02 1.43724898e-02 1.43971636e-02 
4.98813018e-01 1.42963914e-02 1.43231516e-02 1.43475183e-02 1.43726793e-02 1.43973976e-02 
4.98937747e-01 1.42967338e-02 1.43235124e-02 1.43477450e-02 1.43728892e-02 1.43976495e-02 
4.99062506e-01 1.42970515e-02 1.43238538e-02 1.43480964e-02 1.43730909e-02 1.43978904e-02 
4.99187297e-01 1.42974118e-02 1.43242288e-02 1.43484673e-02 1.43733283e-02 1.43981513e-02 
4.99312119e-01 1.42976853e-02 1.43244824e-02 1.43487870e-02 1.43735664e-02 1.43983765e-02 
4.99436972e-01 1.42980193e-02 1.43247618e-02 1.43490486e-02 1.43738498e-02 1.43986268e-02 
4.99561856e-01 1.42983411e-02 1.43250429e-02 1.43492886e-02 1.43741229e-02 1.43988757e-02 
4.99686772e-01 1.42986854e-02 1.43253302e-02 1.43495366e-02 1.43744263e-02 1.43991323e-02 
4.99811719e-01 1.42990040e-02 1.43256130e-02 1.43497450e-02 1.43747460e-02 1.43993808e-02 
4.99936697e-01 1.42993496e-02 1.43259333e-02 1.43499399e-02 1.43749986e-02 1.43996378e-02 
5.00061706e-01 1.42996360e-02 1.43262731e-02 1.43501783e-02 1.43752638e-02 1.43998730e-02 
5.00186747e-01 1.42999736e-02 1.43266512e-02 1.43505144e-02 1.43755083e-02 1.44001314e-02 
5.00311818e-01 1.43002920e-02 1.43270151e-02 1.43507314e-02 1.43758161e-02 1.44003802e-02 
5.00436922e-01 1.43006562e-02 1.43274342e-02 1.43510008e-02 1.43761295e-02 1.44006520e-02 
5.00562056e-01 1.43009872e-02 1.43278303e-02 1.43513358e-02 1.43763232e-02 1.44009064e-02 
5.00687222e-01 1.43013598e-02 1.43282612e-02 1.43515955e-02 1.43765438e-02 1.44011866e-02 
5.00812419e-01 1.43016993e-02 1.43286064e-02 1.43519977e-02 1.43767700e-02 1.44014436e-02 
5.00937647e-01 1.43021009e-02 1.43289653e-02 1.43522206e-02 1.43772049e-02 1.44017122e-02 
5.01062906e-01 1.43023350e-02 1.43291788e-02 1.43523676e-02 1.43775069e-02 1.44017747e-02 
5.01188197e-01 1.43027853e-02 1.43295154e-02 1.43527114e-02 1.43779457e-02 1.44019101e-02 
5.01313520e-01 1.43029827e-02 1.43296946e-02 1.43528633e-02 1.43781879e-02 1.44019690e-02 
5.01438873e-01 1.43033419e-02 1.43299647e-02 1.43531866e-02 1.43784934e-02 1.44022262e-02 
5.01564258e-01 1.43037920e-02 1.43303328e-02 1.43536344e-02 1.43788568e-02 1.44026551e-02 
5.01689674e-01 1.43040276e-02 1.43305491e-02 1.43538543e-02 1.43790763e-02 1.44029986e-02 
5.01815122e-01 1.43043521e-02 1.43308504e-02 1.43541251e-02 1.43793154e-02 1.44032406e-02 
5.01940601e-01 1.43050819e-02 1.43314812e-02 1.43546970e-02 1.43798650e-02 1.44036359e-02 
5.02066111e-01 1.43059172e-02 1.43319671e-02 1.43551495e-02 1.43802790e-02 1.44038907e-02 
5.02191653e-01 1.43053915e-02 1.43318195e-02 1.43550038e-02 1.43801496e-02 1.44038580e-02 
5.02317226e-01 1.43057110e-02 1.43321276e-02 1.43553250e-02 1.43802917e-02 1.44040568e-02 
5.02442831e-01 1.43060906e-02 1.43324795e-02 1.43556260e-02 1.43804882e-02 1.44041636e-02 
5.02568467e-01 1.43066829e-02 1.43329682e-02 1.43560330e-02 1.43808818e-02 1.44044032e-02 
5.02694134e-01 1.43068259e-02 1.43331365e-02 1.43562257e-02 1.43811277e-02 1.44046311e-02 
5.02819833e-01 1.43071174e-02 1.43334639e-02 1.43563904e-02 1.43812797e-02 1.44049049e-02 
5.02945563e-01 1.43074937e-02 1.43337356e-02 1.43566669e-02 1.43814610e-02 1.44052352e-02 
5.03071325e-01 1.43080212e-02 1.43340764e-02 1.43570475e-02 1.43817594e-02 1.44056372e-02 
5.03197118e-01 1.43082616e-02 1.43341952e-02 1.43572220e-02 1.43818980e-02 1.44057302e-02 
5.03322942e-01 1.43092807e-02 1.43350119e-02 1.43580657e-02 1.43825329e-02 1.44062237e-02 
5.03448798e-01 1.43107596e-02 1.43371620e-02 1.43596624e-02 1.43839534e-02 1.44072045e-02 
5.03574686e-01 1.43103685e-02 1.43360608e-02 1.43589288e-02 1.43833433e-02 1.44067196e-02 
5.03700605e-01 1.43100904e-02 1.43357547e-02 1.43586485e-02 1.43833381e-02 1.44065746e-02 
5.03826555e-01 1.43097793e-02 1.43356674e-02 1.43587547e-02 1.43834122e-02 1.44066369e-02 
5.03952537e-01 1.43102236e-02 1.43360042e-02 1.43591098e-02 1.43836668e-02 1.44068275e-02 
5.04078551e-01 1.43119569e-02 1.43376370e-02 1.43603353e-02 1.43847621e-02 1.44076945e-02 
5.04204596e-01 1.43114428e-02 1.43370876e-02 1.43600289e-02 1.43845626e-02 1.44075531e-02 
5.04330672e-01 1.43134521e-02 1.43389086e-02 1.43614526e-02 1.43856759e-02 1.44086297e-02 
5.04456780e-01 1.43117389e-02 1.43374141e-02 1.43604625e-02 1.43847332e-02 1.44079820e-02 
5.04582920e-01 1.43121299e-02 1.43377651e-02 1.43607919e-02 1.43849911e-02 1.44083099e-02 
5.04709091e-01 1.43125127e-02 1.43380968e-02 1.43611720e-02 1.43853461e-02 1.44086256e-02 
5.04835293e-01 1.43128397e-02 1.43383974e-02 1.43614985e-02 1.43856648e-02 1.44089267e-02 
5.04961528e-01 1.43131954e-02 1.43387571e-02 1.43618398e-02 1.43858866e-02 1.44092388e-02 
5.05087793e-01 1.43136557e-02 1.43392157e-02 1.43622789e-02 1.43861918e-02 1.44095866e-02 
5.05214091e-01 1.43138394e-02 1.43394853e-02 1.43625778e-02 1.43864631e-02 1.44098555e-02 
5.05340420e-01 1.43141571e-02 1.43398949e-02 1.43628684e-02 1.43868145e-02 1.44101826e-02 
5.05466780e-01 1.43144427e-02 1.43402743e-02 1.43632449e-02 1.43870969e-02 1.44104970e-02 
5.05593172e-01 1.43148179e-02 1.43407307e-02 1.43636610e-02 1.43874777e-02 1.44108446e-02 
5.05719596e-01 1.43153926e-02 1.43412280e-02 1.43640949e-02 1.43880900e-02 1.44113359e-02 
5.05846051e-01 1.43153888e-02 1.43413089e-02 1.43642656e-02 1.43882993e-02 1.44117339e-02 
5.05972538e-01 1.43156650e-02 1.43415984e-02 1.43645553e-02 1.43886408e-02 1.44121022e-02 
5.06099057e-01 1.43159693e-02 1.43419341e-02 1.43648041e-02 1.43889365e-02 1.44123322e-02 
5.06225607e-01 1.43163148e-02 1.43422310e-02 1.43651378e-02 1.43893084e-02 1.44126396e-02 
5.06352189e-01 1.43168659e-02 1.43426327e-02 1.43654847e-02 1.43897413e-02 1.44130905e-02 
5.06478802e-01 1.43170597e-02 1.43427117e-02 1.43656899e-02 1.43900067e-02 1.44134158e-02 
5.06605447e-01 1.43174650e-02 1.43430001e-02 1.43660983e-02 1.43903820e-02 1.44138298e-02 
5.06732124e-01 1.43179039e-02 1.43435049e-02 1.43665940e-02 1.43908565e-02 1.44142965e-02 
5.06858833e-01 1.43215251e-02 1.43469816e-02 1.43696390e-02 1.43933641e-02 1.44168239e-02 
5.06985573e-01 1.43182783e-02 1.43440624e-02 1.43672282e-02 1.43912563e-02 1.44150167e-02 
5.07112345e-01 1.43185138e-02 1.43443062e-02 1.43674061e-02 1.43915185e-02 1.44153947e-02 
5.07239148e-01 1.43188211e-02 1.43446188e-02 1.43677526e-02 1.43918472e-02 1.44158103e-02 
5.07365984e-01 1.43192377e-02 1.43450311e-02 1.43682933e-02 1.43923077e-02 1.44162751e-02 
5.07492851e-01 1.43193473e-02 1.43452055e-02 1.43684356e-02 1.43924631e-02 1.44165966e-02 
5.07619749e-01 1.43197108e-02 1.43455843e-02 1.43688214e-02 1.43928562e-02 1.44169509e-02 
5.07746680e-01 1.43213597e-02 1.43467577e-02 1.43699558e-02 1.43938093e-02 1.44177986e-02 
5.07873642e-01 1.43203512e-02 1.43461907e-02 1.43695352e-02 1.43933947e-02 1.44175612e-02 
5.08000636e-01 1.43208096e-02 1.43464693e-02 1.43699085e-02 1.43936971e-02 1.44178802e-02 
5.08127662e-01 1.43214169e-02 1.43469195e-02 1.43704091e-02 1.43940798e-02 1.44183155e-02 
5.08254719e-01 1.43217234e-02 1.43472578e-02 1.43706614e-02 1.43943811e-02 1.44186744e-02 
5.08381808e-01 1.43221053e-02 1.43476351e-02 1.43710298e-02 1.43947712e-02 1.44188385e-02 
5.08508929e-01 1.43224045e-02 1.43480228e-02 1.43712563e-02 1.43951667e-02 1.44191508e-02 
5.08636082e-01 1.43230173e-02 1.43486434e-02 1.43719529e-02 1.43958279e-02 1.44196886e-02 
5.08763267e-01 1.43230330e-02 1.43488033e-02 1.43719767e-02 1.43958705e-02 1.44197984e-02 
5.08890483e-01 1.43232986e-02 1.43491304e-02 1.43723869e-02 1.43962359e-02 1.44200934e-02 
5.09017731e-01 1.43237414e-02 1.43496545e-02 1.43728307e-02 1.43967098e-02 1.44204983e-02 
5.09145011e-01 1.43239349e-02 1.43499534e-02 1.43730748e-02 1.43969196e-02 1.44207585e-02 
5.09272323e-01 1.43242526e-02 1.43504037e-02 1.43734291e-02 1.43973051e-02 1.44211673e-02 
5.09399667e-01 1.43245741e-02 1.43508492e-02 1.43737729e-02 1.43977194e-02 1.44215739e-02 
5.09527042e-01 1.43249438e-02 1.43512573e-02 1.43741393e-02 1.43981666e-02 1.44220107e-02 
5.09654449e-01 1.43251953e-02 1.43515625e-02 1.43745188e-02 1.43985381e-02 1.44223825e-02 
5.09781889e-01 1.43255280e-02 1.43519528e-02 1.43749681e-02 1.43988778e-02 1.44227951e-02 
5.09909360e-01 1.43258585e-02 1.43523751e-02 1.43752284e-02 1.43990961e-02 1.44231994e-02 
5.10036863e-01 1.43262875e-02 1.43529125e-02 1.43757307e-02 1.43994319e-02 1.44236323e-02 
5.10164398e-01 1.43265714e-02 1.43532021e-02 1.43762038e-02 1.43997938e-02 1.44240793e-02 
5.10291964e-01 1.43268544e-02 1.43535842e-02 1.43765828e-02 1.44000667e-02 1.44244718e-02 
5.10419563e-01 1.43271197e-02 1.43540075e-02 1.43768500e-02 1.44003005e-02 1.44248434e-02 
5.10547193e-01 1.43275313e-02 1.43544406e-02 1.43772413e-02 1.44006740e-02 1.44253111e-02 
5.10674856e-01 1.43278056e-02 1.43547700e-02 1.43775193e-02 1.44010005e-02 1.44256941e-02 
5.10802550e-01 1.43282191e-02 1.43552145e-02 1.43779061e-02 1.44014327e-02 1.44261547e-02 
5.10930277e-01 1.43284310e-02 1.43554902e-02 1.43781386e-02 1.44017461e-02 1.44265063e-02 
5.11058035e-01 1.43288051e-02 1.43559363e-02 1.43784518e-02 1.44021393e-02 1.44269163e-02 
5.11185825e-01 1.43295562e-02 1.43564835e-02 1.43790250e-02 1.44026248e-02 1.44274423e-02 
5.11313647e-01 1.43298256e-02 1.43567837e-02 1.43791661e-02 1.44028273e-02 1.44277661e-02 
5.11441501e-01 1.43302444e-02 1.43571554e-02 1.43796347e-02 1.44030818e-02 1.44281665e-02 
5.11569387e-01 1.43306626e-02 1.43574999e-02 1.43800970e-02 1.44033292e-02 1.44284832e-02 
5.11697305e-01 1.43311536e-02 1.43579165e-02 1.43805955e-02 1.44036749e-02 1.44288101e-02 
5.11825255e-01 1.43317528e-02 1.43583422e-02 1.43810123e-02 1.44041288e-02 1.44291893e-02 
5.11953237e-01 1.43321124e-02 1.43585667e-02 1.43812299e-02 1.44044196e-02 1.44294603e-02 
5.12081252e-01 1.43326975e-02 1.43590452e-02 1.43816260e-02 1.44048531e-02 1.44298469e-02 
5.12209298e-01 1.43330821e-02 1.43593725e-02 1.43818700e-02 1.44051766e-02 1.44301570e-02 
5.12337376e-01 1.43335754e-02 1.43597893e-02 1.43822034e-02 1.44055843e-02 1.44305116e-02 
5.12465486e-01 1.43339711e-02 1.43601774e-02 1.43826657e-02 1.44059921e-02 1.44308624e-02 
5.12593628e-01 1.43343039e-02 1.43604671e-02 1.43830415e-02 1.44063734e-02 1.44311940e-02 
5.12721802e-01 1.43346438e-02 1.43607956e-02 1.43833492e-02 1.44066913e-02 1.44315286e-02 
5.12850008e-01 1.43350407e-02 1.43611361e-02 1.43837587e-02 1.44069537e-02 1.44318868e-02 
5.12978246e-01 1.43355481e-02 1.43614981e-02 1.43843162e-02 1.44073071e-02 1.44322656e-02 
5.13106517e-01 1.43359065e-02 1.43617727e-02 1.43845862e-02 1.44076034e-02 1.44325974e-02 
5.13234819e-01 1.43364113e-02 1.43620944e-02 1.43849307e-02 1.44079443e-02 1.44329704e-02 
5.13363154e-01 1.43372436e-02 1.43626609e-02 1.43854761e-02 1.44084934e-02 1.44334468e-02 
5.13491520e-01 1.43373969e-02 1.43627199e-02 1.43855934e-02 1.44086737e-02 1.44336993e-02 
5.13619919e-01 1.43376725e-02 1.43629445e-02 1.43858012e-02 1.44089254e-02 1.44339951e-02 
5.13748350e-01 1.43381947e-02 1.43633638e-02 1.43861641e-02 1.44093065e-02 1.44343786e-02 
5.13876813e-01 1.43385930e-02 1.43636380e-02 1.43864670e-02 1.44095824e-02 1.44347155e-02 
5.14005308e-01 1.43394170e-02 1.43642126e-02 1.43871343e-02 1.44100555e-02 1.44353043e-02 
5.14133835e-01 1.43395487e-02 1.43643526e-02 1.43873073e-02 1.44102921e-02 1.44356182e-02 
5.14262394e-01 1.43399362e-02 1.43647060e-02 1.43875894e-02 1.44106646e-02 1.44360670e-02 
5.14390986e-01 1.43404830e-02 1.43651586e-02 1.43879629e-02 1.44111086e-02 1.44365940e-02 
5.14519609e-01 1.43411706e-02 1.43657096e-02 1.43884838e-02 1.44116330e-02 1.44371959e-02 
5.14648265e-01 1.43413442e-02 1.43658903e-02 1.43886800e-02 1.44118875e-02 1.44375390e-02 
5.14776953e-01 1.43417427e-02 1.43662293e-02 1.43889831e-02 1.44122119e-02 1.44379898e-02 
5.14905673e-01 1.43422197e-02 1.43665945e-02 1.43893343e-02 1.44126957e-02 1.44384853e-02 
5.15034425e-01 1.43428774e-02 1.43677275e-02 1.43907072e-02 1.44135858e-02 1.44392873e-02 
5.15163210e-01 1.43449064e-02 1.43683823e-02 1.43912899e-02 1.44141558e-02 1.44400407e-02 
5.15292026e-01 1.43435830e-02 1.43677547e-02 1.43905729e-02 1.44138212e-02 1.44398163e-02 
5.15420875e-01 1.43441162e-02 1.43682410e-02 1.43910877e-02 1.44142729e-02 1.44402060e-02 
5.15549756e-01 1.43445435e-02 1.43686243e-02 1.43915342e-02 1.44146998e-02 1.44405454e-02 
5.15678670e-01 1.43449517e-02 1.43689971e-02 1.43918918e-02 1.44151079e-02 1.44408754e-02 
5.15807615e-01 1.43454881e-02 1.43694858e-02 1.43922687e-02 1.44155368e-02 1.44412666e-02 
5.15936593e-01 1.43458812e-02 1.43697921e-02 1.43926793e-02 1.44157531e-02 1.44415917e-02 
5.16065603e-01 1.43463305e-02 1.43701798e-02 1.43930369e-02 1.44160238e-02 1.44419437e-02 
5.16194646e-01 1.43468079e-02 1.43705617e-02 1.43934310e-02 1.44163741e-02 1.44423090e-02 
5.16323720e-01 1.43472538e-02 1.43709732e-02 1.43937794e-02 1.44168058e-02 1.44426608e-02 
5.16452827e-01 1.43479651e-02 1.43715247e-02 1.43942471e-02 1.44173378e-02 1.44431297e-02 
5.16581966e-01 1.43485370e-02 1.43719474e-02 1.43947478e-02 1.44178457e-02 1.44435477e-02 
5.16711138e-01 1.43495294e-02 1.43726281e-02 1.43954844e-02 1.44185435e-02 1.44441300e-02 
5.16840341e-01 1.43491080e-02 1.43724690e-02 1.43953423e-02 1.44185769e-02 1.44441039e-02 
5.16969577e-01 1.43495651e-02 1.43728798e-02 1.43957741e-02 1.44190237e-02 1.44444625e-02 
5.17098846e-01 1.43500807e-02 1.43732836e-02 1.43962413e-02 1.44194921e-02 1.44448504e-02 
5.17228146e-01 1.43505105e-02 1.43735759e-02 1.43966441e-02 1.44199012e-02 1.44451969e-02 
5.17357480e-01 1.43510403e-02 1.43739177e-02 1.43970289e-02 1.44203414e-02 1.44455911e-02 
5.17486845e-01 1.43514327e-02 1.43742046e-02 1.43972911e-02 1.44206816e-02 1.44459224e-02 
5.17616243e-01 1.43531132e-02 1.43754710e-02 1.43985619e-02 1.44217306e-02 1.44469918e-02 
5.17745673e-01 1.43523793e-02 1.43749127e-02 1.43981708e-02 1.44213533e-02 1.44466655e-02 
5.17875135e-01 1.43528017e-02 1.43753318e-02 1.43986533e-02 1.44218296e-02 1.44470622e-02 
5.18004630e-01 1.43534859e-02 1.43759666e-02 1.43991998e-02 1.44225003e-02 1.44476342e-02 
5.18134157e-01 1.43547403e-02 1.43771565e-02 1.44002561e-02 1.44235905e-02 1.44485614e-02 
5.18263717e-01 1.43538725e-02 1.43764587e-02 1.43996712e-02 1.44231704e-02 1.44481347e-02 
5.18393309e-01 1.43542918e-02 1.43769359e-02 1.44000736e-02 1.44236669e-02 1.44485285e-02 
5.18522933e-01 1.43546344e-02 1.43773281e-02 1.44004590e-02 1.44240330e-02 1.44488787e-02 
5.18652590e-01 1.43549695e-02 1.43777552e-02 1.44007926e-02 1.44244992e-02 1.44492518e-02 
5.18782279e-01 1.43554503e-02 1.43783584e-02 1.44013212e-02 1.44250277e-02 1.44497385e-02 
5.18912001e-01 1.43556188e-02 1.43786540e-02 1.44016503e-02 1.44253534e-02 1.44500263e-02 
5.19041755e-01 1.43558791e-02 1.43790373e-02 1.44021221e-02 1.44257375e-02 1.44503730e-02 
5.19171541e-01 1.43566075e-02 1.43800327e-02 1.44030648e-02 1.44264809e-02 1.44510207e-02 
5.19301360e-01 1.43565562e-02 1.43799753e-02 1.44030675e-02 1.44266024e-02 1.44511679e-02 
5.19431212e-01 1.43567708e-02 1.43803536e-02 1.44033548e-02 1.44268919e-02 1.44514991e-02 
5.19561096e-01 1.43571674e-02 1.43808977e-02 1.44038241e-02 1.44273387e-02 1.44519389e-02 
5.19691012e-01 1.43573973e-02 1.43812724e-02 1.44042139e-02 1.44277015e-02 1.44524014e-02 
5.19820961e-01 1.43577069e-02 1.43817075e-02 1.44046754e-02 1.44281009e-02 1.44529393e-02 
5.19950942e-01 1.43581180e-02 1.43820774e-02 1.44050547e-02 1.44285636e-02 1.44534601e-02 
5.20080956e-01 1.43586349e-02 1.43824926e-02 1.44054095e-02 1.44290403e-02 1.44539956e-02 
5.20211002e-01 1.43591632e-02 1.43828952e-02 1.44058291e-02 1.44295142e-02 1.44545397e-02 
5.20341081e-01 1.43596781e-02 1.43833727e-02 1.44062038e-02 1.44299824e-02 1.44550319e-02 
5.20471193e-01 1.43604476e-02 1.43840787e-02 1.44067459e-02 1.44305175e-02 1.44555315e-02 
5.20601337e-01 1.43608497e-02 1.43844507e-02 1.44070415e-02 1.44309015e-02 1.44558703e-02 
5.20731513e-01 1.43612215e-02 1.43848109e-02 1.44073091e-02 1.44312942e-02 1.44562474e-02 
5.20861722e-01 1.43616123e-02 1.43852900e-02 1.44076533e-02 1.44317478e-02 1.44566533e-02 
5.20991964e-01 1.43619970e-02 1.43857648e-02 1.44081027e-02 1.44321987e-02 1.44570563e-02 
5.21122238e-01 1.43624083e-02 1.43862613e-02 1.44085502e-02 1.44326653e-02 1.44574712e-02 
5.21252545e-01 1.43629351e-02 1.43868391e-02 1.44089598e-02 1.44332606e-02 1.44579358e-02 
5.21382884e-01 1.43633082e-02 1.43871821e-02 1.44092744e-02 1.44336996e-02 1.44583767e-02 
5.21513256e-01 1.43637498e-02 1.43876512e-02 1.44096946e-02 1.44341524e-02 1.44588850e-02 
5.21643660e-01 1.43639866e-02 1.43879127e-02 1.44099930e-02 1.44343725e-02 1.44593051e-02 
5.21774098e-01 1.43643882e-02 1.43883059e-02 1.44103846e-02 1.44348246e-02 1.44597948e-02 
5.21904567e-01 1.43648162e-02 1.43887194e-02 1.44107885e-02 1.44352481e-02 1.44602960e-02 
5.22035070e-01 1.43651976e-02 1.43890974e-02 1.44111627e-02 1.44356899e-02 1.44607783e-02 
5.22165605e-01 1.43656313e-02 1.43895469e-02 1.44115613e-02 1.44361532e-02 1.44612816e-02 
5.22296172e-01 1.43659868e-02 1.43899498e-02 1.44119238e-02 1.44365328e-02 1.44617538e-02 
5.22426773e-01 1.43664142e-02 1.43904015e-02 1.44123252e-02 1.44369203e-02 1.44622556e-02 
5.22557405e-01 1.43667877e-02 1.43908161e-02 1.44126979e-02 1.44373807e-02 1.44627359e-02 
5.22688071e-01 1.43671976e-02 1.43912547e-02 1.44130890e-02 1.44378579e-02 1.44632309e-02 
5.22818769e-01 1.43676061e-02 1.43917065e-02 1.44135726e-02 1.44383492e-02 1.44637319e-02 
5.22949500e-01 1.43679841e-02 1.43921229e-02 1.44139774e-02 1.44388358e-02 1.44641765e-02 
5.23080264e-01 1.43683348e-02 1.43925177e-02 1.44143783e-02 1.44393106e-02 1.44645787e-02 
5.23211060e-01 1.43686761e-02 1.43928991e-02 1.44148077e-02 1.44397601e-02 1.44649710e-02 
5.23341889e-01 1.43690328e-02 1.43932972e-02 1.44152107e-02 1.44401605e-02 1.44653755e-02 
5.23472751e-01 1.43695976e-02 1.43939217e-02 1.44158826e-02 1.44407572e-02 1.44659713e-02 
5.23603646e-01 1.43698891e-02 1.43942269e-02 1.44162726e-02 1.44411823e-02 1.44664188e-02 
5.23734573e-01 1.43701478e-02 1.43944521e-02 1.44165433e-02 1.44415766e-02 1.44668406e-02 
5.23865533e-01 1.43706451e-02 1.43947941e-02 1.44169406e-02 1.44420512e-02 1.44673646e-02 
5.23996526e-01 1.43711320e-02 1.43951243e-02 1.44173529e-02 1.44425120e-02 1.44679436e-02 
5.24127551e-01 1.43716332e-02 1.43955009e-02 1.44177918e-02 1.44429818e-02 1.44683511e-02 
5.24258609e-01 1.43721371e-02 1.43959254e-02 1.44182451e-02 1.44434554e-02 1.44688291e-02 
5.24389700e-01 1.43725708e-02 1.43963620e-02 1.44187445e-02 1.44439070e-02 1.44693442e-02 
5.24520824e-01 1.43728842e-02 1.43967875e-02 1.44191500e-02 1.44442771e-02 1.44698133e-02 
5.24651981e-01 1.43733361e-02 1.43972800e-02 1.44195519e-02 1.44446719e-02 1.44703152e-02 
5.24783170e-01 1.43738866e-02 1.43978064e-02 1.44200718e-02 1.44451225e-02 1.44708686e-02 
5.24914392e-01 1.43741832e-02 1.43981945e-02 1.44204296e-02 1.44454536e-02 1.44713054e-02 
5.25045647e-01 1.43746027e-02 1.43987198e-02 1.44208737e-02 1.44458501e-02 1.44718072e-02 
5.25176935e-01 1.43750262e-02 1.43992036e-02 1.44213098e-02 1.44462444e-02 1.44723088e-02 
5.25308255e-01 1.43756366e-02 1.43998163e-02 1.44218799e-02 1.44467314e-02 1.44728964e-02 
5.25439609e-01 1.43759126e-02 1.44001445e-02 1.44222356e-02 1.44470444e-02 1.44732821e-02 
5.25570995e-01 1.43762929e-02 1.44005506e-02 1.44226551e-02 1.44474124e-02 1.44736888e-02 
5.25702414e-01 1.43767418e-02 1.44010246e-02 1.44231182e-02 1.44478165e-02 1.44741291e-02 
5.25833866e-01 1.43771134e-02 1.44014403e-02 1.44235566e-02 1.44481808e-02 1.44746161e-02 
5.25965351e-01 1.43775685e-02 1.44019175e-02 1.44239993e-02 1.44485893e-02 1.44751552e-02 
5.26096869e-01 1.43780768e-02 1.44024368e-02 1.44244477e-02 1.44490252e-02 1.44757266e-02 
5.26228420e-01 1.43783970e-02 1.44028511e-02 1.44248815e-02 1.44493851e-02 1.44761796e-02 
5.26360003e-01 1.43788004e-02 1.44033313e-02 1.44252959e-02 1.44497690e-02 1.44766202e-02 
5.26491620e-01 1.43792813e-02 1.44038012e-02 1.44257813e-02 1.44501699e-02 1.44770769e-02 
5.26623269e-01 1.43797516e-02 1.44042230e-02 1.44262798e-02 1.44505882e-02 1.44776467e-02 
5.26754951e-01 1.43802098e-02 1.44046136e-02 1.44266745e-02 1.44509862e-02 1.44782367e-02 
5.26886667e-01 1.43805912e-02 1.44049723e-02 1.44270506e-02 1.44514051e-02 1.44787392e-02 
5.27018415e-01 1.43810518e-02 1.44053795e-02 1.44274907e-02 1.44518064e-02 1.44793199e-02 
5.27150196e-01 1.43814225e-02 1.44058005e-02 1.44279368e-02 1.44522338e-02 1.44798682e-02 
5.27282010e-01 1.43818059e-02 1.44062326e-02 1.44283841e-02 1.44526759e-02 1.44803763e-02 
5.27413857e-01 1.43822629e-02 1.44066706e-02 1.44288474e-02 1.44531219e-02 1.44808875e-02 
5.27545737e-01 1.43827557e-02 1.44071172e-02 1.44293180e-02 1.44535566e-02 1.44814034e-02 
5.27677650e-01 1.43832417e-02 1.44075534e-02 1.44298013e-02 1.44540028e-02 1.44819164e-02 
5.27809596e-01 1.43837001e-02 1.44079316e-02 1.44303029e-02 1.44544442e-02 1.44824159e-02 
5.27941575e-01 1.43843689e-02 1.44085797e-02 1.44308987e-02 1.44550162e-02 1.44830171e-02 
5.28073586e-01 1.43846722e-02 1.44089128e-02 1.44312308e-02 1.44553612e-02 1.44834423e-02 
5.28205631e-01 1.43851875e-02 1.44094684e-02 1.44317111e-02 1.44558158e-02 1.44839725e-02 
5.28337709e-01 1.43856506e-02 1.44099691e-02 1.44321556e-02 1.44562353e-02 1.44844754e-02 
5.28469820e-01 1.43861713e-02 1.44105688e-02 1.44326381e-02 1.44567321e-02 1.44850220e-02 
5.28601964e-01 1.43864216e-02 1.44109785e-02 1.44330701e-02 1.44571474e-02 1.44854645e-02 
5.28734141e-01 1.43868624e-02 1.44115354e-02 1.44336332e-02 1.44577661e-02 1.44860076e-02 
5.28866351e-01 1.43870419e-02 1.44118413e-02 1.44339682e-02 1.44581495e-02 1.44863770e-02 
5.28998595e-01 1.43874836e-02 1.44123096e-02 1.44344595e-02 1.44586556e-02 1.44868456e-02 
5.29130871e-01 1.43879750e-02 1.44127641e-02 1.44350216e-02 1.44591755e-02 1.44873397e-02 
5.29263180e-01 1.43883638e-02 1.44131423e-02 1.44354251e-02 1.44596085e-02 1.44877894e-02 
5.29395523e-01 1.43887517e-02 1.44135632e-02 1.44358584e-02 1.44600681e-02 1.44882609e-02 
5.29527898e-01 1.43892246e-02 1.44140365e-02 1.44363802e-02 1.44605879e-02 1.44887805e-02 
5.29660307e-01 1.43895087e-02 1.44144242e-02 1.44367935e-02 1.44609962e-02 1.44892126e-02 
5.29792748e-01 1.43899136e-02 1.44148817e-02 1.44372563e-02 1.44614673e-02 1.44896847e-02 
5.29925223e-01 1.43903969e-02 1.44153497e-02 1.44376981e-02 1.44619503e-02 1.44901654e-02 
5.30057731e-01 1.43909072e-02 1.44158355e-02 1.44382270e-02 1.44624471e-02 1.44906681e-02 
5.30190272e-01 1.43913590e-02 1.44162298e-02 1.44386847e-02 1.44629158e-02 1.44911336e-02 
5.30322846e-01 1.43917849e-02 1.44166040e-02 1.44391057e-02 1.44633739e-02 1.44915873e-02 
5.30455454e-01 1.43923135e-02 1.44170545e-02 1.44395894e-02 1.44638944e-02 1.44920904e-02 
5.30588094e-01 1.43927321e-02 1.44173881e-02 1.44400032e-02 1.44643504e-02 1.44925446e-02 
5.30720768e-01 1.43932986e-02 1.44178904e-02 1.44405121e-02 1.44649252e-02 1.44930819e-02 
5.30853475e-01 1.43938475e-02 1.44183200e-02 1.44410092e-02 1.44654656e-02 1.44935669e-02 
5.30986215e-01 1.43941359e-02 1.44185869e-02 1.44413215e-02 1.44658937e-02 1.44940035e-02 
5.31118988e-01 1.43945133e-02 1.44190126e-02 1.44416969e-02 1.44664375e-02 1.44944962e-02 
5.31251794e-01 1.43948362e-02 1.44193972e-02 1.44420648e-02 1.44669051e-02 1.44949524e-02 
5.31384634e-01 1.43952385e-02 1.44198927e-02 1.44424739e-02 1.44674253e-02 1.44954556e-02 
5.31517507e-01 1.43955697e-02 1.44202648e-02 1.44428963e-02 1.44678791e-02 1.44959203e-02 
5.31650413e-01 1.43960294e-02 1.44207430e-02 1.44434893e-02 1.44684164e-02 1.44964584e-02 
5.31783352e-01 1.43963148e-02 1.44210737e-02 1.44438858e-02 1.44688388e-02 1.44969426e-02 
5.31916325e-01 1.43966965e-02 1.44214795e-02 1.44443475e-02 1.44693347e-02 1.44975362e-02 
5.32049331e-01 1.43970283e-02 1.44218927e-02 1.44447624e-02 1.44698283e-02 1.44981083e-02 
5.32182370e-01 1.43974072e-02 1.44224154e-02 1.44452172e-02 1.44703534e-02 1.44987098e-02 
5.32315442e-01 1.43977998e-02 1.44229578e-02 1.44456435e-02 1.44708866e-02 1.44993188e-02 
5.32448548e-01 1.43981426e-02 1.44234637e-02 1.44460646e-02 1.44713898e-02 1.44998984e-02 
5.32581687e-01 1.43985085e-02 1.44239697e-02 1.44465302e-02 1.44719034e-02 1.45004882e-02 
5.32714859e-01 1.43988862e-02 1.44244655e-02 1.44470146e-02 1.44724267e-02 1.45010862e-02 
5.32848064e-01 1.43992571e-02 1.44249520e-02 1.44475020e-02 1.44729478e-02 1.45016835e-02 
5.32981303e-01 1.43996395e-02 1.44254348e-02 1.44479929e-02 1.44734746e-02 1.45022852e-02 
5.33114575e-01 1.44000663e-02 1.44258756e-02 1.44484876e-02 1.44740300e-02 1.45029110e-02 
5.33247881e-01 1.44004403e-02 1.44262858e-02 1.44489288e-02 1.44745497e-02 1.45035032e-02 
5.33381219e-01 1.44007762e-02 1.44266609e-02 1.44493395e-02 1.44750467e-02 1.45040819e-02 
5.33514591e-01 1.44011536e-02 1.44271242e-02 1.44497874e-02 1.44755727e-02 1.45046790e-02 
5.33647997e-01 1.44015517e-02 1.44276308e-02 1.44502972e-02 1.44761265e-02 1.45052906e-02 
5.33781436e-01 1.44019539e-02 1.44281430e-02 1.44506938e-02 1.44766740e-02 1.45058992e-02 
5.33914908e-01 1.44022593e-02 1.44285882e-02 1.44511651e-02 1.44771905e-02 1.45064579e-02 
5.34048413e-01 1.44027039e-02 1.44290635e-02 1.44517301e-02 1.44777583e-02 1.45070726e-02 
5.34181952e-01 1.44033490e-02 1.44295865e-02 1.44523562e-02 1.44783712e-02 1.45076802e-02 
5.34315525e-01 1.44038756e-02 1.44300179e-02 1.44528691e-02 1.44788777e-02 1.45082376e-02 
5.34449130e-01 1.44093944e-02 1.44325164e-02 1.44554516e-02 1.44804719e-02 1.45096010e-02 
5.34582770e-01 1.44047664e-02 1.44307977e-02 1.44536676e-02 1.44797926e-02 1.45092421e-02 
5.34716442e-01 1.44053026e-02 1.44312963e-02 1.44541345e-02 1.44803368e-02 1.45097940e-02 
5.34850148e-01 1.44057726e-02 1.44317137e-02 1.44545021e-02 1.44808233e-02 1.45103118e-02 
5.34983887e-01 1.44062866e-02 1.44320945e-02 1.44550155e-02 1.44813332e-02 1.45108530e-02 
5.35117660e-01 1.44068252e-02 1.44324767e-02 1.44555748e-02 1.44818421e-02 1.45114084e-02 
5.35251467e-01 1.44073330e-02 1.44328338e-02 1.44559944e-02 1.44823160e-02 1.45119416e-02 
5.35385306e-01 1.44078568e-02 1.44332934e-02 1.44564289e-02 1.44828046e-02 1.45124866e-02 
5.35519180e-01 1.44084679e-02 1.44338499e-02 1.44569363e-02 1.44833585e-02 1.45130816e-02 
5.35653086e-01 1.44089037e-02 1.44341896e-02 1.44572987e-02 1.44837831e-02 1.45135785e-02 
5.35787027e-01 1.44094390e-02 1.44346144e-02 1.44577663e-02 1.44842803e-02 1.45141304e-02 
5.35921000e-01 1.44099623e-02 1.44349783e-02 1.44582906e-02 1.44847674e-02 1.45146749e-02 
5.36055007e-01 1.44105216e-02 1.44353594e-02 1.44588652e-02 1.44853231e-02 1.45152218e-02 
5.36189048e-01 1.44109663e-02 1.44357592e-02 1.44594423e-02 1.44858743e-02 1.45157705e-02 
5.36323122e-01 1.44113854e-02 1.44362380e-02 1.44600201e-02 1.44864340e-02 1.45163208e-02 
5.36457230e-01 1.44118068e-02 1.44367620e-02 1.44605172e-02 1.44869937e-02 1.45168724e-02 
5.36591371e-01 1.44122211e-02 1.44372675e-02 1.44609962e-02 1.44875460e-02 1.45174146e-02 
5.36725546e-01 1.44128149e-02 1.44377891e-02 1.44615069e-02 1.44881338e-02 1.45179888e-02 
5.36859754e-01 1.44133398e-02 1.44382479e-02 1.44619774e-02 1.44886764e-02 1.45185224e-02 
5.36993996e-01 1.44139711e-02 1.44388293e-02 1.44625137e-02 1.44892894e-02 1.45191180e-02 
5.37128272e-01 1.44145274e-02 1.44393525e-02 1.44630069e-02 1.44898544e-02 1.45196741e-02 
5.37262581e-01 1.44150489e-02 1.44398554e-02 1.44634711e-02 1.44903952e-02 1.45202063e-02 
5.37396924e-01 1.44155583e-02 1.44403072e-02 1.44639312e-02 1.44909289e-02 1.45207339e-02 
5.37531300e-01 1.44161257e-02 1.44407645e-02 1.44644289e-02 1.44915007e-02 1.45212940e-02 
5.37665710e-01 1.44166827e-02 1.44412196e-02 1.44649203e-02 1.44920663e-02 1.45218493e-02 
5.37800153e-01 1.44173433e-02 1.44418042e-02 1.44655081e-02 1.44927002e-02 1.45224627e-02 
5.37934630e-01 1.44178661e-02 1.44422646e-02 1.44660320e-02 1.44932436e-02 1.45229992e-02 
5.38069141e-01 1.44185072e-02 1.44428393e-02 1.44666883e-02 1.44938929e-02 1.45236580e-02 
5.38203685e-01 1.44189403e-02 1.44431395e-02 1.44669853e-02 1.44943823e-02 1.45240293e-02 
5.38338263e-01 1.44194150e-02 1.44435539e-02 1.44674581e-02 1.44949446e-02 1.45245631e-02 
5.38472875e-01 1.44199536e-02 1.44440797e-02 1.44680335e-02 1.44955461e-02 1.45251730e-02 
5.38607520e-01 1.44205324e-02 1.44446714e-02 1.44686303e-02 1.44961566e-02 1.45258511e-02 
5.38742199e-01 1.44208175e-02 1.44449824e-02 1.44689989e-02 1.44966496e-02 1.45263232e-02 
5.38876911e-01 1.44212993e-02 1.44454857e-02 1.44694899e-02 1.44972414e-02 1.45268898e-02 
5.39011658e-01 1.44218366e-02 1.44460722e-02 1.44700133e-02 1.44978005e-02 1.45274922e-02 
5.39146438e-01 1.44222382e-02 1.44465492e-02 1.44705379e-02 1.44983359e-02 1.45280253e-02 
5.39281251e-01 1.44227148e-02 1.44471009e-02 1.44711135e-02 1.44989112e-02 1.45285892e-02 
5.39416099e-01 1.44231605e-02 1.44475917e-02 1.44716803e-02 1.44994795e-02 1.45291493e-02 
5.39550980e-01 1.44237543e-02 1.44481786e-02 1.44723401e-02 1.45001417e-02 1.45297705e-02 
5.39685895e-01 1.44242151e-02 1.44486756e-02 1.44728645e-02 1.45007462e-02 1.45303277e-02 
5.39820843e-01 1.44248549e-02 1.44493212e-02 1.44734171e-02 1.45014280e-02 1.45309887e-02 
5.39955826e-01 1.44250716e-02 1.44496527e-02 1.44736977e-02 1.45018387e-02 1.45314187e-02 
5.40090842e-01 1.44255425e-02 1.44501764e-02 1.44742566e-02 1.45023767e-02 1.45320228e-02 
5.40225892e-01 1.44259731e-02 1.44506623e-02 1.44747841e-02 1.45028771e-02 1.45326448e-02 
5.40360975e-01 1.44265150e-02 1.44512020e-02 1.44753959e-02 1.45034380e-02 1.45333200e-02 
5.40496093e-01 1.44269854e-02 1.44516880e-02 1.44758945e-02 1.45039725e-02 1.45339673e-02 
5.40631244e-01 1.44274205e-02 1.44521330e-02 1.44763605e-02 1.45044848e-02 1.45345446e-02 
5.40766429e-01 1.44278939e-02 1.44526018e-02 1.44768571e-02 1.45050286e-02 1.45351313e-02 
5.40901648e-01 1.44285397e-02 1.44532064e-02 1.44774354e-02 1.45056548e-02 1.45357905e-02 
5.41036900e-01 1.44289138e-02 1.44536179e-02 1.44778750e-02 1.45061394e-02 1.45363317e-02 
5.41172187e-01 1.44297080e-02 1.44543647e-02 1.44785362e-02 1.45068436e-02 1.45370334e-02 
5.41307507e-01 1.44300392e-02 1.44546927e-02 1.44789149e-02 1.45072600e-02 1.45375402e-02 
5.41442861e-01 1.44309941e-02 1.44556004e-02 1.44798122e-02 1.45081160e-02 1.45384307e-02 
5.41578249e-01 1.44310600e-02 1.44556752e-02 1.44799369e-02 1.45083460e-02 1.45386991e-02 
5.41713671e-01 1.44319116e-02 1.44564574e-02 1.44807176e-02 1.45091537e-02 1.45395555e-02 
5.41849126e-01 1.44321175e-02 1.44566834e-02 1.44809883e-02 1.45095192e-02 1.45398706e-02 
5.41984616e-01 1.44327200e-02 1.44572356e-02 1.44816072e-02 1.45101263e-02 1.45405143e-02 
5.42120139e-01 1.44332308e-02 1.44577484e-02 1.44821114e-02 1.45106324e-02 1.45410780e-02 
5.42255696e-01 1.44337686e-02 1.44582796e-02 1.44826428e-02 1.45111489e-02 1.45416633e-02 
5.42391288e-01 1.44345241e-02 1.44589707e-02 1.44833721e-02 1.45118555e-02 1.45424079e-02 
5.42526913e-01 1.44349053e-02 1.44593099e-02 1.44838202e-02 1.45123019e-02 1.45428965e-02 
5.42662572e-01 1.44354509e-02 1.44597971e-02 1.44843688e-02 1.45128553e-02 1.45434851e-02 
5.42798265e-01 1.44359624e-02 1.44602635e-02 1.44848976e-02 1.45133934e-02 1.45440684e-02 
5.42933991e-01 1.44364938e-02 1.44607497e-02 1.44853840e-02 1.45139387e-02 1.45446484e-02 
5.43069752e-01 1.44372576e-02 1.44614504e-02 1.44860867e-02 1.45146206e-02 1.45453885e-02 
5.43205547e-01 1.44374722e-02 1.44617599e-02 1.44864084e-02 1.45150267e-02 1.45458439e-02 
5.43341376e-01 1.44380132e-02 1.44623525e-02 1.44869474e-02 1.45155962e-02 1.45464956e-02 
5.43477238e-01 1.44385615e-02 1.44629755e-02 1.44875053e-02 1.45161703e-02 1.45471706e-02 
5.43613135e-01 1.44388297e-02 1.44633395e-02 1.44878626e-02 1.45165963e-02 1.45476585e-02 
5.43749066e-01 1.44393323e-02 1.44638817e-02 1.44884650e-02 1.45171613e-02 1.45482808e-02 
5.43885030e-01 1.44397089e-02 1.44643342e-02 1.44889703e-02 1.45176833e-02 1.45488507e-02 
5.44021029e-01 1.44401686e-02 1.44648699e-02 1.44895562e-02 1.45182502e-02 1.45494589e-02 
5.44157061e-01 1.44406494e-02 1.44654245e-02 1.44901594e-02 1.45188302e-02 1.45500837e-02 
5.44293128e-01 1.44411783e-02 1.44660238e-02 1.44907025e-02 1.45194361e-02 1.45507037e-02 
5.44429229e-01 1.44415519e-02 1.44665461e-02 1.44912353e-02 1.45199546e-02 1.45512808e-02 
5.44565363e-01 1.44419942e-02 1.44670600e-02 1.44917362e-02 1.45205438e-02 1.45518770e-02 
5.44701532e-01 1.44425032e-02 1.44676355e-02 1.44923383e-02 1.45211823e-02 1.45525079e-02 
5.44837735e-01 1.44428970e-02 1.44680706e-02 1.44928094e-02 1.45217484e-02 1.45530844e-02 
5.44973971e-01 1.44434762e-02 1.44686414e-02 1.44934124e-02 1.45224203e-02 1.45537493e-02 
5.45110242e-01 1.44439113e-02 1.44691452e-02 1.44938828e-02 1.45230140e-02 1.45543516e-02 
5.45246547e-01 1.44444568e-02 1.44696420e-02 1.44943849e-02 1.45236110e-02 1.45549202e-02 
5.45382886e-01 1.44451722e-02 1.44702532e-02 1.44950550e-02 1.45243158e-02 1.45555993e-02 
5.45519259e-01 1.44456494e-02 1.44706645e-02 1.44955340e-02 1.45248724e-02 1.45561316e-02 
5.45655667e-01 1.44462521e-02 1.44711940e-02 1.44961133e-02 1.45255068e-02 1.45567405e-02 
5.45792108e-01 1.44470246e-02 1.44718800e-02 1.44968201e-02 1.45262349e-02 1.45574289e-02 
5.45928583e-01 1.44475069e-02 1.44723202e-02 1.44973014e-02 1.45267184e-02 1.45579857e-02 
5.46065093e-01 1.44480420e-02 1.44728546e-02 1.44978028e-02 1.45273262e-02 1.45585818e-02 
5.46201637e-01 1.44485359e-02 1.44734086e-02 1.44983113e-02 1.45279506e-02 1.45591959e-02 
5.46338215e-01 1.44490453e-02 1.44739470e-02 1.44988305e-02 1.45285789e-02 1.45598177e-02 
5.46474827e-01 1.44495549e-02 1.44745051e-02 1.44993793e-02 1.45292100e-02 1.45604610e-02 
5.46611473e-01 1.44499670e-02 1.44750019e-02 1.44999021e-02 1.45297735e-02 1.45610295e-02 
5.46748153e-01 1.44504279e-02 1.44755405e-02 1.45005002e-02 1.45303589e-02 1.45615868e-02 
5.46884868e-01 1.44509577e-02 1.44761310e-02 1.45011431e-02 1.45309900e-02 1.45621753e-02 
5.47021616e-01 1.44513438e-02 1.44766258e-02 1.45016947e-02 1.45315291e-02 1.45627027e-02 
5.47158399e-01 1.44520177e-02 1.44773281e-02 1.45023954e-02 1.45322273e-02 1.45633254e-02 
5.47295216e-01 1.44524925e-02 1.44777598e-02 1.45029151e-02 1.45327769e-02 1.45638357e-02 
5.47432068e-01 1.44532320e-02 1.44784393e-02 1.45036453e-02 1.45335132e-02 1.45644787e-02 
5.47568953e-01 1.44536322e-02 1.44789054e-02 1.45041549e-02 1.45340408e-02 1.45649809e-02 
5.47705873e-01 1.44541364e-02 1.44794357e-02 1.45047075e-02 1.45346418e-02 1.45655455e-02 
5.47842827e-01 1.44546423e-02 1.44799976e-02 1.45053126e-02 1.45352735e-02 1.45661328e-02 
5.47979815e-01 1.44551441e-02 1.44805144e-02 1.45058128e-02 1.45358793e-02 1.45666780e-02 
5.48116838e-01 1.44556395e-02 1.44810402e-02 1.45063393e-02 1.45365114e-02 1.45672351e-02 
5.48253894e-01 1.44561644e-02 1.44816229e-02 1.45068981e-02 1.45371573e-02 1.45678106e-02 
5.48390985e-01 1.44566844e-02 1.44822259e-02 1.45074576e-02 1.45378004e-02 1.45683849e-02 
5.48528111e-01 1.44572395e-02 1.44828771e-02 1.45080412e-02 1.45384668e-02 1.45689755e-02 
5.48665270e-01 1.44577295e-02 1.44834639e-02 1.45085787e-02 1.45390838e-02 1.45695871e-02 
5.48802464e-01 1.44583581e-02 1.44842208e-02 1.45092462e-02 1.45398029e-02 1.45702872e-02 
5.48939692e-01 1.44587596e-02 1.44847381e-02 1.45097159e-02 1.45404076e-02 1.45708530e-02 
5.49076955e-01 1.44592306e-02 1.44853524e-02 1.45102609e-02 1.45410754e-02 1.45714759e-02 
5.49214252e-01 1.44597984e-02 1.44860256e-02 1.45108477e-02 1.45417754e-02 1.45721248e-02 
5.49351583e-01 1.44603694e-02 1.44866782e-02 1.45114336e-02 1.45424384e-02 1.45727639e-02 
5.49488948e-01 1.44608747e-02 1.44872637e-02 1.45120243e-02 1.45430345e-02 1.45733792e-02 
5.49626348e-01 1.44614917e-02 1.44879299e-02 1.45127004e-02 1.45437067e-02 1.45740530e-02 
5.49763782e-01 1.44619724e-02 1.44884608e-02 1.45132867e-02 1.45443346e-02 1.45746512e-02 
5.49901251e-01 1.44625193e-02 1.44890598e-02 1.45138662e-02 1.45450128e-02 1.45752951e-02 
5.50038754e-01 1.44630897e-02 1.44896790e-02 1.45144750e-02 1.45457051e-02 1.45759496e-02 
5.50176291e-01 1.44636204e-02 1.44902644e-02 1.45150425e-02 1.45463725e-02 1.45765840e-02 
5.50313863e-01 1.44641624e-02 1.44908568e-02 1.45156747e-02 1.45470475e-02 1.45772398e-02 
5.50451469e-01 1.44647199e-02 1.44914679e-02 1.45163517e-02 1.45477320e-02 1.45779438e-02 
5.50589109e-01 1.44654516e-02 1.44922452e-02 1.45171455e-02 1.45485146e-02 1.45787588e-02 
5.50726784e-01 1.44658729e-02 1.44927326e-02 1.45176345e-02 1.45490714e-02 1.45793872e-02 
5.50864494e-01 1.44663433e-02 1.44932513e-02 1.45181097e-02 1.45496399e-02 1.45800315e-02 
5.51002238e-01 1.44669179e-02 1.44938774e-02 1.45187239e-02 1.45502816e-02 1.45807484e-02 
5.51140016e-01 1.44677060e-02 1.44947371e-02 1.45195383e-02 1.45510764e-02 1.45816147e-02 
5.51277829e-01 1.44680008e-02 1.44950660e-02 1.45199044e-02 1.45515234e-02 1.45821414e-02 
5.51415676e-01 1.44686191e-02 1.44957383e-02 1.45205691e-02 1.45521956e-02 1.45828865e-02 
5.51553557e-01 1.44690666e-02 1.44962822e-02 1.45211594e-02 1.45527987e-02 1.45835633e-02 
5.51691473e-01 1.44695264e-02 1.44968548e-02 1.45217843e-02 1.45534348e-02 1.45842756e-02 
5.51829424e-01 1.44699770e-02 1.44974182e-02 1.45224001e-02 1.45540620e-02 1.45849772e-02 
5.51967409e-01 1.44704744e-02 1.44980527e-02 1.45230464e-02 1.45547388e-02 1.45857037e-02 
5.52105429e-01 1.44709924e-02 1.44986832e-02 1.45237016e-02 1.45554334e-02 1.45863943e-02 
5.52243483e-01 1.44713960e-02 1.44992439e-02 1.45242937e-02 1.45560750e-02 1.45870110e-02 
5.52381571e-01 1.44719688e-02 1.44999645e-02 1.45249995e-02 1.45568247e-02 1.45877177e-02 
5.52519695e-01 1.44723501e-02 1.45005248e-02 1.45256013e-02 1.45574771e-02 1.45882997e-02 
5.52657852e-01 1.44729003e-02 1.45011765e-02 1.45262861e-02 1.45581920e-02 1.45889453e-02 
5.52796044e-01 1.44735551e-02 1.45018400e-02 1.45269684e-02 1.45588999e-02 1.45895886e-02 
5.52934271e-01 1.44741733e-02 1.45024714e-02 1.45276219e-02 1.45595820e-02 1.45902126e-02 
5.53072533e-01 1.44748259e-02 1.45031327e-02 1.45282466e-02 1.45602851e-02 1.45908556e-02 
5.53210829e-01 1.44754963e-02 1.45037718e-02 1.45288432e-02 1.45609962e-02 1.45915095e-02 
5.53349159e-01 1.44764051e-02 1.45046039e-02 1.45297421e-02 1.45618379e-02 1.45922953e-02 
5.53487524e-01 1.44767966e-02 1.45049818e-02 1.45301819e-02 1.45623969e-02 1.45928670e-02 
5.53625924e-01 1.44774478e-02 1.45055871e-02 1.45308979e-02 1.45630965e-02 1.45935769e-02 
5.53764358e-01 1.44781118e-02 1.45062033e-02 1.45315926e-02 1.45638018e-02 1.45942923e-02 
5.53902827e-01 1.44787888e-02 1.45068282e-02 1.45322867e-02 1.45645145e-02 1.45949732e-02 
5.54041331e-01 1.44794225e-02 1.45074231e-02 1.45328553e-02 1.45652067e-02 1.45956346e-02 
5.54179869e-01 1.44800809e-02 1.45080493e-02 1.45334406e-02 1.45659129e-02 1.45963055e-02 
5.54318442e-01 1.44807950e-02 1.45087290e-02 1.45341555e-02 1.45666574e-02 1.45970070e-02 
5.54457049e-01 1.44814050e-02 1.45093713e-02 1.45348702e-02 1.45673747e-02 1.45976912e-02 
5.54595691e-01 1.44819582e-02 1.45099570e-02 1.45355406e-02 1.45680306e-02 1.45983396e-02 
5.54734368e-01 1.44825613e-02 1.45105897e-02 1.45362517e-02 1.45687166e-02 1.45990151e-02 
5.54873079e-01 1.44831733e-02 1.45112303e-02 1.45368767e-02 1.45694089e-02 1.45996963e-02 
5.55011826e-01 1.44837789e-02 1.45118653e-02 1.45374884e-02 1.45700978e-02 1.46003743e-02 
5.55150606e-01 1.44843963e-02 1.45125097e-02 1.45381093e-02 1.45707897e-02 1.46010582e-02 
5.55289422e-01 1.44850147e-02 1.45131669e-02 1.45388042e-02 1.45714762e-02 1.46017456e-02 
5.55428272e-01 1.44856343e-02 1.45138181e-02 1.45394971e-02 1.45721634e-02 1.46024323e-02 
5.55567157e-01 1.44862679e-02 1.45144424e-02 1.45401849e-02 1.45728464e-02 1.46031158e-02 
5.55706077e-01 1.44869771e-02 1.45151183e-02 1.45408492e-02 1.45735484e-02 1.46038164e-02 
5.55845031e-01 1.44876766e-02 1.45158093e-02 1.45415038e-02 1.45742468e-02 1.46045123e-02 
5.55984020e-01 1.44883631e-02 1.45164953e-02 1.45421743e-02 1.45749435e-02 1.46052030e-02 
5.56123044e-01 1.44890507e-02 1.45171626e-02 1.45428631e-02 1.45756663e-02 1.46058959e-02 
5.56262103e-01 1.44897413e-02 1.45178277e-02 1.45435555e-02 1.45763933e-02 1.46065941e-02 
5.56401197e-01 1.44903582e-02 1.45185147e-02 1.45442594e-02 1.45771288e-02 1.46072923e-02 
5.56540325e-01 1.44909737e-02 1.45192152e-02 1.45449768e-02 1.45778666e-02 1.46079994e-02 
5.56679488e-01 1.44915734e-02 1.45198514e-02 1.45456842e-02 1.45785953e-02 1.46086949e-02 
5.56818686e-01 1.44922059e-02 1.45205321e-02 1.45464208e-02 1.45793462e-02 1.46094114e-02 
5.56957918e-01 1.44929216e-02 1.45213054e-02 1.45472038e-02 1.45801425e-02 1.46101586e-02 
5.57097186e-01 1.44934116e-02 1.45218752e-02 1.45478409e-02 1.45808120e-02 1.46108104e-02 
5.57236488e-01 1.44940405e-02 1.45225771e-02 1.45485728e-02 1.45815630e-02 1.46115253e-02 
5.57375825e-01 1.44946672e-02 1.45232663e-02 1.45492755e-02 1.45823128e-02 1.46122398e-02 
5.57515197e-01 1.44953366e-02 1.45240133e-02 1.45499835e-02 1.45830902e-02 1.46129759e-02 
5.57654604e-01 1.44959533e-02 1.45247265e-02 1.45506977e-02 1.45838504e-02 1.46137136e-02 
5.57794046e-01 1.44965708e-02 1.45253958e-02 1.45513922e-02 1.45845843e-02 1.46143963e-02 
5.57933522e-01 1.44973393e-02 1.45262010e-02 1.45522124e-02 1.45854136e-02 1.46151996e-02 
5.58073034e-01 1.44978855e-02 1.45267298e-02 1.45528365e-02 1.45860926e-02 1.46158324e-02 
5.58212580e-01 1.44985462e-02 1.45273694e-02 1.45535625e-02 1.45868505e-02 1.46165544e-02 
5.58352161e-01 1.44992535e-02 1.45280504e-02 1.45543162e-02 1.45876329e-02 1.46172948e-02 
5.58491777e-01 1.44999649e-02 1.45286936e-02 1.45550395e-02 1.45883877e-02 1.46180136e-02 
5.58631428e-01 1.45007550e-02 1.45294071e-02 1.45558262e-02 1.45891919e-02 1.46187746e-02 
5.58771114e-01 1.45014584e-02 1.45300463e-02 1.45565426e-02 1.45899451e-02 1.46194889e-02 
5.58910835e-01 1.45021807e-02 1.45307252e-02 1.45572761e-02 1.45907108e-02 1.46202160e-02 
5.59050591e-01 1.45029439e-02 1.45314756e-02 1.45580419e-02 1.45915014e-02 1.46209642e-02 
5.59190382e-01 1.45036856e-02 1.45322155e-02 1.45587812e-02 1.45922811e-02 1.46217040e-02 
5.59330207e-01 1.45044662e-02 1.45329842e-02 1.45595603e-02 1.45930848e-02 1.46224668e-02 
5.59470068e-01 1.45052132e-02 1.45336796e-02 1.45603240e-02 1.45938702e-02 1.46232046e-02 
5.59609964e-01 1.45059464e-02 1.45343647e-02 1.45610714e-02 1.45946490e-02 1.46239435e-02 
5.59749894e-01 1.45066953e-02 1.45350773e-02 1.45618426e-02 1.45954372e-02 1.46246915e-02 
5.59889860e-01 1.45074644e-02 1.45357957e-02 1.45626296e-02 1.45962385e-02 1.46254503e-02 
5.60029860e-01 1.45082344e-02 1.45365029e-02 1.45634191e-02 1.45970425e-02 1.46262097e-02 
5.60169896e-01 1.45089933e-02 1.45371993e-02 1.45642022e-02 1.45978414e-02 1.46269636e-02 
5.60309967e-01 1.45098106e-02 1.45379613e-02 1.45650234e-02 1.45986737e-02 1.46277575e-02 
5.60450072e-01 1.45105684e-02 1.45386391e-02 1.45658116e-02 1.45994769e-02 1.46285024e-02 
5.60590213e-01 1.45113373e-02 1.45393757e-02 1.45666026e-02 1.46002738e-02 1.46292775e-02 
5.60730389e-01 1.45121097e-02 1.45400997e-02 1.45674012e-02 1.46010699e-02 1.46300539e-02 
5.60870599e-01 1.45128718e-02 1.45408149e-02 1.45681790e-02 1.46018478e-02 1.46308281e-02 
5.61010845e-01 1.45136630e-02 1.45415592e-02 1.45689662e-02 1.46026437e-02 1.46316162e-02 
5.61151126e-01 1.45144480e-02 1.45423146e-02 1.45697501e-02 1.46034380e-02 1.46324040e-02 
5.61291442e-01 1.45152421e-02 1.45430480e-02 1.45705467e-02 1.46042439e-02 1.46332001e-02 
5.61431793e-01 1.45159857e-02 1.45437603e-02 1.45713296e-02 1.46050442e-02 1.46339932e-02 
5.61572179e-01 1.45167527e-02 1.45444937e-02 1.45721153e-02 1.46058590e-02 1.46347971e-02 
5.61712601e-01 1.45175101e-02 1.45452412e-02 1.45729394e-02 1.46066870e-02 1.46355978e-02 
5.61853057e-01 1.45182518e-02 1.45459867e-02 1.45737281e-02 1.46075352e-02 1.46363939e-02 
5.61993548e-01 1.45190213e-02 1.45467875e-02 1.45745508e-02 1.46084026e-02 1.46372035e-02 
5.62134075e-01 1.45197811e-02 1.45475942e-02 1.45754241e-02 1.46092653e-02 1.46380105e-02 
5.62274637e-01 1.45205801e-02 1.45484353e-02 1.45762497e-02 1.46101539e-02 1.46388364e-02 
5.62415234e-01 1.45213585e-02 1.45492579e-02 1.45770361e-02 1.46110289e-02 1.46396531e-02 
5.62555866e-01 1.45221083e-02 1.45500208e-02 1.45778723e-02 1.46118926e-02 1.46404608e-02 
5.62696533e-01 1.45228988e-02 1.45508075e-02 1.45787509e-02 1.46127790e-02 1.46412869e-02 
5.62837235e-01 1.45236913e-02 1.45515969e-02 1.45795815e-02 1.46136694e-02 1.46421151e-02 
5.62977973e-01 1.45244856e-02 1.45523663e-02 1.45804044e-02 1.46145643e-02 1.46429470e-02 
5.63118746e-01 1.45252643e-02 1.45531015e-02 1.45812460e-02 1.46154267e-02 1.46437726e-02 
5.63259554e-01 1.45260461e-02 1.45538673e-02 1.45820796e-02 1.46163090e-02 1.46446321e-02 
5.63400397e-01 1.45268613e-02 1.45547023e-02 1.45829335e-02 1.46172086e-02 1.46455428e-02 
5.63541275e-01 1.45276588e-02 1.45555496e-02 1.45837760e-02 1.46180918e-02 1.46464500e-02 
5.63682189e-01 1.45284849e-02 1.45564000e-02 1.45846397e-02 1.46190146e-02 1.46473717e-02 
5.63823138e-01 1.45292675e-02 1.45572489e-02 1.45854732e-02 1.46199139e-02 1.46482762e-02 
5.63964122e-01 1.45299836e-02 1.45581438e-02 1.45863382e-02 1.46208420e-02 1.46492039e-02 
5.64105141e-01 1.45306892e-02 1.45590552e-02 1.45871840e-02 1.46217614e-02 1.46501294e-02 
5.64246196e-01 1.45314043e-02 1.45599772e-02 1.45879926e-02 1.46226794e-02 1.46510610e-02 
5.64387286e-01 1.45321516e-02 1.45609270e-02 1.45888293e-02 1.46236203e-02 1.46520137e-02 
5.64528411e-01 1.45328658e-02 1.45618415e-02 1.45896373e-02 1.46245406e-02 1.46529494e-02 
5.64669572e-01 1.45335839e-02 1.45627508e-02 1.45904702e-02 1.46254544e-02 1.46538909e-02 
5.64810767e-01 1.45343160e-02 1.45636310e-02 1.45913515e-02 1.46263715e-02 1.46548430e-02 
5.64951998e-01 1.45350501e-02 1.45644809e-02 1.45922334e-02 1.46272903e-02 1.46557971e-02 
5.65093265e-01 1.45357964e-02 1.45653302e-02 1.45931267e-02 1.46282118e-02 1.46567621e-02 
5.65234566e-01 1.45365962e-02 1.45662001e-02 1.45940456e-02 1.46291159e-02 1.46577219e-02 
5.65375904e-01 1.45374810e-02 1.45670991e-02 1.45949273e-02 1.46300304e-02 1.46587032e-02 
5.65517276e-01 1.45383702e-02 1.45679980e-02 1.45958286e-02 1.46309377e-02 1.46596840e-02 
5.65658684e-01 1.45392234e-02 1.45688723e-02 1.45967159e-02 1.46318260e-02 1.46606552e-02 
5.65800127e-01 1.45401079e-02 1.45697716e-02 1.45976257e-02 1.46327708e-02 1.46616439e-02 
5.65941605e-01 1.45410262e-02 1.45706995e-02 1.45985616e-02 1.46337431e-02 1.46626520e-02 
5.66083119e-01 1.45418992e-02 1.45715900e-02 1.45994270e-02 1.46346944e-02 1.46636389e-02 
5.66224668e-01 1.45428201e-02 1.45725453e-02 1.46003294e-02 1.46356640e-02 1.46646546e-02 
5.66366253e-01 1.45438130e-02 1.45735539e-02 1.46013050e-02 1.46366323e-02 1.46656818e-02 
5.66507873e-01 1.45446324e-02 1.45743747e-02 1.46021633e-02 1.46375295e-02 1.46666759e-02 
5.66649528e-01 1.45456089e-02 1.45752911e-02 1.46030944e-02 1.46384823e-02 1.46677120e-02 
5.66791219e-01 1.45465551e-02 1.45761828e-02 1.46040056e-02 1.46394147e-02 1.46687361e-02 
5.66932945e-01 1.45475225e-02 1.45770911e-02 1.46049408e-02 1.46403583e-02 1.46697716e-02 
5.67074707e-01 1.45485057e-02 1.45780140e-02 1.46059272e-02 1.46412961e-02 1.46708188e-02 
5.67216504e-01 1.45494659e-02 1.45789215e-02 1.46069194e-02 1.46422440e-02 1.46718603e-02 
5.67358337e-01 1.45505222e-02 1.45799067e-02 1.46079721e-02 1.46432456e-02 1.46729447e-02 
5.67500205e-01 1.45514467e-02 1.45807983e-02 1.46089273e-02 1.46441707e-02 1.46739791e-02 
5.67642109e-01 1.45524363e-02 1.45817384e-02 1.46098964e-02 1.46451293e-02 1.46750464e-02 
5.67784048e-01 1.45534409e-02 1.45827109e-02 1.46108745e-02 1.46460881e-02 1.46761211e-02 
5.67926022e-01 1.45544498e-02 1.45837508e-02 1.46118562e-02 1.46470861e-02 1.46772023e-02 
5.68068032e-01 1.45555757e-02 1.45848704e-02 1.46129532e-02 1.46481756e-02 1.46783672e-02 
5.68210078e-01 1.45565339e-02 1.45857510e-02 1.46138798e-02 1.46492089e-02 1.46794161e-02 
5.68352159e-01 1.45576422e-02 1.45867567e-02 1.46149967e-02 1.46503419e-02 1.46805620e-02 
5.68494275e-01 1.45585903e-02 1.45876562e-02 1.46160100e-02 1.46513032e-02 1.46816112e-02 
5.68636428e-01 1.45596096e-02 1.45886297e-02 1.46170803e-02 1.46523093e-02 1.46827277e-02 
5.68778615e-01 1.45606280e-02 1.45896390e-02 1.46181370e-02 1.46533377e-02 1.46838699e-02 
5.68920838e-01 1.45618077e-02 1.45908181e-02 1.46193307e-02 1.46545044e-02 1.46851214e-02 
5.69063097e-01 1.45626359e-02 1.45916869e-02 1.46202468e-02 1.46554206e-02 1.46861760e-02 
5.69205392e-01 1.45635472e-02 1.45926071e-02 1.46212110e-02 1.46564113e-02 1.46872815e-02 
5.69347722e-01 1.45645915e-02 1.45936723e-02 1.46223009e-02 1.46575463e-02 1.46884666e-02 
5.69490087e-01 1.45655688e-02 1.45946871e-02 1.46233271e-02 1.46586114e-02 1.46896203e-02 
5.69632488e-01 1.45665657e-02 1.45957410e-02 1.46243710e-02 1.46596517e-02 1.46907854e-02 
5.69774925e-01 1.45676437e-02 1.45968755e-02 1.46255163e-02 1.46607616e-02 1.46920087e-02 
5.69917397e-01 1.45686663e-02 1.45979499e-02 1.46266116e-02 1.46618118e-02 1.46931827e-02 
5.70059905e-01 1.45696592e-02 1.45990004e-02 1.46276867e-02 1.46628595e-02 1.46943694e-02 
5.70202449e-01 1.45707211e-02 1.46001175e-02 1.46287692e-02 1.46639572e-02 1.46955937e-02 
5.70345028e-01 1.45718239e-02 1.46012188e-02 1.46298493e-02 1.46650402e-02 1.46968096e-02 
5.70487643e-01 1.45729393e-02 1.46023440e-02 1.46309804e-02 1.46661473e-02 1.46979448e-02 
5.70630294e-01 1.45740500e-02 1.46034628e-02 1.46320982e-02 1.46672374e-02 1.46990692e-02 
5.70772980e-01 1.45751917e-02 1.46046151e-02 1.46332479e-02 1.46683634e-02 1.47002191e-02 
5.70915702e-01 1.45763784e-02 1.46057961e-02 1.46344213e-02 1.46695282e-02 1.47013875e-02 
5.71058460e-01 1.45775027e-02 1.46069320e-02 1.46355573e-02 1.46706792e-02 1.47025322e-02 
5.71201253e-01 1.45787400e-02 1.46081529e-02 1.46367678e-02 1.46719070e-02 1.47037320e-02 
5.71344082e-01 1.45798725e-02 1.46093240e-02 1.46379162e-02 1.46731116e-02 1.47048872e-02 
5.71486947e-01 1.45810145e-02 1.46105039e-02 1.46390844e-02 1.46743574e-02 1.47060664e-02 
5.71629847e-01 1.45821799e-02 1.46116925e-02 1.46402540e-02 1.46755751e-02 1.47072453e-02 
5.71772783e-01 1.45833758e-02 1.46129124e-02 1.46414546e-02 1.46767756e-02 1.47084485e-02 
5.71915755e-01 1.45846580e-02 1.46142067e-02 1.46427638e-02 1.46780308e-02 1.47096961e-02 
5.72058763e-01 1.45858041e-02 1.46153153e-02 1.46438869e-02 1.46791904e-02 1.47108804e-02 
5.72201806e-01 1.45870509e-02 1.46165395e-02 1.46451131e-02 1.46804217e-02 1.47121175e-02 
5.72344885e-01 1.45882695e-02 1.46177545e-02 1.46463334e-02 1.46816382e-02 1.47133474e-02 
5.72488000e-01 1.45895226e-02 1.46190253e-02 1.46475781e-02 1.46828852e-02 1.47145964e-02 
5.72631151e-01 1.45907908e-02 1.46203001e-02 1.46488370e-02 1.46841603e-02 1.47158597e-02 
5.72774338e-01 1.45920646e-02 1.46215796e-02 1.46501013e-02 1.46854401e-02 1.47171302e-02 
5.72917560e-01 1.45933597e-02 1.46228792e-02 1.46513833e-02 1.46866755e-02 1.47184159e-02 
5.73060818e-01 1.45946575e-02 1.46241443e-02 1.46526660e-02 1.46879922e-02 1.47197061e-02 
5.73204112e-01 1.45959516e-02 1.46253799e-02 1.46539524e-02 1.46893011e-02 1.47210029e-02 
5.73347442e-01 1.45972796e-02 1.46266405e-02 1.46552962e-02 1.46906153e-02 1.47223572e-02 
5.73490808e-01 1.45986128e-02 1.46279187e-02 1.46566560e-02 1.46919368e-02 1.47237492e-02 
5.73634209e-01 1.46000208e-02 1.46292968e-02 1.46580677e-02 1.46932832e-02 1.47251850e-02 
5.73777647e-01 1.46013489e-02 1.46306212e-02 1.46594319e-02 1.46945855e-02 1.47265864e-02 
5.73921120e-01 1.46027419e-02 1.46320241e-02 1.46608423e-02 1.46959977e-02 1.47280246e-02 
5.74064629e-01 1.46040847e-02 1.46332788e-02 1.46622324e-02 1.46973853e-02 1.47294546e-02 
5.74208174e-01 1.46054663e-02 1.46346045e-02 1.46635481e-02 1.46988178e-02 1.47309062e-02 
5.74351755e-01 1.46068916e-02 1.46360129e-02 1.46648683e-02 1.47002831e-02 1.47323872e-02 
5.74495372e-01 1.46082864e-02 1.46373632e-02 1.46661784e-02 1.47017303e-02 1.47338610e-02 
5.74639024e-01 1.46097596e-02 1.46387717e-02 1.46676356e-02 1.47031965e-02 1.47353774e-02 
5.74782713e-01 1.46111618e-02 1.46401595e-02 1.46690570e-02 1.47046032e-02 1.47368724e-02 
5.74926438e-01 1.46126579e-02 1.46416169e-02 1.46705421e-02 1.47060399e-02 1.47384159e-02 
5.75070198e-01 1.46141033e-02 1.46430358e-02 1.46719393e-02 1.47074531e-02 1.47399487e-02 
5.75213995e-01 1.46156753e-02 1.46445841e-02 1.46734694e-02 1.47090226e-02 1.47415838e-02 
5.75357827e-01 1.46167843e-02 1.46458486e-02 1.46748132e-02 1.47105088e-02 1.47430827e-02 
5.75501695e-01 1.46181403e-02 1.46472842e-02 1.46763152e-02 1.47121068e-02 1.47446800e-02 
5.75645600e-01 1.46194976e-02 1.46487104e-02 1.46778215e-02 1.47137100e-02 1.47462917e-02 
5.75789540e-01 1.46208707e-02 1.46501376e-02 1.46793485e-02 1.47153298e-02 1.47479701e-02 
5.75933516e-01 1.46222612e-02 1.46515835e-02 1.46808925e-02 1.47169669e-02 1.47496661e-02 
5.76077529e-01 1.46236758e-02 1.46530550e-02 1.46824569e-02 1.47186256e-02 1.47513845e-02 
5.76221577e-01 1.46251055e-02 1.46545479e-02 1.46840332e-02 1.47203059e-02 1.47531197e-02 
5.76365661e-01 1.46266252e-02 1.46561927e-02 1.46856715e-02 1.47220441e-02 1.47548954e-02 
5.76509782e-01 1.46280046e-02 1.46577588e-02 1.46872472e-02 1.47237493e-02 1.47566482e-02 
5.76653938e-01 1.46294469e-02 1.46593620e-02 1.46888671e-02 1.47254798e-02 1.47584362e-02 
5.76798131e-01 1.46309310e-02 1.46610548e-02 1.46905112e-02 1.47271454e-02 1.47601048e-02 
5.76942359e-01 1.46324591e-02 1.46626978e-02 1.46921965e-02 1.47288284e-02 1.47617007e-02 
5.77086624e-01 1.46340253e-02 1.46642901e-02 1.46938660e-02 1.47305823e-02 1.47634314e-02 
5.77230924e-01 1.46357782e-02 1.46659217e-02 1.46955742e-02 1.47323436e-02 1.47652631e-02 
5.77375261e-01 1.46375263e-02 1.46675615e-02 1.46972873e-02 1.47340582e-02 1.47671065e-02 
5.77519634e-01 1.46393491e-02 1.46692797e-02 1.46990500e-02 1.47358782e-02 1.47689984e-02 
5.77664043e-01 1.46411237e-02 1.46709695e-02 1.47008150e-02 1.47376944e-02 1.47708937e-02 
5.77808488e-01 1.46427281e-02 1.46727018e-02 1.47026104e-02 1.47395303e-02 1.47728222e-02 
5.77952969e-01 1.46444793e-02 1.46744435e-02 1.47044131e-02 1.47413700e-02 1.47747694e-02 
5.78097486e-01 1.46464000e-02 1.46763476e-02 1.47063280e-02 1.47433188e-02 1.47768002e-02 
5.78242040e-01 1.46481502e-02 1.46780931e-02 1.47081017e-02 1.47451423e-02 1.47787492e-02 
5.78386629e-01 1.46501021e-02 1.46800362e-02 1.47100080e-02 1.47470849e-02 1.47807998e-02 
5.78531255e-01 1.46519372e-02 1.46819265e-02 1.47119217e-02 1.47490079e-02 1.47828523e-02 
5.78675917e-01 1.46538645e-02 1.46838252e-02 1.47139036e-02 1.47509637e-02 1.47849450e-02 
5.78820615e-01 1.46558524e-02 1.46857094e-02 1.47159489e-02 1.47530695e-02 1.47870885e-02 
5.78965349e-01 1.46578600e-02 1.46875628e-02 1.47179717e-02 1.47551195e-02 1.47892339e-02 
5.79110120e-01 1.46599202e-02 1.46894655e-02 1.47200019e-02 1.47572781e-02 1.47914249e-02 
5.79254926e-01 1.46618742e-02 1.46913977e-02 1.47220848e-02 1.47594528e-02 1.47936485e-02 
5.79399769e-01 1.46639537e-02 1.46933641e-02 1.47241305e-02 1.47615591e-02 1.47959130e-02 
5.79544648e-01 1.46660926e-02 1.46954021e-02 1.47263818e-02 1.47637113e-02 1.47982579e-02 
5.79689563e-01 1.46681128e-02 1.46974735e-02 1.47286573e-02 1.47661178e-02 1.48006301e-02 
5.79834515e-01 1.46701018e-02 1.46995902e-02 1.47308450e-02 1.47684833e-02 1.48030154e-02 
5.79979503e-01 1.46721581e-02 1.47017979e-02 1.47330668e-02 1.47708087e-02 1.48054608e-02 
5.80124527e-01 1.46742779e-02 1.47040228e-02 1.47353434e-02 1.47731845e-02 1.48079624e-02 
5.80269587e-01 1.46763944e-02 1.47062800e-02 1.47376757e-02 1.47756543e-02 1.48104909e-02 
5.80414683e-01 1.46785741e-02 1.47085934e-02 1.47400599e-02 1.47781798e-02 1.48130780e-02 
5.80559816e-01 1.46807752e-02 1.47109308e-02 1.47424931e-02 1.47807484e-02 1.48159457e-02 
5.80704985e-01 1.46830287e-02 1.47132702e-02 1.47449283e-02 1.47833559e-02 1.48189831e-02 
5.80850191e-01 1.46854062e-02 1.47157240e-02 1.47473931e-02 1.47860173e-02 1.48221060e-02 
5.80995433e-01 1.46876580e-02 1.47181620e-02 1.47498418e-02 1.47886552e-02 1.48251157e-02 
5.81140711e-01 1.46900533e-02 1.47206313e-02 1.47524864e-02 1.47913527e-02 1.48277822e-02 
5.81286025e-01 1.46924939e-02 1.47231774e-02 1.47551988e-02 1.47941530e-02 1.48305162e-02 
5.81431376e-01 1.46949491e-02 1.47257625e-02 1.47578324e-02 1.47970118e-02 1.48332959e-02 
5.81576763e-01 1.46974651e-02 1.47284097e-02 1.47606407e-02 1.48000531e-02 1.48361395e-02 
5.81722186e-01 1.47000003e-02 1.47310132e-02 1.47634039e-02 1.48031139e-02 1.48390289e-02 
5.81867646e-01 1.47025677e-02 1.47337089e-02 1.47662774e-02 1.48062377e-02 1.48419801e-02 
5.82013142e-01 1.47052492e-02 1.47364383e-02 1.47694130e-02 1.48094614e-02 1.48451461e-02 
5.82158675e-01 1.47079284e-02 1.47391770e-02 1.47721974e-02 1.48126865e-02 1.48484394e-02 
5.82304244e-01 1.47106918e-02 1.47420875e-02 1.47752813e-02 1.48157849e-02 1.48518310e-02 
5.82449849e-01 1.47135026e-02 1.47451422e-02 1.47784326e-02 1.48188001e-02 1.48552971e-02 
5.82595491e-01 1.47163709e-02 1.47481780e-02 1.47817457e-02 1.48219904e-02 1.48588476e-02 
5.82741169e-01 1.47196298e-02 1.47513124e-02 1.47850671e-02 1.48254139e-02 1.48625056e-02 
5.82886883e-01 1.47229140e-02 1.47545392e-02 1.47884354e-02 1.48289137e-02 1.48662530e-02 
5.83032634e-01 1.47262033e-02 1.47580020e-02 1.47919847e-02 1.48327466e-02 1.48701959e-02 
5.83178422e-01 1.47293401e-02 1.47612744e-02 1.47954487e-02 1.48364820e-02 1.48740659e-02 
5.83324246e-01 1.47325447e-02 1.47647608e-02 1.47992375e-02 1.48401838e-02 1.48779991e-02 
5.83470106e-01 1.47359242e-02 1.47685203e-02 1.48028491e-02 1.48440263e-02 1.48819658e-02 
5.83616003e-01 1.47394172e-02 1.47723452e-02 1.48068285e-02 1.48481377e-02 1.48862376e-02 
5.83761936e-01 1.47432559e-02 1.47761128e-02 1.48109764e-02 1.48523906e-02 1.48910793e-02 
5.83907906e-01 1.47470222e-02 1.47798110e-02 1.48149485e-02 1.48566635e-02 1.48956038e-02 
5.84053912e-01 1.47510196e-02 1.47838898e-02 1.48192030e-02 1.48609718e-02 1.49002441e-02 
5.84199955e-01 1.47551126e-02 1.47879864e-02 1.48237554e-02 1.48653176e-02 1.49049643e-02 
5.84346035e-01 1.47593532e-02 1.47922278e-02 1.48281588e-02 1.48697840e-02 1.49098605e-02 
5.84492150e-01 1.47637262e-02 1.47967044e-02 1.48327112e-02 1.48744056e-02 1.49149290e-02 
5.84638303e-01 1.47682358e-02 1.48013073e-02 1.48376848e-02 1.48795804e-02 1.49201804e-02 
5.84784492e-01 1.47729020e-02 1.48060246e-02 1.48427708e-02 1.48846612e-02 1.49256222e-02 
5.84930717e-01 1.47777596e-02 1.48112515e-02 1.48478021e-02 1.48901649e-02 1.49312995e-02 
5.85076979e-01 1.47827397e-02 1.48165349e-02 1.48532854e-02 1.48960561e-02 1.49371656e-02 
5.85223278e-01 1.47879492e-02 1.48219005e-02 1.48590176e-02 1.49021564e-02 1.49432946e-02 
5.85369613e-01 1.47933214e-02 1.48274376e-02 1.48648814e-02 1.49083464e-02 1.49496961e-02 
5.85515985e-01 1.47987787e-02 1.48332037e-02 1.48709923e-02 1.49150645e-02 1.49563703e-02 
5.85662393e-01 1.48045572e-02 1.48392839e-02 1.48773058e-02 1.49220260e-02 1.49633632e-02 
5.85808838e-01 1.48110486e-02 1.48455255e-02 1.48839638e-02 1.49291361e-02 1.49706618e-02 
5.85955320e-01 1.48175046e-02 1.48521865e-02 1.48912257e-02 1.49365441e-02 1.49783460e-02 
5.86101838e-01 1.48242981e-02 1.48590144e-02 1.48988837e-02 1.49445759e-02 1.49864359e-02 
5.86248393e-01 1.48316368e-02 1.48662737e-02 1.49070589e-02 1.49528578e-02 1.49953540e-02 
5.86394985e-01 1.48390030e-02 1.48738717e-02 1.49153430e-02 1.49616286e-02 1.50046667e-02 
5.86541613e-01 1.48470016e-02 1.48825842e-02 1.49241155e-02 1.49712237e-02 1.50148852e-02 
5.86688278e-01 1.48555111e-02 1.48913787e-02 1.49334729e-02 1.49814563e-02 1.50251350e-02 
5.86834979e-01 1.48647613e-02 1.49007960e-02 1.49434987e-02 1.49920369e-02 1.50362215e-02 
5.86981718e-01 1.48747453e-02 1.49107574e-02 1.49546471e-02 1.50035639e-02 1.50479220e-02 
5.87128493e-01 1.48855755e-02 1.49221165e-02 1.49669516e-02 1.50158383e-02 1.50618287e-02 
5.87275304e-01 1.48981969e-02 1.49356531e-02 1.49812914e-02 1.50302552e-02 1.50783505e-02 
5.87422153e-01 1.49136727e-02 1.49521781e-02 1.49989507e-02 1.50492166e-02 1.50975856e-02 
5.87569038e-01 1.49312508e-02 1.49709380e-02 1.50187879e-02 1.50693225e-02 1.51190431e-02 
5.87715959e-01 1.49501408e-02 1.49916917e-02 1.50404149e-02 1.50922714e-02 1.51431931e-02 
5.87862918e-01 1.49724217e-02 1.50153125e-02 1.50655080e-02 1.51185482e-02 1.51710922e-02 
5.88009913e-01 1.49982835e-02 1.50434851e-02 1.50952610e-02 1.51495113e-02 1.52032255e-02 
5.88156945e-01 1.50284328e-02 1.50762589e-02 1.51290978e-02 1.51859165e-02 1.52399106e-02 
5.88304014e-01 1.50645215e-02 1.51147174e-02 1.51695226e-02 1.52288228e-02 1.52844904e-02 
5.88451120e-01 1.51086125e-02 1.51613827e-02 1.52199741e-02 1.52819368e-02 1.53402121e-02 
5.88598262e-01 1.51641856e-02 1.52216009e-02 1.52843609e-02 1.53495289e-02 1.54124335e-02 
5.88745441e-01 1.52441312e-02 1.53054812e-02 1.53740282e-02 1.54424715e-02 1.55117977e-02 
5.88892657e-01 1.53665795e-02 1.54367015e-02 1.55139994e-02 1.55889972e-02 1.56628659e-02 
5.89039910e-01 1.56195101e-02 1.57090291e-02 1.57960452e-02 1.58799647e-02 1.59594164e-02 
5.89187199e-01 1.61020750e-02 1.62001460e-02 1.62970188e-02 1.64003395e-02 1.64956897e-02 
5.89334526e-01 1.54985176e-02 1.55806281e-02 1.56646102e-02 1.57455088e-02 1.58223007e-02 
5.89481889e-01 1.53797069e-02 1.54513036e-02 1.55294490e-02 1.56049320e-02 1.56793911e-02 
5.89629289e-01 1.55016768e-02 1.55839689e-02 1.56680176e-02 1.57491855e-02 1.58260264e-02 
5.89776726e-01 1.60991929e-02 1.61960151e-02 1.62931045e-02 1.63965514e-02 1.64921207e-02 
5.89924200e-01 1.54059875e-02 1.54803780e-02 1.55601602e-02 1.56364482e-02 1.57107857e-02 
5.90071710e-01 1.52413626e-02 1.53023772e-02 1.53707960e-02 1.54389991e-02 1.55082016e-02 
5.90219258e-01 1.51517586e-02 1.52084408e-02 1.52699251e-02 1.53342578e-02 1.53962450e-02 
5.90366843e-01 1.50940392e-02 1.51456549e-02 1.52027302e-02 1.52635919e-02 1.53211509e-02 
5.90514464e-01 1.50496050e-02 1.50990465e-02 1.51527994e-02 1.52112226e-02 1.52662041e-02 
5.90662122e-01 1.50142976e-02 1.50609860e-02 1.51135290e-02 1.51690363e-02 1.52230518e-02 
5.90809817e-01 1.49850077e-02 1.50289501e-02 1.50803526e-02 1.51341003e-02 1.51871545e-02 
5.90957550e-01 1.49609502e-02 1.50027862e-02 1.50520430e-02 1.51043536e-02 1.51562913e-02 
5.91105319e-01 1.49392513e-02 1.49795840e-02 1.50277899e-02 1.50787426e-02 1.51292750e-02 
5.91253125e-01 1.49218613e-02 1.49605269e-02 1.50077360e-02 1.50581749e-02 1.51066568e-02 
5.91400968e-01 1.49065500e-02 1.49439078e-02 1.49900903e-02 1.50395941e-02 1.50874520e-02 
5.91548848e-01 1.48920635e-02 1.49292173e-02 1.49743142e-02 1.50234931e-02 1.50701821e-02 
5.91696765e-01 1.48792098e-02 1.49157773e-02 1.49603361e-02 1.50088428e-02 1.50547725e-02 
5.91844718e-01 1.48688659e-02 1.49048355e-02 1.49482086e-02 1.49969005e-02 1.50412077e-02 
5.91992709e-01 1.48593387e-02 1.48953632e-02 1.49376683e-02 1.49858461e-02 1.50298163e-02 
5.92140737e-01 1.48505288e-02 1.48862569e-02 1.49280042e-02 1.49755271e-02 1.50192147e-02 
5.92288802e-01 1.48423756e-02 1.48776232e-02 1.49191087e-02 1.49657879e-02 1.50091914e-02 
5.92436904e-01 1.48347371e-02 1.48694418e-02 1.49105496e-02 1.49565777e-02 1.49993752e-02 
5.92585043e-01 1.48273994e-02 1.48620593e-02 1.49023951e-02 1.49481523e-02 1.49903322e-02 
5.92733219e-01 1.48205005e-02 1.48553108e-02 1.48947031e-02 1.49400894e-02 1.49820208e-02 
5.92881432e-01 1.48139789e-02 1.48486781e-02 1.48873568e-02 1.49325938e-02 1.49742431e-02 
5.93029682e-01 1.48076383e-02 1.48420624e-02 1.48803392e-02 1.49253406e-02 1.49667803e-02 
5.93177970e-01 1.48014888e-02 1.48360154e-02 1.48739741e-02 1.49183847e-02 1.49597293e-02 
5.93326294e-01 1.47959355e-02 1.48301063e-02 1.48678494e-02 1.49116199e-02 1.49529614e-02 
5.93474655e-01 1.47904986e-02 1.48245403e-02 1.48618883e-02 1.49051773e-02 1.49465090e-02 
5.93623054e-01 1.47852269e-02 1.48192009e-02 1.48562110e-02 1.48992114e-02 1.49403205e-02 
5.93771489e-01 1.47801894e-02 1.48140055e-02 1.48506713e-02 1.48932573e-02 1.49343946e-02 
5.93919962e-01 1.47752912e-02 1.48087777e-02 1.48453460e-02 1.48875232e-02 1.49286798e-02 
5.94068472e-01 1.47705964e-02 1.48037498e-02 1.48404384e-02 1.48823728e-02 1.49231962e-02 
5.94217019e-01 1.47660425e-02 1.47991636e-02 1.48354070e-02 1.48773069e-02 1.49179068e-02 
5.94365603e-01 1.47616595e-02 1.47947148e-02 1.48306910e-02 1.48724058e-02 1.49128137e-02 
5.94514224e-01 1.47574952e-02 1.47904659e-02 1.48263273e-02 1.48679632e-02 1.49079358e-02 
5.94662883e-01 1.47533439e-02 1.47863536e-02 1.48220371e-02 1.48636124e-02 1.49031905e-02 
5.94811578e-01 1.47493497e-02 1.47822949e-02 1.48176073e-02 1.48593543e-02 1.48985763e-02 
5.94960311e-01 1.47454995e-02 1.47783307e-02 1.48135000e-02 1.48551377e-02 1.48940191e-02 
5.95109081e-01 1.47415943e-02 1.47745703e-02 1.48094330e-02 1.48508091e-02 1.48894891e-02 
5.95257888e-01 1.47380939e-02 1.47709486e-02 1.48055264e-02 1.48467494e-02 1.48847624e-02 
5.95406733e-01 1.47345853e-02 1.47672252e-02 1.48017429e-02 1.48428120e-02 1.48807784e-02 
5.95555614e-01 1.47311458e-02 1.47635047e-02 1.47980607e-02 1.48390352e-02 1.48768785e-02 
5.95704533e-01 1.47279266e-02 1.47600936e-02 1.47943176e-02 1.48353684e-02 1.48729480e-02 
5.95853489e-01 1.47249007e-02 1.47570370e-02 1.47909801e-02 1.48317649e-02 1.48692081e-02 
5.96002482e-01 1.47217155e-02 1.47535925e-02 1.47875185e-02 1.48280487e-02 1.48653563e-02 
5.96151513e-01 1.47187040e-02 1.47504338e-02 1.47842938e-02 1.48246203e-02 1.48617089e-02 
5.96300581e-01 1.47157413e-02 1.47475476e-02 1.47810303e-02 1.48214128e-02 1.48582317e-02 
5.96449686e-01 1.47127096e-02 1.47443741e-02 1.47777746e-02 1.48181234e-02 1.48546735e-02 
5.96598828e-01 1.47099713e-02 1.47414943e-02 1.47746775e-02 1.48151633e-02 1.48512927e-02 
5.96748008e-01 1.47072837e-02 1.47386815e-02 1.47716846e-02 1.48121829e-02 1.48480004e-02 
5.96897225e-01 1.47046728e-02 1.47360254e-02 1.47690156e-02 1.48090654e-02 1.48448214e-02 
5.97046479e-01 1.47018895e-02 1.47332030e-02 1.47659174e-02 1.48058603e-02 1.48415768e-02 
5.97195771e-01 1.46993033e-02 1.47305602e-02 1.47630097e-02 1.48028362e-02 1.48386925e-02 
5.97345100e-01 1.46967554e-02 1.47279618e-02 1.47603654e-02 1.47998634e-02 1.48358574e-02 
5.97494466e-01 1.46942835e-02 1.47254109e-02 1.47576211e-02 1.47969216e-02 1.48330756e-02 
5.97643870e-01 1.46918795e-02 1.47227813e-02 1.47550293e-02 1.47940679e-02 1.48303547e-02 
5.97793311e-01 1.46896692e-02 1.47204273e-02 1.47525791e-02 1.47913985e-02 1.48277465e-02 
5.97942789e-01 1.46889097e-02 1.47190401e-02 1.47509279e-02 1.47894269e-02 1.48256729e-02 
5.98092305e-01 1.46849363e-02 1.47154018e-02 1.47473879e-02 1.47860250e-02 1.48224262e-02 
5.98241858e-01 1.46827805e-02 1.47130644e-02 1.47450501e-02 1.47834595e-02 1.48194532e-02 
5.98391449e-01 1.46805346e-02 1.47106991e-02 1.47426301e-02 1.47808781e-02 1.48164723e-02 
5.98541076e-01 1.46785122e-02 1.47084860e-02 1.47404550e-02 1.47784224e-02 1.48136340e-02 
5.98690742e-01 1.46763216e-02 1.47061841e-02 1.47381196e-02 1.47759332e-02 1.48109510e-02 
5.98840445e-01 1.46741241e-02 1.47038691e-02 1.47357244e-02 1.47734794e-02 1.48084314e-02 
5.98990185e-01 1.46719833e-02 1.47016479e-02 1.47333924e-02 1.47712244e-02 1.48059639e-02 
5.99139962e-01 1.46699397e-02 1.46995317e-02 1.47311902e-02 1.47690419e-02 1.48035665e-02 
5.99289778e-01 1.46679278e-02 1.46974945e-02 1.47290186e-02 1.47668237e-02 1.48012105e-02 
5.99439630e-01 1.46659336e-02 1.46955617e-02 1.47268528e-02 1.47645419e-02 1.47989338e-02 
5.99589520e-01 1.46641691e-02 1.46939150e-02 1.47249366e-02 1.47624878e-02 1.47968413e-02 
5.99739448e-01 1.46617491e-02 1.46916403e-02 1.47226353e-02 1.47601945e-02 1.47943843e-02 
5.99889413e-01 1.46599138e-02 1.46898828e-02 1.47207789e-02 1.47582161e-02 1.47922761e-02 
6.00039415e-01 1.46577396e-02 1.46878466e-02 1.47186751e-02 1.47559645e-02 1.47900053e-02 
6.00189455e-01 1.46560626e-02 1.46862058e-02 1.47168279e-02 1.47540750e-02 1.47880103e-02 
6.00339533e-01 1.46539529e-02 1.46841523e-02 1.47146155e-02 1.47518827e-02 1.47857925e-02 
6.00489648e-01 1.46523709e-02 1.46825568e-02 1.47128964e-02 1.47500832e-02 1.47839292e-02 
6.00639800e-01 1.46503821e-02 1.46805080e-02 1.47107718e-02 1.47479954e-02 1.47817294e-02 
6.00789990e-01 1.46485138e-02 1.46786519e-02 1.47089391e-02 1.47461137e-02 1.47797436e-02 
6.00940218e-01 1.46467217e-02 1.46769641e-02 1.47071693e-02 1.47442700e-02 1.47778127e-02 
6.01090483e-01 1.46448292e-02 1.46751917e-02 1.47053899e-02 1.47424338e-02 1.47758573e-02 
6.01240786e-01 1.46430736e-02 1.46734606e-02 1.47034795e-02 1.47406010e-02 1.47739219e-02 
6.01391127e-01 1.46415642e-02 1.46718297e-02 1.47017164e-02 1.47388525e-02 1.47720728e-02 
6.01541505e-01 1.46399839e-02 1.46701856e-02 1.47000363e-02 1.47371158e-02 1.47702524e-02 
6.01691920e-01 1.46381380e-02 1.46683876e-02 1.46982178e-02 1.47352730e-02 1.47683794e-02 
6.01842373e-01 1.46363426e-02 1.46667640e-02 1.46965278e-02 1.47335974e-02 1.47665274e-02 
6.01992864e-01 1.46348646e-02 1.46651820e-02 1.46948672e-02 1.47319648e-02 1.47647428e-02 
6.02143393e-01 1.46333273e-02 1.46635717e-02 1.46932135e-02 1.47301961e-02 1.47629592e-02 
6.02293959e-01 1.46324744e-02 1.46624550e-02 1.46920547e-02 1.47287706e-02 1.47614997e-02 
6.02444563e-01 1.46304319e-02 1.46604469e-02 1.46899738e-02 1.47267278e-02 1.47596361e-02 
6.02595204e-01 1.46289368e-02 1.46588679e-02 1.46883211e-02 1.47249861e-02 1.47580124e-02 
6.02745883e-01 1.46275029e-02 1.46573328e-02 1.46867216e-02 1.47233474e-02 1.47562700e-02 
6.02896600e-01 1.46260928e-02 1.46558205e-02 1.46851514e-02 1.47216984e-02 1.47545535e-02 
6.03047354e-01 1.46247032e-02 1.46543401e-02 1.46836278e-02 1.47200729e-02 1.47528571e-02 
6.03198146e-01 1.46238033e-02 1.46533218e-02 1.46825153e-02 1.47187953e-02 1.47514035e-02 
6.03348976e-01 1.46219495e-02 1.46514514e-02 1.46806600e-02 1.47169503e-02 1.47495819e-02 
6.03499844e-01 1.46204381e-02 1.46498363e-02 1.46790713e-02 1.47152840e-02 1.47479178e-02 
6.03650749e-01 1.46190717e-02 1.46483414e-02 1.46777114e-02 1.47137454e-02 1.47463550e-02 
6.03801692e-01 1.46176467e-02 1.46468131e-02 1.46762385e-02 1.47121852e-02 1.47447810e-02 
6.03952673e-01 1.46164018e-02 1.46455728e-02 1.46750035e-02 1.47108536e-02 1.47433770e-02 
6.04103691e-01 1.46146400e-02 1.46438549e-02 1.46733905e-02 1.47091982e-02 1.47417102e-02 
6.04254748e-01 1.46133054e-02 1.46425183e-02 1.46721027e-02 1.47078939e-02 1.47402660e-02 
6.04405842e-01 1.46117022e-02 1.46409635e-02 1.46705604e-02 1.47064337e-02 1.47387066e-02 
6.04556973e-01 1.46102734e-02 1.46395499e-02 1.46691709e-02 1.47050714e-02 1.47372348e-02 
6.04708143e-01 1.46088392e-02 1.46381379e-02 1.46677293e-02 1.47036771e-02 1.47357681e-02 
6.04859350e-01 1.46073772e-02 1.46367303e-02 1.46662754e-02 1.47022351e-02 1.47342959e-02 
6.05010596e-01 1.46059911e-02 1.46354291e-02 1.46648975e-02 1.47008444e-02 1.47328682e-02 
6.05161879e-01 1.46045945e-02 1.46341579e-02 1.46635577e-02 1.46994509e-02 1.47314404e-02 
6.05313200e-01 1.46033037e-02 1.46329839e-02 1.46622826e-02 1.46981411e-02 1.47300799e-02 
6.05464558e-01 1.46018127e-02 1.46316347e-02 1.46608264e-02 1.46966890e-02 1.47286133e-02 
6.05615955e-01 1.46005548e-02 1.46304791e-02 1.46595806e-02 1.46954002e-02 1.47272756e-02 
6.05767389e-01 1.45991238e-02 1.46291834e-02 1.46582137e-02 1.46940106e-02 1.47258586e-02 
6.05918862e-01 1.45977889e-02 1.46279065e-02 1.46569184e-02 1.46927127e-02 1.47244939e-02 
6.06070372e-01 1.45965309e-02 1.46266177e-02 1.46556370e-02 1.46914237e-02 1.47231444e-02 
6.06221920e-01 1.45954714e-02 1.46254654e-02 1.46545236e-02 1.46902525e-02 1.47219004e-02 
6.06373506e-01 1.45940753e-02 1.46240980e-02 1.46531856e-02 1.46888422e-02 1.47205607e-02 
6.06525130e-01 1.45928743e-02 1.46228966e-02 1.46519722e-02 1.46875871e-02 1.47193103e-02 
6.06676791e-01 1.45916752e-02 1.46217354e-02 1.46507190e-02 1.46863542e-02 1.47180720e-02 
6.06828491e-01 1.45904827e-02 1.46205514e-02 1.46494213e-02 1.46851252e-02 1.47168355e-02 
6.06980229e-01 1.45892990e-02 1.46193565e-02 1.46481506e-02 1.46839199e-02 1.47156126e-02 
6.07132004e-01 1.45882884e-02 1.46182939e-02 1.46470359e-02 1.46828233e-02 1.47144694e-02 
6.07283818e-01 1.45869652e-02 1.46169714e-02 1.46457337e-02 1.46815292e-02 1.47131989e-02 
6.07435669e-01 1.45858028e-02 1.46157689e-02 1.46445332e-02 1.46803430e-02 1.47120016e-02 
6.07587559e-01 1.45846703e-02 1.46146611e-02 1.46433889e-02 1.46791617e-02 1.47108465e-02 
6.07739486e-01 1.45833992e-02 1.46134055e-02 1.46421655e-02 1.46778732e-02 1.47096409e-02 
6.07891451e-01 1.45821991e-02 1.46121988e-02 1.46409858e-02 1.46766466e-02 1.47084677e-02 
6.08043455e-01 1.45813505e-02 1.46112618e-02 1.46400245e-02 1.46756586e-02 1.47074472e-02 
6.08195496e-01 1.45799756e-02 1.46099422e-02 1.46387460e-02 1.46743847e-02 1.47062127e-02 
6.08347576e-01 1.45789300e-02 1.46088659e-02 1.46376713e-02 1.46733056e-02 1.47051171e-02 
6.08499693e-01 1.45775714e-02 1.46075590e-02 1.46364288e-02 1.46720751e-02 1.47038934e-02 
6.08651849e-01 1.45764210e-02 1.46064113e-02 1.46353873e-02 1.46709804e-02 1.47027673e-02 
6.08804042e-01 1.45753160e-02 1.46052963e-02 1.46343605e-02 1.46699041e-02 1.47016606e-02 
6.08956274e-01 1.45741922e-02 1.46041731e-02 1.46333421e-02 1.46688320e-02 1.47005551e-02 
6.09108543e-01 1.45730710e-02 1.46030483e-02 1.46322678e-02 1.46677517e-02 1.46994490e-02 
6.09260851e-01 1.45720068e-02 1.46019772e-02 1.46312341e-02 1.46667125e-02 1.46983731e-02 
6.09413197e-01 1.45708280e-02 1.46008407e-02 1.46301186e-02 1.46656133e-02 1.46972558e-02 
6.09565581e-01 1.45698069e-02 1.45998195e-02 1.46290281e-02 1.46645990e-02 1.46962040e-02 
6.09718003e-01 1.45687047e-02 1.45987436e-02 1.46279544e-02 1.46635211e-02 1.46951249e-02 
6.09870463e-01 1.45676075e-02 1.45976713e-02 1.46268896e-02 1.46624646e-02 1.46940520e-02 
6.10022961e-01 1.45666021e-02 1.45966903e-02 1.46258594e-02 1.46614158e-02 1.46930193e-02 
6.10175498e-01 1.45655602e-02 1.45956888e-02 1.46248104e-02 1.46603590e-02 1.46919759e-02 
6.10328072e-01 1.45643893e-02 1.45946020e-02 1.46237190e-02 1.46592930e-02 1.46908866e-02 
6.10480685e-01 1.45634392e-02 1.45936585e-02 1.46227632e-02 1.46583277e-02 1.46898845e-02 
6.10633336e-01 1.45623266e-02 1.45926227e-02 1.46216820e-02 1.46572531e-02 1.46888264e-02 
6.10786025e-01 1.45614300e-02 1.45918698e-02 1.46207711e-02 1.46562471e-02 1.46879035e-02 
6.10938752e-01 1.45602655e-02 1.45906742e-02 1.46196239e-02 1.46551048e-02 1.46867815e-02 
6.11091517e-01 1.45592263e-02 1.45897017e-02 1.46185851e-02 1.46541412e-02 1.46857631e-02 
6.11244321e-01 1.45582242e-02 1.45887455e-02 1.46175647e-02 1.46531869e-02 1.46847597e-02 
6.11397163e-01 1.45572474e-02 1.45877897e-02 1.46165495e-02 1.46522342e-02 1.46837564e-02 
6.11550043e-01 1.45563709e-02 1.45868587e-02 1.46155938e-02 1.46513009e-02 1.46827930e-02 
6.11702961e-01 1.45553630e-02 1.45858018e-02 1.46145502e-02 1.46502994e-02 1.46817184e-02 
6.11855918e-01 1.45544186e-02 1.45847820e-02 1.46135480e-02 1.46493048e-02 1.46806725e-02 
6.12008912e-01 1.45535378e-02 1.45838226e-02 1.46125874e-02 1.46483482e-02 1.46796533e-02 
6.12161945e-01 1.45526193e-02 1.45828165e-02 1.46115541e-02 1.46473671e-02 1.46786325e-02 
6.12315016e-01 1.45518064e-02 1.45819738e-02 1.46106908e-02 1.46464545e-02 1.46776845e-02 
6.12468126e-01 1.45506292e-02 1.45808340e-02 1.46095833e-02 1.46453603e-02 1.46765648e-02 
6.12621274e-01 1.45497643e-02 1.45799530e-02 1.46087012e-02 1.46444354e-02 1.46756130e-02 
6.12774460e-01 1.45493233e-02 1.45793650e-02 1.46082347e-02 1.46437543e-02 1.46749170e-02 
6.12927684e-01 1.45476753e-02 1.45778089e-02 1.46067115e-02 1.46423938e-02 1.46735342e-02 
6.13080947e-01 1.45468243e-02 1.45769058e-02 1.46058808e-02 1.46414868e-02 1.46726131e-02 
6.13234248e-01 1.45457431e-02 1.45758177e-02 1.46048315e-02 1.46404468e-02 1.46715500e-02 
6.13387587e-01 1.45448254e-02 1.45748679e-02 1.46039323e-02 1.46395026e-02 1.46705907e-02 
6.13540965e-01 1.45438593e-02 1.45738732e-02 1.46030326e-02 1.46385570e-02 1.46696044e-02 
6.13694381e-01 1.45429310e-02 1.45729660e-02 1.46022025e-02 1.46376407e-02 1.46686440e-02 
6.13847836e-01 1.45421538e-02 1.45722308e-02 1.46014625e-02 1.46368010e-02 1.46677514e-02 
6.14001328e-01 1.45411912e-02 1.45712912e-02 1.46005565e-02 1.46358336e-02 1.46667508e-02 
6.14154860e-01 1.45402265e-02 1.45703701e-02 1.45995665e-02 1.46348599e-02 1.46657485e-02 
6.14308429e-01 1.45393820e-02 1.45695693e-02 1.45986509e-02 1.46339611e-02 1.46648117e-02 
6.14462037e-01 1.45388405e-02 1.45690143e-02 1.45979757e-02 1.46332507e-02 1.46640417e-02 
6.14615684e-01 1.45376930e-02 1.45679541e-02 1.45968208e-02 1.46321366e-02 1.46629377e-02 
6.14769368e-01 1.45370776e-02 1.45675480e-02 1.45962031e-02 1.46313827e-02 1.46622894e-02 
6.14923092e-01 1.45367903e-02 1.45671602e-02 1.45956578e-02 1.46307845e-02 1.46615720e-02 
6.15076853e-01 1.45352185e-02 1.45655266e-02 1.45941727e-02 1.46293965e-02 1.46602011e-02 
6.15230653e-01 1.45343449e-02 1.45646241e-02 1.45933009e-02 1.46284496e-02 1.46592645e-02 
6.15384492e-01 1.45334868e-02 1.45637373e-02 1.45924343e-02 1.46275254e-02 1.46583338e-02 
6.15538369e-01 1.45328530e-02 1.45630764e-02 1.45917480e-02 1.46267825e-02 1.46575406e-02 
6.15692285e-01 1.45318876e-02 1.45620889e-02 1.45908167e-02 1.46258205e-02 1.46565764e-02 
6.15846239e-01 1.45311784e-02 1.45613477e-02 1.45900206e-02 1.46250255e-02 1.46557281e-02 
6.16000231e-01 1.45304719e-02 1.45605901e-02 1.45891973e-02 1.46242360e-02 1.46548582e-02 
6.16154262e-01 1.45294578e-02 1.45595645e-02 1.45881247e-02 1.46232438e-02 1.46538999e-02 
6.16308332e-01 1.45286347e-02 1.45587388e-02 1.45872521e-02 1.46223662e-02 1.46530222e-02 
6.16462440e-01 1.45277414e-02 1.45578439e-02 1.45863621e-02 1.46214407e-02 1.46521148e-02 
6.16616586e-01 1.45269339e-02 1.45570111e-02 1.45855814e-02 1.46205750e-02 1.46512558e-02 
6.16770771e-01 1.45260731e-02 1.45561521e-02 1.45846796e-02 1.46196768e-02 1.46503661e-02 
6.16924995e-01 1.45253039e-02 1.45553780e-02 1.45838703e-02 1.46188385e-02 1.46495307e-02 
6.17079257e-01 1.45244254e-02 1.45545023e-02 1.45830087e-02 1.46179318e-02 1.46486358e-02 
6.17233558e-01 1.45237526e-02 1.45538132e-02 1.45823229e-02 1.46171584e-02 1.46478518e-02 
6.17387897e-01 1.45228814e-02 1.45529594e-02 1.45814816e-02 1.46162610e-02 1.46469664e-02 
6.17542275e-01 1.45222202e-02 1.45523103e-02 1.45808128e-02 1.46154975e-02 1.46462060e-02 
6.17696692e-01 1.45214007e-02 1.45514705e-02 1.45799775e-02 1.46146253e-02 1.46453215e-02 
6.17851147e-01 1.45206114e-02 1.45507211e-02 1.45791869e-02 1.46137861e-02 1.46445117e-02 
6.18005641e-01 1.45196711e-02 1.45497379e-02 1.45782610e-02 1.46128496e-02 1.46435868e-02 
6.18160174e-01 1.45189781e-02 1.45489861e-02 1.45775128e-02 1.46120668e-02 1.46428052e-02 
6.18314745e-01 1.45180806e-02 1.45480719e-02 1.45766123e-02 1.46111622e-02 1.46419233e-02 
6.18469354e-01 1.45174191e-02 1.45474552e-02 1.45758912e-02 1.46103994e-02 1.46411609e-02 
6.18624003e-01 1.45165145e-02 1.45465635e-02 1.45749898e-02 1.46094942e-02 1.46402751e-02 
6.18778690e-01 1.45158338e-02 1.45459032e-02 1.45742634e-02 1.46087244e-02 1.46395092e-02 
6.18933416e-01 1.45150509e-02 1.45451166e-02 1.45734477e-02 1.46078925e-02 1.46386913e-02 
6.19088180e-01 1.45142684e-02 1.45443185e-02 1.45726411e-02 1.46070626e-02 1.46378664e-02 
6.19242983e-01 1.45134656e-02 1.45435011e-02 1.45718168e-02 1.46062230e-02 1.46370474e-02 
6.19397825e-01 1.45126852e-02 1.45427289e-02 1.45710045e-02 1.46053971e-02 1.46362359e-02 
6.19552706e-01 1.45120126e-02 1.45420564e-02 1.45702926e-02 1.46046339e-02 1.46354807e-02 
6.19707625e-01 1.45113415e-02 1.45413899e-02 1.45695923e-02 1.46038815e-02 1.46347859e-02 
6.19862583e-01 1.45104509e-02 1.45405454e-02 1.45687236e-02 1.46029928e-02 1.46339822e-02 
6.20017580e-01 1.45096880e-02 1.45398402e-02 1.45679764e-02 1.46021821e-02 1.46332408e-02 
6.20172615e-01 1.45090666e-02 1.45392714e-02 1.45673379e-02 1.46014571e-02 1.46325776e-02 
6.20327690e-01 1.45084590e-02 1.45387415e-02 1.45667229e-02 1.46007585e-02 1.46319509e-02 
6.20482803e-01 1.45075039e-02 1.45378173e-02 1.45658167e-02 1.45998217e-02 1.46310769e-02 
6.20637955e-01 1.45068519e-02 1.45372055e-02 1.45650868e-02 1.45990856e-02 1.46303930e-02 
6.20793145e-01 1.45060082e-02 1.45364327e-02 1.45643178e-02 1.45982435e-02 1.46296259e-02 
6.20948375e-01 1.45054044e-02 1.45358178e-02 1.45636438e-02 1.45975417e-02 1.46289672e-02 
6.21103643e-01 1.45047843e-02 1.45352094e-02 1.45629436e-02 1.45968293e-02 1.46282364e-02 
6.21258950e-01 1.45039106e-02 1.45343220e-02 1.45620679e-02 1.45959746e-02 1.46273805e-02 
6.21414296e-01 1.45031140e-02 1.45335087e-02 1.45612591e-02 1.45951635e-02 1.46265433e-02 
6.21569681e-01 1.45025088e-02 1.45328709e-02 1.45605881e-02 1.45944668e-02 1.46258186e-02 
6.21725105e-01 1.45017165e-02 1.45320645e-02 1.45598209e-02 1.45936604e-02 1.46249899e-02 
6.21880567e-01 1.45010262e-02 1.45313457e-02 1.45591222e-02 1.45929140e-02 1.46242159e-02 
6.22036069e-01 1.45006828e-02 1.45309421e-02 1.45586091e-02 1.45923538e-02 1.46236477e-02 
6.22191609e-01 1.44997078e-02 1.45299831e-02 1.45577366e-02 1.45914641e-02 1.46227238e-02 
6.22347188e-01 1.44990511e-02 1.45292907e-02 1.45571200e-02 1.45907543e-02 1.46219668e-02 
6.22502806e-01 1.44983066e-02 1.45285464e-02 1.45563559e-02 1.45899908e-02 1.46211674e-02 
6.22658463e-01 1.44974787e-02 1.45277374e-02 1.45554924e-02 1.45891881e-02 1.46203242e-02 
6.22814159e-01 1.44968014e-02 1.45270599e-02 1.45547590e-02 1.45884702e-02 1.46195674e-02 
6.22969894e-01 1.44961542e-02 1.45264162e-02 1.45540566e-02 1.45877754e-02 1.46188305e-02 
6.23125668e-01 1.44954829e-02 1.45257405e-02 1.45533272e-02 1.45870587e-02 1.46180828e-02 
6.23281480e-01 1.44947783e-02 1.45250678e-02 1.45525788e-02 1.45863602e-02 1.46173114e-02 
6.23437332e-01 1.44940795e-02 1.45243585e-02 1.45518258e-02 1.45856433e-02 1.46165599e-02 
6.23593223e-01 1.44934440e-02 1.45237498e-02 1.45511320e-02 1.45849778e-02 1.46158784e-02 
6.23749152e-01 1.44927549e-02 1.45230200e-02 1.45503668e-02 1.45842372e-02 1.46151530e-02 
6.23905121e-01 1.44921392e-02 1.45223424e-02 1.45496515e-02 1.45835417e-02 1.46144625e-02 
6.24061129e-01 1.44915719e-02 1.45217135e-02 1.45489738e-02 1.45828635e-02 1.46137881e-02 
6.24217175e-01 1.44909336e-02 1.45210323e-02 1.45482428e-02 1.45821437e-02 1.46130880e-02 
6.24373261e-01 1.44903920e-02 1.45204148e-02 1.45475882e-02 1.45814955e-02 1.46124467e-02 
6.24529385e-01 1.44896778e-02 1.45196143e-02 1.45468018e-02 1.45806962e-02 1.46117016e-02 
6.24685549e-01 1.44891438e-02 1.45189888e-02 1.45461581e-02 1.45800531e-02 1.46110545e-02 
6.24841752e-01 1.44884905e-02 1.45182580e-02 1.45454340e-02 1.45793361e-02 1.46103468e-02 
6.24997994e-01 1.44879678e-02 1.45176529e-02 1.45448303e-02 1.45786993e-02 1.46097073e-02 
6.25154275e-01 1.44874652e-02 1.45170686e-02 1.45442436e-02 1.45780761e-02 1.46090867e-02 
6.25310595e-01 1.44868623e-02 1.45164013e-02 1.45435586e-02 1.45773728e-02 1.46083999e-02 
6.25466954e-01 1.44861330e-02 1.45156267e-02 1.45427766e-02 1.45765912e-02 1.46076599e-02 
6.25623352e-01 1.44856405e-02 1.45150680e-02 1.45421956e-02 1.45759616e-02 1.46070316e-02 
6.25779789e-01 1.44849878e-02 1.45143734e-02 1.45415065e-02 1.45752413e-02 1.46063352e-02 
6.25936266e-01 1.44851333e-02 1.45144635e-02 1.45414576e-02 1.45750711e-02 1.46060385e-02 
6.26092781e-01 1.44837235e-02 1.45130131e-02 1.45400806e-02 1.45738627e-02 1.46049609e-02 
6.26249336e-01 1.44834236e-02 1.45126533e-02 1.45396835e-02 1.45733858e-02 1.46044293e-02 
6.26405930e-01 1.44826343e-02 1.45117823e-02 1.45388338e-02 1.45725954e-02 1.46036709e-02 
6.26562563e-01 1.44819938e-02 1.45110731e-02 1.45381295e-02 1.45719021e-02 1.46029818e-02 
6.26719235e-01 1.44814694e-02 1.45104652e-02 1.45375238e-02 1.45712794e-02 1.46023448e-02 
6.26875946e-01 1.44808955e-02 1.45098093e-02 1.45368812e-02 1.45706371e-02 1.46016957e-02 
6.27032696e-01 1.44805067e-02 1.45093442e-02 1.45364178e-02 1.45701634e-02 1.46011803e-02 
6.27189486e-01 1.44798417e-02 1.45086478e-02 1.45356479e-02 1.45694018e-02 1.46004337e-02 
6.27346315e-01 1.44791468e-02 1.45079444e-02 1.45348702e-02 1.45686755e-02 1.45997215e-02 
6.27503183e-01 1.44797450e-02 1.45083936e-02 1.45353072e-02 1.45688219e-02 1.45996621e-02 
6.27660090e-01 1.44780273e-02 1.45067766e-02 1.45336423e-02 1.45673993e-02 1.45984300e-02 
6.27817037e-01 1.44776309e-02 1.45063962e-02 1.45332385e-02 1.45669530e-02 1.45979439e-02 
6.27974023e-01 1.44772882e-02 1.45061258e-02 1.45329085e-02 1.45665527e-02 1.45974928e-02 
6.28131048e-01 1.44760446e-02 1.45049015e-02 1.45316989e-02 1.45654441e-02 1.45964655e-02 
6.28288112e-01 1.44754358e-02 1.45043360e-02 1.45310994e-02 1.45648311e-02 1.45958399e-02 
6.28445216e-01 1.44747772e-02 1.45037282e-02 1.45304749e-02 1.45642034e-02 1.45952048e-02 
6.28602359e-01 1.44741892e-02 1.45031547e-02 1.45298948e-02 1.45636090e-02 1.45945947e-02 
6.28759541e-01 1.44734938e-02 1.45024682e-02 1.45292201e-02 1.45629359e-02 1.45939239e-02 
6.28916762e-01 1.44728393e-02 1.45018376e-02 1.45285920e-02 1.45623070e-02 1.45932892e-02 
6.29074023e-01 1.44721406e-02 1.45011682e-02 1.45279315e-02 1.45616498e-02 1.45926319e-02 
6.29231323e-01 1.44714943e-02 1.45005423e-02 1.45272938e-02 1.45610227e-02 1.45919983e-02 
6.29388663e-01 1.44709020e-02 1.44999624e-02 1.45266861e-02 1.45604226e-02 1.45913842e-02 
6.29546041e-01 1.44702166e-02 1.44993000e-02 1.45260035e-02 1.45597713e-02 1.45907326e-02 
6.29703460e-01 1.44695831e-02 1.44986923e-02 1.45253743e-02 1.45591596e-02 1.45901121e-02 
6.29860917e-01 1.44693229e-02 1.44983357e-02 1.45249867e-02 1.45586932e-02 1.45895986e-02 
6.30018414e-01 1.44683115e-02 1.44974667e-02 1.45240916e-02 1.45578831e-02 1.45888483e-02 
6.30175950e-01 1.44677186e-02 1.44968993e-02 1.45234886e-02 1.45572490e-02 1.45882440e-02 
6.30333526e-01 1.44673128e-02 1.44964964e-02 1.45230411e-02 1.45567403e-02 1.45877433e-02 
6.30491141e-01 1.44664637e-02 1.44956371e-02 1.45222244e-02 1.45559376e-02 1.45869960e-02 
6.30648795e-01 1.44657872e-02 1.44949678e-02 1.45215788e-02 1.45552535e-02 1.45863574e-02 
6.30806489e-01 1.44653300e-02 1.44944923e-02 1.45210904e-02 1.45547059e-02 1.45858136e-02 
6.30964223e-01 1.44646377e-02 1.44938142e-02 1.45204494e-02 1.45539962e-02 1.45851719e-02 
6.31121995e-01 1.44639619e-02 1.44931258e-02 1.45197479e-02 1.45532911e-02 1.45844999e-02 
6.31279808e-01 1.44634891e-02 1.44926344e-02 1.45192038e-02 1.45527026e-02 1.45839207e-02 
6.31437659e-01 1.44628314e-02 1.44919659e-02 1.45185213e-02 1.45519709e-02 1.45832642e-02 
6.31595550e-01 1.44622497e-02 1.44913766e-02 1.45178980e-02 1.45513027e-02 1.45826381e-02 
6.31753481e-01 1.44617327e-02 1.44908505e-02 1.45173508e-02 1.45506779e-02 1.45820416e-02 
6.31911451e-01 1.44612235e-02 1.44903070e-02 1.45168116e-02 1.45500569e-02 1.45814508e-02 
6.32069461e-01 1.44606088e-02 1.44896381e-02 1.45161857e-02 1.45493649e-02 1.45808121e-02 
6.32227510e-01 1.44600804e-02 1.44890541e-02 1.45156315e-02 1.45487614e-02 1.45802131e-02 
6.32385598e-01 1.44595538e-02 1.44884696e-02 1.45150814e-02 1.45481620e-02 1.45796193e-02 
6.32543727e-01 1.44590041e-02 1.44878745e-02 1.45144964e-02 1.45475452e-02 1.45790055e-02 
6.32701894e-01 1.44584511e-02 1.44872902e-02 1.45139037e-02 1.45469317e-02 1.45784036e-02 
6.32860102e-01 1.44578706e-02 1.44866979e-02 1.45132528e-02 1.45463014e-02 1.45777543e-02 
6.33018348e-01 1.44573985e-02 1.44861992e-02 1.45126968e-02 1.45457345e-02 1.45771664e-02 
6.33176635e-01 1.44569689e-02 1.44856749e-02 1.45121085e-02 1.45452112e-02 1.45766003e-02 
6.33334961e-01 1.44563138e-02 1.44850029e-02 1.45114129e-02 1.45445216e-02 1.45759057e-02 
6.33493326e-01 1.44557029e-02 1.44843356e-02 1.45107277e-02 1.45438749e-02 1.45752382e-02 
6.33651732e-01 1.44551455e-02 1.44837380e-02 1.45101114e-02 1.45432599e-02 1.45746046e-02 
6.33810176e-01 1.44546550e-02 1.44831797e-02 1.45095812e-02 1.45426844e-02 1.45740019e-02 
6.33968661e-01 1.44541220e-02 1.44825851e-02 1.45090150e-02 1.45420804e-02 1.45733776e-02 
6.34127185e-01 1.44535372e-02 1.44819504e-02 1.45084032e-02 1.45414561e-02 1.45727322e-02 
6.34285748e-01 1.44530811e-02 1.44814153e-02 1.45078820e-02 1.45409032e-02 1.45721505e-02 
6.34444352e-01 1.44525574e-02 1.44808506e-02 1.45073101e-02 1.45403160e-02 1.45715383e-02 
6.34602995e-01 1.44519075e-02 1.44802142e-02 1.45066570e-02 1.45396608e-02 1.45708719e-02 
6.34761677e-01 1.44512974e-02 1.44796125e-02 1.45060563e-02 1.45390477e-02 1.45702379e-02 
6.34920400e-01 1.44507486e-02 1.44790667e-02 1.45054999e-02 1.45384727e-02 1.45696396e-02 
6.35079162e-01 1.44502527e-02 1.44785543e-02 1.45049500e-02 1.45379211e-02 1.45690652e-02 
6.35237963e-01 1.44495724e-02 1.44778583e-02 1.45042344e-02 1.45372724e-02 1.45683954e-02 
6.35396805e-01 1.44492241e-02 1.44774480e-02 1.45037768e-02 1.45368082e-02 1.45678963e-02 
6.35555686e-01 1.44484699e-02 1.44767606e-02 1.45031015e-02 1.45361050e-02 1.45671958e-02 
6.35714607e-01 1.44479213e-02 1.44761921e-02 1.45025733e-02 1.45355177e-02 1.45665958e-02 
6.35873567e-01 1.44473945e-02 1.44756651e-02 1.45020601e-02 1.45349496e-02 1.45660116e-02 
6.36032568e-01 1.44470617e-02 1.44752978e-02 1.45016904e-02 1.45345037e-02 1.45655335e-02 
6.36191608e-01 1.44463745e-02 1.44746191e-02 1.45010650e-02 1.45338323e-02 1.45648642e-02 
6.36350688e-01 1.44456146e-02 1.44738514e-02 1.45003630e-02 1.45330965e-02 1.45641518e-02 
6.36509807e-01 1.44451449e-02 1.44733610e-02 1.44998671e-02 1.45325565e-02 1.45635969e-02 
6.36668967e-01 1.44445016e-02 1.44727170e-02 1.44992513e-02 1.45318938e-02 1.45629474e-02 
6.36828166e-01 1.44441421e-02 1.44723360e-02 1.44988290e-02 1.45314395e-02 1.45624573e-02 
6.36987405e-01 1.44433603e-02 1.44715672e-02 1.44981113e-02 1.45306919e-02 1.45617377e-02 
6.37146684e-01 1.44428496e-02 1.44710414e-02 1.44975898e-02 1.45301220e-02 1.45611605e-02 
6.37306002e-01 1.44422037e-02 1.44703981e-02 1.44969630e-02 1.45294906e-02 1.45605178e-02 
6.37465361e-01 1.44415895e-02 1.44697895e-02 1.44963617e-02 1.45288730e-02 1.45599295e-02 
6.37624759e-01 1.44410951e-02 1.44692944e-02 1.44958224e-02 1.45283256e-02 1.45594105e-02 
6.37784198e-01 1.44411944e-02 1.44693408e-02 1.44957642e-02 1.45281780e-02 1.45591869e-02 
6.37943676e-01 1.44399407e-02 1.44681411e-02 1.44946185e-02 1.45271350e-02 1.45582774e-02 
6.38103194e-01 1.44402852e-02 1.44684188e-02 1.44945235e-02 1.45270309e-02 1.45582878e-02 
6.38262752e-01 1.44387738e-02 1.44669874e-02 1.44933953e-02 1.45259166e-02 1.45571450e-02 
6.38422349e-01 1.44383347e-02 1.44665462e-02 1.44929140e-02 1.45253911e-02 1.45566572e-02 
6.38581987e-01 1.44377722e-02 1.44660101e-02 1.44923575e-02 1.45247896e-02 1.45561053e-02 
6.38741665e-01 1.44371738e-02 1.44654317e-02 1.44917579e-02 1.45241518e-02 1.45555346e-02 
6.38901382e-01 1.44369713e-02 1.44652295e-02 1.44914793e-02 1.45237984e-02 1.45551792e-02 
6.39061139e-01 1.44360930e-02 1.44643716e-02 1.44906891e-02 1.45229804e-02 1.45544527e-02 
6.39220937e-01 1.44356262e-02 1.44638996e-02 1.44901965e-02 1.45224603e-02 1.45539467e-02 
6.39380774e-01 1.44350985e-02 1.44633882e-02 1.44896797e-02 1.45219074e-02 1.45534094e-02 
6.39540652e-01 1.44346209e-02 1.44629291e-02 1.44891874e-02 1.45213796e-02 1.45529065e-02 
6.39700569e-01 1.44340224e-02 1.44623193e-02 1.44886206e-02 1.45207689e-02 1.45523260e-02 
6.39860526e-01 1.44333247e-02 1.44616273e-02 1.44879559e-02 1.45200848e-02 1.45517050e-02 
6.40020523e-01 1.44327979e-02 1.44611058e-02 1.44874454e-02 1.45195175e-02 1.45511724e-02 
6.40180561e-01 1.44322613e-02 1.44605867e-02 1.44869029e-02 1.45189273e-02 1.45506442e-02 
6.40340638e-01 1.44316575e-02 1.44599792e-02 1.44863443e-02 1.45183088e-02 1.45500687e-02 
6.40500755e-01 1.44312208e-02 1.44595589e-02 1.44858576e-02 1.45177921e-02 1.45495895e-02 
6.40660913e-01 1.44306134e-02 1.44589742e-02 1.44852829e-02 1.45171778e-02 1.45489716e-02 
6.40821110e-01 1.44302281e-02 1.44585724e-02 1.44848081e-02 1.45166739e-02 1.45484461e-02 
6.40981348e-01 1.44295920e-02 1.44579709e-02 1.44842268e-02 1.45160400e-02 1.45478035e-02 
6.41141625e-01 1.44292481e-02 1.44576203e-02 1.44838272e-02 1.45155831e-02 1.45473220e-02 
6.41301943e-01 1.44284801e-02 1.44568834e-02 1.44831339e-02 1.45148581e-02 1.45465974e-02 
6.41462300e-01 1.44290313e-02 1.44570084e-02 1.44830755e-02 1.45147313e-02 1.45464173e-02 
6.41622698e-01 1.44273238e-02 1.44557583e-02 1.44820397e-02 1.45136521e-02 1.45453699e-02 
6.41783136e-01 1.44269461e-02 1.44553761e-02 1.44816390e-02 1.45131747e-02 1.45448696e-02 
6.41943614e-01 1.44263967e-02 1.44548097e-02 1.44810933e-02 1.45125761e-02 1.45442620e-02 
6.42104132e-01 1.44257433e-02 1.44542089e-02 1.44805263e-02 1.45119413e-02 1.45436172e-02 
6.42264691e-01 1.44252963e-02 1.44537475e-02 1.44800620e-02 1.45114190e-02 1.45430737e-02 
6.42425289e-01 1.44247419e-02 1.44532163e-02 1.44795270e-02 1.45108403e-02 1.45424759e-02 
6.42585928e-01 1.44244427e-02 1.44529120e-02 1.44791571e-02 1.45104160e-02 1.45420146e-02 
6.42746606e-01 1.44236074e-02 1.44521474e-02 1.44783770e-02 1.45096602e-02 1.45412914e-02 
6.42907325e-01 1.44233735e-02 1.44518517e-02 1.44780281e-02 1.45092143e-02 1.45408913e-02 
6.43068085e-01 1.44231474e-02 1.44515427e-02 1.44776621e-02 1.45087937e-02 1.45404624e-02 
6.43228884e-01 1.44220223e-02 1.44506326e-02 1.44767901e-02 1.45079684e-02 1.45396563e-02 
6.43389723e-01 1.44216767e-02 1.44501819e-02 1.44762884e-02 1.45074455e-02 1.45391425e-02 
6.43550603e-01 1.44217006e-02 1.44500923e-02 1.44760947e-02 1.45071504e-02 1.45388277e-02 
6.43711523e-01 1.44205028e-02 1.44491345e-02 1.44752381e-02 1.45062914e-02 1.45380388e-02 
6.43872483e-01 1.44204206e-02 1.44489979e-02 1.44750374e-02 1.45060099e-02 1.45376902e-02 
6.44033484e-01 1.44194753e-02 1.44480855e-02 1.44741524e-02 1.45051765e-02 1.45369322e-02 
6.44194525e-01 1.44215013e-02 1.44486700e-02 1.44747030e-02 1.45053317e-02 1.45377222e-02 
6.44355606e-01 1.44185552e-02 1.44471292e-02 1.44731957e-02 1.45041184e-02 1.45359165e-02 
6.44516727e-01 1.44187862e-02 1.44471002e-02 1.44730808e-02 1.45038753e-02 1.45357153e-02 
6.44677888e-01 1.44175733e-02 1.44461284e-02 1.44721989e-02 1.45030352e-02 1.45348955e-02 
6.44839090e-01 1.44173484e-02 1.44457377e-02 1.44718220e-02 1.45025735e-02 1.45345072e-02 
6.45000332e-01 1.44166027e-02 1.44450649e-02 1.44711903e-02 1.45019411e-02 1.45338851e-02 
6.45161615e-01 1.44168713e-02 1.44449820e-02 1.44710251e-02 1.45016704e-02 1.45337121e-02 
6.45322938e-01 1.44184577e-02 1.44462924e-02 1.44721650e-02 1.45023067e-02 1.45338971e-02 
6.45484301e-01 1.44151320e-02 1.44434968e-02 1.44696223e-02 1.45003252e-02 1.45323556e-02 
6.45645704e-01 1.44147129e-02 1.44430366e-02 1.44691248e-02 1.44998038e-02 1.45318771e-02 
6.45807148e-01 1.44144052e-02 1.44426423e-02 1.44686641e-02 1.44993177e-02 1.45314641e-02 
6.45968633e-01 1.44139009e-02 1.44421926e-02 1.44681863e-02 1.44988143e-02 1.45309292e-02 
6.46130157e-01 1.44146903e-02 1.44425058e-02 1.44682399e-02 1.44986841e-02 1.45309940e-02 
6.46291722e-01 1.44127376e-02 1.44411155e-02 1.44670365e-02 1.44976542e-02 1.45298371e-02 
6.46453328e-01 1.44123346e-02 1.44406783e-02 1.44665475e-02 1.44971407e-02 1.45293680e-02 
6.46614973e-01 1.44120359e-02 1.44403242e-02 1.44661189e-02 1.44966516e-02 1.45289333e-02 
6.46776660e-01 1.44135200e-02 1.44412941e-02 1.44670423e-02 1.44971577e-02 1.45292005e-02 
6.46938386e-01 1.44157916e-02 1.44432954e-02 1.44686899e-02 1.44990384e-02 1.45304522e-02 
6.47100153e-01 1.44103965e-02 1.44387931e-02 1.44645041e-02 1.44950276e-02 1.45273584e-02 
6.47261961e-01 1.44114379e-02 1.44391185e-02 1.44646824e-02 1.44949734e-02 1.45273373e-02 
6.47423809e-01 1.44163862e-02 1.44424248e-02 1.44679777e-02 1.44992638e-02 1.45304456e-02 
6.47585697e-01 1.44094195e-02 1.44376083e-02 1.44631871e-02 1.44936291e-02 1.45260249e-02 
6.47747626e-01 1.44096100e-02 1.44374847e-02 1.44629769e-02 1.44933082e-02 1.45256245e-02 
6.47909596e-01 1.44090861e-02 1.44368649e-02 1.44623526e-02 1.44926797e-02 1.45249859e-02 
6.48071606e-01 1.44074539e-02 1.44358596e-02 1.44613745e-02 1.44918506e-02 1.45241998e-02 
6.48233656e-01 1.44070709e-02 1.44354805e-02 1.44609512e-02 1.44913966e-02 1.45237058e-02 
6.48395747e-01 1.44068995e-02 1.44350905e-02 1.44605437e-02 1.44909339e-02 1.45232020e-02 
6.48557879e-01 1.44075151e-02 1.44350707e-02 1.44603393e-02 1.44906652e-02 1.45228508e-02 
6.48720051e-01 1.44067062e-02 1.44346233e-02 1.44599298e-02 1.44902166e-02 1.45223692e-02 
6.48882263e-01 1.44058787e-02 1.44338457e-02 1.44591470e-02 1.44894934e-02 1.45216527e-02 
6.49044517e-01 1.44063957e-02 1.44339264e-02 1.44591947e-02 1.44893581e-02 1.45214238e-02 
6.49206810e-01 1.44045941e-02 1.44327637e-02 1.44580079e-02 1.44883837e-02 1.45205086e-02 
6.49369145e-01 1.44038851e-02 1.44320769e-02 1.44573459e-02 1.44877632e-02 1.45198886e-02 
6.49531520e-01 1.44035693e-02 1.44316942e-02 1.44569422e-02 1.44872969e-02 1.45193755e-02 
6.49693935e-01 1.44029574e-02 1.44310829e-02 1.44563457e-02 1.44867300e-02 1.45187939e-02 
6.49856391e-01 1.44022234e-02 1.44304432e-02 1.44557312e-02 1.44861230e-02 1.45181771e-02 
6.50018888e-01 1.44019358e-02 1.44300537e-02 1.44553314e-02 1.44856750e-02 1.45176857e-02 
6.50181425e-01 1.44015326e-02 1.44295775e-02 1.44548552e-02 1.44851769e-02 1.45171592e-02 
6.50344003e-01 1.44027265e-02 1.44302513e-02 1.44553455e-02 1.44854330e-02 1.45173598e-02 
6.50506622e-01 1.44005753e-02 1.44286977e-02 1.44539703e-02 1.44842110e-02 1.45161282e-02 
6.50669281e-01 1.44000649e-02 1.44280697e-02 1.44533888e-02 1.44836130e-02 1.45155444e-02 
6.50831981e-01 1.43994588e-02 1.44274518e-02 1.44527924e-02 1.44830018e-02 1.45149478e-02 
6.50994722e-01 1.43998585e-02 1.44276925e-02 1.44528971e-02 1.44829414e-02 1.45148409e-02 
6.51157504e-01 1.43993070e-02 1.44269203e-02 1.44521827e-02 1.44822546e-02 1.45142047e-02 
6.51320326e-01 1.43986824e-02 1.44263587e-02 1.44516150e-02 1.44816858e-02 1.45136320e-02 
6.51483188e-01 1.43980094e-02 1.44257805e-02 1.44510426e-02 1.44811214e-02 1.45130410e-02 
6.51646092e-01 1.43974964e-02 1.44251830e-02 1.44504689e-02 1.44805103e-02 1.45124963e-02 
6.51809036e-01 1.43969033e-02 1.44245354e-02 1.44498796e-02 1.44799171e-02 1.45119085e-02 
6.51972021e-01 1.43963854e-02 1.44239285e-02 1.44493194e-02 1.44793421e-02 1.45113491e-02 
6.52135047e-01 1.43983208e-02 1.44251984e-02 1.44503591e-02 1.44804291e-02 1.45125732e-02 
6.52298114e-01 1.43956679e-02 1.44230378e-02 1.44484736e-02 1.44783894e-02 1.45104006e-02 
6.52461221e-01 1.43952290e-02 1.44225685e-02 1.44479832e-02 1.44779061e-02 1.45099077e-02 
6.52624369e-01 1.43946424e-02 1.44219381e-02 1.44473412e-02 1.44772857e-02 1.45093060e-02 
6.52787558e-01 1.43945597e-02 1.44217705e-02 1.44471180e-02 1.44770046e-02 1.45089776e-02 
6.52950787e-01 1.43940150e-02 1.44212875e-02 1.44466153e-02 1.44765119e-02 1.45084347e-02 
6.53114058e-01 1.43945203e-02 1.44218096e-02 1.44469962e-02 1.44766796e-02 1.45084778e-02 
6.53277369e-01 1.43939785e-02 1.44211022e-02 1.44462935e-02 1.44760576e-02 1.45077364e-02 
6.53440721e-01 1.43924029e-02 1.44196463e-02 1.44449242e-02 1.44748116e-02 1.45066641e-02 
6.53604114e-01 1.43930312e-02 1.44202746e-02 1.44454447e-02 1.44751519e-02 1.45067480e-02 
6.53767548e-01 1.43916494e-02 1.44189440e-02 1.44441368e-02 1.44739816e-02 1.45057851e-02 
6.53931023e-01 1.43909794e-02 1.44182643e-02 1.44435045e-02 1.44733589e-02 1.45052144e-02 
6.54094539e-01 1.43904382e-02 1.44177076e-02 1.44429488e-02 1.44728034e-02 1.45046910e-02 
6.54258095e-01 1.43901524e-02 1.44174045e-02 1.44425979e-02 1.44724354e-02 1.45042962e-02 
6.54421693e-01 1.43895241e-02 1.44167643e-02 1.44420001e-02 1.44718686e-02 1.45037487e-02 
6.54585331e-01 1.43889716e-02 1.44162004e-02 1.44414674e-02 1.44713516e-02 1.45032406e-02 
6.54749010e-01 1.43885550e-02 1.44157801e-02 1.44410248e-02 1.44709065e-02 1.45027656e-02 
6.54912730e-01 1.43888742e-02 1.44159043e-02 1.44411322e-02 1.44708571e-02 1.45026732e-02 
6.55076491e-01 1.43881979e-02 1.44153228e-02 1.44405190e-02 1.44702740e-02 1.45021225e-02 
6.55240293e-01 1.43878953e-02 1.44149622e-02 1.44401369e-02 1.44698414e-02 1.45016802e-02 
6.55404136e-01 1.43871599e-02 1.44142817e-02 1.44394684e-02 1.44692290e-02 1.45010315e-02 
6.55568020e-01 1.43863366e-02 1.44135126e-02 1.44386449e-02 1.44685440e-02 1.45003610e-02 
6.55731945e-01 1.43857309e-02 1.44129110e-02 1.44380610e-02 1.44679413e-02 1.44997821e-02 
6.55895911e-01 1.43916818e-02 1.44182427e-02 1.44431111e-02 1.44719353e-02 1.45029203e-02 
6.56059918e-01 1.43851921e-02 1.44122969e-02 1.44373862e-02 1.44671230e-02 1.44989450e-02 
6.56223966e-01 1.43843342e-02 1.44115192e-02 1.44366975e-02 1.44663895e-02 1.44982693e-02 
6.56388055e-01 1.43839351e-02 1.44111333e-02 1.44362743e-02 1.44659197e-02 1.44978154e-02 
6.56552185e-01 1.43835032e-02 1.44107200e-02 1.44358290e-02 1.44654469e-02 1.44973402e-02 
6.56716356e-01 1.43835137e-02 1.44105824e-02 1.44356820e-02 1.44652618e-02 1.44970930e-02 
6.56880568e-01 1.43827071e-02 1.44098506e-02 1.44349503e-02 1.44645237e-02 1.44963983e-02 
6.57044821e-01 1.43820953e-02 1.44092461e-02 1.44343365e-02 1.44639264e-02 1.44958177e-02 
6.57209116e-01 1.43819884e-02 1.44090637e-02 1.44341433e-02 1.44636962e-02 1.44955310e-02 
6.57373451e-01 1.43817915e-02 1.44088520e-02 1.44339105e-02 1.44633148e-02 1.44951363e-02 
6.57537827e-01 1.43809091e-02 1.44079948e-02 1.44330518e-02 1.44625485e-02 1.44944263e-02 
6.57702245e-01 1.43802440e-02 1.44073601e-02 1.44324244e-02 1.44619196e-02 1.44938293e-02 
6.57866703e-01 1.43804469e-02 1.44074699e-02 1.44325089e-02 1.44619628e-02 1.44937448e-02 
6.58031203e-01 1.43794463e-02 1.44065341e-02 1.44315785e-02 1.44610073e-02 1.44929147e-02 
6.58195744e-01 1.43788032e-02 1.44059244e-02 1.44309836e-02 1.44603933e-02 1.44923400e-02 
6.58360326e-01 1.43783026e-02 1.44054026e-02 1.44304756e-02 1.44598683e-02 1.44918237e-02 
6.58524949e-01 1.43785548e-02 1.44056493e-02 1.44306527e-02 1.44599747e-02 1.44918384e-02 
6.58689613e-01 1.43774286e-02 1.44045186e-02 1.44295710e-02 1.44589320e-02 1.44908680e-02 
6.58854319e-01 1.43781271e-02 1.44052438e-02 1.44301812e-02 1.44593110e-02 1.44912085e-02 
6.59019066e-01 1.43764864e-02 1.44035894e-02 1.44286173e-02 1.44579370e-02 1.44898757e-02 
6.59183853e-01 1.43760006e-02 1.44031131e-02 1.44281258e-02 1.44574548e-02 1.44893768e-02 
6.59348683e-01 1.43759443e-02 1.44030664e-02 1.44281062e-02 1.44573325e-02 1.44892435e-02 
6.59513553e-01 1.43756009e-02 1.44025683e-02 1.44275066e-02 1.44567521e-02 1.44886126e-02 
6.59678464e-01 1.43756554e-02 1.44028042e-02 1.44277174e-02 1.44567526e-02 1.44886599e-02 
6.59843417e-01 1.43746870e-02 1.44017209e-02 1.44266928e-02 1.44559027e-02 1.44877362e-02 
6.60008411e-01 1.43738659e-02 1.44009601e-02 1.44258973e-02 1.44550660e-02 1.44869803e-02 
6.60173446e-01 1.43732990e-02 1.44004359e-02 1.44253666e-02 1.44545632e-02 1.44864521e-02 
6.60338523e-01 1.43745095e-02 1.44014165e-02 1.44262512e-02 1.44551975e-02 1.44869279e-02 
6.60503641e-01 1.43725943e-02 1.43997283e-02 1.44247078e-02 1.44537536e-02 1.44856358e-02 
6.60668800e-01 1.43721539e-02 1.43993150e-02 1.44242875e-02 1.44532818e-02 1.44851885e-02 
6.60834000e-01 1.43714516e-02 1.43986407e-02 1.44235475e-02 1.44526021e-02 1.44845144e-02 
6.60999242e-01 1.43724176e-02 1.43993114e-02 1.44240748e-02 1.44529475e-02 1.44847230e-02 
6.61164525e-01 1.43706341e-02 1.43978213e-02 1.44227117e-02 1.44516830e-02 1.44835937e-02 
6.61329849e-01 1.43700650e-02 1.43972918e-02 1.44221784e-02 1.44511354e-02 1.44830522e-02 
6.61495215e-01 1.43702901e-02 1.43973529e-02 1.44221952e-02 1.44510400e-02 1.44828829e-02 
6.61660622e-01 1.43691946e-02 1.43963939e-02 1.44212687e-02 1.44501592e-02 1.44820821e-02 
6.61826070e-01 1.43688236e-02 1.43959944e-02 1.44208583e-02 1.44497111e-02 1.44816338e-02 
6.61991560e-01 1.43693530e-02 1.43962640e-02 1.44210167e-02 1.44497783e-02 1.44815856e-02 
6.62157091e-01 1.43683112e-02 1.43954036e-02 1.44201638e-02 1.44490308e-02 1.44808924e-02 
6.62322664e-01 1.43693171e-02 1.43960848e-02 1.44206729e-02 1.44494063e-02 1.44811670e-02 
6.62488278e-01 1.43674945e-02 1.43945165e-02 1.44192594e-02 1.44481069e-02 1.44799316e-02 
6.62653933e-01 1.43668414e-02 1.43938314e-02 1.44186389e-02 1.44474498e-02 1.44793132e-02 
6.62819630e-01 1.43897889e-02 1.44135775e-02 1.44365749e-02 1.44631373e-02 1.44928070e-02 
6.62985368e-01 1.43657551e-02 1.43927024e-02 1.44175459e-02 1.44463025e-02 1.44782243e-02 
6.63151148e-01 1.43657836e-02 1.43926093e-02 1.44173727e-02 1.44460968e-02 1.44779647e-02 
6.63316969e-01 1.43651683e-02 1.43920196e-02 1.44167808e-02 1.44455059e-02 1.44773982e-02 
6.63482832e-01 1.43652342e-02 1.43920581e-02 1.44166717e-02 1.44454664e-02 1.44773053e-02 
6.63648736e-01 1.43640622e-02 1.43909117e-02 1.44155821e-02 1.44443919e-02 1.44762890e-02 
6.63814681e-01 1.43638467e-02 1.43906526e-02 1.44152806e-02 1.44440652e-02 1.44759168e-02 
6.63980668e-01 1.43634085e-02 1.43901992e-02 1.44148121e-02 1.44435907e-02 1.44754261e-02 
6.64146697e-01 1.43632455e-02 1.43900665e-02 1.44146064e-02 1.44433871e-02 1.44751504e-02 
6.64312767e-01 1.43627197e-02 1.43894941e-02 1.44140602e-02 1.44427714e-02 1.44745710e-02 
6.64478878e-01 1.43619997e-02 1.43888406e-02 1.44134267e-02 1.44421876e-02 1.44739729e-02 
6.64645031e-01 1.43614848e-02 1.43883376e-02 1.44129277e-02 1.44416592e-02 1.44734509e-02 
6.64811226e-01 1.43610048e-02 1.43878760e-02 1.44124677e-02 1.44411826e-02 1.44729616e-02 
6.64977462e-01 1.43605849e-02 1.43874594e-02 1.44120493e-02 1.44407347e-02 1.44724996e-02 
6.65143740e-01 1.43607991e-02 1.43876060e-02 1.44121394e-02 1.44408481e-02 1.44724780e-02 
6.65310059e-01 1.43651005e-02 1.43913538e-02 1.44153123e-02 1.44434661e-02 1.44749023e-02 
6.65476420e-01 1.43595228e-02 1.43863366e-02 1.44109100e-02 1.44395385e-02 1.44712439e-02 
6.65642823e-01 1.43588685e-02 1.43856858e-02 1.44103089e-02 1.44389154e-02 1.44706498e-02 
6.65809267e-01 1.43583115e-02 1.43851252e-02 1.44097870e-02 1.44383675e-02 1.44701130e-02 
6.65975753e-01 1.43592042e-02 1.43859487e-02 1.44103981e-02 1.44389055e-02 1.44705583e-02 
6.66142280e-01 1.43575738e-02 1.43843652e-02 1.44090232e-02 1.44375354e-02 1.44692552e-02 
6.66308849e-01 1.43569648e-02 1.43837491e-02 1.44084512e-02 1.44369532e-02 1.44686904e-02 
6.66475460e-01 1.43565759e-02 1.43833438e-02 1.44080460e-02 1.44365210e-02 1.44682473e-02 
6.66642112e-01 1.43562603e-02 1.43830090e-02 1.44076846e-02 1.44361329e-02 1.44678382e-02 
6.66808806e-01 1.43560225e-02 1.43827597e-02 1.44073987e-02 1.44358166e-02 1.44674882e-02 
6.66975542e-01 1.43570128e-02 1.43836745e-02 1.44080602e-02 1.44363963e-02 1.44679578e-02 
6.67142319e-01 1.43548665e-02 1.43816378e-02 1.44063211e-02 1.44346974e-02 1.44663994e-02 
6.67309139e-01 1.43543967e-02 1.43811698e-02 1.44058541e-02 1.44342043e-02 1.44659097e-02 
6.67475999e-01 1.43547641e-02 1.43815728e-02 1.44060874e-02 1.44344298e-02 1.44659793e-02 
6.67642902e-01 1.43536905e-02 1.43804700e-02 1.44051265e-02 1.44333920e-02 1.44650868e-02 
6.67809846e-01 1.43531353e-02 1.43798462e-02 1.44045257e-02 1.44327779e-02 1.44644963e-02 
6.67976832e-01 1.43526489e-02 1.43793851e-02 1.44040633e-02 1.44322985e-02 1.44640208e-02 
6.68143860e-01 1.43522094e-02 1.43789712e-02 1.44036349e-02 1.44318245e-02 1.44635542e-02 
6.68310929e-01 1.43520169e-02 1.43787633e-02 1.44033658e-02 1.44315055e-02 1.44632080e-02 
6.68478041e-01 1.43521010e-02 1.43788149e-02 1.44033090e-02 1.44314192e-02 1.44630481e-02 
6.68645194e-01 1.43518861e-02 1.43785705e-02 1.44029992e-02 1.44310243e-02 1.44626415e-02 
6.68812389e-01 1.43505346e-02 1.43773663e-02 1.44019665e-02 1.44300010e-02 1.44617432e-02 
6.68979625e-01 1.43515915e-02 1.43783520e-02 1.44026294e-02 1.44306395e-02 1.44623330e-02 
6.69146904e-01 1.43496168e-02 1.43764612e-02 1.44010630e-02 1.44290316e-02 1.44608060e-02 
6.69314224e-01 1.43491733e-02 1.43759960e-02 1.44005913e-02 1.44285100e-02 1.44603024e-02 
6.69481587e-01 1.43488167e-02 1.43756284e-02 1.44001714e-02 1.44280749e-02 1.44598710e-02 
6.69648991e-01 1.43482652e-02 1.43750770e-02 1.43995739e-02 1.44275002e-02 1.44593364e-02 
6.69816436e-01 1.43489923e-02 1.43758882e-02 1.44000352e-02 1.44279912e-02 1.44596141e-02 
6.69983924e-01 1.43476826e-02 1.43744669e-02 1.43988189e-02 1.44267059e-02 1.44585136e-02 
6.70151454e-01 1.43498905e-02 1.43763697e-02 1.44003972e-02 1.44281632e-02 1.44597410e-02 
6.70319025e-01 1.43470802e-02 1.43739004e-02 1.43981841e-02 1.44260499e-02 1.44577704e-02 
6.70486639e-01 1.43464269e-02 1.43732444e-02 1.43975555e-02 1.44254376e-02 1.44572018e-02 
6.70654294e-01 1.43458114e-02 1.43725721e-02 1.43968933e-02 1.44247514e-02 1.44565653e-02 
6.70821991e-01 1.43499000e-02 1.43759455e-02 1.43996658e-02 1.44273992e-02 1.44585970e-02 
6.70989731e-01 1.43450887e-02 1.43717945e-02 1.43961137e-02 1.44238849e-02 1.44557065e-02 
6.71157512e-01 1.43446877e-02 1.43713951e-02 1.43957106e-02 1.44234897e-02 1.44552839e-02 
6.71325335e-01 1.43441884e-02 1.43708304e-02 1.43951629e-02 1.44229459e-02 1.44547474e-02 
6.71493200e-01 1.43489161e-02 1.43749097e-02 1.43985178e-02 1.44259963e-02 1.44571444e-02 
6.71661107e-01 1.43442999e-02 1.43710176e-02 1.43951286e-02 1.44228041e-02 1.44544261e-02 
6.71829056e-01 1.43431643e-02 1.43697336e-02 1.43940525e-02 1.44217576e-02 1.44534961e-02 
6.71997047e-01 1.43425788e-02 1.43690983e-02 1.43934919e-02 1.44211540e-02 1.44529246e-02 
6.72165080e-01 1.43422198e-02 1.43687651e-02 1.43931206e-02 1.44207572e-02 1.44525101e-02 
6.72333155e-01 1.43418663e-02 1.43683734e-02 1.43927290e-02 1.44203190e-02 1.44520657e-02 
6.72501272e-01 1.43419274e-02 1.43684666e-02 1.43926188e-02 1.44202208e-02 1.44518493e-02 
6.72669431e-01 1.43411488e-02 1.43677322e-02 1.43919814e-02 1.44195351e-02 1.44512435e-02 
6.72837632e-01 1.43407146e-02 1.43671858e-02 1.43914606e-02 1.44190233e-02 1.44506995e-02 
6.73005876e-01 1.43402068e-02 1.43667139e-02 1.43909747e-02 1.44185237e-02 1.44502150e-02 
6.73174161e-01 1.43397899e-02 1.43662828e-02 1.43905173e-02 1.44180645e-02 1.44497350e-02 
6.73342488e-01 1.43393894e-02 1.43658871e-02 1.43900890e-02 1.44176233e-02 1.44492823e-02 
6.73510858e-01 1.43391380e-02 1.43656264e-02 1.43897450e-02 1.44172755e-02 1.44488928e-02 
6.73679269e-01 1.43385475e-02 1.43650577e-02 1.43892330e-02 1.44167224e-02 1.44483639e-02 
6.73847723e-01 1.43380692e-02 1.43646007e-02 1.43887338e-02 1.44162469e-02 1.44478557e-02 
6.74016219e-01 1.43380954e-02 1.43646807e-02 1.43886613e-02 1.44160968e-02 1.44476582e-02 
6.74184757e-01 1.43390985e-02 1.43655588e-02 1.43892313e-02 1.44166282e-02 1.44478228e-02 
6.74353337e-01 1.43369322e-02 1.43634354e-02 1.43874867e-02 1.44149697e-02 1.44464637e-02 
6.74521959e-01 1.43364935e-02 1.43630555e-02 1.43871184e-02 1.44145482e-02 1.44460049e-02 
6.74690623e-01 1.43362825e-02 1.43628285e-02 1.43868047e-02 1.44142204e-02 1.44456300e-02 
6.74859330e-01 1.43355801e-02 1.43621794e-02 1.43861960e-02 1.44136116e-02 1.44450029e-02 
6.75028079e-01 1.43351381e-02 1.43617624e-02 1.43857775e-02 1.44131584e-02 1.44445200e-02 
6.75196870e-01 1.43349048e-02 1.43615394e-02 1.43855119e-02 1.44128368e-02 1.44441556e-02 
6.75365703e-01 1.43345366e-02 1.43611857e-02 1.43851392e-02 1.44124199e-02 1.44437091e-02 
6.75534578e-01 1.43339028e-02 1.43605834e-02 1.43845518e-02 1.44117928e-02 1.44431028e-02 
6.75703496e-01 1.43334763e-02 1.43601413e-02 1.43841030e-02 1.44113131e-02 1.44426086e-02 
6.75872456e-01 1.43339257e-02 1.43604360e-02 1.43842392e-02 1.44113370e-02 1.44425499e-02 
6.76041458e-01 1.43331968e-02 1.43597456e-02 1.43835943e-02 1.44106832e-02 1.44419023e-02 
6.76210502e-01 1.43324723e-02 1.43590377e-02 1.43829423e-02 1.44100641e-02 1.44412563e-02 
6.76379589e-01 1.43319898e-02 1.43585214e-02 1.43824587e-02 1.44095576e-02 1.44407294e-02 
6.76548717e-01 1.43321047e-02 1.43585220e-02 1.43823611e-02 1.44094112e-02 1.44405121e-02 
6.76717889e-01 1.43317466e-02 1.43581042e-02 1.43819778e-02 1.44089272e-02 1.44400468e-02 
6.76887102e-01 1.43311947e-02 1.43575282e-02 1.43814310e-02 1.44083923e-02 1.44394821e-02 
6.77056358e-01 1.43307426e-02 1.43570680e-02 1.43809571e-02 1.44079234e-02 1.44389815e-02 
6.77225656e-01 1.43303616e-02 1.43566162e-02 1.43805670e-02 1.44074429e-02 1.44385017e-02 
6.77394996e-01 1.43301253e-02 1.43563330e-02 1.43802023e-02 1.44070801e-02 1.44381125e-02 
6.77564379e-01 1.43302170e-02 1.43562909e-02 1.43801363e-02 1.44068611e-02 1.44378702e-02 
6.77733804e-01 1.43291385e-02 1.43552367e-02 1.43792313e-02 1.44060475e-02 1.44370396e-02 
6.77903272e-01 1.43289300e-02 1.43549418e-02 1.43789053e-02 1.44056928e-02 1.44366490e-02 
6.78072782e-01 1.43289536e-02 1.43549069e-02 1.43787912e-02 1.44055286e-02 1.44364104e-02 
6.78242334e-01 1.43286471e-02 1.43545909e-02 1.43784493e-02 1.44051618e-02 1.44359953e-02 
6.78411929e-01 1.43284942e-02 1.43542726e-02 1.43780827e-02 1.44048126e-02 1.44355941e-02 
6.78581566e-01 1.43272783e-02 1.43530274e-02 1.43769836e-02 1.44038369e-02 1.44346551e-02 
6.78751245e-01 1.43276395e-02 1.43533159e-02 1.43771314e-02 1.44038419e-02 1.44346034e-02 
6.78920967e-01 1.43270499e-02 1.43527944e-02 1.43766237e-02 1.44033189e-02 1.44340709e-02 
6.79090731e-01 1.43265173e-02 1.43521505e-02 1.43759500e-02 1.44027901e-02 1.44334579e-02 
6.79260538e-01 1.43271759e-02 1.43527227e-02 1.43763622e-02 1.44029834e-02 1.44335778e-02 
6.79430388e-01 1.43256649e-02 1.43512896e-02 1.43750137e-02 1.44018735e-02 1.44324932e-02 
6.79600279e-01 1.43251156e-02 1.43507144e-02 1.43744334e-02 1.44013327e-02 1.44319361e-02 
6.79770213e-01 1.43251623e-02 1.43507033e-02 1.43743848e-02 1.44011801e-02 1.44317222e-02 
6.79940190e-01 1.43248167e-02 1.43503168e-02 1.43739671e-02 1.44007571e-02 1.44312756e-02 
6.80110209e-01 1.43241024e-02 1.43495186e-02 1.43731918e-02 1.44000464e-02 1.44306040e-02 
6.80280271e-01 1.43238851e-02 1.43492556e-02 1.43729002e-02 1.43996994e-02 1.44302268e-02 
6.80450375e-01 1.43236169e-02 1.43489543e-02 1.43726166e-02 1.43993097e-02 1.44298226e-02 
6.80620522e-01 1.43231412e-02 1.43484938e-02 1.43721151e-02 1.43987629e-02 1.44292854e-02 
6.80790711e-01 1.43226471e-02 1.43479437e-02 1.43715889e-02 1.43982216e-02 1.44287484e-02 
6.80960943e-01 1.43228499e-02 1.43481632e-02 1.43717447e-02 1.43981828e-02 1.44286222e-02 
6.81131218e-01 1.43220406e-02 1.43472435e-02 1.43709467e-02 1.43974387e-02 1.44278871e-02 
6.81301535e-01 1.43215907e-02 1.43466929e-02 1.43704608e-02 1.43969359e-02 1.44273689e-02 
6.81471894e-01 1.43217295e-02 1.43468705e-02 1.43704818e-02 1.43968596e-02 1.44271997e-02 
6.81642297e-01 1.43209573e-02 1.43459353e-02 1.43696883e-02 1.43961210e-02 1.44264920e-02 
6.81812741e-01 1.43209353e-02 1.43459559e-02 1.43695611e-02 1.43959394e-02 1.44262307e-02 
6.81983229e-01 1.43204214e-02 1.43452925e-02 1.43690654e-02 1.43953802e-02 1.44256735e-02 
6.82153759e-01 1.43199545e-02 1.43447981e-02 1.43686417e-02 1.43948782e-02 1.44251359e-02 
6.82324332e-01 1.43194549e-02 1.43442368e-02 1.43681313e-02 1.43943272e-02 1.44245916e-02 
6.82494947e-01 1.43214372e-02 1.43462536e-02 1.43694888e-02 1.43953272e-02 1.44254539e-02 
6.82665605e-01 1.43190398e-02 1.43437729e-02 1.43676117e-02 1.43936693e-02 1.44238297e-02 
6.82836306e-01 1.43185098e-02 1.43431993e-02 1.43670007e-02 1.43930991e-02 1.44232694e-02 
6.83007049e-01 1.43183293e-02 1.43430340e-02 1.43667743e-02 1.43928205e-02 1.44229628e-02 
6.83177835e-01 1.43179132e-02 1.43427039e-02 1.43663769e-02 1.43923630e-02 1.44224628e-02 
6.83348664e-01 1.43172401e-02 1.43420623e-02 1.43657703e-02 1.43917264e-02 1.44219296e-02 
6.83519536e-01 1.43170410e-02 1.43418792e-02 1.43655276e-02 1.43914060e-02 1.44215792e-02 
6.83690450e-01 1.43170980e-02 1.43418730e-02 1.43654231e-02 1.43912155e-02 1.44213583e-02 
6.83861407e-01 1.43162586e-02 1.43410699e-02 1.43646279e-02 1.43904090e-02 1.44205974e-02 
6.84032406e-01 1.43159609e-02 1.43407714e-02 1.43642378e-02 1.43899783e-02 1.44201997e-02 
6.84203449e-01 1.43159104e-02 1.43405912e-02 1.43639798e-02 1.43896997e-02 1.44198344e-02 
6.84374534e-01 1.43152965e-02 1.43399630e-02 1.43633376e-02 1.43890636e-02 1.44192529e-02 
6.84545662e-01 1.43151547e-02 1.43397354e-02 1.43630680e-02 1.43887381e-02 1.44188770e-02 
6.84716833e-01 1.43145887e-02 1.43391541e-02 1.43624542e-02 1.43881183e-02 1.44183124e-02 
6.84888047e-01 1.43145261e-02 1.43389984e-02 1.43622486e-02 1.43878782e-02 1.44180277e-02 
6.85059303e-01 1.43147073e-02 1.43391022e-02 1.43622110e-02 1.43877586e-02 1.44177896e-02 
6.85230602e-01 1.43137363e-02 1.43381702e-02 1.43613407e-02 1.43869296e-02 1.44170189e-02 
6.85401944e-01 1.43135172e-02 1.43378527e-02 1.43610157e-02 1.43865897e-02 1.44166436e-02 
6.85573329e-01 1.43133966e-02 1.43376105e-02 1.43607687e-02 1.43862718e-02 1.44162668e-02 
6.85744757e-01 1.43132191e-02 1.43373381e-02 1.43605078e-02 1.43859581e-02 1.44159149e-02 
6.85916228e-01 1.43124542e-02 1.43365284e-02 1.43597357e-02 1.43852606e-02 1.44152233e-02 
6.86087741e-01 1.43127983e-02 1.43367359e-02 1.43598527e-02 1.43852230e-02 1.44150822e-02 
6.86259298e-01 1.43124183e-02 1.43363328e-02 1.43593733e-02 1.43847632e-02 1.44145821e-02 
6.86430897e-01 1.43120177e-02 1.43358853e-02 1.43589452e-02 1.43843065e-02 1.44141370e-02 
6.86602539e-01 1.43113447e-02 1.43351610e-02 1.43582987e-02 1.43836661e-02 1.44135068e-02 
6.86774224e-01 1.43111854e-02 1.43349541e-02 1.43580075e-02 1.43833300e-02 1.44131258e-02 
6.86945952e-01 1.43108908e-02 1.43346901e-02 1.43576887e-02 1.43829744e-02 1.44127134e-02 
6.87117723e-01 1.43103196e-02 1.43341040e-02 1.43571163e-02 1.43824256e-02 1.44121513e-02 
6.87289537e-01 1.43104340e-02 1.43341269e-02 1.43570495e-02 1.43822983e-02 1.44119815e-02 
6.87461394e-01 1.43095473e-02 1.43332558e-02 1.43563410e-02 1.43816060e-02 1.44112436e-02 
6.87633294e-01 1.43097314e-02 1.43334990e-02 1.43564339e-02 1.43816571e-02 1.44110706e-02 
6.87805237e-01 1.43089546e-02 1.43325941e-02 1.43557235e-02 1.43808802e-02 1.44104398e-02 
6.87977223e-01 1.43085669e-02 1.43321970e-02 1.43553185e-02 1.43805027e-02 1.44099744e-02 
6.88149252e-01 1.43082280e-02 1.43318190e-02 1.43549324e-02 1.43800783e-02 1.44095547e-02 
6.88321324e-01 1.43081770e-02 1.43317178e-02 1.43547374e-02 1.43798974e-02 1.44092657e-02 
6.88493439e-01 1.43074810e-02 1.43310192e-02 1.43540609e-02 1.43792169e-02 1.44086318e-02 
6.88665596e-01 1.43074414e-02 1.43308587e-02 1.43539180e-02 1.43789230e-02 1.44082902e-02 
6.88837797e-01 1.43079663e-02 1.43313425e-02 1.43543393e-02 1.43789463e-02 1.44082096e-02 
6.89010042e-01 1.43072267e-02 1.43303538e-02 1.43533051e-02 1.43782298e-02 1.44075646e-02 
6.89182329e-01 1.43066591e-02 1.43296755e-02 1.43527417e-02 1.43775907e-02 1.44069317e-02 
6.89354659e-01 1.43066495e-02 1.43295137e-02 1.43525999e-02 1.43773040e-02 1.44066244e-02 
6.89527032e-01 1.43067839e-02 1.43294760e-02 1.43525198e-02 1.43770853e-02 1.44063558e-02 
6.89699449e-01 1.43062563e-02 1.43288951e-02 1.43519864e-02 1.43765322e-02 1.44058036e-02 
6.89871908e-01 1.43057695e-02 1.43282509e-02 1.43513169e-02 1.43759033e-02 1.44051923e-02 
6.90044411e-01 1.43106636e-02 1.43329321e-02 1.43553643e-02 1.43789183e-02 1.44078740e-02 
6.90216957e-01 1.43053546e-02 1.43275105e-02 1.43506336e-02 1.43750549e-02 1.44043153e-02 
6.90389545e-01 1.43076625e-02 1.43298482e-02 1.43526233e-02 1.43763950e-02 1.44054066e-02 
6.90562178e-01 1.43051914e-02 1.43269699e-02 1.43501232e-02 1.43743665e-02 1.44035852e-02 
6.90734853e-01 1.43059267e-02 1.43275539e-02 1.43506573e-02 1.43746753e-02 1.44036908e-02 
6.90907571e-01 1.43048537e-02 1.43263968e-02 1.43495071e-02 1.43736435e-02 1.44028002e-02 
6.91080333e-01 1.43054104e-02 1.43268426e-02 1.43499165e-02 1.43738438e-02 1.44027612e-02 
6.91253138e-01 1.43052245e-02 1.43263758e-02 1.43494571e-02 1.43733954e-02 1.44022815e-02 
6.91425986e-01 1.43039507e-02 1.43256530e-02 1.43487103e-02 1.43726514e-02 1.44016517e-02 
6.91598877e-01 1.43044442e-02 1.43258725e-02 1.43489572e-02 1.43727181e-02 1.44015245e-02 
6.91771811e-01 1.43027420e-02 1.43245495e-02 1.43476116e-02 1.43715663e-02 1.44005279e-02 
6.91944789e-01 1.43062086e-02 1.43275988e-02 1.43503762e-02 1.43736334e-02 1.44019412e-02 
6.92117810e-01 1.43078375e-02 1.43292612e-02 1.43523269e-02 1.43748832e-02 1.44030000e-02 
6.92290874e-01 1.43038758e-02 1.43251362e-02 1.43481408e-02 1.43717064e-02 1.44003340e-02 
6.92463982e-01 1.43058423e-02 1.43273445e-02 1.43505580e-02 1.43731952e-02 1.44014443e-02 
6.92637133e-01 1.43493243e-02 1.43701909e-02 1.43886840e-02 1.44076108e-02 1.44301616e-02 
6.92810327e-01 1.43043973e-02 1.43250089e-02 1.43479679e-02 1.43712821e-02 1.43996752e-02 
6.92983564e-01 1.43022106e-02 1.43228415e-02 1.43461132e-02 1.43695264e-02 1.43981403e-02 
6.93156845e-01 1.43022326e-02 1.43228674e-02 1.43461059e-02 1.43694469e-02 1.43979090e-02 
6.93330169e-01 1.43009599e-02 1.43217189e-02 1.43451435e-02 1.43684668e-02 1.43969453e-02 
6.93503536e-01 1.43107560e-02 1.43316029e-02 1.43538625e-02 1.43757657e-02 1.44029041e-02 
6.93676947e-01 1.43002830e-02 1.43212356e-02 1.43444908e-02 1.43678649e-02 1.43961855e-02 
6.93850401e-01 1.42998127e-02 1.43209099e-02 1.43441748e-02 1.43675194e-02 1.43957396e-02 
6.94023898e-01 1.43011681e-02 1.43222746e-02 1.43452023e-02 1.43681237e-02 1.43956274e-02 
6.94197439e-01 1.42995486e-02 1.43207384e-02 1.43440577e-02 1.43670948e-02 1.43951305e-02 
6.94371023e-01 1.42988509e-02 1.43200589e-02 1.43433958e-02 1.43664544e-02 1.43945214e-02 
6.94544651e-01 1.42987231e-02 1.43199613e-02 1.43432398e-02 1.43662317e-02 1.43942085e-02 
6.94718322e-01 1.42984361e-02 1.43195786e-02 1.43428494e-02 1.43658957e-02 1.43937350e-02 
6.94892037e-01 1.42985090e-02 1.43195686e-02 1.43428037e-02 1.43657540e-02 1.43934697e-02 
6.95065795e-01 1.42982141e-02 1.43192274e-02 1.43424037e-02 1.43654491e-02 1.43929966e-02 
6.95239596e-01 1.42975512e-02 1.43185384e-02 1.43416824e-02 1.43648184e-02 1.43922947e-02 
6.95413441e-01 1.43029216e-02 1.43237077e-02 1.43460590e-02 1.43676709e-02 1.43951381e-02 
6.95587329e-01 1.42967465e-02 1.43176938e-02 1.43408874e-02 1.43638927e-02 1.43912196e-02 
6.95761261e-01 1.42967686e-02 1.43176511e-02 1.43408266e-02 1.43636999e-02 1.43909205e-02 
6.95935236e-01 1.42983154e-02 1.43192416e-02 1.43422183e-02 1.43646101e-02 1.43918174e-02 
6.96109255e-01 1.42975635e-02 1.43184157e-02 1.43413816e-02 1.43638364e-02 1.43909340e-02 
6.96283317e-01 1.43036832e-02 1.43241153e-02 1.43460471e-02 1.43674335e-02 1.43944462e-02 
6.96457423e-01 1.42960548e-02 1.43169778e-02 1.43398164e-02 1.43624011e-02 1.43893690e-02 
6.96631572e-01 1.42962320e-02 1.43173057e-02 1.43400544e-02 1.43624382e-02 1.43893989e-02 
6.96805765e-01 1.42955239e-02 1.43163795e-02 1.43391634e-02 1.43616091e-02 1.43885230e-02 
6.96980002e-01 1.42960847e-02 1.43169494e-02 1.43395660e-02 1.43618317e-02 1.43886923e-02 
6.97154282e-01 1.42968259e-02 1.43176209e-02 1.43401032e-02 1.43621753e-02 1.43889587e-02 
6.97328605e-01 1.42987544e-02 1.43192994e-02 1.43415242e-02 1.43631523e-02 1.43899428e-02 
6.97502973e-01 1.42944665e-02 1.43154806e-02 1.43381886e-02 1.43602102e-02 1.43870262e-02 
6.97677383e-01 1.42947702e-02 1.43157061e-02 1.43382026e-02 1.43601121e-02 1.43869062e-02 
6.97851838e-01 1.42936727e-02 1.43147565e-02 1.43372445e-02 1.43591769e-02 1.43859971e-02 
6.98026336e-01 1.42983711e-02 1.43183199e-02 1.43407055e-02 1.43621093e-02 1.43888665e-02 
6.98200877e-01 1.42942854e-02 1.43149601e-02 1.43372556e-02 1.43590848e-02 1.43856622e-02 
6.98375463e-01 1.42957511e-02 1.43160493e-02 1.43383854e-02 1.43599304e-02 1.43864104e-02 
6.98550092e-01 1.42933775e-02 1.43138942e-02 1.43361874e-02 1.43580885e-02 1.43845144e-02 
6.98724764e-01 1.42929513e-02 1.43134034e-02 1.43358059e-02 1.43577020e-02 1.43840311e-02 
6.98899481e-01 1.42931799e-02 1.43135541e-02 1.43358188e-02 1.43576144e-02 1.43838561e-02 
6.99074241e-01 1.42942424e-02 1.43144554e-02 1.43365029e-02 1.43582086e-02 1.43843171e-02 
6.99249044e-01 1.42928651e-02 1.43130076e-02 1.43352504e-02 1.43570775e-02 1.43831035e-02 
6.99423892e-01 1.42922671e-02 1.43123715e-02 1.43346469e-02 1.43564956e-02 1.43824567e-02 
6.99598783e-01 1.42934980e-02 1.43133014e-02 1.43355285e-02 1.43570834e-02 1.43831661e-02 
6.99773718e-01 1.42947796e-02 1.43143969e-02 1.43365213e-02 1.43578743e-02 1.43838638e-02 
6.99948696e-01 1.42925404e-02 1.43123922e-02 1.43346633e-02 1.43560489e-02 1.43822660e-02 
7.00123719e-01 1.42921651e-02 1.43117447e-02 1.43340789e-02 1.43554677e-02 1.43815720e-02 
7.00298785e-01 1.42925801e-02 1.43119762e-02 1.43342727e-02 1.43556216e-02 1.43816574e-02 
7.00473895e-01 1.42935487e-02 1.43128251e-02 1.43349704e-02 1.43561716e-02 1.43820747e-02 
7.00649048e-01 1.42908574e-02 1.43108033e-02 1.43329535e-02 1.43544066e-02 1.43804235e-02 
7.00824246e-01 1.42908515e-02 1.43106759e-02 1.43328010e-02 1.43542167e-02 1.43803125e-02 
7.00999487e-01 1.42903461e-02 1.43102868e-02 1.43324316e-02 1.43538548e-02 1.43799211e-02 
7.01174772e-01 1.42902810e-02 1.43100548e-02 1.43322302e-02 1.43535979e-02 1.43795991e-02 
7.01350101e-01 1.42901593e-02 1.43097315e-02 1.43319056e-02 1.43533196e-02 1.43792565e-02 
7.01525474e-01 1.42934822e-02 1.43127720e-02 1.43342553e-02 1.43551206e-02 1.43817733e-02 
7.01700890e-01 1.42896104e-02 1.43088725e-02 1.43313702e-02 1.43524554e-02 1.43785283e-02 
7.01876351e-01 1.42901669e-02 1.43094207e-02 1.43317819e-02 1.43526863e-02 1.43785774e-02 
7.02051855e-01 1.42893804e-02 1.43086074e-02 1.43309508e-02 1.43518812e-02 1.43778215e-02 
7.02227403e-01 1.42891368e-02 1.43084836e-02 1.43305453e-02 1.43515213e-02 1.43774597e-02 
7.02402996e-01 1.42989389e-02 1.43180122e-02 1.43386454e-02 1.43589370e-02 1.43829518e-02 
7.02578632e-01 1.42911837e-02 1.43105039e-02 1.43320009e-02 1.43527196e-02 1.43784438e-02 
7.02754312e-01 1.42889198e-02 1.43087269e-02 1.43300790e-02 1.43510045e-02 1.43771657e-02 
7.02930035e-01 1.42885737e-02 1.43083064e-02 1.43298044e-02 1.43505616e-02 1.43764671e-02 
7.03105803e-01 1.42887722e-02 1.43085524e-02 1.43298724e-02 1.43506359e-02 1.43764779e-02 
7.03281615e-01 1.42884952e-02 1.43081620e-02 1.43294959e-02 1.43502918e-02 1.43760748e-02 
7.03457471e-01 1.42898454e-02 1.43091303e-02 1.43303681e-02 1.43511021e-02 1.43766549e-02 
7.03633370e-01 1.42879797e-02 1.43074387e-02 1.43291094e-02 1.43497748e-02 1.43753579e-02 
7.03809314e-01 1.42877685e-02 1.43071245e-02 1.43288009e-02 1.43495264e-02 1.43750139e-02 
7.03985302e-01 1.42880476e-02 1.43071924e-02 1.43288776e-02 1.43496705e-02 1.43749313e-02 
7.04161334e-01 1.42890712e-02 1.43079273e-02 1.43292766e-02 1.43500283e-02 1.43751272e-02 
7.04337409e-01 1.42877165e-02 1.43065779e-02 1.43282970e-02 1.43491339e-02 1.43741688e-02 
7.04513529e-01 1.42873505e-02 1.43061125e-02 1.43278929e-02 1.43486650e-02 1.43736730e-02 
7.04689693e-01 1.42917735e-02 1.43096686e-02 1.43310785e-02 1.43513095e-02 1.43755924e-02 
7.04865901e-01 1.42875843e-02 1.43059863e-02 1.43278806e-02 1.43483788e-02 1.43731682e-02 
7.05042153e-01 1.42902778e-02 1.43080152e-02 1.43297017e-02 1.43499663e-02 1.43741578e-02 
7.05218448e-01 1.42884317e-02 1.43064468e-02 1.43283504e-02 1.43485458e-02 1.43730465e-02 
7.05394789e-01 1.42869801e-02 1.43050192e-02 1.43271497e-02 1.43473627e-02 1.43718907e-02 
7.05571173e-01 1.42885450e-02 1.43062137e-02 1.43283037e-02 1.43483791e-02 1.43724118e-02 
7.05747601e-01 1.42876242e-02 1.43053087e-02 1.43274916e-02 1.43476436e-02 1.43715782e-02 
7.05924073e-01 1.42878994e-02 1.43054168e-02 1.43275961e-02 1.43477696e-02 1.43713715e-02 
7.06100590e-01 1.42940367e-02 1.43111928e-02 1.43324116e-02 1.43516973e-02 1.43744595e-02 
7.06277150e-01 1.43320320e-02 1.43510366e-02 1.43701091e-02 1.43881838e-02 1.44092317e-02 
7.06453755e-01 1.42889970e-02 1.43063968e-02 1.43282491e-02 1.43483037e-02 1.43711965e-02 
7.06630404e-01 1.42888374e-02 1.43059932e-02 1.43278123e-02 1.43482032e-02 1.43708130e-02 
7.06807097e-01 1.42870639e-02 1.43045717e-02 1.43264350e-02 1.43468882e-02 1.43695907e-02 
7.06983834e-01 1.42874782e-02 1.43047970e-02 1.43266080e-02 1.43471593e-02 1.43695196e-02 
7.07160616e-01 1.42867054e-02 1.43040623e-02 1.43259192e-02 1.43465177e-02 1.43687557e-02 
7.07337442e-01 1.42865470e-02 1.43037843e-02 1.43257103e-02 1.43463734e-02 1.43683649e-02 
7.07514312e-01 1.42884527e-02 1.43069769e-02 1.43282232e-02 1.43483301e-02 1.43700686e-02 
7.07691226e-01 1.42947443e-02 1.43125202e-02 1.43329065e-02 1.43523418e-02 1.43735114e-02 
7.07868184e-01 1.42883098e-02 1.43058027e-02 1.43273058e-02 1.43476796e-02 1.43689413e-02 
7.08045187e-01 1.42866760e-02 1.43044691e-02 1.43259819e-02 1.43464654e-02 1.43677327e-02 
7.08222234e-01 1.42857838e-02 1.43035635e-02 1.43250855e-02 1.43456669e-02 1.43669738e-02 
7.08399325e-01 1.42954271e-02 1.43141238e-02 1.43344094e-02 1.43532601e-02 1.43749470e-02 
7.08576460e-01 1.42869608e-02 1.43049213e-02 1.43265955e-02 1.43467948e-02 1.43679538e-02 
7.08753640e-01 1.42848029e-02 1.43032111e-02 1.43245271e-02 1.43451022e-02 1.43665073e-02 
7.08930864e-01 1.42845307e-02 1.43030673e-02 1.43243178e-02 1.43449295e-02 1.43665548e-02 
7.09108132e-01 1.42853331e-02 1.43037293e-02 1.43249120e-02 1.43454387e-02 1.43672422e-02 
7.09285445e-01 1.42845991e-02 1.43029220e-02 1.43243551e-02 1.43448181e-02 1.43667636e-02 
7.09462802e-01 1.42840191e-02 1.43022529e-02 1.43238902e-02 1.43443041e-02 1.43661722e-02 
7.09640203e-01 1.42843970e-02 1.43025014e-02 1.43242061e-02 1.43445185e-02 1.43662184e-02 
7.09817649e-01 1.42845775e-02 1.43027548e-02 1.43242732e-02 1.43446489e-02 1.43661096e-02 
7.09995139e-01 1.42931263e-02 1.43122727e-02 1.43326556e-02 1.43519069e-02 1.43715656e-02 
7.10172673e-01 1.42862212e-02 1.43041896e-02 1.43256399e-02 1.43459620e-02 1.43670014e-02 
7.10350252e-01 1.42983218e-02 1.43169903e-02 1.43371495e-02 1.43558307e-02 1.43756701e-02 
7.10527876e-01 1.42835993e-02 1.43017829e-02 1.43232483e-02 1.43436380e-02 1.43641493e-02 
7.10705543e-01 1.43037001e-02 1.43214810e-02 1.43409097e-02 1.43592767e-02 1.43782503e-02 
7.10883255e-01 1.42829992e-02 1.43017543e-02 1.43229262e-02 1.43434435e-02 1.43634486e-02 
7.11061012e-01 1.42845515e-02 1.43031374e-02 1.43241705e-02 1.43447193e-02 1.43643159e-02 
7.11238813e-01 1.42831420e-02 1.43016407e-02 1.43229414e-02 1.43436091e-02 1.43634350e-02 
7.11416658e-01 1.42848006e-02 1.43032430e-02 1.43244205e-02 1.43447704e-02 1.43644960e-02 
7.11594548e-01 1.42852050e-02 1.43038321e-02 1.43247291e-02 1.43451764e-02 1.43649014e-02 
7.11772483e-01 1.42873030e-02 1.43059820e-02 1.43266157e-02 1.43465648e-02 1.43662528e-02 
7.11950461e-01 1.42841379e-02 1.43031768e-02 1.43240715e-02 1.43445177e-02 1.43642278e-02 
7.12128485e-01 1.42832534e-02 1.43018808e-02 1.43230446e-02 1.43437954e-02 1.43636639e-02 
7.12306553e-01 1.42827593e-02 1.43011841e-02 1.43225933e-02 1.43433713e-02 1.43632022e-02 
7.12484665e-01 1.42822087e-02 1.43008772e-02 1.43221967e-02 1.43432007e-02 1.43632089e-02 
7.12662822e-01 1.42891255e-02 1.43077134e-02 1.43283733e-02 1.43483317e-02 1.43676378e-02 
7.12841024e-01 1.42829855e-02 1.43017590e-02 1.43230599e-02 1.43437741e-02 1.43637910e-02 
7.13019270e-01 1.42848357e-02 1.43032600e-02 1.43245851e-02 1.43451000e-02 1.43647499e-02 
7.13197560e-01 1.42881578e-02 1.43072760e-02 1.43277442e-02 1.43479738e-02 1.43673140e-02 
7.13375896e-01 1.42860793e-02 1.43049968e-02 1.43260635e-02 1.43464779e-02 1.43661884e-02 
7.13554275e-01 1.42898621e-02 1.43090195e-02 1.43291168e-02 1.43492037e-02 1.43683834e-02 
7.13732700e-01 1.42852707e-02 1.43037200e-02 1.43251032e-02 1.43459500e-02 1.43654574e-02 
7.13911169e-01 1.42826616e-02 1.43011050e-02 1.43224006e-02 1.43438896e-02 1.43631497e-02 
7.14089683e-01 1.42818849e-02 1.43003936e-02 1.43218916e-02 1.43433993e-02 1.43627502e-02 
7.14268241e-01 1.42822742e-02 1.43007936e-02 1.43222851e-02 1.43436827e-02 1.43630155e-02 
7.14446844e-01 1.42885963e-02 1.43068518e-02 1.43276130e-02 1.43483817e-02 1.43670681e-02 
7.14625491e-01 1.42840040e-02 1.43024437e-02 1.43237898e-02 1.43449776e-02 1.43644523e-02 
7.14804184e-01 1.42889676e-02 1.43099265e-02 1.43299859e-02 1.43503964e-02 1.43690896e-02 
7.14982921e-01 1.43206375e-02 1.43384081e-02 1.43559525e-02 1.43732407e-02 1.43881952e-02 
7.15161702e-01 1.42827439e-02 1.43016553e-02 1.43230057e-02 1.43442616e-02 1.43632829e-02 
7.15340529e-01 1.42820621e-02 1.43009551e-02 1.43225535e-02 1.43439797e-02 1.43620334e-02 
7.15519400e-01 1.42942243e-02 1.43152067e-02 1.43350041e-02 1.43548153e-02 1.43729467e-02 
7.15698315e-01 1.42873619e-02 1.43058250e-02 1.43269242e-02 1.43476942e-02 1.43651120e-02 
7.15877276e-01 1.42818580e-02 1.43011143e-02 1.43227423e-02 1.43443008e-02 1.43626424e-02 
7.16056281e-01 1.42873769e-02 1.43065085e-02 1.43273639e-02 1.43482442e-02 1.43663139e-02 
7.16235331e-01 1.42852724e-02 1.43043835e-02 1.43256623e-02 1.43466265e-02 1.43644637e-02 
7.16414426e-01 1.42995857e-02 1.43183785e-02 1.43372317e-02 1.43567459e-02 1.43746310e-02 
7.16593566e-01 1.42851103e-02 1.43046296e-02 1.43255743e-02 1.43465732e-02 1.43649789e-02 
7.16772750e-01 1.43755385e-02 1.43929832e-02 1.44077978e-02 1.44232162e-02 1.44376843e-02 
7.16951979e-01 1.42869776e-02 1.43066263e-02 1.43274678e-02 1.43483271e-02 1.43665561e-02 
7.17131253e-01 1.42922216e-02 1.43125778e-02 1.43331075e-02 1.43531612e-02 1.43726426e-02 
7.17310572e-01 1.42906354e-02 1.43102109e-02 1.43305010e-02 1.43509989e-02 1.43692886e-02 
7.17489936e-01 1.43595348e-02 1.43902006e-02 1.44193823e-02 1.44603811e-02 1.45067934e-02 
7.17669344e-01 1.42816391e-02 1.43022735e-02 1.43236501e-02 1.43452594e-02 1.43645442e-02 
7.17848798e-01 1.43024689e-02 1.43214396e-02 1.43408305e-02 1.43599786e-02 1.43794419e-02 
7.18028296e-01 1.42813608e-02 1.43022227e-02 1.43235373e-02 1.43453404e-02 1.43650169e-02 
7.18207839e-01 1.43009357e-02 1.43197227e-02 1.43389016e-02 1.43585987e-02 1.43776038e-02 
7.18387427e-01 1.43218651e-02 1.43415224e-02 1.43603955e-02 1.43783894e-02 1.43954293e-02 
7.18567060e-01 1.42825871e-02 1.43033231e-02 1.43245829e-02 1.43463777e-02 1.43671418e-02 
7.18746738e-01 1.42866343e-02 1.43069687e-02 1.43279589e-02 1.43492973e-02 1.43698902e-02 
7.18926461e-01 1.42908513e-02 1.43099959e-02 1.43304933e-02 1.43515856e-02 1.43719016e-02 
7.19106229e-01 1.42909773e-02 1.43108054e-02 1.43312982e-02 1.43523095e-02 1.43729448e-02 
7.19286041e-01 1.43250470e-02 1.43428955e-02 1.43600056e-02 1.43779494e-02 1.43971936e-02 
7.19465899e-01 1.42833570e-02 1.43039290e-02 1.43254380e-02 1.43473634e-02 1.43684806e-02 
7.19645802e-01 1.42898737e-02 1.43100990e-02 1.43308330e-02 1.43517711e-02 1.43729188e-02 
7.19825749e-01 1.42831162e-02 1.43034990e-02 1.43250515e-02 1.43471301e-02 1.43688825e-02 
7.20005742e-01 1.42808960e-02 1.43019787e-02 1.43235224e-02 1.43461020e-02 1.43682187e-02 
7.20185779e-01 1.42816475e-02 1.43026819e-02 1.43242596e-02 1.43468019e-02 1.43690148e-02 
7.20365862e-01 1.42858677e-02 1.43069329e-02 1.43284001e-02 1.43501269e-02 1.43720562e-02 
7.20545990e-01 1.42858634e-02 1.43064643e-02 1.43276206e-02 1.43501488e-02 1.43721787e-02 
7.20726162e-01 1.42956348e-02 1.43156968e-02 1.43359516e-02 1.43566661e-02 1.43793672e-02 
7.20906380e-01 1.42952050e-02 1.43154725e-02 1.43358623e-02 1.43570437e-02 1.43783205e-02 
7.21086643e-01 1.42869753e-02 1.43082119e-02 1.43292661e-02 1.43514288e-02 1.43745032e-02 
7.21266951e-01 1.42844311e-02 1.43059304e-02 1.43273162e-02 1.43495540e-02 1.43732249e-02 
7.21447304e-01 1.42933055e-02 1.43140006e-02 1.43345439e-02 1.43562640e-02 1.43785230e-02 
7.21627702e-01 1.42857459e-02 1.43070984e-02 1.43282934e-02 1.43507838e-02 1.43746697e-02 
7.21808145e-01 1.42848215e-02 1.43065586e-02 1.43279302e-02 1.43504746e-02 1.43747448e-02 
7.21988633e-01 1.42816813e-02 1.43036513e-02 1.43255143e-02 1.43485504e-02 1.43733085e-02 
7.22169167e-01 1.42822494e-02 1.43042166e-02 1.43260789e-02 1.43490278e-02 1.43742890e-02 
7.22349745e-01 1.42834110e-02 1.43053345e-02 1.43270776e-02 1.43499964e-02 1.43754248e-02 
7.22530369e-01 1.42848567e-02 1.43066610e-02 1.43284005e-02 1.43509938e-02 1.43765461e-02 
7.22711038e-01 1.42976633e-02 1.43184179e-02 1.43392724e-02 1.43602556e-02 1.43838882e-02 
7.22891752e-01 1.42854920e-02 1.43076170e-02 1.43295755e-02 1.43519256e-02 1.43773582e-02 
7.23072511e-01 1.42924896e-02 1.43145657e-02 1.43364927e-02 1.43576561e-02 1.43824588e-02 
7.23253316e-01 1.42859717e-02 1.43078888e-02 1.43297049e-02 1.43529857e-02 1.43778324e-02 
7.23434166e-01 1.42826849e-02 1.43048704e-02 1.43271688e-02 1.43506838e-02 1.43758510e-02 
7.23615060e-01 1.42933426e-02 1.43147923e-02 1.43365174e-02 1.43578492e-02 1.43828228e-02 
7.23796001e-01 1.42826032e-02 1.43053278e-02 1.43277147e-02 1.43510538e-02 1.43763266e-02 
7.23976986e-01 1.42914066e-02 1.43142366e-02 1.43360553e-02 1.43571689e-02 1.43832881e-02 
7.24158017e-01 1.42903257e-02 1.43125568e-02 1.43341926e-02 1.43563729e-02 1.43811446e-02 
7.24339092e-01 1.42820370e-02 1.43050498e-02 1.43277602e-02 1.43509573e-02 1.43764351e-02 
7.24520214e-01 1.42861440e-02 1.43096861e-02 1.43317957e-02 1.43546147e-02 1.43795377e-02 
7.24701380e-01 1.43038026e-02 1.43240736e-02 1.43452559e-02 1.43663361e-02 1.43894962e-02 
7.24882592e-01 1.43024598e-02 1.43233421e-02 1.43444387e-02 1.43652385e-02 1.43892690e-02 
7.25063849e-01 1.42834922e-02 1.43065568e-02 1.43293963e-02 1.43527981e-02 1.43780256e-02 
7.25245151e-01 1.42849809e-02 1.43077257e-02 1.43306870e-02 1.43540512e-02 1.43789262e-02 
7.25426499e-01 1.42849941e-02 1.43086535e-02 1.43315547e-02 1.43547034e-02 1.43799201e-02 
7.25607892e-01 1.42871267e-02 1.43105860e-02 1.43332942e-02 1.43565475e-02 1.43812129e-02 
7.25789331e-01 1.42860938e-02 1.43090846e-02 1.43321046e-02 1.43555981e-02 1.43803647e-02 
7.25970814e-01 1.42893532e-02 1.43124014e-02 1.43349426e-02 1.43581773e-02 1.43825485e-02 
7.26152344e-01 1.42957611e-02 1.43184248e-02 1.43407482e-02 1.43624358e-02 1.43875954e-02 
7.26333918e-01 1.42892735e-02 1.43122403e-02 1.43347564e-02 1.43586083e-02 1.43831600e-02 
7.26515538e-01 1.42845932e-02 1.43081877e-02 1.43314530e-02 1.43556605e-02 1.43809636e-02 
7.26697203e-01 1.42849029e-02 1.43085012e-02 1.43318408e-02 1.43560047e-02 1.43813393e-02 
7.26878914e-01 1.42955415e-02 1.43191737e-02 1.43414449e-02 1.43635501e-02 1.43885112e-02 
7.27060671e-01 1.42866902e-02 1.43103903e-02 1.43337642e-02 1.43576647e-02 1.43830978e-02 
7.27242472e-01 1.42881064e-02 1.43117259e-02 1.43351418e-02 1.43589491e-02 1.43843741e-02 
7.27424319e-01 1.42863087e-02 1.43098515e-02 1.43334052e-02 1.43577163e-02 1.43832729e-02 
7.27606212e-01 1.42891752e-02 1.43123652e-02 1.43357462e-02 1.43597109e-02 1.43853259e-02 
7.27788150e-01 1.43180434e-02 1.43391576e-02 1.43598585e-02 1.43804274e-02 1.44061789e-02 
7.27970134e-01 1.42894013e-02 1.43125747e-02 1.43362982e-02 1.43604092e-02 1.43863549e-02 
7.28152163e-01 1.42911396e-02 1.43140748e-02 1.43375779e-02 1.43616899e-02 1.43876834e-02 
7.28334237e-01 1.42902464e-02 1.43136058e-02 1.43373908e-02 1.43617219e-02 1.43879858e-02 
7.28516358e-01 1.42961382e-02 1.43204743e-02 1.43434755e-02 1.43665215e-02 1.43924328e-02 
7.28698523e-01 1.42863838e-02 1.43105890e-02 1.43353045e-02 1.43602258e-02 1.43869611e-02 
7.28880735e-01 1.42859816e-02 1.43104552e-02 1.43354158e-02 1.43603927e-02 1.43873920e-02 
7.29062991e-01 1.42887923e-02 1.43126585e-02 1.43377987e-02 1.43622380e-02 1.43893086e-02 
7.29245294e-01 1.43455439e-02 1.43662113e-02 1.43846205e-02 1.44038490e-02 1.44260841e-02 
7.29427642e-01 1.42880402e-02 1.43123728e-02 1.43375767e-02 1.43625947e-02 1.43899999e-02 
7.29610035e-01 1.42877750e-02 1.43123851e-02 1.43376425e-02 1.43629265e-02 1.43905105e-02 
7.29792474e-01 1.42890313e-02 1.43134239e-02 1.43389349e-02 1.43640336e-02 1.43916244e-02 
7.29974959e-01 1.42893774e-02 1.43139427e-02 1.43395101e-02 1.43647329e-02 1.43924594e-02 
7.30157490e-01 1.43050702e-02 1.43290356e-02 1.43513447e-02 1.43755092e-02 1.44015095e-02 
7.30340066e-01 1.42887810e-02 1.43136762e-02 1.43397784e-02 1.43652085e-02 1.43932965e-02 
7.30522687e-01 1.43473202e-02 1.43815435e-02 1.44332580e-02 1.45015251e-02 1.45339913e-02 
7.30705355e-01 1.43440587e-02 1.43651450e-02 1.43849014e-02 1.44050680e-02 1.44290847e-02 
7.30888068e-01 1.43012154e-02 1.43250752e-02 1.43493183e-02 1.43740985e-02 1.44012779e-02 
7.31070827e-01 1.43212258e-02 1.43432806e-02 1.43653177e-02 1.43872184e-02 1.44148651e-02 
7.31253631e-01 1.42884139e-02 1.43140041e-02 1.43402451e-02 1.43667257e-02 1.43957644e-02 
7.31436481e-01 1.42986371e-02 1.43223612e-02 1.43474712e-02 1.43732750e-02 1.44014689e-02 
7.31619377e-01 1.42947200e-02 1.43193759e-02 1.43450842e-02 1.43711047e-02 1.44000406e-02 
7.31802319e-01 1.42919945e-02 1.43169338e-02 1.43430868e-02 1.43694044e-02 1.43988519e-02 
7.31985306e-01 1.42934214e-02 1.43182302e-02 1.43441348e-02 1.43705767e-02 1.44000404e-02 
7.32168339e-01 1.42910005e-02 1.43163848e-02 1.43427985e-02 1.43694899e-02 1.43990770e-02 
7.32351418e-01 1.42989992e-02 1.43238427e-02 1.43497162e-02 1.43762533e-02 1.44052032e-02 
7.32534543e-01 1.42901534e-02 1.43162928e-02 1.43434763e-02 1.43701721e-02 1.43995773e-02 
7.32717713e-01 1.42909367e-02 1.43172037e-02 1.43443757e-02 1.43710885e-02 1.44003969e-02 
7.32900929e-01 1.42924746e-02 1.43186800e-02 1.43456792e-02 1.43720948e-02 1.44015259e-02 
7.33084191e-01 1.42933440e-02 1.43193764e-02 1.43464209e-02 1.43729320e-02 1.44026197e-02 
7.33267499e-01 1.42936928e-02 1.43198452e-02 1.43469822e-02 1.43735696e-02 1.44032563e-02 
7.33450853e-01 1.42959495e-02 1.43218650e-02 1.43487369e-02 1.43754195e-02 1.44052460e-02 
7.33634253e-01 1.42987494e-02 1.43242405e-02 1.43509046e-02 1.43777613e-02 1.44080047e-02 
7.33817698e-01 1.42934217e-02 1.43202991e-02 1.43478161e-02 1.43751641e-02 1.44049042e-02 
7.34001189e-01 1.42950802e-02 1.43219083e-02 1.43491519e-02 1.43765909e-02 1.44063258e-02 
7.34184726e-01 1.42920996e-02 1.43197782e-02 1.43476120e-02 1.43754317e-02 1.44054258e-02 
7.34368309e-01 1.42938659e-02 1.43213110e-02 1.43489353e-02 1.43767515e-02 1.44068139e-02 
7.34551938e-01 1.42958735e-02 1.43231080e-02 1.43506858e-02 1.43785221e-02 1.44085022e-02 
7.34735613e-01 1.43399826e-02 1.43620823e-02 1.43838347e-02 1.44068305e-02 1.44344996e-02 
7.34919334e-01 1.42937616e-02 1.43216657e-02 1.43498034e-02 1.43781024e-02 1.44086353e-02 
7.35103101e-01 1.42938347e-02 1.43219846e-02 1.43501950e-02 1.43787003e-02 1.44092958e-02 
7.35286914e-01 1.43024865e-02 1.43290717e-02 1.43565841e-02 1.43841931e-02 1.44150466e-02 
7.35470772e-01 1.42942946e-02 1.43223533e-02 1.43511226e-02 1.43799726e-02 1.44107851e-02 
7.35654677e-01 1.42990526e-02 1.43260990e-02 1.43544596e-02 1.43830711e-02 1.44136439e-02 
7.35838628e-01 1.43110187e-02 1.43372627e-02 1.43634851e-02 1.43906480e-02 1.44214541e-02 
7.36022624e-01 1.43347868e-02 1.43569715e-02 1.43804536e-02 1.44055985e-02 1.44341763e-02 
7.36206667e-01 1.43140250e-02 1.43398951e-02 1.43664304e-02 1.43932376e-02 1.44234301e-02 
7.36390756e-01 1.42960514e-02 1.43247776e-02 1.43541495e-02 1.43836296e-02 1.44149231e-02 
7.36574890e-01 1.43201908e-02 1.43466097e-02 1.43721429e-02 1.43981250e-02 1.44303199e-02 
7.36759071e-01 1.43005074e-02 1.43291193e-02 1.43578128e-02 1.43870765e-02 1.44189884e-02 
7.36943298e-01 1.43027565e-02 1.43308924e-02 1.43596821e-02 1.43887674e-02 1.44198902e-02 
7.37127571e-01 1.43113534e-02 1.43389059e-02 1.43665967e-02 1.43942654e-02 1.44254885e-02 
7.37311890e-01 1.43014599e-02 1.43300326e-02 1.43596339e-02 1.43890935e-02 1.44208942e-02 
7.37496255e-01 1.42990718e-02 1.43287310e-02 1.43585237e-02 1.43886556e-02 1.44204500e-02 
7.37680666e-01 1.42996548e-02 1.43295555e-02 1.43594017e-02 1.43895398e-02 1.44214175e-02 
7.37865123e-01 1.43002860e-02 1.43303956e-02 1.43603085e-02 1.43904360e-02 1.44224438e-02 
7.38049626e-01 1.43001758e-02 1.43304552e-02 1.43605653e-02 1.43909342e-02 1.44230940e-02 
7.38234176e-01 1.43133592e-02 1.43412999e-02 1.43695359e-02 1.43980244e-02 1.44308418e-02 
7.38418771e-01 1.43025618e-02 1.43325369e-02 1.43624085e-02 1.43931194e-02 1.44253949e-02 
7.38603413e-01 1.43073343e-02 1.43364387e-02 1.43657091e-02 1.43960351e-02 1.44284417e-02 
7.38788101e-01 1.43015820e-02 1.43322405e-02 1.43626193e-02 1.43935583e-02 1.44262927e-02 
7.38972835e-01 1.43111214e-02 1.43399822e-02 1.43688512e-02 1.43991172e-02 1.44310970e-02 
7.39157616e-01 1.43094298e-02 1.43391137e-02 1.43681853e-02 1.43988760e-02 1.44313951e-02 
7.39342442e-01 1.43126192e-02 1.43422275e-02 1.43709684e-02 1.44012242e-02 1.44337774e-02 
7.39527315e-01 1.43099102e-02 1.43403405e-02 1.43696399e-02 1.44004172e-02 1.44329906e-02 
7.39712234e-01 1.43062168e-02 1.43376567e-02 1.43678425e-02 1.43990863e-02 1.44318759e-02 
7.39897199e-01 1.43119534e-02 1.43425617e-02 1.43716678e-02 1.44024163e-02 1.44356193e-02 
7.40082211e-01 1.43061291e-02 1.43378419e-02 1.43685898e-02 1.44000531e-02 1.44328577e-02 
7.40267268e-01 1.43969229e-02 1.44178673e-02 1.44374005e-02 1.44577099e-02 1.44835745e-02 
7.40452372e-01 1.43146141e-02 1.43461298e-02 1.43751845e-02 1.44061253e-02 1.44386004e-02 
7.40637523e-01 1.43153434e-02 1.43466655e-02 1.43760004e-02 1.44069607e-02 1.44396283e-02 
7.40822719e-01 1.43167082e-02 1.43481674e-02 1.43772466e-02 1.44083198e-02 1.44408602e-02 
7.41007962e-01 1.43357434e-02 1.43640395e-02 1.43912147e-02 1.44193637e-02 1.44514957e-02 
7.41193251e-01 1.43080593e-02 1.43413614e-02 1.43725793e-02 1.44049475e-02 1.44383261e-02 
7.41378587e-01 1.43107863e-02 1.43444165e-02 1.43748192e-02 1.44070629e-02 1.44406191e-02 
7.41563969e-01 1.43084768e-02 1.43423103e-02 1.43738339e-02 1.44064083e-02 1.44400478e-02 
7.41749397e-01 1.43174304e-02 1.43500859e-02 1.43798324e-02 1.44115109e-02 1.44445153e-02 
7.41934872e-01 1.43224655e-02 1.43542306e-02 1.43844401e-02 1.44151762e-02 1.44479901e-02 
7.42120393e-01 1.43149891e-02 1.43482620e-02 1.43791137e-02 1.44113828e-02 1.44447485e-02 
7.42305960e-01 1.43503370e-02 1.43767889e-02 1.44037638e-02 1.44314575e-02 1.44615898e-02 
7.42491574e-01 1.43220097e-02 1.43546838e-02 1.43846057e-02 1.44164455e-02 1.44494385e-02 
7.42677234e-01 1.43119808e-02 1.43465536e-02 1.43787327e-02 1.44118325e-02 1.44460746e-02 
7.42862941e-01 1.43126602e-02 1.43472201e-02 1.43796448e-02 1.44128798e-02 1.44470832e-02 
7.43048694e-01 1.43124245e-02 1.43473364e-02 1.43799724e-02 1.44133997e-02 1.44477479e-02 
7.43234493e-01 1.43161041e-02 1.43507649e-02 1.43826390e-02 1.44158291e-02 1.44501850e-02 
7.43420339e-01 1.43148674e-02 1.43496658e-02 1.43823883e-02 1.44158763e-02 1.44501902e-02 
7.43606232e-01 1.43152065e-02 1.43500639e-02 1.43829065e-02 1.44165759e-02 1.44510309e-02 
7.43792171e-01 1.43210123e-02 1.43559072e-02 1.43874005e-02 1.44200986e-02 1.44539555e-02 
7.43978156e-01 1.43202836e-02 1.43557576e-02 1.43872590e-02 1.44206322e-02 1.44546953e-02 
7.44164188e-01 1.43172727e-02 1.43525756e-02 1.43854897e-02 1.44195308e-02 1.44544217e-02 
7.44350266e-01 1.43173660e-02 1.43527953e-02 1.43859995e-02 1.44202149e-02 1.44552581e-02 
7.44536391e-01 1.43281451e-02 1.43621245e-02 1.43937614e-02 1.44263906e-02 1.44606179e-02 
7.44722563e-01 1.43211774e-02 1.43569050e-02 1.43894137e-02 1.44233519e-02 1.44584818e-02 
7.44908781e-01 1.43202072e-02 1.43558974e-02 1.43891361e-02 1.44235077e-02 1.44587780e-02 
7.45095045e-01 1.43206652e-02 1.43563044e-02 1.43897980e-02 1.44244025e-02 1.44598137e-02 
7.45281357e-01 1.43223086e-02 1.43581171e-02 1.43913813e-02 1.44259299e-02 1.44614346e-02 
7.45467714e-01 1.43234911e-02 1.43591222e-02 1.43926002e-02 1.44271777e-02 1.44628380e-02 
7.45654119e-01 1.43250333e-02 1.43608624e-02 1.43943472e-02 1.44286519e-02 1.44642371e-02 
7.45840570e-01 1.43279504e-02 1.43635272e-02 1.43968405e-02 1.44310990e-02 1.44666698e-02 
7.46027067e-01 1.43252972e-02 1.43611326e-02 1.43952718e-02 1.44301328e-02 1.44662162e-02 
7.46213612e-01 1.43275215e-02 1.43631245e-02 1.43971532e-02 1.44319430e-02 1.44681895e-02 
7.46400203e-01 1.43403323e-02 1.43735472e-02 1.44058175e-02 1.44393380e-02 1.44749751e-02 
7.46586840e-01 1.43273674e-02 1.43633577e-02 1.43977471e-02 1.44332350e-02 1.44697691e-02 
7.46773524e-01 1.43442723e-02 1.43764713e-02 1.44091338e-02 1.44425492e-02 1.44774768e-02 
7.46960255e-01 1.43292803e-02 1.43654332e-02 1.43999244e-02 1.44356671e-02 1.44724331e-02 
7.47147033e-01 1.43405366e-02 1.43754321e-02 1.44082881e-02 1.44425557e-02 1.44780351e-02 
7.47333857e-01 1.43310280e-02 1.43674370e-02 1.44020086e-02 1.44379962e-02 1.44750496e-02 
7.47520728e-01 1.43331949e-02 1.43697315e-02 1.44039781e-02 1.44399984e-02 1.44770892e-02 
7.47707646e-01 1.43359253e-02 1.43723644e-02 1.44062805e-02 1.44422001e-02 1.44792409e-02 
7.47894610e-01 1.43486433e-02 1.43830448e-02 1.44154997e-02 1.44493729e-02 1.44851267e-02 
7.48081622e-01 1.43398518e-02 1.43761124e-02 1.44102277e-02 1.44458795e-02 1.44830537e-02 
7.48268680e-01 1.43366334e-02 1.43735334e-02 1.44083089e-02 1.44446551e-02 1.44823779e-02 
7.48455784e-01 1.43368033e-02 1.43741384e-02 1.44090832e-02 1.44455412e-02 1.44835859e-02 
7.48642936e-01 1.43377930e-02 1.43753179e-02 1.44103625e-02 1.44468305e-02 1.44850316e-02 
7.48830134e-01 1.43438483e-02 1.43807653e-02 1.44149483e-02 1.44506989e-02 1.44887269e-02 
7.49017379e-01 1.43535690e-02 1.43889701e-02 1.44216602e-02 1.44563494e-02 1.44938185e-02 
7.49204671e-01 1.43412819e-02 1.43793914e-02 1.44146934e-02 1.44509479e-02 1.44895877e-02 
7.49392010e-01 1.43441350e-02 1.43821089e-02 1.44171099e-02 1.44532620e-02 1.44918561e-02 
7.49579396e-01 1.43441377e-02 1.43824254e-02 1.44177804e-02 1.44540779e-02 1.44927977e-02 
7.49766828e-01 1.43437400e-02 1.43823178e-02 1.44179452e-02 1.44546538e-02 1.44934360e-02 
7.49954308e-01 1.43527696e-02 1.43900568e-02 1.44242653e-02 1.44599719e-02 1.44984228e-02 
7.50141834e-01 1.43462003e-02 1.43850864e-02 1.44209449e-02 1.44576176e-02 1.44967033e-02 
7.50329407e-01 1.43465825e-02 1.43857029e-02 1.44219044e-02 1.44587614e-02 1.44978515e-02 
7.50517027e-01 1.43511448e-02 1.43893786e-02 1.44252213e-02 1.44617915e-02 1.45006249e-02 
7.50704694e-01 1.43491938e-02 1.43883334e-02 1.44250294e-02 1.44618558e-02 1.45011244e-02 
7.50892408e-01 1.43505835e-02 1.43896099e-02 1.44264481e-02 1.44634295e-02 1.45025934e-02 
7.51080169e-01 1.43505709e-02 1.43900395e-02 1.44272310e-02 1.44643908e-02 1.45037393e-02 
7.51267977e-01 1.43568986e-02 1.43952301e-02 1.44317699e-02 1.44681503e-02 1.45071355e-02 
7.51455831e-01 1.43547928e-02 1.43938052e-02 1.44309692e-02 1.44681546e-02 1.45072615e-02 
7.51643733e-01 1.43542755e-02 1.43939286e-02 1.44313871e-02 1.44688208e-02 1.45082352e-02 
7.51831682e-01 1.43672542e-02 1.44047178e-02 1.44398810e-02 1.44756369e-02 1.45147703e-02 
7.52019678e-01 1.43568981e-02 1.43966809e-02 1.44343230e-02 1.44718102e-02 1.45114079e-02 
7.52207720e-01 1.43591796e-02 1.43987442e-02 1.44364038e-02 1.44737305e-02 1.45132453e-02 
7.52395810e-01 1.43661010e-02 1.44044331e-02 1.44414492e-02 1.44778977e-02 1.45171062e-02 
7.52583947e-01 1.43744556e-02 1.44121135e-02 1.44474677e-02 1.44834074e-02 1.45222577e-02 
7.52772131e-01 1.43782868e-02 1.44161778e-02 1.44512206e-02 1.44866797e-02 1.45258913e-02 
7.52960361e-01 1.43693153e-02 1.44080337e-02 1.44457169e-02 1.44825950e-02 1.45217590e-02 
7.53148639e-01 1.43689411e-02 1.44079332e-02 1.44459608e-02 1.44832384e-02 1.45227071e-02 
7.53336964e-01 1.43740470e-02 1.44119935e-02 1.44495538e-02 1.44865048e-02 1.45256184e-02 
7.53525336e-01 1.43701426e-02 1.44098452e-02 1.44483468e-02 1.44862161e-02 1.45259627e-02 
7.53713756e-01 1.43736649e-02 1.44127522e-02 1.44511537e-02 1.44888654e-02 1.45286040e-02 
7.53902222e-01 1.43761811e-02 1.44150683e-02 1.44536618e-02 1.44913804e-02 1.45311606e-02 
7.54090735e-01 1.43865501e-02 1.44231692e-02 1.44601707e-02 1.44972674e-02 1.45364750e-02 
7.54279296e-01 1.43787729e-02 1.44179496e-02 1.44567087e-02 1.44945122e-02 1.45345368e-02 
7.54467904e-01 1.43797261e-02 1.44202848e-02 1.44581275e-02 1.44966185e-02 1.45364651e-02 
7.54656559e-01 1.43856719e-02 1.44244305e-02 1.44626957e-02 1.45006064e-02 1.45405100e-02 
7.54845261e-01 1.43956563e-02 1.44333109e-02 1.44701947e-02 1.45068426e-02 1.45463011e-02 
7.55034010e-01 1.43825302e-02 1.44227483e-02 1.44626641e-02 1.45014309e-02 1.45419053e-02 
7.55222806e-01 1.43827897e-02 1.44235304e-02 1.44637147e-02 1.45028042e-02 1.45434373e-02 
7.55411650e-01 1.43920366e-02 1.44307766e-02 1.44695955e-02 1.45080577e-02 1.45483125e-02 
7.55600541e-01 1.43887946e-02 1.44292651e-02 1.44690786e-02 1.45083065e-02 1.45488076e-02 
7.55789479e-01 1.43885055e-02 1.44298210e-02 1.44698615e-02 1.45096703e-02 1.45503067e-02 
7.55978464e-01 1.43909718e-02 1.44321759e-02 1.44723763e-02 1.45120868e-02 1.45528207e-02 
7.56167497e-01 1.43942739e-02 1.44352339e-02 1.44753862e-02 1.45150469e-02 1.45556763e-02 
7.56356577e-01 1.43973491e-02 1.44380326e-02 1.44783352e-02 1.45178407e-02 1.45584208e-02 
7.56545704e-01 1.43956348e-02 1.44369228e-02 1.44779740e-02 1.45182489e-02 1.45591361e-02 
7.56734878e-01 1.43989184e-02 1.44399350e-02 1.44811944e-02 1.45213110e-02 1.45620358e-02 
7.56924100e-01 1.44003297e-02 1.44415942e-02 1.44831509e-02 1.45234439e-02 1.45642326e-02 
7.57113369e-01 1.44053520e-02 1.44461847e-02 1.44876333e-02 1.45275363e-02 1.45679891e-02 
7.57302686e-01 1.44086956e-02 1.44493720e-02 1.44907332e-02 1.45305021e-02 1.45709423e-02 
7.57492049e-01 1.44094487e-02 1.44501121e-02 1.44920503e-02 1.45320594e-02 1.45727929e-02 
7.57681460e-01 1.44105630e-02 1.44522879e-02 1.44942485e-02 1.45345986e-02 1.45752382e-02 
7.57870919e-01 1.44107464e-02 1.44530199e-02 1.44954339e-02 1.45362320e-02 1.45770801e-02 
7.58060425e-01 1.44136143e-02 1.44559241e-02 1.44983812e-02 1.45391972e-02 1.45800994e-02 
7.58249978e-01 1.44161696e-02 1.44587683e-02 1.45013534e-02 1.45421981e-02 1.45830239e-02 
7.58439578e-01 1.44172653e-02 1.44606132e-02 1.45035252e-02 1.45445209e-02 1.45854391e-02 
7.58629226e-01 1.44191556e-02 1.44631818e-02 1.45062509e-02 1.45472809e-02 1.45882065e-02 
7.58818922e-01 1.44263512e-02 1.44686305e-02 1.45116286e-02 1.45520193e-02 1.45927220e-02 
7.59008665e-01 1.44236277e-02 1.44681942e-02 1.45117408e-02 1.45530023e-02 1.45942136e-02 
7.59198455e-01 1.44320978e-02 1.44753156e-02 1.45183650e-02 1.45589074e-02 1.45994842e-02 
7.59388293e-01 1.44290484e-02 1.44742917e-02 1.45180667e-02 1.45595260e-02 1.46012398e-02 
7.59578178e-01 1.44317076e-02 1.44772660e-02 1.45212356e-02 1.45627039e-02 1.46047397e-02 
7.59768111e-01 1.44364987e-02 1.44812866e-02 1.45253785e-02 1.45668043e-02 1.46086664e-02 
7.59958091e-01 1.44388764e-02 1.44846528e-02 1.45288729e-02 1.45701123e-02 1.46125711e-02 
7.60148119e-01 1.44433429e-02 1.44892993e-02 1.45336581e-02 1.45747172e-02 1.46171599e-02 
7.60338194e-01 1.44437037e-02 1.44902790e-02 1.45354627e-02 1.45771481e-02 1.46200903e-02 
7.60528317e-01 1.44464235e-02 1.44934235e-02 1.45389700e-02 1.45808081e-02 1.46239871e-02 
7.60718487e-01 1.44517428e-02 1.44986796e-02 1.45440618e-02 1.45854124e-02 1.46288805e-02 
7.60908705e-01 1.44541681e-02 1.45017086e-02 1.45477218e-02 1.45890562e-02 1.46330350e-02 
7.61098970e-01 1.44564811e-02 1.45045594e-02 1.45510338e-02 1.45927054e-02 1.46372246e-02 
7.61289283e-01 1.44612251e-02 1.45093896e-02 1.45557648e-02 1.45973309e-02 1.46422639e-02 
7.61479644e-01 1.44637455e-02 1.45125835e-02 1.45593776e-02 1.46011270e-02 1.46463805e-02 
7.61670052e-01 1.44678172e-02 1.45172780e-02 1.45639367e-02 1.46058323e-02 1.46511767e-02 
7.61860508e-01 1.44714886e-02 1.45217110e-02 1.45686022e-02 1.46106104e-02 1.46562823e-02 
7.62051011e-01 1.44762605e-02 1.45270063e-02 1.45741063e-02 1.46161540e-02 1.46619909e-02 
7.62241562e-01 1.44801101e-02 1.45316743e-02 1.45791499e-02 1.46212139e-02 1.46674879e-02 
7.62432161e-01 1.44848872e-02 1.45369947e-02 1.45842780e-02 1.46267804e-02 1.46734342e-02 
7.62622807e-01 1.44893401e-02 1.45421088e-02 1.45897391e-02 1.46325203e-02 1.46794801e-02 
7.62813501e-01 1.44967439e-02 1.45490432e-02 1.45967891e-02 1.46394940e-02 1.46866051e-02 
7.63004243e-01 1.45003583e-02 1.45534769e-02 1.46014899e-02 1.46451456e-02 1.46926298e-02 
7.63195032e-01 1.45071822e-02 1.45600857e-02 1.46082492e-02 1.46516492e-02 1.46999231e-02 
7.63385869e-01 1.45139489e-02 1.45668601e-02 1.46153024e-02 1.46585729e-02 1.47075952e-02 
7.63576754e-01 1.45219867e-02 1.45747075e-02 1.46233444e-02 1.46664712e-02 1.47157109e-02 
7.63767687e-01 1.45281216e-02 1.45812884e-02 1.46305956e-02 1.46740257e-02 1.47230114e-02 
7.63958667e-01 1.45360108e-02 1.45894198e-02 1.46388499e-02 1.46825420e-02 1.47313840e-02 
7.64149695e-01 1.45469524e-02 1.45993318e-02 1.46490604e-02 1.46927049e-02 1.47412368e-02 
7.64340771e-01 1.45538971e-02 1.46069664e-02 1.46576576e-02 1.47014071e-02 1.47502188e-02 
7.64531894e-01 1.45646501e-02 1.46179503e-02 1.46688953e-02 1.47136069e-02 1.47614532e-02 
7.64723066e-01 1.45793775e-02 1.46327143e-02 1.46842236e-02 1.47297884e-02 1.47772047e-02 
7.64914285e-01 1.45955305e-02 1.46492548e-02 1.47012739e-02 1.47477390e-02 1.47951347e-02 
7.65105552e-01 1.46132138e-02 1.46680461e-02 1.47207482e-02 1.47681341e-02 1.48162427e-02 
7.65296867e-01 1.46338290e-02 1.46893270e-02 1.47427263e-02 1.47920471e-02 1.48421821e-02 
7.65488229e-01 1.46578135e-02 1.47138257e-02 1.47700131e-02 1.48194416e-02 1.48714759e-02 
7.65679640e-01 1.46872709e-02 1.47438762e-02 1.48021580e-02 1.48524410e-02 1.49065456e-02 
7.65871098e-01 1.47216157e-02 1.47805579e-02 1.48420798e-02 1.48941488e-02 1.49533901e-02 
7.66062605e-01 1.47675570e-02 1.48289211e-02 1.48949239e-02 1.49503105e-02 1.50151104e-02 
7.66254159e-01 1.48326027e-02 1.48993607e-02 1.49718683e-02 1.50318490e-02 1.51003268e-02 
7.66445761e-01 1.49458528e-02 1.50211413e-02 1.51036626e-02 1.51714145e-02 1.52478605e-02 
7.66637411e-01 1.52747316e-02 1.53776703e-02 1.54933927e-02 1.55897145e-02 1.57059468e-02 
7.66829109e-01 1.50994298e-02 1.51864704e-02 1.52821262e-02 1.53632043e-02 1.54593463e-02 
7.67020854e-01 1.48998488e-02 1.49716471e-02 1.50490577e-02 1.51144829e-02 1.51886429e-02 
7.67212648e-01 1.48081519e-02 1.48724199e-02 1.49430331e-02 1.50011802e-02 1.50686137e-02 
7.67404490e-01 1.47520174e-02 1.48129227e-02 1.48768882e-02 1.49311054e-02 1.49948473e-02 
7.67596380e-01 1.47125223e-02 1.47707596e-02 1.48312051e-02 1.48826979e-02 1.49405874e-02 
7.67788317e-01 1.46828669e-02 1.47392749e-02 1.47972896e-02 1.48471235e-02 1.49007081e-02 
7.67980303e-01 1.46593517e-02 1.47152866e-02 1.47717528e-02 1.48211494e-02 1.48732320e-02 
7.68172337e-01 1.46428068e-02 1.46985172e-02 1.47528211e-02 1.48023778e-02 1.48538953e-02 
7.68364418e-01 1.46323149e-02 1.46878324e-02 1.47411221e-02 1.47904792e-02 1.48405622e-02 
7.68556548e-01 1.46272293e-02 1.46832061e-02 1.47363103e-02 1.47852108e-02 1.48348277e-02 
7.68748726e-01 1.46292772e-02 1.46850985e-02 1.47382811e-02 1.47874169e-02 1.48372070e-02 
7.68940952e-01 1.46396461e-02 1.46947856e-02 1.47489370e-02 1.47980932e-02 1.48488968e-02 
7.69133225e-01 1.46571380e-02 1.47133966e-02 1.47694196e-02 1.48188226e-02 1.48710189e-02 
7.69325547e-01 1.46866959e-02 1.47432552e-02 1.48013416e-02 1.48514623e-02 1.49053458e-02 
7.69517917e-01 1.47277064e-02 1.47865871e-02 1.48487199e-02 1.49011013e-02 1.49612991e-02 
7.69710336e-01 1.47936728e-02 1.48565560e-02 1.49257094e-02 1.49828163e-02 1.50492204e-02 
7.69902802e-01 1.49213207e-02 1.49943786e-02 1.50739292e-02 1.51404102e-02 1.52159576e-02 
7.70095316e-01 1.56564374e-02 1.57887487e-02 1.59351780e-02 1.60506695e-02 1.61806940e-02 
7.70287879e-01 1.49487395e-02 1.50242529e-02 1.51070013e-02 1.51750822e-02 1.52516815e-02 
7.70480489e-01 1.48045661e-02 1.48684909e-02 1.49388682e-02 1.49969065e-02 1.50638078e-02 
7.70673148e-01 1.47322088e-02 1.47915959e-02 1.48539766e-02 1.49067190e-02 1.49675226e-02 
7.70865855e-01 1.46849055e-02 1.47413502e-02 1.47993682e-02 1.48494257e-02 1.49031894e-02 
7.71058610e-01 1.46479623e-02 1.47038586e-02 1.47587011e-02 1.48082565e-02 1.48600454e-02 
7.71251414e-01 1.46199207e-02 1.46754097e-02 1.47281851e-02 1.47760266e-02 1.48248898e-02 
7.71444265e-01 1.45976910e-02 1.46515800e-02 1.47036385e-02 1.47502275e-02 1.47979572e-02 
7.71637165e-01 1.45784478e-02 1.46318145e-02 1.46834573e-02 1.47287826e-02 1.47765096e-02 
7.71830113e-01 1.45619400e-02 1.46149696e-02 1.46661000e-02 1.47106023e-02 1.47586752e-02 
7.72023110e-01 1.45502042e-02 1.46024209e-02 1.46526705e-02 1.46963338e-02 1.47444020e-02 
7.72216154e-01 1.45343240e-02 1.45872343e-02 1.46376381e-02 1.46814754e-02 1.47298410e-02 
7.72409247e-01 1.45236277e-02 1.45770643e-02 1.46265539e-02 1.46700398e-02 1.47189202e-02 
7.72602388e-01 1.45157422e-02 1.45689402e-02 1.46176303e-02 1.46610728e-02 1.47102517e-02 
7.72795578e-01 1.45081075e-02 1.45613848e-02 1.46097402e-02 1.46531150e-02 1.47016168e-02 
7.72988815e-01 1.45008111e-02 1.45541796e-02 1.46023992e-02 1.46460567e-02 1.46936397e-02 
7.73182101e-01 1.44949661e-02 1.45481496e-02 1.45960531e-02 1.46390428e-02 1.46862359e-02 
7.73375436e-01 1.44884706e-02 1.45414424e-02 1.45890605e-02 1.46320275e-02 1.46790582e-02 
7.73568818e-01 1.44842532e-02 1.45362749e-02 1.45837412e-02 1.46261395e-02 1.46728388e-02 
7.73762249e-01 1.44784805e-02 1.45301617e-02 1.45776720e-02 1.46199740e-02 1.46662641e-02 
7.73955729e-01 1.44736047e-02 1.45246215e-02 1.45718064e-02 1.46142663e-02 1.46602179e-02 
7.74149257e-01 1.44690633e-02 1.45195341e-02 1.45665691e-02 1.46088166e-02 1.46545428e-02 
7.74342833e-01 1.44652263e-02 1.45150244e-02 1.45620380e-02 1.46039566e-02 1.46493197e-02 
7.74536458e-01 1.44609509e-02 1.45101432e-02 1.45572987e-02 1.45991826e-02 1.46445995e-02 
7.74730131e-01 1.44574543e-02 1.45062594e-02 1.45529332e-02 1.45949346e-02 1.46397697e-02 
7.74923852e-01 1.44535421e-02 1.45020681e-02 1.45486363e-02 1.45903519e-02 1.46349157e-02 
7.75117622e-01 1.44504197e-02 1.44985182e-02 1.45446682e-02 1.45864345e-02 1.46304525e-02 
7.75311440e-01 1.44490329e-02 1.44963919e-02 1.45419328e-02 1.45834496e-02 1.46266468e-02 
7.75505307e-01 1.44435822e-02 1.44908933e-02 1.45365143e-02 1.45783914e-02 1.46216826e-02 
7.75699222e-01 1.44402749e-02 1.44872977e-02 1.45325962e-02 1.45744390e-02 1.46175512e-02 
7.75893186e-01 1.44370828e-02 1.44838015e-02 1.45287966e-02 1.45705235e-02 1.46135266e-02 
7.76087198e-01 1.44356420e-02 1.44814524e-02 1.45259605e-02 1.45675593e-02 1.46100002e-02 
7.76281259e-01 1.44309579e-02 1.44769434e-02 1.45216459e-02 1.45634577e-02 1.46058046e-02 
7.76475369e-01 1.44289760e-02 1.44744315e-02 1.45189464e-02 1.45604994e-02 1.46023970e-02 
7.76669526e-01 1.44257050e-02 1.44710912e-02 1.45154612e-02 1.45570447e-02 1.45987950e-02 
7.76863733e-01 1.44228687e-02 1.44679893e-02 1.45121949e-02 1.45536974e-02 1.45952344e-02 
7.77057988e-01 1.44202608e-02 1.44650878e-02 1.45090667e-02 1.45505215e-02 1.45919650e-02 
7.77252291e-01 1.44192735e-02 1.44634169e-02 1.45069826e-02 1.45482079e-02 1.45895460e-02 
7.77446644e-01 1.44159895e-02 1.44601946e-02 1.45036373e-02 1.45449197e-02 1.45863187e-02 
7.77641044e-01 1.44134792e-02 1.44574122e-02 1.45006005e-02 1.45419254e-02 1.45834035e-02 
7.77835494e-01 1.44111515e-02 1.44547374e-02 1.44980523e-02 1.45391492e-02 1.45806395e-02 
7.78029992e-01 1.44085364e-02 1.44516604e-02 1.44952165e-02 1.45362462e-02 1.45777853e-02 
7.78224538e-01 1.44059780e-02 1.44488169e-02 1.44924688e-02 1.45334594e-02 1.45750195e-02 
7.78419133e-01 1.44039726e-02 1.44464822e-02 1.44900130e-02 1.45309468e-02 1.45724934e-02 
7.78613777e-01 1.44066892e-02 1.44476749e-02 1.44903493e-02 1.45304633e-02 1.45717101e-02 
7.78808470e-01 1.43995830e-02 1.44414031e-02 1.44851694e-02 1.45258201e-02 1.45674137e-02 
7.79003211e-01 1.43988315e-02 1.44400338e-02 1.44837066e-02 1.45239328e-02 1.45654204e-02 
7.79198001e-01 1.43961339e-02 1.44372183e-02 1.44807362e-02 1.45211265e-02 1.45627060e-02 
7.79392840e-01 1.43944131e-02 1.44353350e-02 1.44784867e-02 1.45186815e-02 1.45603388e-02 
7.79587727e-01 1.43920350e-02 1.44331562e-02 1.44762200e-02 1.45163428e-02 1.45580247e-02 
7.79782663e-01 1.43960399e-02 1.44375952e-02 1.44776184e-02 1.45167734e-02 1.45580589e-02 
7.79977648e-01 1.43880460e-02 1.44292570e-02 1.44715752e-02 1.45115607e-02 1.45533726e-02 
7.80172682e-01 1.43875156e-02 1.44283365e-02 1.44703586e-02 1.45100412e-02 1.45517776e-02 
7.80367764e-01 1.43832007e-02 1.44247811e-02 1.44668406e-02 1.45068880e-02 1.45486772e-02 
7.80562895e-01 1.43833140e-02 1.44242454e-02 1.44658504e-02 1.45055687e-02 1.45471599e-02 
7.80758075e-01 1.43821900e-02 1.44229436e-02 1.44643499e-02 1.45039913e-02 1.45452247e-02 
7.80953304e-01 1.43785035e-02 1.44197981e-02 1.44612744e-02 1.45011915e-02 1.45424413e-02 
7.81148581e-01 1.43764005e-02 1.44176163e-02 1.44590560e-02 1.44990524e-02 1.45402905e-02 
7.81343908e-01 1.43749058e-02 1.44158978e-02 1.44573339e-02 1.44971406e-02 1.45383597e-02 
7.81539283e-01 1.43727830e-02 1.44137926e-02 1.44551817e-02 1.44949644e-02 1.45361217e-02 
7.81734707e-01 1.43715108e-02 1.44123315e-02 1.44534698e-02 1.44931748e-02 1.45340653e-02 
7.81930180e-01 1.43707823e-02 1.44113912e-02 1.44523860e-02 1.44917821e-02 1.45323516e-02 
7.82125702e-01 1.43688870e-02 1.44094902e-02 1.44503724e-02 1.44897696e-02 1.45302696e-02 
7.82321273e-01 1.43664441e-02 1.44071486e-02 1.44481005e-02 1.44874515e-02 1.45278011e-02 
7.82516892e-01 1.43646383e-02 1.44054155e-02 1.44461647e-02 1.44855272e-02 1.45256478e-02 
7.82712561e-01 1.43700698e-02 1.44099922e-02 1.44487418e-02 1.44869243e-02 1.45265458e-02 
7.82908278e-01 1.43645606e-02 1.44048090e-02 1.44448244e-02 1.44836111e-02 1.45232932e-02 
7.83104045e-01 1.43615832e-02 1.44030270e-02 1.44422214e-02 1.44809331e-02 1.45207541e-02 
7.83299860e-01 1.43589091e-02 1.44003510e-02 1.44398180e-02 1.44785707e-02 1.45186330e-02 
7.83495724e-01 1.43566702e-02 1.43977531e-02 1.44377321e-02 1.44764860e-02 1.45165130e-02 
7.83691638e-01 1.43556480e-02 1.43964695e-02 1.44364432e-02 1.44750287e-02 1.45149750e-02 
7.83887600e-01 1.43535035e-02 1.43946261e-02 1.44344371e-02 1.44730489e-02 1.45132225e-02 
7.84083611e-01 1.43539396e-02 1.43949975e-02 1.44338773e-02 1.44722336e-02 1.45124911e-02 
7.84279671e-01 1.43519519e-02 1.43927508e-02 1.44321397e-02 1.44705161e-02 1.45105416e-02 
7.84475781e-01 1.43489432e-02 1.43900287e-02 1.44295016e-02 1.44681214e-02 1.45084308e-02 
7.84671939e-01 1.43479024e-02 1.43888188e-02 1.44280733e-02 1.44666664e-02 1.45069897e-02 
7.84868147e-01 1.43510699e-02 1.43911864e-02 1.44299825e-02 1.44677554e-02 1.45087177e-02 
7.85064403e-01 1.43453660e-02 1.43861033e-02 1.44248319e-02 1.44634991e-02 1.45039908e-02 
7.85260709e-01 1.43442504e-02 1.43848568e-02 1.44233635e-02 1.44620364e-02 1.45025570e-02 
7.85457063e-01 1.43428834e-02 1.43833904e-02 1.44217092e-02 1.44604936e-02 1.45009305e-02 
7.85653467e-01 1.43419599e-02 1.43822751e-02 1.44205365e-02 1.44591744e-02 1.44994896e-02 
7.85849920e-01 1.43405162e-02 1.43808116e-02 1.44188607e-02 1.44575895e-02 1.44978621e-02 
7.86046422e-01 1.43403137e-02 1.43802170e-02 1.44180242e-02 1.44566039e-02 1.44968479e-02 
7.86242973e-01 1.43395895e-02 1.43792653e-02 1.44168127e-02 1.44554571e-02 1.44956886e-02 
7.86439573e-01 1.43579365e-02 1.43941755e-02 1.44296169e-02 1.44648711e-02 1.45028839e-02 
7.86636222e-01 1.43359348e-02 1.43757790e-02 1.44134063e-02 1.44520938e-02 1.44923732e-02 
7.86832921e-01 1.43345636e-02 1.43743446e-02 1.44119398e-02 1.44506032e-02 1.44909145e-02 
7.87029669e-01 1.43337655e-02 1.43733779e-02 1.44108648e-02 1.44494157e-02 1.44896943e-02 
7.87226466e-01 1.43327704e-02 1.43721886e-02 1.44096778e-02 1.44481215e-02 1.44882660e-02 
7.87423312e-01 1.43313520e-02 1.43707713e-02 1.44082948e-02 1.44467099e-02 1.44867367e-02 
7.87620207e-01 1.43328950e-02 1.43716347e-02 1.44085628e-02 1.44466828e-02 1.44864724e-02 
7.87817152e-01 1.43308840e-02 1.43696941e-02 1.44068528e-02 1.44449404e-02 1.44846196e-02 
7.88014146e-01 1.43281568e-02 1.43672376e-02 1.44047367e-02 1.44429116e-02 1.44825435e-02 
7.88211189e-01 1.43269472e-02 1.43660597e-02 1.44034555e-02 1.44415928e-02 1.44811697e-02 
7.88408281e-01 1.43280784e-02 1.43667367e-02 1.44038455e-02 1.44415094e-02 1.44810933e-02 
7.88605423e-01 1.43243747e-02 1.43634792e-02 1.44009975e-02 1.44389427e-02 1.44781776e-02 
7.88802614e-01 1.43233079e-02 1.43623558e-02 1.43998196e-02 1.44377440e-02 1.44768889e-02 
7.88999854e-01 1.43227033e-02 1.43616031e-02 1.43989705e-02 1.44367636e-02 1.44756263e-02 
7.89197144e-01 1.43212986e-02 1.43603143e-02 1.43976110e-02 1.44354123e-02 1.44742280e-02 
7.89394483e-01 1.43196577e-02 1.43586727e-02 1.43961010e-02 1.44338625e-02 1.44725941e-02 
7.89591871e-01 1.43196859e-02 1.43585127e-02 1.43956904e-02 1.44332690e-02 1.44718101e-02 
7.89789309e-01 1.43187939e-02 1.43575355e-02 1.43946464e-02 1.44320723e-02 1.44704174e-02 
7.89986796e-01 1.43171585e-02 1.43560660e-02 1.43931814e-02 1.44306162e-02 1.44689761e-02 
7.90184332e-01 1.43165774e-02 1.43554094e-02 1.43923336e-02 1.44296315e-02 1.44681872e-02 
7.90381918e-01 1.43156415e-02 1.43544354e-02 1.43913302e-02 1.44286313e-02 1.44669126e-02 
7.90579553e-01 1.43127688e-02 1.43518731e-02 1.43891971e-02 1.44266108e-02 1.44649942e-02 
7.90777238e-01 1.43148564e-02 1.43530704e-02 1.43898613e-02 1.44268206e-02 1.44651818e-02 
7.90974972e-01 1.43115921e-02 1.43505175e-02 1.43875855e-02 1.44246727e-02 1.44630027e-02 
7.91172755e-01 1.43098732e-02 1.43489961e-02 1.43861016e-02 1.44233050e-02 1.44616411e-02 
7.91370588e-01 1.43085185e-02 1.43477228e-02 1.43848253e-02 1.44219838e-02 1.44603920e-02 
7.91568471e-01 1.43088158e-02 1.43477047e-02 1.43845114e-02 1.44214815e-02 1.44597125e-02 
7.91766403e-01 1.43098663e-02 1.43479710e-02 1.43843839e-02 1.44211667e-02 1.44591941e-02 
7.91964384e-01 1.43057305e-02 1.43447896e-02 1.43816143e-02 1.44186869e-02 1.44568758e-02 
7.92162415e-01 1.43052775e-02 1.43440435e-02 1.43808492e-02 1.44178408e-02 1.44557621e-02 
7.92360495e-01 1.43045519e-02 1.43433754e-02 1.43799889e-02 1.44168611e-02 1.44547939e-02 
7.92558625e-01 1.43031902e-02 1.43420272e-02 1.43787886e-02 1.44156782e-02 1.44534018e-02 
7.92756805e-01 1.43023216e-02 1.43410208e-02 1.43777900e-02 1.44146687e-02 1.44521830e-02 
7.92955034e-01 1.43013946e-02 1.43401269e-02 1.43768213e-02 1.44136450e-02 1.44511273e-02 
7.93153312e-01 1.43126966e-02 1.43490853e-02 1.43844018e-02 1.44190523e-02 1.44539896e-02 
7.93351640e-01 1.42991497e-02 1.43378230e-02 1.43746820e-02 1.44113893e-02 1.44485059e-02 
7.93550018e-01 1.42981847e-02 1.43369059e-02 1.43737036e-02 1.44103669e-02 1.44474136e-02 
7.93748446e-01 1.42967041e-02 1.43354681e-02 1.43724239e-02 1.44090053e-02 1.44459935e-02 
7.93946923e-01 1.42973229e-02 1.43356915e-02 1.43722464e-02 1.44087149e-02 1.44455078e-02 
7.94145449e-01 1.42965785e-02 1.43346661e-02 1.43713094e-02 1.44075871e-02 1.44444391e-02 
7.94344026e-01 1.42939259e-02 1.43326187e-02 1.43694190e-02 1.44058729e-02 1.44428900e-02 
7.94542651e-01 1.42924217e-02 1.43312312e-02 1.43681173e-02 1.44045413e-02 1.44416453e-02 
7.94741327e-01 1.42916225e-02 1.43303733e-02 1.43671982e-02 1.44035600e-02 1.44406694e-02 
7.94940052e-01 1.42919371e-02 1.43302542e-02 1.43669154e-02 1.44030322e-02 1.44400501e-02 
7.95138827e-01 1.42905936e-02 1.43290639e-02 1.43656845e-02 1.44018726e-02 1.44389340e-02 
7.95337652e-01 1.42984682e-02 1.43342500e-02 1.43698645e-02 1.44053560e-02 1.44409588e-02 
7.95536526e-01 1.42887416e-02 1.43272425e-02 1.43637478e-02 1.43998492e-02 1.44369185e-02 
7.95735450e-01 1.42873920e-02 1.43260263e-02 1.43625064e-02 1.43986906e-02 1.44358030e-02 
7.95934424e-01 1.42866728e-02 1.43252439e-02 1.43616462e-02 1.43977970e-02 1.44348875e-02 
7.96133448e-01 1.42863493e-02 1.43246660e-02 1.43610426e-02 1.43970592e-02 1.44340896e-02 
7.96332521e-01 1.42858362e-02 1.43239927e-02 1.43602739e-02 1.43962757e-02 1.44332503e-02 
7.96531644e-01 1.43018082e-02 1.43408726e-02 1.43748620e-02 1.44075475e-02 1.44445843e-02 
7.96730817e-01 1.42916846e-02 1.43278479e-02 1.43633992e-02 1.43979656e-02 1.44338474e-02 
7.96930040e-01 1.42859261e-02 1.43229631e-02 1.43592106e-02 1.43945950e-02 1.44311716e-02 
7.97129313e-01 1.42866248e-02 1.43231939e-02 1.43592137e-02 1.43943973e-02 1.44308176e-02 
7.97328635e-01 1.42803012e-02 1.43185687e-02 1.43549820e-02 1.43910793e-02 1.44280715e-02 
7.97528007e-01 1.42797947e-02 1.43179424e-02 1.43542517e-02 1.43903393e-02 1.44272681e-02 
7.97727429e-01 1.42787556e-02 1.43168907e-02 1.43532398e-02 1.43893278e-02 1.44262527e-02 
7.97926901e-01 1.42793732e-02 1.43170850e-02 1.43531689e-02 1.43891146e-02 1.44258495e-02 
7.98126423e-01 1.42767921e-02 1.43149593e-02 1.43512861e-02 1.43874039e-02 1.44243329e-02 
7.98325995e-01 1.42764932e-02 1.43145529e-02 1.43507009e-02 1.43867483e-02 1.44235891e-02 
7.98525616e-01 1.42810959e-02 1.43179385e-02 1.43532516e-02 1.43883327e-02 1.44245453e-02 
7.98725288e-01 1.42750752e-02 1.43131259e-02 1.43491469e-02 1.43851407e-02 1.44219152e-02 
7.98925009e-01 1.42735786e-02 1.43116467e-02 1.43478355e-02 1.43838415e-02 1.44207043e-02 
7.99124781e-01 1.42771071e-02 1.43137764e-02 1.43495500e-02 1.43847624e-02 1.44212385e-02 
7.99324602e-01 1.42719678e-02 1.43099685e-02 1.43461238e-02 1.43820571e-02 1.44189221e-02 
7.99524473e-01 1.42775186e-02 1.43138578e-02 1.43495436e-02 1.43840972e-02 1.44201765e-02 
7.99724395e-01 1.42733568e-02 1.43104851e-02 1.43460907e-02 1.43816652e-02 1.44182107e-02 
7.99924366e-01 1.42700218e-02 1.43077967e-02 1.43437928e-02 1.43795821e-02 1.44164511e-02 
8.00124387e-01 1.42769944e-02 1.43130240e-02 1.43485079e-02 1.43826039e-02 1.44186903e-02 
8.00324458e-01 1.42757176e-02 1.43115372e-02 1.43467729e-02 1.43812724e-02 1.44172203e-02 
8.00524580e-01 1.42681639e-02 1.43057017e-02 1.43415289e-02 1.43771769e-02 1.44140382e-02 
8.00724751e-01 1.42678476e-02 1.43050722e-02 1.43410193e-02 1.43764422e-02 1.44132907e-02 
8.00924973e-01 1.42661786e-02 1.43036325e-02 1.43396647e-02 1.43751668e-02 1.44121182e-02 
8.01125244e-01 1.42735316e-02 1.43092161e-02 1.43442461e-02 1.43784695e-02 1.44143007e-02 
8.01325566e-01 1.42639006e-02 1.43015356e-02 1.43376405e-02 1.43731247e-02 1.44101757e-02 
8.01525937e-01 1.42717209e-02 1.43078119e-02 1.43432323e-02 1.43771728e-02 1.44134735e-02 
8.01726359e-01 1.42677561e-02 1.43040116e-02 1.43393664e-02 1.43741757e-02 1.44103963e-02 
8.01926831e-01 1.42626018e-02 1.42998628e-02 1.43357594e-02 1.43711263e-02 1.44078564e-02 
8.02127353e-01 1.42622532e-02 1.42994774e-02 1.43351507e-02 1.43705199e-02 1.44071268e-02 
8.02327925e-01 1.42625153e-02 1.42994533e-02 1.43349466e-02 1.43701735e-02 1.44067079e-02 
8.02528547e-01 1.42633218e-02 1.42996875e-02 1.43351187e-02 1.43701354e-02 1.44064905e-02 
8.02729220e-01 1.42643251e-02 1.43003134e-02 1.43359817e-02 1.43704757e-02 1.44066840e-02 
8.02929942e-01 1.42599348e-02 1.42966515e-02 1.43323245e-02 1.43675874e-02 1.44039511e-02 
8.03130715e-01 1.42588836e-02 1.42959664e-02 1.43314743e-02 1.43666911e-02 1.44029087e-02 
8.03331538e-01 1.42581024e-02 1.42948733e-02 1.43305793e-02 1.43657713e-02 1.44020758e-02 
8.03532412e-01 1.42633119e-02 1.42991068e-02 1.43342357e-02 1.43684080e-02 1.44042781e-02 
8.03733335e-01 1.42557346e-02 1.42927787e-02 1.43285489e-02 1.43637075e-02 1.44000296e-02 
8.03934309e-01 1.42606331e-02 1.42967893e-02 1.43313068e-02 1.43659115e-02 1.44018151e-02 
8.04135333e-01 1.42584743e-02 1.42945997e-02 1.43298716e-02 1.43645261e-02 1.44005681e-02 
8.04336407e-01 1.42532449e-02 1.42903366e-02 1.43260461e-02 1.43611529e-02 1.43973541e-02 
8.04537531e-01 1.43006690e-02 1.43327209e-02 1.43615553e-02 1.43887460e-02 1.44235895e-02 
8.04738706e-01 1.42525835e-02 1.42893205e-02 1.43249950e-02 1.43599881e-02 1.43962109e-02 
8.04939931e-01 1.42500804e-02 1.42873433e-02 1.43232219e-02 1.43583219e-02 1.43946529e-02 
8.05141207e-01 1.42569415e-02 1.42920503e-02 1.43270550e-02 1.43609152e-02 1.43971094e-02 
8.05342533e-01 1.42496754e-02 1.42865864e-02 1.43223100e-02 1.43572517e-02 1.43935508e-02 
8.05543909e-01 1.42702567e-02 1.43046686e-02 1.43360491e-02 1.43688134e-02 1.44026703e-02 
8.05745335e-01 1.42498022e-02 1.42861843e-02 1.43218466e-02 1.43565668e-02 1.43927720e-02 
8.05946812e-01 1.42524393e-02 1.42880083e-02 1.43233775e-02 1.43575887e-02 1.43936312e-02 
8.06148339e-01 1.42464401e-02 1.42832118e-02 1.43191518e-02 1.43539739e-02 1.43904091e-02 
8.06349917e-01 1.42461844e-02 1.42825947e-02 1.43186794e-02 1.43534241e-02 1.43899267e-02 
8.06551545e-01 1.42700227e-02 1.43035138e-02 1.43350993e-02 1.43661845e-02 1.44002519e-02 
8.06753223e-01 1.42536878e-02 1.42897197e-02 1.43237904e-02 1.43575617e-02 1.43922960e-02 
8.06954952e-01 1.42437644e-02 1.42802654e-02 1.43163049e-02 1.43509975e-02 1.43875196e-02 
8.07156731e-01 1.42532106e-02 1.42893370e-02 1.43234020e-02 1.43565262e-02 1.43912207e-02 
8.07358561e-01 1.42450391e-02 1.42811221e-02 1.43164457e-02 1.43507241e-02 1.43869309e-02 
8.07560441e-01 1.42502629e-02 1.42859335e-02 1.43204019e-02 1.43537267e-02 1.43890655e-02 
8.07762372e-01 1.42861121e-02 1.43228293e-02 1.43573423e-02 1.43873306e-02 1.44170143e-02 
8.07964353e-01 1.42417085e-02 1.42775055e-02 1.43136050e-02 1.43477972e-02 1.43845548e-02 
8.08166385e-01 1.42429947e-02 1.42784272e-02 1.43141139e-02 1.43479589e-02 1.43845625e-02 
8.08368467e-01 1.42382898e-02 1.42746816e-02 1.43109167e-02 1.43452130e-02 1.43822036e-02 
8.08570600e-01 1.42447575e-02 1.42797311e-02 1.43145884e-02 1.43482080e-02 1.43843130e-02 
8.08772783e-01 1.42946468e-02 1.43289326e-02 1.43608921e-02 1.43907203e-02 1.44205122e-02 
8.08975017e-01 1.42446289e-02 1.42790839e-02 1.43136364e-02 1.43470318e-02 1.43831383e-02 
8.09177301e-01 1.42467429e-02 1.42832435e-02 1.43166098e-02 1.43497202e-02 1.43840283e-02 
8.09379636e-01 1.43045941e-02 1.43313324e-02 1.43567243e-02 1.43814999e-02 1.44122490e-02 
8.09582022e-01 1.42931916e-02 1.43246677e-02 1.43512649e-02 1.43770341e-02 1.44084232e-02 
8.09784458e-01 1.42381405e-02 1.42735774e-02 1.43087587e-02 1.43424919e-02 1.43788963e-02 
8.09986945e-01 1.42901546e-02 1.43205040e-02 1.43473280e-02 1.43734623e-02 1.44055300e-02 
8.10189482e-01 1.42706244e-02 1.43011854e-02 1.43305444e-02 1.43601371e-02 1.43930710e-02 
8.10392070e-01 1.42425645e-02 1.42775355e-02 1.43119436e-02 1.43446044e-02 1.43795087e-02 
8.10594709e-01 1.42331801e-02 1.42688299e-02 1.43044702e-02 1.43380856e-02 1.43749109e-02 
8.10797398e-01 1.42340810e-02 1.42693907e-02 1.43047189e-02 1.43382320e-02 1.43748502e-02 
8.11000138e-01 1.42785136e-02 1.43081485e-02 1.43349910e-02 1.43632255e-02 1.43942816e-02 
8.11202929e-01 1.43700899e-02 1.43956542e-02 1.44194217e-02 1.44455890e-02 1.44749005e-02 
8.11405771e-01 1.42365122e-02 1.42719911e-02 1.43066255e-02 1.43395905e-02 1.43749200e-02 
8.11608663e-01 1.42775636e-02 1.43062547e-02 1.43329722e-02 1.43611296e-02 1.43919260e-02 
8.11811606e-01 1.42365515e-02 1.42715816e-02 1.43054497e-02 1.43383546e-02 1.43738700e-02 
8.12014600e-01 1.42437137e-02 1.42785696e-02 1.43104160e-02 1.43429233e-02 1.43765110e-02 
8.12217644e-01 1.42435050e-02 1.42775375e-02 1.43090213e-02 1.43415328e-02 1.43751524e-02 
8.12420739e-01 1.42286007e-02 1.42647061e-02 1.42998405e-02 1.43335192e-02 1.43691600e-02 
8.12623885e-01 1.42274162e-02 1.42631712e-02 1.42982184e-02 1.43320323e-02 1.43680299e-02 
8.12827082e-01 1.42443974e-02 1.42786848e-02 1.43100355e-02 1.43419021e-02 1.43748463e-02 
8.13030330e-01 1.42335826e-02 1.42699320e-02 1.43028574e-02 1.43358522e-02 1.43701615e-02 
8.13233628e-01 1.42268584e-02 1.42627232e-02 1.42972846e-02 1.43307224e-02 1.43663145e-02 
8.13436977e-01 1.42328188e-02 1.42684871e-02 1.43015219e-02 1.43339884e-02 1.43687476e-02 
8.13640378e-01 1.42260473e-02 1.42619515e-02 1.42969452e-02 1.43304247e-02 1.43655247e-02 
8.13843828e-01 1.44723418e-02 1.45197419e-02 1.45950009e-02 1.46521437e-02 1.46825408e-02 
8.14047330e-01 1.42263740e-02 1.42615578e-02 1.42960011e-02 1.43290933e-02 1.43647370e-02 
8.14250883e-01 1.42204295e-02 1.42563737e-02 1.42915926e-02 1.43253573e-02 1.43614995e-02 
8.14454487e-01 1.42234574e-02 1.42591469e-02 1.42937060e-02 1.43269823e-02 1.43625639e-02 
8.14658141e-01 1.42312991e-02 1.42661195e-02 1.42987199e-02 1.43315483e-02 1.43654189e-02 
8.14861847e-01 1.42210547e-02 1.42569811e-02 1.42919665e-02 1.43253050e-02 1.43606535e-02 
8.15065603e-01 1.44293125e-02 1.44514919e-02 1.44798922e-02 1.45054157e-02 1.45297183e-02 
8.15269410e-01 1.42165886e-02 1.42525203e-02 1.42877835e-02 1.43214315e-02 1.43576033e-02 
8.15473269e-01 1.43864243e-02 1.44207820e-02 1.44407917e-02 1.44574303e-02 1.44706844e-02 
8.15677178e-01 1.42259451e-02 1.42608201e-02 1.42939787e-02 1.43264254e-02 1.43610216e-02 
8.15881138e-01 1.42258804e-02 1.42606664e-02 1.42936314e-02 1.43258096e-02 1.43604551e-02 
8.16085150e-01 1.42297490e-02 1.42644786e-02 1.42964296e-02 1.43287485e-02 1.43620952e-02 
8.16289212e-01 1.42481825e-02 1.42789719e-02 1.43082168e-02 1.43374516e-02 1.43693320e-02 
8.16493325e-01 1.42134935e-02 1.42498966e-02 1.42851987e-02 1.43185855e-02 1.43541137e-02 
8.16697490e-01 1.42480524e-02 1.42790841e-02 1.43079752e-02 1.43375109e-02 1.43690245e-02 
8.16901705e-01 1.42150711e-02 1.42515616e-02 1.42857073e-02 1.43189473e-02 1.43540347e-02 
8.17105971e-01 1.44105839e-02 1.44368886e-02 1.44683364e-02 1.45011059e-02 1.45383164e-02 
8.17310289e-01 1.42109519e-02 1.42470634e-02 1.42819821e-02 1.43154142e-02 1.43510846e-02 
8.17514658e-01 1.42085391e-02 1.42450133e-02 1.42802240e-02 1.43137727e-02 1.43496422e-02 
8.17719077e-01 1.42876004e-02 1.43130975e-02 1.43364599e-02 1.43594936e-02 1.43892597e-02 
8.17923548e-01 1.44846188e-02 1.45103090e-02 1.45486606e-02 1.45878578e-02 1.46245579e-02 
8.18128070e-01 1.43451914e-02 1.43721264e-02 1.43983746e-02 1.44271956e-02 1.44633020e-02 
8.18332643e-01 1.42169159e-02 1.42516766e-02 1.42840212e-02 1.43159228e-02 1.43505016e-02 
8.18537268e-01 1.43513796e-02 1.44013867e-02 1.44575019e-02 1.45170107e-02 1.45755586e-02 
8.18741943e-01 1.42146991e-02 1.42488683e-02 1.42814076e-02 1.43131118e-02 1.43479734e-02 
8.18946670e-01 1.42096695e-02 1.42457676e-02 1.42792728e-02 1.43115873e-02 1.43466891e-02 
8.19151448e-01 1.44693209e-02 1.44948519e-02 1.45338740e-02 1.45748740e-02 1.46129268e-02 
8.19356277e-01 1.43401285e-02 1.43628650e-02 1.43816906e-02 1.44030717e-02 1.44238147e-02 
8.19561157e-01 1.42578262e-02 1.42844868e-02 1.43094507e-02 1.43351353e-02 1.43637829e-02 
8.19766088e-01 1.42637704e-02 1.42899991e-02 1.43260217e-02 1.43597421e-02 1.43900433e-02 
8.19971071e-01 1.42168689e-02 1.42500851e-02 1.42817990e-02 1.43127491e-02 1.43464895e-02 
8.20176105e-01 1.42201766e-02 1.42528589e-02 1.42840994e-02 1.43158245e-02 1.43485627e-02 
8.20381190e-01 1.42631352e-02 1.42937270e-02 1.43198542e-02 1.43456391e-02 1.43745838e-02 
8.20586327e-01 1.42208405e-02 1.42535237e-02 1.42840718e-02 1.43155355e-02 1.43484560e-02 
8.20791514e-01 1.43243045e-02 1.43478824e-02 1.43691069e-02 1.43905445e-02 1.44125530e-02 
8.20996754e-01 1.42030587e-02 1.42385255e-02 1.42723693e-02 1.43052173e-02 1.43403569e-02 
8.21202044e-01 1.42031207e-02 1.42386374e-02 1.42723786e-02 1.43050526e-02 1.43401883e-02 
8.21407386e-01 1.41983715e-02 1.42346834e-02 1.42692204e-02 1.43020929e-02 1.43379940e-02 
8.21612779e-01 1.41992217e-02 1.42357298e-02 1.42694902e-02 1.43028976e-02 1.43378343e-02 
8.21818223e-01 1.42081391e-02 1.42449236e-02 1.42767433e-02 1.43082400e-02 1.43416997e-02 
8.22023719e-01 1.42008980e-02 1.42370325e-02 1.42703218e-02 1.43032656e-02 1.43380241e-02 
8.22229266e-01 1.41945153e-02 1.42315438e-02 1.42658516e-02 1.42991818e-02 1.43346381e-02 
8.22434865e-01 1.42011833e-02 1.42370462e-02 1.42700339e-02 1.43028307e-02 1.43372590e-02 
8.22640515e-01 1.41980405e-02 1.42340370e-02 1.42674812e-02 1.43000880e-02 1.43350805e-02 
8.22846217e-01 1.41933627e-02 1.42299258e-02 1.42642178e-02 1.42973197e-02 1.43327694e-02 
8.23051970e-01 1.45211604e-02 1.45487333e-02 1.45884170e-02 1.46270408e-02 1.46597885e-02 
8.23257774e-01 1.41963805e-02 1.42324203e-02 1.42659688e-02 1.42987176e-02 1.43332500e-02 
8.23463630e-01 1.41913362e-02 1.42280765e-02 1.42620139e-02 1.42954622e-02 1.43306306e-02 
8.23669537e-01 1.42706725e-02 1.42972132e-02 1.43210279e-02 1.43446251e-02 1.43720053e-02 
8.23875496e-01 1.42010140e-02 1.42349060e-02 1.42674349e-02 1.42998436e-02 1.43340517e-02 
8.24081506e-01 1.43192403e-02 1.43464297e-02 1.43726149e-02 1.44063875e-02 1.44506420e-02 
8.24287568e-01 1.42144992e-02 1.42440700e-02 1.42728640e-02 1.43040231e-02 1.43367155e-02 
8.24493681e-01 1.41972282e-02 1.42330056e-02 1.42653032e-02 1.42979436e-02 1.43319297e-02 
8.24699846e-01 1.42404582e-02 1.42703947e-02 1.42971043e-02 1.43227944e-02 1.43541015e-02 
8.24906062e-01 1.42026520e-02 1.42359464e-02 1.42673059e-02 1.42996265e-02 1.43328885e-02 
8.25112330e-01 1.41995039e-02 1.42331421e-02 1.42648270e-02 1.42971167e-02 1.43309703e-02 
8.25318650e-01 1.42006714e-02 1.42352107e-02 1.42663155e-02 1.42978538e-02 1.43312281e-02 
8.25525021e-01 1.42193287e-02 1.42510107e-02 1.42793470e-02 1.43085355e-02 1.43397578e-02 
8.25731444e-01 1.41960276e-02 1.42307199e-02 1.42623694e-02 1.42946065e-02 1.43284673e-02 
8.25937918e-01 1.41845324e-02 1.42210499e-02 1.42547648e-02 1.42883256e-02 1.43234698e-02 
8.26144444e-01 1.41859687e-02 1.42221180e-02 1.42554735e-02 1.42887568e-02 1.43238775e-02 
8.26351022e-01 1.42401677e-02 1.42672409e-02 1.42927940e-02 1.43188673e-02 1.43480856e-02 
8.26557651e-01 1.41897674e-02 1.42246978e-02 1.42572642e-02 1.42899818e-02 1.43245907e-02 
8.26764332e-01 1.42084818e-02 1.42406971e-02 1.42699136e-02 1.42999584e-02 1.43320550e-02 
8.26971064e-01 1.41838951e-02 1.42195661e-02 1.42528741e-02 1.42861513e-02 1.43212860e-02 
8.27177849e-01 1.42299050e-02 1.42657898e-02 1.42940680e-02 1.43206386e-02 1.43497478e-02 
8.27384685e-01 1.41859769e-02 1.42213789e-02 1.42538932e-02 1.42864620e-02 1.43211686e-02 
8.27591573e-01 1.41893051e-02 1.42240975e-02 1.42559215e-02 1.42881373e-02 1.43221292e-02 
8.27798512e-01 1.41913954e-02 1.42249010e-02 1.42563046e-02 1.42884352e-02 1.43223820e-02 
8.28005503e-01 1.41799340e-02 1.42158272e-02 1.42493312e-02 1.42825870e-02 1.43179352e-02 
8.28212546e-01 1.41813496e-02 1.42165339e-02 1.42497430e-02 1.42826917e-02 1.43177418e-02 
8.28419641e-01 1.41811000e-02 1.42162190e-02 1.42491058e-02 1.42819724e-02 1.43171765e-02 
8.28626788e-01 1.41752183e-02 1.42114045e-02 1.42453868e-02 1.42790503e-02 1.43146364e-02 
8.28833986e-01 1.41892614e-02 1.42234130e-02 1.42540161e-02 1.42856361e-02 1.43194939e-02 
8.29041236e-01 1.41764732e-02 1.42123731e-02 1.42457221e-02 1.42788120e-02 1.43144133e-02 
8.29248538e-01 1.41881343e-02 1.42234866e-02 1.42543341e-02 1.42858173e-02 1.43188575e-02 
8.29455892e-01 1.41852222e-02 1.42186493e-02 1.42500958e-02 1.42820614e-02 1.43165078e-02 
8.29663297e-01 1.42009128e-02 1.42332768e-02 1.42622645e-02 1.42922046e-02 1.43236754e-02 
8.29870755e-01 1.41868018e-02 1.42204003e-02 1.42513026e-02 1.42829901e-02 1.43167520e-02 
8.30078264e-01 1.41723223e-02 1.42080916e-02 1.42418305e-02 1.42752215e-02 1.43108022e-02 
8.30285826e-01 1.42395739e-02 1.42664645e-02 1.42910811e-02 1.43155466e-02 1.43440184e-02 
8.30493439e-01 1.42033393e-02 1.42341351e-02 1.42625863e-02 1.42911395e-02 1.43221116e-02 
8.30701104e-01 1.42099169e-02 1.42394198e-02 1.42668835e-02 1.42950984e-02 1.43256058e-02 
8.30908821e-01 1.41706645e-02 1.42065590e-02 1.42398339e-02 1.42730679e-02 1.43084054e-02 
8.31116590e-01 1.41688849e-02 1.42048519e-02 1.42385662e-02 1.42719070e-02 1.43073433e-02 
8.31324411e-01 1.41721759e-02 1.42076023e-02 1.42404667e-02 1.42733278e-02 1.43082763e-02 
8.31532284e-01 1.41878035e-02 1.42207729e-02 1.42506727e-02 1.42813809e-02 1.43141114e-02 
8.31740208e-01 1.42365050e-02 1.42630310e-02 1.42871464e-02 1.43107920e-02 1.43404972e-02 
8.31948185e-01 1.41670751e-02 1.42026940e-02 1.42363522e-02 1.42696573e-02 1.43049962e-02 
8.32156214e-01 1.41676927e-02 1.42034554e-02 1.42365445e-02 1.42696940e-02 1.43048512e-02 
8.32364295e-01 1.42200091e-02 1.42469285e-02 1.42730208e-02 1.42982496e-02 1.43268586e-02 
8.32572428e-01 1.41712811e-02 1.42058273e-02 1.42380835e-02 1.42706161e-02 1.43054017e-02 
8.32780613e-01 1.41629911e-02 1.41990254e-02 1.42327931e-02 1.42662875e-02 1.43018271e-02 
8.32988850e-01 1.41690224e-02 1.42040378e-02 1.42364330e-02 1.42689358e-02 1.43035827e-02 
8.33197139e-01 1.44943294e-02 1.45230023e-02 1.45626387e-02 1.46023273e-02 1.46375922e-02 
8.33405480e-01 1.41628162e-02 1.41984392e-02 1.42320089e-02 1.42653157e-02 1.43005584e-02 
8.33613873e-01 1.41718012e-02 1.42070814e-02 1.42384478e-02 1.42702371e-02 1.43035546e-02 
8.33822319e-01 1.42056276e-02 1.42341510e-02 1.42609527e-02 1.42878370e-02 1.43178250e-02 
8.34030816e-01 1.41644511e-02 1.41992944e-02 1.42321459e-02 1.42648444e-02 1.42997126e-02 
8.34239366e-01 1.41649984e-02 1.42003216e-02 1.42324382e-02 1.42648570e-02 1.42995771e-02 
8.34447967e-01 1.41644404e-02 1.41989387e-02 1.42316418e-02 1.42641686e-02 1.42988587e-02 
8.34656621e-01 1.42374891e-02 1.42635540e-02 1.42872651e-02 1.43108945e-02 1.43387637e-02 
8.34865328e-01 1.41644054e-02 1.41998381e-02 1.42315473e-02 1.42636114e-02 1.42981258e-02 
8.35074086e-01 1.41627843e-02 1.41975922e-02 1.42300751e-02 1.42626483e-02 1.42973017e-02 
8.35282896e-01 1.41655399e-02 1.42007714e-02 1.42320975e-02 1.42639568e-02 1.42979281e-02 
8.35491759e-01 1.41644081e-02 1.41985686e-02 1.42301147e-02 1.42621495e-02 1.42964795e-02 
8.35700674e-01 1.44190001e-02 1.44433821e-02 1.44794707e-02 1.45157027e-02 1.45499295e-02 
8.35909641e-01 1.41990565e-02 1.42312658e-02 1.42587101e-02 1.42859736e-02 1.43168848e-02 
8.36118660e-01 1.41979327e-02 1.42282046e-02 1.42562221e-02 1.42825384e-02 1.43138010e-02 
8.36327732e-01 1.41755532e-02 1.42078205e-02 1.42373967e-02 1.42677687e-02 1.43001641e-02 
8.36536856e-01 1.41767603e-02 1.42095494e-02 1.42387548e-02 1.42691901e-02 1.43008848e-02 
8.36746032e-01 1.41766386e-02 1.42099285e-02 1.42382639e-02 1.42681599e-02 1.43002054e-02 
8.36955261e-01 1.42630804e-02 1.42878183e-02 1.43119977e-02 1.43377197e-02 1.43646569e-02 
8.37164542e-01 1.41762228e-02 1.42082780e-02 1.42367194e-02 1.42667458e-02 1.42987660e-02 
8.37373875e-01 1.41531265e-02 1.41883695e-02 1.42211074e-02 1.42538652e-02 1.42889194e-02 
8.37583260e-01 1.41578442e-02 1.41925541e-02 1.42240200e-02 1.42560250e-02 1.42902902e-02 
8.37792698e-01 1.41899861e-02 1.42191906e-02 1.42463380e-02 1.42736557e-02 1.43037494e-02 
8.38002189e-01 1.41622884e-02 1.41962357e-02 1.42268345e-02 1.42581899e-02 1.42915132e-02 
8.38211731e-01 1.41504642e-02 1.41857827e-02 1.42185216e-02 1.42512628e-02 1.42863270e-02 
8.38421326e-01 1.41657737e-02 1.41998411e-02 1.42293562e-02 1.42599505e-02 1.42923010e-02 
8.38630974e-01 1.41531675e-02 1.41874907e-02 1.42191907e-02 1.42514166e-02 1.42861182e-02 
8.38840674e-01 1.41879200e-02 1.42161999e-02 1.42426189e-02 1.42696219e-02 1.42995016e-02 
8.39050426e-01 1.41584810e-02 1.41929995e-02 1.42236554e-02 1.42550368e-02 1.42880282e-02 
8.39260231e-01 1.41788142e-02 1.42092949e-02 1.42372494e-02 1.42654104e-02 1.42957840e-02 
8.39470088e-01 1.41499092e-02 1.41845396e-02 1.42165993e-02 1.42490855e-02 1.42836748e-02 
8.39679998e-01 1.41630389e-02 1.41972276e-02 1.42273249e-02 1.42573870e-02 1.42898816e-02 
8.39889960e-01 1.41497987e-02 1.41844146e-02 1.42159528e-02 1.42479395e-02 1.42825291e-02 
8.40099975e-01 1.41629034e-02 1.41963431e-02 1.42257639e-02 1.42561606e-02 1.42880720e-02 
8.40310042e-01 1.41570206e-02 1.41912135e-02 1.42214564e-02 1.42525523e-02 1.42851352e-02 
8.40520162e-01 1.41423704e-02 1.41776874e-02 1.42107130e-02 1.42430776e-02 1.42785185e-02 
8.40730334e-01 1.41516305e-02 1.41858510e-02 1.42166539e-02 1.42482249e-02 1.42820133e-02 
8.40940559e-01 1.41451059e-02 1.41807643e-02 1.42124215e-02 1.42447436e-02 1.42790009e-02 
8.41150836e-01 1.41430340e-02 1.41777520e-02 1.42103615e-02 1.42427263e-02 1.42776737e-02 
8.41361166e-01 1.41505087e-02 1.41847982e-02 1.42154346e-02 1.42468314e-02 1.42804263e-02 
8.41571549e-01 1.41453827e-02 1.41794316e-02 1.42114219e-02 1.42435468e-02 1.42778898e-02 
8.41781984e-01 1.42675745e-02 1.42915049e-02 1.43128821e-02 1.43362655e-02 1.43599843e-02 
8.41992472e-01 1.41884606e-02 1.42148641e-02 1.42401358e-02 1.42662954e-02 1.42949474e-02 
8.42203012e-01 1.41493056e-02 1.41831002e-02 1.42135944e-02 1.42449230e-02 1.42783710e-02 
8.42413605e-01 1.41475740e-02 1.41810009e-02 1.42117106e-02 1.42432411e-02 1.42769719e-02 
8.42624251e-01 1.41770131e-02 1.42060167e-02 1.42330523e-02 1.42601012e-02 1.42904251e-02 
8.42834949e-01 1.41348054e-02 1.41706756e-02 1.42033408e-02 1.42357654e-02 1.42712775e-02 
8.43045700e-01 1.42174855e-02 1.42422265e-02 1.42641335e-02 1.42862853e-02 1.43134919e-02 
8.43256504e-01 1.41593354e-02 1.41917126e-02 1.42196678e-02 1.42493438e-02 1.42807305e-02 
8.43467360e-01 1.41469082e-02 1.41815431e-02 1.42111668e-02 1.42416355e-02 1.42747950e-02 
8.43678270e-01 1.41369899e-02 1.41719063e-02 1.42035468e-02 1.42355105e-02 1.42703700e-02 
8.43889232e-01 1.41382025e-02 1.41729024e-02 1.42045151e-02 1.42364958e-02 1.42705121e-02 
8.44100246e-01 1.41347162e-02 1.41697728e-02 1.42017591e-02 1.42339298e-02 1.42688170e-02 
8.44311314e-01 1.41581708e-02 1.41884742e-02 1.42159453e-02 1.42453512e-02 1.42770060e-02 
8.44522434e-01 1.41463489e-02 1.41785993e-02 1.42084696e-02 1.42392579e-02 1.42724641e-02 
8.44733607e-01 1.41484483e-02 1.41802089e-02 1.42094771e-02 1.42399910e-02 1.42730371e-02 
8.44944833e-01 1.41457926e-02 1.41784942e-02 1.42084008e-02 1.42394583e-02 1.42720373e-02 
8.45156112e-01 1.41503793e-02 1.41826575e-02 1.42109953e-02 1.42411690e-02 1.42731108e-02 
8.45367443e-01 1.41523544e-02 1.41845604e-02 1.42127388e-02 1.42424611e-02 1.42738845e-02 
8.45578827e-01 1.41500210e-02 1.41814255e-02 1.42093561e-02 1.42389644e-02 1.42712366e-02 
8.45790265e-01 1.41943274e-02 1.42193208e-02 1.42429257e-02 1.42672997e-02 1.42964071e-02 
8.46001755e-01 1.41424665e-02 1.41760857e-02 1.42054395e-02 1.42356464e-02 1.42683364e-02 
8.46213298e-01 1.41338864e-02 1.41676543e-02 1.41986731e-02 1.42301292e-02 1.42643358e-02 
8.46424894e-01 1.41616520e-02 1.41928468e-02 1.42207879e-02 1.42478363e-02 1.42795357e-02 
8.46636542e-01 1.41512058e-02 1.41808759e-02 1.42087942e-02 1.42381550e-02 1.42703100e-02 
8.46848244e-01 1.41458912e-02 1.41769728e-02 1.42061100e-02 1.42362190e-02 1.42684323e-02 
8.47059999e-01 1.41346383e-02 1.41678663e-02 1.41983461e-02 1.42293945e-02 1.42630025e-02 
8.47271806e-01 1.41661241e-02 1.41941421e-02 1.42199408e-02 1.42470424e-02 1.42765421e-02 
8.47483667e-01 1.41468841e-02 1.41782944e-02 1.42062603e-02 1.42356298e-02 1.42670585e-02 
8.47695580e-01 1.41338027e-02 1.41669528e-02 1.41972569e-02 1.42282697e-02 1.42615696e-02 
8.47907547e-01 1.41281994e-02 1.41622092e-02 1.41932362e-02 1.42247279e-02 1.42589329e-02 
8.48119566e-01 1.41590862e-02 1.41879628e-02 1.42144804e-02 1.42417062e-02 1.42721103e-02 
8.48331639e-01 1.41303973e-02 1.41648271e-02 1.41946484e-02 1.42260717e-02 1.42591143e-02 
8.48543764e-01 1.41203437e-02 1.41557302e-02 1.41876001e-02 1.42194994e-02 1.42546567e-02 
8.48755943e-01 1.41262750e-02 1.41601874e-02 1.41909451e-02 1.42223338e-02 1.42564084e-02 
8.48968174e-01 1.41385171e-02 1.41705153e-02 1.41990368e-02 1.42288367e-02 1.42609168e-02 
8.49180459e-01 1.41301180e-02 1.41633678e-02 1.41932241e-02 1.42242002e-02 1.42573381e-02 
8.49392797e-01 1.41328240e-02 1.41648119e-02 1.41942909e-02 1.42247715e-02 1.42578597e-02 
8.49605188e-01 1.41311211e-02 1.41642153e-02 1.41934322e-02 1.42242377e-02 1.42569155e-02 
8.49817632e-01 1.41218839e-02 1.41561256e-02 1.41872732e-02 1.42189969e-02 1.42529227e-02 
8.50030129e-01 1.41210790e-02 1.41552503e-02 1.41859218e-02 1.42175144e-02 1.42520746e-02 
8.50242679e-01 1.41230162e-02 1.41567985e-02 1.41872227e-02 1.42185997e-02 1.42523686e-02 
8.50455282e-01 1.41152787e-02 1.41504136e-02 1.41820985e-02 1.42140194e-02 1.42489652e-02 
8.50667939e-01 1.41316043e-02 1.41629056e-02 1.41920062e-02 1.42222340e-02 1.42550680e-02 
8.50880649e-01 1.41585856e-02 1.41855041e-02 1.42109675e-02 1.42375917e-02 1.42670037e-02 
8.51093412e-01 1.41158844e-02 1.41503164e-02 1.41812794e-02 1.42128985e-02 1.42477557e-02 
8.51306228e-01 1.41555428e-02 1.41825423e-02 1.42080966e-02 1.42336770e-02 1.42639096e-02 
8.51519097e-01 1.41157117e-02 1.41498549e-02 1.41808278e-02 1.42123437e-02 1.42469592e-02 
8.51732020e-01 1.41217527e-02 1.41554348e-02 1.41858844e-02 1.42172073e-02 1.42498195e-02 
8.51944995e-01 1.41207154e-02 1.41538151e-02 1.41838089e-02 1.42147297e-02 1.42482740e-02 
8.52158025e-01 1.41180642e-02 1.41517538e-02 1.41820277e-02 1.42132943e-02 1.42469051e-02 
8.52371107e-01 1.41175706e-02 1.41511365e-02 1.41816810e-02 1.42128352e-02 1.42464780e-02 
8.52584242e-01 1.41246010e-02 1.41566467e-02 1.41857993e-02 1.42160609e-02 1.42488148e-02 
8.52797431e-01 1.41228984e-02 1.41549075e-02 1.41843763e-02 1.42151510e-02 1.42478584e-02 
8.53010674e-01 1.41149571e-02 1.41485022e-02 1.41791179e-02 1.42102966e-02 1.42439790e-02 
8.53223969e-01 1.41382320e-02 1.41673358e-02 1.41945427e-02 1.42225253e-02 1.42527775e-02 
8.53437318e-01 1.41168579e-02 1.41492463e-02 1.41793712e-02 1.42105843e-02 1.42438333e-02 
8.53650720e-01 1.41246218e-02 1.41561554e-02 1.41845337e-02 1.42145430e-02 1.42468513e-02 
8.53864176e-01 1.41127160e-02 1.41462577e-02 1.41764763e-02 1.42076012e-02 1.42414711e-02 
8.54077685e-01 1.41600492e-02 1.41857021e-02 1.42101263e-02 1.42355431e-02 1.42638277e-02 
8.54291247e-01 1.41119185e-02 1.41452962e-02 1.41753149e-02 1.42064933e-02 1.42403957e-02 
8.54504863e-01 1.41209570e-02 1.41526361e-02 1.41811078e-02 1.42111666e-02 1.42437455e-02 
8.54718532e-01 1.41072544e-02 1.41412283e-02 1.41718873e-02 1.42034425e-02 1.42376947e-02 
8.54932254e-01 1.41063067e-02 1.41402963e-02 1.41710123e-02 1.42023656e-02 1.42369151e-02 
8.55146030e-01 1.41024877e-02 1.41369620e-02 1.41681371e-02 1.41999888e-02 1.42349053e-02 
8.55359860e-01 1.41586721e-02 1.41836638e-02 1.42075428e-02 1.42325463e-02 1.42609649e-02 
8.55573743e-01 1.41222733e-02 1.41537680e-02 1.41812588e-02 1.42108110e-02 1.42426115e-02 
8.55787679e-01 1.41209903e-02 1.41518940e-02 1.41797524e-02 1.42089976e-02 1.42411303e-02 
8.56001669e-01 1.41668790e-02 1.41954705e-02 1.42208027e-02 1.42445055e-02 1.42710691e-02 
8.56215713e-01 1.41273904e-02 1.41587357e-02 1.41865302e-02 1.42145229e-02 1.42457745e-02 
8.56429810e-01 1.41315214e-02 1.41609329e-02 1.41867056e-02 1.42149321e-02 1.42453158e-02 
8.56643960e-01 1.41251892e-02 1.41533813e-02 1.41804773e-02 1.42082186e-02 1.42397721e-02 
8.56858164e-01 1.41339614e-02 1.41613770e-02 1.41877482e-02 1.42148449e-02 1.42446751e-02 
8.57072422e-01 1.41059060e-02 1.41388059e-02 1.41685794e-02 1.41992872e-02 1.42329770e-02 
8.57286733e-01 1.41267893e-02 1.41578178e-02 1.41863556e-02 1.42138170e-02 1.42461754e-02 
8.57501098e-01 1.41227551e-02 1.41522896e-02 1.41795421e-02 1.42078257e-02 1.42389566e-02 
8.57715516e-01 1.41514071e-02 1.41767713e-02 1.42007857e-02 1.42257211e-02 1.42547766e-02 
8.57929988e-01 1.41053676e-02 1.41377590e-02 1.41670617e-02 1.41976186e-02 1.42311000e-02 
8.58144514e-01 1.40989258e-02 1.41320909e-02 1.41624492e-02 1.41937024e-02 1.42279001e-02 
8.58359093e-01 1.41014955e-02 1.41345020e-02 1.41642354e-02 1.41948263e-02 1.42285936e-02 
8.58573726e-01 1.41056074e-02 1.41375943e-02 1.41667400e-02 1.41970757e-02 1.42301404e-02 
8.58788412e-01 1.41424166e-02 1.41683652e-02 1.41930293e-02 1.42186318e-02 1.42480163e-02 
8.59003153e-01 1.40977971e-02 1.41306170e-02 1.41610557e-02 1.41919018e-02 1.42259751e-02 
8.59217946e-01 1.40961802e-02 1.41291497e-02 1.41597043e-02 1.41907937e-02 1.42249173e-02 
8.59432794e-01 1.40974562e-02 1.41304929e-02 1.41603864e-02 1.41911049e-02 1.42251312e-02 
8.59647696e-01 1.40917717e-02 1.41254415e-02 1.41562423e-02 1.41877431e-02 1.42223802e-02 
8.59862651e-01 1.40981314e-02 1.41308612e-02 1.41603697e-02 1.41909399e-02 1.42246877e-02 
8.60077660e-01 1.40928613e-02 1.41259294e-02 1.41563573e-02 1.41873125e-02 1.42218298e-02 
8.60292722e-01 1.41047150e-02 1.41354562e-02 1.41638398e-02 1.41930238e-02 1.42264602e-02 
8.60507839e-01 1.41287747e-02 1.41557347e-02 1.41806687e-02 1.42076544e-02 1.42368177e-02 
8.60723009e-01 1.41344995e-02 1.41601955e-02 1.41841526e-02 1.42102181e-02 1.42394347e-02 
8.60938233e-01 1.40955106e-02 1.41277802e-02 1.41573882e-02 1.41878113e-02 1.42216000e-02 
8.61153511e-01 1.41366503e-02 1.41625947e-02 1.41861080e-02 1.42116078e-02 1.42398046e-02 
8.61368842e-01 1.41120229e-02 1.41416298e-02 1.41683202e-02 1.41963944e-02 1.42277340e-02 
8.61584228e-01 1.40969791e-02 1.41284861e-02 1.41577118e-02 1.41876069e-02 1.42210724e-02 
8.61799667e-01 1.40975715e-02 1.41284431e-02 1.41574484e-02 1.41868509e-02 1.42205582e-02 
8.62015160e-01 1.40936867e-02 1.41254633e-02 1.41546013e-02 1.41847579e-02 1.42186713e-02 
8.62230707e-01 1.41254011e-02 1.41521614e-02 1.41765144e-02 1.42032037e-02 1.42325660e-02 
8.62446308e-01 1.41051182e-02 1.41350401e-02 1.41621094e-02 1.41904067e-02 1.42230366e-02 
8.62661963e-01 1.40902275e-02 1.41221851e-02 1.41520614e-02 1.41822961e-02 1.42163296e-02 
8.62877672e-01 1.40993439e-02 1.41300049e-02 1.41576951e-02 1.41866260e-02 1.42198259e-02 
8.63093435e-01 1.41315625e-02 1.41582489e-02 1.41832255e-02 1.42078570e-02 1.42379804e-02 
8.63309252e-01 1.40853616e-02 1.41175542e-02 1.41476995e-02 1.41781804e-02 1.42130498e-02 
8.63525122e-01 1.40864602e-02 1.41184186e-02 1.41485098e-02 1.41788458e-02 1.42133275e-02 
8.63741047e-01 1.40876439e-02 1.41196065e-02 1.41490115e-02 1.41790958e-02 1.42134518e-02 
8.63957026e-01 1.40874491e-02 1.41188391e-02 1.41480278e-02 1.41780084e-02 1.42127371e-02 
8.64173058e-01 1.41007584e-02 1.41305566e-02 1.41575128e-02 1.41859034e-02 1.42183741e-02 
8.64389145e-01 1.41057954e-02 1.41347852e-02 1.41607188e-02 1.41884998e-02 1.42202992e-02 
8.64605286e-01 1.40945767e-02 1.41246044e-02 1.41525352e-02 1.41814700e-02 1.42146561e-02 
8.64821480e-01 1.41284122e-02 1.41533486e-02 1.41772962e-02 1.42018077e-02 1.42307845e-02 
8.65037729e-01 1.40840317e-02 1.41159854e-02 1.41455084e-02 1.41754159e-02 1.42094128e-02 
8.65254032e-01 1.40905072e-02 1.41212242e-02 1.41486099e-02 1.41780254e-02 1.42120063e-02 
8.65470389e-01 1.40948986e-02 1.41245438e-02 1.41517833e-02 1.41801530e-02 1.42133929e-02 
8.65686800e-01 1.40785847e-02 1.41105402e-02 1.41406689e-02 1.41709718e-02 1.42063480e-02 
8.65903265e-01 1.41235901e-02 1.41486320e-02 1.41718576e-02 1.41971486e-02 1.42259593e-02 
8.66119785e-01 1.40870493e-02 1.41174481e-02 1.41455581e-02 1.41750371e-02 1.42091093e-02 
8.66336358e-01 1.40994169e-02 1.41283323e-02 1.41545225e-02 1.41825280e-02 1.42144983e-02 
8.66552986e-01 1.40827386e-02 1.41139171e-02 1.41429371e-02 1.41725340e-02 1.42069264e-02 
8.66769668e-01 1.40732080e-02 1.41058515e-02 1.41362306e-02 1.41667147e-02 1.42025179e-02 
8.66986404e-01 1.41153512e-02 1.41416444e-02 1.41655656e-02 1.41915623e-02 1.42207781e-02 
8.67203194e-01 1.40846009e-02 1.41146176e-02 1.41430159e-02 1.41724134e-02 1.42063158e-02 
8.67420038e-01 1.40831017e-02 1.41134892e-02 1.41418424e-02 1.41713075e-02 1.42055745e-02 
8.67636937e-01 1.40836284e-02 1.41141441e-02 1.41420252e-02 1.41712526e-02 1.42049641e-02 
8.67853890e-01 1.40903012e-02 1.41197885e-02 1.41467560e-02 1.41753604e-02 1.42071955e-02 
8.68070897e-01 1.41153014e-02 1.41411692e-02 1.41647379e-02 1.41896768e-02 1.42181173e-02 
8.68287958e-01 1.40961413e-02 1.41229173e-02 1.41484024e-02 1.41748583e-02 1.42066375e-02 
8.68505074e-01 1.41031968e-02 1.41298475e-02 1.41545679e-02 1.41807411e-02 1.42114299e-02 
8.68722244e-01 1.40849273e-02 1.41146795e-02 1.41414021e-02 1.41698724e-02 1.42030675e-02 
8.68939468e-01 1.40727054e-02 1.41041007e-02 1.41334041e-02 1.41635938e-02 1.41986044e-02 
8.69156746e-01 1.40717984e-02 1.41034073e-02 1.41324343e-02 1.41625967e-02 1.41975636e-02 
8.69374079e-01 1.40741616e-02 1.41046817e-02 1.41335817e-02 1.41633543e-02 1.41980116e-02 
8.69591466e-01 1.41181586e-02 1.41448133e-02 1.41696014e-02 1.41930654e-02 1.42211107e-02 
8.69808908e-01 1.40667325e-02 1.40985909e-02 1.41280859e-02 1.41587295e-02 1.41941673e-02 
8.70026404e-01 1.40768044e-02 1.41068946e-02 1.41344015e-02 1.41634382e-02 1.41972963e-02 
8.70243954e-01 1.40889004e-02 1.41174074e-02 1.41434932e-02 1.41710115e-02 1.42025309e-02 
8.70461559e-01 1.40687005e-02 1.40999521e-02 1.41288930e-02 1.41591371e-02 1.41938826e-02 
8.70679218e-01 1.40646358e-02 1.40964261e-02 1.41259617e-02 1.41565130e-02 1.41917734e-02 
8.70896931e-01 1.40719726e-02 1.41022557e-02 1.41304098e-02 1.41602090e-02 1.41942576e-02 
8.71114699e-01 1.40684668e-02 1.40993465e-02 1.41277757e-02 1.41578184e-02 1.41923492e-02 
8.71332522e-01 1.40643687e-02 1.40955742e-02 1.41246949e-02 1.41549433e-02 1.41901539e-02 
8.71550399e-01 1.40690304e-02 1.40996164e-02 1.41276415e-02 1.41575091e-02 1.41916860e-02 
8.71768330e-01 1.40874334e-02 1.41151695e-02 1.41411588e-02 1.41681059e-02 1.41988642e-02 
8.71986316e-01 1.40793156e-02 1.41083358e-02 1.41346391e-02 1.41631731e-02 1.41954340e-02 
8.72204357e-01 1.40644112e-02 1.40951730e-02 1.41237970e-02 1.41533004e-02 1.41881984e-02 
8.72422451e-01 1.40725494e-02 1.41022638e-02 1.41295540e-02 1.41586585e-02 1.41919231e-02 
8.72640601e-01 1.40640984e-02 1.40946548e-02 1.41232709e-02 1.41532418e-02 1.41876512e-02 
8.72858805e-01 1.40870669e-02 1.41138484e-02 1.41391520e-02 1.41660389e-02 1.41965406e-02 
8.73077063e-01 1.40832889e-02 1.41110176e-02 1.41365233e-02 1.41638258e-02 1.41947604e-02 
8.73295377e-01 1.40678796e-02 1.40976417e-02 1.41251309e-02 1.41542582e-02 1.41877488e-02 
8.73513744e-01 1.40635454e-02 1.40938776e-02 1.41220801e-02 1.41512216e-02 1.41854708e-02 
8.73732167e-01 1.40605234e-02 1.40911994e-02 1.41196551e-02 1.41493531e-02 1.41838700e-02 
8.73950644e-01 1.40585951e-02 1.40892828e-02 1.41181962e-02 1.41481834e-02 1.41828477e-02 
8.74169175e-01 1.41128467e-02 1.41375992e-02 1.41612192e-02 1.41843271e-02 1.42121357e-02 
8.74387761e-01 1.40787480e-02 1.41068427e-02 1.41319557e-02 1.41595440e-02 1.41910414e-02 
8.74606402e-01 1.40634760e-02 1.40931580e-02 1.41210592e-02 1.41499542e-02 1.41836368e-02 
8.74825098e-01 1.41284241e-02 1.41489066e-02 1.41678890e-02 1.41893037e-02 1.42150203e-02 
8.75043848e-01 1.40561643e-02 1.40868576e-02 1.41156819e-02 1.41453071e-02 1.41799262e-02 
8.75262653e-01 1.40752161e-02 1.41034444e-02 1.41306656e-02 1.41574883e-02 1.41901226e-02 
8.75481513e-01 1.40564242e-02 1.40867909e-02 1.41152081e-02 1.41445806e-02 1.41790043e-02 
8.75700427e-01 1.40542062e-02 1.40844850e-02 1.41134521e-02 1.41430799e-02 1.41778191e-02 
8.75919396e-01 1.40758134e-02 1.41027117e-02 1.41281841e-02 1.41552205e-02 1.41864572e-02 
8.76138420e-01 1.40632176e-02 1.40922067e-02 1.41192245e-02 1.41476083e-02 1.41807384e-02 
8.76357499e-01 1.40782316e-02 1.41068150e-02 1.41331635e-02 1.41592822e-02 1.41903167e-02 
8.76576632e-01 1.40548836e-02 1.40849383e-02 1.41130640e-02 1.41425138e-02 1.41767406e-02 
8.76795820e-01 1.40922771e-02 1.41166985e-02 1.41397876e-02 1.41639832e-02 1.41927880e-02 
8.77015063e-01 1.40576245e-02 1.40871358e-02 1.41143891e-02 1.41432948e-02 1.41769869e-02 
8.77234361e-01 1.40623566e-02 1.40899798e-02 1.41170881e-02 1.41450864e-02 1.41779994e-02 
8.77453714e-01 1.40783637e-02 1.41051310e-02 1.41286587e-02 1.41538895e-02 1.41842849e-02 
8.77673121e-01 1.40727115e-02 1.40996554e-02 1.41251512e-02 1.41514476e-02 1.41824193e-02 
8.77892584e-01 1.40558725e-02 1.40844684e-02 1.41117856e-02 1.41404329e-02 1.41741966e-02 
8.78112101e-01 1.40693139e-02 1.40972834e-02 1.41230738e-02 1.41493811e-02 1.41812748e-02 
8.78331673e-01 1.40560115e-02 1.40847733e-02 1.41118459e-02 1.41407710e-02 1.41741845e-02 
8.78551300e-01 1.40650080e-02 1.40929274e-02 1.41190443e-02 1.41457397e-02 1.41776081e-02 
8.78770982e-01 1.40810086e-02 1.41055727e-02 1.41291384e-02 1.41548048e-02 1.41845658e-02 
8.78990719e-01 1.40539444e-02 1.40821599e-02 1.41092719e-02 1.41377826e-02 1.41712536e-02 
8.79210511e-01 1.40459095e-02 1.40757585e-02 1.41041151e-02 1.41334657e-02 1.41678961e-02 
8.79430357e-01 1.40584185e-02 1.40859317e-02 1.41122425e-02 1.41397394e-02 1.41729044e-02 
8.79650259e-01 1.40529279e-02 1.40814307e-02 1.41088208e-02 1.41370617e-02 1.41700926e-02 
8.79870216e-01 1.40563933e-02 1.40842992e-02 1.41107412e-02 1.41385239e-02 1.41714118e-02 
8.80090228e-01 1.40528677e-02 1.40813417e-02 1.41079717e-02 1.41362244e-02 1.41693751e-02 
8.80310295e-01 1.40445148e-02 1.40743328e-02 1.41022652e-02 1.41311912e-02 1.41654765e-02 
8.80530416e-01 1.40505585e-02 1.40788204e-02 1.41058099e-02 1.41340393e-02 1.41677876e-02 
8.80750593e-01 1.40556937e-02 1.40828964e-02 1.41093690e-02 1.41371884e-02 1.41694901e-02 
8.80970825e-01 1.40433337e-02 1.40725034e-02 1.41005468e-02 1.41292113e-02 1.41637943e-02 
8.81191112e-01 1.40561042e-02 1.40834146e-02 1.41096764e-02 1.41371043e-02 1.41692598e-02 
8.81411454e-01 1.41202346e-02 1.41438171e-02 1.41658321e-02 1.41862413e-02 1.42082436e-02 
8.81631851e-01 1.40435572e-02 1.40723929e-02 1.41000095e-02 1.41286621e-02 1.41629386e-02 
8.81852304e-01 1.40381863e-02 1.40676348e-02 1.40962402e-02 1.41252490e-02 1.41601874e-02 
8.82072811e-01 1.40604247e-02 1.40869063e-02 1.41117829e-02 1.41382416e-02 1.41696894e-02 
8.82293373e-01 1.40448636e-02 1.40726901e-02 1.40998399e-02 1.41281471e-02 1.41622060e-02 
8.82513991e-01 1.40687455e-02 1.40947045e-02 1.41199317e-02 1.41446686e-02 1.41736087e-02 
8.82734664e-01 1.40772393e-02 1.41022857e-02 1.41255368e-02 1.41488540e-02 1.41782830e-02 
8.82955392e-01 1.40530411e-02 1.40799707e-02 1.41057744e-02 1.41330573e-02 1.41649428e-02 
8.83176175e-01 1.40410046e-02 1.40694763e-02 1.40968046e-02 1.41252381e-02 1.41593049e-02 
8.83397014e-01 1.40577599e-02 1.40829967e-02 1.41077946e-02 1.41343037e-02 1.41657375e-02 
8.83617907e-01 1.40687489e-02 1.40929845e-02 1.41162425e-02 1.41411426e-02 1.41712073e-02 
8.83838856e-01 1.40373141e-02 1.40660804e-02 1.40937121e-02 1.41223536e-02 1.41567577e-02 
8.84059860e-01 1.40379413e-02 1.40664309e-02 1.40936592e-02 1.41221496e-02 1.41563256e-02 
8.84280920e-01 1.40382919e-02 1.40663082e-02 1.40937303e-02 1.41221995e-02 1.41563363e-02 
8.84502034e-01 1.40539205e-02 1.40797866e-02 1.41043390e-02 1.41309216e-02 1.41629139e-02 
8.84723204e-01 1.40500792e-02 1.40762902e-02 1.41014329e-02 1.41284711e-02 1.41609552e-02 
8.84944430e-01 1.40363584e-02 1.40642700e-02 1.40916260e-02 1.41202242e-02 1.41543594e-02 
8.85165710e-01 1.40694534e-02 1.40943308e-02 1.41181726e-02 1.41416383e-02 1.41708498e-02 
8.85387046e-01 1.40498260e-02 1.40753676e-02 1.41006667e-02 1.41275182e-02 1.41591706e-02 
8.85608437e-01 1.40394902e-02 1.40669854e-02 1.40932316e-02 1.41211795e-02 1.41546973e-02 
8.85829884e-01 1.40415090e-02 1.40684238e-02 1.40941910e-02 1.41219394e-02 1.41549225e-02 
8.86051386e-01 1.40448437e-02 1.40716675e-02 1.40972474e-02 1.41241781e-02 1.41558054e-02 
8.86272943e-01 1.40424448e-02 1.40685822e-02 1.40944755e-02 1.41216592e-02 1.41547062e-02 
8.86494556e-01 1.40440147e-02 1.40708711e-02 1.40955172e-02 1.41223998e-02 1.41550847e-02 
8.86716224e-01 1.40313776e-02 1.40590622e-02 1.40861928e-02 1.41150012e-02 1.41491210e-02 
8.86937948e-01 1.40516438e-02 1.40765388e-02 1.41010083e-02 1.41268365e-02 1.41576549e-02 
8.87159727e-01 1.40374035e-02 1.40646499e-02 1.40901253e-02 1.41176608e-02 1.41506963e-02 
8.87381561e-01 1.40461414e-02 1.40717308e-02 1.40964763e-02 1.41228866e-02 1.41546032e-02 
8.87603451e-01 1.40702444e-02 1.40946537e-02 1.41196935e-02 1.41433176e-02 1.41724381e-02 
8.87825397e-01 1.40506242e-02 1.40767841e-02 1.41004691e-02 1.41253041e-02 1.41559218e-02 
8.88047398e-01 1.40363778e-02 1.40635256e-02 1.40889854e-02 1.41162764e-02 1.41489271e-02 
8.88269454e-01 1.40410736e-02 1.40668618e-02 1.40916508e-02 1.41186199e-02 1.41508833e-02 
8.88491566e-01 1.40469058e-02 1.40724131e-02 1.40974008e-02 1.41224623e-02 1.41531004e-02 
8.88713734e-01 1.40334719e-02 1.40593455e-02 1.40848951e-02 1.41123302e-02 1.41446297e-02 
8.88935957e-01 1.40369107e-02 1.40638198e-02 1.40892877e-02 1.41157188e-02 1.41473216e-02 
8.89158235e-01 1.40367404e-02 1.40627876e-02 1.40879946e-02 1.41146122e-02 1.41460159e-02 
8.89380570e-01 1.40490223e-02 1.40726839e-02 1.40953389e-02 1.41209121e-02 1.41522033e-02 
8.89602959e-01 1.40232396e-02 1.40508498e-02 1.40776904e-02 1.41063933e-02 1.41398776e-02 
8.89825405e-01 1.40401782e-02 1.40650747e-02 1.40894770e-02 1.41156871e-02 1.41471655e-02 
8.90047906e-01 1.40206568e-02 1.40494582e-02 1.40758053e-02 1.41044346e-02 1.41378517e-02 
8.90270463e-01 1.40204356e-02 1.40490641e-02 1.40754742e-02 1.41040454e-02 1.41373749e-02 
8.90493075e-01 1.40935092e-02 1.41141692e-02 1.41350521e-02 1.41559707e-02 1.41787859e-02 
8.90715743e-01 1.40433754e-02 1.40689974e-02 1.40927897e-02 1.41175326e-02 1.41471463e-02 
8.90938467e-01 1.40203745e-02 1.40487489e-02 1.40748071e-02 1.41031243e-02 1.41360906e-02 
8.91161246e-01 1.41032727e-02 1.41278425e-02 1.41596942e-02 1.41883594e-02 1.42160479e-02 
8.91384081e-01 1.40413861e-02 1.40668214e-02 1.40903443e-02 1.41152102e-02 1.41452950e-02 
8.91606972e-01 1.40332850e-02 1.40585470e-02 1.40821981e-02 1.41084062e-02 1.41395663e-02 
8.91829919e-01 1.41422522e-02 1.41550627e-02 1.41709983e-02 1.41897517e-02 1.42196192e-02 
8.92052921e-01 1.42516521e-02 1.42661449e-02 1.42864654e-02 1.43021781e-02 1.43147123e-02 
8.92275979e-01 1.40556948e-02 1.40774280e-02 1.40980795e-02 1.41198966e-02 1.41481754e-02 
8.92499093e-01 1.40194896e-02 1.40467565e-02 1.40723107e-02 1.40996895e-02 1.41320183e-02 
8.92722262e-01 1.41400867e-02 1.41586276e-02 1.41799111e-02 1.42019357e-02 1.42258625e-02 
8.92945488e-01 1.41194461e-02 1.41372372e-02 1.41558773e-02 1.41742438e-02 1.41920263e-02 
8.93168769e-01 1.40374153e-02 1.40621741e-02 1.40841762e-02 1.41085438e-02 1.41383110e-02 
8.93392106e-01 1.40237683e-02 1.40498401e-02 1.40740145e-02 1.41005633e-02 1.41313822e-02 
8.93615499e-01 1.40354016e-02 1.40602502e-02 1.40834296e-02 1.41086176e-02 1.41378267e-02 
8.93838948e-01 1.41305253e-02 1.41471889e-02 1.41656906e-02 1.41896084e-02 1.42241858e-02 
8.94062452e-01 1.40293223e-02 1.40537556e-02 1.40776087e-02 1.41033722e-02 1.41342400e-02 
8.94286013e-01 1.41014229e-02 1.41197270e-02 1.41417848e-02 1.41619050e-02 1.41813625e-02 
8.94509629e-01 1.40227040e-02 1.40484688e-02 1.40726149e-02 1.40987193e-02 1.41299105e-02 
8.94733302e-01 1.42791446e-02 1.42939468e-02 1.43123572e-02 1.43288346e-02 1.43468436e-02 
8.94957030e-01 1.40253181e-02 1.40519510e-02 1.40752641e-02 1.41001220e-02 1.41313010e-02 
8.95180814e-01 1.40704334e-02 1.41012353e-02 1.41376626e-02 1.41673741e-02 1.41924983e-02 
8.95404654e-01 1.40313789e-02 1.40565330e-02 1.40797938e-02 1.41038516e-02 1.41333029e-02 
8.95628551e-01 1.40208227e-02 1.40467195e-02 1.40707647e-02 1.40966548e-02 1.41269926e-02 
8.95852503e-01 1.41971916e-02 1.42250780e-02 1.42695821e-02 1.43042166e-02 1.43296688e-02 
8.96076511e-01 1.42645914e-02 1.42845431e-02 1.43154822e-02 1.43462475e-02 1.43735992e-02 
8.96300575e-01 1.40187222e-02 1.40445425e-02 1.40688869e-02 1.40948242e-02 1.41254171e-02 
8.96524695e-01 1.40667865e-02 1.40860887e-02 1.41060023e-02 1.41257086e-02 1.41489809e-02 
8.96748871e-01 1.40804205e-02 1.41011286e-02 1.41235850e-02 1.41450030e-02 1.41672058e-02 
8.96973104e-01 1.40060998e-02 1.40340248e-02 1.40594939e-02 1.40870662e-02 1.41185357e-02 
8.97197392e-01 1.40653442e-02 1.40865784e-02 1.41067063e-02 1.41271756e-02 1.41516137e-02 
8.97421736e-01 1.40781450e-02 1.40955660e-02 1.41145708e-02 1.41341458e-02 1.41549120e-02 
8.97646137e-01 1.40885112e-02 1.41072783e-02 1.41291578e-02 1.41481311e-02 1.41668507e-02 
8.97870594e-01 1.40504218e-02 1.40745873e-02 1.40974249e-02 1.41191310e-02 1.41438575e-02 
8.98095106e-01 1.40041753e-02 1.40319307e-02 1.40572248e-02 1.40846315e-02 1.41160334e-02 
8.98319675e-01 1.40745066e-02 1.40920337e-02 1.41115831e-02 1.41312888e-02 1.41515091e-02 
8.98544300e-01 1.40173334e-02 1.40420268e-02 1.40659459e-02 1.40913491e-02 1.41215354e-02 
8.98768982e-01 1.40104831e-02 1.40360545e-02 1.40601180e-02 1.40861163e-02 1.41179522e-02 
8.98993719e-01 1.41182046e-02 1.41340614e-02 1.41504925e-02 1.41680551e-02 1.41854570e-02 
8.99218513e-01 1.40465570e-02 1.40675973e-02 1.40874923e-02 1.41085576e-02 1.41355791e-02 
8.99443362e-01 1.42326781e-02 1.42543477e-02 1.42851945e-02 1.43171691e-02 1.43461189e-02 
8.99668268e-01 1.40249527e-02 1.40493484e-02 1.40707917e-02 1.40941665e-02 1.41234717e-02 
8.99893231e-01 1.40482400e-02 1.40693414e-02 1.40902254e-02 1.41110501e-02 1.41360779e-02 
9.00118249e-01 1.42176982e-02 1.42399039e-02 1.42713691e-02 1.42999232e-02 1.43268170e-02 
9.00343324e-01 1.40385904e-02 1.40629370e-02 1.40864348e-02 1.41083458e-02 1.41338795e-02 
9.00568455e-01 1.40108934e-02 1.40364195e-02 1.40599012e-02 1.40853282e-02 1.41161418e-02 
9.00793642e-01 1.40181173e-02 1.40425589e-02 1.40642678e-02 1.40887871e-02 1.41183497e-02 
9.01018886e-01 1.40605526e-02 1.40793494e-02 1.40999424e-02 1.41198299e-02 1.41406918e-02 
9.01244186e-01 1.40708527e-02 1.40906391e-02 1.41117676e-02 1.41324231e-02 1.41550081e-02 
9.01469542e-01 1.39989543e-02 1.40259507e-02 1.40506211e-02 1.40774182e-02 1.41093084e-02 
9.01694955e-01 1.40095951e-02 1.40344722e-02 1.40577821e-02 1.40820474e-02 1.41120159e-02 
9.01920424e-01 1.41987280e-02 1.42129147e-02 1.42320600e-02 1.42505899e-02 1.42708201e-02 
9.02145950e-01 1.41172403e-02 1.41343069e-02 1.41512133e-02 1.41665907e-02 1.41828776e-02 
9.02371531e-01 1.40117274e-02 1.40367089e-02 1.40595691e-02 1.40836919e-02 1.41147407e-02 
9.02597170e-01 1.40051227e-02 1.40305953e-02 1.40538908e-02 1.40791870e-02 1.41098248e-02 
9.02822864e-01 1.40497781e-02 1.40705747e-02 1.40934841e-02 1.41145960e-02 1.41375660e-02 
9.03048615e-01 1.40700471e-02 1.40907249e-02 1.41146902e-02 1.41355791e-02 1.41555805e-02 
9.03274423e-01 1.40702943e-02 1.40880930e-02 1.41066996e-02 1.41256479e-02 1.41472889e-02 
9.03500287e-01 1.40471665e-02 1.40692612e-02 1.40905965e-02 1.41111745e-02 1.41341956e-02 
9.03726207e-01 1.40503245e-02 1.40695871e-02 1.40899601e-02 1.41098424e-02 1.41324949e-02 
9.03952184e-01 1.40136847e-02 1.40381739e-02 1.40599758e-02 1.40831268e-02 1.41131024e-02 
9.04178218e-01 1.40673500e-02 1.40867961e-02 1.41089956e-02 1.41301293e-02 1.41527371e-02 
9.04404308e-01 1.39975860e-02 1.40235063e-02 1.40470996e-02 1.40726569e-02 1.41045361e-02 
9.04630454e-01 1.39984025e-02 1.40244364e-02 1.40479883e-02 1.40729360e-02 1.41044594e-02 
9.04856657e-01 1.40037645e-02 1.40283290e-02 1.40518555e-02 1.40755198e-02 1.41058309e-02 
9.05082917e-01 1.39920206e-02 1.40182560e-02 1.40427252e-02 1.40685771e-02 1.40997690e-02 
9.05309233e-01 1.39969647e-02 1.40218320e-02 1.40455371e-02 1.40706457e-02 1.41015602e-02 
9.05535606e-01 1.40895767e-02 1.41151007e-02 1.41462686e-02 1.41788098e-02 1.42129569e-02 
9.05762035e-01 1.41138131e-02 1.41272479e-02 1.41443129e-02 1.41660824e-02 1.42009732e-02 
9.05988521e-01 1.39909609e-02 1.40167123e-02 1.40408981e-02 1.40667810e-02 1.40996090e-02 
9.06215064e-01 1.39973088e-02 1.40224630e-02 1.40454305e-02 1.40703645e-02 1.41011857e-02 
9.06441663e-01 1.41294958e-02 1.41533572e-02 1.41857568e-02 1.42205230e-02 1.42583511e-02 
9.06668319e-01 1.40014030e-02 1.40254725e-02 1.40479262e-02 1.40720451e-02 1.41017822e-02 
9.06895032e-01 1.40626922e-02 1.40846341e-02 1.41095901e-02 1.41339810e-02 1.41628372e-02 
9.07121801e-01 1.39904225e-02 1.40159958e-02 1.40398096e-02 1.40649129e-02 1.40951330e-02 
9.07348627e-01 1.40164824e-02 1.40388193e-02 1.40601940e-02 1.40823363e-02 1.41104263e-02 
9.07575510e-01 1.39915872e-02 1.40169685e-02 1.40403289e-02 1.40653037e-02 1.40951688e-02 
9.07802449e-01 1.40036250e-02 1.40269091e-02 1.40489093e-02 1.40717643e-02 1.41007517e-02 
9.08029446e-01 1.40455968e-02 1.40676860e-02 1.40927869e-02 1.41170695e-02 1.41453958e-02 
9.08256499e-01 1.39957619e-02 1.40207487e-02 1.40440513e-02 1.40678738e-02 1.40971131e-02 
9.08483608e-01 1.40511358e-02 1.40671196e-02 1.40835898e-02 1.41034733e-02 1.41241593e-02 
9.08710775e-01 1.40199397e-02 1.40410737e-02 1.40612719e-02 1.40824886e-02 1.41097891e-02 
9.08937998e-01 1.40341483e-02 1.40550186e-02 1.40775124e-02 1.41001918e-02 1.41229625e-02 
9.09165278e-01 1.39980022e-02 1.40212223e-02 1.40436657e-02 1.40667803e-02 1.40962580e-02 
9.09392615e-01 1.39894596e-02 1.40140198e-02 1.40373019e-02 1.40614413e-02 1.40916624e-02 
9.09620009e-01 1.40726143e-02 1.40948326e-02 1.41238804e-02 1.41533918e-02 1.41827804e-02 
9.09847460e-01 1.40476637e-02 1.40653999e-02 1.40840263e-02 1.41024875e-02 1.41246813e-02 
9.10074968e-01 1.41861095e-02 1.42158922e-02 1.42601283e-02 1.43123848e-02 1.43574250e-02 
9.10302532e-01 1.42657545e-02 1.42994225e-02 1.43474384e-02 1.43980190e-02 1.44438898e-02 
9.10530153e-01 1.40032954e-02 1.40271122e-02 1.40501782e-02 1.40722768e-02 1.40996372e-02 
9.10757832e-01 1.43597282e-02 1.43867793e-02 1.44227238e-02 1.44591342e-02 1.44896643e-02 
9.10985567e-01 1.42933797e-02 1.43123106e-02 1.43364244e-02 1.43670560e-02 1.44017550e-02 
9.11213359e-01 1.40686819e-02 1.40855194e-02 1.41031473e-02 1.41215201e-02 1.41382957e-02 
9.11441208e-01 1.41107955e-02 1.41329616e-02 1.41611629e-02 1.41905801e-02 1.42231872e-02 
9.11669114e-01 1.40207277e-02 1.40428150e-02 1.40667846e-02 1.40888767e-02 1.41153639e-02 
9.11897077e-01 1.40568821e-02 1.40845746e-02 1.41197741e-02 1.41509713e-02 1.41794864e-02 
9.12125098e-01 1.40691417e-02 1.40884960e-02 1.41081844e-02 1.41288580e-02 1.41487947e-02 
9.12353175e-01 1.40070286e-02 1.40290983e-02 1.40509072e-02 1.40727240e-02 1.40977992e-02 
9.12581309e-01 1.40951304e-02 1.41156171e-02 1.41402564e-02 1.41660216e-02 1.41983968e-02 
9.12809500e-01 1.40314085e-02 1.40496033e-02 1.40677010e-02 1.40867283e-02 1.41098814e-02 
9.13037748e-01 1.41290353e-02 1.41451680e-02 1.41632969e-02 1.41824596e-02 1.42025635e-02 
9.13266053e-01 1.43299266e-02 1.43572429e-02 1.43945794e-02 1.44210985e-02 1.44361777e-02 
9.13494416e-01 1.42504315e-02 1.42842771e-02 1.43333357e-02 1.43846773e-02 1.44319247e-02 
9.13722835e-01 1.42594190e-02 1.42884526e-02 1.43297290e-02 1.43746442e-02 1.44146566e-02 
9.13951312e-01 1.41059611e-02 1.41270397e-02 1.41511963e-02 1.41769379e-02 1.42043423e-02 
9.14179846e-01 1.39821623e-02 1.40056575e-02 1.40282896e-02 1.40518080e-02 1.40812695e-02 
9.14408437e-01 1.40793156e-02 1.40952332e-02 1.41098362e-02 1.41279441e-02 1.41547910e-02 
9.14637085e-01 1.40633344e-02 1.40806993e-02 1.40997862e-02 1.41183610e-02 1.41383541e-02 
9.14865790e-01 1.42904000e-02 1.43222371e-02 1.43656114e-02 1.44119774e-02 1.44506673e-02 
9.15094552e-01 1.39991530e-02 1.40201843e-02 1.40414890e-02 1.40627269e-02 1.40896984e-02 
9.15323372e-01 1.42075298e-02 1.42279317e-02 1.42565209e-02 1.42845830e-02 1.43090305e-02 
9.15552249e-01 1.41581183e-02 1.41786835e-02 1.42085663e-02 1.42390455e-02 1.42688173e-02 
9.15781183e-01 1.42345441e-02 1.42496289e-02 1.42686132e-02 1.42844011e-02 1.42989956e-02 
9.16010174e-01 1.41176455e-02 1.41378224e-02 1.41601315e-02 1.41835431e-02 1.42069466e-02 
9.16239223e-01 1.41151811e-02 1.41361855e-02 1.41621443e-02 1.41927492e-02 1.42279288e-02 
9.16468329e-01 1.43042975e-02 1.43239456e-02 1.43497687e-02 1.43702734e-02 1.43867817e-02 
9.16697492e-01 1.41610672e-02 1.41827833e-02 1.42148809e-02 1.42492066e-02 1.42831109e-02 
9.16926712e-01 1.41300420e-02 1.41463059e-02 1.41687831e-02 1.41894958e-02 1.42123703e-02 
9.17155990e-01 1.39831249e-02 1.40063686e-02 1.40289304e-02 1.40511269e-02 1.40791818e-02 
9.17385325e-01 1.40198845e-02 1.40376611e-02 1.40567318e-02 1.40764617e-02 1.40977468e-02 
9.17614717e-01 1.40185997e-02 1.40357108e-02 1.40549943e-02 1.40745006e-02 1.40965676e-02 
9.17844167e-01 1.40162371e-02 1.40363240e-02 1.40586720e-02 1.40795730e-02 1.41014461e-02 
9.18073674e-01 1.40405143e-02 1.40596827e-02 1.40805499e-02 1.40995916e-02 1.41184066e-02 
9.18303239e-01 1.43153724e-02 1.43476445e-02 1.43924306e-02 1.44322290e-02 1.44596360e-02 
9.18532861e-01 1.40262926e-02 1.40433393e-02 1.40605663e-02 1.40790368e-02 1.41008396e-02 
9.18762540e-01 1.40188305e-02 1.40417160e-02 1.40685063e-02 1.40936355e-02 1.41182661e-02 
9.18992277e-01 1.40471300e-02 1.40630835e-02 1.40808116e-02 1.40986064e-02 1.41176609e-02 
9.19222071e-01 1.39907283e-02 1.40110905e-02 1.40322904e-02 1.40549199e-02 1.40826609e-02 
9.19451923e-01 1.41190756e-02 1.41355745e-02 1.41562477e-02 1.41734840e-02 1.41876013e-02 
9.19681832e-01 1.39851301e-02 1.40062104e-02 1.40292263e-02 1.40501755e-02 1.40755508e-02 
9.19911799e-01 1.40104103e-02 1.40288989e-02 1.40473131e-02 1.40665670e-02 1.40903734e-02 
9.20141823e-01 1.41984641e-02 1.42122049e-02 1.42333598e-02 1.42528892e-02 1.42712096e-02 
9.20371905e-01 1.41250021e-02 1.41454409e-02 1.41726176e-02 1.41911787e-02 1.42054558e-02 
9.20602044e-01 1.40145475e-02 1.40323015e-02 1.40519441e-02 1.40711546e-02 1.40925781e-02 
9.20832241e-01 1.39749116e-02 1.39966334e-02 1.40191734e-02 1.40413215e-02 1.40696690e-02 
9.21062495e-01 1.40460299e-02 1.40629823e-02 1.40792541e-02 1.40955693e-02 1.41133258e-02 
9.21292807e-01 1.39748189e-02 1.39976828e-02 1.40197118e-02 1.40418321e-02 1.40696282e-02 
9.21523176e-01 1.40177632e-02 1.40392540e-02 1.40622186e-02 1.40858002e-02 1.41091079e-02 
9.21753603e-01 1.40464992e-02 1.40662266e-02 1.40870258e-02 1.41069220e-02 1.41270685e-02 
9.21984088e-01 1.41599382e-02 1.41724577e-02 1.41865137e-02 1.42018830e-02 1.42171206e-02 
9.22214631e-01 1.40929423e-02 1.41109895e-02 1.41319391e-02 1.41539265e-02 1.41770913e-02 
9.22445231e-01 1.44211143e-02 1.44351519e-02 1.44474387e-02 1.44636108e-02 1.44924630e-02 
9.22675888e-01 1.39720262e-02 1.39936484e-02 1.40158155e-02 1.40375657e-02 1.40658297e-02 
9.22906604e-01 1.40440340e-02 1.40637640e-02 1.40838543e-02 1.41037015e-02 1.41213422e-02 
9.23137377e-01 1.40223417e-02 1.40410504e-02 1.40617076e-02 1.40818504e-02 1.41012166e-02 
9.23368207e-01 1.40108055e-02 1.40274789e-02 1.40474788e-02 1.40675734e-02 1.40896388e-02 
9.23599096e-01 1.40607581e-02 1.40775007e-02 1.40967098e-02 1.41202107e-02 1.41490676e-02 
9.23830042e-01 1.43450844e-02 1.43755896e-02 1.44168965e-02 1.44596292e-02 1.44973488e-02 
9.24061046e-01 1.42147571e-02 1.42446931e-02 1.42917792e-02 1.43458314e-02 1.43932715e-02 
9.24292108e-01 1.41105998e-02 1.41322515e-02 1.41611949e-02 1.41986202e-02 1.42426503e-02 
9.24523227e-01 1.40611093e-02 1.40770487e-02 1.40916643e-02 1.41060749e-02 1.41210382e-02 
9.24754404e-01 1.40810785e-02 1.41026830e-02 1.41262557e-02 1.41523850e-02 1.41808538e-02 
9.24985639e-01 1.42272016e-02 1.42432367e-02 1.42603930e-02 1.42784420e-02 1.42941352e-02 
9.25216932e-01 1.40127006e-02 1.40310265e-02 1.40526477e-02 1.40735555e-02 1.40939866e-02 
9.25448283e-01 1.41505508e-02 1.41651028e-02 1.41837123e-02 1.42010769e-02 1.42193864e-02 
9.25679691e-01 1.40143293e-02 1.40325375e-02 1.40517882e-02 1.40720651e-02 1.40917081e-02 
9.25911158e-01 1.40382933e-02 1.40591161e-02 1.40806138e-02 1.41044445e-02 1.41299636e-02 
9.26142682e-01 1.44302371e-02 1.44531181e-02 1.44752714e-02 1.44943272e-02 1.45125808e-02 
9.26374264e-01 1.47734697e-02 1.47887256e-02 1.48055940e-02 1.48214692e-02 1.48378090e-02 
9.26605905e-01 1.43925214e-02 1.44174661e-02 1.44519551e-02 1.44822476e-02 1.45055828e-02 
9.26837603e-01 1.40768437e-02 1.40939327e-02 1.41109968e-02 1.41299408e-02 1.41477216e-02 
9.27069359e-01 1.42407920e-02 1.42569357e-02 1.42774442e-02 1.42967738e-02 1.43140632e-02 
9.27301172e-01 1.42496283e-02 1.42656599e-02 1.42828480e-02 1.42952091e-02 1.43069565e-02 
9.27533044e-01 1.42931164e-02 1.43124919e-02 1.43388968e-02 1.43648850e-02 1.43903491e-02 
9.27764974e-01 1.47435512e-02 1.47611706e-02 1.47819392e-02 1.48010727e-02 1.48185663e-02 
9.27996962e-01 1.43573030e-02 1.43718904e-02 1.43859878e-02 1.43987712e-02 1.44106959e-02 
9.28229008e-01 1.49514965e-02 1.49667159e-02 1.49835421e-02 1.49976010e-02 1.50111582e-02 
9.28461112e-01 1.45081859e-02 1.45347441e-02 1.45696467e-02 1.46027348e-02 1.46299154e-02 
9.28693274e-01 1.43263500e-02 1.43487846e-02 1.43780366e-02 1.44058272e-02 1.44300824e-02 
9.28925494e-01 1.40278327e-02 1.40476590e-02 1.40700747e-02 1.40929691e-02 1.41124250e-02 
9.29157772e-01 1.42026389e-02 1.42232863e-02 1.42464825e-02 1.42701194e-02 1.42925461e-02 
9.29390108e-01 1.46906552e-02 1.47228728e-02 1.47536188e-02 1.47790732e-02 1.48019282e-02 
9.29622502e-01 1.40486798e-02 1.40655115e-02 1.40840548e-02 1.41026773e-02 1.41197452e-02 
9.29854954e-01 1.42615136e-02 1.42842743e-02 1.43109463e-02 1.43297796e-02 1.43453667e-02 
9.30087465e-01 1.41524469e-02 1.41714279e-02 1.41897767e-02 1.42115179e-02 1.42300141e-02 
9.30320034e-01 1.46693580e-02 1.46928062e-02 1.47300505e-02 1.47727038e-02 1.48003098e-02 
9.30552660e-01 1.40082141e-02 1.40261692e-02 1.40466325e-02 1.40661529e-02 1.40856074e-02 
9.30785345e-01 1.41369275e-02 1.41517239e-02 1.41699581e-02 1.41899693e-02 1.42089241e-02 
9.31018088e-01 1.41655813e-02 1.41844208e-02 1.42023959e-02 1.42229306e-02 1.42420938e-02 
9.31250890e-01 1.40065383e-02 1.40244748e-02 1.40475750e-02 1.40708913e-02 1.40922350e-02 
9.31483749e-01 1.39955081e-02 1.40141432e-02 1.40347012e-02 1.40556020e-02 1.40761920e-02 
9.31716667e-01 1.40732565e-02 1.40903881e-02 1.41089139e-02 1.41292231e-02 1.41474557e-02 
9.31949643e-01 1.48602227e-02 1.48800517e-02 1.49035024e-02 1.49249867e-02 1.49451654e-02 
9.32182677e-01 1.44310290e-02 1.44521257e-02 1.44803660e-02 1.45072224e-02 1.45319726e-02 
9.32415770e-01 1.44616482e-02 1.44858109e-02 1.45165484e-02 1.45465692e-02 1.45735707e-02 
9.32648920e-01 1.41702303e-02 1.41851537e-02 1.42039959e-02 1.42238350e-02 1.42418275e-02 
9.32882129e-01 1.41307782e-02 1.41436141e-02 1.41596345e-02 1.41771694e-02 1.41953919e-02 
9.33115397e-01 1.43182832e-02 1.43358298e-02 1.43573872e-02 1.43792404e-02 1.43995489e-02 
9.33348723e-01 1.44785514e-02 1.45043722e-02 1.45423789e-02 1.45817367e-02 1.46023719e-02 
9.33582107e-01 1.42950204e-02 1.43106737e-02 1.43271604e-02 1.43427468e-02 1.43571118e-02 
9.33815549e-01 1.48038618e-02 1.48276211e-02 1.48571431e-02 1.48865910e-02 1.49122107e-02 
9.34049050e-01 1.44520230e-02 1.44720341e-02 1.44985160e-02 1.45240142e-02 1.45478037e-02 
9.34282609e-01 1.42318830e-02 1.42454650e-02 1.42606025e-02 1.42762597e-02 1.42893939e-02 
9.34516227e-01 1.47165031e-02 1.47376651e-02 1.47640537e-02 1.47894770e-02 1.48127972e-02 
9.34749903e-01 1.41549824e-02 1.41683576e-02 1.41840885e-02 1.42159718e-02 1.42655643e-02 
9.34983637e-01 1.42350379e-02 1.42558411e-02 1.42781910e-02 1.42933713e-02 1.43073627e-02 
9.35217430e-01 1.40544895e-02 1.40720847e-02 1.40912139e-02 1.41132497e-02 1.41379629e-02 
9.35451281e-01 1.42974918e-02 1.43154550e-02 1.43395492e-02 1.43664496e-02 1.43924191e-02 
9.35685191e-01 1.48614349e-02 1.48860118e-02 1.49113969e-02 1.49316737e-02 1.49496324e-02 
9.35919160e-01 1.41270372e-02 1.41401139e-02 1.41544679e-02 1.41685350e-02 1.41786838e-02 
9.36153186e-01 1.42148033e-02 1.42348740e-02 1.42603050e-02 1.42867532e-02 1.43094841e-02 
9.36387272e-01 1.41959882e-02 1.42145760e-02 1.42378015e-02 1.42583195e-02 1.42733786e-02 
9.36621416e-01 1.43194724e-02 1.43343774e-02 1.43533101e-02 1.43825420e-02 1.44369326e-02 
9.36855618e-01 1.39981048e-02 1.40155275e-02 1.40373438e-02 1.40583788e-02 1.40774499e-02 
9.37089879e-01 1.40247048e-02 1.40431074e-02 1.40615187e-02 1.40812358e-02 1.41010187e-02 
9.37324198e-01 1.41263955e-02 1.41497074e-02 1.41789876e-02 1.42118252e-02 1.42425828e-02 
9.37558577e-01 1.40931164e-02 1.41018727e-02 1.41133636e-02 1.41383581e-02 1.41981266e-02 
9.37793013e-01 1.40921015e-02 1.41020458e-02 1.41125881e-02 1.41277152e-02 1.41518458e-02 
9.38027509e-01 1.46475622e-02 1.46765555e-02 1.47124266e-02 1.47596048e-02 1.47943012e-02 
9.38262063e-01 1.44971077e-02 1.45195692e-02 1.45490354e-02 1.45778540e-02 1.46039191e-02 
9.38496675e-01 1.43364600e-02 1.43526570e-02 1.43709746e-02 1.43891835e-02 1.44061334e-02 
9.38731347e-01 1.40494928e-02 1.40646765e-02 1.40812508e-02 1.40977971e-02 1.41134650e-02 
9.38966077e-01 1.41478723e-02 1.41679271e-02 1.41921867e-02 1.42234685e-02 1.42549796e-02 
9.39200865e-01 1.41734599e-02 1.41853225e-02 1.41969456e-02 1.42156488e-02 1.42400642e-02 
9.39435713e-01 1.45037888e-02 1.45303495e-02 1.45652882e-02 1.45998148e-02 1.46296882e-02 
9.39670619e-01 1.42050488e-02 1.42232565e-02 1.42448905e-02 1.42713855e-02 1.42976429e-02 
9.39905584e-01 1.42188164e-02 1.42344578e-02 1.42537280e-02 1.42720657e-02 1.42883095e-02 
9.40140607e-01 1.42075473e-02 1.42311539e-02 1.42639446e-02 1.42983581e-02 1.43264242e-02 
9.40375690e-01 1.43006783e-02 1.43239970e-02 1.43554443e-02 1.43875154e-02 1.44156768e-02 
9.40610831e-01 1.43647703e-02 1.43833495e-02 1.44067960e-02 1.44304459e-02 1.44531906e-02 
9.40846031e-01 1.40139266e-02 1.40329781e-02 1.40551839e-02 1.40776601e-02 1.40975860e-02 
9.41081290e-01 1.41120264e-02 1.41301551e-02 1.41514061e-02 1.41712913e-02 1.41866446e-02 
9.41316607e-01 1.41945766e-02 1.42122187e-02 1.42317091e-02 1.42513672e-02 1.42704779e-02 
9.41551984e-01 1.41708107e-02 1.41946586e-02 1.42287505e-02 1.42612921e-02 1.42843233e-02 
9.41787419e-01 1.41417983e-02 1.41532925e-02 1.41651847e-02 1.41786930e-02 1.41891145e-02 
9.42022913e-01 1.45993187e-02 1.46314539e-02 1.46724694e-02 1.47126137e-02 1.47469052e-02 
9.42258466e-01 1.42722799e-02 1.42911595e-02 1.43163594e-02 1.43399987e-02 1.43617093e-02 
9.42494078e-01 1.45248531e-02 1.45473612e-02 1.45761115e-02 1.46024189e-02 1.46256967e-02 
9.42729749e-01 1.41133480e-02 1.41344766e-02 1.41611108e-02 1.41897829e-02 1.42180071e-02 
9.42965479e-01 1.41087553e-02 1.41258185e-02 1.41441378e-02 1.41653738e-02 1.41873840e-02 
9.43201268e-01 1.40533345e-02 1.40727586e-02 1.40937121e-02 1.41148994e-02 1.41294173e-02 
9.43437115e-01 1.42537483e-02 1.42712951e-02 1.42928549e-02 1.43140529e-02 1.43326385e-02 
9.43673022e-01 1.41199157e-02 1.41362561e-02 1.41532553e-02 1.41723986e-02 1.41899558e-02 
9.43908988e-01 1.42387789e-02 1.42671081e-02 1.43052117e-02 1.43441995e-02 1.43770401e-02 
9.44145013e-01 1.44630320e-02 1.44844997e-02 1.45117755e-02 1.45394296e-02 1.45677746e-02 
9.44381096e-01 1.42973292e-02 1.43153944e-02 1.43344214e-02 1.43618726e-02 1.43955199e-02 
9.44617239e-01 1.40909170e-02 1.41105250e-02 1.41300449e-02 1.41519805e-02 1.41736331e-02 
9.44853441e-01 1.44626464e-02 1.44858775e-02 1.45154100e-02 1.45438565e-02 1.45693768e-02 
9.45089702e-01 1.41590101e-02 1.41686495e-02 1.41787609e-02 1.41929247e-02 1.42109957e-02 
9.45326021e-01 1.41112199e-02 1.41256563e-02 1.41442241e-02 1.41638285e-02 1.41822618e-02 
9.45562400e-01 1.43330787e-02 1.43493221e-02 1.43658979e-02 1.43850879e-02 1.44075267e-02 
9.45798839e-01 1.41459815e-02 1.41621282e-02 1.41842690e-02 1.42068801e-02 1.42257704e-02 
9.46035336e-01 1.41516579e-02 1.41633107e-02 1.41769404e-02 1.41982064e-02 1.42253880e-02 
9.46271892e-01 1.41889761e-02 1.42118953e-02 1.42384499e-02 1.42631129e-02 1.42825704e-02 
9.46508508e-01 1.40884953e-02 1.41030890e-02 1.41222444e-02 1.41509345e-02 1.41896975e-02 
9.46745182e-01 1.42895497e-02 1.43317627e-02 1.43880585e-02 1.44184061e-02 1.44345634e-02 
9.46981916e-01 1.42431343e-02 1.42562240e-02 1.42743616e-02 1.43129801e-02 1.43841759e-02 
9.47218709e-01 1.41430070e-02 1.41610129e-02 1.41806844e-02 1.41979782e-02 1.42108986e-02 
9.47455562e-01 1.42529229e-02 1.42798558e-02 1.43135186e-02 1.43331891e-02 1.43482403e-02 
9.47692473e-01 1.41608521e-02 1.41853166e-02 1.42076686e-02 1.42328039e-02 1.42550581e-02 
9.47929444e-01 1.45403965e-02 1.45713875e-02 1.45996564e-02 1.46421735e-02 1.46802587e-02 
9.48166474e-01 1.42109186e-02 1.42283571e-02 1.42503148e-02 1.42694107e-02 1.42854079e-02 
9.48403563e-01 1.40923109e-02 1.41167117e-02 1.41416636e-02 1.41704150e-02 1.41981665e-02 
9.48640712e-01 1.39893908e-02 1.40061345e-02 1.40249046e-02 1.40439546e-02 1.40608069e-02 
9.48877919e-01 1.41100537e-02 1.41286052e-02 1.41469722e-02 1.41675864e-02 1.41855122e-02 
9.49115187e-01 1.40206324e-02 1.40401264e-02 1.40616747e-02 1.40862478e-02 1.41148820e-02 
9.49352513e-01 1.41657281e-02 1.41793958e-02 1.41943745e-02 1.42102159e-02 1.42240311e-02 
9.49589899e-01 1.41830913e-02 1.41996128e-02 1.42168041e-02 1.42355708e-02 1.42524310e-02 
9.49827344e-01 1.41541152e-02 1.41782387e-02 1.42063335e-02 1.42362811e-02 1.42653825e-02 
9.50064849e-01 1.41454903e-02 1.41641492e-02 1.41863581e-02 1.42019763e-02 1.42135176e-02 
9.50302413e-01 1.49616836e-02 1.49799377e-02 1.50007966e-02 1.50192572e-02 1.50369724e-02 
9.50540036e-01 1.41524970e-02 1.41663217e-02 1.41797562e-02 1.41914387e-02 1.42026578e-02 
9.50777719e-01 1.44613648e-02 1.44835480e-02 1.45127601e-02 1.45412215e-02 1.45672405e-02 
9.51015461e-01 1.42166431e-02 1.42524750e-02 1.42991879e-02 1.43419342e-02 1.43715486e-02 
9.51253263e-01 1.41224393e-02 1.41478728e-02 1.41829652e-02 1.42178096e-02 1.42434057e-02 
9.51491124e-01 1.45783899e-02 1.46013316e-02 1.46312963e-02 1.46588149e-02 1.46829276e-02 
9.51729044e-01 1.41540260e-02 1.41742741e-02 1.42012634e-02 1.42297424e-02 1.42543160e-02 
9.51967024e-01 1.44946725e-02 1.45198312e-02 1.45527629e-02 1.45776646e-02 1.45951262e-02 
9.52205064e-01 1.41877253e-02 1.42097638e-02 1.42344144e-02 1.42614437e-02 1.42881291e-02 
9.52443163e-01 1.40782462e-02 1.40983473e-02 1.41185018e-02 1.41412468e-02 1.41638826e-02 
9.52681322e-01 1.40648151e-02 1.40826713e-02 1.41014856e-02 1.41219712e-02 1.41417449e-02 
9.52919540e-01 1.40226060e-02 1.40404451e-02 1.40597829e-02 1.40803268e-02 1.40988805e-02 
9.53157818e-01 1.40380618e-02 1.40606889e-02 1.40824495e-02 1.41083179e-02 1.41342119e-02 
9.53396155e-01 1.40741551e-02 1.40962260e-02 1.41203251e-02 1.41461865e-02 1.41720445e-02 
9.53634552e-01 1.46894364e-02 1.47073015e-02 1.47222482e-02 1.47359461e-02 1.47513980e-02 
9.53873008e-01 1.43759041e-02 1.44035397e-02 1.44381140e-02 1.44719279e-02 1.45005642e-02 
9.54111525e-01 1.42852437e-02 1.43064207e-02 1.43375517e-02 1.43714094e-02 1.43971745e-02 
9.54350100e-01 1.47212622e-02 1.47486991e-02 1.47901126e-02 1.48411166e-02 1.48691807e-02 
9.54588736e-01 1.42039183e-02 1.42244899e-02 1.42497474e-02 1.42741146e-02 1.42934552e-02 
9.54827431e-01 1.39866643e-02 1.40065700e-02 1.40302239e-02 1.40543526e-02 1.40777291e-02 
9.55066186e-01 1.40171507e-02 1.40327289e-02 1.40493315e-02 1.40672319e-02 1.40989907e-02 
9.55305000e-01 1.40714978e-02 1.40850966e-02 1.41009639e-02 1.41233895e-02 1.41586550e-02 
9.55543875e-01 1.40543162e-02 1.40759552e-02 1.40981132e-02 1.41249284e-02 1.41528043e-02 
9.55782809e-01 1.40729036e-02 1.40899746e-02 1.41081509e-02 1.41294383e-02 1.41509174e-02 
9.56021802e-01 1.40702596e-02 1.40915336e-02 1.41132627e-02 1.41360139e-02 1.41550601e-02 
9.56260856e-01 1.43740920e-02 1.43975896e-02 1.44279923e-02 1.44581001e-02 1.44849620e-02 
9.56499969e-01 1.41403935e-02 1.41620261e-02 1.41825663e-02 1.42051229e-02 1.42249333e-02 
9.56739142e-01 1.42530183e-02 1.42709620e-02 1.42944137e-02 1.43176497e-02 1.43369357e-02 
9.56978375e-01 1.41147983e-02 1.41304220e-02 1.41489291e-02 1.41670584e-02 1.41825691e-02 
9.57217668e-01 1.40386377e-02 1.40598841e-02 1.40812292e-02 1.41056242e-02 1.41296271e-02 
9.57457020e-01 1.42906762e-02 1.43067536e-02 1.43262567e-02 1.43449607e-02 1.43609025e-02 
9.57696433e-01 1.43922461e-02 1.44190626e-02 1.44540978e-02 1.44859453e-02 1.45108222e-02 
9.57935905e-01 1.41761841e-02 1.41901754e-02 1.42049432e-02 1.42222219e-02 1.42404968e-02 
9.58175437e-01 1.44324787e-02 1.44574436e-02 1.44892373e-02 1.45202318e-02 1.45470899e-02 
9.58415029e-01 1.40830756e-02 1.41104999e-02 1.41403984e-02 1.41707733e-02 1.41995943e-02 
9.58654681e-01 1.40418852e-02 1.40583474e-02 1.40752927e-02 1.40940106e-02 1.41112054e-02 
9.58894393e-01 1.42035054e-02 1.42208314e-02 1.42401251e-02 1.42648678e-02 1.42955654e-02 
9.59134164e-01 1.41906302e-02 1.42197713e-02 1.42505874e-02 1.42804866e-02 1.43024331e-02 
9.59373996e-01 1.40853936e-02 1.41117910e-02 1.41371040e-02 1.41658274e-02 1.41918344e-02 
9.59613888e-01 1.42558713e-02 1.42954901e-02 1.43450707e-02 1.43814104e-02 1.44061665e-02 
9.59853840e-01 1.42295191e-02 1.42478012e-02 1.42711928e-02 1.42964340e-02 1.43175054e-02 
9.60093851e-01 1.43008309e-02 1.43242969e-02 1.43549080e-02 1.43845114e-02 1.44116229e-02 
9.60333923e-01 1.40426481e-02 1.40592538e-02 1.40763930e-02 1.40967569e-02 1.41134729e-02 
9.60574055e-01 1.41000024e-02 1.41161491e-02 1.41332633e-02 1.41527166e-02 1.41715011e-02 
9.60814247e-01 1.42226928e-02 1.42384956e-02 1.42567610e-02 1.42749440e-02 1.42904205e-02 
9.61054498e-01 1.45872568e-02 1.46121593e-02 1.46437337e-02 1.46747926e-02 1.47023541e-02 
9.61294810e-01 1.41026941e-02 1.41229810e-02 1.41443006e-02 1.41706190e-02 1.41998869e-02 
9.61535182e-01 1.42809362e-02 1.43005397e-02 1.43261685e-02 1.43517186e-02 1.43770960e-02 
9.61775614e-01 1.42193163e-02 1.42372405e-02 1.42537910e-02 1.42732633e-02 1.42906257e-02 
9.62016107e-01 1.40840008e-02 1.41025691e-02 1.41205514e-02 1.41451258e-02 1.41749201e-02 
9.62256659e-01 1.41908142e-02 1.42100928e-02 1.42349755e-02 1.42618661e-02 1.42844550e-02 
9.62497271e-01 1.45149436e-02 1.45521652e-02 1.46107200e-02 1.46807477e-02 1.47110207e-02 
9.62737944e-01 1.40380543e-02 1.40596949e-02 1.40800873e-02 1.41037927e-02 1.41234850e-02 
9.62978677e-01 1.41952741e-02 1.42128921e-02 1.42353585e-02 1.42625522e-02 1.42915640e-02 
9.63219470e-01 1.40522685e-02 1.40752792e-02 1.40998764e-02 1.41283955e-02 1.41588659e-02 
9.63460323e-01 1.39907971e-02 1.40078728e-02 1.40260617e-02 1.40458961e-02 1.40629148e-02 
9.63701237e-01 1.41554400e-02 1.41725118e-02 1.41894337e-02 1.42091711e-02 1.42276649e-02 
9.63942211e-01 1.45615018e-02 1.45810842e-02 1.46042749e-02 1.46268803e-02 1.46485914e-02 
9.64183245e-01 1.40291061e-02 1.40441268e-02 1.40610445e-02 1.40799730e-02 1.40971754e-02 
9.64424339e-01 1.40929925e-02 1.41173672e-02 1.41406934e-02 1.41648599e-02 1.41852235e-02 
9.64665493e-01 1.42706734e-02 1.42894341e-02 1.43129053e-02 1.43360090e-02 1.43569067e-02 
9.64906708e-01 1.42239421e-02 1.42600239e-02 1.43043760e-02 1.43371389e-02 1.43562980e-02 
9.65147983e-01 1.41161389e-02 1.41300150e-02 1.41461911e-02 1.41664632e-02 1.41918049e-02 
9.65389319e-01 1.43086299e-02 1.43370132e-02 1.43792150e-02 1.44126192e-02 1.44281214e-02 
9.65630715e-01 1.42977514e-02 1.43123733e-02 1.43259643e-02 1.43379449e-02 1.43501194e-02 
9.65872171e-01 1.41460870e-02 1.41672091e-02 1.41889597e-02 1.42123637e-02 1.42349553e-02 
9.66113687e-01 1.39836916e-02 1.40024290e-02 1.40217363e-02 1.40424199e-02 1.40603927e-02 
9.66355264e-01 1.43297042e-02 1.43580182e-02 1.43939644e-02 1.44328470e-02 1.44680041e-02 
9.66596902e-01 1.42572609e-02 1.42781296e-02 1.43068365e-02 1.43367884e-02 1.43637990e-02 
9.66838600e-01 1.46725012e-02 1.46895049e-02 1.47087960e-02 1.47252976e-02 1.47425367e-02 
9.67080358e-01 1.40691998e-02 1.40965981e-02 1.41228425e-02 1.41558151e-02 1.41930943e-02 
9.67322176e-01 1.44112289e-02 1.44397932e-02 1.44764199e-02 1.45150085e-02 1.45474926e-02 
9.67564056e-01 1.40872174e-02 1.41064000e-02 1.41268915e-02 1.41527118e-02 1.41797032e-02 
9.67805995e-01 1.41657598e-02 1.41788826e-02 1.41929584e-02 1.42091733e-02 1.42250637e-02 
9.68047995e-01 1.41421636e-02 1.41555866e-02 1.41695281e-02 1.41853388e-02 1.42007725e-02 
9.68290056e-01 1.44024642e-02 1.44222944e-02 1.44483713e-02 1.44725042e-02 1.44951969e-02 
9.68532177e-01 1.43975132e-02 1.44078999e-02 1.44211879e-02 1.44447442e-02 1.45071764e-02 
9.68774359e-01 1.42560797e-02 1.43073051e-02 1.43304508e-02 1.43428096e-02 1.43555062e-02 
9.69016601e-01 1.40351585e-02 1.40516250e-02 1.40674203e-02 1.40879259e-02 1.41086920e-02 
9.69258904e-01 1.41006968e-02 1.41156153e-02 1.41319414e-02 1.41514081e-02 1.41734844e-02 
9.69501267e-01 1.40693242e-02 1.40902690e-02 1.41108968e-02 1.41344824e-02 1.41578922e-02 
9.69743691e-01 1.44537859e-02 1.44713734e-02 1.44913431e-02 1.45112838e-02 1.45295525e-02 
9.69986176e-01 1.45974724e-02 1.46204964e-02 1.46501859e-02 1.46786677e-02 1.47048465e-02 
9.70228721e-01 1.42717421e-02 1.42944638e-02 1.43252554e-02 1.43565941e-02 1.43845824e-02 
9.70471327e-01 1.42706012e-02 1.42861054e-02 1.43021504e-02 1.43188459e-02 1.43341599e-02 
9.70713994e-01 1.42012289e-02 1.42186476e-02 1.42388708e-02 1.42594585e-02 1.42771900e-02 
9.70956721e-01 1.42062842e-02 1.42237151e-02 1.42461730e-02 1.42687837e-02 1.42885439e-02 
9.71199509e-01 1.47009980e-02 1.47139503e-02 1.47283188e-02 1.47422540e-02 1.47556636e-02 
9.71442358e-01 1.40058620e-02 1.40256116e-02 1.40468374e-02 1.40702350e-02 1.40906735e-02 
9.71685267e-01 1.39451822e-02 1.39676561e-02 1.39911512e-02 1.40144710e-02 1.40391598e-02 
9.71928237e-01 1.41035201e-02 1.41247962e-02 1.41499008e-02 1.41726084e-02 1.41898975e-02 
9.72171268e-01 1.41404684e-02 1.41519702e-02 1.41630032e-02 1.41757709e-02 1.41865172e-02 
9.72414360e-01 1.41182580e-02 1.41334763e-02 1.41491363e-02 1.41631939e-02 1.41749125e-02 
9.72657512e-01 1.42609197e-02 1.42785377e-02 1.43022155e-02 1.43225205e-02 1.43391115e-02 
9.72900726e-01 1.44142494e-02 1.44342323e-02 1.44590946e-02 1.44851679e-02 1.45105979e-02 
9.73144000e-01 1.47598259e-02 1.47803352e-02 1.48041980e-02 1.48236622e-02 1.48408843e-02 
9.73387335e-01 1.41215817e-02 1.41423395e-02 1.41671140e-02 1.42008117e-02 1.42348740e-02 
9.73630730e-01 1.42977271e-02 1.43123351e-02 1.43279639e-02 1.43426566e-02 1.43563432e-02 
9.73874187e-01 1.40086130e-02 1.40214894e-02 1.40365485e-02 1.40544640e-02 1.40720091e-02 
9.74117704e-01 1.44859704e-02 1.44968217e-02 1.45089337e-02 1.45204338e-02 1.45334605e-02 
9.74361283e-01 1.41951480e-02 1.42054634e-02 1.42191317e-02 1.42346769e-02 1.42594324e-02 
9.74604922e-01 1.40353255e-02 1.40515304e-02 1.40677166e-02 1.40900588e-02 1.41215030e-02 
9.74848622e-01 1.39645345e-02 1.39846669e-02 1.40064063e-02 1.40290622e-02 1.40519432e-02 
9.75092383e-01 1.40648314e-02 1.40813549e-02 1.41003170e-02 1.41197424e-02 1.41373298e-02 
9.75336205e-01 1.42864455e-02 1.43069218e-02 1.43359637e-02 1.43632764e-02 1.43842709e-02 
9.75580089e-01 1.41907039e-02 1.42052449e-02 1.42200560e-02 1.42376330e-02 1.42577151e-02 
9.75824033e-01 1.43615833e-02 1.43861859e-02 1.44180127e-02 1.44508083e-02 1.44815053e-02 
9.76068038e-01 1.42312864e-02 1.42543959e-02 1.42844612e-02 1.43057844e-02 1.43232309e-02 
9.76312104e-01 1.41353999e-02 1.41533363e-02 1.41738372e-02 1.41946058e-02 1.42138839e-02 
9.76556231e-01 1.41384633e-02 1.41597422e-02 1.41828153e-02 1.42055939e-02 1.42258631e-02 
9.76800419e-01 1.41988545e-02 1.42190777e-02 1.42465093e-02 1.42768860e-02 1.43043116e-02 
9.77044668e-01 1.42814139e-02 1.43075305e-02 1.43429046e-02 1.43801468e-02 1.44109540e-02 
9.77288978e-01 1.41380979e-02 1.41501501e-02 1.41607526e-02 1.41718761e-02 1.41822160e-02 
9.77533350e-01 1.42601506e-02 1.42762217e-02 1.42962504e-02 1.43207517e-02 1.43475823e-02 
9.77777782e-01 1.44226451e-02 1.44340884e-02 1.44460866e-02 1.44575706e-02 1.44696702e-02 
9.78022276e-01 1.43034556e-02 1.43253617e-02 1.43421466e-02 1.43561063e-02 1.43703605e-02 
9.78266830e-01 1.43028920e-02 1.43431780e-02 1.43672691e-02 1.43781783e-02 1.43884659e-02 
9.78511446e-01 1.44203946e-02 1.44512121e-02 1.44887430e-02 1.45256525e-02 1.45566622e-02 
9.78756123e-01 1.41149876e-02 1.41324703e-02 1.41502990e-02 1.41690971e-02 1.41855733e-02 
9.79000861e-01 1.42448511e-02 1.42582319e-02 1.42707427e-02 1.42846424e-02 1.42979228e-02 
9.79245661e-01 1.40656965e-02 1.40781737e-02 1.40915050e-02 1.41071354e-02 1.41208769e-02 
9.79490521e-01 1.41853912e-02 1.42123542e-02 1.42487068e-02 1.42812429e-02 1.43017512e-02 
9.79735443e-01 1.41330384e-02 1.41709017e-02 1.42242912e-02 1.42636242e-02 1.42833067e-02 
9.79980426e-01 1.40189116e-02 1.40303340e-02 1.40429925e-02 1.40564278e-02 1.40703339e-02 
9.80225471e-01 1.41191188e-02 1.41324796e-02 1.41460981e-02 1.41624747e-02 1.41769804e-02 
9.80470576e-01 1.41686723e-02 1.41827037e-02 1.41942982e-02 1.42072796e-02 1.42199038e-02 
9.80715743e-01 1.41979979e-02 1.42206226e-02 1.42475664e-02 1.42766595e-02 1.43013524e-02 
9.80960972e-01 1.40516278e-02 1.40838857e-02 1.41211168e-02 1.41455995e-02 1.41580527e-02 
9.81206261e-01 1.41616824e-02 1.41766681e-02 1.41939406e-02 1.42112813e-02 1.42262517e-02 
9.81451612e-01 1.41483051e-02 1.41638760e-02 1.41799839e-02 1.41946895e-02 1.42072200e-02 
9.81697024e-01 1.42985470e-02 1.43154368e-02 1.43345019e-02 1.43540141e-02 1.43723904e-02 
9.81942498e-01 1.41440600e-02 1.41524549e-02 1.41627340e-02 1.41765242e-02 1.42004468e-02 
9.82188033e-01 1.41182919e-02 1.41323670e-02 1.41460756e-02 1.41615239e-02 1.41750199e-02 
9.82433629e-01 1.44068914e-02 1.44254760e-02 1.44472833e-02 1.44683364e-02 1.44885700e-02 
9.82679287e-01 1.42149604e-02 1.42312781e-02 1.42515690e-02 1.42715376e-02 1.42896280e-02 
9.82925006e-01 1.41303045e-02 1.41468136e-02 1.41625976e-02 1.41777885e-02 1.41891160e-02 
9.83170787e-01 1.40046577e-02 1.40220146e-02 1.40395461e-02 1.40577162e-02 1.40754123e-02 
9.83416629e-01 1.40562578e-02 1.40736710e-02 1.40892936e-02 1.41070380e-02 1.41209589e-02 
9.83662532e-01 1.42328918e-02 1.42485035e-02 1.42633812e-02 1.42755854e-02 1.42871684e-02 
9.83908497e-01 1.44171828e-02 1.44312142e-02 1.44464542e-02 1.44619240e-02 1.44770881e-02 
9.84154524e-01 1.41280204e-02 1.41512869e-02 1.41798821e-02 1.42014631e-02 1.42155813e-02 
9.84400612e-01 1.41306631e-02 1.41456500e-02 1.41614584e-02 1.41812422e-02 1.42016407e-02 
9.84646762e-01 1.41313800e-02 1.41508995e-02 1.41727218e-02 1.41953676e-02 1.42183378e-02 
9.84892973e-01 1.41293859e-02 1.41484056e-02 1.41724541e-02 1.41986518e-02 1.42223459e-02 
9.85139245e-01 1.41760279e-02 1.41885387e-02 1.41986311e-02 1.42107277e-02 1.42226203e-02 
9.85385580e-01 1.42109402e-02 1.42244382e-02 1.42359166e-02 1.42484419e-02 1.42600169e-02 
9.85631976e-01 1.43300522e-02 1.43538246e-02 1.43855101e-02 1.44160428e-02 1.44428807e-02 
9.85878433e-01 1.41198974e-02 1.41418066e-02 1.41670634e-02 1.41931958e-02 1.42171172e-02 
9.86124952e-01 1.43776011e-02 1.43948609e-02 1.44143907e-02 1.44334054e-02 1.44512545e-02 
9.86371533e-01 1.41247710e-02 1.41373806e-02 1.41483567e-02 1.41611933e-02 1.41719272e-02 
9.86618176e-01 1.42344110e-02 1.42474912e-02 1.42594301e-02 1.42751914e-02 1.42910237e-02 
9.86864880e-01 1.40629600e-02 1.40769060e-02 1.40915613e-02 1.41079310e-02 1.41222851e-02 
9.87111646e-01 1.40990208e-02 1.41128981e-02 1.41274849e-02 1.41437246e-02 1.41585638e-02 
9.87358473e-01 1.43385019e-02 1.43561525e-02 1.43810885e-02 1.43995801e-02 1.44138988e-02 
9.87605362e-01 1.41303343e-02 1.41404288e-02 1.41512798e-02 1.41739974e-02 1.42122175e-02 
9.87852313e-01 1.42603609e-02 1.42809167e-02 1.43090133e-02 1.43359925e-02 1.43578427e-02 
9.88099326e-01 1.41697278e-02 1.41848867e-02 1.42004934e-02 1.42190562e-02 1.42409723e-02 
9.88346400e-01 1.39973409e-02 1.40118874e-02 1.40261161e-02 1.40450709e-02 1.40764316e-02 
9.88593537e-01 1.40978050e-02 1.41172567e-02 1.41377235e-02 1.41594792e-02 1.41809878e-02 
9.88840735e-01 1.42499593e-02 1.42664829e-02 1.42857135e-02 1.43051491e-02 1.43228248e-02 
9.89087995e-01 1.40396028e-02 1.40584810e-02 1.40759361e-02 1.40953591e-02 1.41104479e-02 
9.89335316e-01 1.42576965e-02 1.42755615e-02 1.42973657e-02 1.43183181e-02 1.43363575e-02 
9.89582700e-01 1.40076468e-02 1.40219137e-02 1.40381064e-02 1.40543431e-02 1.40714989e-02 
9.89830145e-01 1.41435935e-02 1.41611412e-02 1.41783208e-02 1.41961687e-02 1.42111508e-02 
9.90077653e-01 1.41536052e-02 1.41720668e-02 1.41935626e-02 1.42151682e-02 1.42336979e-02 
9.90325222e-01 1.40990121e-02 1.41121058e-02 1.41265543e-02 1.41427838e-02 1.41581738e-02 
9.90572853e-01 1.41202928e-02 1.41324355e-02 1.41442518e-02 1.41562326e-02 1.41673333e-02 
9.90820546e-01 1.41274079e-02 1.41466247e-02 1.41667308e-02 1.41899012e-02 1.42085606e-02 
9.91068301e-01 1.41363425e-02 1.41593359e-02 1.41865911e-02 1.42157937e-02 1.42410039e-02 
9.91316117e-01 1.41511502e-02 1.41701237e-02 1.41888721e-02 1.42088889e-02 1.42272874e-02 
9.91563996e-01 1.40575233e-02 1.40756685e-02 1.40951779e-02 1.41151566e-02 1.41336178e-02 
9.91811937e-01 1.41120085e-02 1.41342226e-02 1.41598751e-02 1.41845483e-02 1.42070575e-02 
9.92059940e-01 1.40485020e-02 1.40736283e-02 1.41082419e-02 1.41361936e-02 1.41527576e-02 
9.92308005e-01 1.43172372e-02 1.43425520e-02 1.43746104e-02 1.44071109e-02 1.44358717e-02 
9.92556132e-01 1.43562915e-02 1.43759299e-02 1.44003947e-02 1.44237975e-02 1.44453902e-02 
9.92804321e-01 1.40509345e-02 1.40699749e-02 1.40896129e-02 1.41111218e-02 1.41306742e-02 
9.93052572e-01 1.40887439e-02 1.41130949e-02 1.41428220e-02 1.41762777e-02 1.42065473e-02 
9.93300885e-01 1.41506737e-02 1.41658967e-02 1.41826571e-02 1.42004511e-02 1.42167944e-02 
9.93549260e-01 1.40978469e-02 1.41121039e-02 1.41260859e-02 1.41415191e-02 1.41534881e-02 
9.93797697e-01 1.40050489e-02 1.40251582e-02 1.40444831e-02 1.40661618e-02 1.40842321e-02 
9.94046196e-01 1.44168881e-02 1.44688421e-02 1.44970008e-02 1.45227844e-02 1.45417312e-02 
9.94294758e-01 1.44276930e-02 1.44474339e-02 1.44712675e-02 1.44932300e-02 1.45134407e-02 
9.94543381e-01 1.40794563e-02 1.40902683e-02 1.41010813e-02 1.41121466e-02 1.41233072e-02 
9.94792067e-01 1.40905320e-02 1.41032888e-02 1.41154748e-02 1.41306341e-02 1.41457506e-02 
9.95040815e-01 1.44316500e-02 1.44542795e-02 1.44845420e-02 1.45142900e-02 1.45416754e-02 
9.95289625e-01 1.40527493e-02 1.40647888e-02 1.40767331e-02 1.40966139e-02 1.41343468e-02 
9.95538498e-01 1.41838727e-02 1.42037094e-02 1.42305431e-02 1.42525738e-02 1.42678563e-02 
9.95787433e-01 1.43844732e-02 1.43978838e-02 1.44102559e-02 1.44231509e-02 1.44357633e-02 
9.96036429e-01 1.42198991e-02 1.42403179e-02 1.42653183e-02 1.42844918e-02 1.43004377e-02 
9.96285489e-01 1.43354974e-02 1.43713323e-02 1.44257893e-02 1.44681965e-02 1.44864415e-02 
9.96534610e-01 1.43902822e-02 1.44220769e-02 1.44578462e-02 1.44829243e-02 1.44989620e-02 
9.96783794e-01 1.40179630e-02 1.40318356e-02 1.40473370e-02 1.40618901e-02 1.40767922e-02 
9.97033040e-01 1.41356766e-02 1.41595322e-02 1.41917057e-02 1.42232678e-02 1.42476595e-02 
9.97282348e-01 1.42977890e-02 1.43197524e-02 1.43487274e-02 1.43796182e-02 1.44087571e-02 
9.97531719e-01 1.40136579e-02 1.40304800e-02 1.40463872e-02 1.40658439e-02 1.40821931e-02 
9.97781152e-01 1.41431210e-02 1.41532456e-02 1.41629738e-02 1.41763344e-02 1.41926783e-02 
9.98030647e-01 1.41840187e-02 1.42016403e-02 1.42224887e-02 1.42426264e-02 1.42601901e-02 
9.98280205e-01 1.40064084e-02 1.40219647e-02 1.40385380e-02 1.40554644e-02 1.40735972e-02 
9.98529825e-01 1.40793683e-02 1.41080500e-02 1.41412127e-02 1.41783847e-02 1.42083035e-02 
9.98779508e-01 1.40438291e-02 1.40617240e-02 1.40804992e-02 1.40987393e-02 1.41126903e-02 
9.99029253e-01 1.40099897e-02 1.40274808e-02 1.40444929e-02 1.40643320e-02 1.40838427e-02 
9.99279060e-01 1.41192037e-02 1.41305293e-02 1.41424413e-02 1.41622295e-02 1.41937353e-02 
9.99528930e-01 1.40104097e-02 1.40223962e-02 1.40365262e-02 1.40505214e-02 1.40647677e-02 
9.99778863e-01 1.44903850e-02 1.45052799e-02 1.45226225e-02 1.45424215e-02 1.45607786e-02 
1.00002886e+00 1.40460177e-02 1.40620605e-02 1.40777187e-02 1.40946215e-02 1.41117844e-02 
1.00027892e+00 1.38852618e-02 1.39087544e-02 1.39361120e-02 1.39603396e-02 1.39884005e-02 
1.00052904e+00 1.41625814e-02 1.41758299e-02 1.41872736e-02 1.42001846e-02 1.42113070e-02 
1.00077922e+00 1.39753226e-02 1.39928203e-02 1.40112548e-02 1.40321923e-02 1.40529381e-02 
1.00102946e+00 1.43015402e-02 1.43167735e-02 1.43332542e-02 1.43495286e-02 1.43647029e-02 
1.00127977e+00 1.41822579e-02 1.41980141e-02 1.42169524e-02 1.42423535e-02 1.42702695e-02 
1.00153014e+00 1.41808561e-02 1.42056428e-02 1.42407065e-02 1.42781670e-02 1.43090900e-02 
1.00178057e+00 1.40734230e-02 1.40897988e-02 1.41055841e-02 1.41203094e-02 1.41324781e-02 
1.00203107e+00 1.40174274e-02 1.40361529e-02 1.40535232e-02 1.40716772e-02 1.40863980e-02 
1.00228163e+00 1.41773654e-02 1.41927190e-02 1.42084750e-02 1.42205307e-02 1.42320909e-02 
1.00253225e+00 1.40903118e-02 1.41098075e-02 1.41309483e-02 1.41526099e-02 1.41728549e-02 
1.00278293e+00 1.40844904e-02 1.41070491e-02 1.41323667e-02 1.41495345e-02 1.41620643e-02 
1.00303368e+00 1.42331362e-02 1.42440380e-02 1.42533928e-02 1.42629824e-02 1.42731053e-02 
1.00328449e+00 1.41198774e-02 1.41377571e-02 1.41551771e-02 1.41725859e-02 1.41856125e-02 
1.00353536e+00 1.40574076e-02 1.40717717e-02 1.40859951e-02 1.41019452e-02 1.41152413e-02 
1.00378629e+00 1.43836385e-02 1.44009067e-02 1.44212465e-02 1.44400536e-02 1.44577556e-02 
1.00403729e+00 1.40259448e-02 1.40398099e-02 1.40554774e-02 1.40724632e-02 1.40881194e-02 
1.00428835e+00 1.41420701e-02 1.41569798e-02 1.41732607e-02 1.41872167e-02 1.42001715e-02 
1.00453947e+00 1.39923723e-02 1.40060108e-02 1.40211054e-02 1.40368896e-02 1.40538728e-02 
1.00479066e+00 1.42993362e-02 1.43128823e-02 1.43270471e-02 1.43437377e-02 1.43633192e-02 
1.00504191e+00 1.41805111e-02 1.42079580e-02 1.42454440e-02 1.42869621e-02 1.43242843e-02 
1.00529322e+00 1.43178162e-02 1.43367582e-02 1.43599470e-02 1.43757768e-02 1.43894485e-02 
1.00554459e+00 1.40570000e-02 1.40749606e-02 1.40929067e-02 1.41102991e-02 1.41245732e-02 
1.00579603e+00 1.44513936e-02 1.44645230e-02 1.44785708e-02 1.44922579e-02 1.45055799e-02 
1.00604753e+00 1.40027053e-02 1.40230743e-02 1.40420166e-02 1.40635056e-02 1.40822494e-02 
1.00629909e+00 1.40583520e-02 1.40778736e-02 1.40988201e-02 1.41229919e-02 1.41473597e-02 
1.00655071e+00 1.41079109e-02 1.41242950e-02 1.41407115e-02 1.41582410e-02 1.41744017e-02 
1.00680240e+00 1.43599336e-02 1.43691492e-02 1.43798853e-02 1.43903352e-02 1.44006288e-02 
1.00705415e+00 1.40593713e-02 1.40784618e-02 1.40970308e-02 1.41175688e-02 1.41354060e-02 
1.00730597e+00 1.41353683e-02 1.41630742e-02 1.42005809e-02 1.42276169e-02 1.42440035e-02 
1.00755784e+00 1.41425922e-02 1.41523735e-02 1.41629876e-02 1.41753464e-02 1.41908795e-02 
1.00780978e+00 1.42315876e-02 1.42476892e-02 1.42661420e-02 1.42854900e-02 1.43041132e-02 
1.00806179e+00 1.39958805e-02 1.40108520e-02 1.40265968e-02 1.40442596e-02 1.40617760e-02 
1.00831385e+00 1.41772457e-02 1.41889932e-02 1.41978670e-02 1.42085759e-02 1.42181251e-02 
1.00856598e+00 1.41167903e-02 1.41430863e-02 1.41757264e-02 1.41988658e-02 1.42131488e-02 
1.00881818e+00 1.39472083e-02 1.39641075e-02 1.39843888e-02 1.40043472e-02 1.40268756e-02 
1.00907043e+00 1.39773236e-02 1.39974930e-02 1.40173781e-02 1.40392529e-02 1.40599512e-02 
1.00932275e+00 1.39889562e-02 1.40047751e-02 1.40213063e-02 1.40385285e-02 1.40566723e-02 
1.00957513e+00 1.41878342e-02 1.42032179e-02 1.42160869e-02 1.42317915e-02 1.42460087e-02 
1.00982757e+00 1.42802572e-02 1.42974698e-02 1.43162140e-02 1.43343504e-02 1.43524400e-02 
1.01008008e+00 1.41625592e-02 1.41779059e-02 1.41915611e-02 1.42067233e-02 1.42206990e-02 
1.01033265e+00 1.40317574e-02 1.40482559e-02 1.40651480e-02 1.40829615e-02 1.40978264e-02 
1.01058529e+00 1.39825626e-02 1.39982173e-02 1.40154310e-02 1.40330313e-02 1.40517302e-02 
1.01083798e+00 1.41171051e-02 1.41358246e-02 1.41606017e-02 1.41923278e-02 1.42210630e-02 
1.01109074e+00 1.40729438e-02 1.40906778e-02 1.41086385e-02 1.41266256e-02 1.41430898e-02 
1.01134357e+00 1.40373722e-02 1.40497991e-02 1.40637319e-02 1.40779511e-02 1.40921567e-02 
1.01159645e+00 1.42345385e-02 1.42507005e-02 1.42684952e-02 1.42832518e-02 1.42968133e-02 
1.01184940e+00 1.39609417e-02 1.39805794e-02 1.40024708e-02 1.40239783e-02 1.40466464e-02 
1.01210242e+00 1.41582646e-02 1.41747718e-02 1.41909663e-02 1.42070796e-02 1.42205703e-02 
1.01235549e+00 1.40150069e-02 1.40308877e-02 1.40433146e-02 1.40576787e-02 1.40711371e-02 
1.01260863e+00 1.40948255e-02 1.41096478e-02 1.41228106e-02 1.41341052e-02 1.41456001e-02 
1.01286184e+00 1.41169426e-02 1.41357129e-02 1.41563396e-02 1.41808593e-02 1.42050495e-02 
1.01311510e+00 1.39182265e-02 1.39414115e-02 1.39661852e-02 1.39892767e-02 1.40147863e-02 
1.01336843e+00 1.41674559e-02 1.41877648e-02 1.42148631e-02 1.42416311e-02 1.42654577e-02 
1.01362183e+00 1.41799359e-02 1.41997714e-02 1.42257006e-02 1.42517848e-02 1.42772465e-02 
1.01387528e+00 1.43297467e-02 1.43471746e-02 1.43679550e-02 1.43871871e-02 1.44049302e-02 
1.01412880e+00 1.40584890e-02 1.40719893e-02 1.40848883e-02 1.40997562e-02 1.41114766e-02 
1.01438239e+00 1.42632148e-02 1.42806014e-02 1.42995426e-02 1.43176144e-02 1.43338203e-02 
1.01463603e+00 1.42251695e-02 1.42349520e-02 1.42447795e-02 1.42569617e-02 1.42735943e-02 
1.01488974e+00 1.40850124e-02 1.40977826e-02 1.41104550e-02 1.41258865e-02 1.41403726e-02 
1.01514352e+00 1.39446875e-02 1.39639568e-02 1.39850931e-02 1.40053429e-02 1.40267549e-02 
1.01539735e+00 1.40649557e-02 1.40790661e-02 1.40965981e-02 1.41198179e-02 1.41480179e-02 
1.01565125e+00 1.40101367e-02 1.40378197e-02 1.40681475e-02 1.40907874e-02 1.41038223e-02 
1.01590522e+00 1.41131718e-02 1.41260146e-02 1.41386588e-02 1.41550705e-02 1.41747171e-02 
1.01615924e+00 1.41017862e-02 1.41196669e-02 1.41428260e-02 1.41675492e-02 1.41888164e-02 
1.01641333e+00 1.41248710e-02 1.41402262e-02 1.41575935e-02 1.41765787e-02 1.41925444e-02 
1.01666749e+00 1.42139891e-02 1.42341984e-02 1.42574684e-02 1.42725595e-02 1.42862604e-02 
1.01692171e+00 1.41479032e-02 1.41631306e-02 1.41776472e-02 1.41945929e-02 1.42106344e-02 
1.01717599e+00 1.42667504e-02 1.42866687e-02 1.43142382e-02 1.43360516e-02 1.43528297e-02 
1.01743033e+00 1.41281677e-02 1.41414773e-02 1.41527181e-02 1.41649327e-02 1.41761163e-02 
1.01768474e+00 1.40781750e-02 1.40921983e-02 1.41057788e-02 1.41212862e-02 1.41350091e-02 
1.01793921e+00 1.40962247e-02 1.41099037e-02 1.41215237e-02 1.41326026e-02 1.41437650e-02 
1.01819375e+00 1.40675983e-02 1.40813568e-02 1.40946391e-02 1.41101968e-02 1.41245001e-02 
1.01844835e+00 1.40183056e-02 1.40319958e-02 1.40473141e-02 1.40624739e-02 1.40783984e-02 
1.01870301e+00 1.39517276e-02 1.39694098e-02 1.39893039e-02 1.40090298e-02 1.40296761e-02 
1.01895774e+00 1.41403635e-02 1.41567457e-02 1.41780527e-02 1.41995622e-02 1.42207682e-02 
1.01921253e+00 1.40377721e-02 1.40534404e-02 1.40685130e-02 1.40832704e-02 1.40948067e-02 
1.01946739e+00 1.41627534e-02 1.41726711e-02 1.41820850e-02 1.41924299e-02 1.42030254e-02 
1.01972230e+00 1.39844459e-02 1.39969723e-02 1.40110647e-02 1.40294193e-02 1.40498829e-02 
1.01997729e+00 1.40978122e-02 1.41082690e-02 1.41191313e-02 1.41309004e-02 1.41418395e-02 
1.02023233e+00 1.41170693e-02 1.41294182e-02 1.41407862e-02 1.41540837e-02 1.41655456e-02 
1.02048744e+00 1.39861679e-02 1.40007197e-02 1.40169209e-02 1.40338171e-02 1.40516301e-02 
1.02074261e+00 1.40261983e-02 1.40388997e-02 1.40511383e-02 1.40669784e-02 1.40891538e-02 
1.02099785e+00 1.40631639e-02 1.40814112e-02 1.41004508e-02 1.41224022e-02 1.41457133e-02 
1.02125315e+00 1.40732623e-02 1.40850125e-02 1.40965438e-02 1.41100652e-02 1.41224535e-02 
1.02150852e+00 1.41717048e-02 1.41863643e-02 1.41987777e-02 1.42131548e-02 1.42259789e-02 
1.02176394e+00 1.40839786e-02 1.40956715e-02 1.41066096e-02 1.41195425e-02 1.41307661e-02 
1.02201944e+00 1.40479292e-02 1.40677441e-02 1.40879899e-02 1.41087227e-02 1.41277104e-02 
1.02227499e+00 1.41497148e-02 1.41580949e-02 1.41681887e-02 1.41781210e-02 1.41874949e-02 
1.02253061e+00 1.39564694e-02 1.39756894e-02 1.39955155e-02 1.40164325e-02 1.40379860e-02 
1.02278630e+00 1.42487365e-02 1.42624865e-02 1.42770121e-02 1.42919791e-02 1.43061569e-02 
1.02304204e+00 1.41693010e-02 1.41845592e-02 1.42016712e-02 1.42196483e-02 1.42358700e-02 
1.02329786e+00 1.39166181e-02 1.39390612e-02 1.39649314e-02 1.39883614e-02 1.40147298e-02 
1.02355373e+00 1.41199093e-02 1.41341856e-02 1.41487348e-02 1.41633316e-02 1.41764497e-02 
1.02380967e+00 1.41502760e-02 1.41815400e-02 1.42241347e-02 1.42610254e-02 1.42867740e-02 
1.02406568e+00 1.40369343e-02 1.40493927e-02 1.40623067e-02 1.40777903e-02 1.40917548e-02 
1.02432174e+00 1.40388059e-02 1.40522006e-02 1.40649710e-02 1.40800373e-02 1.40915919e-02 
1.02457788e+00 1.41198058e-02 1.41364116e-02 1.41549161e-02 1.41720784e-02 1.41861925e-02 
1.02483407e+00 1.40214267e-02 1.40320664e-02 1.40431958e-02 1.40559630e-02 1.40691346e-02 
1.02509033e+00 1.41708455e-02 1.41894890e-02 1.42114486e-02 1.42275037e-02 1.42408210e-02 
1.02534666e+00 1.41332298e-02 1.41449567e-02 1.41550407e-02 1.41654265e-02 1.41759135e-02 
1.02560304e+00 1.39811367e-02 1.39959444e-02 1.40124906e-02 1.40291672e-02 1.40469988e-02 
1.02585950e+00 1.39930465e-02 1.40080297e-02 1.40241927e-02 1.40433447e-02 1.40632129e-02 
1.02611601e+00 1.40787326e-02 1.40907005e-02 1.41004253e-02 1.41109014e-02 1.41211458e-02 
1.02637259e+00 1.41228231e-02 1.41368331e-02 1.41496281e-02 1.41608333e-02 1.41718374e-02 
1.02662924e+00 1.42263061e-02 1.42394983e-02 1.42518983e-02 1.42649860e-02 1.42769729e-02 
1.02688595e+00 1.40110114e-02 1.40273957e-02 1.40438726e-02 1.40622177e-02 1.40788547e-02 
1.02714272e+00 1.39694726e-02 1.39840718e-02 1.39996336e-02 1.40162914e-02 1.40360880e-02 
1.02739956e+00 1.40312127e-02 1.40437915e-02 1.40560993e-02 1.40682502e-02 1.40806650e-02 
1.02765646e+00 1.41193260e-02 1.41356204e-02 1.41506340e-02 1.41632339e-02 1.41738161e-02 
1.02791342e+00 1.41344850e-02 1.41495844e-02 1.41618041e-02 1.41753486e-02 1.41880041e-02 
1.02817045e+00 1.41586276e-02 1.41698420e-02 1.41790698e-02 1.41893039e-02 1.41998960e-02 
1.02842755e+00 1.40458687e-02 1.40619968e-02 1.40774747e-02 1.40926748e-02 1.41033448e-02 
1.02868471e+00 1.41782587e-02 1.41900803e-02 1.42003784e-02 1.42116418e-02 1.42219060e-02 
1.02894193e+00 1.39742145e-02 1.39907265e-02 1.40083643e-02 1.40262155e-02 1.40445107e-02 
1.02919922e+00 1.39756847e-02 1.39902128e-02 1.40051810e-02 1.40220169e-02 1.40412246e-02 
1.02945657e+00 1.40632473e-02 1.40774655e-02 1.40912527e-02 1.41066759e-02 1.41212317e-02 
1.02971398e+00 1.42024853e-02 1.42126545e-02 1.42234211e-02 1.42361613e-02 1.42494869e-02 
1.02997146e+00 1.41384924e-02 1.41543713e-02 1.41734829e-02 1.41952610e-02 1.42164382e-02 
1.03022901e+00 1.42162590e-02 1.42306435e-02 1.42446981e-02 1.42594828e-02 1.42732458e-02 
1.03048662e+00 1.39443012e-02 1.39606691e-02 1.39800559e-02 1.39991599e-02 1.40222813e-02 
1.03074429e+00 1.40200653e-02 1.40325960e-02 1.40459443e-02 1.40592361e-02 1.40719446e-02 
1.03100203e+00 1.39813037e-02 1.39947606e-02 1.40085505e-02 1.40238587e-02 1.40430151e-02 
1.03125983e+00 1.41016388e-02 1.41163905e-02 1.41317796e-02 1.41487812e-02 1.41639191e-02 
1.03151770e+00 1.39720173e-02 1.39876494e-02 1.40052174e-02 1.40226272e-02 1.40422832e-02 
1.03177563e+00 1.39899771e-02 1.40038603e-02 1.40189528e-02 1.40346650e-02 1.40517832e-02 
1.03203363e+00 1.40157652e-02 1.40288736e-02 1.40429745e-02 1.40585175e-02 1.40727268e-02 
1.03229169e+00 1.39618587e-02 1.39775221e-02 1.39947725e-02 1.40123368e-02 1.40332914e-02 
1.03254981e+00 1.40589756e-02 1.40746827e-02 1.40881620e-02 1.41000661e-02 1.41127082e-02 
1.03280800e+00 1.39664944e-02 1.39834653e-02 1.40022584e-02 1.40211135e-02 1.40412258e-02 
1.03306625e+00 1.39949528e-02 1.40075998e-02 1.40208756e-02 1.40360587e-02 1.40523092e-02 
1.03332457e+00 1.39537991e-02 1.39701374e-02 1.39888067e-02 1.40072218e-02 1.40293268e-02 
1.03358296e+00 1.40467643e-02 1.40557562e-02 1.40664042e-02 1.40826748e-02 1.41155522e-02 
1.03384140e+00 1.40459841e-02 1.40596318e-02 1.40725583e-02 1.40849439e-02 1.40966070e-02 
1.03409992e+00 1.39725206e-02 1.39857471e-02 1.40002553e-02 1.40162703e-02 1.40364058e-02 
1.03435849e+00 1.39828075e-02 1.39975228e-02 1.40135748e-02 1.40297743e-02 1.40474083e-02 
1.03461713e+00 1.39768947e-02 1.39911024e-02 1.40064180e-02 1.40237366e-02 1.40432647e-02 
1.03487584e+00 1.40141964e-02 1.40256101e-02 1.40376415e-02 1.40508515e-02 1.40647655e-02 
1.03513461e+00 1.40875460e-02 1.41043987e-02 1.41215451e-02 1.41416424e-02 1.41597666e-02 
1.03539345e+00 1.40794278e-02 1.40910123e-02 1.41016030e-02 1.41143268e-02 1.41266526e-02 
1.03565235e+00 1.41026369e-02 1.41466440e-02 1.42130093e-02 1.42548874e-02 1.42715799e-02 
1.03591131e+00 1.41331719e-02 1.41472369e-02 1.41587018e-02 1.41732185e-02 1.41863024e-02 
1.03617034e+00 1.41812475e-02 1.41940285e-02 1.42061298e-02 1.42190264e-02 1.42313856e-02 
1.03642944e+00 1.39809353e-02 1.39953668e-02 1.40115317e-02 1.40279791e-02 1.40464599e-02 
1.03668860e+00 1.39629835e-02 1.39812047e-02 1.40009994e-02 1.40208373e-02 1.40412390e-02 
1.03694782e+00 1.40026398e-02 1.40165587e-02 1.40319645e-02 1.40483646e-02 1.40647135e-02 
1.03720711e+00 1.39299746e-02 1.39477208e-02 1.39689401e-02 1.39896588e-02 1.40146840e-02 
1.03746646e+00 1.40172561e-02 1.40281440e-02 1.40407637e-02 1.40553535e-02 1.40703092e-02 
1.03772588e+00 1.39057639e-02 1.39284247e-02 1.39538609e-02 1.39773251e-02 1.40047898e-02 
1.03798537e+00 1.39946245e-02 1.40090625e-02 1.40226987e-02 1.40412859e-02 1.40657437e-02 
1.03824491e+00 1.39334025e-02 1.39519758e-02 1.39719649e-02 1.39920578e-02 1.40157383e-02 
1.03850453e+00 1.39890730e-02 1.40037767e-02 1.40192120e-02 1.40354946e-02 1.40528458e-02 
1.03876421e+00 1.40461159e-02 1.40621394e-02 1.40789317e-02 1.40954510e-02 1.41094306e-02 
1.03902395e+00 1.40282279e-02 1.40465811e-02 1.40645247e-02 1.40848892e-02 1.41032451e-02 
1.03928376e+00 1.41625595e-02 1.41737601e-02 1.41838848e-02 1.41972308e-02 1.42095922e-02 
1.03954363e+00 1.40043917e-02 1.40157054e-02 1.40288922e-02 1.40443600e-02 1.40613026e-02 
1.03980357e+00 1.39898649e-02 1.40115735e-02 1.40318950e-02 1.40532167e-02 1.40710571e-02 
1.04006357e+00 1.40113418e-02 1.40227863e-02 1.40354656e-02 1.40492223e-02 1.40640289e-02 
1.04032364e+00 1.39178199e-02 1.39387716e-02 1.39626429e-02 1.39850372e-02 1.40121633e-02 
1.04058377e+00 1.40771052e-02 1.40975750e-02 1.41196158e-02 1.41422422e-02 1.41613378e-02 
1.04084397e+00 1.40581364e-02 1.40791471e-02 1.40998083e-02 1.41251569e-02 1.41505508e-02 
1.04110424e+00 1.39079170e-02 1.39296569e-02 1.39545297e-02 1.39782275e-02 1.40060589e-02 
1.04136456e+00 1.39641452e-02 1.39790684e-02 1.39961071e-02 1.40137205e-02 1.40344045e-02 
1.04162496e+00 1.39420249e-02 1.39596463e-02 1.39798739e-02 1.39997982e-02 1.40239223e-02 
1.04188542e+00 1.38871915e-02 1.39122111e-02 1.39400122e-02 1.39664498e-02 1.39960310e-02 
1.04214594e+00 1.40123671e-02 1.40279624e-02 1.40428227e-02 1.40573909e-02 1.40713644e-02 
1.04240653e+00 1.39506720e-02 1.39735640e-02 1.39950273e-02 1.40184583e-02 1.40395659e-02 
1.04266718e+00 1.38727249e-02 1.39007022e-02 1.39304086e-02 1.39578877e-02 1.39895588e-02 
1.04292790e+00 1.39153193e-02 1.39359919e-02 1.39590651e-02 1.39823585e-02 1.40095186e-02 
1.04318869e+00 1.40506533e-02 1.40651256e-02 1.40793571e-02 1.40944192e-02 1.41055190e-02 
1.04344954e+00 1.40798120e-02 1.41086165e-02 1.41462971e-02 1.41671888e-02 1.41804007e-02 
1.04371045e+00 1.40688123e-02 1.40782625e-02 1.40876616e-02 1.40980833e-02 1.41091593e-02 
1.04397143e+00 1.39631884e-02 1.39805106e-02 1.39981580e-02 1.40176420e-02 1.40388463e-02 
1.04423248e+00 1.39572376e-02 1.39731708e-02 1.39913058e-02 1.40108235e-02 1.40328447e-02 
1.04449359e+00 1.39908862e-02 1.40027792e-02 1.40165951e-02 1.40318467e-02 1.40500467e-02 
1.04475476e+00 1.40269492e-02 1.40465632e-02 1.40657287e-02 1.40851179e-02 1.40999119e-02 
1.04501600e+00 1.39905092e-02 1.40063111e-02 1.40236092e-02 1.40413427e-02 1.40600507e-02 
1.04527731e+00 1.40177069e-02 1.40383237e-02 1.40574029e-02 1.40778404e-02 1.40938754e-02 
1.04553868e+00 1.39675343e-02 1.39859220e-02 1.40050639e-02 1.40254319e-02 1.40459906e-02 
1.04580012e+00 1.39492884e-02 1.39659451e-02 1.39851943e-02 1.40047318e-02 1.40278542e-02 
1.04606162e+00 1.39157965e-02 1.39373276e-02 1.39622758e-02 1.39862646e-02 1.40136561e-02 
1.04632319e+00 1.40432607e-02 1.40562722e-02 1.40689911e-02 1.40833129e-02 1.40949081e-02 
1.04658482e+00 1.39182949e-02 1.39406268e-02 1.39655751e-02 1.39885422e-02 1.40158384e-02 
1.04684652e+00 1.38883940e-02 1.39150990e-02 1.39437172e-02 1.39714984e-02 1.40031324e-02 
1.04710829e+00 1.40075680e-02 1.40339338e-02 1.40581872e-02 1.40872932e-02 1.41176392e-02 
1.04737012e+00 1.40377965e-02 1.40594510e-02 1.40815617e-02 1.41101382e-02 1.41401835e-02 
1.04763201e+00 1.40179282e-02 1.40379411e-02 1.40573343e-02 1.40810499e-02 1.41056045e-02 
1.04789397e+00 1.39123610e-02 1.39338109e-02 1.39591164e-02 1.39828581e-02 1.40110757e-02 
1.04815600e+00 1.39649402e-02 1.39798760e-02 1.39970236e-02 1.40145732e-02 1.40361432e-02 
1.04841809e+00 1.39041622e-02 1.39277693e-02 1.39539897e-02 1.39776462e-02 1.40063286e-02 
1.04868025e+00 1.40556253e-02 1.40710738e-02 1.40863244e-02 1.41034849e-02 1.41197655e-02 
1.04894247e+00 1.40572199e-02 1.40865829e-02 1.41189180e-02 1.41453945e-02 1.41615612e-02 
1.04920476e+00 1.40553982e-02 1.40732589e-02 1.40910397e-02 1.41096952e-02 1.41299043e-02 
1.04946711e+00 1.40404011e-02 1.40532584e-02 1.40665051e-02 1.40787897e-02 1.40919878e-02 
1.04972953e+00 1.38815336e-02 1.39085730e-02 1.39379337e-02 1.39651148e-02 1.39971238e-02 
1.04999202e+00 1.39612095e-02 1.39777621e-02 1.39962360e-02 1.40144412e-02 1.40373653e-02 
1.05025457e+00 1.39274300e-02 1.39492359e-02 1.39739174e-02 1.39975371e-02 1.40234171e-02 
1.05051718e+00 1.40317296e-02 1.40420624e-02 1.40526674e-02 1.40646747e-02 1.40776336e-02 
1.05077986e+00 1.40082674e-02 1.40195292e-02 1.40312248e-02 1.40455316e-02 1.40611002e-02 
1.05104261e+00 1.39198086e-02 1.39408095e-02 1.39650717e-02 1.39879988e-02 1.40155566e-02 
1.05130543e+00 1.38965633e-02 1.39211481e-02 1.39477953e-02 1.39736776e-02 1.40028958e-02 
1.05156831e+00 1.40949222e-02 1.41173540e-02 1.41440067e-02 1.41747379e-02 1.42024485e-02 
1.05183125e+00 1.39011587e-02 1.39254185e-02 1.39514376e-02 1.39755205e-02 1.40049615e-02 
1.05209426e+00 1.39094642e-02 1.39329370e-02 1.39597862e-02 1.39854197e-02 1.40139679e-02 
1.05235734e+00 1.39221333e-02 1.39425078e-02 1.39649579e-02 1.39874978e-02 1.40133214e-02 
1.05262048e+00 1.39041099e-02 1.39270957e-02 1.39550304e-02 1.39809307e-02 1.40105580e-02 
1.05288369e+00 1.39163888e-02 1.39374094e-02 1.39628703e-02 1.39861497e-02 1.40140582e-02 
1.05314696e+00 1.39655400e-02 1.39822016e-02 1.40006628e-02 1.40208171e-02 1.40425258e-02 
1.05341030e+00 1.40060967e-02 1.40193697e-02 1.40340394e-02 1.40496020e-02 1.40663167e-02 
1.05367371e+00 1.39235012e-02 1.39442194e-02 1.39674149e-02 1.39900566e-02 1.40167261e-02 
1.05393718e+00 1.39803773e-02 1.39992295e-02 1.40160227e-02 1.40335841e-02 1.40522453e-02 
1.05420072e+00 1.39693819e-02 1.39838174e-02 1.39992665e-02 1.40165674e-02 1.40382906e-02 
1.05446432e+00 1.39909518e-02 1.40057659e-02 1.40219580e-02 1.40393248e-02 1.40584671e-02 
1.05472799e+00 1.40210052e-02 1.40346557e-02 1.40501511e-02 1.40665936e-02 1.40821233e-02 
1.05499172e+00 1.39506102e-02 1.39680642e-02 1.39886103e-02 1.40085272e-02 1.40318017e-02 
1.05525552e+00 1.39688649e-02 1.39922540e-02 1.40127731e-02 1.40364768e-02 1.40578800e-02 
1.05551939e+00 1.38930997e-02 1.39176916e-02 1.39457557e-02 1.39726988e-02 1.40029627e-02 
1.05578332e+00 1.39739560e-02 1.39957285e-02 1.40145638e-02 1.40353826e-02 1.40555051e-02 
1.05604732e+00 1.40385673e-02 1.40530381e-02 1.40674556e-02 1.40842523e-02 1.40986405e-02 
1.05631139e+00 1.38945563e-02 1.39196901e-02 1.39473743e-02 1.39734512e-02 1.40034507e-02 
1.05657552e+00 1.40202118e-02 1.40326595e-02 1.40464628e-02 1.40610250e-02 1.40770623e-02 
1.05683971e+00 1.39258223e-02 1.39457881e-02 1.39704499e-02 1.39929838e-02 1.40203130e-02 
1.05710398e+00 1.40585729e-02 1.40712490e-02 1.40829881e-02 1.40979152e-02 1.41119094e-02 
1.05736831e+00 1.39653273e-02 1.39829823e-02 1.40021280e-02 1.40222609e-02 1.40429500e-02 
1.05763270e+00 1.38794980e-02 1.39078128e-02 1.39378570e-02 1.39651928e-02 1.39971407e-02 
1.05789716e+00 1.39040124e-02 1.39279496e-02 1.39551215e-02 1.39808074e-02 1.40104192e-02 
1.05816169e+00 1.39920053e-02 1.40043308e-02 1.40185411e-02 1.40343050e-02 1.40529196e-02 
1.05842628e+00 1.40775490e-02 1.40918476e-02 1.41051195e-02 1.41196106e-02 1.41318085e-02 
1.05869094e+00 1.41221514e-02 1.41361145e-02 1.41484587e-02 1.41627929e-02 1.41758862e-02 
1.05895567e+00 1.39746384e-02 1.39929650e-02 1.40146063e-02 1.40431215e-02 1.40807759e-02 
1.05922046e+00 1.39510086e-02 1.39685724e-02 1.39888004e-02 1.40087241e-02 1.40324613e-02 
1.05948532e+00 1.39131326e-02 1.39350102e-02 1.39595570e-02 1.39837089e-02 1.40122587e-02 
1.05975025e+00 1.40039067e-02 1.40274489e-02 1.40496518e-02 1.40739104e-02 1.40972675e-02 
1.06001524e+00 1.38950194e-02 1.39202571e-02 1.39489785e-02 1.39753562e-02 1.40067849e-02 
1.06028029e+00 1.39184141e-02 1.39412492e-02 1.39666527e-02 1.39920915e-02 1.40196666e-02 
1.06054542e+00 1.40268636e-02 1.40383283e-02 1.40498319e-02 1.40620727e-02 1.40761005e-02 
1.06081061e+00 1.38690198e-02 1.38993287e-02 1.39312066e-02 1.39600442e-02 1.39932960e-02 
1.06107586e+00 1.38801503e-02 1.39090648e-02 1.39405609e-02 1.39705023e-02 1.40036853e-02 
1.06134118e+00 1.38938286e-02 1.39195955e-02 1.39472738e-02 1.39737211e-02 1.40043360e-02 
1.06160657e+00 1.39629080e-02 1.39785675e-02 1.39961255e-02 1.40143051e-02 1.40371395e-02 
1.06187203e+00 1.39616317e-02 1.39791614e-02 1.39985987e-02 1.40202751e-02 1.40448225e-02 
1.06213755e+00 1.38652091e-02 1.38963773e-02 1.39293930e-02 1.39587298e-02 1.39925597e-02 
1.06240314e+00 1.39914649e-02 1.40077176e-02 1.40248690e-02 1.40459902e-02 1.40731316e-02 
1.06266879e+00 1.39049036e-02 1.39291202e-02 1.39570403e-02 1.39830219e-02 1.40132259e-02 
1.06293451e+00 1.39469732e-02 1.39647355e-02 1.39845311e-02 1.40052669e-02 1.40294258e-02 
1.06320030e+00 1.39870719e-02 1.40066080e-02 1.40243685e-02 1.40441528e-02 1.40631578e-02 
1.06346615e+00 1.40371558e-02 1.40565350e-02 1.40754830e-02 1.40965830e-02 1.41174454e-02 
1.06373207e+00 1.40992404e-02 1.41283406e-02 1.41663641e-02 1.42084061e-02 1.42442355e-02 
1.06399806e+00 1.39218779e-02 1.39456481e-02 1.39719340e-02 1.39964235e-02 1.40243021e-02 
1.06426411e+00 1.38768486e-02 1.39062451e-02 1.39371418e-02 1.39649004e-02 1.39976365e-02 
1.06453023e+00 1.38888218e-02 1.39154975e-02 1.39446037e-02 1.39716725e-02 1.40027794e-02 
1.06479642e+00 1.39624923e-02 1.39804562e-02 1.40005503e-02 1.40209136e-02 1.40429969e-02 
1.06506267e+00 1.39736436e-02 1.39885746e-02 1.40047860e-02 1.40221818e-02 1.40441680e-02 
1.06532899e+00 1.39551285e-02 1.39782558e-02 1.39998506e-02 1.40229379e-02 1.40452709e-02 
1.06559537e+00 1.39310445e-02 1.39523211e-02 1.39778605e-02 1.40022702e-02 1.40288076e-02 
1.06586183e+00 1.39303481e-02 1.39559806e-02 1.39830664e-02 1.40105822e-02 1.40405138e-02 
1.06612835e+00 1.40320891e-02 1.40591912e-02 1.40880120e-02 1.41244623e-02 1.41610068e-02 
1.06639493e+00 1.40493163e-02 1.40660307e-02 1.40830128e-02 1.41016652e-02 1.41214251e-02 
1.06666158e+00 1.38873042e-02 1.39150997e-02 1.39447509e-02 1.39725579e-02 1.40039648e-02 
1.06692830e+00 1.39042448e-02 1.39309628e-02 1.39580804e-02 1.39852348e-02 1.40169628e-02 
1.06719509e+00 1.39250270e-02 1.39517680e-02 1.39776295e-02 1.40039235e-02 1.40310012e-02 
1.06746194e+00 1.40338621e-02 1.40577861e-02 1.40818323e-02 1.41112076e-02 1.41417884e-02 
1.06772886e+00 1.39358362e-02 1.39553156e-02 1.39791388e-02 1.40012332e-02 1.40275184e-02 
1.06799585e+00 1.39978928e-02 1.40224096e-02 1.40425979e-02 1.40578164e-02 1.40762191e-02 
1.06826290e+00 1.38912446e-02 1.39188315e-02 1.39483237e-02 1.39768076e-02 1.40081908e-02 
1.06853002e+00 1.39683219e-02 1.39841389e-02 1.40020943e-02 1.40209785e-02 1.40426972e-02 
1.06879720e+00 1.38902846e-02 1.39185125e-02 1.39481179e-02 1.39760279e-02 1.40069000e-02 
1.06906446e+00 1.39663410e-02 1.39905077e-02 1.40115330e-02 1.40341776e-02 1.40551851e-02 
1.06933178e+00 1.39277197e-02 1.39522191e-02 1.39789893e-02 1.40050442e-02 1.40329014e-02 
1.06959916e+00 1.38738065e-02 1.39041235e-02 1.39363046e-02 1.39647907e-02 1.39984454e-02 
1.06986662e+00 1.40933031e-02 1.41216540e-02 1.41579576e-02 1.41930554e-02 1.42199793e-02 
1.07013414e+00 1.40480744e-02 1.40600761e-02 1.40730946e-02 1.40924380e-02 1.41356248e-02 
1.07040173e+00 1.39193922e-02 1.39439436e-02 1.39709098e-02 1.39969656e-02 1.40247679e-02 
1.07066938e+00 1.39525332e-02 1.39793373e-02 1.40045580e-02 1.40310649e-02 1.40568006e-02 
1.07093710e+00 1.39957543e-02 1.40123228e-02 1.40298677e-02 1.40488848e-02 1.40676390e-02 
1.07120489e+00 1.39597257e-02 1.39795079e-02 1.40007350e-02 1.40231676e-02 1.40469189e-02 
1.07147274e+00 1.39514534e-02 1.39684907e-02 1.39880651e-02 1.40078444e-02 1.40314902e-02 
1.07174067e+00 1.42956548e-02 1.43260031e-02 1.43614637e-02 1.43863240e-02 1.44057400e-02 
1.07200865e+00 1.39400571e-02 1.39613773e-02 1.39860799e-02 1.40105751e-02 1.40371624e-02 
1.07227671e+00 1.42157089e-02 1.42457987e-02 1.42846149e-02 1.43252549e-02 1.43602588e-02 
1.07254483e+00 1.40782552e-02 1.41006289e-02 1.41238537e-02 1.41523261e-02 1.41814301e-02 
1.07281302e+00 1.39401738e-02 1.39597049e-02 1.39828379e-02 1.40048701e-02 1.40316241e-02 
1.07308128e+00 1.38936369e-02 1.39209135e-02 1.39507804e-02 1.39794065e-02 1.40109159e-02 
1.07334961e+00 1.39202807e-02 1.39438381e-02 1.39701072e-02 1.39955623e-02 1.40238744e-02 
1.07361800e+00 1.39849134e-02 1.40051078e-02 1.40245382e-02 1.40448822e-02 1.40655616e-02 
1.07388645e+00 1.40023631e-02 1.40218840e-02 1.40411860e-02 1.40644477e-02 1.40892554e-02 
1.07415498e+00 1.38997308e-02 1.39256069e-02 1.39535484e-02 1.39800046e-02 1.40101421e-02 
1.07442357e+00 1.39111576e-02 1.39351185e-02 1.39611450e-02 1.39864370e-02 1.40152156e-02 
1.07469223e+00 1.38982637e-02 1.39244064e-02 1.39537508e-02 1.39799227e-02 1.40119627e-02 
1.07496096e+00 1.39275789e-02 1.39494394e-02 1.39748454e-02 1.39990394e-02 1.40267150e-02 
1.07522975e+00 1.41658496e-02 1.41887181e-02 1.42205499e-02 1.42554025e-02 1.42861667e-02 
1.07549862e+00 1.38883656e-02 1.39155793e-02 1.39451903e-02 1.39723357e-02 1.40046178e-02 
1.07576754e+00 1.39032223e-02 1.39292178e-02 1.39593642e-02 1.39867589e-02 1.40178225e-02 
1.07603654e+00 1.39725623e-02 1.39894536e-02 1.40086113e-02 1.40297271e-02 1.40517102e-02 
1.07630560e+00 1.39054736e-02 1.39322699e-02 1.39619682e-02 1.39899688e-02 1.40204995e-02 
1.07657473e+00 1.39280456e-02 1.39496471e-02 1.39752948e-02 1.39994127e-02 1.40272486e-02 
1.07684393e+00 1.39142721e-02 1.39394080e-02 1.39658131e-02 1.39909411e-02 1.40212586e-02 
1.07711320e+00 1.38948092e-02 1.39228170e-02 1.39521209e-02 1.39798295e-02 1.40116622e-02 
1.07738253e+00 1.39599521e-02 1.39764760e-02 1.39948575e-02 1.40143188e-02 1.40375040e-02 
1.07765193e+00 1.39641001e-02 1.39913906e-02 1.40159093e-02 1.40430061e-02 1.40688906e-02 
1.07792140e+00 1.40241186e-02 1.40392373e-02 1.40556261e-02 1.40743048e-02 1.40915613e-02 
1.07819093e+00 1.39263205e-02 1.39494124e-02 1.39756437e-02 1.40011459e-02 1.40296581e-02 
1.07846053e+00 1.39413553e-02 1.39655532e-02 1.39906626e-02 1.40161676e-02 1.40421498e-02 
1.07873020e+00 1.38761891e-02 1.39064979e-02 1.39391174e-02 1.39678817e-02 1.40021273e-02 
1.07899994e+00 1.39339460e-02 1.39560925e-02 1.39805154e-02 1.40042698e-02 1.40305499e-02 
1.07926974e+00 1.39534398e-02 1.39764905e-02 1.39991529e-02 1.40215527e-02 1.40455131e-02 
1.07953961e+00 1.39115546e-02 1.39378083e-02 1.39661928e-02 1.39932651e-02 1.40229125e-02 
1.07980955e+00 1.41373139e-02 1.41691581e-02 1.42096959e-02 1.42555730e-02 1.42977500e-02 
1.08007956e+00 1.39109738e-02 1.39377431e-02 1.39665971e-02 1.39938161e-02 1.40236806e-02 
1.08034963e+00 1.39967208e-02 1.40108918e-02 1.40272977e-02 1.40433272e-02 1.40621295e-02 
1.08061978e+00 1.39851048e-02 1.39991517e-02 1.40144127e-02 1.40309603e-02 1.40514845e-02 
1.08088999e+00 1.38743980e-02 1.39051853e-02 1.39380750e-02 1.39680163e-02 1.40033216e-02 
1.08116026e+00 1.40100547e-02 1.40384599e-02 1.40649667e-02 1.40876727e-02 1.41036664e-02 
1.08143061e+00 1.39402334e-02 1.39614753e-02 1.39860558e-02 1.40093131e-02 1.40358748e-02 
1.08170102e+00 1.39190130e-02 1.39409891e-02 1.39677658e-02 1.39924424e-02 1.40212644e-02 
1.08197150e+00 1.38758053e-02 1.39067330e-02 1.39393116e-02 1.39690068e-02 1.40041618e-02 
1.08224205e+00 1.39640864e-02 1.39859944e-02 1.40086595e-02 1.40326833e-02 1.40571012e-02 
1.08251266e+00 1.43384521e-02 1.43665878e-02 1.44024591e-02 1.44390481e-02 1.44703880e-02 
1.08278334e+00 1.38882398e-02 1.39180027e-02 1.39487453e-02 1.39787434e-02 1.40126705e-02 
1.08305409e+00 1.38696696e-02 1.39013455e-02 1.39353858e-02 1.39652939e-02 1.40007303e-02 
1.08332491e+00 1.39763050e-02 1.40037760e-02 1.40290644e-02 1.40570208e-02 1.40855926e-02 
1.08359580e+00 1.39277992e-02 1.39499863e-02 1.39750549e-02 1.39996640e-02 1.40277686e-02 
1.08386675e+00 1.41957643e-02 1.42231959e-02 1.42585845e-02 1.42952496e-02 1.43269242e-02 
1.08413777e+00 1.40202235e-02 1.40410842e-02 1.40601977e-02 1.40781010e-02 1.40927828e-02 
1.08440886e+00 1.39293452e-02 1.39513921e-02 1.39760621e-02 1.39999943e-02 1.40274732e-02 
1.08468002e+00 1.38901869e-02 1.39183044e-02 1.39482562e-02 1.39761191e-02 1.40087139e-02 
1.08495124e+00 1.38810809e-02 1.39110779e-02 1.39433187e-02 1.39730624e-02 1.40062469e-02 
1.08522253e+00 1.39030632e-02 1.39309180e-02 1.39611274e-02 1.39894248e-02 1.40204433e-02 
1.08549389e+00 1.39500156e-02 1.39709088e-02 1.39948688e-02 1.40168300e-02 1.40420782e-02 
1.08576532e+00 1.39085082e-02 1.39352730e-02 1.39644808e-02 1.39919558e-02 1.40221172e-02 
1.08603682e+00 1.39383455e-02 1.39645561e-02 1.39922117e-02 1.40208571e-02 1.40546574e-02 
1.08630838e+00 1.41834769e-02 1.42118089e-02 1.42473333e-02 1.42863904e-02 1.43207329e-02 
1.08658001e+00 1.42258354e-02 1.42621151e-02 1.43089346e-02 1.43506280e-02 1.43826348e-02 
1.08685171e+00 1.40651526e-02 1.40802589e-02 1.40951712e-02 1.41114809e-02 1.41250599e-02 
1.08712348e+00 1.40366921e-02 1.40534802e-02 1.40706652e-02 1.40892285e-02 1.41063308e-02 
1.08739532e+00 1.39893401e-02 1.40177775e-02 1.40428680e-02 1.40719330e-02 1.41000447e-02 
1.08766722e+00 1.40527508e-02 1.40747605e-02 1.40981628e-02 1.41251561e-02 1.41511354e-02 
1.08793919e+00 1.40283935e-02 1.40426118e-02 1.40591273e-02 1.40770026e-02 1.40951154e-02 
1.08821123e+00 1.39498479e-02 1.39696003e-02 1.39934862e-02 1.40161090e-02 1.40414707e-02 
1.08848334e+00 1.39330877e-02 1.39690982e-02 1.40024407e-02 1.40348721e-02 1.40623017e-02 
1.08875551e+00 1.39671104e-02 1.39857134e-02 1.40064149e-02 1.40272274e-02 1.40499400e-02 
1.08902776e+00 1.39710717e-02 1.39913581e-02 1.40131393e-02 1.40354706e-02 1.40585393e-02 
1.08930007e+00 1.39858276e-02 1.40112078e-02 1.40324561e-02 1.40566118e-02 1.40780194e-02 
1.08957245e+00 1.39078374e-02 1.39340345e-02 1.39620455e-02 1.39875083e-02 1.40186819e-02 
1.08984490e+00 1.41991551e-02 1.42099403e-02 1.42202807e-02 1.42348364e-02 1.42498713e-02 
1.09011741e+00 1.39907015e-02 1.40096913e-02 1.40290654e-02 1.40504782e-02 1.40716466e-02 
1.09039000e+00 1.39978943e-02 1.40228928e-02 1.40454429e-02 1.40719328e-02 1.40973415e-02 
1.09066265e+00 1.40953078e-02 1.41313950e-02 1.41739801e-02 1.42142720e-02 1.42459985e-02 
1.09093537e+00 1.40765000e-02 1.40914486e-02 1.41088903e-02 1.41310632e-02 1.41556752e-02 
1.09120816e+00 1.41415842e-02 1.41569912e-02 1.41734393e-02 1.41957652e-02 1.42194694e-02 
1.09148101e+00 1.42310810e-02 1.42525031e-02 1.42858158e-02 1.43313851e-02 1.44020919e-02 
1.09175394e+00 1.43331574e-02 1.43473230e-02 1.43659717e-02 1.43957625e-02 1.44315885e-02 
1.09202693e+00 1.41171536e-02 1.41321037e-02 1.41476216e-02 1.41645620e-02 1.41787333e-02 
1.09229999e+00 1.42532471e-02 1.42737148e-02 1.43012507e-02 1.43289243e-02 1.43534494e-02 
1.09257312e+00 1.40963364e-02 1.41149538e-02 1.41326280e-02 1.41509690e-02 1.41665993e-02 
1.09284632e+00 1.41183360e-02 1.41438743e-02 1.41699215e-02 1.41981058e-02 1.42264815e-02 
1.09311959e+00 1.41993415e-02 1.42151247e-02 1.42301153e-02 1.42501908e-02 1.42707928e-02 
1.09339292e+00 1.42127502e-02 1.42227534e-02 1.42317441e-02 1.42414594e-02 1.42521838e-02 
1.09366633e+00 1.39991546e-02 1.40210603e-02 1.40417057e-02 1.40658978e-02 1.40888174e-02 
1.09393980e+00 1.41183010e-02 1.41419685e-02 1.41670256e-02 1.41936044e-02 1.42180868e-02 
1.09421334e+00 1.39644096e-02 1.39844619e-02 1.40065218e-02 1.40277511e-02 1.40511799e-02 
1.09448695e+00 1.41418268e-02 1.41544177e-02 1.41660151e-02 1.41786074e-02 1.41895839e-02 
1.09476062e+00 1.43965723e-02 1.44177529e-02 1.44443617e-02 1.44727834e-02 1.45029970e-02 
1.09503437e+00 1.45355482e-02 1.45493661e-02 1.45653637e-02 1.45813363e-02 1.45979946e-02 
1.09530818e+00 1.43420959e-02 1.43572632e-02 1.43767646e-02 1.44080486e-02 1.44443820e-02 
1.09558206e+00 1.44055197e-02 1.44258324e-02 1.44514989e-02 1.44764827e-02 1.45002173e-02 
1.09585602e+00 1.41633543e-02 1.41773203e-02 1.41900087e-02 1.42028244e-02 1.42144236e-02 
1.09613003e+00 1.45047708e-02 1.45223803e-02 1.45427044e-02 1.45607698e-02 1.45781079e-02 
1.09640412e+00 1.43482854e-02 1.43630283e-02 1.43786004e-02 1.43950993e-02 1.44106571e-02 
1.09667828e+00 1.42417747e-02 1.42596395e-02 1.42822141e-02 1.43058270e-02 1.43292985e-02 
1.09695250e+00 1.41112370e-02 1.41217240e-02 1.41316072e-02 1.41430045e-02 1.41541441e-02 
1.09722680e+00 1.41575993e-02 1.41717165e-02 1.41856134e-02 1.42029041e-02 1.42197695e-02 
1.09750116e+00 1.40812876e-02 1.40961084e-02 1.41120046e-02 1.41283040e-02 1.41429296e-02 
1.09777559e+00 1.39980556e-02 1.40210585e-02 1.40442830e-02 1.40681217e-02 1.40918892e-02 
1.09805009e+00 1.44781208e-02 1.44977372e-02 1.45210723e-02 1.45428216e-02 1.45631310e-02 
1.09832465e+00 1.40724119e-02 1.40830530e-02 1.40937478e-02 1.41056029e-02 1.41172062e-02 
1.09859929e+00 1.41651881e-02 1.41906544e-02 1.42250889e-02 1.42630203e-02 1.42980539e-02 
1.09887400e+00 1.43145082e-02 1.43316096e-02 1.43516358e-02 1.43749875e-02 1.44016225e-02 
1.09914877e+00 1.41508866e-02 1.41652746e-02 1.41788242e-02 1.41939018e-02 1.42076177e-02 
1.09942361e+00 1.41692349e-02 1.41877928e-02 1.42127134e-02 1.42395124e-02 1.42627440e-02 
1.09969852e+00 1.41327846e-02 1.41555034e-02 1.41802777e-02 1.42107996e-02 1.42420646e-02 
1.09997350e+00 1.42319759e-02 1.42420135e-02 1.42512435e-02 1.42614864e-02 1.42721799e-02 
1.10024855e+00 1.43729822e-02 1.43868180e-02 1.44012660e-02 1.44159210e-02 1.44293961e-02 
1.10052367e+00 1.42700551e-02 1.42946930e-02 1.43279635e-02 1.43624174e-02 1.43926805e-02 
1.10079886e+00 1.39803000e-02 1.40048764e-02 1.40285126e-02 1.40530716e-02 1.40767450e-02 
1.10107411e+00 1.40563941e-02 1.40777007e-02 1.40978543e-02 1.41244205e-02 1.41567415e-02 
1.10134943e+00 1.40836465e-02 1.41044298e-02 1.41227614e-02 1.41460014e-02 1.41737921e-02 
1.10162483e+00 1.40647954e-02 1.40794111e-02 1.40952475e-02 1.41124564e-02 1.41294692e-02 
1.10190029e+00 1.42743524e-02 1.42929622e-02 1.43166067e-02 1.43406965e-02 1.43630293e-02 
1.10217582e+00 1.41588466e-02 1.41812802e-02 1.42068057e-02 1.42257189e-02 1.42387011e-02 
1.10245142e+00 1.42542863e-02 1.42684722e-02 1.42810525e-02 1.42952081e-02 1.43080597e-02 
1.10272709e+00 1.39974915e-02 1.40328023e-02 1.40674605e-02 1.41006235e-02 1.41255531e-02 
1.10300282e+00 1.39857553e-02 1.40096294e-02 1.40349503e-02 1.40609216e-02 1.40876320e-02 
1.10327863e+00 1.46787206e-02 1.47363516e-02 1.47636398e-02 1.47748819e-02 1.47867766e-02 
1.10355451e+00 1.40921603e-02 1.41195430e-02 1.41470410e-02 1.41763627e-02 1.42054282e-02 
1.10383045e+00 1.41012770e-02 1.41152761e-02 1.41283491e-02 1.41428605e-02 1.41557294e-02 
1.10410646e+00 1.43415940e-02 1.43524467e-02 1.43645201e-02 1.43756790e-02 1.43872461e-02 
1.10438254e+00 1.49599969e-02 1.49724565e-02 1.49860425e-02 1.49985712e-02 1.50121347e-02 
1.10465870e+00 1.40822776e-02 1.41013333e-02 1.41200081e-02 1.41421746e-02 1.41654193e-02 
1.10493492e+00 1.43086071e-02 1.43219896e-02 1.43334249e-02 1.43464520e-02 1.43591570e-02 
1.10521121e+00 1.40325679e-02 1.40624540e-02 1.40893170e-02 1.41173679e-02 1.41393144e-02 
1.10548756e+00 1.44076550e-02 1.44627615e-02 1.45324800e-02 1.46185581e-02 1.46730552e-02 
1.10576399e+00 1.49380068e-02 1.49671781e-02 1.49852576e-02 1.49990935e-02 1.50118861e-02 
1.10604049e+00 1.47949763e-02 1.48156818e-02 1.48397786e-02 1.48622087e-02 1.48830126e-02 
1.10631705e+00 1.43188009e-02 1.43511471e-02 1.43924987e-02 1.44343471e-02 1.44715360e-02 
1.10659369e+00 1.41842678e-02 1.41976060e-02 1.42094314e-02 1.42250589e-02 1.42435444e-02 
1.10687039e+00 1.42763978e-02 1.42910023e-02 1.43043187e-02 1.43191737e-02 1.43332116e-02 
1.10714717e+00 1.40789067e-02 1.41109561e-02 1.41401333e-02 1.41651867e-02 1.41811840e-02 
1.10742401e+00 1.40249604e-02 1.40429856e-02 1.40624092e-02 1.40841479e-02 1.41054940e-02 
1.10770092e+00 1.46828116e-02 1.46937674e-02 1.47070892e-02 1.47207299e-02 1.47380415e-02 
1.10797790e+00 1.42611325e-02 1.42710591e-02 1.42810053e-02 1.42914521e-02 1.43018087e-02 
1.10825495e+00 1.48664362e-02 1.48903866e-02 1.49153362e-02 1.49371887e-02 1.49652962e-02 
1.10853207e+00 1.44712480e-02 1.44938329e-02 1.45233168e-02 1.45542181e-02 1.45830566e-02 
1.10880926e+00 1.41333460e-02 1.41480839e-02 1.41627184e-02 1.41789249e-02 1.41941908e-02 
1.10908652e+00 1.42327825e-02 1.42453087e-02 1.42557433e-02 1.42682269e-02 1.42795884e-02 
1.10936384e+00 1.47162534e-02 1.47292992e-02 1.47402716e-02 1.47521926e-02 1.47650660e-02 
1.10964124e+00 1.41034807e-02 1.41151312e-02 1.41272590e-02 1.41390442e-02 1.41527354e-02 
1.10991871e+00 1.40674593e-02 1.40850671e-02 1.41014088e-02 1.41170237e-02 1.41312179e-02 
1.11019624e+00 1.49175494e-02 1.49431864e-02 1.49724440e-02 1.50080398e-02 1.50505145e-02 
1.11047385e+00 1.42554529e-02 1.42737589e-02 1.42967511e-02 1.43220930e-02 1.43459547e-02 
1.11075152e+00 1.40973126e-02 1.41122601e-02 1.41275371e-02 1.41451094e-02 1.41611838e-02 
1.11102926e+00 1.43599528e-02 1.43739455e-02 1.43875235e-02 1.44019938e-02 1.44155391e-02 
1.11130708e+00 1.40557472e-02 1.40828353e-02 1.41084575e-02 1.41370275e-02 1.41656060e-02 
1.11158496e+00 1.44199638e-02 1.44397266e-02 1.44638227e-02 1.44874939e-02 1.45096466e-02 
1.11186291e+00 1.44109143e-02 1.44292201e-02 1.44506310e-02 1.44719065e-02 1.44924731e-02 
1.11214093e+00 1.41370830e-02 1.41480908e-02 1.41592739e-02 1.41733077e-02 1.41870879e-02 
1.11241903e+00 1.42456045e-02 1.42602545e-02 1.42727803e-02 1.42889841e-02 1.43051401e-02 
1.11269719e+00 1.46663109e-02 1.46810509e-02 1.46980823e-02 1.47144094e-02 1.47300013e-02 
1.11297542e+00 1.43638674e-02 1.43760755e-02 1.43883195e-02 1.44061852e-02 1.44311746e-02 
1.11325372e+00 1.42373546e-02 1.42536207e-02 1.42688548e-02 1.42862132e-02 1.43016479e-02 
1.11353209e+00 1.44678744e-02 1.44941472e-02 1.45285135e-02 1.45629078e-02 1.45925351e-02 
1.11381052e+00 1.40377180e-02 1.40573101e-02 1.40781726e-02 1.41008679e-02 1.41242208e-02 
1.11408903e+00 1.41321054e-02 1.41535563e-02 1.41749379e-02 1.41968819e-02 1.42184750e-02 
1.11436761e+00 1.41657033e-02 1.41882682e-02 1.42144882e-02 1.42435035e-02 1.42692626e-02 
1.11464626e+00 1.45103639e-02 1.45281214e-02 1.45497906e-02 1.45710712e-02 1.45912996e-02 
1.11492498e+00 1.42867896e-02 1.42998285e-02 1.43103587e-02 1.43221026e-02 1.43327271e-02 
1.11520376e+00 1.49271213e-02 1.50123138e-02 1.51411534e-02 1.51962157e-02 1.52159151e-02 
1.11548262e+00 1.42807556e-02 1.42913992e-02 1.43030925e-02 1.43239907e-02 1.43669938e-02 
1.11576155e+00 1.42515772e-02 1.42635445e-02 1.42751436e-02 1.42948302e-02 1.43274991e-02 
1.11604054e+00 1.42080433e-02 1.42307806e-02 1.42620805e-02 1.42972837e-02 1.43299914e-02 
1.11631961e+00 1.44470158e-02 1.44585264e-02 1.44700426e-02 1.44808021e-02 1.44926402e-02 
1.11659875e+00 1.44502016e-02 1.44640065e-02 1.44866380e-02 1.45189687e-02 1.45613153e-02 
1.11687795e+00 1.46478526e-02 1.46673714e-02 1.46881812e-02 1.47046104e-02 1.47214096e-02 
1.11715723e+00 1.41013619e-02 1.41175204e-02 1.41347940e-02 1.41549147e-02 1.41750768e-02 
1.11743657e+00 1.41787422e-02 1.41896270e-02 1.42009425e-02 1.42124606e-02 1.42237069e-02 
1.11771599e+00 1.41515026e-02 1.41660124e-02 1.41789146e-02 1.41937860e-02 1.42074806e-02 
1.11799547e+00 1.40859884e-02 1.41014684e-02 1.41168643e-02 1.41341626e-02 1.41501234e-02 
1.11827503e+00 1.41183733e-02 1.41421526e-02 1.41660804e-02 1.41922653e-02 1.42180170e-02 
1.11855465e+00 1.42744968e-02 1.42886661e-02 1.43015608e-02 1.43153902e-02 1.43285312e-02 
1.11883435e+00 1.41174896e-02 1.41344513e-02 1.41491740e-02 1.41622599e-02 1.41751078e-02 
1.11911411e+00 1.44751529e-02 1.44918759e-02 1.45066310e-02 1.45214330e-02 1.45357039e-02 
1.11939395e+00 1.45555415e-02 1.45750211e-02 1.45984639e-02 1.46211978e-02 1.46419881e-02 
1.11967385e+00 1.45712183e-02 1.45953063e-02 1.46265307e-02 1.46573516e-02 1.46849114e-02 
1.11995383e+00 1.40323161e-02 1.40511350e-02 1.40716523e-02 1.40957727e-02 1.41229746e-02 
1.12023387e+00 1.41087851e-02 1.41215186e-02 1.41336371e-02 1.41508368e-02 1.41687793e-02 
1.12051399e+00 1.44647070e-02 1.44765460e-02 1.44879397e-02 1.44986210e-02 1.45099724e-02 
1.12079417e+00 1.41185764e-02 1.41341267e-02 1.41491802e-02 1.41669278e-02 1.41861752e-02 
1.12107443e+00 1.42540920e-02 1.42700728e-02 1.42882592e-02 1.43098028e-02 1.43327719e-02 
1.12135475e+00 1.46000201e-02 1.46191696e-02 1.46348400e-02 1.46473663e-02 1.46622047e-02 
1.12163515e+00 1.41482888e-02 1.41635634e-02 1.41804455e-02 1.41982033e-02 1.42129862e-02 
1.12191561e+00 1.41220763e-02 1.41417132e-02 1.41605160e-02 1.41777081e-02 1.41910927e-02 
1.12219615e+00 1.39966808e-02 1.40165990e-02 1.40386159e-02 1.40610819e-02 1.40844397e-02 
1.12247675e+00 1.40791469e-02 1.41038541e-02 1.41267184e-02 1.41513913e-02 1.41734861e-02 
1.12275743e+00 1.42983739e-02 1.43258415e-02 1.43519253e-02 1.44083202e-02 1.45065826e-02 
1.12303817e+00 1.40656291e-02 1.40840274e-02 1.41013814e-02 1.41217252e-02 1.41410442e-02 
1.12331899e+00 1.42362276e-02 1.42488096e-02 1.42594713e-02 1.42737272e-02 1.42874431e-02 
1.12359988e+00 1.41754459e-02 1.42103297e-02 1.42493554e-02 1.42905330e-02 1.43171905e-02 
1.12388083e+00 1.42137368e-02 1.42262846e-02 1.42365495e-02 1.42482414e-02 1.42593126e-02 
1.12416186e+00 1.40390837e-02 1.40591058e-02 1.40808409e-02 1.41037777e-02 1.41258720e-02 
1.12444296e+00 1.41605568e-02 1.41788826e-02 1.41967011e-02 1.42153696e-02 1.42311304e-02 
1.12472412e+00 1.45882690e-02 1.46023960e-02 1.46178377e-02 1.46334353e-02 1.46482827e-02 
1.12500536e+00 1.42143676e-02 1.42381484e-02 1.42718176e-02 1.43126881e-02 1.43533752e-02 
1.12528667e+00 1.40034385e-02 1.40240557e-02 1.40463425e-02 1.40699026e-02 1.40927236e-02 
1.12556805e+00 1.42777077e-02 1.42960137e-02 1.43193714e-02 1.43445519e-02 1.43676297e-02 
1.12584950e+00 1.42467701e-02 1.42695971e-02 1.42995031e-02 1.43279795e-02 1.43528252e-02 
1.12613101e+00 1.44209024e-02 1.44313108e-02 1.44402875e-02 1.44498496e-02 1.44596476e-02 
1.12641260e+00 1.41626323e-02 1.41785098e-02 1.41945455e-02 1.42069344e-02 1.42182714e-02 
1.12669426e+00 1.41625137e-02 1.41797713e-02 1.42014839e-02 1.42289161e-02 1.42564932e-02 
1.12697599e+00 1.41071091e-02 1.41174585e-02 1.41288027e-02 1.41408577e-02 1.41524412e-02 
1.12725779e+00 1.44950058e-02 1.45080535e-02 1.45221120e-02 1.45359036e-02 1.45488592e-02 
1.12753967e+00 1.43742176e-02 1.43929160e-02 1.44171522e-02 1.44481083e-02 1.44802024e-02 
1.12782161e+00 1.44033466e-02 1.44172651e-02 1.44295898e-02 1.44426260e-02 1.44557660e-02 
1.12810362e+00 1.42255235e-02 1.42358622e-02 1.42455236e-02 1.42564740e-02 1.42661394e-02 
1.12838570e+00 1.41513055e-02 1.41690637e-02 1.41896846e-02 1.42113211e-02 1.42310909e-02 
1.12866785e+00 1.39979703e-02 1.40169599e-02 1.40386550e-02 1.40596893e-02 1.40806002e-02 
1.12895008e+00 1.43034067e-02 1.43233286e-02 1.43481067e-02 1.43735873e-02 1.43980043e-02 
1.12923237e+00 1.42227591e-02 1.42517119e-02 1.42889589e-02 1.43283317e-02 1.43625522e-02 
1.12951474e+00 1.39895173e-02 1.40084619e-02 1.40290648e-02 1.40504188e-02 1.40731530e-02 
1.12979717e+00 1.43161209e-02 1.43325455e-02 1.43511867e-02 1.43700247e-02 1.43871151e-02 
1.13007968e+00 1.41764483e-02 1.41942441e-02 1.42121921e-02 1.42352967e-02 1.42633133e-02 
1.13036226e+00 1.49641265e-02 1.49778698e-02 1.49934930e-02 1.50087634e-02 1.50230492e-02 
1.13064490e+00 1.47848023e-02 1.47999361e-02 1.48176679e-02 1.48339399e-02 1.48506963e-02 
1.13092762e+00 1.41117809e-02 1.41379037e-02 1.41661298e-02 1.41864496e-02 1.41991229e-02 
1.13121041e+00 1.42950529e-02 1.43303313e-02 1.43835939e-02 1.44186483e-02 1.44331954e-02 
1.13149327e+00 1.46872147e-02 1.47004296e-02 1.47147169e-02 1.47267827e-02 1.47395148e-02 
1.13177620e+00 1.45402843e-02 1.45512644e-02 1.45617823e-02 1.45728420e-02 1.45835208e-02 
1.13205920e+00 1.41049720e-02 1.41232375e-02 1.41412040e-02 1.41624915e-02 1.41841478e-02 
1.13234227e+00 1.40445252e-02 1.40645727e-02 1.40865953e-02 1.41071213e-02 1.41291660e-02 
1.13262541e+00 1.41862515e-02 1.42050865e-02 1.42256743e-02 1.42503824e-02 1.42764795e-02 
1.13290863e+00 1.41621754e-02 1.41764569e-02 1.41918765e-02 1.42106597e-02 1.42308308e-02 
1.13319191e+00 1.44179198e-02 1.44286529e-02 1.44398905e-02 1.44508872e-02 1.44631088e-02 
1.13347527e+00 1.44991248e-02 1.45224825e-02 1.45546638e-02 1.45844669e-02 1.46062068e-02 
1.13375869e+00 1.46807468e-02 1.47761256e-02 1.48446568e-02 1.48609318e-02 1.48744825e-02 
1.13404219e+00 1.50145028e-02 1.51166782e-02 1.51771441e-02 1.52002322e-02 1.52171307e-02 
1.13432576e+00 1.45507126e-02 1.45648515e-02 1.45793358e-02 1.45920019e-02 1.46073539e-02 
1.13460939e+00 1.47787231e-02 1.47982894e-02 1.48214719e-02 1.48427377e-02 1.48630764e-02 
1.13489310e+00 1.46058230e-02 1.46187404e-02 1.46328502e-02 1.46468231e-02 1.46602279e-02 
1.13517688e+00 1.43211003e-02 1.43448619e-02 1.43716501e-02 1.44014367e-02 1.44307258e-02 
1.13546074e+00 1.41299022e-02 1.41468336e-02 1.41630276e-02 1.41800825e-02 1.41937558e-02 
1.13574466e+00 1.46217167e-02 1.46346311e-02 1.46466065e-02 1.46580965e-02 1.46706828e-02 
1.13602865e+00 1.41800396e-02 1.41953132e-02 1.42097115e-02 1.42263707e-02 1.42420676e-02 
1.13631272e+00 1.46374786e-02 1.46504971e-02 1.46644640e-02 1.46786270e-02 1.46915556e-02 
1.13659685e+00 1.40593722e-02 1.40858278e-02 1.41112846e-02 1.41414847e-02 1.41724405e-02 
1.13688106e+00 1.43938355e-02 1.44232956e-02 1.44613769e-02 1.45001357e-02 1.45342921e-02 
1.13716533e+00 1.46476293e-02 1.46597661e-02 1.46717069e-02 1.46831070e-02 1.46956242e-02 
1.13744968e+00 1.42565494e-02 1.42715146e-02 1.42846828e-02 1.42968264e-02 1.43082745e-02 
1.13773410e+00 1.43851980e-02 1.44179161e-02 1.44648042e-02 1.45154461e-02 1.45527029e-02 
1.13801859e+00 1.48026221e-02 1.48213503e-02 1.48431058e-02 1.48630076e-02 1.48808959e-02 
1.13830315e+00 1.43251405e-02 1.43407804e-02 1.43560842e-02 1.43742867e-02 1.43933119e-02 
1.13858779e+00 1.41232353e-02 1.41339183e-02 1.41475600e-02 1.41665538e-02 1.41949518e-02 
1.13887249e+00 1.47226143e-02 1.47365844e-02 1.47491630e-02 1.47607287e-02 1.47739057e-02 
1.13915727e+00 1.41807727e-02 1.41933580e-02 1.42044562e-02 1.42155148e-02 1.42259275e-02 
1.13944211e+00 1.43925467e-02 1.44418833e-02 1.45198466e-02 1.45734100e-02 1.45922267e-02 
1.13972703e+00 1.47127492e-02 1.47258871e-02 1.47403548e-02 1.47545866e-02 1.47686586e-02 
1.14001202e+00 1.40712612e-02 1.40859249e-02 1.41014158e-02 1.41205557e-02 1.41385153e-02 
1.14029708e+00 1.41562618e-02 1.41713115e-02 1.41874939e-02 1.42079381e-02 1.42295347e-02 
1.14058221e+00 1.42721848e-02 1.42936552e-02 1.43079725e-02 1.43205516e-02 1.43361326e-02 
1.14086742e+00 1.44323147e-02 1.44444484e-02 1.44562816e-02 1.44670216e-02 1.44777893e-02 
1.14115269e+00 1.43964311e-02 1.44156397e-02 1.44396404e-02 1.44599483e-02 1.44754858e-02 
1.14143804e+00 1.43662770e-02 1.43882532e-02 1.44144434e-02 1.44393787e-02 1.44639344e-02 
1.14172345e+00 1.40613467e-02 1.40766659e-02 1.40923591e-02 1.41090885e-02 1.41261722e-02 
1.14200894e+00 1.41151077e-02 1.41259120e-02 1.41385994e-02 1.41513721e-02 1.41645061e-02 
1.14229450e+00 1.42024016e-02 1.42115814e-02 1.42219416e-02 1.42313899e-02 1.42403493e-02 
1.14258013e+00 1.43080269e-02 1.43210053e-02 1.43319586e-02 1.43441799e-02 1.43561508e-02 
1.14286583e+00 1.42510813e-02 1.42679125e-02 1.42884318e-02 1.43099550e-02 1.43305147e-02 
1.14315161e+00 1.50382533e-02 1.50503978e-02 1.50640437e-02 1.50761522e-02 1.50899873e-02 
1.14343745e+00 1.42235029e-02 1.42567897e-02 1.43035121e-02 1.43444443e-02 1.43617855e-02 
1.14372337e+00 1.45417003e-02 1.45592721e-02 1.45796264e-02 1.45982367e-02 1.46158847e-02 
1.14400936e+00 1.45154265e-02 1.45328403e-02 1.45510795e-02 1.45658203e-02 1.45811655e-02 
1.14429542e+00 1.46056249e-02 1.46290987e-02 1.46539787e-02 1.46730482e-02 1.46907609e-02 
1.14458155e+00 1.46139734e-02 1.46559319e-02 1.47115878e-02 1.47691820e-02 1.48043553e-02 
1.14486775e+00 1.48285585e-02 1.48413174e-02 1.48562517e-02 1.48708364e-02 1.48850233e-02 
1.14515403e+00 1.47822082e-02 1.47941337e-02 1.48080000e-02 1.48212877e-02 1.48352502e-02 
1.14544037e+00 1.41225361e-02 1.41434982e-02 1.41634768e-02 1.41868317e-02 1.42079544e-02 
1.14572679e+00 1.43095099e-02 1.43211717e-02 1.43332487e-02 1.43446285e-02 1.43591433e-02 
1.14601328e+00 1.42925642e-02 1.43075187e-02 1.43241259e-02 1.43409396e-02 1.43577443e-02 
1.14629984e+00 1.42509395e-02 1.42625924e-02 1.42729406e-02 1.42832055e-02 1.42941411e-02 
1.14658647e+00 1.43184130e-02 1.43373865e-02 1.43606095e-02 1.43846139e-02 1.44091849e-02 
1.14687318e+00 1.43023030e-02 1.43149518e-02 1.43271400e-02 1.43391707e-02 1.43503596e-02 
1.14715995e+00 1.43105299e-02 1.43220250e-02 1.43333571e-02 1.43447423e-02 1.43573886e-02 
1.14744680e+00 1.40924350e-02 1.41031943e-02 1.41145862e-02 1.41306934e-02 1.41579114e-02 
1.14773372e+00 1.41562394e-02 1.41682846e-02 1.41793777e-02 1.41926367e-02 1.42044044e-02 
1.14802071e+00 1.46138610e-02 1.46288147e-02 1.46419371e-02 1.46542233e-02 1.46675626e-02 
1.14830777e+00 1.44472382e-02 1.44625138e-02 1.44755849e-02 1.44885731e-02 1.45018843e-02 
1.14859491e+00 1.43731077e-02 1.43850253e-02 1.43962574e-02 1.44084887e-02 1.44189265e-02 
1.14888211e+00 1.44868628e-02 1.45010353e-02 1.45198405e-02 1.45420127e-02 1.45631573e-02 
1.14916939e+00 1.41429613e-02 1.41574107e-02 1.41714906e-02 1.41857073e-02 1.41977594e-02 
1.14945674e+00 1.40485485e-02 1.40630889e-02 1.40788224e-02 1.40952692e-02 1.41125529e-02 
1.14974417e+00 1.43964688e-02 1.44079123e-02 1.44198047e-02 1.44310160e-02 1.44428258e-02 
1.15003166e+00 1.46965468e-02 1.47204210e-02 1.47509455e-02 1.47802131e-02 1.48065503e-02 
1.15031922e+00 1.43829392e-02 1.44357028e-02 1.45160655e-02 1.45786715e-02 1.46079774e-02 
1.15060686e+00 1.42780315e-02 1.42887333e-02 1.42991712e-02 1.43106388e-02 1.43214376e-02 
1.15089457e+00 1.42444517e-02 1.42598657e-02 1.42736605e-02 1.42914820e-02 1.43097271e-02 
1.15118235e+00 1.45118895e-02 1.45720963e-02 1.46494554e-02 1.46838919e-02 1.47023207e-02 
1.15147021e+00 1.42376616e-02 1.42536046e-02 1.42696659e-02 1.42902617e-02 1.43134417e-02 
1.15175813e+00 1.40160111e-02 1.40330635e-02 1.40520545e-02 1.40711939e-02 1.40911977e-02 
1.15204613e+00 1.48979431e-02 1.49091503e-02 1.49213090e-02 1.49328053e-02 1.49444291e-02 
1.15233420e+00 1.45094203e-02 1.45237535e-02 1.45380188e-02 1.45539700e-02 1.45710868e-02 
1.15262234e+00 1.43218620e-02 1.43398603e-02 1.43572898e-02 1.43753897e-02 1.43904498e-02 
1.15291055e+00 1.41819081e-02 1.41909993e-02 1.42001253e-02 1.42092350e-02 1.42197749e-02 
1.15319884e+00 1.43662305e-02 1.43800010e-02 1.43926596e-02 1.44040781e-02 1.44170496e-02 
1.15348720e+00 1.40773646e-02 1.41011309e-02 1.41236126e-02 1.41489063e-02 1.41721954e-02 
1.15377563e+00 1.47164650e-02 1.47374170e-02 1.47629494e-02 1.47877145e-02 1.48111000e-02 
1.15406413e+00 1.42570586e-02 1.42753360e-02 1.42911798e-02 1.43075172e-02 1.43225473e-02 
1.15435270e+00 1.42990930e-02 1.43402033e-02 1.44045361e-02 1.44630397e-02 1.44830315e-02 
1.15464135e+00 1.44641237e-02 1.44752217e-02 1.44876660e-02 1.45001597e-02 1.45145305e-02 
1.15493007e+00 1.41945085e-02 1.42055696e-02 1.42153131e-02 1.42268671e-02 1.42377330e-02 
1.15521886e+00 1.44365081e-02 1.44482082e-02 1.44580855e-02 1.44670433e-02 1.44767295e-02 
1.15550772e+00 1.43676084e-02 1.43855033e-02 1.44093566e-02 1.44268854e-02 1.44422673e-02 
1.15579666e+00 1.48749456e-02 1.48883275e-02 1.49037125e-02 1.49186182e-02 1.49325467e-02 
1.15608566e+00 1.44817502e-02 1.44964516e-02 1.45128968e-02 1.45297772e-02 1.45464531e-02 
1.15637474e+00 1.43951425e-02 1.44093331e-02 1.44244871e-02 1.44402886e-02 1.44560070e-02 
1.15666389e+00 1.43763129e-02 1.43911080e-02 1.44076734e-02 1.44230459e-02 1.44380409e-02 
1.15695312e+00 1.41902442e-02 1.42004723e-02 1.42111662e-02 1.42304585e-02 1.42695634e-02 
1.15724241e+00 1.44783393e-02 1.44956720e-02 1.45157110e-02 1.45336166e-02 1.45506556e-02 
1.15753178e+00 1.43134631e-02 1.43275505e-02 1.43420004e-02 1.43575172e-02 1.43723212e-02 
1.15782122e+00 1.45123204e-02 1.45281298e-02 1.45442407e-02 1.45598135e-02 1.45744661e-02 
1.15811074e+00 1.42471469e-02 1.42708915e-02 1.43020633e-02 1.43232252e-02 1.43393769e-02 
1.15840032e+00 1.43840370e-02 1.43988155e-02 1.44140182e-02 1.44300562e-02 1.44452199e-02 
1.15868998e+00 1.41999948e-02 1.42130978e-02 1.42240253e-02 1.42382723e-02 1.42504289e-02 
1.15897971e+00 1.50852371e-02 1.50977358e-02 1.51126625e-02 1.51270204e-02 1.51412579e-02 
1.15926952e+00 1.41624317e-02 1.41718319e-02 1.41806486e-02 1.41895298e-02 1.41990661e-02 
1.15955939e+00 1.44617468e-02 1.44887869e-02 1.45253166e-02 1.45632618e-02 1.45926619e-02 
1.15984934e+00 1.43702507e-02 1.43810100e-02 1.43919381e-02 1.44038319e-02 1.44164740e-02 
1.16013936e+00 1.41451887e-02 1.41592994e-02 1.41732831e-02 1.41895629e-02 1.42052539e-02 
1.16042945e+00 1.46000793e-02 1.46165730e-02 1.46353924e-02 1.46530487e-02 1.46699428e-02 
1.16071962e+00 1.42494279e-02 1.42614290e-02 1.42719869e-02 1.42877240e-02 1.43054290e-02 
1.16100986e+00 1.41291963e-02 1.41383166e-02 1.41476525e-02 1.41570130e-02 1.41674559e-02 
1.16130017e+00 1.46625506e-02 1.46766600e-02 1.46925222e-02 1.47082857e-02 1.47233112e-02 
1.16159055e+00 1.44010148e-02 1.44119742e-02 1.44249569e-02 1.44365242e-02 1.44491728e-02 
1.16188101e+00 1.45808579e-02 1.45940256e-02 1.46085587e-02 1.46238356e-02 1.46383480e-02 
1.16217154e+00 1.43687774e-02 1.44006247e-02 1.44423934e-02 1.44865914e-02 1.45261457e-02 
1.16246214e+00 1.41317201e-02 1.41506401e-02 1.41696315e-02 1.41898630e-02 1.42091468e-02 
1.16275281e+00 1.44623430e-02 1.44748032e-02 1.44888741e-02 1.45026785e-02 1.45168534e-02 
1.16304356e+00 1.43888337e-02 1.44141075e-02 1.44398884e-02 1.44590607e-02 1.44764213e-02 
1.16333438e+00 1.43078218e-02 1.43462849e-02 1.43954599e-02 1.44317899e-02 1.44520042e-02 
1.16362527e+00 1.47142075e-02 1.47756277e-02 1.49046371e-02 1.50179841e-02 1.50390227e-02 
1.16391623e+00 1.44327543e-02 1.44486495e-02 1.44664206e-02 1.44830055e-02 1.44994838e-02 
1.16420727e+00 1.47068189e-02 1.47247273e-02 1.47410745e-02 1.47569492e-02 1.47721704e-02 
1.16449838e+00 1.43746974e-02 1.43918646e-02 1.44112767e-02 1.44297013e-02 1.44462357e-02 
1.16478957e+00 1.41692516e-02 1.41802816e-02 1.41916584e-02 1.42081751e-02 1.42382231e-02 
1.16508082e+00 1.40745678e-02 1.40912298e-02 1.41099103e-02 1.41287859e-02 1.41482289e-02 
1.16537215e+00 1.47971967e-02 1.48141776e-02 1.48278390e-02 1.48401406e-02 1.48533293e-02 
1.16566355e+00 1.44852708e-02 1.45072034e-02 1.45338955e-02 1.45610968e-02 1.45897751e-02 
1.16595503e+00 1.47413352e-02 1.47602565e-02 1.47782813e-02 1.47947589e-02 1.48163188e-02 
1.16624657e+00 1.46247482e-02 1.46419551e-02 1.46626717e-02 1.46841324e-02 1.47059428e-02 
1.16653819e+00 1.41719062e-02 1.41835314e-02 1.41961439e-02 1.42173472e-02 1.42444194e-02 
1.16682989e+00 1.41378018e-02 1.41589781e-02 1.41820626e-02 1.42053044e-02 1.42271778e-02 
1.16712165e+00 1.43489830e-02 1.43606043e-02 1.43709303e-02 1.43820274e-02 1.43924693e-02 
1.16741349e+00 1.42170074e-02 1.42342812e-02 1.42551953e-02 1.42724962e-02 1.42875655e-02 
1.16770540e+00 1.43237736e-02 1.43373091e-02 1.43491646e-02 1.43618580e-02 1.43737606e-02 
1.16799739e+00 1.41093133e-02 1.41184402e-02 1.41282375e-02 1.41397744e-02 1.41507751e-02 
1.16828945e+00 1.42954049e-02 1.43054103e-02 1.43153810e-02 1.43280074e-02 1.43477641e-02 
1.16858158e+00 1.42229863e-02 1.42313680e-02 1.42401279e-02 1.42496070e-02 1.42596032e-02 
1.16887378e+00 1.42241426e-02 1.42340551e-02 1.42450407e-02 1.42571207e-02 1.42672626e-02 
1.16916606e+00 1.42116122e-02 1.42270932e-02 1.42466127e-02 1.42723010e-02 1.43101740e-02 
1.16945841e+00 1.43003104e-02 1.43183564e-02 1.43425762e-02 1.43690068e-02 1.44039372e-02 
1.16975083e+00 1.44832972e-02 1.45119229e-02 1.45297840e-02 1.45435771e-02 1.45591363e-02 
1.17004333e+00 1.41575191e-02 1.41659765e-02 1.41752712e-02 1.41850285e-02 1.41948166e-02 
1.17033590e+00 1.43351096e-02 1.43511610e-02 1.43696421e-02 1.43881181e-02 1.44055101e-02 
1.17062854e+00 1.42427377e-02 1.42578262e-02 1.42818868e-02 1.43182754e-02 1.44053171e-02 
1.17092126e+00 1.41729540e-02 1.41884410e-02 1.42059382e-02 1.42262831e-02 1.42480348e-02 
1.17121405e+00 1.44450246e-02 1.44626217e-02 1.44796424e-02 1.45001269e-02 1.45211602e-02 
1.17150691e+00 1.47116438e-02 1.47258898e-02 1.47420224e-02 1.47572299e-02 1.47707466e-02 
1.17179984e+00 1.43561041e-02 1.43696617e-02 1.43807867e-02 1.43928512e-02 1.44035581e-02 
1.17209285e+00 1.41336966e-02 1.41515768e-02 1.41712216e-02 1.41906095e-02 1.42061882e-02 
1.17238594e+00 1.42324562e-02 1.42582929e-02 1.42907402e-02 1.43153693e-02 1.43302744e-02 
1.17267909e+00 1.41593186e-02 1.41721839e-02 1.41850801e-02 1.41994713e-02 1.42110976e-02 
1.17297232e+00 1.41397383e-02 1.41538273e-02 1.41671332e-02 1.41818650e-02 1.41943137e-02 
1.17326562e+00 1.42639417e-02 1.42744104e-02 1.42843528e-02 1.42967173e-02 1.43093532e-02 
1.17355900e+00 1.43961181e-02 1.44157202e-02 1.44412327e-02 1.44655492e-02 1.44871273e-02 
1.17385245e+00 1.44939758e-02 1.45187140e-02 1.45511048e-02 1.45844469e-02 1.46140463e-02 
1.17414597e+00 1.42998979e-02 1.43186468e-02 1.43469445e-02 1.43755950e-02 1.43980916e-02 
1.17443956e+00 1.41937089e-02 1.42041990e-02 1.42136909e-02 1.42247797e-02 1.42343670e-02 
1.17473323e+00 1.44871155e-02 1.44982861e-02 1.45110710e-02 1.45228386e-02 1.45352727e-02 
1.17502697e+00 1.46829825e-02 1.46962003e-02 1.47087294e-02 1.47203197e-02 1.47332043e-02 
1.17532079e+00 1.43890742e-02 1.44091488e-02 1.44364775e-02 1.44679210e-02 1.45007117e-02 
1.17561468e+00 1.42070702e-02 1.42255565e-02 1.42460204e-02 1.42623752e-02 1.42753956e-02 
1.17590864e+00 1.49181662e-02 1.49306154e-02 1.49442557e-02 1.49568363e-02 1.49704584e-02 
1.17620268e+00 1.41809356e-02 1.41945945e-02 1.42098276e-02 1.42271028e-02 1.42427981e-02 
1.17649679e+00 1.42853257e-02 1.42949291e-02 1.43046454e-02 1.43138604e-02 1.43238280e-02 
1.17679097e+00 1.43741934e-02 1.43855119e-02 1.43965697e-02 1.44072272e-02 1.44185502e-02 
1.17708523e+00 1.41678558e-02 1.41795164e-02 1.41939210e-02 1.42111216e-02 1.42400815e-02 
1.17737956e+00 1.42959967e-02 1.43117498e-02 1.43278678e-02 1.43484152e-02 1.43789258e-02 
1.17767396e+00 1.48137287e-02 1.48282720e-02 1.48458663e-02 1.48623841e-02 1.48785305e-02 
1.17796844e+00 1.44164790e-02 1.44271692e-02 1.44386709e-02 1.44500006e-02 1.44615178e-02 
1.17826299e+00 1.42415309e-02 1.42515495e-02 1.42624123e-02 1.42747244e-02 1.42853915e-02 
1.17855762e+00 1.41843080e-02 1.42079226e-02 1.42219614e-02 1.42318946e-02 1.42427647e-02 
1.17885232e+00 1.41311148e-02 1.41419414e-02 1.41532121e-02 1.41674982e-02 1.41788898e-02 
1.17914709e+00 1.42276955e-02 1.42449284e-02 1.42709122e-02 1.42974753e-02 1.43218038e-02 
1.17944193e+00 1.44758875e-02 1.44908186e-02 1.45078491e-02 1.45269398e-02 1.45528496e-02 
1.17973685e+00 1.44525142e-02 1.44699684e-02 1.44887576e-02 1.45060814e-02 1.45230407e-02 
1.18003185e+00 1.42668370e-02 1.42888573e-02 1.43185046e-02 1.43419334e-02 1.43600594e-02 
1.18032691e+00 1.45545761e-02 1.45666047e-02 1.45768979e-02 1.45863253e-02 1.45961628e-02 
1.18062206e+00 1.41096338e-02 1.41203447e-02 1.41316292e-02 1.41435781e-02 1.41549039e-02 
1.18091727e+00 1.41786387e-02 1.41913593e-02 1.42027472e-02 1.42145544e-02 1.42253471e-02 
1.18121256e+00 1.45629203e-02 1.45826750e-02 1.46059540e-02 1.46249486e-02 1.46421214e-02 
1.18150792e+00 1.43502392e-02 1.43752229e-02 1.44082660e-02 1.44438058e-02 1.44772636e-02 
1.18180336e+00 1.41623197e-02 1.41728210e-02 1.41835995e-02 1.41962071e-02 1.42075497e-02 
1.18209887e+00 1.40850212e-02 1.40976675e-02 1.41107909e-02 1.41264561e-02 1.41400910e-02 
1.18239445e+00 1.49243037e-02 1.49374583e-02 1.49504377e-02 1.49622592e-02 1.49749404e-02 
1.18269011e+00 1.41595441e-02 1.41768955e-02 1.41953327e-02 1.42141114e-02 1.42330740e-02 
1.18298584e+00 1.40555315e-02 1.40730329e-02 1.40920113e-02 1.41121726e-02 1.41320252e-02 
1.18328165e+00 1.41629695e-02 1.41803132e-02 1.42016660e-02 1.42266860e-02 1.42515186e-02 
1.18357753e+00 1.41913014e-02 1.42087824e-02 1.42292655e-02 1.42513740e-02 1.42710210e-02 
1.18387348e+00 1.41384128e-02 1.41558603e-02 1.41730818e-02 1.41927354e-02 1.42113728e-02 
1.18416951e+00 1.41242509e-02 1.41357830e-02 1.41498906e-02 1.41670675e-02 1.41868508e-02 
1.18446561e+00 1.44203854e-02 1.44323507e-02 1.44458949e-02 1.44588946e-02 1.44714727e-02 
1.18476179e+00 1.43548136e-02 1.43661932e-02 1.43778487e-02 1.43882380e-02 1.44004129e-02 
1.18505804e+00 1.42174645e-02 1.42416545e-02 1.42754068e-02 1.43116677e-02 1.43407139e-02 
1.18535436e+00 1.42451324e-02 1.42605320e-02 1.42740514e-02 1.42913688e-02 1.43082502e-02 
1.18565076e+00 1.43334570e-02 1.43435203e-02 1.43546550e-02 1.43666440e-02 1.43788076e-02 
1.18594723e+00 1.45718414e-02 1.45860658e-02 1.46017840e-02 1.46148971e-02 1.46270285e-02 
1.18624378e+00 1.46057007e-02 1.46265703e-02 1.46524763e-02 1.46769158e-02 1.46997517e-02 
1.18654040e+00 1.42285954e-02 1.42481420e-02 1.42734367e-02 1.43008707e-02 1.43259826e-02 
1.18683709e+00 1.41581420e-02 1.41752065e-02 1.41943284e-02 1.42142047e-02 1.42299671e-02 
1.18713386e+00 1.44252034e-02 1.44437507e-02 1.44668872e-02 1.44901666e-02 1.45124962e-02 
1.18743071e+00 1.41674856e-02 1.41784428e-02 1.41888336e-02 1.42031136e-02 1.42171016e-02 
1.18772762e+00 1.41265851e-02 1.41390429e-02 1.41498330e-02 1.41624884e-02 1.41736711e-02 
1.18802461e+00 1.41361503e-02 1.41489717e-02 1.41611599e-02 1.41742184e-02 1.41858805e-02 
1.18832168e+00 1.42608546e-02 1.42752076e-02 1.43012219e-02 1.43672756e-02 1.44292611e-02 
1.18861882e+00 1.43108442e-02 1.43209261e-02 1.43306212e-02 1.43408238e-02 1.43510545e-02 
1.18891603e+00 1.42515450e-02 1.42626207e-02 1.42733853e-02 1.42830844e-02 1.42935648e-02 
1.18921332e+00 1.41919325e-02 1.42012858e-02 1.42107732e-02 1.42197865e-02 1.42304402e-02 
1.18951069e+00 1.44360625e-02 1.44500867e-02 1.44652819e-02 1.44810139e-02 1.44968627e-02 
1.18980812e+00 1.40979735e-02 1.41129033e-02 1.41279812e-02 1.41452717e-02 1.41616347e-02 
1.19010564e+00 1.46151038e-02 1.46292201e-02 1.46446604e-02 1.46602386e-02 1.46749624e-02 
1.19040322e+00 1.43780270e-02 1.43937618e-02 1.44112124e-02 1.44280348e-02 1.44450108e-02 
1.19070088e+00 1.41726864e-02 1.41829887e-02 1.41969107e-02 1.42144692e-02 1.42396232e-02 
1.19099862e+00 1.42405926e-02 1.42496123e-02 1.42586909e-02 1.42678538e-02 1.42768850e-02 
1.19129643e+00 1.43412429e-02 1.43518964e-02 1.43629881e-02 1.43737452e-02 1.43846508e-02 
1.19159431e+00 1.45330923e-02 1.45447979e-02 1.45582977e-02 1.45723932e-02 1.45900570e-02 
1.19189227e+00 1.41145362e-02 1.41299134e-02 1.41446230e-02 1.41617095e-02 1.41780931e-02 
1.19219030e+00 1.41320693e-02 1.41451678e-02 1.41555709e-02 1.41660570e-02 1.41772601e-02 
1.19248841e+00 1.40448382e-02 1.40597565e-02 1.40743847e-02 1.40899711e-02 1.41069811e-02 
1.19278659e+00 1.41883509e-02 1.42016959e-02 1.42144924e-02 1.42291347e-02 1.42425254e-02 
1.19308485e+00 1.43392831e-02 1.43617316e-02 1.43770494e-02 1.43888704e-02 1.44025452e-02 
1.19338318e+00 1.41493717e-02 1.41595366e-02 1.41684921e-02 1.41783231e-02 1.41895525e-02 
1.19368159e+00 1.41785254e-02 1.41978128e-02 1.42233623e-02 1.42550776e-02 1.42898852e-02 
1.19398007e+00 1.42842679e-02 1.42980687e-02 1.43126085e-02 1.43287836e-02 1.43459223e-02 
1.19427862e+00 1.43008084e-02 1.43119122e-02 1.43244188e-02 1.43361281e-02 1.43484115e-02 
1.19457725e+00 1.43341114e-02 1.43449260e-02 1.43559293e-02 1.43664502e-02 1.43776137e-02 
1.19487595e+00 1.40646566e-02 1.40825695e-02 1.40992685e-02 1.41145766e-02 1.41283471e-02 
1.19517473e+00 1.40690269e-02 1.40834667e-02 1.40994282e-02 1.41164122e-02 1.41328076e-02 
1.19547359e+00 1.40074191e-02 1.40242942e-02 1.40416644e-02 1.40594012e-02 1.40788579e-02 
1.19577252e+00 1.46299539e-02 1.46425456e-02 1.46550953e-02 1.46668085e-02 1.46790658e-02 
1.19607152e+00 1.43647567e-02 1.43775572e-02 1.43911106e-02 1.44048125e-02 1.44177338e-02 
1.19637060e+00 1.47108302e-02 1.47254006e-02 1.47388674e-02 1.47517877e-02 1.47657276e-02 
1.19666975e+00 1.41252916e-02 1.41511808e-02 1.41798458e-02 1.41974361e-02 1.42102906e-02 
1.19696898e+00 1.43906740e-02 1.44056540e-02 1.44201695e-02 1.44341663e-02 1.44468463e-02 
1.19726828e+00 1.42924680e-02 1.43096620e-02 1.43271163e-02 1.43408061e-02 1.43521926e-02 
1.19756766e+00 1.41302068e-02 1.41618950e-02 1.42046358e-02 1.42297793e-02 1.42442580e-02 
1.19786711e+00 1.45196435e-02 1.45324639e-02 1.45447633e-02 1.45564815e-02 1.45686511e-02 
1.19816664e+00 1.41535719e-02 1.41681529e-02 1.41805260e-02 1.41919340e-02 1.42035551e-02 
1.19846624e+00 1.41893470e-02 1.42048066e-02 1.42184864e-02 1.42378705e-02 1.42641933e-02 
1.19876591e+00 1.40794571e-02 1.40947887e-02 1.41103892e-02 1.41266788e-02 1.41402648e-02 
1.19906567e+00 1.42561677e-02 1.42670630e-02 1.42779131e-02 1.42869979e-02 1.42973305e-02 
1.19936549e+00 1.40936422e-02 1.41095288e-02 1.41257349e-02 1.41420506e-02 1.41588155e-02 
1.19966539e+00 1.40667226e-02 1.40792319e-02 1.40926624e-02 1.41067141e-02 1.41206224e-02 
1.19996537e+00 1.40614146e-02 1.40726738e-02 1.40852550e-02 1.40986720e-02 1.41129153e-02 
1.20026542e+00 1.40961151e-02 1.41091910e-02 1.41215287e-02 1.41330614e-02 1.41449250e-02 
1.20056555e+00 1.40787249e-02 1.40890692e-02 1.40987766e-02 1.41093741e-02 1.41218500e-02 
1.20086575e+00 1.41694004e-02 1.41863149e-02 1.42062400e-02 1.42279924e-02 1.42486240e-02 
1.20116603e+00 1.43819285e-02 1.43977370e-02 1.44112327e-02 1.44246467e-02 1.44374893e-02 
1.20146638e+00 1.41884575e-02 1.42036543e-02 1.42165822e-02 1.42316097e-02 1.42453553e-02 
1.20176681e+00 1.41126466e-02 1.41239590e-02 1.41348285e-02 1.41479864e-02 1.41590480e-02 
1.20206731e+00 1.42031190e-02 1.42138564e-02 1.42236072e-02 1.42334741e-02 1.42442453e-02 
1.20236789e+00 1.44932761e-02 1.45063561e-02 1.45186995e-02 1.45301466e-02 1.45428091e-02 
1.20266854e+00 1.40974579e-02 1.41100152e-02 1.41215617e-02 1.41357387e-02 1.41504616e-02 
1.20296927e+00 1.43567643e-02 1.43759474e-02 1.43999516e-02 1.44210075e-02 1.44387266e-02 
1.20327007e+00 1.46266628e-02 1.46394363e-02 1.46522150e-02 1.46638255e-02 1.46773919e-02 
1.20357095e+00 1.42848850e-02 1.43012999e-02 1.43194983e-02 1.43375820e-02 1.43550827e-02 
1.20387190e+00 1.42091463e-02 1.42209187e-02 1.42308448e-02 1.42413250e-02 1.42520470e-02 
1.20417293e+00 1.42303326e-02 1.42428283e-02 1.42540734e-02 1.42646905e-02 1.42758802e-02 
1.20447403e+00 1.40495745e-02 1.40616847e-02 1.40752548e-02 1.40896354e-02 1.41052213e-02 
1.20477521e+00 1.44455418e-02 1.44578207e-02 1.44699061e-02 1.44810934e-02 1.44942870e-02 
1.20507647e+00 1.42672615e-02 1.42977828e-02 1.43348793e-02 1.43733133e-02 1.44064822e-02 
1.20537780e+00 1.43018401e-02 1.43273189e-02 1.43508376e-02 1.43688643e-02 1.43845407e-02 
1.20567920e+00 1.45111567e-02 1.45237886e-02 1.45364333e-02 1.45481741e-02 1.45611819e-02 
1.20598068e+00 1.40589576e-02 1.40732391e-02 1.40887404e-02 1.41058788e-02 1.41226661e-02 
1.20628224e+00 1.42128710e-02 1.42311534e-02 1.42497398e-02 1.42732343e-02 1.43043616e-02 
1.20658387e+00 1.43879141e-02 1.44005923e-02 1.44207454e-02 1.44470790e-02 1.44780456e-02 
1.20688557e+00 1.41360603e-02 1.41457939e-02 1.41550274e-02 1.41651815e-02 1.41752417e-02 
1.20718736e+00 1.46249976e-02 1.46416304e-02 1.46550252e-02 1.46691056e-02 1.46821843e-02 
1.20748921e+00 1.41437373e-02 1.42105365e-02 1.43101695e-02 1.43702265e-02 1.43860527e-02 
1.20779115e+00 1.40685875e-02 1.40798797e-02 1.40925842e-02 1.41057977e-02 1.41194011e-02 
1.20809316e+00 1.41843635e-02 1.41937799e-02 1.42025132e-02 1.42113458e-02 1.42205127e-02 
1.20839524e+00 1.45268384e-02 1.45429695e-02 1.45635352e-02 1.45827784e-02 1.45992544e-02 
1.20869740e+00 1.41766276e-02 1.41904218e-02 1.42026673e-02 1.42188215e-02 1.42346172e-02 
1.20899963e+00 1.42799952e-02 1.42907852e-02 1.43024126e-02 1.43147066e-02 1.43276293e-02 
1.20930194e+00 1.40642118e-02 1.40876632e-02 1.41102482e-02 1.41292197e-02 1.41406478e-02 
1.20960433e+00 1.44165205e-02 1.44308158e-02 1.44438513e-02 1.44560997e-02 1.44688980e-02 
1.20990679e+00 1.43236429e-02 1.43357657e-02 1.43475694e-02 1.43585123e-02 1.43713399e-02 
1.21020933e+00 1.40327267e-02 1.40464455e-02 1.40617846e-02 1.40767206e-02 1.40928726e-02 
1.21051194e+00 1.43296231e-02 1.43431355e-02 1.43574014e-02 1.43730386e-02 1.43880506e-02 
1.21081463e+00 1.41257429e-02 1.41349420e-02 1.41442804e-02 1.41536445e-02 1.41648107e-02 
1.21111740e+00 1.42719345e-02 1.42907385e-02 1.43090249e-02 1.43321277e-02 1.43496125e-02 
1.21142024e+00 1.41004617e-02 1.41113757e-02 1.41218026e-02 1.41338967e-02 1.41455902e-02 
1.21172315e+00 1.43561189e-02 1.43707649e-02 1.43841966e-02 1.43959980e-02 1.44089324e-02 
1.21202614e+00 1.41336807e-02 1.41491363e-02 1.41642516e-02 1.41778564e-02 1.41892741e-02 
1.21232921e+00 1.42438153e-02 1.42542641e-02 1.42645622e-02 1.42818242e-02 1.43085597e-02 
1.21263236e+00 1.43262612e-02 1.43406756e-02 1.43580444e-02 1.43828872e-02 1.44127835e-02 
1.21293557e+00 1.42285591e-02 1.42378285e-02 1.42475150e-02 1.42568942e-02 1.42669940e-02 
1.21323887e+00 1.40826645e-02 1.40937124e-02 1.41052339e-02 1.41162996e-02 1.41283006e-02 
1.21354224e+00 1.43993213e-02 1.44101513e-02 1.44229737e-02 1.44344618e-02 1.44475557e-02 
1.21384569e+00 1.41748112e-02 1.41846433e-02 1.41944374e-02 1.42039099e-02 1.42141087e-02 
1.21414921e+00 1.42626343e-02 1.42830622e-02 1.43115973e-02 1.43392754e-02 1.43621011e-02 
1.21445281e+00 1.40416373e-02 1.40535744e-02 1.40664061e-02 1.40801390e-02 1.40954306e-02 
1.21475648e+00 1.39563417e-02 1.39768965e-02 1.40005854e-02 1.40223126e-02 1.40473447e-02 
1.21506023e+00 1.43526598e-02 1.43644351e-02 1.43756670e-02 1.43862960e-02 1.43979023e-02 
1.21536406e+00 1.43640774e-02 1.43769030e-02 1.43902069e-02 1.44021992e-02 1.44156347e-02 
1.21566796e+00 1.42525567e-02 1.42648412e-02 1.42770647e-02 1.42880942e-02 1.42983528e-02 
1.21597194e+00 1.45601427e-02 1.45752037e-02 1.45898030e-02 1.46052852e-02 1.46201545e-02 
1.21627599e+00 1.43974183e-02 1.44331187e-02 1.44516849e-02 1.44651132e-02 1.44801889e-02 
1.21658012e+00 1.43570236e-02 1.43905742e-02 1.44101897e-02 1.44250920e-02 1.44382633e-02 
1.21688433e+00 1.43618784e-02 1.43758778e-02 1.43879384e-02 1.43997253e-02 1.44126127e-02 
1.21718861e+00 1.42058190e-02 1.42189928e-02 1.42299970e-02 1.42417206e-02 1.42517792e-02 
1.21749297e+00 1.42247363e-02 1.42346847e-02 1.42441790e-02 1.42540674e-02 1.42639030e-02 
1.21779740e+00 1.42238913e-02 1.42348889e-02 1.42437654e-02 1.42537721e-02 1.42640864e-02 
1.21810191e+00 1.42960239e-02 1.43064413e-02 1.43172872e-02 1.43283766e-02 1.43390975e-02 
1.21840650e+00 1.41484573e-02 1.41582541e-02 1.41670212e-02 1.41760455e-02 1.41863171e-02 
1.21871116e+00 1.41429497e-02 1.41539871e-02 1.41638494e-02 1.41750996e-02 1.41858139e-02 
1.21901590e+00 1.42682595e-02 1.42910612e-02 1.43214930e-02 1.43516480e-02 1.43802855e-02 
1.21932072e+00 1.41078309e-02 1.41191002e-02 1.41298413e-02 1.41428701e-02 1.41542298e-02 
1.21962561e+00 1.42624737e-02 1.42736765e-02 1.42848435e-02 1.42956284e-02 1.43075674e-02 
1.21993058e+00 1.41438309e-02 1.41550997e-02 1.41652761e-02 1.41770220e-02 1.41880367e-02 
1.22023562e+00 1.42800383e-02 1.42909808e-02 1.43018376e-02 1.43129938e-02 1.43245197e-02 
1.22054074e+00 1.41291894e-02 1.41440690e-02 1.41572331e-02 1.41692557e-02 1.41797218e-02 
1.22084594e+00 1.41698783e-02 1.41806987e-02 1.41903296e-02 1.42010502e-02 1.42105273e-02 
1.22115121e+00 1.42953761e-02 1.43121830e-02 1.43319240e-02 1.43524262e-02 1.43716358e-02 
1.22145656e+00 1.42997947e-02 1.43113602e-02 1.43227129e-02 1.43330207e-02 1.43452583e-02 
1.22176198e+00 1.41383817e-02 1.41530746e-02 1.41675406e-02 1.41836575e-02 1.41994404e-02 
1.22206749e+00 1.40421827e-02 1.40611688e-02 1.40785139e-02 1.40954864e-02 1.41102583e-02 
1.22237306e+00 1.44283981e-02 1.44410269e-02 1.44543685e-02 1.44654441e-02 1.44778753e-02 
1.22267872e+00 1.42373003e-02 1.42696173e-02 1.43069686e-02 1.43248154e-02 1.43376938e-02 
1.22298445e+00 1.43935104e-02 1.44032556e-02 1.44171382e-02 1.44300051e-02 1.44464117e-02 
1.22329026e+00 1.39774943e-02 1.39955142e-02 1.40157919e-02 1.40354366e-02 1.40585473e-02 
1.22359614e+00 1.42973746e-02 1.43236054e-02 1.43575583e-02 1.43914827e-02 1.44175796e-02 
1.22390210e+00 1.42872229e-02 1.42991792e-02 1.43114203e-02 1.43235832e-02 1.43357012e-02 
1.22420814e+00 1.43233883e-02 1.43341094e-02 1.43455031e-02 1.43582415e-02 1.43717508e-02 
1.22451425e+00 1.41214516e-02 1.41568866e-02 1.42030016e-02 1.42518948e-02 1.42945786e-02 
1.22482044e+00 1.42605221e-02 1.42718997e-02 1.42832827e-02 1.42935996e-02 1.43051700e-02 
1.22512671e+00 1.41221684e-02 1.41367865e-02 1.41480272e-02 1.41591021e-02 1.41715047e-02 
1.22543305e+00 1.43163864e-02 1.43298034e-02 1.43448566e-02 1.43585799e-02 1.43731150e-02 
1.22573947e+00 1.40715008e-02 1.40821317e-02 1.40942079e-02 1.41073174e-02 1.41195440e-02 
1.22604597e+00 1.40412469e-02 1.40811772e-02 1.41291776e-02 1.41646260e-02 1.41788290e-02 
1.22635254e+00 1.42376864e-02 1.42482065e-02 1.42586720e-02 1.42689427e-02 1.42804080e-02 
1.22665919e+00 1.43471119e-02 1.43616930e-02 1.43750292e-02 1.43894528e-02 1.44033150e-02 
1.22696592e+00 1.41975325e-02 1.42082066e-02 1.42214556e-02 1.42360434e-02 1.42530038e-02 
1.22727272e+00 1.41656973e-02 1.41754259e-02 1.41859755e-02 1.41988768e-02 1.42152720e-02 
1.22757960e+00 1.41889483e-02 1.42078634e-02 1.42322621e-02 1.42500102e-02 1.42626926e-02 
1.22788656e+00 1.40444927e-02 1.40581339e-02 1.40732863e-02 1.40896726e-02 1.41059138e-02 
1.22819359e+00 1.40113393e-02 1.40255305e-02 1.40383480e-02 1.40537415e-02 1.40703436e-02 
1.22850070e+00 1.41966646e-02 1.42085989e-02 1.42199992e-02 1.42325988e-02 1.42440411e-02 
1.22880789e+00 1.44041874e-02 1.44279676e-02 1.44562350e-02 1.44747577e-02 1.44905483e-02 
1.22911515e+00 1.40206497e-02 1.40401268e-02 1.40587160e-02 1.40807858e-02 1.41030383e-02 
1.22942249e+00 1.40745974e-02 1.40844701e-02 1.40952432e-02 1.41074700e-02 1.41186796e-02 
1.22972991e+00 1.42271725e-02 1.42397283e-02 1.42508009e-02 1.42684062e-02 1.42952419e-02 
1.23003740e+00 1.41372921e-02 1.41497475e-02 1.41602080e-02 1.41698387e-02 1.41797395e-02 
1.23034498e+00 1.41282942e-02 1.41532343e-02 1.41852662e-02 1.42252761e-02 1.42654969e-02 
1.23065262e+00 1.39611627e-02 1.39805623e-02 1.40010381e-02 1.40210316e-02 1.40439800e-02 
1.23096035e+00 1.39630019e-02 1.39814180e-02 1.40025185e-02 1.40228027e-02 1.40459351e-02 
1.23126815e+00 1.39839227e-02 1.40001074e-02 1.40180435e-02 1.40358609e-02 1.40571251e-02 
1.23157603e+00 1.40656869e-02 1.40780103e-02 1.40899588e-02 1.41013393e-02 1.41147690e-02 
1.23188399e+00 1.41254963e-02 1.41356730e-02 1.41461600e-02 1.41555704e-02 1.41648137e-02 
1.23219202e+00 1.41193052e-02 1.41334968e-02 1.41460298e-02 1.41601594e-02 1.41727443e-02 
1.23250013e+00 1.42467960e-02 1.42606935e-02 1.42736884e-02 1.42862817e-02 1.42994735e-02 
1.23280832e+00 1.41820177e-02 1.41956577e-02 1.42091763e-02 1.42249016e-02 1.42463344e-02 
1.23311658e+00 1.40655460e-02 1.40768268e-02 1.40874380e-02 1.40984238e-02 1.41100327e-02 
1.23342492e+00 1.42709073e-02 1.42868903e-02 1.43027400e-02 1.43202846e-02 1.43374473e-02 
1.23373334e+00 1.40596336e-02 1.40702974e-02 1.40807995e-02 1.40925239e-02 1.41052962e-02 
1.23404183e+00 1.43524577e-02 1.43663392e-02 1.43813481e-02 1.43981117e-02 1.44149326e-02 
1.23435041e+00 1.41625173e-02 1.41725343e-02 1.41810377e-02 1.41904679e-02 1.42003994e-02 
1.23465906e+00 1.40837308e-02 1.40944888e-02 1.41039823e-02 1.41154732e-02 1.41263524e-02 
1.23496778e+00 1.41196076e-02 1.41292133e-02 1.41385364e-02 1.41486647e-02 1.41590279e-02 
1.23527659e+00 1.42972006e-02 1.43087841e-02 1.43197570e-02 1.43296611e-02 1.43401199e-02 
1.23558547e+00 1.43121493e-02 1.43255979e-02 1.43383883e-02 1.43544674e-02 1.43707260e-02 
1.23589443e+00 1.39998241e-02 1.40141422e-02 1.40285579e-02 1.40455221e-02 1.40637446e-02 
1.23620346e+00 1.41889285e-02 1.42042352e-02 1.42213100e-02 1.42468923e-02 1.42801617e-02 
1.23651258e+00 1.41347281e-02 1.41438902e-02 1.41528712e-02 1.41619423e-02 1.41721493e-02 
1.23682177e+00 1.40545016e-02 1.40654676e-02 1.40772763e-02 1.40897600e-02 1.41025765e-02 
1.23713103e+00 1.41815029e-02 1.41971487e-02 1.42105987e-02 1.42256819e-02 1.42389043e-02 
1.23744038e+00 1.41221009e-02 1.41438144e-02 1.41567028e-02 1.41673579e-02 1.41770555e-02 
1.23774980e+00 1.42118857e-02 1.42247978e-02 1.42369784e-02 1.42480335e-02 1.42612399e-02 
1.23805930e+00 1.45148606e-02 1.45320765e-02 1.45512888e-02 1.45705344e-02 1.45892477e-02 
1.23836888e+00 1.40043659e-02 1.40192229e-02 1.40318619e-02 1.40476860e-02 1.40645080e-02 
1.23867853e+00 1.41384330e-02 1.41476809e-02 1.41565759e-02 1.41660141e-02 1.41760229e-02 
1.23898826e+00 1.42353495e-02 1.42464026e-02 1.42583913e-02 1.42687788e-02 1.42815153e-02 
1.23929807e+00 1.40321893e-02 1.40453736e-02 1.40578807e-02 1.40719211e-02 1.40857153e-02 
1.23960796e+00 1.39722006e-02 1.39926778e-02 1.40133683e-02 1.40366197e-02 1.40579345e-02 
1.23991792e+00 1.41136402e-02 1.41253157e-02 1.41362218e-02 1.41491779e-02 1.41602936e-02 
1.24022797e+00 1.40418711e-02 1.40554963e-02 1.40710453e-02 1.40878945e-02 1.41038323e-02 
1.24053808e+00 1.40447581e-02 1.40553880e-02 1.40658012e-02 1.40777887e-02 1.40913326e-02 
1.24084828e+00 1.40194452e-02 1.40324921e-02 1.40450482e-02 1.40604548e-02 1.40779279e-02 
1.24115856e+00 1.41375960e-02 1.41490233e-02 1.41600828e-02 1.41700140e-02 1.41793658e-02 
1.24146891e+00 1.43553437e-02 1.43701842e-02 1.43829469e-02 1.43952027e-02 1.44080544e-02 
1.24177934e+00 1.40620108e-02 1.40717164e-02 1.40812888e-02 1.40920882e-02 1.41041395e-02 
1.24208984e+00 1.39934863e-02 1.40087018e-02 1.40235070e-02 1.40398220e-02 1.40586634e-02 
1.24240043e+00 1.41339523e-02 1.41465306e-02 1.41580027e-02 1.41715246e-02 1.41840720e-02 
1.24271109e+00 1.41803393e-02 1.41901975e-02 1.42001040e-02 1.42099984e-02 1.42207019e-02 
1.24302183e+00 1.41520195e-02 1.41605814e-02 1.41702915e-02 1.41799861e-02 1.41894348e-02 
1.24333265e+00 1.44578553e-02 1.44697896e-02 1.44828254e-02 1.44955394e-02 1.45085532e-02 
1.24364355e+00 1.41550592e-02 1.41859739e-02 1.42322044e-02 1.42730539e-02 1.43185971e-02 
1.24395452e+00 1.41478213e-02 1.41596350e-02 1.41725613e-02 1.41882467e-02 1.42070481e-02 
1.24426557e+00 1.41189921e-02 1.41275517e-02 1.41373916e-02 1.41507476e-02 1.41672720e-02 
1.24457670e+00 1.42031313e-02 1.42213418e-02 1.42446710e-02 1.42677017e-02 1.42884789e-02 
1.24488791e+00 1.41729271e-02 1.41830176e-02 1.41931858e-02 1.42017925e-02 1.42120144e-02 
1.24519919e+00 1.41101746e-02 1.41199935e-02 1.41297588e-02 1.41447150e-02 1.41693351e-02 
1.24551055e+00 1.40775449e-02 1.41173299e-02 1.41686500e-02 1.42082348e-02 1.42266245e-02 
1.24582199e+00 1.41618116e-02 1.41919704e-02 1.42376829e-02 1.42808257e-02 1.43023181e-02 
1.24613351e+00 1.40370997e-02 1.40482789e-02 1.40596456e-02 1.40729555e-02 1.40879393e-02 
1.24644511e+00 1.40195824e-02 1.40389680e-02 1.40573532e-02 1.40806059e-02 1.41044906e-02 
1.24675678e+00 1.40793084e-02 1.40931477e-02 1.41062274e-02 1.41172313e-02 1.41280555e-02 
1.24706853e+00 1.40842256e-02 1.40926573e-02 1.41020477e-02 1.41114182e-02 1.41207860e-02 
1.24738036e+00 1.41434400e-02 1.41559644e-02 1.41662925e-02 1.41779520e-02 1.41884909e-02 
1.24769227e+00 1.40295190e-02 1.40409937e-02 1.40531434e-02 1.40671697e-02 1.40826239e-02 
1.24800426e+00 1.40424950e-02 1.40534945e-02 1.40633848e-02 1.40751678e-02 1.40875255e-02 
1.24831632e+00 1.40571870e-02 1.40683125e-02 1.40801493e-02 1.40931693e-02 1.41062398e-02 
1.24862846e+00 1.43046606e-02 1.43179270e-02 1.43305827e-02 1.43414733e-02 1.43526975e-02 
1.24894068e+00 1.40750916e-02 1.40843894e-02 1.40939502e-02 1.41049310e-02 1.41166333e-02 
1.24925298e+00 1.40656311e-02 1.40767798e-02 1.40870837e-02 1.40991116e-02 1.41114428e-02 
1.24956536e+00 1.39747235e-02 1.39898933e-02 1.40063546e-02 1.40235233e-02 1.40450594e-02 
1.24987781e+00 1.43451522e-02 1.43573455e-02 1.43689725e-02 1.43800731e-02 1.43917419e-02 
1.25019034e+00 1.41460651e-02 1.41598922e-02 1.41732197e-02 1.41901130e-02 1.42073660e-02 
1.25050295e+00 1.41709494e-02 1.41862211e-02 1.42052079e-02 1.42267380e-02 1.42483580e-02 
1.25081564e+00 1.40074456e-02 1.40196837e-02 1.40342095e-02 1.40492633e-02 1.40668653e-02 
1.25112841e+00 1.41433356e-02 1.41536985e-02 1.41627993e-02 1.41738360e-02 1.41839366e-02 
1.25144125e+00 1.39600590e-02 1.39795568e-02 1.39975573e-02 1.40150320e-02 1.40387504e-02 
1.25175418e+00 1.41124867e-02 1.41212361e-02 1.41304562e-02 1.41403339e-02 1.41499389e-02 
1.25206718e+00 1.41013723e-02 1.41105187e-02 1.41196753e-02 1.41308214e-02 1.41439175e-02 
1.25238026e+00 1.40970705e-02 1.41218126e-02 1.41572738e-02 1.41913120e-02 1.42323795e-02 
1.25269342e+00 1.41102232e-02 1.41424762e-02 1.41882059e-02 1.42296362e-02 1.42754033e-02 
1.25300665e+00 1.41079023e-02 1.41188459e-02 1.41299808e-02 1.41448318e-02 1.41622510e-02 
1.25331997e+00 1.40116799e-02 1.40250442e-02 1.40381663e-02 1.40529420e-02 1.40699445e-02 
1.25363336e+00 1.40705077e-02 1.40793479e-02 1.40882793e-02 1.40982635e-02 1.41098827e-02 
1.25394683e+00 1.43534946e-02 1.43736517e-02 1.44003776e-02 1.44262223e-02 1.44516993e-02 
1.25426038e+00 1.43236437e-02 1.43387788e-02 1.43561413e-02 1.43733544e-02 1.43908857e-02 
1.25457401e+00 1.41161382e-02 1.41372219e-02 1.41621301e-02 1.41882059e-02 1.42123646e-02 
1.25488771e+00 1.41299287e-02 1.41432684e-02 1.41555440e-02 1.41755332e-02 1.42014054e-02 
1.25520150e+00 1.42538841e-02 1.42832000e-02 1.43172638e-02 1.43391207e-02 1.43563491e-02 
1.25551536e+00 1.40658460e-02 1.40763150e-02 1.40859480e-02 1.40974171e-02 1.41077061e-02 
1.25582930e+00 1.40336145e-02 1.40442188e-02 1.40553781e-02 1.40671599e-02 1.40821365e-02 
1.25614333e+00 1.42021276e-02 1.42134039e-02 1.42245191e-02 1.42348491e-02 1.42470612e-02 
1.25645742e+00 1.39811816e-02 1.40037888e-02 1.40232085e-02 1.40458735e-02 1.40677354e-02 
1.25677160e+00 1.40577858e-02 1.40715259e-02 1.40873803e-02 1.41053185e-02 1.41254016e-02 
1.25708586e+00 1.41931122e-02 1.42084415e-02 1.42220470e-02 1.42379323e-02 1.42521813e-02 
1.25740019e+00 1.40800519e-02 1.40889634e-02 1.40980066e-02 1.41078910e-02 1.41172911e-02 
1.25771461e+00 1.41389923e-02 1.41523452e-02 1.41640900e-02 1.41778883e-02 1.41903315e-02 
1.25802910e+00 1.41402596e-02 1.41518844e-02 1.41610986e-02 1.41714985e-02 1.41821076e-02 
1.25834367e+00 1.43955833e-02 1.44086689e-02 1.44207552e-02 1.44318467e-02 1.44441929e-02 
1.25865832e+00 1.40019382e-02 1.40157862e-02 1.40277754e-02 1.40429930e-02 1.40593063e-02 
1.25897304e+00 1.40439039e-02 1.40547144e-02 1.40647295e-02 1.40763942e-02 1.40890280e-02 
1.25928785e+00 1.41930627e-02 1.42096277e-02 1.42305769e-02 1.42504352e-02 1.42673480e-02 
1.25960274e+00 1.40492972e-02 1.40606567e-02 1.40717349e-02 1.40830314e-02 1.40933023e-02 
1.25991770e+00 1.41385956e-02 1.41490843e-02 1.41574604e-02 1.41667849e-02 1.41767355e-02 
1.26023274e+00 1.43671187e-02 1.43805644e-02 1.43947334e-02 1.44076669e-02 1.44207443e-02 
1.26054786e+00 1.41201224e-02 1.41291264e-02 1.41390912e-02 1.41504052e-02 1.41629815e-02 
1.26086307e+00 1.39344474e-02 1.39539886e-02 1.39768017e-02 1.39983471e-02 1.40246111e-02 
1.26117834e+00 1.41400943e-02 1.41500912e-02 1.41588082e-02 1.41682681e-02 1.41781835e-02 
1.26149370e+00 1.39751722e-02 1.39912189e-02 1.40077872e-02 1.40247297e-02 1.40462671e-02 
1.26180914e+00 1.42153205e-02 1.42403117e-02 1.42559355e-02 1.42682112e-02 1.42811936e-02 
1.26212465e+00 1.40496512e-02 1.40608982e-02 1.40732058e-02 1.40865421e-02 1.40992887e-02 
1.26244025e+00 1.41044823e-02 1.41353813e-02 1.41712859e-02 1.41941644e-02 1.42072228e-02 
1.26275592e+00 1.41537960e-02 1.41776296e-02 1.42093585e-02 1.42429164e-02 1.42696051e-02 
1.26307168e+00 1.40422640e-02 1.40518828e-02 1.40616162e-02 1.40724365e-02 1.40826128e-02 
1.26338751e+00 1.40552443e-02 1.40674030e-02 1.40787253e-02 1.40900267e-02 1.41024903e-02 
1.26370342e+00 1.40458122e-02 1.40571975e-02 1.40676349e-02 1.40794517e-02 1.40912691e-02 
1.26401941e+00 1.42716688e-02 1.42885310e-02 1.43065791e-02 1.43205756e-02 1.43347356e-02 
1.26433547e+00 1.41088840e-02 1.41188356e-02 1.41283520e-02 1.41390746e-02 1.41506907e-02 
1.26465162e+00 1.40038599e-02 1.40165399e-02 1.40306290e-02 1.40459454e-02 1.40628937e-02 
1.26496785e+00 1.39873375e-02 1.40020721e-02 1.40163567e-02 1.40335166e-02 1.40503135e-02 
1.26528415e+00 1.40137901e-02 1.40301237e-02 1.40460473e-02 1.40611763e-02 1.40761311e-02 
1.26560054e+00 1.40120212e-02 1.40248652e-02 1.40360904e-02 1.40498240e-02 1.40650279e-02 
1.26591700e+00 1.42425303e-02 1.42536855e-02 1.42650330e-02 1.42757065e-02 1.42877293e-02 
1.26623355e+00 1.40293991e-02 1.40419369e-02 1.40555882e-02 1.40703755e-02 1.40858303e-02 
1.26655017e+00 1.40070802e-02 1.40204985e-02 1.40337818e-02 1.40485239e-02 1.40654668e-02 
1.26686687e+00 1.41658272e-02 1.41774913e-02 1.41877755e-02 1.41992167e-02 1.42099333e-02 
1.26718365e+00 1.40868261e-02 1.40960973e-02 1.41050360e-02 1.41141876e-02 1.41242769e-02 
1.26750051e+00 1.42090739e-02 1.42291097e-02 1.42570598e-02 1.42929689e-02 1.43261796e-02 
1.26781745e+00 1.41405872e-02 1.41513972e-02 1.41628627e-02 1.41743496e-02 1.41875612e-02 
1.26813447e+00 1.41014824e-02 1.41165379e-02 1.41329541e-02 1.41520721e-02 1.41701659e-02 
1.26845156e+00 1.40540375e-02 1.40642302e-02 1.40740469e-02 1.40858376e-02 1.40966692e-02 
1.26876874e+00 1.40180668e-02 1.40306019e-02 1.40442891e-02 1.40595096e-02 1.40760894e-02 
1.26908600e+00 1.46046636e-02 1.46238654e-02 1.46502978e-02 1.46782431e-02 1.46986062e-02 
1.26940333e+00 1.41489137e-02 1.41593097e-02 1.41693200e-02 1.41863341e-02 1.42120699e-02 
1.26972075e+00 1.40769582e-02 1.40891446e-02 1.41002208e-02 1.41145549e-02 1.41284668e-02 
1.27003824e+00 1.39729981e-02 1.39882032e-02 1.40043946e-02 1.40220288e-02 1.40430949e-02 
1.27035581e+00 1.39832353e-02 1.39995173e-02 1.40163708e-02 1.40332213e-02 1.40542911e-02 
1.27067347e+00 1.40466655e-02 1.40565260e-02 1.40663293e-02 1.40773384e-02 1.40890341e-02 
1.27099120e+00 1.39686921e-02 1.39867837e-02 1.40067768e-02 1.40256547e-02 1.40480698e-02 
1.27130901e+00 1.41864733e-02 1.41970935e-02 1.42089380e-02 1.42208061e-02 1.42336133e-02 
1.27162690e+00 1.39741872e-02 1.39888263e-02 1.40047433e-02 1.40216718e-02 1.40422597e-02 
1.27194487e+00 1.40007333e-02 1.40459285e-02 1.40959427e-02 1.41389021e-02 1.41565995e-02 
1.27226292e+00 1.41348140e-02 1.41456593e-02 1.41556138e-02 1.41650564e-02 1.41763174e-02 
1.27258105e+00 1.39762444e-02 1.39907420e-02 1.40058771e-02 1.40225275e-02 1.40426043e-02 
1.27289926e+00 1.40651762e-02 1.40806941e-02 1.40958129e-02 1.41117985e-02 1.41267526e-02 
1.27321755e+00 1.43477002e-02 1.43736660e-02 1.43898518e-02 1.44023901e-02 1.44168391e-02 
1.27353592e+00 1.40852174e-02 1.41013856e-02 1.41179478e-02 1.41361997e-02 1.41556123e-02 
1.27385436e+00 1.39513703e-02 1.39692294e-02 1.39894096e-02 1.40092895e-02 1.40324842e-02 
1.27417289e+00 1.42326290e-02 1.42441113e-02 1.42543806e-02 1.42655803e-02 1.42762787e-02 
1.27449150e+00 1.40967024e-02 1.41069560e-02 1.41163193e-02 1.41265714e-02 1.41385808e-02 
1.27481019e+00 1.40565704e-02 1.40715433e-02 1.40851896e-02 1.40982764e-02 1.41106648e-02 
1.27512895e+00 1.40532628e-02 1.40682689e-02 1.40824355e-02 1.40976925e-02 1.41106087e-02 
1.27544780e+00 1.39729464e-02 1.39884917e-02 1.40051021e-02 1.40223682e-02 1.40427683e-02 
1.27576673e+00 1.41301282e-02 1.41464623e-02 1.41630612e-02 1.41806946e-02 1.41960640e-02 
1.27608573e+00 1.40524545e-02 1.40664192e-02 1.40793152e-02 1.40926928e-02 1.41038796e-02 
1.27640482e+00 1.40354042e-02 1.40451945e-02 1.40551441e-02 1.40661857e-02 1.40771976e-02 
1.27672398e+00 1.40493948e-02 1.40609900e-02 1.40719679e-02 1.40842105e-02 1.40954828e-02 
1.27704323e+00 1.41065469e-02 1.41184975e-02 1.41363741e-02 1.41651148e-02 1.42205340e-02 
1.27736255e+00 1.40608839e-02 1.40719296e-02 1.40819814e-02 1.40924474e-02 1.41035070e-02 
1.27768196e+00 1.39493436e-02 1.39668221e-02 1.39860301e-02 1.40054317e-02 1.40277742e-02 
1.27800144e+00 1.42219728e-02 1.42391922e-02 1.42596432e-02 1.42798784e-02 1.43002613e-02 
1.27832101e+00 1.40144326e-02 1.40301123e-02 1.40461974e-02 1.40618061e-02 1.40775428e-02 
1.27864065e+00 1.39171016e-02 1.39392825e-02 1.39636875e-02 1.39864004e-02 1.40132650e-02 
1.27896038e+00 1.39693224e-02 1.39857355e-02 1.40038025e-02 1.40225447e-02 1.40430143e-02 
1.27928018e+00 1.42095556e-02 1.42257269e-02 1.42432910e-02 1.42624755e-02 1.42816181e-02 
1.27960006e+00 1.40434070e-02 1.40568710e-02 1.40696460e-02 1.40869247e-02 1.41044228e-02 
1.27992003e+00 1.41147019e-02 1.41378721e-02 1.41686104e-02 1.42075599e-02 1.42485574e-02 
1.28024007e+00 1.43144387e-02 1.43299063e-02 1.43463975e-02 1.43633498e-02 1.43795592e-02 
1.28056020e+00 1.40128288e-02 1.40269008e-02 1.40428565e-02 1.40619198e-02 1.40827350e-02 
1.28088040e+00 1.40024181e-02 1.40168975e-02 1.40324721e-02 1.40492147e-02 1.40675877e-02 
1.28120069e+00 1.44382923e-02 1.44550765e-02 1.44738197e-02 1.44915498e-02 1.45090226e-02 
1.28152105e+00 1.40448652e-02 1.40549369e-02 1.40655095e-02 1.40780929e-02 1.40889633e-02 
1.28184150e+00 1.39638795e-02 1.39812271e-02 1.40004689e-02 1.40198773e-02 1.40415062e-02 
1.28216202e+00 1.41811663e-02 1.41943000e-02 1.42059877e-02 1.42211017e-02 1.42362738e-02 
1.28248262e+00 1.40348956e-02 1.40463333e-02 1.40582055e-02 1.40712349e-02 1.40833536e-02 
1.28280331e+00 1.40143259e-02 1.40313094e-02 1.40507581e-02 1.40703536e-02 1.40909090e-02 
1.28312408e+00 1.44593365e-02 1.44795772e-02 1.45050906e-02 1.45301942e-02 1.45532228e-02 
1.28344492e+00 1.45088399e-02 1.45290611e-02 1.45530314e-02 1.45713489e-02 1.45879444e-02 
1.28376585e+00 1.40334363e-02 1.40502007e-02 1.40682136e-02 1.40870458e-02 1.41057964e-02 
1.28408685e+00 1.39669198e-02 1.39861316e-02 1.40077689e-02 1.40278899e-02 1.40507794e-02 
1.28440794e+00 1.39628409e-02 1.39810498e-02 1.40018909e-02 1.40215452e-02 1.40431767e-02 
1.28472911e+00 1.40649002e-02 1.40750024e-02 1.40846144e-02 1.40952773e-02 1.41066807e-02 
1.28505035e+00 1.39935918e-02 1.40100692e-02 1.40284744e-02 1.40481341e-02 1.40693210e-02 
1.28537168e+00 1.39327134e-02 1.39509133e-02 1.39728880e-02 1.39940521e-02 1.40190926e-02 
1.28569309e+00 1.40957214e-02 1.41105048e-02 1.41245166e-02 1.41407097e-02 1.41558284e-02 
1.28601457e+00 1.40207283e-02 1.40329750e-02 1.40460243e-02 1.40608488e-02 1.40767042e-02 
1.28633614e+00 1.43967437e-02 1.44192349e-02 1.44473402e-02 1.44744134e-02 1.45004718e-02 
1.28665779e+00 1.40113656e-02 1.40254061e-02 1.40413850e-02 1.40601902e-02 1.40789339e-02 
1.28697952e+00 1.39693438e-02 1.39857539e-02 1.40034821e-02 1.40211213e-02 1.40426126e-02 
1.28730133e+00 1.40380031e-02 1.40516070e-02 1.40644491e-02 1.40800243e-02 1.40942160e-02 
1.28762322e+00 1.43646767e-02 1.43878619e-02 1.44185237e-02 1.44487560e-02 1.44770541e-02 
1.28794519e+00 1.40178423e-02 1.40294678e-02 1.40427539e-02 1.40571465e-02 1.40730350e-02 
1.28826724e+00 1.40669010e-02 1.40954407e-02 1.41200631e-02 1.41390568e-02 1.41569618e-02 
1.28858937e+00 1.41985388e-02 1.42150092e-02 1.42334241e-02 1.42529624e-02 1.42704098e-02 
1.28891159e+00 1.39468299e-02 1.39686471e-02 1.39920578e-02 1.40165380e-02 1.40438199e-02 
1.28923388e+00 1.39635880e-02 1.39804044e-02 1.39976005e-02 1.40153975e-02 1.40360867e-02 
1.28955625e+00 1.40275111e-02 1.40422877e-02 1.40578732e-02 1.40731179e-02 1.40883960e-02 
1.28987870e+00 1.39060897e-02 1.39290962e-02 1.39549784e-02 1.39794455e-02 1.40076338e-02 
1.29020124e+00 1.39692855e-02 1.39935045e-02 1.40134680e-02 1.40327919e-02 1.40530483e-02 
1.29052385e+00 1.39762684e-02 1.39922542e-02 1.40082024e-02 1.40266906e-02 1.40467288e-02 
1.29084655e+00 1.42605393e-02 1.42768148e-02 1.42925847e-02 1.43093153e-02 1.43246614e-02 
1.29116933e+00 1.40060024e-02 1.40211679e-02 1.40346711e-02 1.40523573e-02 1.40723941e-02 
1.29149218e+00 1.39429352e-02 1.39624583e-02 1.39839097e-02 1.40039460e-02 1.40272686e-02 
1.29181512e+00 1.44479259e-02 1.44722087e-02 1.45045707e-02 1.45367147e-02 1.45655642e-02 
1.29213814e+00 1.39907698e-02 1.40075659e-02 1.40247222e-02 1.40427347e-02 1.40640448e-02 
1.29246124e+00 1.41354996e-02 1.41484708e-02 1.41588627e-02 1.41703323e-02 1.41805930e-02 
1.29278442e+00 1.40417321e-02 1.40555178e-02 1.40703964e-02 1.40855204e-02 1.41019768e-02 
1.29310768e+00 1.41998639e-02 1.42131223e-02 1.42250657e-02 1.42380124e-02 1.42502060e-02 
1.29343102e+00 1.39320025e-02 1.39504659e-02 1.39712652e-02 1.39917476e-02 1.40159196e-02 
1.29375445e+00 1.43073345e-02 1.43225741e-02 1.43379746e-02 1.43509743e-02 1.43628563e-02 
1.29407795e+00 1.42295731e-02 1.42493813e-02 1.42751164e-02 1.43012870e-02 1.43266694e-02 
1.29440153e+00 1.40149622e-02 1.40285041e-02 1.40432933e-02 1.40595123e-02 1.40754271e-02 
1.29472520e+00 1.42769640e-02 1.42949229e-02 1.43143452e-02 1.43321974e-02 1.43483028e-02 
1.29504895e+00 1.41730461e-02 1.42200672e-02 1.42847652e-02 1.43114539e-02 1.43265607e-02 
1.29537277e+00 1.40724662e-02 1.40818566e-02 1.40914537e-02 1.41007524e-02 1.41110140e-02 
1.29569668e+00 1.40254714e-02 1.40493580e-02 1.40712161e-02 1.40952357e-02 1.41153978e-02 
1.29602067e+00 1.39224406e-02 1.39443631e-02 1.39703525e-02 1.39948692e-02 1.40207288e-02 
1.29634474e+00 1.40391825e-02 1.40491250e-02 1.40591470e-02 1.40706971e-02 1.40824324e-02 
1.29666889e+00 1.40980164e-02 1.41102925e-02 1.41218641e-02 1.41347522e-02 1.41453181e-02 
1.29699312e+00 1.39829463e-02 1.40001683e-02 1.40190000e-02 1.40384768e-02 1.40606527e-02 
1.29731744e+00 1.45256195e-02 1.45570309e-02 1.45971008e-02 1.46372091e-02 1.46717197e-02 
1.29764183e+00 1.39990409e-02 1.40185449e-02 1.40360746e-02 1.40542348e-02 1.40718940e-02 
1.29796631e+00 1.40073187e-02 1.40209259e-02 1.40358983e-02 1.40509263e-02 1.40674573e-02 
1.29829087e+00 1.40800541e-02 1.40934886e-02 1.41065481e-02 1.41223782e-02 1.41365967e-02 
1.29861550e+00 1.40153520e-02 1.40272112e-02 1.40403152e-02 1.40547510e-02 1.40703854e-02 
1.29894022e+00 1.40238503e-02 1.40352598e-02 1.40474727e-02 1.40610614e-02 1.40744947e-02 
1.29926502e+00 1.40399470e-02 1.40550792e-02 1.40680372e-02 1.40826478e-02 1.40968822e-02 
1.29958990e+00 1.40772081e-02 1.40917615e-02 1.41072907e-02 1.41249214e-02 1.41402479e-02 
1.29991487e+00 1.44530580e-02 1.44814361e-02 1.45237306e-02 1.45704170e-02 1.45938615e-02 
1.30023991e+00 1.41906396e-02 1.42004451e-02 1.42090711e-02 1.42183897e-02 1.42280340e-02 
1.30056504e+00 1.41357913e-02 1.41531092e-02 1.41696337e-02 1.41894237e-02 1.42093431e-02 
1.30089024e+00 1.41835773e-02 1.42074129e-02 1.42388776e-02 1.42687810e-02 1.42956474e-02 
1.30121553e+00 1.40028963e-02 1.40281100e-02 1.40516574e-02 1.40777752e-02 1.41039750e-02 
1.30154090e+00 1.41397447e-02 1.41619155e-02 1.41927707e-02 1.42267152e-02 1.42578967e-02 
1.30186635e+00 1.39366647e-02 1.39562865e-02 1.39780059e-02 1.39987035e-02 1.40229505e-02 
1.30219188e+00 1.40859981e-02 1.40986736e-02 1.41098959e-02 1.41233721e-02 1.41345298e-02 
1.30251750e+00 1.40027076e-02 1.40212884e-02 1.40348539e-02 1.40494924e-02 1.40636799e-02 
1.30284319e+00 1.46174814e-02 1.46374537e-02 1.46611926e-02 1.46833628e-02 1.47045217e-02 
1.30316897e+00 1.39315166e-02 1.39517741e-02 1.39728675e-02 1.39933352e-02 1.40172100e-02 
1.30349482e+00 1.47952400e-02 1.48139565e-02 1.48367232e-02 1.48603016e-02 1.48831732e-02 
1.30382076e+00 1.41878169e-02 1.42085750e-02 1.42231657e-02 1.42342922e-02 1.42452858e-02 
1.30414678e+00 1.42970636e-02 1.43142338e-02 1.43340761e-02 1.43529302e-02 1.43706212e-02 
1.30447289e+00 1.41812742e-02 1.41965575e-02 1.42086081e-02 1.42231592e-02 1.42359704e-02 
1.30479907e+00 1.40573317e-02 1.40704101e-02 1.40829068e-02 1.40974941e-02 1.41105162e-02 
1.30512534e+00 1.39589428e-02 1.39768844e-02 1.39944553e-02 1.40134900e-02 1.40345878e-02 
1.30545168e+00 1.42112170e-02 1.42221631e-02 1.42326559e-02 1.42428647e-02 1.42550146e-02 
1.30577811e+00 1.39916123e-02 1.40056402e-02 1.40206860e-02 1.40368510e-02 1.40546279e-02 
1.30610462e+00 1.39431068e-02 1.39622110e-02 1.39834372e-02 1.40038189e-02 1.40271934e-02 
1.30643121e+00 1.39805360e-02 1.40013466e-02 1.40222661e-02 1.40448341e-02 1.40669706e-02 
1.30675789e+00 1.41908701e-02 1.42124464e-02 1.42407572e-02 1.42707964e-02 1.42983220e-02 
1.30708464e+00 1.41367363e-02 1.41463942e-02 1.41553618e-02 1.41643267e-02 1.41745271e-02 
1.30741148e+00 1.44456414e-02 1.44645024e-02 1.44800238e-02 1.44923673e-02 1.45071533e-02 
1.30773840e+00 1.41403915e-02 1.41504613e-02 1.41598940e-02 1.41712661e-02 1.41821230e-02 
1.30806540e+00 1.42731524e-02 1.42913510e-02 1.43115965e-02 1.43426458e-02 1.43889079e-02 
1.30839248e+00 1.40301008e-02 1.40432031e-02 1.40569704e-02 1.40747863e-02 1.40917888e-02 
1.30871964e+00 1.40576265e-02 1.40715577e-02 1.40858616e-02 1.41019070e-02 1.41150862e-02 
1.30904689e+00 1.40217104e-02 1.40422744e-02 1.40621010e-02 1.40837248e-02 1.41032958e-02 
1.30937422e+00 1.40684694e-02 1.40927693e-02 1.41199112e-02 1.41466256e-02 1.41706812e-02 
1.30970163e+00 1.41063334e-02 1.41202504e-02 1.41347276e-02 1.41549400e-02 1.41806048e-02 
1.31002912e+00 1.44442182e-02 1.44590003e-02 1.44755470e-02 1.44907508e-02 1.45048704e-02 
1.31035669e+00 1.40182399e-02 1.40341467e-02 1.40501974e-02 1.40684983e-02 1.40880841e-02 
1.31068435e+00 1.43354355e-02 1.43526278e-02 1.43690404e-02 1.43823794e-02 1.43949303e-02 
1.31101208e+00 1.40541743e-02 1.40706103e-02 1.40875910e-02 1.41067579e-02 1.41255285e-02 
1.31133990e+00 1.44747066e-02 1.44946063e-02 1.45187168e-02 1.45416130e-02 1.45626127e-02 
1.31166780e+00 1.41395097e-02 1.41541986e-02 1.41673776e-02 1.41807047e-02 1.41933536e-02 
1.31199579e+00 1.40605655e-02 1.40790897e-02 1.40968057e-02 1.41175562e-02 1.41377766e-02 
1.31232385e+00 1.43278066e-02 1.43436979e-02 1.43626303e-02 1.43832974e-02 1.44056893e-02 
1.31265200e+00 1.41922608e-02 1.42059786e-02 1.42181698e-02 1.42317937e-02 1.42447966e-02 
1.31298023e+00 1.44417644e-02 1.44559008e-02 1.44704849e-02 1.44853142e-02 1.44993877e-02 
1.31330854e+00 1.39672600e-02 1.39866177e-02 1.40085940e-02 1.40300378e-02 1.40520605e-02 
1.31363693e+00 1.41405497e-02 1.41512964e-02 1.41614387e-02 1.41713994e-02 1.41824253e-02 
1.31396541e+00 1.41731800e-02 1.41859958e-02 1.41962897e-02 1.42090196e-02 1.42206668e-02 
1.31429396e+00 1.44252281e-02 1.44513000e-02 1.44895657e-02 1.45130993e-02 1.45295874e-02 
1.31462260e+00 1.43544368e-02 1.43654775e-02 1.43775660e-02 1.43890275e-02 1.44010035e-02 
1.31495132e+00 1.42224129e-02 1.42438401e-02 1.42735053e-02 1.43045401e-02 1.43330834e-02 
1.31528013e+00 1.43982195e-02 1.44099534e-02 1.44234560e-02 1.44366525e-02 1.44497480e-02 
1.31560901e+00 1.41676136e-02 1.41807828e-02 1.41920725e-02 1.42054366e-02 1.42173889e-02 
1.31593798e+00 1.40747958e-02 1.40867261e-02 1.40981244e-02 1.41124420e-02 1.41268975e-02 
1.31626703e+00 1.40515077e-02 1.40667535e-02 1.40824269e-02 1.40983550e-02 1.41148495e-02 
1.31659617e+00 1.40392370e-02 1.40522487e-02 1.40643744e-02 1.40793526e-02 1.40938397e-02 
1.31692538e+00 1.39681722e-02 1.39873046e-02 1.40086707e-02 1.40319033e-02 1.40568009e-02 
1.31725468e+00 1.46554944e-02 1.46744534e-02 1.46962887e-02 1.47160790e-02 1.47337963e-02 
1.31758406e+00 1.42011149e-02 1.42285391e-02 1.42639932e-02 1.43003205e-02 1.43310355e-02 
1.31791352e+00 1.40675294e-02 1.40811429e-02 1.40952073e-02 1.41108527e-02 1.41231623e-02 
1.31824307e+00 1.40428565e-02 1.40540176e-02 1.40663101e-02 1.40799095e-02 1.40933293e-02 
1.31857269e+00 1.43616720e-02 1.43830994e-02 1.44157054e-02 1.44512021e-02 1.44740506e-02 
1.31890240e+00 1.41555055e-02 1.41710062e-02 1.41881557e-02 1.42087690e-02 1.42313975e-02 
1.31923219e+00 1.41747581e-02 1.41966893e-02 1.42259071e-02 1.42500751e-02 1.42698849e-02 
1.31956207e+00 1.40077522e-02 1.40215579e-02 1.40363196e-02 1.40520212e-02 1.40688787e-02 
1.31989202e+00 1.42048863e-02 1.42232890e-02 1.42467188e-02 1.42727581e-02 1.42999115e-02 
1.32022206e+00 1.40117601e-02 1.40338622e-02 1.40522846e-02 1.40719844e-02 1.40883417e-02 
1.32055219e+00 1.40928763e-02 1.41117569e-02 1.41299161e-02 1.41494106e-02 1.41662739e-02 
1.32088239e+00 1.41563477e-02 1.41807016e-02 1.42102360e-02 1.42280356e-02 1.42419993e-02 
1.32121268e+00 1.39436518e-02 1.39640807e-02 1.39855816e-02 1.40058737e-02 1.40288748e-02 
1.32154305e+00 1.39798694e-02 1.40007032e-02 1.40200070e-02 1.40394065e-02 1.40583712e-02 
1.32187350e+00 1.40824896e-02 1.40929116e-02 1.41022097e-02 1.41124608e-02 1.41247936e-02 
1.32220403e+00 1.41839310e-02 1.41936117e-02 1.42019974e-02 1.42113907e-02 1.42206060e-02 
1.32253465e+00 1.44560821e-02 1.44859792e-02 1.45251474e-02 1.45608406e-02 1.45932411e-02 
1.32286535e+00 1.41832752e-02 1.41959124e-02 1.42061177e-02 1.42180142e-02 1.42283825e-02 
1.32319613e+00 1.42638685e-02 1.42923476e-02 1.43255416e-02 1.43439860e-02 1.43582989e-02 
1.32352700e+00 1.43061862e-02 1.43253660e-02 1.43513657e-02 1.44023845e-02 1.44720554e-02 
1.32385795e+00 1.47022846e-02 1.47275043e-02 1.47459674e-02 1.47598602e-02 1.47734402e-02 
1.32418898e+00 1.43705542e-02 1.43832586e-02 1.43948947e-02 1.44060721e-02 1.44175592e-02 
1.32452009e+00 1.40574113e-02 1.40772165e-02 1.40968490e-02 1.41166404e-02 1.41352274e-02 
1.32485129e+00 1.40599343e-02 1.40715365e-02 1.40837878e-02 1.40972409e-02 1.41105790e-02 
1.32518257e+00 1.43374000e-02 1.43497892e-02 1.43628728e-02 1.43761735e-02 1.43891798e-02 
1.32551393e+00 1.40942417e-02 1.41066343e-02 1.41198416e-02 1.41334448e-02 1.41465571e-02 
1.32584538e+00 1.39660508e-02 1.39857202e-02 1.40072961e-02 1.40301796e-02 1.40533102e-02 
1.32617690e+00 1.41677754e-02 1.41793503e-02 1.41911543e-02 1.42028116e-02 1.42140358e-02 
1.32650851e+00 1.40355873e-02 1.40484563e-02 1.40627807e-02 1.40986962e-02 1.41900396e-02 
1.32684021e+00 1.42731969e-02 1.42854870e-02 1.42989523e-02 1.43128244e-02 1.43259472e-02 
1.32717199e+00 1.42632532e-02 1.42916369e-02 1.43294393e-02 1.43714084e-02 1.44091702e-02 
1.32750384e+00 1.44001105e-02 1.44531551e-02 1.44958597e-02 1.45135214e-02 1.45313282e-02 
1.32783579e+00 1.40981098e-02 1.41168971e-02 1.41359103e-02 1.41580828e-02 1.41798719e-02 
1.32816781e+00 1.42638245e-02 1.42754324e-02 1.42852336e-02 1.42952428e-02 1.43060217e-02 
1.32849992e+00 1.40360527e-02 1.40490592e-02 1.40626765e-02 1.40771322e-02 1.40928025e-02 
1.32883211e+00 1.45439540e-02 1.45643857e-02 1.45895695e-02 1.46157287e-02 1.46408363e-02 
1.32916439e+00 1.40111468e-02 1.40298583e-02 1.40494807e-02 1.40698759e-02 1.40903569e-02 
1.32949675e+00 1.42124836e-02 1.42242709e-02 1.42346112e-02 1.42476058e-02 1.42601258e-02 
1.32982919e+00 1.40309916e-02 1.40520049e-02 1.40747592e-02 1.40957200e-02 1.41164764e-02 
1.33016171e+00 1.46797055e-02 1.46909545e-02 1.47019950e-02 1.47135832e-02 1.47267851e-02 
1.33049432e+00 1.46641904e-02 1.46828688e-02 1.47012295e-02 1.47232179e-02 1.47512566e-02 
1.33082701e+00 1.44624284e-02 1.44810257e-02 1.45028486e-02 1.45222801e-02 1.45398480e-02 
1.33115978e+00 1.45450142e-02 1.45586319e-02 1.45705702e-02 1.45854150e-02 1.46110869e-02 
1.33149264e+00 1.43004338e-02 1.43104603e-02 1.43200105e-02 1.43297363e-02 1.43403378e-02 
1.33182558e+00 1.43907905e-02 1.44053858e-02 1.44193188e-02 1.44325926e-02 1.44449031e-02 
1.33215860e+00 1.42275581e-02 1.42393998e-02 1.42502670e-02 1.42605516e-02 1.42707481e-02 
1.33249171e+00 1.46365581e-02 1.46631711e-02 1.46969622e-02 1.47305144e-02 1.47598093e-02 
1.33282490e+00 1.49148668e-02 1.49385056e-02 1.49561265e-02 1.49726829e-02 1.49874466e-02 
1.33315817e+00 1.41608942e-02 1.41719717e-02 1.41827403e-02 1.41935112e-02 1.42031698e-02 
1.33349153e+00 1.45617070e-02 1.45797137e-02 1.45944478e-02 1.46109588e-02 1.46261580e-02 
1.33382497e+00 1.44667157e-02 1.44800198e-02 1.44920765e-02 1.45032388e-02 1.45155938e-02 
1.33415849e+00 1.42925870e-02 1.43114518e-02 1.43317800e-02 1.43542853e-02 1.43779266e-02 
1.33449210e+00 1.45398581e-02 1.45591639e-02 1.45821576e-02 1.46045546e-02 1.46269200e-02 
1.33482579e+00 1.45794828e-02 1.45983448e-02 1.46218931e-02 1.46446837e-02 1.46675341e-02 
1.33515956e+00 1.47356284e-02 1.47654342e-02 1.47877294e-02 1.48084583e-02 1.48253609e-02 
1.33549342e+00 1.41510341e-02 1.41668811e-02 1.41823558e-02 1.41975004e-02 1.42131117e-02 
1.33582736e+00 1.45432609e-02 1.45673134e-02 1.45881451e-02 1.46106772e-02 1.46303798e-02 
1.33616138e+00 1.42449289e-02 1.42549442e-02 1.42643208e-02 1.42739048e-02 1.42845509e-02 
1.33649549e+00 1.43186989e-02 1.43294293e-02 1.43398132e-02 1.43503072e-02 1.43628027e-02 
1.33682968e+00 1.47371858e-02 1.47517146e-02 1.47684098e-02 1.47844114e-02 1.47996635e-02 
1.33716396e+00 1.49151863e-02 1.49299207e-02 1.49434447e-02 1.49562369e-02 1.49697859e-02 
1.33749831e+00 1.53564502e-02 1.53867696e-02 1.54143215e-02 1.54396862e-02 1.54628248e-02 
1.33783276e+00 1.43765664e-02 1.43938225e-02 1.44131443e-02 1.44325609e-02 1.44503774e-02 
1.33816728e+00 1.43563072e-02 1.43700184e-02 1.43843605e-02 1.43973750e-02 1.44100949e-02 
1.33850189e+00 1.40971694e-02 1.41127583e-02 1.41278471e-02 1.41440713e-02 1.41618631e-02 
1.33883658e+00 1.42127241e-02 1.42333218e-02 1.42548982e-02 1.42774609e-02 1.43006885e-02 
1.33917136e+00 1.43081477e-02 1.43251087e-02 1.43447526e-02 1.43623777e-02 1.43804217e-02 
1.33950622e+00 1.46211098e-02 1.46404078e-02 1.46570339e-02 1.46730390e-02 1.46878243e-02 
1.33984116e+00 1.44044435e-02 1.44169310e-02 1.44292710e-02 1.44419272e-02 1.44546299e-02 
1.34017619e+00 1.42785015e-02 1.42966094e-02 1.43144428e-02 1.43331613e-02 1.43494628e-02 
1.34051130e+00 1.48556832e-02 1.48749234e-02 1.49031597e-02 1.49330749e-02 1.49552225e-02 
1.34084650e+00 1.46953099e-02 1.47074221e-02 1.47184706e-02 1.47289241e-02 1.47409162e-02 
1.34118178e+00 1.52798640e-02 1.53058458e-02 1.53275952e-02 1.53448496e-02 1.53613734e-02 
1.34151714e+00 1.44844797e-02 1.44998891e-02 1.45149358e-02 1.45327291e-02 1.45504538e-02 
1.34185259e+00 1.55807047e-02 1.56145694e-02 1.56462476e-02 1.56727940e-02 1.56968292e-02 
1.34218812e+00 1.46138179e-02 1.46394602e-02 1.46580866e-02 1.46751858e-02 1.46900662e-02 
1.34252373e+00 1.41908466e-02 1.42034410e-02 1.42170620e-02 1.42379510e-02 1.42668249e-02 
1.34285943e+00 1.47022186e-02 1.47396752e-02 1.48004584e-02 1.48477432e-02 1.48645247e-02 
1.34319521e+00 1.43149713e-02 1.43334984e-02 1.43593154e-02 1.44025784e-02 1.44537886e-02 
1.34353108e+00 1.47214565e-02 1.47344055e-02 1.47466053e-02 1.47584849e-02 1.47713875e-02 
1.34386703e+00 1.49528599e-02 1.49786405e-02 1.50005062e-02 1.50221889e-02 1.50399916e-02 
1.34420306e+00 1.46260432e-02 1.46370144e-02 1.46475315e-02 1.46608705e-02 1.46789548e-02 
1.34453918e+00 1.51342682e-02 1.51509183e-02 1.51728503e-02 1.51934300e-02 1.52156112e-02 
1.34487538e+00 1.56140967e-02 1.56440326e-02 1.56689078e-02 1.56910501e-02 1.57109168e-02 
1.34521167e+00 1.42165267e-02 1.42302429e-02 1.42446799e-02 1.42599424e-02 1.42764100e-02 
1.34554804e+00 1.43710265e-02 1.43839228e-02 1.43938190e-02 1.44034609e-02 1.44135937e-02 
1.34588450e+00 1.45146769e-02 1.45282684e-02 1.45411322e-02 1.45526517e-02 1.45652942e-02 
1.34622103e+00 1.41194153e-02 1.41458862e-02 1.41698413e-02 1.41968962e-02 1.42199657e-02 
1.34655766e+00 1.44512455e-02 1.44694456e-02 1.44879204e-02 1.45070865e-02 1.45240935e-02 
1.34689436e+00 1.44846903e-02 1.44962632e-02 1.45120458e-02 1.45327564e-02 1.45547070e-02 
1.34723116e+00 1.44522342e-02 1.44636185e-02 1.44750177e-02 1.44856173e-02 1.44973645e-02 
1.34756803e+00 1.47481362e-02 1.47627417e-02 1.47760344e-02 1.47889672e-02 1.48019998e-02 
1.34790499e+00 1.47691547e-02 1.48129520e-02 1.48327437e-02 1.48501025e-02 1.48650942e-02 
1.34824203e+00 1.48834875e-02 1.49002333e-02 1.49237414e-02 1.49526844e-02 1.49819179e-02 
1.34857916e+00 1.42883700e-02 1.43039638e-02 1.43181152e-02 1.43302593e-02 1.43404498e-02 
1.34891638e+00 1.42656973e-02 1.42846883e-02 1.43028972e-02 1.43224104e-02 1.43400356e-02 
1.34925367e+00 1.44032122e-02 1.44135130e-02 1.44236426e-02 1.44340471e-02 1.44450401e-02 
1.34959105e+00 1.45847281e-02 1.46110159e-02 1.46503308e-02 1.46863724e-02 1.47050907e-02 
1.34992852e+00 1.53995536e-02 1.54164638e-02 1.54310443e-02 1.54451380e-02 1.54594059e-02 
1.35026607e+00 1.48704060e-02 1.48922527e-02 1.49104538e-02 1.49289158e-02 1.49456490e-02 
1.35060370e+00 1.42298561e-02 1.42505515e-02 1.42726968e-02 1.42938807e-02 1.43147238e-02 
1.35094142e+00 1.41624423e-02 1.41792203e-02 1.41969654e-02 1.42161964e-02 1.42340996e-02 
1.35127923e+00 1.43429268e-02 1.43588167e-02 1.43767820e-02 1.43949307e-02 1.44109573e-02 
1.35161711e+00 1.44864459e-02 1.44980062e-02 1.45091509e-02 1.45200999e-02 1.45315958e-02 
1.35195509e+00 1.42003812e-02 1.42257998e-02 1.42495933e-02 1.42743189e-02 1.42934627e-02 
1.35229314e+00 1.44531218e-02 1.44642899e-02 1.44738171e-02 1.44863401e-02 1.44987190e-02 
1.35263128e+00 1.43215665e-02 1.43422473e-02 1.43642194e-02 1.43816965e-02 1.43940114e-02 
1.35296951e+00 1.45604028e-02 1.45824680e-02 1.46085660e-02 1.46499119e-02 1.47011179e-02 
1.35330782e+00 1.46107004e-02 1.46409320e-02 1.46842788e-02 1.47187165e-02 1.47367094e-02 
1.35364621e+00 1.43030348e-02 1.43134407e-02 1.43246862e-02 1.43366779e-02 1.43483493e-02 
1.35398469e+00 1.44873043e-02 1.45844861e-02 1.46480651e-02 1.46632835e-02 1.46766415e-02 
1.35432326e+00 1.43883185e-02 1.44096735e-02 1.44320690e-02 1.44524110e-02 1.44728971e-02 
1.35466191e+00 1.43841165e-02 1.43953635e-02 1.44062225e-02 1.44164926e-02 1.44263960e-02 
1.35500064e+00 1.49351584e-02 1.49581240e-02 1.49750113e-02 1.49900404e-02 1.50034948e-02 
1.35533946e+00 1.48077661e-02 1.48216410e-02 1.48350809e-02 1.48491516e-02 1.48638394e-02 
1.35567836e+00 1.47178452e-02 1.47353308e-02 1.47696631e-02 1.48433265e-02 1.49333067e-02 
1.35601735e+00 1.43202833e-02 1.43315405e-02 1.43420970e-02 1.43532819e-02 1.43654182e-02 
1.35635642e+00 1.48703267e-02 1.48927737e-02 1.49114909e-02 1.49306418e-02 1.49475384e-02 
1.35669558e+00 1.46727712e-02 1.46906673e-02 1.47049740e-02 1.47199829e-02 1.47343300e-02 
1.35703482e+00 1.45687370e-02 1.45818337e-02 1.45945367e-02 1.46055469e-02 1.46167233e-02 
1.35737415e+00 1.46616859e-02 1.46774592e-02 1.46949856e-02 1.47142729e-02 1.47315498e-02 
1.35771356e+00 1.48520990e-02 1.48680045e-02 1.48841709e-02 1.49032936e-02 1.49226438e-02 
1.35805306e+00 1.45157945e-02 1.45315847e-02 1.45492301e-02 1.45655143e-02 1.45814386e-02 
1.35839264e+00 1.44408906e-02 1.44539603e-02 1.44669911e-02 1.44794791e-02 1.44923849e-02 
1.35873230e+00 1.42365526e-02 1.42515931e-02 1.42661185e-02 1.42802922e-02 1.42946691e-02 
1.35907206e+00 1.48317988e-02 1.48501829e-02 1.48666406e-02 1.48842058e-02 1.48996931e-02 
1.35941189e+00 1.48101550e-02 1.48379090e-02 1.48559478e-02 1.48710902e-02 1.48855787e-02 
1.35975181e+00 1.44940697e-02 1.45045843e-02 1.45163905e-02 1.45275315e-02 1.45390193e-02 
1.36009182e+00 1.43622571e-02 1.43719447e-02 1.43815354e-02 1.43915015e-02 1.44010611e-02 
1.36043191e+00 1.48574641e-02 1.48739699e-02 1.48887637e-02 1.49034824e-02 1.49182918e-02 
1.36077209e+00 1.42638098e-02 1.42820712e-02 1.42994275e-02 1.43182729e-02 1.43337001e-02 
1.36111235e+00 1.44759260e-02 1.44863477e-02 1.44975054e-02 1.45094468e-02 1.45212847e-02 
1.36145270e+00 1.45853568e-02 1.45978387e-02 1.46096640e-02 1.46206135e-02 1.46323486e-02 
1.36179313e+00 1.50806751e-02 1.51095542e-02 1.51331916e-02 1.51506404e-02 1.51686429e-02 
1.36213364e+00 1.44325555e-02 1.44439890e-02 1.44553795e-02 1.44648156e-02 1.44752930e-02 
1.36247425e+00 1.45960509e-02 1.46220252e-02 1.46436522e-02 1.46620166e-02 1.46782169e-02 
1.36281493e+00 1.51484790e-02 1.51630400e-02 1.51759359e-02 1.51886982e-02 1.52026913e-02 
1.36315570e+00 1.51215962e-02 1.51363142e-02 1.51494212e-02 1.51620071e-02 1.51762784e-02 
1.36349656e+00 1.46711627e-02 1.46931376e-02 1.47120210e-02 1.47315119e-02 1.47481213e-02 
1.36383750e+00 1.50712761e-02 1.50843506e-02 1.50965972e-02 1.51076667e-02 1.51205163e-02 
1.36417853e+00 1.52308372e-02 1.52463525e-02 1.52606500e-02 1.52740484e-02 1.52881847e-02 
1.36451965e+00 1.46842085e-02 1.47009743e-02 1.47300145e-02 1.47845205e-02 1.48435775e-02 
1.36486084e+00 1.47273882e-02 1.47450068e-02 1.47591469e-02 1.47715229e-02 1.47849027e-02 
1.36520213e+00 1.43777454e-02 1.43882214e-02 1.43991529e-02 1.44108591e-02 1.44223664e-02 
1.36554350e+00 1.47925052e-02 1.48195580e-02 1.48416427e-02 1.48637834e-02 1.48811057e-02 
1.36588495e+00 1.42504169e-02 1.42606269e-02 1.42700393e-02 1.42794231e-02 1.42895357e-02 
1.36622649e+00 1.50292172e-02 1.50464071e-02 1.50660986e-02 1.50840367e-02 1.51027816e-02 
1.36656812e+00 1.51121415e-02 1.51329830e-02 1.51502486e-02 1.51680672e-02 1.51844404e-02 
1.36690983e+00 1.45766896e-02 1.45868285e-02 1.45958062e-02 1.46054377e-02 1.46153182e-02 
1.36725162e+00 1.42903618e-02 1.43051045e-02 1.43186181e-02 1.43338660e-02 1.43473058e-02 
1.36759351e+00 1.45542716e-02 1.45748870e-02 1.45986990e-02 1.46197380e-02 1.46347433e-02 
1.36793547e+00 1.46312110e-02 1.46429803e-02 1.46546292e-02 1.46659507e-02 1.46778105e-02 
1.36827753e+00 1.48839192e-02 1.48963817e-02 1.49096179e-02 1.49215288e-02 1.49349196e-02 
1.36861966e+00 1.44871752e-02 1.44988792e-02 1.45107735e-02 1.45235496e-02 1.45347398e-02 
1.36896189e+00 1.43333558e-02 1.43449181e-02 1.43561339e-02 1.43663948e-02 1.43766456e-02 
1.36930420e+00 1.44224943e-02 1.44331257e-02 1.44429280e-02 1.44529878e-02 1.44633799e-02 
1.36964659e+00 1.43191325e-02 1.43294068e-02 1.43397988e-02 1.43492872e-02 1.43584677e-02 
1.36998907e+00 1.46776463e-02 1.46958483e-02 1.47106371e-02 1.47257613e-02 1.47403836e-02 
1.37033164e+00 1.48237672e-02 1.48613244e-02 1.48847583e-02 1.48985259e-02 1.49124950e-02 
1.37067429e+00 1.49826967e-02 1.50035029e-02 1.50215884e-02 1.50378115e-02 1.50534628e-02 
1.37101703e+00 1.52748453e-02 1.52889259e-02 1.53028212e-02 1.53149932e-02 1.53279829e-02 
1.37135985e+00 1.45607629e-02 1.45740290e-02 1.45933873e-02 1.46208753e-02 1.46522651e-02 
1.37170276e+00 1.45439782e-02 1.45604376e-02 1.45762441e-02 1.45915825e-02 1.46058111e-02 
1.37204575e+00 1.45516682e-02 1.45644085e-02 1.45782025e-02 1.45923322e-02 1.46063693e-02 
1.37238883e+00 1.43608828e-02 1.43743456e-02 1.43899963e-02 1.44078875e-02 1.44286147e-02 
1.37273200e+00 1.51460048e-02 1.51852082e-02 1.52038883e-02 1.52179934e-02 1.52324337e-02 
1.37307525e+00 1.43647327e-02 1.43807202e-02 1.43954632e-02 1.44093841e-02 1.44212824e-02 
1.37341859e+00 1.51228388e-02 1.51837055e-02 1.52073928e-02 1.52224110e-02 1.52395694e-02 
1.37376201e+00 1.48886188e-02 1.49105991e-02 1.49341832e-02 1.49543498e-02 1.49717640e-02 
1.37410552e+00 1.48462284e-02 1.48592440e-02 1.48720051e-02 1.48837168e-02 1.48968243e-02 
1.37444912e+00 1.49676757e-02 1.49812447e-02 1.49946560e-02 1.50065747e-02 1.50201338e-02 
1.37479280e+00 1.47815663e-02 1.48020947e-02 1.48183514e-02 1.48343312e-02 1.48486636e-02 
1.37513657e+00 1.48702278e-02 1.48835710e-02 1.48961870e-02 1.49081923e-02 1.49217365e-02 
1.37548042e+00 1.47132454e-02 1.47284540e-02 1.47449858e-02 1.47589082e-02 1.47744895e-02 
1.37582436e+00 1.45806024e-02 1.45936093e-02 1.46063676e-02 1.46170332e-02 1.46295520e-02 
1.37616838e+00 1.44432990e-02 1.44570130e-02 1.44810947e-02 1.45212588e-02 1.45656309e-02 
1.37651250e+00 1.46413960e-02 1.46603386e-02 1.46847432e-02 1.47218176e-02 1.47649490e-02 
1.37685669e+00 1.43976423e-02 1.44140850e-02 1.44329565e-02 1.44535464e-02 1.44754607e-02 
1.37720098e+00 1.44195288e-02 1.44352207e-02 1.44510626e-02 1.44682784e-02 1.44835792e-02 
1.37754535e+00 1.43910243e-02 1.44151293e-02 1.44512377e-02 1.45376153e-02 1.46897148e-02 
1.37788980e+00 1.43158037e-02 1.43265814e-02 1.43378530e-02 1.43484857e-02 1.43594631e-02 
1.37823434e+00 1.43919703e-02 1.44031019e-02 1.44138211e-02 1.44232138e-02 1.44328646e-02 
1.37857897e+00 1.48081098e-02 1.48227498e-02 1.48392828e-02 1.48551130e-02 1.48701444e-02 
1.37892368e+00 1.52319683e-02 1.52444280e-02 1.52583727e-02 1.52714772e-02 1.52861478e-02 
1.37926849e+00 1.49637400e-02 1.49742825e-02 1.49858028e-02 1.49968762e-02 1.50065302e-02 
1.37961337e+00 1.43059529e-02 1.43166138e-02 1.43269347e-02 1.43359168e-02 1.43455402e-02 
1.37995834e+00 1.47041907e-02 1.47167996e-02 1.47305581e-02 1.47435160e-02 1.47587118e-02 
1.38030340e+00 1.43302035e-02 1.43460422e-02 1.43619672e-02 1.43779089e-02 1.43926827e-02 
1.38064855e+00 1.46222712e-02 1.46411413e-02 1.46602653e-02 1.46738940e-02 1.46868193e-02 
1.38099378e+00 1.48271062e-02 1.48408046e-02 1.48561585e-02 1.48710179e-02 1.48857784e-02 
1.38133910e+00 1.45539800e-02 1.45722772e-02 1.45938606e-02 1.46153248e-02 1.46367027e-02 
1.38168450e+00 1.47770140e-02 1.47959232e-02 1.48105848e-02 1.48259422e-02 1.48395027e-02 
1.38202999e+00 1.44141340e-02 1.44295931e-02 1.44444848e-02 1.44579049e-02 1.44702338e-02 
1.38237557e+00 1.45145137e-02 1.45312180e-02 1.45456497e-02 1.45593190e-02 1.45713037e-02 
1.38272123e+00 1.52758618e-02 1.52928360e-02 1.53241929e-02 1.53631042e-02 1.54000351e-02 
1.38306698e+00 1.50395433e-02 1.51101734e-02 1.51426045e-02 1.51617002e-02 1.51791075e-02 
1.38341282e+00 1.42845630e-02 1.43020869e-02 1.43226227e-02 1.43467114e-02 1.43700145e-02 
1.38375874e+00 1.42281392e-02 1.42383981e-02 1.42490987e-02 1.42590718e-02 1.42684270e-02 
1.38410475e+00 1.44374073e-02 1.44477424e-02 1.44590749e-02 1.44700723e-02 1.44810938e-02 
1.38445085e+00 1.49136404e-02 1.49307334e-02 1.49499023e-02 1.49679508e-02 1.49852957e-02 
1.38479703e+00 1.44015499e-02 1.44187113e-02 1.44404447e-02 1.44625080e-02 1.44830533e-02 
1.38514330e+00 1.51554229e-02 1.52370228e-02 1.52679487e-02 1.52841031e-02 1.52987144e-02 
1.38548965e+00 1.47111716e-02 1.47228371e-02 1.47397166e-02 1.47596149e-02 1.47829909e-02 
1.38583609e+00 1.48347025e-02 1.48533775e-02 1.48675326e-02 1.48816437e-02 1.48947036e-02 
1.38618262e+00 1.45669738e-02 1.45790284e-02 1.45916394e-02 1.46043886e-02 1.46167100e-02 
1.38652924e+00 1.43932752e-02 1.44206630e-02 1.44652968e-02 1.45655182e-02 1.46963811e-02 
1.38687594e+00 1.45880307e-02 1.45999815e-02 1.46119394e-02 1.46238872e-02 1.46355450e-02 
1.38722273e+00 1.45107486e-02 1.45236646e-02 1.45371913e-02 1.45509021e-02 1.45638921e-02 
1.38756960e+00 1.44368810e-02 1.44477592e-02 1.44600029e-02 1.44711530e-02 1.44833460e-02 
1.38791657e+00 1.47151939e-02 1.47274123e-02 1.47400998e-02 1.47517808e-02 1.47646392e-02 
1.38826362e+00 1.47294454e-02 1.47423150e-02 1.47566593e-02 1.47705854e-02 1.47851351e-02 
1.38861075e+00 1.47293943e-02 1.47442364e-02 1.47575551e-02 1.47703048e-02 1.47830673e-02 
1.38895797e+00 1.46000262e-02 1.46118620e-02 1.46231820e-02 1.46335895e-02 1.46451047e-02 
1.38930528e+00 1.42493735e-02 1.42589873e-02 1.42690437e-02 1.42781125e-02 1.42868406e-02 
1.38965268e+00 1.47505316e-02 1.47640660e-02 1.47781129e-02 1.47912141e-02 1.48051892e-02 
1.39000016e+00 1.44921767e-02 1.45028269e-02 1.45132324e-02 1.45228996e-02 1.45332380e-02 
1.39034773e+00 1.49681653e-02 1.49809887e-02 1.49944222e-02 1.50064300e-02 1.50200554e-02 
1.39069539e+00 1.47597575e-02 1.47964507e-02 1.48292836e-02 1.48459947e-02 1.48606958e-02 
1.39104313e+00 1.46671290e-02 1.46790534e-02 1.46909047e-02 1.47020689e-02 1.47148143e-02 
1.39139096e+00 1.45679877e-02 1.45828739e-02 1.45997674e-02 1.46189388e-02 1.46425130e-02 
1.39173888e+00 1.46487188e-02 1.47265630e-02 1.47744476e-02 1.48007574e-02 1.48234428e-02 
1.39208689e+00 1.43921309e-02 1.44063258e-02 1.44179850e-02 1.44299630e-02 1.44425558e-02 
1.39243498e+00 1.47035533e-02 1.47243231e-02 1.47406448e-02 1.47562159e-02 1.47694624e-02 
1.39278316e+00 1.46159105e-02 1.46331765e-02 1.46484848e-02 1.46635416e-02 1.46772627e-02 
1.39313142e+00 1.49814410e-02 1.50061570e-02 1.50407323e-02 1.50826459e-02 1.51219432e-02 
1.39347977e+00 1.43379410e-02 1.43491775e-02 1.43603198e-02 1.43706209e-02 1.43804340e-02 
1.39382821e+00 1.45907695e-02 1.46031397e-02 1.46166388e-02 1.46313561e-02 1.46462417e-02 
1.39417674e+00 1.49533793e-02 1.49829727e-02 1.50339362e-02 1.51031641e-02 1.51252381e-02 
1.39452536e+00 1.47908669e-02 1.48037864e-02 1.48179587e-02 1.48342905e-02 1.48505534e-02 
1.39487406e+00 1.47224376e-02 1.47398697e-02 1.47604039e-02 1.47803848e-02 1.48003486e-02 
1.39522285e+00 1.48785567e-02 1.49009670e-02 1.49279643e-02 1.49590619e-02 1.49869169e-02 
1.39557172e+00 1.43171308e-02 1.43279324e-02 1.43387833e-02 1.43501938e-02 1.43625312e-02 
1.39592068e+00 1.42455666e-02 1.42555267e-02 1.42648198e-02 1.42756187e-02 1.42867249e-02 
1.39626974e+00 1.50819647e-02 1.51469116e-02 1.52138865e-02 1.52368098e-02 1.52541556e-02 
1.39661887e+00 1.49108787e-02 1.49252128e-02 1.49415117e-02 1.49572412e-02 1.49724572e-02 
1.39696810e+00 1.42871261e-02 1.43042468e-02 1.43226723e-02 1.43414094e-02 1.43606097e-02 
1.39731741e+00 1.46903614e-02 1.47035661e-02 1.47186284e-02 1.47343306e-02 1.47501804e-02 
1.39766681e+00 1.44181260e-02 1.44294282e-02 1.44403400e-02 1.44509459e-02 1.44616515e-02 
1.39801630e+00 1.44187570e-02 1.44385066e-02 1.44546931e-02 1.44688642e-02 1.44816741e-02 
1.39836587e+00 1.45756465e-02 1.45926208e-02 1.46089559e-02 1.46312770e-02 1.46532465e-02 
1.39871553e+00 1.49475328e-02 1.49677304e-02 1.49847881e-02 1.50028344e-02 1.50199234e-02 
1.39906528e+00 1.43531126e-02 1.43687232e-02 1.43841456e-02 1.43966869e-02 1.44083218e-02 
1.39941512e+00 1.50055519e-02 1.50195615e-02 1.50325219e-02 1.50450085e-02 1.50588322e-02 
1.39976504e+00 1.48762304e-02 1.48890743e-02 1.49042899e-02 1.49169441e-02 1.49303918e-02 
1.40011505e+00 1.44349279e-02 1.44506297e-02 1.44668261e-02 1.44862964e-02 1.45065108e-02 
1.40046515e+00 1.43737092e-02 1.43877651e-02 1.43999629e-02 1.44110808e-02 1.44224868e-02 
1.40081534e+00 1.45727829e-02 1.45889983e-02 1.46052899e-02 1.46235509e-02 1.46397681e-02 
1.40116561e+00 1.48082261e-02 1.48211569e-02 1.48356551e-02 1.48480698e-02 1.48620230e-02 
1.40151598e+00 1.46067247e-02 1.46276396e-02 1.46445159e-02 1.46608149e-02 1.46753243e-02 
1.40186643e+00 1.49363632e-02 1.49510272e-02 1.49643754e-02 1.49775511e-02 1.49904485e-02 
1.40221696e+00 1.45615407e-02 1.45875168e-02 1.46127426e-02 1.46374808e-02 1.46598138e-02 
1.40256759e+00 1.47657995e-02 1.47862108e-02 1.48037326e-02 1.48223117e-02 1.48393136e-02 
1.40291830e+00 1.51503209e-02 1.51653879e-02 1.51795224e-02 1.51928688e-02 1.52062053e-02 
1.40326910e+00 1.44852780e-02 1.44961020e-02 1.45079531e-02 1.45214480e-02 1.45348807e-02 
1.40361999e+00 1.43921810e-02 1.44019893e-02 1.44117822e-02 1.44220238e-02 1.44324879e-02 
1.40397096e+00 1.49565334e-02 1.49695149e-02 1.49845306e-02 1.49993164e-02 1.50136095e-02 
1.40432203e+00 1.45686968e-02 1.45807798e-02 1.45928108e-02 1.46069375e-02 1.46212591e-02 
1.40467318e+00 1.42460416e-02 1.42569875e-02 1.42674705e-02 1.42775469e-02 1.42875349e-02 
1.40502442e+00 1.50015818e-02 1.50214327e-02 1.50392805e-02 1.50591457e-02 1.50767167e-02 
1.40537574e+00 1.48978052e-02 1.49138230e-02 1.49295546e-02 1.49433916e-02 1.49574581e-02 
1.40572716e+00 1.48218811e-02 1.48388807e-02 1.48527954e-02 1.48669349e-02 1.48802846e-02 
1.40607866e+00 1.47864519e-02 1.47981566e-02 1.48113327e-02 1.48242237e-02 1.48381467e-02 
1.40643025e+00 1.45595631e-02 1.45749142e-02 1.45882212e-02 1.46005226e-02 1.46134175e-02 
1.40678193e+00 1.46328249e-02 1.46490847e-02 1.46612102e-02 1.46722687e-02 1.46844074e-02 
1.40713369e+00 1.48227733e-02 1.48471623e-02 1.48671083e-02 1.48869564e-02 1.49040096e-02 
1.40748555e+00 1.44634577e-02 1.44747677e-02 1.44838809e-02 1.44935407e-02 1.45037016e-02 
1.40783749e+00 1.52796239e-02 1.53041372e-02 1.53246437e-02 1.53448282e-02 1.53624592e-02 
1.40818952e+00 1.44845598e-02 1.44958405e-02 1.45067755e-02 1.45183269e-02 1.45290810e-02 
1.40854164e+00 1.45790012e-02 1.45923336e-02 1.46042704e-02 1.46149003e-02 1.46270188e-02 
1.40889384e+00 1.47092539e-02 1.47215180e-02 1.47348425e-02 1.47486410e-02 1.47640184e-02 
1.40924614e+00 1.46737570e-02 1.46870500e-02 1.47022471e-02 1.47193966e-02 1.47357902e-02 
1.40959852e+00 1.46630296e-02 1.46747985e-02 1.46865305e-02 1.46972854e-02 1.47094954e-02 
1.40995099e+00 1.49397611e-02 1.49528923e-02 1.49674173e-02 1.49802243e-02 1.49936237e-02 
1.41030355e+00 1.46019558e-02 1.46136730e-02 1.46254087e-02 1.46365676e-02 1.46482171e-02 
1.41065620e+00 1.44759543e-02 1.45082921e-02 1.45294373e-02 1.45432573e-02 1.45556876e-02 
1.41100893e+00 1.48412568e-02 1.48567014e-02 1.48815840e-02 1.49122200e-02 1.49468533e-02 
1.41136176e+00 1.45904759e-02 1.46015675e-02 1.46129702e-02 1.46232117e-02 1.46340503e-02 
1.41171467e+00 1.48131918e-02 1.48278749e-02 1.48412745e-02 1.48530897e-02 1.48668790e-02 
1.41206767e+00 1.43207605e-02 1.43330428e-02 1.43437225e-02 1.43552161e-02 1.43658107e-02 
1.41242075e+00 1.48093112e-02 1.48908478e-02 1.49312045e-02 1.49462973e-02 1.49602814e-02 
1.41277393e+00 1.47809887e-02 1.48059849e-02 1.48273501e-02 1.48492489e-02 1.48673882e-02 
1.41312719e+00 1.50519940e-02 1.50977568e-02 1.51635808e-02 1.52485196e-02 1.53171818e-02 
1.41348055e+00 1.47180912e-02 1.47591711e-02 1.48289950e-02 1.48864898e-02 1.49061521e-02 
1.41383399e+00 1.44327255e-02 1.44550649e-02 1.44761148e-02 1.44955028e-02 1.45137025e-02 
1.41418752e+00 1.43625645e-02 1.43758040e-02 1.43878767e-02 1.44006662e-02 1.44135302e-02 
1.41454114e+00 1.45480214e-02 1.45622117e-02 1.45830718e-02 1.46053528e-02 1.46287990e-02 
1.41489484e+00 1.50832761e-02 1.50981942e-02 1.51111009e-02 1.51231106e-02 1.51366519e-02 
1.41524864e+00 1.45250846e-02 1.45366087e-02 1.45478202e-02 1.45580538e-02 1.45696359e-02 
1.41560252e+00 1.47951824e-02 1.48098860e-02 1.48233818e-02 1.48354613e-02 1.48487629e-02 
1.41595649e+00 1.46501779e-02 1.46680889e-02 1.46830732e-02 1.46988652e-02 1.47134119e-02 
1.41631055e+00 1.44613733e-02 1.44802143e-02 1.44954818e-02 1.45104623e-02 1.45248637e-02 
1.41666470e+00 1.44344415e-02 1.44466157e-02 1.44620340e-02 1.44781840e-02 1.44941398e-02 
1.41701894e+00 1.47753299e-02 1.48234591e-02 1.48475724e-02 1.48654326e-02 1.48807188e-02 
1.41737326e+00 1.45042524e-02 1.45234672e-02 1.45405745e-02 1.45587937e-02 1.45740701e-02 
1.41772768e+00 1.48763445e-02 1.49352457e-02 1.49672970e-02 1.49854003e-02 1.50026686e-02 
1.41808218e+00 1.45314199e-02 1.45484237e-02 1.45658826e-02 1.45818468e-02 1.45965098e-02 
1.41843677e+00 1.51692258e-02 1.51824589e-02 1.51960308e-02 1.52080058e-02 1.52216911e-02 
1.41879145e+00 1.43910286e-02 1.44018858e-02 1.44126663e-02 1.44216502e-02 1.44316711e-02 
1.41914622e+00 1.45530570e-02 1.45728689e-02 1.45977321e-02 1.46237035e-02 1.46499602e-02 
1.41950108e+00 1.46464011e-02 1.46609153e-02 1.46743976e-02 1.46877598e-02 1.47016843e-02 
1.41985603e+00 1.46736969e-02 1.46913288e-02 1.47172645e-02 1.47388425e-02 1.47572114e-02 
1.42021106e+00 1.46029648e-02 1.46145011e-02 1.46250032e-02 1.46347638e-02 1.46444840e-02 
1.42056619e+00 1.47513868e-02 1.47627205e-02 1.47758400e-02 1.47883715e-02 1.48014824e-02 
1.42092140e+00 1.45112042e-02 1.45292330e-02 1.45436199e-02 1.45575489e-02 1.45715472e-02 
1.42127670e+00 1.44559445e-02 1.44696219e-02 1.44831217e-02 1.44956805e-02 1.45083965e-02 
1.42163209e+00 1.44667827e-02 1.44787709e-02 1.44911210e-02 1.45028184e-02 1.45141965e-02 
1.42198757e+00 1.51824025e-02 1.51977274e-02 1.52117075e-02 1.52249418e-02 1.52389666e-02 
1.42234314e+00 1.48533570e-02 1.48723524e-02 1.48880742e-02 1.49038194e-02 1.49190004e-02 
1.42269880e+00 1.47086860e-02 1.47229221e-02 1.47393202e-02 1.47549045e-02 1.47698491e-02 
1.42305454e+00 1.47277097e-02 1.47406261e-02 1.47529846e-02 1.47648263e-02 1.47779469e-02 
1.42341038e+00 1.52404049e-02 1.52938344e-02 1.53222502e-02 1.53375783e-02 1.53514026e-02 
1.42376630e+00 1.44095727e-02 1.44207170e-02 1.44315730e-02 1.44433119e-02 1.44557804e-02 
1.42412232e+00 1.47076353e-02 1.47263080e-02 1.47416237e-02 1.47569318e-02 1.47714092e-02 
1.42447842e+00 1.45742877e-02 1.45917786e-02 1.46097781e-02 1.46244020e-02 1.46377207e-02 
1.42483461e+00 1.44113327e-02 1.44269414e-02 1.44544397e-02 1.44943824e-02 1.45407019e-02 
1.42519089e+00 1.46143443e-02 1.46366263e-02 1.46660735e-02 1.46954135e-02 1.47252263e-02 
1.42554726e+00 1.47485345e-02 1.47600429e-02 1.47725543e-02 1.47841572e-02 1.47980952e-02 
1.42590372e+00 1.46635438e-02 1.46781401e-02 1.46906640e-02 1.47026196e-02 1.47155914e-02 
1.42626027e+00 1.45467660e-02 1.45666279e-02 1.45801283e-02 1.45901765e-02 1.46015021e-02 
1.42661690e+00 1.45596426e-02 1.45957160e-02 1.46216412e-02 1.46391538e-02 1.46545796e-02 
1.42697363e+00 1.49534198e-02 1.49745192e-02 1.49910509e-02 1.50070477e-02 1.50204506e-02 
1.42733044e+00 1.49769390e-02 1.49901575e-02 1.50051089e-02 1.50201181e-02 1.50342209e-02 
1.42768735e+00 1.51289806e-02 1.51431170e-02 1.51572125e-02 1.51703771e-02 1.51839276e-02 
1.42804434e+00 1.45955034e-02 1.46103718e-02 1.46274909e-02 1.46458013e-02 1.46632472e-02 
1.42840142e+00 1.52781094e-02 1.52977918e-02 1.53130447e-02 1.53289561e-02 1.53441760e-02 
1.42875860e+00 1.50085296e-02 1.50250426e-02 1.50392396e-02 1.50517830e-02 1.50661091e-02 
1.42911586e+00 1.43019456e-02 1.43202373e-02 1.43379174e-02 1.43555326e-02 1.43737705e-02 
1.42947321e+00 1.47319430e-02 1.47470933e-02 1.47617012e-02 1.47768915e-02 1.47920891e-02 
1.42983065e+00 1.42809054e-02 1.42922443e-02 1.43030280e-02 1.43128162e-02 1.43222714e-02 
1.43018818e+00 1.46120761e-02 1.46320878e-02 1.46509145e-02 1.46699476e-02 1.46871897e-02 
1.43054580e+00 1.47683982e-02 1.47855211e-02 1.47998228e-02 1.48132492e-02 1.48271151e-02 
1.43090351e+00 1.47217433e-02 1.47394952e-02 1.47537774e-02 1.47677125e-02 1.47808563e-02 
1.43126130e+00 1.44614355e-02 1.44824057e-02 1.44994109e-02 1.45169128e-02 1.45318452e-02 
1.43161919e+00 1.47981739e-02 1.48204142e-02 1.48553835e-02 1.48806338e-02 1.48979452e-02 
1.43197717e+00 1.53006080e-02 1.53349921e-02 1.53594182e-02 1.53806524e-02 1.53986635e-02 
1.43233523e+00 1.48273510e-02 1.48443583e-02 1.48582970e-02 1.48723880e-02 1.48857204e-02 
1.43269339e+00 1.49391225e-02 1.50080950e-02 1.51089006e-02 1.51591350e-02 1.51778748e-02 
1.43305163e+00 1.47940180e-02 1.48164623e-02 1.48373814e-02 1.48565434e-02 1.48746949e-02 
1.43340997e+00 1.43997813e-02 1.44118112e-02 1.44237124e-02 1.44349828e-02 1.44464279e-02 
1.43376839e+00 1.55151979e-02 1.55669275e-02 1.56032263e-02 1.56253946e-02 1.56444657e-02 
1.43412691e+00 1.49639724e-02 1.49874094e-02 1.50213026e-02 1.50654680e-02 1.51034804e-02 
1.43448551e+00 1.48733064e-02 1.48868460e-02 1.48994340e-02 1.49114774e-02 1.49248861e-02 
1.43484421e+00 1.52491789e-02 1.52693600e-02 1.52846839e-02 1.52991692e-02 1.53137795e-02 
1.43520299e+00 1.49758346e-02 1.49898559e-02 1.50027431e-02 1.50154625e-02 1.50294777e-02 
1.43556186e+00 1.48342106e-02 1.48489060e-02 1.48628633e-02 1.48750627e-02 1.48886764e-02 
1.43592082e+00 1.46473432e-02 1.46717537e-02 1.46907242e-02 1.47100952e-02 1.47260570e-02 
1.43627988e+00 1.46353407e-02 1.46547764e-02 1.46716712e-02 1.46889916e-02 1.47044947e-02 
1.43663902e+00 1.46875201e-02 1.46989396e-02 1.47111749e-02 1.47238227e-02 1.47371959e-02 
1.43699825e+00 1.48716913e-02 1.49273484e-02 1.50187709e-02 1.50616477e-02 1.50786970e-02 
1.43735757e+00 1.44384989e-02 1.44493009e-02 1.44611390e-02 1.44723622e-02 1.44848233e-02 
1.43771698e+00 1.47895673e-02 1.48019052e-02 1.48138125e-02 1.48252700e-02 1.48374338e-02 
1.43807648e+00 1.48918133e-02 1.49045527e-02 1.49183281e-02 1.49302724e-02 1.49448858e-02 
1.43843608e+00 1.48358716e-02 1.48484983e-02 1.48636204e-02 1.48784010e-02 1.48967335e-02 
1.43879576e+00 1.44674787e-02 1.44778901e-02 1.44889517e-02 1.44991961e-02 1.45102767e-02 
1.43915553e+00 1.45550541e-02 1.45681376e-02 1.45810534e-02 1.45918507e-02 1.46026227e-02 
1.43951539e+00 1.52522413e-02 1.52662100e-02 1.52788610e-02 1.52911657e-02 1.53036457e-02 
1.43987534e+00 1.47112927e-02 1.47233879e-02 1.47367828e-02 1.47496402e-02 1.47637497e-02 
1.44023538e+00 1.45213236e-02 1.45364218e-02 1.45501260e-02 1.45635839e-02 1.45777290e-02 
1.44059551e+00 1.45290782e-02 1.45431248e-02 1.45561181e-02 1.45671951e-02 1.45802593e-02 
1.44095573e+00 1.50361463e-02 1.50541166e-02 1.50686648e-02 1.50827935e-02 1.50959233e-02 
1.44131605e+00 1.45918421e-02 1.46050762e-02 1.46171028e-02 1.46281606e-02 1.46408461e-02 
1.44167645e+00 1.48178711e-02 1.48363150e-02 1.48506924e-02 1.48660903e-02 1.48799336e-02 
1.44203694e+00 1.47382840e-02 1.47494960e-02 1.47622220e-02 1.47739928e-02 1.47870681e-02 
1.44239752e+00 1.49212220e-02 1.49534221e-02 1.49753063e-02 1.49948195e-02 1.50105935e-02 
1.44275819e+00 1.47984733e-02 1.48819931e-02 1.49237686e-02 1.49511429e-02 1.49740223e-02 
1.44311895e+00 1.48945809e-02 1.49242934e-02 1.49472513e-02 1.49691542e-02 1.49863458e-02 
1.44347981e+00 1.44701490e-02 1.44821713e-02 1.44933560e-02 1.45039535e-02 1.45160688e-02 
1.44384075e+00 1.47355111e-02 1.47727551e-02 1.47977703e-02 1.48147976e-02 1.48295805e-02 
1.44420178e+00 1.43974455e-02 1.44133323e-02 1.44265083e-02 1.44365772e-02 1.44467678e-02 
1.44456291e+00 1.46251993e-02 1.46388247e-02 1.46590608e-02 1.46888557e-02 1.47223181e-02 
1.44492412e+00 1.46630041e-02 1.46834696e-02 1.46993116e-02 1.47147559e-02 1.47294736e-02 
1.44528542e+00 1.48386820e-02 1.48602012e-02 1.48886033e-02 1.49169261e-02 1.49408015e-02 
1.44564682e+00 1.49797184e-02 1.49941743e-02 1.50077040e-02 1.50203163e-02 1.50337015e-02 
1.44600830e+00 1.46785202e-02 1.46993193e-02 1.47252412e-02 1.47431676e-02 1.47566034e-02 
1.44636988e+00 1.46808980e-02 1.46966147e-02 1.47101592e-02 1.47239283e-02 1.47380720e-02 
1.44673154e+00 1.43623166e-02 1.43751882e-02 1.43853346e-02 1.43949687e-02 1.44058441e-02 
1.44709330e+00 1.45244568e-02 1.45440701e-02 1.45625823e-02 1.45801360e-02 1.45962675e-02 
1.44745514e+00 1.52811115e-02 1.53063711e-02 1.53284147e-02 1.53503702e-02 1.53681080e-02 
1.44781708e+00 1.47746439e-02 1.47911965e-02 1.48048237e-02 1.48176893e-02 1.48307653e-02 
1.44817911e+00 1.46683888e-02 1.46919746e-02 1.47120717e-02 1.47325532e-02 1.47492679e-02 
1.44854122e+00 1.47633628e-02 1.47807344e-02 1.47968245e-02 1.48122696e-02 1.48293817e-02 
1.44890343e+00 1.45485622e-02 1.45685820e-02 1.45949232e-02 1.46232484e-02 1.46518255e-02 
1.44926573e+00 1.44687980e-02 1.44821229e-02 1.44938784e-02 1.45042063e-02 1.45165128e-02 
1.44962812e+00 1.46031550e-02 1.46181069e-02 1.46312845e-02 1.46442676e-02 1.46572512e-02 
1.44999060e+00 1.45142178e-02 1.45399906e-02 1.45596238e-02 1.45772757e-02 1.45926070e-02 
1.45035317e+00 1.44899708e-02 1.45022287e-02 1.45142334e-02 1.45257352e-02 1.45372681e-02 
1.45071583e+00 1.47404604e-02 1.47598031e-02 1.47751862e-02 1.47915127e-02 1.48059999e-02 
1.45107858e+00 1.48112394e-02 1.48302527e-02 1.48481251e-02 1.48616037e-02 1.48751392e-02 
1.45144143e+00 1.44466542e-02 1.44742291e-02 1.44914437e-02 1.45045600e-02 1.45170425e-02 
1.45180436e+00 1.44400538e-02 1.44639261e-02 1.44840400e-02 1.45043925e-02 1.45215325e-02 
1.45216738e+00 1.44834018e-02 1.45006794e-02 1.45183290e-02 1.45323556e-02 1.45464350e-02 
1.45253050e+00 1.46053491e-02 1.46280472e-02 1.46464831e-02 1.46648781e-02 1.46801288e-02 
1.45289370e+00 1.43842267e-02 1.44045876e-02 1.44226844e-02 1.44419661e-02 1.44588544e-02 
1.45325700e+00 1.48883422e-02 1.49002807e-02 1.49133615e-02 1.49258142e-02 1.49392864e-02 
1.45362039e+00 1.45715590e-02 1.45918909e-02 1.46073155e-02 1.46223778e-02 1.46370801e-02 
1.45398386e+00 1.47645267e-02 1.47943248e-02 1.48138394e-02 1.48305557e-02 1.48452711e-02 
1.45434743e+00 1.43165391e-02 1.43279545e-02 1.43383204e-02 1.43486778e-02 1.43593508e-02 
1.45471109e+00 1.47622226e-02 1.47773789e-02 1.48050080e-02 1.48467251e-02 1.48953035e-02 
1.45507484e+00 1.43940308e-02 1.44073512e-02 1.44200601e-02 1.44332371e-02 1.44474413e-02 
1.45543869e+00 1.47782853e-02 1.47994657e-02 1.48237745e-02 1.48501084e-02 1.48756232e-02 
1.45580262e+00 1.48492066e-02 1.48632822e-02 1.48777691e-02 1.48903822e-02 1.49053563e-02 
1.45616664e+00 1.45874394e-02 1.46084076e-02 1.46314717e-02 1.46483950e-02 1.46649531e-02 
1.45653076e+00 1.49363638e-02 1.49510598e-02 1.49648509e-02 1.49782006e-02 1.49921566e-02 
1.45689496e+00 1.45687522e-02 1.45851013e-02 1.45998813e-02 1.46196500e-02 1.46370528e-02 
1.45725926e+00 1.48766644e-02 1.48964982e-02 1.49193220e-02 1.49439571e-02 1.49688863e-02 
1.45762365e+00 1.48407609e-02 1.48595039e-02 1.48746626e-02 1.48900761e-02 1.49050407e-02 
1.45798813e+00 1.43893287e-02 1.44029320e-02 1.44186927e-02 1.44370469e-02 1.44545512e-02 
1.45835270e+00 1.47036732e-02 1.47166900e-02 1.47311933e-02 1.47431484e-02 1.47579743e-02 
1.45871736e+00 1.47752544e-02 1.48240768e-02 1.48665557e-02 1.48882078e-02 1.49050532e-02 
1.45908211e+00 1.42992299e-02 1.43111134e-02 1.43234025e-02 1.43357467e-02 1.43482511e-02 
1.45944696e+00 1.46252231e-02 1.46374167e-02 1.46499535e-02 1.46614788e-02 1.46747422e-02 
1.45981189e+00 1.46235639e-02 1.46380616e-02 1.46513636e-02 1.46629618e-02 1.46776173e-02 
1.46017692e+00 1.44563423e-02 1.44976057e-02 1.45178135e-02 1.45297929e-02 1.45426885e-02 
1.46054203e+00 1.47244315e-02 1.47521930e-02 1.47765035e-02 1.48000933e-02 1.48203494e-02 
1.46090724e+00 1.46071824e-02 1.46343539e-02 1.46550283e-02 1.46762532e-02 1.46926300e-02 
1.46127254e+00 1.47530840e-02 1.47640543e-02 1.47761552e-02 1.48111633e-02 1.48989501e-02 
1.46163794e+00 1.45238722e-02 1.45349530e-02 1.45468685e-02 1.45592068e-02 1.45725241e-02 
1.46200342e+00 1.46291983e-02 1.46442782e-02 1.46585888e-02 1.46711915e-02 1.46849059e-02 
1.46236899e+00 1.45209022e-02 1.45388931e-02 1.45536666e-02 1.45698780e-02 1.45840866e-02 
1.46273466e+00 1.47040861e-02 1.47339150e-02 1.47616635e-02 1.47870679e-02 1.48105378e-02 
1.46310042e+00 1.51292174e-02 1.51657374e-02 1.51981622e-02 1.52331347e-02 1.52555193e-02 
1.46346626e+00 1.47269712e-02 1.47625433e-02 1.48068564e-02 1.48519406e-02 1.48827237e-02 
1.46383220e+00 1.42793194e-02 1.42907798e-02 1.43046492e-02 1.43207334e-02 1.43372581e-02 
1.46419824e+00 1.44391009e-02 1.44561943e-02 1.44746316e-02 1.44906841e-02 1.45061898e-02 
1.46456436e+00 1.44075106e-02 1.44360013e-02 1.44547959e-02 1.44705851e-02 1.44847335e-02 
1.46493057e+00 1.45472924e-02 1.45606700e-02 1.45869580e-02 1.46183953e-02 1.46517464e-02 
1.46529688e+00 1.44115193e-02 1.44358315e-02 1.44580292e-02 1.44750293e-02 1.44908266e-02 
1.46566328e+00 1.46148580e-02 1.46298808e-02 1.46429474e-02 1.46548883e-02 1.46688053e-02 
1.46602977e+00 1.46896477e-02 1.47267095e-02 1.47615758e-02 1.47781777e-02 1.47930939e-02 
1.46639635e+00 1.45535316e-02 1.45741273e-02 1.45953708e-02 1.46108484e-02 1.46253168e-02 
1.46676302e+00 1.44061138e-02 1.44272687e-02 1.44480825e-02 1.44732370e-02 1.44915581e-02 
1.46712979e+00 1.45914452e-02 1.46041322e-02 1.46162963e-02 1.46276964e-02 1.46396940e-02 
1.46749664e+00 1.44497379e-02 1.44634272e-02 1.44766449e-02 1.44916870e-02 1.45069757e-02 
1.46786359e+00 1.45699059e-02 1.45848807e-02 1.45989168e-02 1.46120482e-02 1.46252703e-02 
1.46823063e+00 1.50229095e-02 1.50420373e-02 1.50568077e-02 1.50721469e-02 1.50865120e-02 
1.46859776e+00 1.47311163e-02 1.47606059e-02 1.47790741e-02 1.47925062e-02 1.48043803e-02 
1.46896498e+00 1.45088301e-02 1.45258119e-02 1.45414785e-02 1.45560092e-02 1.45692054e-02 
1.46933230e+00 1.50835362e-02 1.51108170e-02 1.51346003e-02 1.51590736e-02 1.51791242e-02 
1.46969971e+00 1.48256111e-02 1.48454327e-02 1.48616919e-02 1.48793200e-02 1.48944951e-02 
1.47006720e+00 1.45385500e-02 1.45628669e-02 1.45794851e-02 1.45928268e-02 1.46057868e-02 
1.47043480e+00 1.46173793e-02 1.46376050e-02 1.46543790e-02 1.46712971e-02 1.46863979e-02 
1.47080248e+00 1.50105191e-02 1.50399483e-02 1.50586650e-02 1.50760753e-02 1.50915879e-02 
1.47117025e+00 1.47655258e-02 1.47801378e-02 1.47935431e-02 1.48061163e-02 1.48195542e-02 
1.47153812e+00 1.49114753e-02 1.49454096e-02 1.49745829e-02 1.50000379e-02 1.50220694e-02 
1.47190608e+00 1.45553459e-02 1.45725764e-02 1.45869499e-02 1.46021162e-02 1.46166334e-02 
1.47227413e+00 1.46065521e-02 1.46196522e-02 1.46343766e-02 1.46507741e-02 1.46687842e-02 
1.47264227e+00 1.43513187e-02 1.43629805e-02 1.43740071e-02 1.43845275e-02 1.43940356e-02 
1.47301050e+00 1.46945601e-02 1.47084425e-02 1.47222546e-02 1.47348693e-02 1.47501566e-02 
1.47337883e+00 1.48962239e-02 1.49204741e-02 1.49383162e-02 1.49567103e-02 1.49736698e-02 
1.47374725e+00 1.48482738e-02 1.48640766e-02 1.48776129e-02 1.48911256e-02 1.49042111e-02 
1.47411576e+00 1.47247501e-02 1.47530671e-02 1.47780014e-02 1.48024969e-02 1.48234054e-02 
1.47448436e+00 1.49300527e-02 1.49443204e-02 1.49574256e-02 1.49695196e-02 1.49830681e-02 
1.47485306e+00 1.46686097e-02 1.46878141e-02 1.47114545e-02 1.47373575e-02 1.47623494e-02 
1.47522185e+00 1.50368540e-02 1.50497765e-02 1.50637800e-02 1.50780332e-02 1.50912511e-02 
1.47559073e+00 1.47935894e-02 1.48155095e-02 1.48369752e-02 1.48622784e-02 1.48843538e-02 
1.47595970e+00 1.45076708e-02 1.45210053e-02 1.45345299e-02 1.45492304e-02 1.45632967e-02 
1.47632876e+00 1.47218503e-02 1.47506887e-02 1.47763205e-02 1.48015988e-02 1.48229809e-02 
1.47669792e+00 1.48170601e-02 1.48351219e-02 1.48494763e-02 1.48645497e-02 1.48782989e-02 
1.47706717e+00 1.43496813e-02 1.43609393e-02 1.43716698e-02 1.43812734e-02 1.43910319e-02 
1.47743651e+00 1.45977019e-02 1.46295424e-02 1.46478937e-02 1.46618409e-02 1.46739035e-02 
1.47780594e+00 1.47318263e-02 1.47541478e-02 1.47772107e-02 1.48083665e-02 1.48352123e-02 
1.47817547e+00 1.46973323e-02 1.47358601e-02 1.47699601e-02 1.47926217e-02 1.48112233e-02 
1.47854509e+00 1.45828643e-02 1.46040564e-02 1.46235687e-02 1.46478565e-02 1.46680879e-02 
1.47891480e+00 1.43911235e-02 1.44083748e-02 1.44238833e-02 1.44432803e-02 1.44590875e-02 
1.47928460e+00 1.44742457e-02 1.44929471e-02 1.45084394e-02 1.45233236e-02 1.45374296e-02 
1.47965449e+00 1.43426804e-02 1.43563971e-02 1.43697551e-02 1.43822731e-02 1.43946323e-02 
1.48002448e+00 1.46414637e-02 1.46637138e-02 1.46821404e-02 1.47018977e-02 1.47182087e-02 
1.48039456e+00 1.48727034e-02 1.49103202e-02 1.49440879e-02 1.49731415e-02 1.49989382e-02 
1.48076474e+00 1.43433291e-02 1.43609504e-02 1.43778142e-02 1.43920554e-02 1.44054029e-02 
1.48113500e+00 1.52028227e-02 1.52233634e-02 1.52479187e-02 1.52772879e-02 1.53051664e-02 
1.48150536e+00 1.43131855e-02 1.43424752e-02 1.43666373e-02 1.43837799e-02 1.43998418e-02 
1.48187581e+00 1.47108275e-02 1.47231852e-02 1.47396115e-02 1.47568906e-02 1.47765397e-02 
1.48224635e+00 1.51029607e-02 1.51175158e-02 1.51313363e-02 1.51467175e-02 1.51612579e-02 
1.48261699e+00 1.46103266e-02 1.46367519e-02 1.46580882e-02 1.46796427e-02 1.46973003e-02 
1.48298772e+00 1.48812004e-02 1.48947881e-02 1.49085514e-02 1.49209057e-02 1.49344016e-02 
1.48335854e+00 1.44116344e-02 1.44261483e-02 1.44436864e-02 1.44601112e-02 1.44763771e-02 
1.48372945e+00 1.47094061e-02 1.47331273e-02 1.47506594e-02 1.47691939e-02 1.47855664e-02 
1.48410046e+00 1.46361525e-02 1.46506074e-02 1.46637546e-02 1.46757696e-02 1.46887408e-02 
1.48447156e+00 1.48290004e-02 1.48528179e-02 1.48728694e-02 1.48935730e-02 1.49110935e-02 
1.48484275e+00 1.44619854e-02 1.44740218e-02 1.44871793e-02 1.45026024e-02 1.45178983e-02 
1.48521404e+00 1.47475989e-02 1.47609371e-02 1.47738543e-02 1.47854721e-02 1.47980627e-02 
1.48558542e+00 1.42888128e-02 1.43029420e-02 1.43158665e-02 1.43297089e-02 1.43425416e-02 
1.48595689e+00 1.45483009e-02 1.45731955e-02 1.45962440e-02 1.46186068e-02 1.46391576e-02 
1.48632845e+00 1.45449010e-02 1.45568270e-02 1.45684739e-02 1.45789672e-02 1.45916722e-02 
1.48670011e+00 1.49985465e-02 1.50559169e-02 1.50929219e-02 1.51147513e-02 1.51327055e-02 
1.48707186e+00 1.48350472e-02 1.48673759e-02 1.48863121e-02 1.48998842e-02 1.49121018e-02 
1.48744370e+00 1.44685867e-02 1.44969999e-02 1.45364218e-02 1.45602896e-02 1.45758792e-02 
1.48781564e+00 1.49962885e-02 1.50224378e-02 1.50447660e-02 1.50674966e-02 1.50857178e-02 
1.48818767e+00 1.46776629e-02 1.46920313e-02 1.47053674e-02 1.47187565e-02 1.47323238e-02 
1.48855979e+00 1.45383968e-02 1.45548820e-02 1.45714799e-02 1.45890023e-02 1.46067521e-02 
1.48893200e+00 1.43469366e-02 1.43586533e-02 1.43717518e-02 1.43843202e-02 1.43973551e-02 
1.48930431e+00 1.43071099e-02 1.43178813e-02 1.43276748e-02 1.43368285e-02 1.43466186e-02 
1.48967671e+00 1.49573646e-02 1.49701420e-02 1.49859003e-02 1.50011599e-02 1.50165332e-02 
1.49004920e+00 1.48402406e-02 1.49017473e-02 1.49485446e-02 1.49750901e-02 1.49918045e-02 
1.49042179e+00 1.46648560e-02 1.46786825e-02 1.46912178e-02 1.47028980e-02 1.47163369e-02 
1.49079447e+00 1.44737181e-02 1.44923080e-02 1.45097510e-02 1.45264949e-02 1.45418387e-02 
1.49116725e+00 1.42764772e-02 1.42944673e-02 1.43123624e-02 1.43296048e-02 1.43452602e-02 
1.49154011e+00 1.46535580e-02 1.46744319e-02 1.46957609e-02 1.47156983e-02 1.47330333e-02 
1.49191307e+00 1.47633884e-02 1.47865692e-02 1.48056871e-02 1.48263887e-02 1.48431459e-02 
1.49228613e+00 1.46291227e-02 1.46539065e-02 1.46763535e-02 1.46993389e-02 1.47197206e-02 
1.49265927e+00 1.47320911e-02 1.47622843e-02 1.47883093e-02 1.48109169e-02 1.48313049e-02 
1.49303251e+00 1.44717585e-02 1.44926180e-02 1.45097047e-02 1.45279112e-02 1.45431530e-02 
1.49340584e+00 1.46123470e-02 1.46291897e-02 1.46428586e-02 1.46573135e-02 1.46710527e-02 
1.49377927e+00 1.47052905e-02 1.47211750e-02 1.47370584e-02 1.47504023e-02 1.47649153e-02 
1.49415279e+00 1.45381722e-02 1.45628289e-02 1.45818902e-02 1.46006724e-02 1.46164141e-02 
1.49452640e+00 1.44132622e-02 1.44240178e-02 1.44348876e-02 1.44457701e-02 1.44567351e-02 
1.49490011e+00 1.44339190e-02 1.44569361e-02 1.44788998e-02 1.44991130e-02 1.45178431e-02 
1.49527391e+00 1.43399616e-02 1.43599663e-02 1.43784022e-02 1.43926912e-02 1.44057511e-02 
1.49564781e+00 1.44077443e-02 1.44192814e-02 1.44313428e-02 1.44428762e-02 1.44559171e-02 
1.49602179e+00 1.46852263e-02 1.47050554e-02 1.47208988e-02 1.47380281e-02 1.47525760e-02 
1.49639587e+00 1.46866184e-02 1.47092713e-02 1.47293949e-02 1.47508489e-02 1.47686157e-02 
1.49677005e+00 1.45936397e-02 1.46316597e-02 1.46557364e-02 1.46706938e-02 1.46849106e-02 
1.49714431e+00 1.46234733e-02 1.46393324e-02 1.46525932e-02 1.46664915e-02 1.46800347e-02 
1.49751868e+00 1.46492885e-02 1.46664551e-02 1.46891800e-02 1.47086858e-02 1.47242049e-02 
1.49789313e+00 1.44834949e-02 1.45180975e-02 1.45423273e-02 1.45610137e-02 1.45766379e-02 
1.49826768e+00 1.49039856e-02 1.49245678e-02 1.49422310e-02 1.49612376e-02 1.49777170e-02 
1.49864232e+00 1.49136155e-02 1.49333786e-02 1.49492337e-02 1.49654738e-02 1.49807196e-02 
1.49901706e+00 1.44023328e-02 1.44238061e-02 1.44456239e-02 1.44671700e-02 1.44878241e-02 
1.49939189e+00 1.48168271e-02 1.48406449e-02 1.48597488e-02 1.48792054e-02 1.48963123e-02 
1.49976681e+00 1.45545627e-02 1.45717579e-02 1.45879549e-02 1.46038865e-02 1.46190322e-02 
1.50014183e+00 1.45690156e-02 1.45936594e-02 1.46157683e-02 1.46375179e-02 1.46573515e-02 
1.50051694e+00 1.47133935e-02 1.47375790e-02 1.47597654e-02 1.47825901e-02 1.48030968e-02 
1.50089214e+00 1.47295283e-02 1.47556048e-02 1.47761903e-02 1.47967902e-02 1.48137455e-02 
1.50126744e+00 1.44489241e-02 1.44595044e-02 1.44706405e-02 1.44811410e-02 1.44918050e-02 
1.50164283e+00 1.43556695e-02 1.43735717e-02 1.43887500e-02 1.44012076e-02 1.44122701e-02 
1.50201832e+00 1.45626206e-02 1.45814377e-02 1.45977041e-02 1.46149820e-02 1.46308756e-02 
1.50239390e+00 1.45014817e-02 1.45155083e-02 1.45283118e-02 1.45406022e-02 1.45540338e-02 
1.50276957e+00 1.42081883e-02 1.42180436e-02 1.42290173e-02 1.42383658e-02 1.42482826e-02 
1.50314534e+00 1.44880082e-02 1.45071146e-02 1.45250315e-02 1.45413724e-02 1.45572449e-02 
1.50352120e+00 1.44156863e-02 1.44280016e-02 1.44424158e-02 1.44570158e-02 1.44723006e-02 
1.50389716e+00 1.44268477e-02 1.44421347e-02 1.44568652e-02 1.44707224e-02 1.44833197e-02 
1.50427321e+00 1.45359330e-02 1.45595803e-02 1.45793362e-02 1.45968669e-02 1.46124431e-02 
1.50464935e+00 1.44377157e-02 1.44590329e-02 1.44785380e-02 1.44953600e-02 1.45106876e-02 
1.50502559e+00 1.43425633e-02 1.43690751e-02 1.43953906e-02 1.44208079e-02 1.44424803e-02 
1.50540192e+00 1.47165598e-02 1.47335604e-02 1.47474073e-02 1.47617637e-02 1.47751217e-02 
1.50577835e+00 1.44929812e-02 1.45155792e-02 1.45331048e-02 1.45502226e-02 1.45652807e-02 
1.50615487e+00 1.48536869e-02 1.48925932e-02 1.49247980e-02 1.49455515e-02 1.49636396e-02 
1.50653148e+00 1.42822225e-02 1.42934092e-02 1.43047521e-02 1.43153057e-02 1.43254626e-02 
1.50690819e+00 1.43571610e-02 1.43666021e-02 1.43760552e-02 1.43860676e-02 1.43961403e-02 
1.50728500e+00 1.49609577e-02 1.49776393e-02 1.49918296e-02 1.50049374e-02 1.50192870e-02 
1.50766189e+00 1.47729160e-02 1.47977211e-02 1.48195055e-02 1.48427314e-02 1.48622382e-02 
1.50803888e+00 1.43817499e-02 1.43917731e-02 1.44020994e-02 1.44128204e-02 1.44246181e-02 
1.50841597e+00 1.48260616e-02 1.48718473e-02 1.49016659e-02 1.49244178e-02 1.49429695e-02 
1.50879315e+00 1.48867312e-02 1.49071980e-02 1.49242910e-02 1.49419902e-02 1.49574685e-02 
1.50917042e+00 1.47354105e-02 1.47586511e-02 1.47775609e-02 1.47979262e-02 1.48146559e-02 
1.50954779e+00 1.45955801e-02 1.46148362e-02 1.46378110e-02 1.46607106e-02 1.46844857e-02 
1.50992525e+00 1.43135630e-02 1.43263610e-02 1.43395171e-02 1.43514560e-02 1.43628569e-02 
1.51030281e+00 1.43381291e-02 1.43576784e-02 1.43797023e-02 1.43993662e-02 1.44169181e-02 
1.51068046e+00 1.49816042e-02 1.50043162e-02 1.50426557e-02 1.50891819e-02 1.51067280e-02 
1.51105821e+00 1.43421869e-02 1.43822551e-02 1.44105658e-02 1.44295051e-02 1.44452271e-02 
1.51143605e+00 1.45060786e-02 1.45270673e-02 1.45443815e-02 1.45631953e-02 1.45785187e-02 
1.51181398e+00 1.50455287e-02 1.50660583e-02 1.50813026e-02 1.50988760e-02 1.51140810e-02 
1.51219201e+00 1.43307219e-02 1.43518999e-02 1.43686015e-02 1.43836665e-02 1.43979677e-02 
1.51257014e+00 1.47548519e-02 1.47950826e-02 1.48670350e-02 1.49166880e-02 1.49337753e-02 
1.51294836e+00 1.46666260e-02 1.46849434e-02 1.47000539e-02 1.47159593e-02 1.47306304e-02 
1.51332667e+00 1.45211712e-02 1.45341653e-02 1.45459724e-02 1.45572634e-02 1.45696878e-02 
1.51370508e+00 1.46218799e-02 1.46426148e-02 1.46587314e-02 1.46720493e-02 1.46853221e-02 
1.51408358e+00 1.44298778e-02 1.44506650e-02 1.44678931e-02 1.44860953e-02 1.45013748e-02 
1.51446218e+00 1.45482354e-02 1.45603561e-02 1.45730250e-02 1.45856233e-02 1.45997495e-02 
1.51484087e+00 1.45572052e-02 1.45697031e-02 1.45828182e-02 1.45975624e-02 1.46120278e-02 
1.51521965e+00 1.48458111e-02 1.48621242e-02 1.48763059e-02 1.48898289e-02 1.49032059e-02 
1.51559854e+00 1.44443634e-02 1.44779814e-02 1.45022660e-02 1.45211348e-02 1.45376521e-02 
1.51597751e+00 1.45273865e-02 1.45450533e-02 1.45601798e-02 1.45757834e-02 1.45905730e-02 
1.51635658e+00 1.49355225e-02 1.49503390e-02 1.49639014e-02 1.49768630e-02 1.49905048e-02 
1.51673575e+00 1.42425788e-02 1.42559277e-02 1.42694704e-02 1.42839773e-02 1.43020681e-02 
1.51711501e+00 1.43796040e-02 1.43951233e-02 1.44127439e-02 1.44297713e-02 1.44468995e-02 
1.51749436e+00 1.45871955e-02 1.45983709e-02 1.46102402e-02 1.46225662e-02 1.46366542e-02 
1.51787381e+00 1.42507661e-02 1.42669707e-02 1.42791483e-02 1.42892318e-02 1.42991144e-02 
1.51825336e+00 1.42789474e-02 1.42903001e-02 1.43063881e-02 1.43226687e-02 1.43388207e-02 
1.51863300e+00 1.43617912e-02 1.43759613e-02 1.43902247e-02 1.44039730e-02 1.44167954e-02 
1.51901273e+00 1.48029315e-02 1.48154882e-02 1.48288573e-02 1.48407362e-02 1.48545616e-02 
1.51939256e+00 1.46841703e-02 1.46961513e-02 1.47097196e-02 1.47228707e-02 1.47361463e-02 
1.51977248e+00 1.44108770e-02 1.44287984e-02 1.44442241e-02 1.44580612e-02 1.44719515e-02 
1.52015250e+00 1.47217309e-02 1.47352894e-02 1.47750113e-02 1.48423592e-02 1.49123315e-02 
1.52053262e+00 1.43873536e-02 1.44030232e-02 1.44172953e-02 1.44322135e-02 1.44463197e-02 
1.52091283e+00 1.44863937e-02 1.45201411e-02 1.45494736e-02 1.45734631e-02 1.45966497e-02 
1.52129313e+00 1.44131821e-02 1.44480268e-02 1.44714638e-02 1.44876419e-02 1.45024074e-02 
1.52167353e+00 1.47884969e-02 1.48012785e-02 1.48144401e-02 1.48260280e-02 1.48394266e-02 
1.52205403e+00 1.46901825e-02 1.47715287e-02 1.48332905e-02 1.48521646e-02 1.48673733e-02 
1.52243462e+00 1.43720211e-02 1.43886831e-02 1.44066248e-02 1.44238902e-02 1.44396688e-02 
1.52281530e+00 1.44883115e-02 1.45020753e-02 1.45133917e-02 1.45234735e-02 1.45345214e-02 
1.52319608e+00 1.45107738e-02 1.45272946e-02 1.45418816e-02 1.45579584e-02 1.45730961e-02 
1.52357696e+00 1.42160329e-02 1.42358579e-02 1.42529600e-02 1.42666402e-02 1.42795293e-02 
1.52395793e+00 1.45764560e-02 1.45985041e-02 1.46149263e-02 1.46293936e-02 1.46442290e-02 
1.52433900e+00 1.42780367e-02 1.42939494e-02 1.43082345e-02 1.43212605e-02 1.43325782e-02 
1.52472016e+00 1.49728910e-02 1.50044423e-02 1.50558162e-02 1.51428675e-02 1.51615496e-02 
1.52510141e+00 1.43356994e-02 1.43462014e-02 1.43578813e-02 1.43691050e-02 1.43802716e-02 
1.52548277e+00 1.44598948e-02 1.44804272e-02 1.45029464e-02 1.45239385e-02 1.45451235e-02 
1.52586421e+00 1.44849225e-02 1.44985658e-02 1.45110919e-02 1.45237792e-02 1.45371174e-02 
1.52624576e+00 1.48479458e-02 1.48768246e-02 1.49126997e-02 1.49521753e-02 1.49895422e-02 
1.52662739e+00 1.46430757e-02 1.46586029e-02 1.46729558e-02 1.46867211e-02 1.47012946e-02 
1.52700913e+00 1.47361578e-02 1.47501833e-02 1.47741998e-02 1.48093863e-02 1.48477677e-02 
1.52739096e+00 1.46087984e-02 1.46212282e-02 1.46335724e-02 1.46449642e-02 1.46572057e-02 
1.52777288e+00 1.43121182e-02 1.43216692e-02 1.43311996e-02 1.43406894e-02 1.43496891e-02 
1.52815490e+00 1.44583991e-02 1.44693976e-02 1.44816211e-02 1.44942954e-02 1.45074740e-02 
1.52853702e+00 1.45836424e-02 1.45979203e-02 1.46118679e-02 1.46252658e-02 1.46392038e-02 
1.52891923e+00 1.45197747e-02 1.45387685e-02 1.45555939e-02 1.45740969e-02 1.45900916e-02 
1.52930153e+00 1.48990708e-02 1.49292913e-02 1.49564898e-02 1.49827393e-02 1.50057865e-02 
1.52968394e+00 1.43318787e-02 1.43423522e-02 1.43565701e-02 1.43711114e-02 1.43871423e-02 
1.53006643e+00 1.45756154e-02 1.45910009e-02 1.46086338e-02 1.46268833e-02 1.46451768e-02 
1.53044903e+00 1.45684557e-02 1.45961176e-02 1.46304403e-02 1.46491233e-02 1.46649619e-02 
1.53083172e+00 1.45694496e-02 1.45966219e-02 1.46199719e-02 1.46443079e-02 1.46640567e-02 
1.53121450e+00 1.49244982e-02 1.49559940e-02 1.49746711e-02 1.49909476e-02 1.50046005e-02 
1.53159738e+00 1.46873152e-02 1.47058228e-02 1.47215838e-02 1.47398513e-02 1.47562881e-02 
1.53198036e+00 1.48809655e-02 1.49140354e-02 1.49464229e-02 1.49740197e-02 1.49996050e-02 
1.53236343e+00 1.49053797e-02 1.49243321e-02 1.49389954e-02 1.49544961e-02 1.49681592e-02 
1.53274660e+00 1.47514595e-02 1.47652939e-02 1.47808847e-02 1.47972215e-02 1.48134566e-02 
1.53312986e+00 1.46206259e-02 1.46397407e-02 1.46550665e-02 1.46701033e-02 1.46840010e-02 
1.53351322e+00 1.44158312e-02 1.44381748e-02 1.44612045e-02 1.44851564e-02 1.45094520e-02 
1.53389668e+00 1.44223507e-02 1.44370173e-02 1.44500412e-02 1.44631608e-02 1.44771975e-02 
1.53428023e+00 1.44078810e-02 1.44624808e-02 1.44920399e-02 1.45060441e-02 1.45193418e-02 
1.53466387e+00 1.47231931e-02 1.47459590e-02 1.47663852e-02 1.47888290e-02 1.48076595e-02 
1.53504762e+00 1.45137624e-02 1.45364488e-02 1.45576394e-02 1.45833760e-02 1.46026195e-02 
1.53543146e+00 1.44943976e-02 1.45068705e-02 1.45191428e-02 1.45302797e-02 1.45429644e-02 
1.53581539e+00 1.45920092e-02 1.46158661e-02 1.46353075e-02 1.46560088e-02 1.46726715e-02 
1.53619942e+00 1.43415736e-02 1.43519726e-02 1.43616695e-02 1.43734497e-02 1.43853949e-02 
1.53658355e+00 1.45310286e-02 1.45499781e-02 1.45646241e-02 1.45762693e-02 1.45880442e-02 
1.53696777e+00 1.44838245e-02 1.45037077e-02 1.45193901e-02 1.45336556e-02 1.45461490e-02 
1.53735209e+00 1.47965582e-02 1.48157520e-02 1.48316509e-02 1.48491326e-02 1.48647414e-02 
1.53773651e+00 1.44794152e-02 1.44907134e-02 1.45028840e-02 1.45152573e-02 1.45282411e-02 
1.53812102e+00 1.46772092e-02 1.47068949e-02 1.47311575e-02 1.47535766e-02 1.47721483e-02 
1.53850563e+00 1.44664130e-02 1.44825634e-02 1.45084522e-02 1.45378437e-02 1.45686262e-02 
1.53889033e+00 1.43387717e-02 1.43602729e-02 1.43783900e-02 1.43965351e-02 1.44121220e-02 
1.53927513e+00 1.43078542e-02 1.43319848e-02 1.43551444e-02 1.43748063e-02 1.43940601e-02 
1.53966003e+00 1.44050729e-02 1.44190756e-02 1.44454970e-02 1.44935994e-02 1.45434716e-02 
1.54004502e+00 1.45776279e-02 1.45971688e-02 1.46150490e-02 1.46338334e-02 1.46505344e-02 
1.54043011e+00 1.46914991e-02 1.47125206e-02 1.47319207e-02 1.47540749e-02 1.47715058e-02 
1.54081529e+00 1.45259072e-02 1.45540281e-02 1.45769766e-02 1.45982314e-02 1.46166316e-02 
1.54120057e+00 1.43075534e-02 1.43236411e-02 1.43396702e-02 1.43555035e-02 1.43703081e-02 
1.54158595e+00 1.43747620e-02 1.43890325e-02 1.44043129e-02 1.44207655e-02 1.44370628e-02 
1.54197143e+00 1.47153946e-02 1.47445199e-02 1.47713867e-02 1.47978122e-02 1.48214253e-02 
1.54235700e+00 1.43912446e-02 1.44091715e-02 1.44286434e-02 1.44459978e-02 1.44634115e-02 
1.54274266e+00 1.42833331e-02 1.43000951e-02 1.43116379e-02 1.43214698e-02 1.43323964e-02 
1.54312843e+00 1.44899826e-02 1.45100430e-02 1.45270544e-02 1.45457327e-02 1.45616076e-02 
1.54351428e+00 1.44848592e-02 1.45058991e-02 1.45236086e-02 1.45397715e-02 1.45544789e-02 
1.54390024e+00 1.45528118e-02 1.45824223e-02 1.46013827e-02 1.46177012e-02 1.46318696e-02 
1.54428629e+00 1.43397348e-02 1.43493941e-02 1.43596117e-02 1.43695807e-02 1.43801223e-02 
1.54467244e+00 1.44815447e-02 1.44980275e-02 1.45177352e-02 1.45431009e-02 1.45686969e-02 
1.54505869e+00 1.44180730e-02 1.44350914e-02 1.44496839e-02 1.44647322e-02 1.44793535e-02 
1.54544503e+00 1.44943624e-02 1.45074647e-02 1.45198087e-02 1.45326587e-02 1.45462728e-02 
1.54583147e+00 1.43990415e-02 1.44260050e-02 1.44479248e-02 1.44674600e-02 1.44844423e-02 
1.54621801e+00 1.43505946e-02 1.43728643e-02 1.43964630e-02 1.44186158e-02 1.44403223e-02 
1.54660464e+00 1.43447240e-02 1.43570727e-02 1.43847136e-02 1.44323314e-02 1.44792238e-02 
1.54699137e+00 1.45398493e-02 1.45542758e-02 1.45673180e-02 1.45804525e-02 1.45933837e-02 
1.54737819e+00 1.42979799e-02 1.43170320e-02 1.43347843e-02 1.43540981e-02 1.43698137e-02 
1.54776511e+00 1.42986310e-02 1.43205377e-02 1.43400699e-02 1.43577913e-02 1.43742046e-02 
1.54815213e+00 1.43476748e-02 1.43800166e-02 1.44106635e-02 1.44348573e-02 1.44595055e-02 
1.54853925e+00 1.42842822e-02 1.43069417e-02 1.43353014e-02 1.43644334e-02 1.43924917e-02 
1.54892646e+00 1.44899116e-02 1.45096445e-02 1.45295754e-02 1.45543131e-02 1.45743048e-02 
1.54931377e+00 1.44306728e-02 1.44463226e-02 1.44640474e-02 1.44821667e-02 1.45005614e-02 
1.54970118e+00 1.44405155e-02 1.44512136e-02 1.44635264e-02 1.44753225e-02 1.44873086e-02 
1.55008868e+00 1.43219903e-02 1.43432422e-02 1.43591097e-02 1.43726896e-02 1.43854269e-02 
1.55047628e+00 1.42189471e-02 1.42310166e-02 1.42442324e-02 1.42561670e-02 1.42674226e-02 
1.55086398e+00 1.46847825e-02 1.46976209e-02 1.47105495e-02 1.47219157e-02 1.47347781e-02 
1.55125177e+00 1.44610352e-02 1.44997832e-02 1.45319134e-02 1.45581746e-02 1.45789083e-02 
1.55163966e+00 1.44626565e-02 1.44854526e-02 1.45049220e-02 1.45261410e-02 1.45441500e-02 
1.55202765e+00 1.42046031e-02 1.42138487e-02 1.42232818e-02 1.42334767e-02 1.42441970e-02 
1.55241574e+00 1.44231363e-02 1.44441735e-02 1.44695644e-02 1.44940979e-02 1.45198935e-02 
1.55280392e+00 1.42906921e-02 1.43066527e-02 1.43245742e-02 1.43468542e-02 1.43677128e-02 
1.55319220e+00 1.43427225e-02 1.43664522e-02 1.43914017e-02 1.44140132e-02 1.44368231e-02 
1.55358057e+00 1.43351496e-02 1.43512264e-02 1.43678022e-02 1.43846987e-02 1.44005070e-02 
1.55396905e+00 1.43098901e-02 1.43321844e-02 1.43547672e-02 1.43762915e-02 1.43968836e-02 
1.55435762e+00 1.45069850e-02 1.45235424e-02 1.45435556e-02 1.45633921e-02 1.45815401e-02 
1.55474628e+00 1.44080193e-02 1.44323807e-02 1.44598154e-02 1.44861460e-02 1.45128099e-02 
1.55513505e+00 1.43570111e-02 1.43794497e-02 1.44000310e-02 1.44195710e-02 1.44372019e-02 
1.55552391e+00 1.43534923e-02 1.43672988e-02 1.43792699e-02 1.43905946e-02 1.44029207e-02 
1.55591287e+00 1.43324594e-02 1.43493471e-02 1.43649832e-02 1.43798179e-02 1.43930777e-02 
1.55630193e+00 1.44881513e-02 1.45076559e-02 1.45221260e-02 1.45362674e-02 1.45504253e-02 
1.55669108e+00 1.42754837e-02 1.43018431e-02 1.43306253e-02 1.43559528e-02 1.43807921e-02 
1.55708033e+00 1.43350708e-02 1.43490797e-02 1.43615127e-02 1.43724558e-02 1.43838519e-02 
1.55746968e+00 1.42521933e-02 1.42664504e-02 1.42842855e-02 1.43008874e-02 1.43180484e-02 
1.55785912e+00 1.45838014e-02 1.46113669e-02 1.46334004e-02 1.46540698e-02 1.46715345e-02 
1.55824867e+00 1.44055029e-02 1.44248321e-02 1.44445404e-02 1.44668605e-02 1.44875176e-02 
1.55863831e+00 1.44319340e-02 1.44500543e-02 1.44652479e-02 1.44813559e-02 1.44963980e-02 
1.55902805e+00 1.47743945e-02 1.48057623e-02 1.48241572e-02 1.48362432e-02 1.48478206e-02 
1.55941788e+00 1.44474591e-02 1.44634027e-02 1.44773944e-02 1.44932335e-02 1.45077684e-02 
1.55980781e+00 1.42571018e-02 1.42735051e-02 1.42951778e-02 1.43171211e-02 1.43395686e-02 
1.56019784e+00 1.43385765e-02 1.43517890e-02 1.43646540e-02 1.43754795e-02 1.43904779e-02 
1.56058797e+00 1.43510090e-02 1.43613686e-02 1.43722862e-02 1.43819372e-02 1.43924085e-02 
1.56097820e+00 1.44454340e-02 1.44644131e-02 1.44808449e-02 1.44981042e-02 1.45140137e-02 
1.56136852e+00 1.44254223e-02 1.44400169e-02 1.44533214e-02 1.44672656e-02 1.44813221e-02 
1.56175894e+00 1.47077059e-02 1.47264352e-02 1.47416096e-02 1.47579948e-02 1.47729035e-02 
1.56214946e+00 1.44419916e-02 1.44659295e-02 1.44904670e-02 1.45178388e-02 1.45410506e-02 
1.56254007e+00 1.46101168e-02 1.46297840e-02 1.46526518e-02 1.46816247e-02 1.47087739e-02 
1.56293079e+00 1.44627608e-02 1.44943111e-02 1.45164673e-02 1.45333302e-02 1.45478232e-02 
1.56332160e+00 1.46138434e-02 1.46283803e-02 1.46450665e-02 1.46614275e-02 1.46778612e-02 
1.56371251e+00 1.42000337e-02 1.42122623e-02 1.42280563e-02 1.42442192e-02 1.42607091e-02 
1.56410352e+00 1.45431900e-02 1.45686845e-02 1.45924891e-02 1.46158876e-02 1.46370467e-02 
1.56449462e+00 1.44550922e-02 1.44844145e-02 1.45195850e-02 1.45597835e-02 1.45913548e-02 
1.56488582e+00 1.42143495e-02 1.42375830e-02 1.42588571e-02 1.42747920e-02 1.42901634e-02 
1.56527712e+00 1.42369108e-02 1.42575604e-02 1.42837771e-02 1.43090652e-02 1.43350570e-02 
1.56566852e+00 1.45666284e-02 1.45938363e-02 1.46174499e-02 1.46412192e-02 1.46612042e-02 
1.56606002e+00 1.49216911e-02 1.49433395e-02 1.49612390e-02 1.49797557e-02 1.49958162e-02 
1.56645161e+00 1.44824640e-02 1.44979120e-02 1.45113712e-02 1.45248907e-02 1.45379146e-02 
1.56684330e+00 1.44402367e-02 1.44602217e-02 1.44793127e-02 1.45012246e-02 1.45185590e-02 
1.56723509e+00 1.42348206e-02 1.42556598e-02 1.42770880e-02 1.42943063e-02 1.43107581e-02 
1.56762698e+00 1.43450349e-02 1.43773933e-02 1.44302668e-02 1.44645853e-02 1.44829440e-02 
1.56801896e+00 1.43997744e-02 1.44113632e-02 1.44226130e-02 1.44332126e-02 1.44450996e-02 
1.56841105e+00 1.40864972e-02 1.41052658e-02 1.41245323e-02 1.41447850e-02 1.41658240e-02 
1.56880323e+00 1.45183213e-02 1.45317572e-02 1.45466927e-02 1.45625130e-02 1.45783365e-02 
1.56919551e+00 1.42905774e-02 1.43041739e-02 1.43204364e-02 1.43373995e-02 1.43535781e-02 
1.56958789e+00 1.45214268e-02 1.45451764e-02 1.45647067e-02 1.45830203e-02 1.45988982e-02 
1.56998036e+00 1.47729513e-02 1.48015075e-02 1.48269721e-02 1.48520141e-02 1.48734475e-02 
1.57037294e+00 1.43458885e-02 1.43623573e-02 1.43765605e-02 1.43895585e-02 1.44027847e-02 
1.57076561e+00 1.43886519e-02 1.44248329e-02 1.44494922e-02 1.44693426e-02 1.44868336e-02 
1.57115838e+00 1.43270717e-02 1.43491913e-02 1.43718510e-02 1.43928971e-02 1.44139928e-02 
1.57155125e+00 1.41705567e-02 1.41851001e-02 1.42043918e-02 1.42232976e-02 1.42428180e-02 
1.57194421e+00 1.44993144e-02 1.45094667e-02 1.45236516e-02 1.45395884e-02 1.45588625e-02 
1.57233728e+00 1.42661077e-02 1.42851402e-02 1.43025425e-02 1.43190334e-02 1.43335075e-02 
1.57273044e+00 1.43973215e-02 1.44209807e-02 1.44408444e-02 1.44603709e-02 1.44768262e-02 
1.57312370e+00 1.42851171e-02 1.42995802e-02 1.43186464e-02 1.43431902e-02 1.43675937e-02 
1.57351706e+00 1.45792273e-02 1.45950603e-02 1.46131830e-02 1.46310090e-02 1.46486738e-02 
1.57391052e+00 1.44865698e-02 1.45050849e-02 1.45203421e-02 1.45371250e-02 1.45526952e-02 
1.57430408e+00 1.41539110e-02 1.41778803e-02 1.41994008e-02 1.42167311e-02 1.42344066e-02 
1.57469773e+00 1.44052470e-02 1.44172533e-02 1.44292217e-02 1.44404968e-02 1.44540337e-02 
1.57509149e+00 1.43237720e-02 1.43425122e-02 1.43572930e-02 1.43704892e-02 1.43823229e-02 
1.57548534e+00 1.40678333e-02 1.40868587e-02 1.41084109e-02 1.41303190e-02 1.41546347e-02 
1.57587929e+00 1.43762022e-02 1.44094804e-02 1.44331921e-02 1.44479630e-02 1.44611610e-02 
1.57627334e+00 1.44741195e-02 1.45016396e-02 1.45279292e-02 1.45528193e-02 1.45756461e-02 
1.57666749e+00 1.44775680e-02 1.44986270e-02 1.45162326e-02 1.45350935e-02 1.45507468e-02 
1.57706173e+00 1.43924082e-02 1.44242992e-02 1.44507496e-02 1.44732612e-02 1.44923216e-02 
1.57745608e+00 1.42283928e-02 1.42450317e-02 1.42577546e-02 1.42682022e-02 1.42775958e-02 
1.57785052e+00 1.44290096e-02 1.44447031e-02 1.44662282e-02 1.44987827e-02 1.45330147e-02 
1.57824506e+00 1.41745105e-02 1.41869286e-02 1.42001835e-02 1.42141305e-02 1.42284022e-02 
1.57863970e+00 1.43769970e-02 1.43886718e-02 1.43989365e-02 1.44102641e-02 1.44206559e-02 
1.57903444e+00 1.41511705e-02 1.41681703e-02 1.41835989e-02 1.41995651e-02 1.42167134e-02 
1.57942928e+00 1.44193396e-02 1.44461252e-02 1.44720493e-02 1.44974277e-02 1.45214510e-02 
1.57982422e+00 1.42207158e-02 1.42328412e-02 1.42465172e-02 1.42595532e-02 1.42728642e-02 
1.58021925e+00 1.43362111e-02 1.43557221e-02 1.43758149e-02 1.43959126e-02 1.44147421e-02 
1.58061439e+00 1.45704255e-02 1.45837975e-02 1.45962094e-02 1.46081771e-02 1.46213791e-02 
1.58100962e+00 1.43896101e-02 1.44178776e-02 1.44334757e-02 1.44446161e-02 1.44574906e-02 
1.58140495e+00 1.42917500e-02 1.43030967e-02 1.43157410e-02 1.43273252e-02 1.43404419e-02 
1.58180038e+00 1.45365193e-02 1.45595674e-02 1.45765405e-02 1.45914404e-02 1.46041700e-02 
1.58219591e+00 1.42591276e-02 1.42767180e-02 1.43011458e-02 1.43256218e-02 1.43503735e-02 
1.58259154e+00 1.42411866e-02 1.42527388e-02 1.42639729e-02 1.42745064e-02 1.42848508e-02 
1.58298727e+00 1.42217096e-02 1.42378568e-02 1.42547219e-02 1.42697115e-02 1.42838603e-02 
1.58338309e+00 1.44341958e-02 1.44741601e-02 1.44925367e-02 1.45059590e-02 1.45204044e-02 
1.58377902e+00 1.43582661e-02 1.43914125e-02 1.44176550e-02 1.44378774e-02 1.44563393e-02 
1.58417504e+00 1.42385896e-02 1.42512927e-02 1.42653727e-02 1.42782426e-02 1.42919702e-02 
1.58457117e+00 1.46899872e-02 1.47062407e-02 1.47203726e-02 1.47348351e-02 1.47497139e-02 
1.58496739e+00 1.43598719e-02 1.43794911e-02 1.43966367e-02 1.44145102e-02 1.44299620e-02 
1.58536371e+00 1.42901201e-02 1.43086940e-02 1.43221560e-02 1.43323822e-02 1.43425391e-02 
1.58576013e+00 1.41898393e-02 1.42030564e-02 1.42180186e-02 1.42317177e-02 1.42451969e-02 
1.58615665e+00 1.42770895e-02 1.42885692e-02 1.42986036e-02 1.43109462e-02 1.43234326e-02 
1.58655327e+00 1.44990325e-02 1.45115824e-02 1.45237612e-02 1.45355588e-02 1.45478584e-02 
1.58694999e+00 1.41904726e-02 1.42059624e-02 1.42232591e-02 1.42374754e-02 1.42518866e-02 
1.58734681e+00 1.43881054e-02 1.44136137e-02 1.44441127e-02 1.44788220e-02 1.45087956e-02 
1.58774372e+00 1.42685357e-02 1.42920028e-02 1.43143401e-02 1.43326303e-02 1.43508729e-02 
1.58814074e+00 1.42095264e-02 1.42226231e-02 1.42341499e-02 1.42466772e-02 1.42597707e-02 
1.58853785e+00 1.43591874e-02 1.44118249e-02 1.44534832e-02 1.44746282e-02 1.44909141e-02 
1.58893507e+00 1.42193757e-02 1.42293830e-02 1.42387711e-02 1.42484884e-02 1.42578591e-02 
1.58933238e+00 1.43603880e-02 1.43707754e-02 1.43814603e-02 1.43913983e-02 1.44032172e-02 
1.58972979e+00 1.43490303e-02 1.43662831e-02 1.43823468e-02 1.44001301e-02 1.44158885e-02 
1.59012731e+00 1.44087229e-02 1.44260411e-02 1.44412734e-02 1.44581450e-02 1.44739460e-02 
1.59052492e+00 1.43781279e-02 1.44028876e-02 1.44284123e-02 1.44523613e-02 1.44754771e-02 
1.59092263e+00 1.43559827e-02 1.43727750e-02 1.43889064e-02 1.44052419e-02 1.44202281e-02 
1.59132044e+00 1.42345256e-02 1.42467171e-02 1.42699309e-02 1.42971876e-02 1.43234260e-02 
1.59171835e+00 1.42621279e-02 1.43005807e-02 1.43235665e-02 1.43359472e-02 1.43468576e-02 
1.59211636e+00 1.42586576e-02 1.42743976e-02 1.42910010e-02 1.43058086e-02 1.43196144e-02 
1.59251447e+00 1.42478045e-02 1.42651925e-02 1.42905391e-02 1.43158671e-02 1.43416261e-02 
1.59291268e+00 1.41583186e-02 1.41854377e-02 1.42091450e-02 1.42253343e-02 1.42413842e-02 
1.59331098e+00 1.44064275e-02 1.44258947e-02 1.44460771e-02 1.44728974e-02 1.44969013e-02 
1.59370939e+00 1.44087910e-02 1.44221892e-02 1.44364287e-02 1.44519182e-02 1.44671808e-02 
1.59410790e+00 1.44380056e-02 1.44580791e-02 1.44789199e-02 1.45030853e-02 1.45197676e-02 
1.59450651e+00 1.41689667e-02 1.41827798e-02 1.41943064e-02 1.42080352e-02 1.42219474e-02 
1.59490521e+00 1.43663046e-02 1.44136556e-02 1.44549504e-02 1.44800054e-02 1.45037479e-02 
1.59530402e+00 1.41477919e-02 1.41623907e-02 1.41741119e-02 1.41886533e-02 1.42034533e-02 
1.59570293e+00 1.41161900e-02 1.41307433e-02 1.41463902e-02 1.41643216e-02 1.41836400e-02 
1.59610193e+00 1.41829045e-02 1.42061676e-02 1.42337295e-02 1.42580455e-02 1.42818970e-02 
1.59650104e+00 1.42582580e-02 1.42707757e-02 1.42855375e-02 1.43050758e-02 1.43242388e-02 
1.59690024e+00 1.43513320e-02 1.43862351e-02 1.44195639e-02 1.44457761e-02 1.44710039e-02 
1.59729955e+00 1.45610081e-02 1.45749419e-02 1.45875672e-02 1.45995154e-02 1.46118199e-02 
1.59769895e+00 1.41777576e-02 1.41907049e-02 1.42062350e-02 1.42230263e-02 1.42419879e-02 
1.59809846e+00 1.41607808e-02 1.41738150e-02 1.41868929e-02 1.42011025e-02 1.42163910e-02 
1.59849806e+00 1.43531482e-02 1.43754404e-02 1.43947624e-02 1.44137194e-02 1.44303623e-02 
1.59889777e+00 1.41914607e-02 1.42051596e-02 1.42243632e-02 1.42420157e-02 1.42605470e-02 
1.59929757e+00 1.42388987e-02 1.42514025e-02 1.42707945e-02 1.42955828e-02 1.43204073e-02 
1.59969748e+00 1.41971554e-02 1.42177218e-02 1.42430565e-02 1.42657011e-02 1.42882084e-02 
1.60009748e+00 1.41415077e-02 1.41587244e-02 1.41757114e-02 1.41921347e-02 1.42081858e-02 
1.60049759e+00 1.42540916e-02 1.42632338e-02 1.42745775e-02 1.42887342e-02 1.43132630e-02 
1.60089779e+00 1.43015204e-02 1.43210856e-02 1.43398283e-02 1.43597271e-02 1.43772585e-02 
1.60129810e+00 1.42025097e-02 1.42159245e-02 1.42275390e-02 1.42397409e-02 1.42528650e-02 
1.60169850e+00 1.42181847e-02 1.42358923e-02 1.42566134e-02 1.42738235e-02 1.42910256e-02 
1.60209901e+00 1.44184194e-02 1.44366290e-02 1.44522758e-02 1.44694052e-02 1.44850283e-02 
1.60249961e+00 1.45104305e-02 1.45366733e-02 1.45696320e-02 1.45892742e-02 1.46049394e-02 
1.60290032e+00 1.41817455e-02 1.42023114e-02 1.42209693e-02 1.42360491e-02 1.42505490e-02 
1.60330112e+00 1.43957210e-02 1.44183336e-02 1.44351705e-02 1.44539895e-02 1.44703881e-02 
1.60370203e+00 1.44144310e-02 1.44297710e-02 1.44436755e-02 1.44581665e-02 1.44727049e-02 
1.60410304e+00 1.43888313e-02 1.44204217e-02 1.44630278e-02 1.45135229e-02 1.45682981e-02 
1.60450414e+00 1.45449678e-02 1.45656089e-02 1.45854292e-02 1.46067901e-02 1.46264935e-02 
1.60490535e+00 1.43694385e-02 1.43890397e-02 1.44045706e-02 1.44196623e-02 1.44342256e-02 
1.60530666e+00 1.41171643e-02 1.41361725e-02 1.41567096e-02 1.41752149e-02 1.41934032e-02 
1.60570806e+00 1.42513060e-02 1.42748713e-02 1.42986940e-02 1.43189876e-02 1.43386923e-02 
1.60610957e+00 1.43385253e-02 1.43646249e-02 1.43899011e-02 1.44128159e-02 1.44354474e-02 
1.60651118e+00 1.43446256e-02 1.43653573e-02 1.43892774e-02 1.44172007e-02 1.44418073e-02 
1.60691289e+00 1.44292433e-02 1.44410870e-02 1.44523156e-02 1.44637039e-02 1.44749650e-02 
1.60731470e+00 1.45192308e-02 1.45421942e-02 1.45589366e-02 1.45738523e-02 1.45873456e-02 
1.60771661e+00 1.42543393e-02 1.42740720e-02 1.42967176e-02 1.43171931e-02 1.43363126e-02 
1.60811862e+00 1.41042205e-02 1.41208185e-02 1.41415721e-02 1.41617512e-02 1.41831407e-02 
1.60852073e+00 1.40895899e-02 1.41109442e-02 1.41352452e-02 1.41568466e-02 1.41783559e-02 
1.60892294e+00 1.41172249e-02 1.41345720e-02 1.41551261e-02 1.41739553e-02 1.41924208e-02 
1.60932525e+00 1.43428947e-02 1.43633716e-02 1.43817056e-02 1.43991268e-02 1.44148859e-02 
1.60972766e+00 1.44510466e-02 1.44699643e-02 1.44922736e-02 1.45090888e-02 1.45246756e-02 
1.61013017e+00 1.41960889e-02 1.42222343e-02 1.42457696e-02 1.42622869e-02 1.42780643e-02 
1.61053279e+00 1.42580523e-02 1.42736515e-02 1.42879571e-02 1.42998139e-02 1.43103053e-02 
1.61093550e+00 1.41137190e-02 1.41353385e-02 1.41590147e-02 1.41789773e-02 1.41991898e-02 
1.61133832e+00 1.41877269e-02 1.42105286e-02 1.42333903e-02 1.42522345e-02 1.42712746e-02 
1.61174123e+00 1.42699876e-02 1.42876351e-02 1.43066370e-02 1.43240162e-02 1.43408643e-02 
1.61214425e+00 1.42144700e-02 1.42400579e-02 1.42675615e-02 1.42894179e-02 1.43102420e-02 
1.61254736e+00 1.42124880e-02 1.42259341e-02 1.42402587e-02 1.42528110e-02 1.42648292e-02 
1.61295058e+00 1.43586007e-02 1.43687745e-02 1.43786764e-02 1.43887377e-02 1.43997073e-02 
1.61335390e+00 1.42530071e-02 1.42806208e-02 1.43092775e-02 1.43327958e-02 1.43553867e-02 
1.61375732e+00 1.44337835e-02 1.44588060e-02 1.44870005e-02 1.45150987e-02 1.45429408e-02 
1.61416084e+00 1.43726612e-02 1.43830772e-02 1.43960553e-02 1.44080613e-02 1.44214742e-02 
1.61456446e+00 1.40431803e-02 1.40696459e-02 1.40980952e-02 1.41261461e-02 1.41564982e-02 
1.61496818e+00 1.41865696e-02 1.42023554e-02 1.42190641e-02 1.42356241e-02 1.42476074e-02 
1.61537201e+00 1.42791771e-02 1.42907432e-02 1.43033453e-02 1.43154090e-02 1.43267225e-02 
1.61577593e+00 1.43701197e-02 1.43817307e-02 1.43992069e-02 1.44216934e-02 1.44462217e-02 
1.61617996e+00 1.42594407e-02 1.42730542e-02 1.42914766e-02 1.43100386e-02 1.43277976e-02 
1.61658408e+00 1.42175599e-02 1.42311175e-02 1.42465954e-02 1.42606280e-02 1.42745436e-02 
1.61698831e+00 1.44356891e-02 1.44595228e-02 1.44785124e-02 1.44979918e-02 1.45144336e-02 
1.61739264e+00 1.42144967e-02 1.42376320e-02 1.42612537e-02 1.42806775e-02 1.42988133e-02 
1.61779707e+00 1.43156794e-02 1.43351932e-02 1.43536314e-02 1.43719889e-02 1.43880756e-02 
1.61820160e+00 1.42143880e-02 1.42256733e-02 1.42377470e-02 1.42493108e-02 1.42616735e-02 
1.61860623e+00 1.43786538e-02 1.43898498e-02 1.44005129e-02 1.44113115e-02 1.44222589e-02 
1.61901096e+00 1.41609251e-02 1.41806524e-02 1.42001546e-02 1.42169866e-02 1.42339192e-02 
1.61941580e+00 1.43187530e-02 1.43523200e-02 1.43857074e-02 1.44142014e-02 1.44423094e-02 
1.61982073e+00 1.42682427e-02 1.42904259e-02 1.43128359e-02 1.43315526e-02 1.43499066e-02 
1.62022577e+00 1.42093976e-02 1.42235716e-02 1.42382899e-02 1.42516345e-02 1.42645229e-02 
1.62063091e+00 1.42530619e-02 1.42665901e-02 1.42785283e-02 1.42886945e-02 1.42987153e-02 
1.62103615e+00 1.41935611e-02 1.42150283e-02 1.42359115e-02 1.42517408e-02 1.42681784e-02 
1.62144149e+00 1.41912835e-02 1.42078802e-02 1.42242186e-02 1.42386441e-02 1.42521863e-02 
1.62184693e+00 1.43050607e-02 1.43160585e-02 1.43263580e-02 1.43374093e-02 1.43481989e-02 
1.62225247e+00 1.41959627e-02 1.42134905e-02 1.42315208e-02 1.42462107e-02 1.42610179e-02 
1.62265812e+00 1.40843458e-02 1.41031425e-02 1.41257673e-02 1.41493087e-02 1.41760573e-02 
1.62306386e+00 1.43638539e-02 1.43746853e-02 1.43850614e-02 1.43959036e-02 1.44071944e-02 
1.62346971e+00 1.42582567e-02 1.42700708e-02 1.42882361e-02 1.43126470e-02 1.43382066e-02 
1.62387566e+00 1.43414343e-02 1.43513730e-02 1.43611215e-02 1.43711584e-02 1.43817664e-02 
1.62428171e+00 1.41291618e-02 1.41524314e-02 1.41733564e-02 1.41912647e-02 1.42081408e-02 
1.62468786e+00 1.41516713e-02 1.41785075e-02 1.41994897e-02 1.42163262e-02 1.42335589e-02 
1.62509412e+00 1.42525501e-02 1.42640675e-02 1.42760689e-02 1.42888944e-02 1.43025334e-02 
1.62550047e+00 1.42903520e-02 1.43128561e-02 1.43288093e-02 1.43416710e-02 1.43552291e-02 
1.62590693e+00 1.42466166e-02 1.42599194e-02 1.42779082e-02 1.42951200e-02 1.43121987e-02 
1.62631349e+00 1.41473577e-02 1.41625638e-02 1.41781244e-02 1.41951891e-02 1.42132173e-02 
1.62672015e+00 1.43312798e-02 1.43411741e-02 1.43512029e-02 1.43609434e-02 1.43717324e-02 
1.62712691e+00 1.42562462e-02 1.42673995e-02 1.42787118e-02 1.42892792e-02 1.42998603e-02 
1.62753377e+00 1.42038283e-02 1.42162352e-02 1.42269612e-02 1.42389798e-02 1.42516312e-02 
1.62794074e+00 1.41067011e-02 1.41264909e-02 1.41493009e-02 1.41701644e-02 1.41914085e-02 
1.62834780e+00 1.42414266e-02 1.42562895e-02 1.42736748e-02 1.42893464e-02 1.43050363e-02 
1.62875497e+00 1.44650774e-02 1.44775419e-02 1.44897429e-02 1.45033389e-02 1.45170864e-02 
1.62916224e+00 1.44187864e-02 1.44329239e-02 1.44479225e-02 1.44647724e-02 1.44817703e-02 
1.62956962e+00 1.41911207e-02 1.42132938e-02 1.42353689e-02 1.42521393e-02 1.42698907e-02 
1.62997709e+00 1.41413818e-02 1.41605473e-02 1.41825747e-02 1.42021881e-02 1.42215882e-02 
1.63038467e+00 1.40827196e-02 1.41070490e-02 1.41346404e-02 1.41589800e-02 1.41828483e-02 
1.63079234e+00 1.41719338e-02 1.41882833e-02 1.42034786e-02 1.42186250e-02 1.42338175e-02 
1.63120012e+00 1.43527076e-02 1.43620492e-02 1.43739436e-02 1.43839830e-02 1.43961238e-02 
1.63160801e+00 1.42103716e-02 1.42375669e-02 1.42613791e-02 1.42781497e-02 1.42946250e-02 
1.63201599e+00 1.43292352e-02 1.43393336e-02 1.43484291e-02 1.43575396e-02 1.43672613e-02 
1.63242408e+00 1.43090931e-02 1.43226855e-02 1.43439767e-02 1.43707038e-02 1.43971358e-02 
1.63283226e+00 1.44708383e-02 1.44870940e-02 1.45016922e-02 1.45144562e-02 1.45289453e-02 
1.63324055e+00 1.41041596e-02 1.41267478e-02 1.41519282e-02 1.41736282e-02 1.41955973e-02 
1.63364895e+00 1.41953932e-02 1.42133285e-02 1.42301634e-02 1.42442983e-02 1.42578899e-02 
1.63405744e+00 1.42059765e-02 1.42215411e-02 1.42374605e-02 1.42514701e-02 1.42652885e-02 
1.63446604e+00 1.41451441e-02 1.41617436e-02 1.41809722e-02 1.41991462e-02 1.42167276e-02 
1.63487474e+00 1.43445722e-02 1.43565352e-02 1.43662244e-02 1.43763950e-02 1.43874587e-02 
1.63528354e+00 1.41333599e-02 1.41484403e-02 1.41641791e-02 1.41828236e-02 1.42036344e-02 
1.63569244e+00 1.41574845e-02 1.41790822e-02 1.41998849e-02 1.42176613e-02 1.42350313e-02 
1.63610144e+00 1.40958833e-02 1.41143664e-02 1.41377458e-02 1.41620099e-02 1.41864913e-02 
1.63651055e+00 1.41869231e-02 1.42003048e-02 1.42130903e-02 1.42269999e-02 1.42407688e-02 
1.63691976e+00 1.44003871e-02 1.44120334e-02 1.44234139e-02 1.44331352e-02 1.44436969e-02 
1.63732907e+00 1.43078099e-02 1.43183735e-02 1.43292398e-02 1.43387862e-02 1.43493839e-02 
1.63773849e+00 1.41728046e-02 1.41875038e-02 1.42027496e-02 1.42186468e-02 1.42345360e-02 
1.63814801e+00 1.42718494e-02 1.42806593e-02 1.42914147e-02 1.43011568e-02 1.43111289e-02 
1.63855762e+00 1.40885974e-02 1.41077628e-02 1.41340821e-02 1.41593170e-02 1.41850075e-02 
1.63896735e+00 1.42284973e-02 1.42419088e-02 1.42559430e-02 1.42687971e-02 1.42813660e-02 
1.63937717e+00 1.41395943e-02 1.41675856e-02 1.41940836e-02 1.42176167e-02 1.42394823e-02 
1.63978710e+00 1.41902672e-02 1.42031274e-02 1.42145975e-02 1.42280404e-02 1.42416160e-02 
1.64019713e+00 1.41289593e-02 1.41448559e-02 1.41622473e-02 1.41820548e-02 1.42039051e-02 
1.64060726e+00 1.42075969e-02 1.42302630e-02 1.42501802e-02 1.42653637e-02 1.42810471e-02 
1.64101749e+00 1.46146619e-02 1.46273418e-02 1.46401674e-02 1.46517036e-02 1.46642830e-02 
1.64142783e+00 1.43589471e-02 1.43722309e-02 1.43853640e-02 1.43971643e-02 1.44090073e-02 
1.64183827e+00 1.41608597e-02 1.41745961e-02 1.41871674e-02 1.42035204e-02 1.42207750e-02 
1.64224881e+00 1.42464483e-02 1.42630338e-02 1.42790571e-02 1.42913751e-02 1.43026853e-02 
1.64265946e+00 1.43630543e-02 1.43764808e-02 1.43894622e-02 1.44039438e-02 1.44183751e-02 
1.64307020e+00 1.42885002e-02 1.43105617e-02 1.43330929e-02 1.43480959e-02 1.43611686e-02 
1.64348105e+00 1.45447147e-02 1.45602180e-02 1.45739464e-02 1.45858224e-02 1.45996135e-02 
1.64389201e+00 1.42207877e-02 1.42308047e-02 1.42409920e-02 1.42519960e-02 1.42639073e-02 
1.64430306e+00 1.41580892e-02 1.41862069e-02 1.42114234e-02 1.42386900e-02 1.42600933e-02 
1.64471422e+00 1.41310502e-02 1.41503522e-02 1.41723839e-02 1.41918519e-02 1.42124696e-02 
1.64512548e+00 1.41654509e-02 1.41837357e-02 1.42026712e-02 1.42244815e-02 1.42442264e-02 
1.64553685e+00 1.41220284e-02 1.41417525e-02 1.41646389e-02 1.41851721e-02 1.42060132e-02 
1.64594831e+00 1.41636770e-02 1.41792311e-02 1.41951342e-02 1.42123533e-02 1.42295376e-02 
1.64635988e+00 1.41314947e-02 1.41590905e-02 1.41842483e-02 1.42040290e-02 1.42240540e-02 
1.64677155e+00 1.42494499e-02 1.42602516e-02 1.42701843e-02 1.42805126e-02 1.42897354e-02 
1.64718333e+00 1.42376341e-02 1.42502124e-02 1.42621351e-02 1.42733832e-02 1.42843837e-02 
1.64759521e+00 1.42108490e-02 1.42226199e-02 1.42345129e-02 1.42464391e-02 1.42608621e-02 
1.64800719e+00 1.40843638e-02 1.41093457e-02 1.41393091e-02 1.41646810e-02 1.41890550e-02 
1.64841927e+00 1.41471096e-02 1.41648024e-02 1.41854560e-02 1.42039020e-02 1.42223871e-02 
1.64883146e+00 1.43049389e-02 1.43145154e-02 1.43231132e-02 1.43326230e-02 1.43427366e-02 
1.64924375e+00 1.41724421e-02 1.41893914e-02 1.42120309e-02 1.42337574e-02 1.42556475e-02 
1.64965615e+00 1.41734700e-02 1.41955533e-02 1.42138189e-02 1.42288617e-02 1.42442118e-02 
1.65006864e+00 1.43638863e-02 1.43780858e-02 1.43914383e-02 1.44086455e-02 1.44261714e-02 
1.65048124e+00 1.41534926e-02 1.41670352e-02 1.41820953e-02 1.41995136e-02 1.42181888e-02 
1.65089395e+00 1.43132883e-02 1.43262436e-02 1.43413360e-02 1.43572016e-02 1.43714035e-02 
1.65130675e+00 1.41606616e-02 1.41860253e-02 1.42111393e-02 1.42339036e-02 1.42557862e-02 
1.65171966e+00 1.43156977e-02 1.43267469e-02 1.43396921e-02 1.43537027e-02 1.43693323e-02 
1.65213268e+00 1.41160327e-02 1.41340615e-02 1.41579021e-02 1.41800682e-02 1.42034220e-02 
1.65254579e+00 1.41039093e-02 1.41234474e-02 1.41474846e-02 1.41718310e-02 1.41973221e-02 
1.65295901e+00 1.41869700e-02 1.42195629e-02 1.42425022e-02 1.42563949e-02 1.42699414e-02 
1.65337233e+00 1.41574237e-02 1.41746262e-02 1.41921388e-02 1.42099597e-02 1.42277159e-02 
1.65378576e+00 1.41247652e-02 1.41430747e-02 1.41636727e-02 1.41842876e-02 1.42075433e-02 
1.65419929e+00 1.41442234e-02 1.41730543e-02 1.41967338e-02 1.42154864e-02 1.42332899e-02 
1.65461292e+00 1.42462794e-02 1.42561265e-02 1.42660578e-02 1.42759431e-02 1.42866245e-02 
1.65502666e+00 1.43383794e-02 1.43579730e-02 1.43715500e-02 1.43818145e-02 1.43936320e-02 
1.65544050e+00 1.41942773e-02 1.42080255e-02 1.42206705e-02 1.42353751e-02 1.42499303e-02 
1.65585444e+00 1.41421297e-02 1.41598531e-02 1.41785170e-02 1.41978497e-02 1.42189781e-02 
1.65626849e+00 1.42075717e-02 1.42230331e-02 1.42352733e-02 1.42479415e-02 1.42599515e-02 
1.65668264e+00 1.42688101e-02 1.42776910e-02 1.42868953e-02 1.42963488e-02 1.43052235e-02 
1.65709689e+00 1.41470334e-02 1.41621482e-02 1.41792482e-02 1.41978655e-02 1.42188695e-02 
1.65751125e+00 1.40998287e-02 1.41218341e-02 1.41478878e-02 1.41727828e-02 1.41979761e-02 
1.65792571e+00 1.41259372e-02 1.41426016e-02 1.41642060e-02 1.41857797e-02 1.42083267e-02 
1.65834028e+00 1.43350004e-02 1.43474078e-02 1.43584740e-02 1.43686773e-02 1.43808397e-02 
1.65875495e+00 1.41383327e-02 1.41583589e-02 1.41800611e-02 1.41995861e-02 1.42196162e-02 
1.65916972e+00 1.41846581e-02 1.42112691e-02 1.42379047e-02 1.42594739e-02 1.42807947e-02 
1.65958459e+00 1.42326371e-02 1.42581420e-02 1.42773567e-02 1.42907273e-02 1.43029908e-02 
1.65999957e+00 1.40457336e-02 1.40744440e-02 1.41066465e-02 1.41391419e-02 1.41708456e-02 
1.66041466e+00 1.41080029e-02 1.41317521e-02 1.41590552e-02 1.41825437e-02 1.42055692e-02 
1.66082984e+00 1.42849774e-02 1.43015799e-02 1.43175893e-02 1.43303785e-02 1.43418132e-02 
1.66124513e+00 1.42994845e-02 1.43086715e-02 1.43188715e-02 1.43283981e-02 1.43383292e-02 
1.66166053e+00 1.45826540e-02 1.46034839e-02 1.46294087e-02 1.46547316e-02 1.46790947e-02 
1.66207603e+00 1.41498484e-02 1.41648603e-02 1.41811803e-02 1.41999249e-02 1.42211544e-02 
1.66249163e+00 1.42417561e-02 1.42635735e-02 1.42914270e-02 1.43084294e-02 1.43209136e-02 
1.66290734e+00 1.40853220e-02 1.41104811e-02 1.41359569e-02 1.41631214e-02 1.41924851e-02 
1.66332315e+00 1.43645663e-02 1.44070320e-02 1.44719133e-02 1.45198339e-02 1.45384858e-02 
1.66373906e+00 1.41880893e-02 1.42069722e-02 1.42264236e-02 1.42436701e-02 1.42607977e-02 
1.66415508e+00 1.42197385e-02 1.42346617e-02 1.42467169e-02 1.42596342e-02 1.42722068e-02 
1.66457120e+00 1.44643333e-02 1.44758312e-02 1.44881626e-02 1.45005321e-02 1.45133442e-02 
1.66498743e+00 1.41207455e-02 1.41380369e-02 1.41590485e-02 1.41813055e-02 1.42067962e-02 
1.66540376e+00 1.41026155e-02 1.41230899e-02 1.41493668e-02 1.41745596e-02 1.42002804e-02 
1.66582019e+00 1.41135261e-02 1.41334829e-02 1.41548525e-02 1.41785755e-02 1.42041080e-02 
1.66623673e+00 1.43492097e-02 1.43646251e-02 1.43788434e-02 1.43980896e-02 1.44199037e-02 
1.66665338e+00 1.42429731e-02 1.42533448e-02 1.42633561e-02 1.42737016e-02 1.42846840e-02 
1.66707012e+00 1.41688834e-02 1.41913974e-02 1.42133687e-02 1.42316108e-02 1.42502466e-02 
1.66748697e+00 1.42332150e-02 1.42458166e-02 1.42597036e-02 1.42736318e-02 1.42873564e-02 
1.66790393e+00 1.41863902e-02 1.42005376e-02 1.42139307e-02 1.42290878e-02 1.42448468e-02 
1.66832099e+00 1.42824638e-02 1.42980669e-02 1.43138901e-02 1.43282661e-02 1.43409673e-02 
1.66873815e+00 1.40705890e-02 1.40974107e-02 1.41255623e-02 1.41555699e-02 1.41848875e-02 
1.66915542e+00 1.41822595e-02 1.41941079e-02 1.42064483e-02 1.42215686e-02 1.42386342e-02 
1.66957279e+00 1.41074030e-02 1.41276162e-02 1.41501314e-02 1.41745503e-02 1.42012878e-02 
1.66999027e+00 1.44214914e-02 1.44359008e-02 1.44519322e-02 1.44722643e-02 1.44918130e-02 
1.67040785e+00 1.40429186e-02 1.40743673e-02 1.41077078e-02 1.41413514e-02 1.41740926e-02 
1.67082554e+00 1.43594379e-02 1.43740992e-02 1.43870057e-02 1.43987579e-02 1.44103501e-02 
1.67124333e+00 1.45350721e-02 1.45634616e-02 1.46061131e-02 1.46534949e-02 1.46709641e-02 
1.67166122e+00 1.40491634e-02 1.40792553e-02 1.41116338e-02 1.41435381e-02 1.41755558e-02 
1.67207922e+00 1.41207323e-02 1.41384489e-02 1.41630115e-02 1.41868365e-02 1.42113039e-02 
1.67249733e+00 1.41526621e-02 1.41771655e-02 1.41985924e-02 1.42171772e-02 1.42350600e-02 
1.67291554e+00 1.41143445e-02 1.41325780e-02 1.41573660e-02 1.41819045e-02 1.42073066e-02 
1.67333385e+00 1.41073836e-02 1.41303195e-02 1.41551013e-02 1.41799838e-02 1.42077037e-02 
1.67375227e+00 1.41213458e-02 1.41398886e-02 1.41604543e-02 1.41837657e-02 1.42092265e-02 
1.67417079e+00 1.42689113e-02 1.42817293e-02 1.42968738e-02 1.43108057e-02 1.43248114e-02 
1.67458941e+00 1.41274484e-02 1.41459927e-02 1.41657715e-02 1.41874095e-02 1.42127873e-02 
1.67500815e+00 1.41874986e-02 1.42056258e-02 1.42219529e-02 1.42446274e-02 1.42808464e-02 
1.67542698e+00 1.40804842e-02 1.41059043e-02 1.41330339e-02 1.41614444e-02 1.41903875e-02 
1.67584592e+00 1.42292493e-02 1.42420328e-02 1.42534363e-02 1.42656876e-02 1.42778388e-02 
1.67626497e+00 1.40642542e-02 1.40911296e-02 1.41226815e-02 1.41533489e-02 1.41848853e-02 
1.67668412e+00 1.41215315e-02 1.41420358e-02 1.41660243e-02 1.41907923e-02 1.42163035e-02 
1.67710337e+00 1.44294442e-02 1.44480954e-02 1.44700788e-02 1.44921236e-02 1.45138410e-02 
1.67752273e+00 1.42330408e-02 1.42473762e-02 1.42590650e-02 1.42713366e-02 1.42833996e-02 
1.67794220e+00 1.40769749e-02 1.41026261e-02 1.41306214e-02 1.41594297e-02 1.41890539e-02 
1.67836177e+00 1.40866977e-02 1.41122615e-02 1.41387159e-02 1.41656326e-02 1.41939371e-02 
1.67878144e+00 1.41992967e-02 1.42125826e-02 1.42256024e-02 1.42404788e-02 1.42564592e-02 
1.67920122e+00 1.44335454e-02 1.44499906e-02 1.44664853e-02 1.44815595e-02 1.44953866e-02 
1.67962111e+00 1.42800980e-02 1.42956681e-02 1.43107649e-02 1.43254630e-02 1.43377825e-02 
1.68004110e+00 1.40553410e-02 1.40869118e-02 1.41209315e-02 1.41526161e-02 1.41850830e-02 
1.68046119e+00 1.41320705e-02 1.41508835e-02 1.41706543e-02 1.41928874e-02 1.42176409e-02 
1.68088139e+00 1.41630124e-02 1.41843997e-02 1.42111522e-02 1.42410109e-02 1.42690560e-02 
1.68130170e+00 1.40752098e-02 1.41027281e-02 1.41318503e-02 1.41618750e-02 1.41919277e-02 
1.68172211e+00 1.41287445e-02 1.41484020e-02 1.41763384e-02 1.42011290e-02 1.42272848e-02 
1.68214262e+00 1.40674061e-02 1.40957582e-02 1.41264329e-02 1.41578659e-02 1.41886664e-02 
1.68256324e+00 1.40574441e-02 1.40892171e-02 1.41225506e-02 1.41548195e-02 1.41864730e-02 
1.68298397e+00 1.41641490e-02 1.41838575e-02 1.42011970e-02 1.42194684e-02 1.42394330e-02 
1.68340480e+00 1.40725626e-02 1.40988121e-02 1.41299099e-02 1.41600855e-02 1.41914681e-02 
1.68382573e+00 1.40852955e-02 1.41110016e-02 1.41384240e-02 1.41667896e-02 1.41970009e-02 
1.68424678e+00 1.42221504e-02 1.42352204e-02 1.42471055e-02 1.42608771e-02 1.42758841e-02 
1.68466792e+00 1.40953949e-02 1.41195882e-02 1.41456369e-02 1.41718324e-02 1.42003419e-02 
1.68508917e+00 1.44175225e-02 1.44288982e-02 1.44397075e-02 1.44501953e-02 1.44620856e-02 
1.68551053e+00 1.43731938e-02 1.43838580e-02 1.43951342e-02 1.44076722e-02 1.44203128e-02 
1.68593199e+00 1.43119976e-02 1.43357619e-02 1.43657865e-02 1.43840200e-02 1.43973557e-02 
1.68635356e+00 1.42065560e-02 1.42266285e-02 1.42459002e-02 1.42684811e-02 1.42888727e-02 
1.68677523e+00 1.45743150e-02 1.46540758e-02 1.46929462e-02 1.47126687e-02 1.47286270e-02 
1.68719701e+00 1.41082767e-02 1.41302502e-02 1.41557306e-02 1.41816470e-02 1.42095077e-02 
1.68761890e+00 1.42008984e-02 1.42189183e-02 1.42317935e-02 1.42452044e-02 1.42620025e-02 
1.68804089e+00 1.41385498e-02 1.41581584e-02 1.41784033e-02 1.41982087e-02 1.42207177e-02 
1.68846298e+00 1.44477207e-02 1.44608948e-02 1.44739517e-02 1.44863015e-02 1.45006215e-02 
1.68888518e+00 1.41107050e-02 1.41330445e-02 1.41583746e-02 1.41845002e-02 1.42117112e-02 
1.68930749e+00 1.43908921e-02 1.44017315e-02 1.44122802e-02 1.44222988e-02 1.44333342e-02 
1.68972990e+00 1.41945081e-02 1.42077724e-02 1.42216510e-02 1.42364601e-02 1.42545554e-02 
1.69015242e+00 1.42698313e-02 1.42814379e-02 1.42956733e-02 1.43110226e-02 1.43260804e-02 
1.69057504e+00 1.47745908e-02 1.47975088e-02 1.48263503e-02 1.48535501e-02 1.48784528e-02 
1.69099777e+00 1.42308618e-02 1.42451294e-02 1.42589319e-02 1.42734632e-02 1.42874803e-02 
1.69142060e+00 1.40862821e-02 1.41125803e-02 1.41412021e-02 1.41707857e-02 1.42005773e-02 
1.69184354e+00 1.41817818e-02 1.41963727e-02 1.42115940e-02 1.42296647e-02 1.42474215e-02 
1.69226659e+00 1.43364692e-02 1.43535885e-02 1.43711137e-02 1.43877991e-02 1.44029916e-02 
1.69268974e+00 1.42462630e-02 1.42631548e-02 1.42830386e-02 1.42993357e-02 1.43156422e-02 
1.69311300e+00 1.40685155e-02 1.40986529e-02 1.41313896e-02 1.41629683e-02 1.41945183e-02 
1.69353636e+00 1.41631741e-02 1.41791749e-02 1.41945226e-02 1.42128149e-02 1.42342310e-02 
1.69395983e+00 1.41081534e-02 1.41301890e-02 1.41553844e-02 1.41823087e-02 1.42109475e-02 
1.69438341e+00 1.41129487e-02 1.41356538e-02 1.41603230e-02 1.41866159e-02 1.42144328e-02 
1.69480709e+00 1.40834341e-02 1.41086241e-02 1.41384133e-02 1.41681194e-02 1.41981913e-02 
1.69523087e+00 1.41782021e-02 1.41923125e-02 1.42073001e-02 1.42251929e-02 1.42448280e-02 
1.69565477e+00 1.45255321e-02 1.45419661e-02 1.45607949e-02 1.45786512e-02 1.45964647e-02 
1.69607877e+00 1.41778526e-02 1.41983654e-02 1.42165957e-02 1.42343397e-02 1.42536064e-02 
1.69650287e+00 1.40554152e-02 1.40882694e-02 1.41233349e-02 1.41565960e-02 1.41900856e-02 
1.69692708e+00 1.43734820e-02 1.43838678e-02 1.43943313e-02 1.44035420e-02 1.44137212e-02 
1.69735140e+00 1.46498988e-02 1.46725887e-02 1.46913802e-02 1.47111461e-02 1.47279736e-02 
1.69777582e+00 1.42440663e-02 1.42614128e-02 1.42792476e-02 1.42946309e-02 1.43108735e-02 
1.69820035e+00 1.40751733e-02 1.41033215e-02 1.41354629e-02 1.41665104e-02 1.41982496e-02 
1.69862499e+00 1.41828527e-02 1.42042812e-02 1.42239337e-02 1.42419727e-02 1.42590812e-02 
1.69904973e+00 1.45309772e-02 1.45424272e-02 1.45542687e-02 1.45657094e-02 1.45777335e-02 
1.69947458e+00 1.41357018e-02 1.41566013e-02 1.41780006e-02 1.41988805e-02 1.42223701e-02 
1.69989953e+00 1.43932416e-02 1.44174801e-02 1.44402576e-02 1.44606115e-02 1.44798243e-02 
1.70032459e+00 1.44783992e-02 1.44898387e-02 1.45004330e-02 1.45117555e-02 1.45228316e-02 
1.70074976e+00 1.41414259e-02 1.41595960e-02 1.41800503e-02 1.42008894e-02 1.42248517e-02 
1.70117503e+00 1.47623397e-02 1.47849059e-02 1.48047941e-02 1.48229470e-02 1.48400063e-02 
1.70160041e+00 1.46530733e-02 1.47079634e-02 1.47377298e-02 1.47559293e-02 1.47742696e-02 
1.70202589e+00 1.41952600e-02 1.42180456e-02 1.42407646e-02 1.42600292e-02 1.42782321e-02 
1.70245149e+00 1.41547874e-02 1.41764949e-02 1.42008616e-02 1.42223267e-02 1.42433407e-02 
1.70287718e+00 1.42724770e-02 1.43034412e-02 1.43325291e-02 1.43536429e-02 1.43738989e-02 
1.70330299e+00 1.41105299e-02 1.41340137e-02 1.41580318e-02 1.41844622e-02 1.42129478e-02 
1.70372890e+00 1.41762182e-02 1.41915990e-02 1.42101988e-02 1.42286757e-02 1.42490777e-02 
1.70415492e+00 1.40894213e-02 1.41158654e-02 1.41460584e-02 1.41758436e-02 1.42066075e-02 
1.70458104e+00 1.41005843e-02 1.41252264e-02 1.41554134e-02 1.41837097e-02 1.42121881e-02 
1.70500727e+00 1.41652393e-02 1.42030865e-02 1.42326175e-02 1.42545573e-02 1.42752162e-02 
1.70543361e+00 1.47168450e-02 1.47329292e-02 1.47512351e-02 1.47685489e-02 1.47852305e-02 
1.70586006e+00 1.41840602e-02 1.41974949e-02 1.42133005e-02 1.42317410e-02 1.42506065e-02 
1.70628661e+00 1.41317659e-02 1.41503947e-02 1.41744727e-02 1.41980273e-02 1.42254675e-02 
1.70671326e+00 1.42356395e-02 1.42490918e-02 1.42611210e-02 1.42746062e-02 1.42885871e-02 
1.70714003e+00 1.42649387e-02 1.42743701e-02 1.42841383e-02 1.42945711e-02 1.43053841e-02 
1.70756690e+00 1.41525182e-02 1.41716275e-02 1.41948547e-02 1.42165703e-02 1.42389960e-02 
1.70799388e+00 1.40928460e-02 1.41185154e-02 1.41512808e-02 1.41804219e-02 1.42105859e-02 
1.70842096e+00 1.42347006e-02 1.42502182e-02 1.42642492e-02 1.42794338e-02 1.42957690e-02 
1.70884815e+00 1.45917210e-02 1.46059985e-02 1.46194728e-02 1.46308261e-02 1.46438690e-02 
1.70927545e+00 1.41930405e-02 1.42081833e-02 1.42227860e-02 1.42391794e-02 1.42581375e-02 
1.70970285e+00 1.41160686e-02 1.41384693e-02 1.41670177e-02 1.41938709e-02 1.42209525e-02 
1.71013037e+00 1.41635325e-02 1.41798420e-02 1.41979471e-02 1.42183398e-02 1.42410577e-02 
1.71055798e+00 1.40737254e-02 1.41029650e-02 1.41353217e-02 1.41681900e-02 1.42002838e-02 
1.71098571e+00 1.47695058e-02 1.47843729e-02 1.48020630e-02 1.48185569e-02 1.48351542e-02 
1.71141354e+00 1.44564702e-02 1.44855441e-02 1.45126488e-02 1.45369723e-02 1.45602343e-02 
1.71184148e+00 1.43408139e-02 1.43524405e-02 1.43665280e-02 1.43817474e-02 1.43973531e-02 
1.71226953e+00 1.40859725e-02 1.41158433e-02 1.41460356e-02 1.41771058e-02 1.42074748e-02 
1.71269768e+00 1.43976736e-02 1.44106588e-02 1.44254291e-02 1.44449401e-02 1.44647240e-02 
1.71312594e+00 1.44463722e-02 1.44579139e-02 1.44686370e-02 1.44793106e-02 1.44906767e-02 
1.71355431e+00 1.43340678e-02 1.43456376e-02 1.43587812e-02 1.43760216e-02 1.44007090e-02 
1.71398278e+00 1.41089332e-02 1.41338666e-02 1.41615116e-02 1.41896709e-02 1.42189935e-02 
1.71441137e+00 1.44391931e-02 1.44554095e-02 1.44687383e-02 1.44801357e-02 1.44926357e-02 
1.71484005e+00 1.42343395e-02 1.42480839e-02 1.42611238e-02 1.42758703e-02 1.42902225e-02 
1.71526885e+00 1.41170054e-02 1.41407084e-02 1.41702957e-02 1.41973807e-02 1.42239133e-02 
1.71569775e+00 1.45093575e-02 1.45228807e-02 1.45363820e-02 1.45498964e-02 1.45628291e-02 
1.71612676e+00 1.49791468e-02 1.49966052e-02 1.50159948e-02 1.50339553e-02 1.50519101e-02 
1.71655588e+00 1.40524845e-02 1.40869639e-02 1.41232513e-02 1.41585666e-02 1.41928167e-02 
1.71698511e+00 1.42754064e-02 1.42870483e-02 1.43042681e-02 1.43270615e-02 1.43508132e-02 
1.71741444e+00 1.41739853e-02 1.41901672e-02 1.42087899e-02 1.42287767e-02 1.42514622e-02 
1.71784388e+00 1.42558703e-02 1.42665660e-02 1.42765623e-02 1.42883996e-02 1.43008530e-02 
1.71827343e+00 1.44200196e-02 1.44300108e-02 1.44391599e-02 1.44487223e-02 1.44595129e-02 
1.71870308e+00 1.47159944e-02 1.47349068e-02 1.47507230e-02 1.47682217e-02 1.47836511e-02 
1.71913284e+00 1.48738126e-02 1.48883919e-02 1.49193866e-02 1.49561295e-02 1.49938024e-02 
1.71956271e+00 1.43117089e-02 1.43349720e-02 1.43573126e-02 1.43751196e-02 1.43922918e-02 
1.71999269e+00 1.43420099e-02 1.43517304e-02 1.43609354e-02 1.43706034e-02 1.43807766e-02 
1.72042278e+00 1.40759384e-02 1.41076855e-02 1.41413319e-02 1.41738661e-02 1.42062895e-02 
1.72085297e+00 1.41759755e-02 1.41955772e-02 1.42149739e-02 1.42348434e-02 1.42549628e-02 
1.72128327e+00 1.43666022e-02 1.43825750e-02 1.43984380e-02 1.44221439e-02 1.44503814e-02 
1.72171367e+00 1.42114311e-02 1.42329080e-02 1.42557437e-02 1.42747110e-02 1.42936459e-02 
1.72214419e+00 1.42292594e-02 1.42428048e-02 1.42544062e-02 1.42687457e-02 1.42832890e-02 
1.72257481e+00 1.45461736e-02 1.45646879e-02 1.45787429e-02 1.45903789e-02 1.46040981e-02 
1.72300554e+00 1.42742842e-02 1.42860689e-02 1.42970776e-02 1.43089920e-02 1.43208882e-02 
1.72343638e+00 1.43324689e-02 1.43458083e-02 1.43581265e-02 1.43681477e-02 1.43779267e-02 
1.72386733e+00 1.44321000e-02 1.44454559e-02 1.44591342e-02 1.44751056e-02 1.44925058e-02 
1.72429838e+00 1.41841125e-02 1.42058177e-02 1.42292218e-02 1.42506148e-02 1.42729335e-02 
1.72472954e+00 1.43721116e-02 1.43877957e-02 1.44051220e-02 1.44259366e-02 1.44476683e-02 
1.72516081e+00 1.43793839e-02 1.44057767e-02 1.44309153e-02 1.44518116e-02 1.44719124e-02 
1.72559219e+00 1.42304043e-02 1.42527328e-02 1.42742495e-02 1.42925242e-02 1.43094800e-02 
1.72602367e+00 1.45582229e-02 1.46189493e-02 1.47132048e-02 1.47475149e-02 1.47657734e-02 
1.72645526e+00 1.41117917e-02 1.41360121e-02 1.41648709e-02 1.41935982e-02 1.42224823e-02 
1.72688696e+00 1.41565583e-02 1.41791463e-02 1.42051372e-02 1.42280944e-02 1.42504076e-02 
1.72731877e+00 1.42905668e-02 1.43015713e-02 1.43121832e-02 1.43224503e-02 1.43335212e-02 
1.72775069e+00 1.46962983e-02 1.47183616e-02 1.47365708e-02 1.47550673e-02 1.47718857e-02 
1.72818271e+00 1.42687082e-02 1.42808173e-02 1.42982148e-02 1.43214648e-02 1.43476589e-02 
1.72861485e+00 1.43579573e-02 1.43700103e-02 1.43799432e-02 1.43897165e-02 1.44010359e-02 
1.72904709e+00 1.42101247e-02 1.42270949e-02 1.42450519e-02 1.42634166e-02 1.42815806e-02 
1.72947944e+00 1.42611152e-02 1.42731710e-02 1.42862401e-02 1.43025694e-02 1.43179207e-02 
1.72991189e+00 1.43928236e-02 1.44377592e-02 1.44767499e-02 1.45013593e-02 1.45245196e-02 
1.73034446e+00 1.47426390e-02 1.47649907e-02 1.47983989e-02 1.48338599e-02 1.48737391e-02 
1.73077713e+00 1.43721295e-02 1.43849569e-02 1.43956649e-02 1.44095017e-02 1.44228149e-02 
1.73120991e+00 1.42816881e-02 1.42959386e-02 1.43103601e-02 1.43249982e-02 1.43391867e-02 
1.73164280e+00 1.41250027e-02 1.41501645e-02 1.41779161e-02 1.42051830e-02 1.42336074e-02 
1.73207580e+00 1.48373529e-02 1.48639387e-02 1.48991960e-02 1.49435144e-02 1.49870017e-02 
1.73250891e+00 1.44776176e-02 1.44902567e-02 1.45030965e-02 1.45164241e-02 1.45300857e-02 
1.73294212e+00 1.49461538e-02 1.49752831e-02 1.50199382e-02 1.50896092e-02 1.51872773e-02 
1.73337544e+00 1.47604456e-02 1.47743370e-02 1.47907629e-02 1.48067471e-02 1.48219534e-02 
1.73380887e+00 1.43562800e-02 1.43881755e-02 1.44109063e-02 1.44274092e-02 1.44422236e-02 
1.73424241e+00 1.46392787e-02 1.46727117e-02 1.46960020e-02 1.47137506e-02 1.47286701e-02 
1.73467606e+00 1.44150565e-02 1.44303978e-02 1.44510051e-02 1.44785101e-02 1.45065796e-02 
1.73510982e+00 1.41324781e-02 1.41562712e-02 1.41827589e-02 1.42093817e-02 1.42372706e-02 
1.73554368e+00 1.46162305e-02 1.46308737e-02 1.46439594e-02 1.46571132e-02 1.46697860e-02 
1.73597765e+00 1.42652580e-02 1.42762792e-02 1.42870050e-02 1.42990322e-02 1.43133027e-02 
1.73641174e+00 1.41866373e-02 1.42028713e-02 1.42210837e-02 1.42406337e-02 1.42620844e-02 
1.73684593e+00 1.45947705e-02 1.46177963e-02 1.46412006e-02 1.46639198e-02 1.46850154e-02 
1.73728022e+00 1.44443005e-02 1.45049395e-02 1.45355347e-02 1.45485287e-02 1.45617705e-02 
1.73771463e+00 1.42804128e-02 1.42926350e-02 1.43051501e-02 1.43307023e-02 1.43892509e-02 
1.73814915e+00 1.41588025e-02 1.41781030e-02 1.41990711e-02 1.42220638e-02 1.42475969e-02 
1.73858377e+00 1.42055576e-02 1.42261606e-02 1.42472964e-02 1.42659497e-02 1.42838729e-02 
1.73901851e+00 1.43453732e-02 1.43621861e-02 1.43789801e-02 1.43947482e-02 1.44084180e-02 
1.73945335e+00 1.42666554e-02 1.42781587e-02 1.42897974e-02 1.43030474e-02 1.43141152e-02 
1.73988830e+00 1.43962072e-02 1.44168171e-02 1.44368767e-02 1.44539303e-02 1.44705312e-02 
1.74032336e+00 1.45344026e-02 1.45490303e-02 1.45605971e-02 1.45715989e-02 1.45841647e-02 
1.74075853e+00 1.48686262e-02 1.49036844e-02 1.49356142e-02 1.49634265e-02 1.49887480e-02 
1.74119380e+00 1.50173513e-02 1.50391394e-02 1.50638643e-02 1.50876845e-02 1.51111570e-02 
1.74162919e+00 1.47697677e-02 1.47947696e-02 1.48153816e-02 1.48369094e-02 1.48541812e-02 
1.74206468e+00 1.41250154e-02 1.41480870e-02 1.41757815e-02 1.42035642e-02 1.42320919e-02 
1.74250029e+00 1.44110845e-02 1.44741367e-02 1.45277123e-02 1.45461420e-02 1.45633468e-02 
1.74293600e+00 1.43578893e-02 1.43670535e-02 1.43759941e-02 1.43852341e-02 1.43955817e-02 
1.74337182e+00 1.44469722e-02 1.44768187e-02 1.44966421e-02 1.45123016e-02 1.45256153e-02 
1.74380775e+00 1.44081439e-02 1.44240476e-02 1.44397062e-02 1.44531824e-02 1.44662311e-02 
1.74424379e+00 1.43043763e-02 1.43151035e-02 1.43257520e-02 1.43386000e-02 1.43498309e-02 
1.74467994e+00 1.42390792e-02 1.42601747e-02 1.42808072e-02 1.42992947e-02 1.43200132e-02 
1.74511620e+00 1.45352861e-02 1.45513357e-02 1.45699687e-02 1.45874946e-02 1.46042635e-02 
1.74555256e+00 1.48035013e-02 1.48373936e-02 1.48698850e-02 1.48975696e-02 1.49234479e-02 
1.74598904e+00 1.44709024e-02 1.44839122e-02 1.44946559e-02 1.45064292e-02 1.45177251e-02 
1.74642563e+00 1.41974507e-02 1.42219550e-02 1.42488414e-02 1.42795885e-02 1.43117410e-02 
1.74686232e+00 1.45641564e-02 1.45756408e-02 1.45873324e-02 1.45985299e-02 1.46101019e-02 
1.74729912e+00 1.44101867e-02 1.44343422e-02 1.44557775e-02 1.44727980e-02 1.44889866e-02 
1.74773604e+00 1.42433481e-02 1.42554325e-02 1.42673503e-02 1.42818169e-02 1.42966299e-02 
1.74817306e+00 1.44308916e-02 1.44495233e-02 1.44713392e-02 1.44946401e-02 1.45168830e-02 
1.74861019e+00 1.50634513e-02 1.50771107e-02 1.50909315e-02 1.51030792e-02 1.51165913e-02 
1.74904743e+00 1.43022377e-02 1.43130357e-02 1.43234210e-02 1.43341331e-02 1.43452189e-02 
1.74948478e+00 1.42788473e-02 1.43037649e-02 1.43274319e-02 1.43474115e-02 1.43662834e-02 
1.74992224e+00 1.42980402e-02 1.43309018e-02 1.43673177e-02 1.43922852e-02 1.44063621e-02 
1.75035981e+00 1.46842889e-02 1.47247363e-02 1.47626452e-02 1.47901947e-02 1.48160170e-02 
1.75079748e+00 1.50259049e-02 1.50567670e-02 1.50856801e-02 1.51113101e-02 1.51352613e-02 
1.75123527e+00 1.41600141e-02 1.41809188e-02 1.42039223e-02 1.42281947e-02 1.42547704e-02 
1.75167317e+00 1.44253539e-02 1.44396441e-02 1.44539781e-02 1.44690047e-02 1.44831714e-02 
1.75211117e+00 1.43021684e-02 1.43136532e-02 1.43247358e-02 1.43371432e-02 1.43484980e-02 
1.75254929e+00 1.43772712e-02 1.43898040e-02 1.44021598e-02 1.44141086e-02 1.44252460e-02 
1.75298752e+00 1.42412590e-02 1.42554127e-02 1.42693920e-02 1.42852240e-02 1.42995259e-02 
1.75342585e+00 1.42887201e-02 1.43035147e-02 1.43184657e-02 1.43321857e-02 1.43459137e-02 
1.75386430e+00 1.44879641e-02 1.45177399e-02 1.45458979e-02 1.45706307e-02 1.45941684e-02 
1.75430285e+00 1.44917578e-02 1.45237108e-02 1.45538568e-02 1.45798355e-02 1.46045546e-02 
1.75474151e+00 1.45916729e-02 1.46209331e-02 1.46488943e-02 1.46751637e-02 1.46999852e-02 
1.75518029e+00 1.43261900e-02 1.43400158e-02 1.43552081e-02 1.43696296e-02 1.43836883e-02 
1.75561917e+00 1.44867641e-02 1.45147455e-02 1.45409257e-02 1.45638047e-02 1.45870971e-02 
1.75605816e+00 1.42251806e-02 1.42459815e-02 1.42683543e-02 1.42891251e-02 1.43119995e-02 
1.75649727e+00 1.41788092e-02 1.42008037e-02 1.42254183e-02 1.42488465e-02 1.42734657e-02 
1.75693648e+00 1.43054865e-02 1.43250059e-02 1.43442995e-02 1.43629624e-02 1.43797395e-02 
1.75737580e+00 1.41579176e-02 1.41803578e-02 1.42035255e-02 1.42269710e-02 1.42515432e-02 
1.75781523e+00 1.47978676e-02 1.48411543e-02 1.49423273e-02 1.50054598e-02 1.50256218e-02 
1.75825478e+00 1.52088809e-02 1.52360436e-02 1.52600041e-02 1.52839591e-02 1.53031389e-02 
1.75869443e+00 1.41799348e-02 1.42008578e-02 1.42235057e-02 1.42462674e-02 1.42705843e-02 
1.75913419e+00 1.45481186e-02 1.45755150e-02 1.45999003e-02 1.46219609e-02 1.46420261e-02 
1.75957406e+00 1.42053309e-02 1.42307487e-02 1.42560127e-02 1.42780020e-02 1.42996604e-02 
1.76001404e+00 1.44570452e-02 1.44682451e-02 1.44788405e-02 1.44885430e-02 1.44983979e-02 
1.76045414e+00 1.42487550e-02 1.42654585e-02 1.42863152e-02 1.43065785e-02 1.43257036e-02 
1.76089434e+00 1.42656359e-02 1.42816857e-02 1.43003492e-02 1.43178352e-02 1.43339282e-02 
1.76133465e+00 1.43224007e-02 1.43396000e-02 1.43560921e-02 1.43721457e-02 1.43875187e-02 
1.76177507e+00 1.43427030e-02 1.43516145e-02 1.43607320e-02 1.43702378e-02 1.43790200e-02 
1.76221560e+00 1.50620008e-02 1.51211231e-02 1.51883414e-02 1.52972174e-02 1.54068480e-02 
1.76265625e+00 1.44686236e-02 1.44791222e-02 1.44891038e-02 1.44997055e-02 1.45102647e-02 
1.76309700e+00 1.45763072e-02 1.46164088e-02 1.46575359e-02 1.46925824e-02 1.47263236e-02 
1.76353786e+00 1.44387986e-02 1.44669445e-02 1.44882304e-02 1.45060375e-02 1.45233016e-02 
1.76397883e+00 1.42811799e-02 1.43030928e-02 1.43245424e-02 1.43425686e-02 1.43606470e-02 
1.76441992e+00 1.43007045e-02 1.43161817e-02 1.43334853e-02 1.43540385e-02 1.43770513e-02 
1.76486111e+00 1.41922905e-02 1.42115587e-02 1.42323319e-02 1.42542392e-02 1.42779824e-02 
1.76530242e+00 1.46388373e-02 1.46666760e-02 1.46946897e-02 1.47209436e-02 1.47464239e-02 
1.76574383e+00 1.43570163e-02 1.43723484e-02 1.43902895e-02 1.44194192e-02 1.44857567e-02 
1.76618535e+00 1.41773330e-02 1.41962300e-02 1.42156585e-02 1.42382428e-02 1.42630386e-02 
1.76662699e+00 1.45968996e-02 1.46154509e-02 1.46317093e-02 1.46492954e-02 1.46647080e-02 
1.76706874e+00 1.42581453e-02 1.42763923e-02 1.42954818e-02 1.43135269e-02 1.43323678e-02 
1.76751059e+00 1.47292904e-02 1.47676097e-02 1.47968227e-02 1.48183273e-02 1.48361372e-02 
1.76795256e+00 1.43284248e-02 1.43434111e-02 1.43608971e-02 1.43766513e-02 1.43926545e-02 
1.76839463e+00 1.42880308e-02 1.43058945e-02 1.43224227e-02 1.43393132e-02 1.43555552e-02 
1.76883682e+00 1.44179948e-02 1.44384157e-02 1.44563508e-02 1.44720389e-02 1.44861679e-02 
1.76927912e+00 1.43959658e-02 1.44106626e-02 1.44251006e-02 1.44446681e-02 1.44645358e-02 
1.76972153e+00 1.48163903e-02 1.48322359e-02 1.48467820e-02 1.48628936e-02 1.48783968e-02 
1.77016405e+00 1.42509674e-02 1.42710714e-02 1.42916940e-02 1.43107947e-02 1.43310340e-02 
1.77060668e+00 1.41412954e-02 1.41649230e-02 1.41917165e-02 1.42196269e-02 1.42477731e-02 
1.77104942e+00 1.48588318e-02 1.48951725e-02 1.49299904e-02 1.49593682e-02 1.49865497e-02 
1.77149227e+00 1.46598166e-02 1.47001909e-02 1.47417834e-02 1.47767908e-02 1.48097738e-02 
1.77193523e+00 1.45514093e-02 1.45989537e-02 1.46332369e-02 1.46494090e-02 1.46638114e-02 
1.77237831e+00 1.46131312e-02 1.46244890e-02 1.46363877e-02 1.46482931e-02 1.46612942e-02 
1.77282149e+00 1.48613144e-02 1.48974116e-02 1.49287348e-02 1.49626496e-02 1.49989804e-02 
1.77326478e+00 1.49534298e-02 1.49808788e-02 1.50102368e-02 1.50378464e-02 1.50641495e-02 
1.77370819e+00 1.43769755e-02 1.44071694e-02 1.44372579e-02 1.44629313e-02 1.44885950e-02 
1.77415170e+00 1.46946189e-02 1.47098255e-02 1.47228137e-02 1.47341089e-02 1.47464211e-02 
1.77459533e+00 1.50203332e-02 1.50333545e-02 1.50466349e-02 1.50584823e-02 1.50718682e-02 
1.77503907e+00 1.45570149e-02 1.45875150e-02 1.46151406e-02 1.46372399e-02 1.46599120e-02 
1.77548292e+00 1.45267935e-02 1.45759467e-02 1.46147258e-02 1.46323380e-02 1.46480229e-02 
1.77592688e+00 1.44499944e-02 1.44597902e-02 1.44690492e-02 1.44783914e-02 1.44882220e-02 
1.77637095e+00 1.42922048e-02 1.43193552e-02 1.43433276e-02 1.43612298e-02 1.43747431e-02 
1.77681513e+00 1.46481952e-02 1.46805707e-02 1.47109513e-02 1.47369418e-02 1.47619859e-02 
1.77725942e+00 1.41890069e-02 1.42081539e-02 1.42285640e-02 1.42497943e-02 1.42738293e-02 
1.77770383e+00 1.43693140e-02 1.43948457e-02 1.44293867e-02 1.44649610e-02 1.45002177e-02 
1.77814834e+00 1.45499304e-02 1.45724364e-02 1.46017699e-02 1.46504173e-02 1.47069884e-02 
1.77859297e+00 1.43579908e-02 1.43705941e-02 1.43814049e-02 1.43918664e-02 1.44014930e-02 
1.77903771e+00 1.44101191e-02 1.44426938e-02 1.44645567e-02 1.44765516e-02 1.44871789e-02 
1.77948256e+00 1.42559647e-02 1.42720304e-02 1.42884313e-02 1.43057167e-02 1.43227643e-02 
1.77992752e+00 1.43090854e-02 1.43327376e-02 1.43533905e-02 1.43689220e-02 1.43840995e-02 
1.78037259e+00 1.42987078e-02 1.43130732e-02 1.43282431e-02 1.43418464e-02 1.43552839e-02 
1.78081777e+00 1.41997063e-02 1.42207404e-02 1.42420673e-02 1.42644469e-02 1.42876045e-02 
1.78126306e+00 1.50442194e-02 1.50608770e-02 1.50787394e-02 1.50964853e-02 1.51140565e-02 
1.78170847e+00 1.52659574e-02 1.53093327e-02 1.53937366e-02 1.54350204e-02 1.54543810e-02 
1.78215399e+00 1.41573988e-02 1.41812718e-02 1.42075135e-02 1.42340104e-02 1.42611677e-02 
1.78259961e+00 1.48520674e-02 1.48844882e-02 1.49176914e-02 1.49469513e-02 1.49741226e-02 
1.78304535e+00 1.42946072e-02 1.43104388e-02 1.43272627e-02 1.43434505e-02 1.43594767e-02 
1.78349121e+00 1.41696921e-02 1.41919675e-02 1.42153596e-02 1.42401167e-02 1.42667118e-02 
1.78393717e+00 1.46208259e-02 1.46414087e-02 1.46583528e-02 1.46753781e-02 1.46904504e-02 
1.78438324e+00 1.43712488e-02 1.43810971e-02 1.43905214e-02 1.44000297e-02 1.44111517e-02 
1.78482943e+00 1.44900106e-02 1.45018128e-02 1.45132230e-02 1.45245627e-02 1.45356785e-02 
1.78527572e+00 1.43057972e-02 1.43178143e-02 1.43294347e-02 1.43432404e-02 1.43568310e-02 
1.78572213e+00 1.54763933e-02 1.55069772e-02 1.55348680e-02 1.55604946e-02 1.55838912e-02 
1.78616865e+00 1.44196208e-02 1.44322812e-02 1.44450493e-02 1.44564442e-02 1.44670003e-02 
1.78661528e+00 1.44917363e-02 1.45160463e-02 1.45408839e-02 1.45625873e-02 1.45842144e-02 
1.78706203e+00 1.44364558e-02 1.44610652e-02 1.44899902e-02 1.45198077e-02 1.45511258e-02 
1.78750888e+00 1.44768690e-02 1.44875150e-02 1.44971357e-02 1.45067715e-02 1.45183158e-02 
1.78795585e+00 1.41791898e-02 1.42009128e-02 1.42239373e-02 1.42480242e-02 1.42736471e-02 
1.78840293e+00 1.47218155e-02 1.47353350e-02 1.47501629e-02 1.47662943e-02 1.47823252e-02 
1.78885012e+00 1.51263281e-02 1.51694269e-02 1.52711678e-02 1.53731429e-02 1.53906008e-02 
1.78929742e+00 1.45485534e-02 1.45725128e-02 1.45933306e-02 1.46142420e-02 1.46319277e-02 
1.78974484e+00 1.46388523e-02 1.46544047e-02 1.46754522e-02 1.47067867e-02 1.47415497e-02 
1.79019236e+00 1.44655895e-02 1.44763772e-02 1.44872924e-02 1.44970939e-02 1.45082280e-02 
1.79064000e+00 1.49750806e-02 1.51107760e-02 1.51847196e-02 1.52104107e-02 1.52316914e-02 
1.79108775e+00 1.43371940e-02 1.43528368e-02 1.43676140e-02 1.43824318e-02 1.43970860e-02 
1.79153561e+00 1.43373484e-02 1.43530702e-02 1.43693706e-02 1.43870366e-02 1.44050008e-02 
1.79198359e+00 1.42944803e-02 1.43130357e-02 1.43310693e-02 1.43485288e-02 1.43665401e-02 
1.79243167e+00 1.47608498e-02 1.48368531e-02 1.48755142e-02 1.48967050e-02 1.49142635e-02 
1.79287987e+00 1.45303085e-02 1.45510681e-02 1.45723024e-02 1.45933136e-02 1.46126857e-02 
1.79332818e+00 1.44778233e-02 1.44909868e-02 1.45017661e-02 1.45115681e-02 1.45216878e-02 
1.79377660e+00 1.42947994e-02 1.43108938e-02 1.43258805e-02 1.43414982e-02 1.43564935e-02 
1.79422514e+00 1.45568454e-02 1.46000754e-02 1.46263871e-02 1.46375159e-02 1.46484723e-02 
1.79467378e+00 1.44582500e-02 1.44800036e-02 1.44937971e-02 1.45069840e-02 1.45207901e-02 
1.79512254e+00 1.47837098e-02 1.48010674e-02 1.48436219e-02 1.49231752e-02 1.50171118e-02 
1.79557141e+00 1.45781683e-02 1.45941953e-02 1.46090249e-02 1.46211801e-02 1.46348731e-02 
1.79602040e+00 1.50962445e-02 1.51306592e-02 1.51656551e-02 1.51948673e-02 1.52235930e-02 
1.79646949e+00 1.42844358e-02 1.43018043e-02 1.43211190e-02 1.43384776e-02 1.43559084e-02 
1.79691870e+00 1.46427406e-02 1.46553581e-02 1.46674353e-02 1.46795243e-02 1.46932814e-02 
1.79736802e+00 1.42749559e-02 1.42891061e-02 1.43029877e-02 1.43180830e-02 1.43327378e-02 
1.79781745e+00 1.46509603e-02 1.46838497e-02 1.47174568e-02 1.47499161e-02 1.47768667e-02 
1.79826700e+00 1.42534269e-02 1.42716011e-02 1.42900973e-02 1.43088731e-02 1.43265519e-02 
1.79871665e+00 1.41867099e-02 1.42062146e-02 1.42290592e-02 1.42530055e-02 1.42788310e-02 
1.79916642e+00 1.51052865e-02 1.51421726e-02 1.51876864e-02 1.52298920e-02 1.52715645e-02 
1.79961630e+00 1.46945829e-02 1.47279070e-02 1.47601449e-02 1.47877262e-02 1.48136927e-02 
1.80006630e+00 1.48106207e-02 1.48257079e-02 1.48393180e-02 1.48522270e-02 1.48653857e-02 
1.80051641e+00 1.44045873e-02 1.44168636e-02 1.44278798e-02 1.44403415e-02 1.44526298e-02 
1.80096663e+00 1.44169393e-02 1.44454902e-02 1.44680217e-02 1.44848391e-02 1.44993355e-02 
1.80141696e+00 1.43229529e-02 1.43386770e-02 1.43528582e-02 1.43682299e-02 1.43835773e-02 
1.80186740e+00 1.42225144e-02 1.42422573e-02 1.42632931e-02 1.42835331e-02 1.43053686e-02 
1.80231796e+00 1.44639684e-02 1.44739095e-02 1.44829680e-02 1.44924998e-02 1.45029837e-02 
1.80276863e+00 1.49542086e-02 1.49941871e-02 1.50356472e-02 1.50676651e-02 1.51002729e-02 
1.80321941e+00 1.42677794e-02 1.42829781e-02 1.42979360e-02 1.43134817e-02 1.43303106e-02 
1.80367031e+00 1.45765024e-02 1.46148405e-02 1.46540725e-02 1.46858285e-02 1.47177453e-02 
1.80412132e+00 1.43193925e-02 1.43360835e-02 1.43590364e-02 1.43810563e-02 1.44034868e-02 
1.80457244e+00 1.43105096e-02 1.43254985e-02 1.43394721e-02 1.43543679e-02 1.43693466e-02 
1.80502367e+00 1.44091507e-02 1.44252577e-02 1.44424259e-02 1.44579834e-02 1.44731227e-02 
1.80547502e+00 1.48131451e-02 1.48358128e-02 1.48595625e-02 1.48824185e-02 1.49046665e-02 
1.80592648e+00 1.43101815e-02 1.43267173e-02 1.43422676e-02 1.43579903e-02 1.43735751e-02 
1.80637805e+00 1.45251525e-02 1.45497750e-02 1.45736568e-02 1.45944977e-02 1.46145427e-02 
1.80682974e+00 1.50821049e-02 1.51187138e-02 1.51546630e-02 1.51829846e-02 1.52092749e-02 
1.80728153e+00 1.48075452e-02 1.48433416e-02 1.48769263e-02 1.49053799e-02 1.49319587e-02 
1.80773344e+00 1.51543575e-02 1.51728854e-02 1.51881440e-02 1.52023547e-02 1.52159311e-02 
1.80818547e+00 1.48730428e-02 1.49168859e-02 1.49644189e-02 1.50032312e-02 1.50404427e-02 
1.80863761e+00 1.43869672e-02 1.44048102e-02 1.44215955e-02 1.44375844e-02 1.44532501e-02 
1.80908986e+00 1.42753722e-02 1.42937777e-02 1.43109035e-02 1.43285354e-02 1.43460608e-02 
1.80954222e+00 1.49302358e-02 1.49446717e-02 1.49613134e-02 1.49774244e-02 1.49935758e-02 
1.80999470e+00 1.46105249e-02 1.46247214e-02 1.46375208e-02 1.46498187e-02 1.46626810e-02 
1.81044729e+00 1.46837495e-02 1.47127470e-02 1.47337354e-02 1.47496577e-02 1.47634156e-02 
1.81089999e+00 1.46172622e-02 1.47039005e-02 1.47816669e-02 1.48095626e-02 1.48377510e-02 
1.81135280e+00 1.49492623e-02 1.50363991e-02 1.50892044e-02 1.51119561e-02 1.51300144e-02 
1.81180573e+00 1.45113072e-02 1.45412310e-02 1.45699001e-02 1.45949932e-02 1.46197263e-02 
1.81225878e+00 1.52538072e-02 1.52738997e-02 1.52898010e-02 1.53055412e-02 1.53196769e-02 
1.81271193e+00 1.56385791e-02 1.56655567e-02 1.56819703e-02 1.56957669e-02 1.57121007e-02 
1.81316520e+00 1.46526906e-02 1.46825946e-02 1.47090734e-02 1.47336982e-02 1.47547179e-02 
1.81361858e+00 1.47750209e-02 1.48056026e-02 1.48370669e-02 1.48665389e-02 1.48931091e-02 
1.81407208e+00 1.41963909e-02 1.42176192e-02 1.42401360e-02 1.42632110e-02 1.42885369e-02 
1.81452569e+00 1.43181290e-02 1.43291975e-02 1.43397659e-02 1.43514844e-02 1.43634705e-02 
1.81497941e+00 1.53021221e-02 1.53400515e-02 1.53764087e-02 1.54043367e-02 1.54306189e-02 
1.81543325e+00 1.43671793e-02 1.43796793e-02 1.43908754e-02 1.44034559e-02 1.44148499e-02 
1.81588720e+00 1.43672906e-02 1.43839194e-02 1.44023202e-02 1.44192806e-02 1.44345448e-02 
1.81634126e+00 1.55173002e-02 1.55386632e-02 1.55553812e-02 1.55727719e-02 1.55878705e-02 
1.81679544e+00 1.44213199e-02 1.44327637e-02 1.44473656e-02 1.44618663e-02 1.44761328e-02 
1.81724973e+00 1.49721168e-02 1.50007065e-02 1.50284443e-02 1.50538868e-02 1.50774079e-02 
1.81770413e+00 1.48624379e-02 1.49055118e-02 1.49522245e-02 1.49904522e-02 1.50266685e-02 
1.81815865e+00 1.45411018e-02 1.45742867e-02 1.46059261e-02 1.46304199e-02 1.46549490e-02 
1.81861328e+00 1.47066724e-02 1.47387397e-02 1.47619676e-02 1.47796873e-02 1.47949573e-02 
1.81906802e+00 1.46560219e-02 1.46930604e-02 1.47300306e-02 1.47593889e-02 1.47882216e-02 
1.81952288e+00 1.50940898e-02 1.51183421e-02 1.51380199e-02 1.51579634e-02 1.51750113e-02 
1.81997785e+00 1.43691901e-02 1.43795773e-02 1.43896031e-02 1.44005028e-02 1.44109431e-02 
1.82043294e+00 1.48122540e-02 1.48487072e-02 1.48746147e-02 1.48942980e-02 1.49132553e-02 
1.82088814e+00 1.45820522e-02 1.45991844e-02 1.46139418e-02 1.46266240e-02 1.46393849e-02 
1.82134345e+00 1.44903417e-02 1.45043020e-02 1.45194148e-02 1.45358690e-02 1.45523121e-02 
1.82179888e+00 1.44004402e-02 1.44138520e-02 1.44311313e-02 1.44468774e-02 1.44626056e-02 
1.82225442e+00 1.44229703e-02 1.44367669e-02 1.44492193e-02 1.44609334e-02 1.44722018e-02 
1.82271008e+00 1.45373873e-02 1.45578863e-02 1.45826198e-02 1.46053857e-02 1.46277623e-02 
1.82316585e+00 1.47758770e-02 1.47903985e-02 1.48023826e-02 1.48132145e-02 1.48259384e-02 
1.82362173e+00 1.46316604e-02 1.46487893e-02 1.46625826e-02 1.46769854e-02 1.46908145e-02 
1.82407773e+00 1.51146325e-02 1.51467635e-02 1.51774594e-02 1.52046224e-02 1.52306849e-02 
1.82453384e+00 1.45738811e-02 1.45933356e-02 1.46121051e-02 1.46329865e-02 1.46507349e-02 
1.82499006e+00 1.42895643e-02 1.43055273e-02 1.43204726e-02 1.43363657e-02 1.43521631e-02 
1.82544640e+00 1.47501003e-02 1.47650637e-02 1.48002981e-02 1.48690063e-02 1.49437973e-02 
1.82590285e+00 1.42884965e-02 1.43045129e-02 1.43225307e-02 1.43397459e-02 1.43562416e-02 
1.82635942e+00 1.46628293e-02 1.46828263e-02 1.46952812e-02 1.47064409e-02 1.47171371e-02 
1.82681610e+00 1.43399471e-02 1.43552622e-02 1.43712531e-02 1.43866973e-02 1.44008052e-02 
1.82727290e+00 1.43621348e-02 1.43748903e-02 1.43932414e-02 1.44129333e-02 1.44335091e-02 
1.82772981e+00 1.48116904e-02 1.48398750e-02 1.48668557e-02 1.48925322e-02 1.49165041e-02 
1.82818683e+00 1.47269950e-02 1.47388932e-02 1.47507685e-02 1.47618267e-02 1.47738284e-02 
1.82864397e+00 1.42500694e-02 1.42659497e-02 1.42825867e-02 1.43008973e-02 1.43197457e-02 
1.82910123e+00 1.45408893e-02 1.45595044e-02 1.45762618e-02 1.45927013e-02 1.46076985e-02 
1.82955859e+00 1.44428506e-02 1.44700101e-02 1.44963518e-02 1.45181565e-02 1.45394044e-02 
1.83001607e+00 1.42278134e-02 1.42503675e-02 1.42729680e-02 1.42932991e-02 1.43165534e-02 
1.83047367e+00 1.45803133e-02 1.46466554e-02 1.47474255e-02 1.47798261e-02 1.47968433e-02 
1.83093138e+00 1.46803214e-02 1.47157900e-02 1.47507374e-02 1.47826103e-02 1.48137004e-02 
1.83138920e+00 1.43887467e-02 1.44025426e-02 1.44148243e-02 1.44277659e-02 1.44394702e-02 
1.83184714e+00 1.42372857e-02 1.42548005e-02 1.42727956e-02 1.42921018e-02 1.43128947e-02 
1.83230520e+00 1.52656269e-02 1.52947925e-02 1.53472718e-02 1.54451812e-02 1.56057693e-02 
1.83276337e+00 1.44413285e-02 1.44611872e-02 1.44836047e-02 1.45046598e-02 1.45232485e-02 
1.83322165e+00 1.45322534e-02 1.45567599e-02 1.45838761e-02 1.46093532e-02 1.46345559e-02 
1.83368005e+00 1.43526412e-02 1.43640448e-02 1.43744264e-02 1.43854867e-02 1.43980007e-02 
1.83413856e+00 1.46211249e-02 1.46520339e-02 1.46762615e-02 1.46964555e-02 1.47131147e-02 
1.83459719e+00 1.45857125e-02 1.45979032e-02 1.46087825e-02 1.46216023e-02 1.46343189e-02 
1.83505593e+00 1.55526009e-02 1.55880351e-02 1.56242915e-02 1.56539112e-02 1.56811102e-02 
1.83551478e+00 1.44887791e-02 1.45115994e-02 1.45333143e-02 1.45523640e-02 1.45691364e-02 
1.83597375e+00 1.44526269e-02 1.44883829e-02 1.45131213e-02 1.45281474e-02 1.45404508e-02 
1.83643284e+00 1.43753793e-02 1.43893627e-02 1.44014619e-02 1.44150078e-02 1.44282065e-02 
1.83689204e+00 1.42383633e-02 1.42573849e-02 1.42765125e-02 1.42963630e-02 1.43176389e-02 
1.83735136e+00 1.43336116e-02 1.43500918e-02 1.43664046e-02 1.43814068e-02 1.43960803e-02 
1.83781079e+00 1.49143937e-02 1.49499520e-02 1.49839448e-02 1.50131477e-02 1.50402553e-02 
1.83827033e+00 1.42444113e-02 1.42624405e-02 1.42803661e-02 1.42992580e-02 1.43195044e-02 
1.83872999e+00 1.44213507e-02 1.44361488e-02 1.44503836e-02 1.44626380e-02 1.44741982e-02 
1.83918977e+00 1.51245246e-02 1.53095038e-02 1.53908750e-02 1.54183468e-02 1.54589627e-02 
1.83964966e+00 1.48641993e-02 1.49490680e-02 1.49940857e-02 1.50092889e-02 1.50233381e-02 
1.84010966e+00 1.47753662e-02 1.47884797e-02 1.48111839e-02 1.48367227e-02 1.48638554e-02 
1.84056978e+00 1.52877858e-02 1.53024709e-02 1.53153104e-02 1.53283556e-02 1.53413940e-02 
1.84103002e+00 1.41964059e-02 1.42181560e-02 1.42417699e-02 1.42655740e-02 1.42912442e-02 
1.84149037e+00 1.44158020e-02 1.44299884e-02 1.44468601e-02 1.44626646e-02 1.44786104e-02 
1.84195083e+00 1.49942526e-02 1.50341190e-02 1.50752629e-02 1.51086620e-02 1.51420011e-02 
1.84241141e+00 1.42592093e-02 1.42804676e-02 1.43012781e-02 1.43204901e-02 1.43420337e-02 
1.84287211e+00 1.43544672e-02 1.43729083e-02 1.43922765e-02 1.44077319e-02 1.44234176e-02 
1.84333292e+00 1.44406254e-02 1.44801666e-02 1.45108402e-02 1.45281602e-02 1.45448818e-02 
1.84379384e+00 1.45724482e-02 1.45853166e-02 1.45981362e-02 1.46090373e-02 1.46222324e-02 
1.84425488e+00 1.50199929e-02 1.50320413e-02 1.50461521e-02 1.50591062e-02 1.50739678e-02 
1.84471604e+00 1.46327768e-02 1.46577124e-02 1.46942817e-02 1.47260983e-02 1.47432269e-02 
1.84517731e+00 1.42129918e-02 1.42343895e-02 1.42559738e-02 1.42785684e-02 1.43036677e-02 
1.84563870e+00 1.49930003e-02 1.50056145e-02 1.50191167e-02 1.50314442e-02 1.50447944e-02 
1.84610020e+00 1.43252731e-02 1.43408376e-02 1.43556114e-02 1.43707427e-02 1.43852032e-02 
1.84656182e+00 1.43762943e-02 1.43879901e-02 1.43990789e-02 1.44109940e-02 1.44244786e-02 
1.84702355e+00 1.48754539e-02 1.48893184e-02 1.49053264e-02 1.49212350e-02 1.49374392e-02 
1.84748540e+00 1.43329435e-02 1.43497050e-02 1.43693322e-02 1.43880003e-02 1.44060532e-02 
1.84794737e+00 1.46477852e-02 1.46734190e-02 1.46962990e-02 1.47176028e-02 1.47373355e-02 
1.84840944e+00 1.46996720e-02 1.47143763e-02 1.47276238e-02 1.47421109e-02 1.47564349e-02 
1.84887164e+00 1.44137255e-02 1.44256492e-02 1.44366194e-02 1.44472213e-02 1.44582014e-02 
1.84933395e+00 1.48077564e-02 1.48343601e-02 1.48560012e-02 1.48764367e-02 1.48948509e-02 
1.84979638e+00 1.43693732e-02 1.43801359e-02 1.43904417e-02 1.44011300e-02 1.44124593e-02 
1.85025892e+00 1.45680891e-02 1.45847823e-02 1.46024795e-02 1.46208757e-02 1.46369846e-02 
1.85072158e+00 1.42722790e-02 1.42927307e-02 1.43115999e-02 1.43311423e-02 1.43500599e-02 
1.85118435e+00 1.44225823e-02 1.44457723e-02 1.44705050e-02 1.44916975e-02 1.45116345e-02 
1.85164724e+00 1.42281477e-02 1.42481702e-02 1.42693189e-02 1.42913230e-02 1.43144775e-02 
1.85211024e+00 1.44970673e-02 1.45166063e-02 1.45439135e-02 1.45753162e-02 1.46072028e-02 
1.85257337e+00 1.44726849e-02 1.45064785e-02 1.45398589e-02 1.45672789e-02 1.45945324e-02 
1.85303660e+00 1.55039108e-02 1.55568919e-02 1.55904273e-02 1.56067242e-02 1.56210970e-02 
1.85349995e+00 1.44997920e-02 1.45132623e-02 1.45287876e-02 1.45437508e-02 1.45575426e-02 
1.85396342e+00 1.50609399e-02 1.50821128e-02 1.50992001e-02 1.51138654e-02 1.51299559e-02 
1.85442701e+00 1.45674495e-02 1.45846187e-02 1.46049430e-02 1.46260109e-02 1.46457347e-02 
1.85489071e+00 1.42509197e-02 1.42747066e-02 1.42983504e-02 1.43192616e-02 1.43423540e-02 
1.85535452e+00 1.45184149e-02 1.45382920e-02 1.45598862e-02 1.45880689e-02 1.46167530e-02 
1.85581845e+00 1.44489610e-02 1.44665123e-02 1.44882442e-02 1.45108520e-02 1.45348585e-02 
1.85628250e+00 1.48542192e-02 1.48901721e-02 1.49245407e-02 1.49521138e-02 1.49815410e-02 
1.85674667e+00 1.50206836e-02 1.50405579e-02 1.50560026e-02 1.50708566e-02 1.50845364e-02 
1.85721095e+00 1.51791831e-02 1.52191941e-02 1.52616725e-02 1.52956126e-02 1.53296710e-02 
1.85767534e+00 1.44915566e-02 1.45062543e-02 1.45180515e-02 1.45277780e-02 1.45380318e-02 
1.85813985e+00 1.49345112e-02 1.49708326e-02 1.50060485e-02 1.50364178e-02 1.50649048e-02 
1.85860448e+00 1.47226152e-02 1.47448939e-02 1.47637308e-02 1.47840945e-02 1.48007507e-02 
1.85906923e+00 1.47993513e-02 1.48274513e-02 1.48477594e-02 1.48700667e-02 1.48903161e-02 
1.85953409e+00 1.44240849e-02 1.44376514e-02 1.44523815e-02 1.44663590e-02 1.44789387e-02 
1.85999906e+00 1.44541513e-02 1.44697488e-02 1.44850782e-02 1.45016799e-02 1.45174843e-02 
1.86046416e+00 1.58272892e-02 1.58472534e-02 1.58657456e-02 1.58888861e-02 1.59095701e-02 
1.86092937e+00 1.44840123e-02 1.44971407e-02 1.45093431e-02 1.45216085e-02 1.45341577e-02 
1.86139469e+00 1.54406096e-02 1.54825672e-02 1.55266639e-02 1.55499900e-02 1.55691490e-02 
1.86186013e+00 1.42728895e-02 1.42896594e-02 1.43064566e-02 1.43245410e-02 1.43427832e-02 
1.86232569e+00 1.47594620e-02 1.47890649e-02 1.48175080e-02 1.48435654e-02 1.48684173e-02 
1.86279137e+00 1.52104440e-02 1.52307529e-02 1.52469166e-02 1.52643655e-02 1.52800575e-02 
1.86325716e+00 1.47840774e-02 1.48115555e-02 1.48334025e-02 1.48549420e-02 1.48718720e-02 
1.86372307e+00 1.43125154e-02 1.43316914e-02 1.43502399e-02 1.43668251e-02 1.43820136e-02 
1.86418909e+00 1.52925501e-02 1.53175012e-02 1.53369112e-02 1.53524285e-02 1.53709323e-02 
1.86465523e+00 1.45546941e-02 1.45845050e-02 1.46067342e-02 1.46228361e-02 1.46375861e-02 
1.86512149e+00 1.50028851e-02 1.50250438e-02 1.50436010e-02 1.50627898e-02 1.50798660e-02 
1.86558786e+00 1.45381145e-02 1.45580467e-02 1.45914408e-02 1.46273248e-02 1.46632835e-02 
1.86605436e+00 1.43757657e-02 1.43878366e-02 1.43996573e-02 1.44113107e-02 1.44232906e-02 
1.86652096e+00 1.44456418e-02 1.44605325e-02 1.44757841e-02 1.44890983e-02 1.45013753e-02 
1.86698769e+00 1.44254517e-02 1.44370941e-02 1.44584209e-02 1.44866755e-02 1.45163315e-02 
1.86745453e+00 1.53713569e-02 1.53840805e-02 1.53990033e-02 1.54126555e-02 1.54270201e-02 
1.86792148e+00 1.44704686e-02 1.44864031e-02 1.45070505e-02 1.45355596e-02 1.45663040e-02 
1.86838856e+00 1.44168839e-02 1.44301528e-02 1.44436998e-02 1.44584992e-02 1.44728510e-02 
1.86885575e+00 1.46249546e-02 1.46416742e-02 1.46618804e-02 1.46861914e-02 1.47069344e-02 
1.86932306e+00 1.43735456e-02 1.43916011e-02 1.44115622e-02 1.44275437e-02 1.44436160e-02 
1.86979048e+00 1.46621644e-02 1.46771576e-02 1.46930239e-02 1.47091953e-02 1.47249668e-02 
1.87025802e+00 1.46812515e-02 1.47003101e-02 1.47226544e-02 1.47447687e-02 1.47658470e-02 
1.87072568e+00 1.45078654e-02 1.45317646e-02 1.45526431e-02 1.45717848e-02 1.45884723e-02 
1.87119346e+00 1.44715563e-02 1.45047950e-02 1.45411706e-02 1.45711244e-02 1.46012766e-02 
1.87166135e+00 1.49947151e-02 1.50242297e-02 1.50505531e-02 1.50759850e-02 1.50979365e-02 
1.87212936e+00 1.47206655e-02 1.47475856e-02 1.47719284e-02 1.47951581e-02 1.48158450e-02 
1.87259749e+00 1.43664680e-02 1.43839077e-02 1.44016882e-02 1.44181035e-02 1.44340271e-02 
1.87306573e+00 1.55933606e-02 1.56328991e-02 1.56751813e-02 1.57082194e-02 1.57381705e-02 
1.87353409e+00 1.53842747e-02 1.54214035e-02 1.54589374e-02 1.54896282e-02 1.55179606e-02 
1.87400257e+00 1.53006659e-02 1.53280704e-02 1.53672332e-02 1.54141956e-02 1.54624373e-02 
1.87447116e+00 1.45352513e-02 1.45624877e-02 1.45849650e-02 1.46075632e-02 1.46258206e-02 
1.87493987e+00 1.43752964e-02 1.43895597e-02 1.44047631e-02 1.44187636e-02 1.44320913e-02 
1.87540870e+00 1.45192826e-02 1.45344839e-02 1.45484720e-02 1.45638275e-02 1.45807862e-02 
1.87587765e+00 1.45199317e-02 1.45488868e-02 1.45826559e-02 1.46181297e-02 1.46492221e-02 
1.87634671e+00 1.49894983e-02 1.50821100e-02 1.51446537e-02 1.51587272e-02 1.51717576e-02 
1.87681589e+00 1.43820213e-02 1.44037261e-02 1.44265652e-02 1.44457252e-02 1.44630939e-02 
1.87728519e+00 1.48505802e-02 1.48947087e-02 1.49236873e-02 1.49457847e-02 1.49640396e-02 
1.87775461e+00 1.43315255e-02 1.43513469e-02 1.43673626e-02 1.43831127e-02 1.43967314e-02 
1.87822414e+00 1.44087222e-02 1.44316137e-02 1.44568019e-02 1.44782648e-02 1.44985552e-02 
1.87869379e+00 1.47124524e-02 1.47451435e-02 1.47726734e-02 1.47979721e-02 1.48200292e-02 
1.87916356e+00 1.47277785e-02 1.47539311e-02 1.47759933e-02 1.47977491e-02 1.48171310e-02 
1.87963345e+00 1.44242331e-02 1.44353832e-02 1.44465664e-02 1.44578272e-02 1.44702449e-02 
1.88010345e+00 1.46546919e-02 1.46907662e-02 1.47245185e-02 1.47501734e-02 1.47745787e-02 
1.88057357e+00 1.46913773e-02 1.47150926e-02 1.47389233e-02 1.47602404e-02 1.47799945e-02 
1.88104381e+00 1.48271228e-02 1.48610384e-02 1.48828256e-02 1.48979449e-02 1.49113692e-02 
1.88151416e+00 1.48035833e-02 1.48289253e-02 1.48476636e-02 1.48651422e-02 1.48801012e-02 
1.88198463e+00 1.51141357e-02 1.51335127e-02 1.51485258e-02 1.51640643e-02 1.51782563e-02 
1.88245523e+00 1.49499266e-02 1.49764412e-02 1.49991016e-02 1.50213352e-02 1.50399072e-02 
1.88292593e+00 1.44410101e-02 1.44564438e-02 1.44771226e-02 1.44971835e-02 1.45156444e-02 
1.88339676e+00 1.44506874e-02 1.44674250e-02 1.44852077e-02 1.45003144e-02 1.45146580e-02 
1.88386770e+00 1.43430145e-02 1.43583673e-02 1.43717192e-02 1.43854917e-02 1.43993388e-02 
1.88433877e+00 1.43537521e-02 1.43643248e-02 1.43748270e-02 1.43864736e-02 1.43981545e-02 
1.88480994e+00 1.56633515e-02 1.56984839e-02 1.57339856e-02 1.57633258e-02 1.57902537e-02 
1.88528124e+00 1.46575682e-02 1.46797892e-02 1.46998280e-02 1.47175512e-02 1.47337042e-02 
1.88575266e+00 1.44834872e-02 1.45276204e-02 1.45730940e-02 1.46048970e-02 1.46355287e-02 
1.88622419e+00 1.48042222e-02 1.48165298e-02 1.48352810e-02 1.48577549e-02 1.48814399e-02 
1.88669584e+00 1.45277603e-02 1.45604921e-02 1.45941754e-02 1.46227140e-02 1.46509548e-02 
1.88716761e+00 1.43900314e-02 1.44010790e-02 1.44111651e-02 1.44211636e-02 1.44307585e-02 
1.88763950e+00 1.45988200e-02 1.46128628e-02 1.46333413e-02 1.46647632e-02 1.46997069e-02 
1.88811150e+00 1.46973734e-02 1.47329155e-02 1.47637754e-02 1.47910119e-02 1.48148905e-02 
1.88858362e+00 1.48189789e-02 1.48546328e-02 1.48887484e-02 1.49191365e-02 1.49475631e-02 
1.88905586e+00 1.44488704e-02 1.44640117e-02 1.44846652e-02 1.45039010e-02 1.45225429e-02 
1.88952822e+00 1.43939113e-02 1.44054973e-02 1.44199792e-02 1.44356514e-02 1.44520830e-02 
1.89000070e+00 1.46887100e-02 1.47093158e-02 1.47300212e-02 1.47531456e-02 1.47740785e-02 
1.89047330e+00 1.47281514e-02 1.47884591e-02 1.48401371e-02 1.48672344e-02 1.48922398e-02 
1.89094601e+00 1.44699930e-02 1.44939855e-02 1.45176218e-02 1.45352317e-02 1.45528322e-02 
1.89141884e+00 1.43796579e-02 1.43926448e-02 1.44197617e-02 1.44561093e-02 1.44912334e-02 
1.89189179e+00 1.43985232e-02 1.44231324e-02 1.44509423e-02 1.44739339e-02 1.44964910e-02 
1.89236486e+00 1.48473820e-02 1.48804420e-02 1.49148041e-02 1.49459548e-02 1.49766631e-02 
1.89283804e+00 1.44232906e-02 1.44359409e-02 1.44486396e-02 1.44614281e-02 1.44736759e-02 
1.89331135e+00 1.45582271e-02 1.45805401e-02 1.45981255e-02 1.46137296e-02 1.46287147e-02 
1.89378477e+00 1.47562710e-02 1.47805054e-02 1.48012687e-02 1.48235990e-02 1.48419048e-02 
1.89425831e+00 1.43639049e-02 1.43818999e-02 1.44014997e-02 1.44195866e-02 1.44376327e-02 
1.89473197e+00 1.47896865e-02 1.48266156e-02 1.48574061e-02 1.48819649e-02 1.49036852e-02 
1.89520575e+00 1.48289567e-02 1.48589896e-02 1.48882010e-02 1.49148162e-02 1.49399523e-02 
1.89567965e+00 1.44931324e-02 1.45070713e-02 1.45184252e-02 1.45287656e-02 1.45408060e-02 
1.89615366e+00 1.45829575e-02 1.45936498e-02 1.46051142e-02 1.46161420e-02 1.46274297e-02 
1.89662780e+00 1.48432878e-02 1.48700428e-02 1.48941312e-02 1.49189369e-02 1.49398113e-02 
1.89710205e+00 1.44644187e-02 1.44862050e-02 1.45023685e-02 1.45153595e-02 1.45276619e-02 
1.89757642e+00 1.47732371e-02 1.47897511e-02 1.48045465e-02 1.48195704e-02 1.48348134e-02 
1.89805091e+00 1.49404171e-02 1.49690247e-02 1.49901164e-02 1.50058537e-02 1.50204655e-02 
1.89852552e+00 1.48028002e-02 1.48324487e-02 1.48607890e-02 1.48863336e-02 1.49107972e-02 
1.89900024e+00 1.48174460e-02 1.48539298e-02 1.48878079e-02 1.49154470e-02 1.49427920e-02 
1.89947509e+00 1.43978325e-02 1.44314158e-02 1.44676214e-02 1.44971246e-02 1.45280334e-02 
1.89995005e+00 1.42824790e-02 1.42996752e-02 1.43184515e-02 1.43372259e-02 1.43551783e-02 
1.90042514e+00 1.44722830e-02 1.44994867e-02 1.45305241e-02 1.45573370e-02 1.45849286e-02 
1.90090034e+00 1.46469099e-02 1.47025349e-02 1.47400915e-02 1.47561340e-02 1.47693085e-02 
1.90137566e+00 1.44069932e-02 1.44230086e-02 1.44435534e-02 1.44616465e-02 1.44791526e-02 
1.90185110e+00 1.42731888e-02 1.42877359e-02 1.43033866e-02 1.43210215e-02 1.43402754e-02 
1.90232666e+00 1.45265700e-02 1.45396600e-02 1.45569541e-02 1.45763863e-02 1.45985025e-02 
1.90280233e+00 1.44173394e-02 1.44478330e-02 1.44826780e-02 1.45124825e-02 1.45428880e-02 
1.90327813e+00 1.50001755e-02 1.51007824e-02 1.52516049e-02 1.52922289e-02 1.53097074e-02 
1.90375405e+00 1.45086214e-02 1.45259412e-02 1.45417160e-02 1.45605602e-02 1.45775129e-02 
1.90423008e+00 1.43631925e-02 1.43813434e-02 1.43994239e-02 1.44149527e-02 1.44303550e-02 
1.90470623e+00 1.47659895e-02 1.48011845e-02 1.48349343e-02 1.48636113e-02 1.48904757e-02 
1.90518251e+00 1.45278142e-02 1.45528713e-02 1.45771286e-02 1.45985910e-02 1.46186442e-02 
1.90565890e+00 1.45110867e-02 1.45266844e-02 1.45439383e-02 1.45598198e-02 1.45748634e-02 
1.90613541e+00 1.46732198e-02 1.47075995e-02 1.47595709e-02 1.48225575e-02 1.48906450e-02 
1.90661204e+00 1.48135263e-02 1.48330626e-02 1.48504470e-02 1.48694273e-02 1.48865152e-02 
1.90708879e+00 1.46760623e-02 1.46871087e-02 1.46990125e-02 1.47109857e-02 1.47236975e-02 
1.90756565e+00 1.42648729e-02 1.42820299e-02 1.43037233e-02 1.43240975e-02 1.43441065e-02 
1.90804264e+00 1.49986123e-02 1.50286556e-02 1.50513585e-02 1.50722415e-02 1.50897829e-02 
1.90851975e+00 1.47518204e-02 1.47707505e-02 1.47857942e-02 1.48015794e-02 1.48164228e-02 
1.90899697e+00 1.46915094e-02 1.47108605e-02 1.47270575e-02 1.47428952e-02 1.47574370e-02 
1.90947432e+00 1.42739701e-02 1.42933311e-02 1.43119766e-02 1.43328017e-02 1.43532079e-02 
1.90995178e+00 1.46692283e-02 1.46918546e-02 1.47221959e-02 1.47466395e-02 1.47637408e-02 
1.91042937e+00 1.44511683e-02 1.44674509e-02 1.44834364e-02 1.44976224e-02 1.45098754e-02 
1.91090707e+00 1.47938741e-02 1.48252689e-02 1.48580413e-02 1.48888272e-02 1.49173514e-02 
1.91138489e+00 1.44181419e-02 1.44337340e-02 1.44484952e-02 1.44632375e-02 1.44771681e-02 
1.91186284e+00 1.44081982e-02 1.44183498e-02 1.44285934e-02 1.44391104e-02 1.44505412e-02 
1.91234090e+00 1.46978447e-02 1.47167016e-02 1.47328918e-02 1.47457330e-02 1.47600450e-02 
1.91281908e+00 1.46040515e-02 1.46229802e-02 1.46418841e-02 1.46615878e-02 1.46789343e-02 
1.91329738e+00 1.48389222e-02 1.48696391e-02 1.48979161e-02 1.49240828e-02 1.49483014e-02 
1.91377580e+00 1.46402300e-02 1.46729173e-02 1.47073913e-02 1.47236908e-02 1.47369433e-02 
1.91425434e+00 1.48870790e-02 1.49119496e-02 1.49490068e-02 1.49716420e-02 1.49892912e-02 
1.91473300e+00 1.45254449e-02 1.45465821e-02 1.45689432e-02 1.45846031e-02 1.45991172e-02 
1.91521178e+00 1.43475419e-02 1.43794843e-02 1.44024851e-02 1.44173810e-02 1.44311179e-02 
1.91569068e+00 1.42389363e-02 1.42572690e-02 1.42781097e-02 1.43000491e-02 1.43244859e-02 
1.91616970e+00 1.55602249e-02 1.55848366e-02 1.56054640e-02 1.56251759e-02 1.56424943e-02 
1.91664884e+00 1.45266454e-02 1.45515236e-02 1.45715599e-02 1.45865891e-02 1.46000059e-02 
1.91712809e+00 1.44575114e-02 1.44746709e-02 1.44926316e-02 1.45083330e-02 1.45227897e-02 
1.91760747e+00 1.46492844e-02 1.46770027e-02 1.47008941e-02 1.47229989e-02 1.47426053e-02 
1.91808697e+00 1.48375676e-02 1.48522297e-02 1.48652694e-02 1.48766855e-02 1.48893599e-02 
1.91856659e+00 1.48355612e-02 1.48561488e-02 1.48732622e-02 1.48913145e-02 1.49078227e-02 
1.91904633e+00 1.44472073e-02 1.44712989e-02 1.44948400e-02 1.45146497e-02 1.45339450e-02 
1.91952618e+00 1.44589268e-02 1.44908021e-02 1.45149791e-02 1.45315518e-02 1.45469572e-02 
1.92000616e+00 1.44820871e-02 1.45081724e-02 1.45353001e-02 1.45582347e-02 1.45803688e-02 
1.92048626e+00 1.42898870e-02 1.43098723e-02 1.43304408e-02 1.43497474e-02 1.43698665e-02 
1.92096648e+00 1.46058286e-02 1.46380227e-02 1.46669742e-02 1.46901664e-02 1.47134721e-02 
1.92144682e+00 1.42300074e-02 1.42535190e-02 1.42761052e-02 1.43003288e-02 1.43251970e-02 
1.92192728e+00 1.46066191e-02 1.46192331e-02 1.46315310e-02 1.46424810e-02 1.46550039e-02 
1.92240785e+00 1.43442543e-02 1.43581625e-02 1.43735974e-02 1.43885004e-02 1.44036678e-02 
1.92288855e+00 1.48666371e-02 1.49038555e-02 1.49411964e-02 1.49730762e-02 1.50039251e-02 
1.92336937e+00 1.45811312e-02 1.45934254e-02 1.46049382e-02 1.46150452e-02 1.46268999e-02 
1.92385031e+00 1.45937710e-02 1.46315424e-02 1.46633732e-02 1.46858072e-02 1.47057697e-02 
1.92433137e+00 1.45127652e-02 1.45242025e-02 1.45350919e-02 1.45448272e-02 1.45547549e-02 
1.92481255e+00 1.48865404e-02 1.49023992e-02 1.49161490e-02 1.49295819e-02 1.49430525e-02 
1.92529385e+00 1.43908091e-02 1.44106324e-02 1.44300483e-02 1.44457060e-02 1.44614641e-02 
1.92577527e+00 1.43316716e-02 1.43478739e-02 1.43652739e-02 1.43820312e-02 1.43984530e-02 
1.92625681e+00 1.42714383e-02 1.42891502e-02 1.43123798e-02 1.43330201e-02 1.43533159e-02 
1.92673847e+00 1.48401610e-02 1.48605463e-02 1.48762613e-02 1.48930492e-02 1.49080486e-02 
1.92722025e+00 1.45419461e-02 1.45767416e-02 1.46128700e-02 1.46435426e-02 1.46734202e-02 
1.92770215e+00 1.47364974e-02 1.47619244e-02 1.47919136e-02 1.48208467e-02 1.48497373e-02 
1.92818418e+00 1.42874701e-02 1.43112242e-02 1.43328572e-02 1.43506836e-02 1.43675962e-02 
1.92866632e+00 1.44462845e-02 1.44654674e-02 1.44856193e-02 1.45045910e-02 1.45230909e-02 
1.92914858e+00 1.45128561e-02 1.45974565e-02 1.46619937e-02 1.46949880e-02 1.47252178e-02 
1.92963097e+00 1.43420160e-02 1.43608721e-02 1.43823146e-02 1.44001274e-02 1.44197308e-02 
1.93011347e+00 1.43958393e-02 1.44052307e-02 1.44148807e-02 1.44250967e-02 1.44355586e-02 
1.93059610e+00 1.47193027e-02 1.47474445e-02 1.47731445e-02 1.47988837e-02 1.48212133e-02 
1.93107884e+00 1.45608673e-02 1.45708459e-02 1.45810024e-02 1.45909781e-02 1.46012773e-02 
1.93156171e+00 1.45463860e-02 1.45806472e-02 1.46082563e-02 1.46313532e-02 1.46518039e-02 
1.93204470e+00 1.43445225e-02 1.43603593e-02 1.43760283e-02 1.43919090e-02 1.44063907e-02 
1.93252781e+00 1.46044000e-02 1.46324767e-02 1.46593921e-02 1.46840632e-02 1.47077331e-02 
1.93301103e+00 1.46980282e-02 1.47097994e-02 1.47222074e-02 1.47374410e-02 1.47534714e-02 
1.93349438e+00 1.53222389e-02 1.53361052e-02 1.53566122e-02 1.53844645e-02 1.54015412e-02 
1.93397785e+00 1.48563340e-02 1.48690610e-02 1.48812516e-02 1.48938287e-02 1.49077333e-02 
1.93446145e+00 1.49237370e-02 1.49482768e-02 1.49707072e-02 1.49931127e-02 1.50130458e-02 
1.93494516e+00 1.49115256e-02 1.49346284e-02 1.49538062e-02 1.49731971e-02 1.49902922e-02 
1.93542899e+00 1.45195406e-02 1.45441911e-02 1.45677544e-02 1.45889226e-02 1.46083686e-02 
1.93591295e+00 1.43607498e-02 1.43764629e-02 1.43898538e-02 1.44043627e-02 1.44188365e-02 
1.93639702e+00 1.46256157e-02 1.46399213e-02 1.46554560e-02 1.46715597e-02 1.46884717e-02 
1.93688122e+00 1.42429031e-02 1.42664824e-02 1.42894166e-02 1.43117590e-02 1.43359845e-02 
1.93736554e+00 1.48871081e-02 1.49419408e-02 1.49908258e-02 1.50178462e-02 1.50417672e-02 
1.93784998e+00 1.46157461e-02 1.46297677e-02 1.46444802e-02 1.46600911e-02 1.46749142e-02 
1.93833454e+00 1.44762362e-02 1.44868028e-02 1.44965002e-02 1.45064143e-02 1.45171736e-02 
1.93881922e+00 1.54093008e-02 1.54318580e-02 1.54497022e-02 1.54681715e-02 1.54842982e-02 
1.93930402e+00 1.44323860e-02 1.44525430e-02 1.44745195e-02 1.44923769e-02 1.45103636e-02 
1.93978894e+00 1.47871861e-02 1.48159032e-02 1.48405280e-02 1.48613617e-02 1.48796229e-02 
1.94027399e+00 1.45452560e-02 1.45555224e-02 1.45654997e-02 1.45764919e-02 1.45880626e-02 
1.94075915e+00 1.46594627e-02 1.46858060e-02 1.47120711e-02 1.47341311e-02 1.47547483e-02 
1.94124444e+00 1.44878893e-02 1.45126082e-02 1.45376589e-02 1.45573790e-02 1.45766965e-02 
1.94172985e+00 1.42902312e-02 1.43108804e-02 1.43300161e-02 1.43495419e-02 1.43694387e-02 
1.94221538e+00 1.43705626e-02 1.43949914e-02 1.44226704e-02 1.44457731e-02 1.44696911e-02 
1.94270103e+00 1.43129174e-02 1.43307342e-02 1.43494543e-02 1.43676889e-02 1.43866851e-02 
1.94318680e+00 1.51156937e-02 1.51401837e-02 1.51754414e-02 1.52051350e-02 1.52323051e-02 
1.94367270e+00 1.43484158e-02 1.43637251e-02 1.43788603e-02 1.43944603e-02 1.44104725e-02 
1.94415871e+00 1.48426996e-02 1.48607983e-02 1.48762709e-02 1.48940484e-02 1.49105314e-02 
1.94464485e+00 1.44673949e-02 1.44804359e-02 1.45089799e-02 1.45529103e-02 1.45930800e-02 
1.94513111e+00 1.45326016e-02 1.45439587e-02 1.45591310e-02 1.45776635e-02 1.45969227e-02 
1.94561749e+00 1.44620615e-02 1.44746860e-02 1.44926758e-02 1.45096265e-02 1.45266054e-02 
1.94610399e+00 1.43368768e-02 1.43545006e-02 1.43719579e-02 1.43894448e-02 1.44060409e-02 
1.94659062e+00 1.46237648e-02 1.46410900e-02 1.46545701e-02 1.46677662e-02 1.46813044e-02 
1.94707736e+00 1.43564246e-02 1.43708770e-02 1.43855335e-02 1.44016642e-02 1.44197136e-02 
1.94756423e+00 1.47275048e-02 1.48010954e-02 1.48390728e-02 1.48583038e-02 1.48755152e-02 
1.94805122e+00 1.43850871e-02 1.44001579e-02 1.44155008e-02 1.44306362e-02 1.44450668e-02 
1.94853833e+00 1.46781929e-02 1.46895205e-02 1.47020002e-02 1.47156944e-02 1.47301772e-02 
1.94902556e+00 1.44535911e-02 1.44638546e-02 1.44742927e-02 1.44854942e-02 1.44971949e-02 
1.94951291e+00 1.45064407e-02 1.45273592e-02 1.45476262e-02 1.45634625e-02 1.45795948e-02 
1.95000039e+00 1.48448783e-02 1.48603340e-02 1.48738466e-02 1.48869753e-02 1.49000873e-02 
1.95048799e+00 1.45886775e-02 1.45996921e-02 1.46099691e-02 1.46231728e-02 1.46383386e-02 
1.95097571e+00 1.43649707e-02 1.43794024e-02 1.43935071e-02 1.44059178e-02 1.44184708e-02 
1.95146355e+00 1.44167785e-02 1.44432398e-02 1.44683538e-02 1.44869623e-02 1.45051525e-02 
1.95195152e+00 1.45039553e-02 1.45276679e-02 1.45519317e-02 1.45742955e-02 1.45962753e-02 
1.95243960e+00 1.46511208e-02 1.46630975e-02 1.46756096e-02 1.46886502e-02 1.47012292e-02 
1.95292781e+00 1.46182790e-02 1.46362805e-02 1.46567142e-02 1.46735609e-02 1.46902696e-02 
1.95341614e+00 1.51874735e-02 1.52120622e-02 1.52328780e-02 1.52540910e-02 1.52719653e-02 
1.95390459e+00 1.42588662e-02 1.42757461e-02 1.42958520e-02 1.43159476e-02 1.43392839e-02 
1.95439317e+00 1.46398688e-02 1.46543619e-02 1.46765241e-02 1.47063670e-02 1.47368036e-02 
1.95488186e+00 1.46928334e-02 1.47069809e-02 1.47198434e-02 1.47370269e-02 1.47620497e-02 
1.95537068e+00 1.45073559e-02 1.45191181e-02 1.45316938e-02 1.45430451e-02 1.45543953e-02 
1.95585962e+00 1.45105415e-02 1.45379095e-02 1.45655772e-02 1.45891868e-02 1.46129979e-02 
1.95634868e+00 1.53559618e-02 1.53912234e-02 1.54186371e-02 1.54421745e-02 1.54673050e-02 
1.95683787e+00 1.43390627e-02 1.43574734e-02 1.43742395e-02 1.43889465e-02 1.44028248e-02 
1.95732718e+00 1.49443267e-02 1.49719942e-02 1.49926962e-02 1.50121633e-02 1.50301092e-02 
1.95781661e+00 1.44020563e-02 1.44151489e-02 1.44272631e-02 1.44382150e-02 1.44494364e-02 
1.95830616e+00 1.43315042e-02 1.43474198e-02 1.43630012e-02 1.43791260e-02 1.43952234e-02 
1.95879584e+00 1.44628343e-02 1.44893228e-02 1.45166073e-02 1.45373556e-02 1.45579338e-02 
1.95928563e+00 1.44666651e-02 1.44766874e-02 1.44857738e-02 1.44950237e-02 1.45052834e-02 
1.95977555e+00 1.49659834e-02 1.49905441e-02 1.50118198e-02 1.50340963e-02 1.50524108e-02 
1.96026560e+00 1.49013749e-02 1.49211375e-02 1.49367728e-02 1.49542560e-02 1.49696196e-02 
1.96075576e+00 1.44207739e-02 1.44380032e-02 1.44536213e-02 1.44698726e-02 1.44863390e-02 
1.96124605e+00 1.45125988e-02 1.45269099e-02 1.45461739e-02 1.45734687e-02 1.46023017e-02 
1.96173646e+00 1.45548527e-02 1.45669411e-02 1.45782626e-02 1.45887933e-02 1.45999289e-02 
1.96222699e+00 1.44000959e-02 1.44189288e-02 1.44399944e-02 1.44577006e-02 1.44753174e-02 
1.96271765e+00 1.42981621e-02 1.43179326e-02 1.43375966e-02 1.43578577e-02 1.43778317e-02 
1.96320842e+00 1.44644730e-02 1.44759894e-02 1.44878950e-02 1.44996972e-02 1.45108691e-02 
1.96369932e+00 1.52826086e-02 1.53017947e-02 1.53311094e-02 1.53618381e-02 1.53906799e-02 
1.96419035e+00 1.44086623e-02 1.44254631e-02 1.44430182e-02 1.44579349e-02 1.44727536e-02 
1.96468149e+00 1.55445088e-02 1.55953005e-02 1.56534813e-02 1.57049034e-02 1.57567500e-02 
1.96517276e+00 1.48826765e-02 1.48961447e-02 1.49092419e-02 1.49210391e-02 1.49343458e-02 
1.96566416e+00 1.43068338e-02 1.43236518e-02 1.43429848e-02 1.43613471e-02 1.43792497e-02 
1.96615567e+00 1.43515263e-02 1.43713316e-02 1.43933473e-02 1.44133279e-02 1.44330662e-02 
1.96664731e+00 1.44033930e-02 1.44198207e-02 1.44331288e-02 1.44465240e-02 1.44606104e-02 
1.96713907e+00 1.45982229e-02 1.46132939e-02 1.46269332e-02 1.46405594e-02 1.46549615e-02 
1.96763095e+00 1.44158180e-02 1.44291068e-02 1.44467110e-02 1.44632155e-02 1.44799331e-02 
1.96812296e+00 1.43923748e-02 1.44062110e-02 1.44198360e-02 1.44342930e-02 1.44477287e-02 
1.96861509e+00 1.47355404e-02 1.47514022e-02 1.47647649e-02 1.47786193e-02 1.47917487e-02 
1.96910734e+00 1.44022576e-02 1.44195650e-02 1.44401144e-02 1.44570888e-02 1.44740749e-02 
1.96959972e+00 1.47827542e-02 1.48013942e-02 1.48157342e-02 1.48310017e-02 1.48447950e-02 
1.97009222e+00 1.48759314e-02 1.48940628e-02 1.49153285e-02 1.49351919e-02 1.49532424e-02 
1.97058484e+00 1.44066988e-02 1.44178067e-02 1.44297295e-02 1.44417743e-02 1.44541379e-02 
1.97107758e+00 1.47390435e-02 1.47689704e-02 1.47985683e-02 1.48220894e-02 1.48443193e-02 
1.97157045e+00 1.46195154e-02 1.46456157e-02 1.46766097e-02 1.47231484e-02 1.47878752e-02 
1.97206344e+00 1.42855509e-02 1.43041264e-02 1.43230778e-02 1.43429484e-02 1.43637273e-02 
1.97255656e+00 1.45554825e-02 1.45742706e-02 1.45896528e-02 1.46055810e-02 1.46210505e-02 
1.97304980e+00 1.46023925e-02 1.46214658e-02 1.46422277e-02 1.46633294e-02 1.46850632e-02 
1.97354316e+00 1.43002722e-02 1.43179638e-02 1.43369746e-02 1.43561599e-02 1.43759654e-02 
1.97403664e+00 1.52850075e-02 1.53175839e-02 1.53483623e-02 1.53755000e-02 1.54006664e-02 
1.97453025e+00 1.43267501e-02 1.43460197e-02 1.43720733e-02 1.44007903e-02 1.44294189e-02 
1.97502398e+00 1.43440095e-02 1.43595450e-02 1.43733951e-02 1.43887313e-02 1.44040935e-02 
1.97551784e+00 1.44355254e-02 1.44572028e-02 1.44792336e-02 1.44960489e-02 1.45130771e-02 
1.97601182e+00 1.52488632e-02 1.52870002e-02 1.53251825e-02 1.53569131e-02 1.53860337e-02 
1.97650592e+00 1.50246016e-02 1.50624734e-02 1.51004648e-02 1.51320172e-02 1.51615516e-02 
1.97700014e+00 1.43420689e-02 1.43590338e-02 1.43880210e-02 1.44446142e-02 1.45110446e-02 
1.97749449e+00 1.42779047e-02 1.43007986e-02 1.43205348e-02 1.43400528e-02 1.43616156e-02 
1.97798897e+00 1.48991693e-02 1.49241599e-02 1.49675637e-02 1.50331762e-02 1.50541384e-02 
1.97848356e+00 1.43255802e-02 1.43380869e-02 1.43519205e-02 1.43673230e-02 1.43834004e-02 
1.97897828e+00 1.45753480e-02 1.45908175e-02 1.46038835e-02 1.46167767e-02 1.46307515e-02 
1.97947313e+00 1.53713113e-02 1.54097753e-02 1.54494609e-02 1.54817859e-02 1.55115989e-02 
1.97996810e+00 1.49357492e-02 1.49725392e-02 1.50051215e-02 1.50307772e-02 1.50552597e-02 
1.98046319e+00 1.49458665e-02 1.49803120e-02 1.50139085e-02 1.50425357e-02 1.50694366e-02 
1.98095840e+00 1.46661972e-02 1.46818720e-02 1.47006302e-02 1.47169171e-02 1.47320323e-02 
1.98145374e+00 1.47483846e-02 1.47621666e-02 1.47773695e-02 1.47938105e-02 1.48099024e-02 
1.98194920e+00 1.46273911e-02 1.46605200e-02 1.46918760e-02 1.47187848e-02 1.47446571e-02 
1.98244479e+00 1.46031030e-02 1.46354827e-02 1.46683321e-02 1.46951316e-02 1.47218699e-02 
1.98294050e+00 1.52249498e-02 1.52574624e-02 1.52861460e-02 1.53084130e-02 1.53278703e-02 
1.98343634e+00 1.45220619e-02 1.45333628e-02 1.45426850e-02 1.45523170e-02 1.45618040e-02 
1.98393230e+00 1.48182790e-02 1.48546101e-02 1.48889472e-02 1.49182422e-02 1.49453084e-02 
1.98442838e+00 1.47800009e-02 1.48059824e-02 1.48480074e-02 1.48812626e-02 1.49010659e-02 
1.98492459e+00 1.52897982e-02 1.53193798e-02 1.53461635e-02 1.53709920e-02 1.53934535e-02 
1.98542092e+00 1.51528413e-02 1.53138355e-02 1.54420892e-02 1.54715387e-02 1.54986032e-02 
1.98591737e+00 1.44542341e-02 1.44839295e-02 1.45171287e-02 1.45451821e-02 1.45729357e-02 
1.98641395e+00 1.45394216e-02 1.45668067e-02 1.45910557e-02 1.46119334e-02 1.46305833e-02 
1.98691065e+00 1.43885680e-02 1.44041921e-02 1.44194487e-02 1.44356873e-02 1.44500583e-02 
1.98740748e+00 1.44303301e-02 1.44402083e-02 1.44494073e-02 1.44595177e-02 1.44699566e-02 
1.98790443e+00 1.47713465e-02 1.48475435e-02 1.49045922e-02 1.49274395e-02 1.49491971e-02 
1.98840151e+00 1.55408235e-02 1.55746635e-02 1.56071573e-02 1.56350405e-02 1.56605373e-02 
1.98889871e+00 1.46501289e-02 1.46630118e-02 1.46769740e-02 1.46911500e-02 1.47045314e-02 
1.98939603e+00 1.48313832e-02 1.48582800e-02 1.48758970e-02 1.48907022e-02 1.49037004e-02 
1.98989348e+00 1.47001338e-02 1.47107027e-02 1.47220012e-02 1.47330939e-02 1.47445925e-02 
1.99039106e+00 1.44060588e-02 1.44230496e-02 1.44407396e-02 1.44564555e-02 1.44716044e-02 
1.99088875e+00 1.47607770e-02 1.47814885e-02 1.48089682e-02 1.48353026e-02 1.48618346e-02 
1.99138658e+00 1.42297312e-02 1.42529212e-02 1.42796278e-02 1.43054861e-02 1.43333624e-02 
1.99188452e+00 1.43705781e-02 1.43881888e-02 1.44087741e-02 1.44285592e-02 1.44469849e-02 
1.99238259e+00 1.42607491e-02 1.42824446e-02 1.43041057e-02 1.43263820e-02 1.43504055e-02 
1.99288079e+00 1.52555176e-02 1.52910836e-02 1.53208528e-02 1.53463458e-02 1.53729628e-02 
1.99337911e+00 1.42992891e-02 1.43183742e-02 1.43382620e-02 1.43578980e-02 1.43776029e-02 
1.99387756e+00 1.44427309e-02 1.44599080e-02 1.44720887e-02 1.44827008e-02 1.44929022e-02 
1.99437612e+00 1.46636068e-02 1.47017835e-02 1.47393669e-02 1.47711364e-02 1.48018032e-02 
1.99487482e+00 1.43799156e-02 1.43940679e-02 1.44083407e-02 1.44212665e-02 1.44344549e-02 
1.99537364e+00 1.44213867e-02 1.44346698e-02 1.44498106e-02 1.44647188e-02 1.44795181e-02 
1.99587258e+00 1.44452240e-02 1.44586321e-02 1.44701721e-02 1.44840562e-02 1.44980520e-02 
1.99637165e+00 1.47176255e-02 1.47396706e-02 1.47589639e-02 1.47798992e-02 1.47967968e-02 
1.99687084e+00 1.44319231e-02 1.44577559e-02 1.44828199e-02 1.45031629e-02 1.45231317e-02 
1.99737016e+00 1.45436202e-02 1.45681373e-02 1.46006444e-02 1.46313885e-02 1.46474793e-02 
1.99786960e+00 1.51099549e-02 1.51368916e-02 1.51620622e-02 1.51875088e-02 1.52098542e-02 
1.99836917e+00 1.44769698e-02 1.44990596e-02 1.45178054e-02 1.45335747e-02 1.45475297e-02 
1.99886886e+00 1.47509459e-02 1.47625625e-02 1.47755040e-02 1.47878858e-02 1.48018553e-02 
1.99936868e+00 1.48708047e-02 1.49015212e-02 1.49320341e-02 1.49593635e-02 1.49851594e-02 
1.99986862e+00 1.43931223e-02 1.44103099e-02 1.44270797e-02 1.44437095e-02 1.44588535e-02 
2.00036869e+00 1.48461844e-02 1.48712522e-02 1.48921404e-02 1.49137409e-02 1.49309454e-02 
2.00086889e+00 1.46794716e-02 1.47146684e-02 1.47479692e-02 1.47761271e-02 1.48027222e-02 
2.00136920e+00 1.44545571e-02 1.44657234e-02 1.44760757e-02 1.44854589e-02 1.44951427e-02 
2.00186965e+00 1.45346319e-02 1.45633173e-02 1.45902201e-02 1.46093140e-02 1.46279206e-02 
2.00237021e+00 1.45848975e-02 1.46146040e-02 1.46461543e-02 1.46717502e-02 1.46975163e-02 
2.00287091e+00 1.47381682e-02 1.47577328e-02 1.47735788e-02 1.47901746e-02 1.48048572e-02 
2.00337173e+00 1.48571230e-02 1.48734576e-02 1.48878215e-02 1.49043752e-02 1.49200244e-02 
2.00387267e+00 1.42750540e-02 1.42938956e-02 1.43143051e-02 1.43356708e-02 1.43590229e-02 
2.00437374e+00 1.45159617e-02 1.45294674e-02 1.45423776e-02 1.45537839e-02 1.45640230e-02 
2.00487493e+00 1.50368100e-02 1.50509613e-02 1.50636096e-02 1.50745453e-02 1.50869278e-02 
2.00537625e+00 1.48298420e-02 1.48569953e-02 1.48737732e-02 1.48875571e-02 1.49036554e-02 
2.00587770e+00 1.51889365e-02 1.52300400e-02 1.52750307e-02 1.53111875e-02 1.53456221e-02 
2.00637927e+00 1.51295260e-02 1.51625738e-02 1.51985006e-02 1.52369430e-02 1.52735769e-02 
2.00688096e+00 1.50590384e-02 1.50827737e-02 1.51007881e-02 1.51176030e-02 1.51332862e-02 
2.00738278e+00 1.47499579e-02 1.47823698e-02 1.48142771e-02 1.48419779e-02 1.48689071e-02 
2.00788473e+00 1.42267357e-02 1.42504130e-02 1.42778695e-02 1.43048067e-02 1.43321614e-02 
2.00838680e+00 1.45823205e-02 1.46010663e-02 1.46209759e-02 1.46412186e-02 1.46600372e-02 
2.00888900e+00 1.43935998e-02 1.44121297e-02 1.44331036e-02 1.44513032e-02 1.44682096e-02 
2.00939132e+00 1.53813779e-02 1.54214415e-02 1.54644271e-02 1.54987475e-02 1.55322561e-02 
2.00989377e+00 1.45542138e-02 1.45963057e-02 1.46546700e-02 1.47198268e-02 1.47834805e-02 
2.01039635e+00 1.43508292e-02 1.43825856e-02 1.44016525e-02 1.44151394e-02 1.44278159e-02 
2.01089905e+00 1.53123337e-02 1.53991625e-02 1.54629241e-02 1.54929760e-02 1.55207833e-02 
2.01140187e+00 1.50110108e-02 1.50496194e-02 1.50857489e-02 1.51122456e-02 1.51360622e-02 
2.01190482e+00 1.47581726e-02 1.47908583e-02 1.48212410e-02 1.48478899e-02 1.48733020e-02 
2.01240790e+00 1.47300298e-02 1.47492683e-02 1.47662879e-02 1.47845469e-02 1.48013858e-02 
2.01291110e+00 1.45061593e-02 1.45182130e-02 1.45282835e-02 1.45387635e-02 1.45503562e-02 
2.01341443e+00 1.44144119e-02 1.44373398e-02 1.44578434e-02 1.44736563e-02 1.44897174e-02 
2.01391789e+00 1.48674862e-02 1.49004447e-02 1.49325931e-02 1.49601703e-02 1.49860633e-02 
2.01442147e+00 1.49477090e-02 1.50075156e-02 1.50639621e-02 1.51037997e-02 1.51434769e-02 
2.01492517e+00 1.46332619e-02 1.46632454e-02 1.46931529e-02 1.47189390e-02 1.47438219e-02 
2.01542901e+00 1.47994499e-02 1.48324512e-02 1.48485406e-02 1.48609777e-02 1.48751075e-02 
2.01593297e+00 1.43043203e-02 1.43199625e-02 1.43361088e-02 1.43541094e-02 1.43738725e-02 
2.01643705e+00 1.49626204e-02 1.49875469e-02 1.50094457e-02 1.50315751e-02 1.50502693e-02 
2.01694126e+00 1.47461998e-02 1.47899734e-02 1.48620372e-02 1.49142753e-02 1.49312377e-02 
2.01744560e+00 1.46651800e-02 1.47716654e-02 1.48586973e-02 1.48801484e-02 1.48972387e-02 
2.01795006e+00 1.47487156e-02 1.47627257e-02 1.47805409e-02 1.48025106e-02 1.48259342e-02 
2.01845465e+00 1.46365623e-02 1.46878559e-02 1.47525565e-02 1.47829186e-02 1.48038294e-02 
2.01895936e+00 1.43430490e-02 1.43658345e-02 1.43885569e-02 1.44070644e-02 1.44254442e-02 
2.01946421e+00 1.46125954e-02 1.46313888e-02 1.46539061e-02 1.46766823e-02 1.46991575e-02 
2.01996917e+00 1.44097591e-02 1.44336234e-02 1.44625660e-02 1.44872732e-02 1.45117633e-02 
2.02047427e+00 1.47329066e-02 1.47613850e-02 1.48083552e-02 1.48395458e-02 1.48562868e-02 
2.02097949e+00 1.46205220e-02 1.46489256e-02 1.46753005e-02 1.46983303e-02 1.47207508e-02 
2.02148483e+00 1.44531108e-02 1.44908431e-02 1.45212898e-02 1.45403456e-02 1.45583889e-02 
2.02199031e+00 1.44233355e-02 1.44555259e-02 1.44872978e-02 1.45108283e-02 1.45329398e-02 
2.02249591e+00 1.43643182e-02 1.43874070e-02 1.44029816e-02 1.44159951e-02 1.44280473e-02 
2.02300163e+00 1.45427528e-02 1.45533750e-02 1.45634333e-02 1.45739337e-02 1.45848304e-02 
2.02350748e+00 1.45647970e-02 1.46045021e-02 1.46434446e-02 1.46733070e-02 1.47026656e-02 
2.02401346e+00 1.46126769e-02 1.46280592e-02 1.46414955e-02 1.46539877e-02 1.46669424e-02 
2.02451957e+00 1.48792535e-02 1.49217116e-02 1.49650433e-02 1.49992592e-02 1.50323475e-02 
2.02502580e+00 1.48900506e-02 1.49084900e-02 1.49266300e-02 1.49422273e-02 1.49591704e-02 
2.02553216e+00 1.43233947e-02 1.43413698e-02 1.43630692e-02 1.43820693e-02 1.44006867e-02 
2.02603864e+00 1.43525222e-02 1.43749357e-02 1.43976238e-02 1.44163441e-02 1.44351240e-02 
2.02654525e+00 1.46613792e-02 1.46980322e-02 1.47370090e-02 1.47690085e-02 1.48008730e-02 
2.02705199e+00 1.46318333e-02 1.46721644e-02 1.47138697e-02 1.47476686e-02 1.47804559e-02 
2.02755886e+00 1.44410123e-02 1.44534002e-02 1.44649207e-02 1.44751914e-02 1.44856335e-02 
2.02806585e+00 1.45591068e-02 1.45860086e-02 1.46020539e-02 1.46134019e-02 1.46256218e-02 
2.02857297e+00 1.46861170e-02 1.47204237e-02 1.47556219e-02 1.47883663e-02 1.48202128e-02 
2.02908021e+00 1.51701661e-02 1.52494715e-02 1.53327488e-02 1.54196798e-02 1.54914001e-02 
2.02958758e+00 1.49778234e-02 1.49903087e-02 1.50031271e-02 1.50146227e-02 1.50263667e-02 
2.03009508e+00 1.48677340e-02 1.48924549e-02 1.49177672e-02 1.49419548e-02 1.49661747e-02 
2.03060271e+00 1.44215538e-02 1.44400806e-02 1.44586372e-02 1.44747287e-02 1.44901865e-02 
2.03111046e+00 1.45949953e-02 1.46279539e-02 1.46593081e-02 1.46858110e-02 1.47108211e-02 
2.03161834e+00 1.42568522e-02 1.42812875e-02 1.43084703e-02 1.43321907e-02 1.43551642e-02 
2.03212635e+00 1.43585222e-02 1.43722807e-02 1.43873605e-02 1.44016450e-02 1.44154345e-02 
2.03263448e+00 1.44967224e-02 1.45134404e-02 1.45299769e-02 1.45491211e-02 1.45713803e-02 
2.03314274e+00 1.46669800e-02 1.46848504e-02 1.47060954e-02 1.47298966e-02 1.47541208e-02 
2.03365113e+00 1.44373116e-02 1.44718960e-02 1.44929416e-02 1.45057658e-02 1.45177431e-02 
2.03415964e+00 1.48719972e-02 1.49117385e-02 1.49541382e-02 1.49902714e-02 1.50245684e-02 
2.03466829e+00 1.47786324e-02 1.48078578e-02 1.48295283e-02 1.48509028e-02 1.48719865e-02 
2.03517705e+00 1.44285528e-02 1.44380894e-02 1.44471207e-02 1.44568266e-02 1.44668378e-02 
2.03568595e+00 1.48512686e-02 1.48914072e-02 1.49330551e-02 1.49675151e-02 1.50010284e-02 
2.03619498e+00 1.43223865e-02 1.43380728e-02 1.43558688e-02 1.43739835e-02 1.43920749e-02 
2.03670413e+00 1.44487066e-02 1.44664370e-02 1.44829697e-02 1.44975966e-02 1.45102478e-02 
2.03721340e+00 1.44750561e-02 1.45158864e-02 1.45383023e-02 1.45510565e-02 1.45647049e-02 
2.03772281e+00 1.43481097e-02 1.43739176e-02 1.43984445e-02 1.44174487e-02 1.44375306e-02 
2.03823234e+00 1.46951937e-02 1.47233010e-02 1.47482209e-02 1.47726998e-02 1.47938540e-02 
2.03874200e+00 1.49621949e-02 1.50057784e-02 1.50532476e-02 1.50918620e-02 1.51285368e-02 
2.03925179e+00 1.45208416e-02 1.45392323e-02 1.45596786e-02 1.45750327e-02 1.45907080e-02 
2.03976171e+00 1.46563451e-02 1.46969021e-02 1.47406469e-02 1.47765672e-02 1.48104511e-02 
2.04027175e+00 1.47946071e-02 1.48080688e-02 1.48204823e-02 1.48318874e-02 1.48448188e-02 
2.04078192e+00 1.44893479e-02 1.45196814e-02 1.45481371e-02 1.45708085e-02 1.45917773e-02 
2.04129222e+00 1.50480532e-02 1.50616547e-02 1.50747065e-02 1.50866350e-02 1.51006198e-02 
2.04180264e+00 1.43072589e-02 1.43255937e-02 1.43440020e-02 1.43622029e-02 1.43799339e-02 
2.04231320e+00 1.46889673e-02 1.47369487e-02 1.47640311e-02 1.47816450e-02 1.47980293e-02 
2.04282388e+00 1.44079670e-02 1.44323161e-02 1.44581051e-02 1.44790403e-02 1.44999579e-02 
2.04333469e+00 1.42632444e-02 1.42856841e-02 1.43112167e-02 1.43346420e-02 1.43575487e-02 
2.04384562e+00 1.42370110e-02 1.42613138e-02 1.42895102e-02 1.43163110e-02 1.43435096e-02 
2.04435669e+00 1.43931207e-02 1.44191141e-02 1.44448215e-02 1.44643306e-02 1.44837976e-02 
2.04486788e+00 1.46388748e-02 1.46520195e-02 1.46666831e-02 1.46804883e-02 1.46954049e-02 
2.04537920e+00 1.47870609e-02 1.48241951e-02 1.48714749e-02 1.49291497e-02 1.49803990e-02 
2.04589065e+00 1.46665022e-02 1.46960273e-02 1.47221602e-02 1.47469912e-02 1.47683701e-02 
2.04640222e+00 1.42800942e-02 1.42984178e-02 1.43233434e-02 1.43453236e-02 1.43690822e-02 
2.04691393e+00 1.45008698e-02 1.45221210e-02 1.45424930e-02 1.45616885e-02 1.45786520e-02 
2.04742576e+00 1.43665007e-02 1.43930815e-02 1.44090845e-02 1.44225267e-02 1.44351067e-02 
2.04793772e+00 1.44440894e-02 1.44685880e-02 1.44911923e-02 1.45093704e-02 1.45265761e-02 
2.04844980e+00 1.50177339e-02 1.50618050e-02 1.51097005e-02 1.51484376e-02 1.51854818e-02 
2.04896202e+00 1.50603996e-02 1.51063601e-02 1.51563426e-02 1.51971930e-02 1.52364891e-02 
2.04947436e+00 1.47349640e-02 1.47767696e-02 1.48223810e-02 1.48618196e-02 1.49013566e-02 
2.04998683e+00 1.44986603e-02 1.45340578e-02 1.45706278e-02 1.45997104e-02 1.46292248e-02 
2.05049943e+00 1.45539401e-02 1.45831375e-02 1.46104288e-02 1.46347144e-02 1.46576846e-02 
2.05101216e+00 1.43889676e-02 1.44220245e-02 1.44554858e-02 1.44808467e-02 1.45056899e-02 
2.05152502e+00 1.44064908e-02 1.44348992e-02 1.44642022e-02 1.44860019e-02 1.45078299e-02 
2.05203800e+00 1.43804952e-02 1.43936886e-02 1.44049828e-02 1.44177316e-02 1.44309573e-02 
2.05255111e+00 1.52330969e-02 1.52683002e-02 1.53035843e-02 1.53334785e-02 1.53613546e-02 
2.05306436e+00 1.43723293e-02 1.43909861e-02 1.44103657e-02 1.44258362e-02 1.44424355e-02 
2.05357772e+00 1.49313945e-02 1.49460100e-02 1.49597849e-02 1.49750989e-02 1.49900711e-02 
2.05409122e+00 1.43342183e-02 1.43495043e-02 1.43669185e-02 1.43849488e-02 1.44028743e-02 
2.05460485e+00 1.43858481e-02 1.44064048e-02 1.44264913e-02 1.44429632e-02 1.44601199e-02 
2.05511860e+00 1.42357482e-02 1.42591188e-02 1.42871860e-02 1.43141985e-02 1.43419332e-02 
2.05563249e+00 1.46174598e-02 1.46420931e-02 1.46645156e-02 1.46869282e-02 1.47071882e-02 
2.05614650e+00 1.44900422e-02 1.45117062e-02 1.45352835e-02 1.45555353e-02 1.45755140e-02 
2.05666064e+00 1.49435377e-02 1.49616952e-02 1.49771051e-02 1.49929398e-02 1.50086609e-02 
2.05717491e+00 1.43616984e-02 1.43856691e-02 1.44087490e-02 1.44263850e-02 1.44449290e-02 
2.05768930e+00 1.47935824e-02 1.48330186e-02 1.48725705e-02 1.49054667e-02 1.49379049e-02 
2.05820383e+00 1.46878324e-02 1.47200289e-02 1.47540404e-02 1.47903329e-02 1.48236890e-02 
2.05871848e+00 1.44866106e-02 1.45066995e-02 1.45316721e-02 1.45543928e-02 1.45768146e-02 
2.05923327e+00 1.45900574e-02 1.46227836e-02 1.46571922e-02 1.46886224e-02 1.47207931e-02 
2.05974818e+00 1.42204976e-02 1.42472512e-02 1.42808802e-02 1.43098367e-02 1.43403859e-02 
2.06026322e+00 1.47815231e-02 1.48009080e-02 1.48163014e-02 1.48327813e-02 1.48474964e-02 
2.06077839e+00 1.43267420e-02 1.43518031e-02 1.43771846e-02 1.44001405e-02 1.44225625e-02 
2.06129369e+00 1.49857362e-02 1.50598598e-02 1.51169219e-02 1.51478598e-02 1.51787645e-02 
2.06180911e+00 1.44461402e-02 1.44576370e-02 1.44705314e-02 1.44830043e-02 1.44945831e-02 
2.06232467e+00 1.50597059e-02 1.50968828e-02 1.51331265e-02 1.51629976e-02 1.51910795e-02 
2.06284035e+00 1.45189524e-02 1.45583067e-02 1.46026259e-02 1.46434047e-02 1.46839395e-02 
2.06335617e+00 1.43617584e-02 1.43895733e-02 1.44214248e-02 1.44510338e-02 1.44796962e-02 
2.06387211e+00 1.45427315e-02 1.45617939e-02 1.45803095e-02 1.45960341e-02 1.46118746e-02 
2.06438818e+00 1.48250361e-02 1.48694393e-02 1.49171993e-02 1.49560947e-02 1.49930877e-02 
2.06490438e+00 1.44780239e-02 1.45119674e-02 1.45480790e-02 1.45748532e-02 1.46013926e-02 
2.06542071e+00 1.44797109e-02 1.45116255e-02 1.45450627e-02 1.45749867e-02 1.46033581e-02 
2.06593717e+00 1.44135900e-02 1.44547042e-02 1.45017812e-02 1.45398280e-02 1.45759705e-02 
2.06645376e+00 1.44140238e-02 1.44384972e-02 1.44637326e-02 1.44831830e-02 1.45019125e-02 
2.06697048e+00 1.43787477e-02 1.44116316e-02 1.44446366e-02 1.44688107e-02 1.44924094e-02 
2.06748732e+00 1.45715893e-02 1.45926998e-02 1.46097248e-02 1.46248779e-02 1.46386200e-02 
2.06800430e+00 1.44869859e-02 1.45172095e-02 1.45497524e-02 1.45768385e-02 1.45961877e-02 
2.06852140e+00 1.44116365e-02 1.44438369e-02 1.44793199e-02 1.45086850e-02 1.45376441e-02 
2.06903864e+00 1.45952780e-02 1.46383312e-02 1.46863695e-02 1.47259769e-02 1.47653558e-02 
2.06955600e+00 1.42717966e-02 1.42943183e-02 1.43208821e-02 1.43438982e-02 1.43665547e-02 
2.07007349e+00 1.44007137e-02 1.44265929e-02 1.44557408e-02 1.44809606e-02 1.45047821e-02 
2.07059112e+00 1.45658486e-02 1.45783186e-02 1.45902601e-02 1.46028559e-02 1.46156738e-02 
2.07110887e+00 1.42874709e-02 1.43040878e-02 1.43231182e-02 1.43449539e-02 1.43673975e-02 
2.07162675e+00 1.43476362e-02 1.43758615e-02 1.44034784e-02 1.44263161e-02 1.44492210e-02 
2.07214476e+00 1.47129914e-02 1.47481833e-02 1.47835550e-02 1.48156062e-02 1.48466874e-02 
2.07266290e+00 1.49589598e-02 1.49922987e-02 1.50112209e-02 1.50274509e-02 1.50422685e-02 
2.07318117e+00 1.43985807e-02 1.44282488e-02 1.44492490e-02 1.44624281e-02 1.44745687e-02 
2.07369957e+00 1.42703447e-02 1.42971318e-02 1.43265121e-02 1.43520375e-02 1.43782142e-02 
2.07421810e+00 1.47554941e-02 1.47751087e-02 1.47984881e-02 1.48211599e-02 1.48412211e-02 
2.07473676e+00 1.45084524e-02 1.45414200e-02 1.45715462e-02 1.45950660e-02 1.46179631e-02 
2.07525555e+00 1.45411989e-02 1.45763995e-02 1.46260460e-02 1.46565131e-02 1.46768347e-02 
2.07577446e+00 1.44857533e-02 1.45034831e-02 1.45197131e-02 1.45347532e-02 1.45483087e-02 
2.07629351e+00 1.43281995e-02 1.43571511e-02 1.43840518e-02 1.44059299e-02 1.44275030e-02 
2.07681269e+00 1.47862584e-02 1.47998568e-02 1.48230560e-02 1.48514044e-02 1.48820092e-02 
2.07733200e+00 1.46096526e-02 1.46473538e-02 1.46839046e-02 1.47150511e-02 1.47455373e-02 
2.07785144e+00 1.42120188e-02 1.42419977e-02 1.42738941e-02 1.43046595e-02 1.43365408e-02 
2.07837100e+00 1.42549318e-02 1.42822860e-02 1.43142667e-02 1.43419112e-02 1.43709366e-02 
2.07889070e+00 1.45019403e-02 1.45270505e-02 1.45686686e-02 1.46187369e-02 1.46662185e-02 
2.07941053e+00 1.45921872e-02 1.46076259e-02 1.46198393e-02 1.46303773e-02 1.46437858e-02 
2.07993048e+00 1.47040962e-02 1.47190323e-02 1.47323905e-02 1.47456053e-02 1.47587597e-02 
2.08045057e+00 1.44032934e-02 1.44307664e-02 1.44603018e-02 1.44831706e-02 1.45057169e-02 
2.08097079e+00 1.45483543e-02 1.45890136e-02 1.46335094e-02 1.46703971e-02 1.47061718e-02 
2.08149114e+00 1.43981951e-02 1.44244417e-02 1.44519747e-02 1.44735268e-02 1.44944875e-02 
2.08201161e+00 1.45992003e-02 1.46391782e-02 1.46815858e-02 1.47192158e-02 1.47554581e-02 
2.08253222e+00 1.44904427e-02 1.45080402e-02 1.45257568e-02 1.45430218e-02 1.45586335e-02 
2.08305296e+00 1.44245019e-02 1.44489777e-02 1.44731889e-02 1.44923124e-02 1.45104461e-02 
2.08357383e+00 1.46587995e-02 1.46726726e-02 1.46852630e-02 1.46971517e-02 1.47102105e-02 
2.08409482e+00 1.45725722e-02 1.46150996e-02 1.46620902e-02 1.47007058e-02 1.47383898e-02 
2.08461595e+00 1.47066896e-02 1.47365712e-02 1.47635612e-02 1.47895026e-02 1.48123580e-02 
2.08513721e+00 1.42297543e-02 1.42528257e-02 1.42826189e-02 1.43111839e-02 1.43410998e-02 
2.08565860e+00 1.44660720e-02 1.45099248e-02 1.45581968e-02 1.45973782e-02 1.46351983e-02 
2.08618012e+00 1.43985463e-02 1.44080976e-02 1.44183919e-02 1.44290820e-02 1.44403192e-02 
2.08670177e+00 1.47591461e-02 1.47741788e-02 1.47875185e-02 1.48008714e-02 1.48141707e-02 
2.08722355e+00 1.44695828e-02 1.44951019e-02 1.45204275e-02 1.45416508e-02 1.45626550e-02 
2.08774546e+00 1.46272504e-02 1.46386812e-02 1.46499414e-02 1.46613602e-02 1.46733118e-02 
2.08826750e+00 1.45148892e-02 1.45507136e-02 1.45858779e-02 1.46123125e-02 1.46387784e-02 
2.08878967e+00 1.44989458e-02 1.45329101e-02 1.45686278e-02 1.46001740e-02 1.46308088e-02 
2.08931198e+00 1.44786200e-02 1.44999597e-02 1.45232687e-02 1.45436048e-02 1.45636457e-02 
2.08983441e+00 1.43345785e-02 1.43634580e-02 1.43927856e-02 1.44187956e-02 1.44445670e-02 
2.09035697e+00 1.48341212e-02 1.48699047e-02 1.49041581e-02 1.49331950e-02 1.49602629e-02 
2.09087967e+00 1.43355260e-02 1.43652181e-02 1.43944512e-02 1.44178096e-02 1.44410245e-02 
2.09140249e+00 1.43679073e-02 1.43994450e-02 1.44274554e-02 1.44461959e-02 1.44656853e-02 
2.09192545e+00 1.43652291e-02 1.43944202e-02 1.44224304e-02 1.44420168e-02 1.44619431e-02 
2.09244853e+00 1.43528805e-02 1.43682136e-02 1.43837688e-02 1.44019979e-02 1.44194704e-02 
2.09297175e+00 1.42765577e-02 1.42969328e-02 1.43244097e-02 1.43474716e-02 1.43721939e-02 
2.09349510e+00 1.43197523e-02 1.43375552e-02 1.43607274e-02 1.43849779e-02 1.44088000e-02 
2.09401858e+00 1.44260773e-02 1.44533679e-02 1.44807844e-02 1.45024377e-02 1.45234815e-02 
2.09454219e+00 1.43037748e-02 1.43315258e-02 1.43596591e-02 1.43870981e-02 1.44131125e-02 
2.09506593e+00 1.47057417e-02 1.47246174e-02 1.47402282e-02 1.47581484e-02 1.47749627e-02 
2.09558980e+00 1.48136618e-02 1.48467644e-02 1.48817048e-02 1.49144131e-02 1.49470992e-02 
2.09611380e+00 1.44020800e-02 1.44321511e-02 1.44638848e-02 1.44885872e-02 1.45131805e-02 
2.09663794e+00 1.46920318e-02 1.47365048e-02 1.47559207e-02 1.47674699e-02 1.47807080e-02 
2.09716220e+00 1.45128212e-02 1.45477074e-02 1.45787264e-02 1.46046457e-02 1.46280576e-02 
2.09768660e+00 1.44749058e-02 1.45083641e-02 1.45369335e-02 1.45587047e-02 1.45800659e-02 
2.09821113e+00 1.45377938e-02 1.45718310e-02 1.46042915e-02 1.46311789e-02 1.46567457e-02 
2.09873578e+00 1.48274596e-02 1.48493881e-02 1.48676025e-02 1.48828873e-02 1.49004412e-02 
2.09926057e+00 1.46406474e-02 1.46549268e-02 1.46671013e-02 1.46779754e-02 1.46900070e-02 
2.09978549e+00 1.42986528e-02 1.43209531e-02 1.43435096e-02 1.43637096e-02 1.43842609e-02 
2.10031055e+00 1.43361938e-02 1.43699630e-02 1.44043694e-02 1.44320807e-02 1.44596047e-02 
2.10083573e+00 1.43746512e-02 1.44075888e-02 1.44343222e-02 1.44503336e-02 1.44664566e-02 
2.10136104e+00 1.44057623e-02 1.44212875e-02 1.44390034e-02 1.44533768e-02 1.44681878e-02 
2.10188649e+00 1.44816106e-02 1.45120416e-02 1.45415449e-02 1.45654151e-02 1.45890142e-02 
2.10241207e+00 1.43811332e-02 1.44068282e-02 1.44286669e-02 1.44442390e-02 1.44610665e-02 
2.10293777e+00 1.47220698e-02 1.47623293e-02 1.48010096e-02 1.48305426e-02 1.48602605e-02 
2.10346361e+00 1.46625623e-02 1.46772055e-02 1.46920359e-02 1.47110992e-02 1.47293873e-02 
2.10398959e+00 1.44364609e-02 1.44535791e-02 1.44795918e-02 1.45040684e-02 1.45284701e-02 
2.10451569e+00 1.45500741e-02 1.45852344e-02 1.46194934e-02 1.46485681e-02 1.46785785e-02 
2.10504192e+00 1.42878162e-02 1.43091195e-02 1.43339726e-02 1.43578708e-02 1.43848121e-02 
2.10556829e+00 1.43829459e-02 1.44069085e-02 1.44354772e-02 1.44595213e-02 1.44837660e-02 
2.10609479e+00 1.42652460e-02 1.42966525e-02 1.43272858e-02 1.43532206e-02 1.43803806e-02 
2.10662142e+00 1.42587009e-02 1.42796660e-02 1.43055363e-02 1.43314880e-02 1.43586811e-02 
2.10714818e+00 1.42974678e-02 1.43255325e-02 1.43520749e-02 1.43750858e-02 1.43980766e-02 
2.10767507e+00 1.43335919e-02 1.43629354e-02 1.43886270e-02 1.44096182e-02 1.44292684e-02 
2.10820210e+00 1.42955465e-02 1.43177326e-02 1.43416819e-02 1.43628139e-02 1.43835611e-02 
2.10872925e+00 1.46683137e-02 1.47009822e-02 1.47347953e-02 1.47673047e-02 1.47991373e-02 
2.10925654e+00 1.45480478e-02 1.45696319e-02 1.45987077e-02 1.46166239e-02 1.46310903e-02 
2.10978396e+00 1.44484927e-02 1.44843147e-02 1.45188361e-02 1.45435302e-02 1.45680964e-02 
2.11031151e+00 1.45335259e-02 1.45455745e-02 1.45570431e-02 1.45682136e-02 1.45808386e-02 
2.11083920e+00 1.42594907e-02 1.42861245e-02 1.43167988e-02 1.43417429e-02 1.43667085e-02 
2.11136701e+00 1.44537886e-02 1.44861878e-02 1.45165270e-02 1.45404687e-02 1.45636095e-02 
2.11189496e+00 1.44728577e-02 1.44914754e-02 1.45075556e-02 1.45214255e-02 1.45333181e-02 
2.11242304e+00 1.43706871e-02 1.43855873e-02 1.44024295e-02 1.44180602e-02 1.44339323e-02 
2.11295125e+00 1.47559131e-02 1.47977140e-02 1.48411466e-02 1.48770667e-02 1.49110470e-02 
2.11347960e+00 1.43271771e-02 1.43587256e-02 1.43846883e-02 1.44024876e-02 1.44192880e-02 
2.11400807e+00 1.43271723e-02 1.43575759e-02 1.43864565e-02 1.44110458e-02 1.44347233e-02 
2.11453668e+00 1.42439405e-02 1.42686302e-02 1.42992686e-02 1.43273239e-02 1.43541593e-02 
2.11506542e+00 1.42193325e-02 1.42513045e-02 1.42891958e-02 1.43195312e-02 1.43491816e-02 
2.11559429e+00 1.45540459e-02 1.45752024e-02 1.45954700e-02 1.46162269e-02 1.46347984e-02 
2.11612330e+00 1.44154126e-02 1.44289711e-02 1.44589717e-02 1.44966673e-02 1.45315354e-02 
2.11665244e+00 1.42145012e-02 1.42478016e-02 1.42871973e-02 1.43193802e-02 1.43528310e-02 
2.11718171e+00 1.43102490e-02 1.43302672e-02 1.43516513e-02 1.43717705e-02 1.43913272e-02 
2.11771111e+00 1.47891473e-02 1.48006939e-02 1.48144147e-02 1.48275511e-02 1.48426893e-02 
2.11824064e+00 1.44163164e-02 1.44304742e-02 1.44494743e-02 1.44670018e-02 1.44843464e-02 
2.11877031e+00 1.42814586e-02 1.43100563e-02 1.43347971e-02 1.43568071e-02 1.43784733e-02 
2.11930011e+00 1.46089888e-02 1.46441345e-02 1.46860238e-02 1.47261940e-02 1.47655917e-02 
2.11983004e+00 1.43926586e-02 1.44232837e-02 1.44553869e-02 1.44798086e-02 1.45035279e-02 
2.12036010e+00 1.43489703e-02 1.43817543e-02 1.43984737e-02 1.44132303e-02 1.44267829e-02 
2.12089030e+00 1.45935925e-02 1.46082529e-02 1.46206706e-02 1.46324476e-02 1.46447390e-02 
2.12142063e+00 1.45451375e-02 1.45860867e-02 1.46316691e-02 1.46692266e-02 1.47055659e-02 
2.12195109e+00 1.44425343e-02 1.44600630e-02 1.44796305e-02 1.44991024e-02 1.45209222e-02 
2.12248168e+00 1.42792278e-02 1.43074457e-02 1.43355218e-02 1.43588092e-02 1.43829933e-02 
2.12301241e+00 1.44466729e-02 1.44742272e-02 1.45034571e-02 1.45298482e-02 1.45563461e-02 
2.12354327e+00 1.43621974e-02 1.44016779e-02 1.44399564e-02 1.44670112e-02 1.44939767e-02 
2.12407426e+00 1.42454015e-02 1.42682124e-02 1.42985302e-02 1.43270978e-02 1.43549188e-02 
2.12460539e+00 1.45710524e-02 1.45837449e-02 1.45952880e-02 1.46061973e-02 1.46180349e-02 
2.12513665e+00 1.42660433e-02 1.42970789e-02 1.43284238e-02 1.43546537e-02 1.43818911e-02 
2.12566804e+00 1.44157508e-02 1.44282189e-02 1.44401932e-02 1.44514760e-02 1.44632895e-02 
2.12619956e+00 1.43312306e-02 1.43539812e-02 1.43939230e-02 1.44438564e-02 1.44923841e-02 
2.12673122e+00 1.44208662e-02 1.44522718e-02 1.44884906e-02 1.45196288e-02 1.45513227e-02 
2.12726301e+00 1.45479598e-02 1.45826054e-02 1.46171217e-02 1.46455471e-02 1.46739598e-02 
2.12779493e+00 1.43824105e-02 1.44218595e-02 1.44657804e-02 1.45018894e-02 1.45352896e-02 
2.12832699e+00 1.42853045e-02 1.43124069e-02 1.43396492e-02 1.43621831e-02 1.43857579e-02 
2.12885918e+00 1.42317492e-02 1.42634133e-02 1.43004705e-02 1.43291858e-02 1.43586129e-02 
2.12939150e+00 1.41774013e-02 1.42170900e-02 1.42564496e-02 1.42931096e-02 1.43298810e-02 
2.12992395e+00 1.42505443e-02 1.42777698e-02 1.43102321e-02 1.43375717e-02 1.43643819e-02 
2.13045654e+00 1.46998226e-02 1.47136505e-02 1.47288698e-02 1.47445541e-02 1.47599018e-02 
2.13098926e+00 1.42735610e-02 1.42972377e-02 1.43261551e-02 1.43504402e-02 1.43753773e-02 
2.13152212e+00 1.44992662e-02 1.45214047e-02 1.45434101e-02 1.45631192e-02 1.45805665e-02 
2.13205510e+00 1.43287977e-02 1.43625753e-02 1.43976701e-02 1.44265797e-02 1.44554127e-02 
2.13258822e+00 1.42332111e-02 1.42675538e-02 1.43052239e-02 1.43333665e-02 1.43626172e-02 
2.13312148e+00 1.42700037e-02 1.43043782e-02 1.43357109e-02 1.43616472e-02 1.43886491e-02 
2.13365487e+00 1.44232566e-02 1.44574605e-02 1.44891236e-02 1.45088319e-02 1.45265535e-02 
2.13418839e+00 1.43786217e-02 1.44010324e-02 1.44335660e-02 1.44678652e-02 1.44990006e-02 
2.13472204e+00 1.44459837e-02 1.44848255e-02 1.45269958e-02 1.45617215e-02 1.45942082e-02 
2.13525583e+00 1.43776627e-02 1.43952945e-02 1.44134153e-02 1.44292521e-02 1.44452617e-02 
2.13578975e+00 1.42747118e-02 1.42945821e-02 1.43210707e-02 1.43461385e-02 1.43717504e-02 
2.13632380e+00 1.44138572e-02 1.44445651e-02 1.44732244e-02 1.44938580e-02 1.45142942e-02 
2.13685799e+00 1.42452856e-02 1.42695406e-02 1.42975379e-02 1.43263934e-02 1.43564181e-02 
2.13739231e+00 1.44154729e-02 1.44452469e-02 1.44767419e-02 1.45018345e-02 1.45261414e-02 
2.13792677e+00 1.42711982e-02 1.43013200e-02 1.43337279e-02 1.43606356e-02 1.43892228e-02 
2.13846136e+00 1.42757573e-02 1.43007026e-02 1.43304040e-02 1.43548995e-02 1.43808358e-02 
2.13899608e+00 1.45459380e-02 1.45654714e-02 1.45823517e-02 1.45987915e-02 1.46135713e-02 
2.13953094e+00 1.42684260e-02 1.43071393e-02 1.43403491e-02 1.43642087e-02 1.43891774e-02 
2.14006593e+00 1.45116008e-02 1.45396199e-02 1.45737823e-02 1.46077452e-02 1.46424438e-02 
2.14060105e+00 1.42262990e-02 1.42544404e-02 1.42872499e-02 1.43184234e-02 1.43503401e-02 
2.14113631e+00 1.42396012e-02 1.42713594e-02 1.43067324e-02 1.43352703e-02 1.43633987e-02 
2.14167170e+00 1.45401930e-02 1.45632644e-02 1.45851839e-02 1.46069150e-02 1.46266421e-02 
2.14220723e+00 1.43129822e-02 1.43488864e-02 1.43808618e-02 1.44057325e-02 1.44289912e-02 
2.14274289e+00 1.43192856e-02 1.43491494e-02 1.43757049e-02 1.43984749e-02 1.44202413e-02 
2.14327868e+00 1.46795505e-02 1.46946155e-02 1.47107866e-02 1.47238567e-02 1.47378880e-02 
2.14381461e+00 1.41911056e-02 1.42281583e-02 1.42668647e-02 1.43027472e-02 1.43372290e-02 
2.14435067e+00 1.45192270e-02 1.45588784e-02 1.45985870e-02 1.46318053e-02 1.46631401e-02 
2.14488686e+00 1.42746622e-02 1.42995819e-02 1.43294184e-02 1.43544923e-02 1.43805153e-02 
2.14542319e+00 1.44135246e-02 1.44290504e-02 1.44458532e-02 1.44598899e-02 1.44746984e-02 
2.14595966e+00 1.42370594e-02 1.42639820e-02 1.42955891e-02 1.43249807e-02 1.43550940e-02 
2.14649626e+00 1.43176311e-02 1.43443139e-02 1.43694807e-02 1.43899528e-02 1.44113677e-02 
2.14703299e+00 1.42501073e-02 1.42756367e-02 1.43067606e-02 1.43349909e-02 1.43620302e-02 
2.14756985e+00 1.42517340e-02 1.42854454e-02 1.43175505e-02 1.43439217e-02 1.43698079e-02 
2.14810685e+00 1.44431620e-02 1.44785100e-02 1.45158565e-02 1.45459267e-02 1.45760071e-02 
2.14864399e+00 1.45863851e-02 1.45974461e-02 1.46079451e-02 1.46184781e-02 1.46296733e-02 
2.14918126e+00 1.42883039e-02 1.43250041e-02 1.43584535e-02 1.43885202e-02 1.44182096e-02 
2.14971866e+00 1.43774565e-02 1.44127921e-02 1.44510755e-02 1.44823873e-02 1.45123052e-02 
2.15025620e+00 1.43352494e-02 1.43586337e-02 1.43817709e-02 1.44011720e-02 1.44207226e-02 
2.15079387e+00 1.42451055e-02 1.42753393e-02 1.43115116e-02 1.43390421e-02 1.43678554e-02 
2.15133168e+00 1.43063360e-02 1.43226390e-02 1.43438673e-02 1.43655118e-02 1.43880049e-02 
2.15186962e+00 1.42948149e-02 1.43201560e-02 1.43474672e-02 1.43700173e-02 1.43938512e-02 
2.15240769e+00 1.45712001e-02 1.46099754e-02 1.46373894e-02 1.46550645e-02 1.46706423e-02 
2.15294590e+00 1.42458691e-02 1.42761589e-02 1.43128227e-02 1.43410522e-02 1.43701704e-02 
2.15348425e+00 1.45547998e-02 1.46085123e-02 1.46523853e-02 1.46730842e-02 1.46898841e-02 
2.15402273e+00 1.42758850e-02 1.42952377e-02 1.43196341e-02 1.43450380e-02 1.43715628e-02 
2.15456134e+00 1.45111552e-02 1.45433609e-02 1.45729480e-02 1.45963171e-02 1.46194775e-02 
2.15510009e+00 1.42553230e-02 1.42872701e-02 1.43227720e-02 1.43500295e-02 1.43792434e-02 
2.15563897e+00 1.44460661e-02 1.44755007e-02 1.45047863e-02 1.45272071e-02 1.45493624e-02 
2.15617799e+00 1.45238454e-02 1.45342559e-02 1.45461142e-02 1.45578853e-02 1.45746289e-02 
2.15671714e+00 1.43063466e-02 1.43299278e-02 1.43551217e-02 1.43766618e-02 1.43985397e-02 
2.15725643e+00 1.43033019e-02 1.43308864e-02 1.43576442e-02 1.43795138e-02 1.44029969e-02 
2.15779585e+00 1.42644121e-02 1.42989026e-02 1.43318451e-02 1.43567946e-02 1.43830633e-02 
2.15833541e+00 1.43244494e-02 1.43552449e-02 1.43833307e-02 1.44079398e-02 1.44301131e-02 
2.15887510e+00 1.42643231e-02 1.42888310e-02 1.43192479e-02 1.43461397e-02 1.43721634e-02 
2.15941493e+00 1.42715462e-02 1.43009413e-02 1.43343158e-02 1.43607865e-02 1.43888376e-02 
2.15995489e+00 1.43079224e-02 1.43372675e-02 1.43620790e-02 1.43813547e-02 1.44004295e-02 
2.16049499e+00 1.43744749e-02 1.44043824e-02 1.44273907e-02 1.44431105e-02 1.44592517e-02 
2.16103522e+00 1.42187350e-02 1.42504925e-02 1.42871377e-02 1.43195127e-02 1.43509854e-02 
2.16157559e+00 1.42057924e-02 1.42403507e-02 1.42774754e-02 1.43123662e-02 1.43454887e-02 
2.16211609e+00 1.43529744e-02 1.43843540e-02 1.44153429e-02 1.44391653e-02 1.44629613e-02 
2.16265673e+00 1.42630767e-02 1.42889131e-02 1.43190058e-02 1.43458094e-02 1.43717863e-02 
2.16319750e+00 1.43612900e-02 1.43892016e-02 1.44168765e-02 1.44382562e-02 1.44595680e-02 
2.16373841e+00 1.42689713e-02 1.42944982e-02 1.43234599e-02 1.43495441e-02 1.43748447e-02 
2.16427946e+00 1.41825758e-02 1.42218702e-02 1.42633390e-02 1.42999335e-02 1.43365000e-02 
2.16482063e+00 1.45066082e-02 1.45645667e-02 1.46101772e-02 1.46326929e-02 1.46527771e-02 
2.16536195e+00 1.42081477e-02 1.42411055e-02 1.42775575e-02 1.43115655e-02 1.43460957e-02 
2.16590340e+00 1.43973599e-02 1.44137118e-02 1.44312475e-02 1.44467262e-02 1.44629765e-02 
2.16644498e+00 1.42256909e-02 1.42554934e-02 1.42912118e-02 1.43229329e-02 1.43534542e-02 
2.16698670e+00 1.42765732e-02 1.42978632e-02 1.43249716e-02 1.43506482e-02 1.43766392e-02 
2.16752856e+00 1.44086811e-02 1.44200907e-02 1.44311464e-02 1.44430423e-02 1.44548539e-02 
2.16807055e+00 1.43178426e-02 1.43399643e-02 1.43654099e-02 1.43985401e-02 1.44409255e-02 
2.16861268e+00 1.41988565e-02 1.42355810e-02 1.42743212e-02 1.43098955e-02 1.43437992e-02 
2.16915494e+00 1.42636725e-02 1.42876748e-02 1.43176324e-02 1.43448420e-02 1.43705356e-02 
2.16969733e+00 1.43256159e-02 1.43405325e-02 1.43581562e-02 1.43767691e-02 1.43978952e-02 
2.17023987e+00 1.44481727e-02 1.44702976e-02 1.44920389e-02 1.45102029e-02 1.45273155e-02 
2.17078254e+00 1.42761274e-02 1.42958971e-02 1.43225353e-02 1.43484854e-02 1.43746135e-02 
2.17132534e+00 1.42987851e-02 1.43215100e-02 1.43456597e-02 1.43685746e-02 1.43906831e-02 
2.17186828e+00 1.42760688e-02 1.42963903e-02 1.43237081e-02 1.43498235e-02 1.43763772e-02 
2.17241136e+00 1.43069225e-02 1.43297977e-02 1.43563860e-02 1.43782358e-02 1.44013652e-02 
2.17295457e+00 1.43959231e-02 1.44115528e-02 1.44280050e-02 1.44478107e-02 1.44675848e-02 
2.17349792e+00 1.43460021e-02 1.43591634e-02 1.43741955e-02 1.43917095e-02 1.44118074e-02 
2.17404140e+00 1.41869572e-02 1.42267301e-02 1.42675713e-02 1.43041612e-02 1.43394636e-02 
2.17458502e+00 1.45307915e-02 1.45473343e-02 1.45626519e-02 1.45767963e-02 1.45902222e-02 
2.17512878e+00 1.42270935e-02 1.42576612e-02 1.42936714e-02 1.43254670e-02 1.43562327e-02 
2.17567267e+00 1.44232283e-02 1.44619931e-02 1.45047736e-02 1.45386906e-02 1.45711442e-02 
2.17621670e+00 1.43072015e-02 1.43485282e-02 1.43821147e-02 1.44055607e-02 1.44272691e-02 
2.17676086e+00 1.43639269e-02 1.43916258e-02 1.44191194e-02 1.44406838e-02 1.44624641e-02 
2.17730516e+00 1.42043550e-02 1.42403593e-02 1.42798390e-02 1.43143031e-02 1.43478866e-02 
2.17784959e+00 1.42271046e-02 1.42572045e-02 1.42926708e-02 1.43249133e-02 1.43552754e-02 
2.17839417e+00 1.44209967e-02 1.44449431e-02 1.44622031e-02 1.44753029e-02 1.44899767e-02 
2.17893887e+00 1.45388536e-02 1.45504437e-02 1.45619121e-02 1.45713865e-02 1.45825243e-02 
2.17948372e+00 1.43995587e-02 1.44385021e-02 1.44806111e-02 1.45153065e-02 1.45478796e-02 
2.18002870e+00 1.42097122e-02 1.42448010e-02 1.42816936e-02 1.43162676e-02 1.43494978e-02 
2.18057382e+00 1.42098671e-02 1.42443522e-02 1.42808773e-02 1.43155088e-02 1.43494596e-02 
2.18111907e+00 1.42730874e-02 1.43075162e-02 1.43424126e-02 1.43713991e-02 1.44007181e-02 
2.18166446e+00 1.42310321e-02 1.42602494e-02 1.42948025e-02 1.43265839e-02 1.43570515e-02 
2.18220998e+00 1.43333881e-02 1.43485627e-02 1.43643081e-02 1.43831610e-02 1.44036293e-02 
2.18275565e+00 1.42977526e-02 1.43305411e-02 1.43603415e-02 1.43850572e-02 1.44100349e-02 
2.18330144e+00 1.43729999e-02 1.43999093e-02 1.44269479e-02 1.44480701e-02 1.44699200e-02 
2.18384738e+00 1.42372541e-02 1.42661072e-02 1.43007784e-02 1.43311485e-02 1.43603977e-02 
2.18439345e+00 1.44129268e-02 1.44344041e-02 1.44519187e-02 1.44645106e-02 1.44775129e-02 
2.18493966e+00 1.46037440e-02 1.46180800e-02 1.46334327e-02 1.46550419e-02 1.46817365e-02 
2.18548600e+00 1.45642096e-02 1.45802893e-02 1.45962306e-02 1.46119252e-02 1.46271913e-02 
2.18603249e+00 1.43365611e-02 1.43583846e-02 1.43813658e-02 1.44014308e-02 1.44213652e-02 
2.18657910e+00 1.42978626e-02 1.43209233e-02 1.43473472e-02 1.43707565e-02 1.43935034e-02 
2.18712586e+00 1.42197859e-02 1.42528833e-02 1.42884481e-02 1.43223154e-02 1.43549206e-02 
2.18767275e+00 1.42903308e-02 1.43135515e-02 1.43406270e-02 1.43647901e-02 1.43882661e-02 
2.18821978e+00 1.42193845e-02 1.42515695e-02 1.42895484e-02 1.43227159e-02 1.43546079e-02 
2.18876694e+00 1.42197477e-02 1.42520473e-02 1.42900815e-02 1.43232510e-02 1.43552542e-02 
2.18931424e+00 1.42511621e-02 1.42787638e-02 1.43091388e-02 1.43382598e-02 1.43683456e-02 
2.18986168e+00 1.43117507e-02 1.43290473e-02 1.43493891e-02 1.43713546e-02 1.43944491e-02 
2.19040926e+00 1.45713294e-02 1.45924343e-02 1.46214465e-02 1.46580335e-02 1.46915902e-02 
2.19095697e+00 1.43031806e-02 1.43212906e-02 1.43432422e-02 1.43661590e-02 1.43898509e-02 
2.19150482e+00 1.42939146e-02 1.43129158e-02 1.43338557e-02 1.43563158e-02 1.43815193e-02 
2.19205281e+00 1.42603912e-02 1.42843540e-02 1.43150669e-02 1.43435545e-02 1.43711534e-02 
2.19260093e+00 1.42481954e-02 1.42728006e-02 1.43038314e-02 1.43341434e-02 1.43651830e-02 
2.19314919e+00 1.43969087e-02 1.44210806e-02 1.44450454e-02 1.44623920e-02 1.44800945e-02 
2.19369759e+00 1.43775942e-02 1.44095565e-02 1.44395220e-02 1.44613171e-02 1.44830199e-02 
2.19424612e+00 1.44289096e-02 1.44821009e-02 1.45649255e-02 1.46289566e-02 1.46494591e-02 
2.19479479e+00 1.42220260e-02 1.42546002e-02 1.42903492e-02 1.43238202e-02 1.43562290e-02 
2.19534360e+00 1.42870406e-02 1.43068431e-02 1.43300351e-02 1.43553712e-02 1.43823002e-02 
2.19589255e+00 1.43725443e-02 1.43988378e-02 1.44240306e-02 1.44427908e-02 1.44623300e-02 
2.19644163e+00 1.42644491e-02 1.42913477e-02 1.43226624e-02 1.43503587e-02 1.43766976e-02 
2.19699085e+00 1.43858276e-02 1.43998512e-02 1.44366252e-02 1.45148453e-02 1.46021153e-02 
2.19754021e+00 1.43516550e-02 1.43771012e-02 1.44010809e-02 1.44215016e-02 1.44415606e-02 
2.19808971e+00 1.44860528e-02 1.44979640e-02 1.45094479e-02 1.45197497e-02 1.45304851e-02 
2.19863934e+00 1.41908329e-02 1.42297089e-02 1.42712977e-02 1.43080142e-02 1.43447060e-02 
2.19918911e+00 1.42627302e-02 1.42856175e-02 1.43158092e-02 1.43442940e-02 1.43730416e-02 
2.19973902e+00 1.42274641e-02 1.42586899e-02 1.42956991e-02 1.43281091e-02 1.43589757e-02 
2.20028906e+00 1.42316924e-02 1.42643535e-02 1.43016867e-02 1.43340775e-02 1.43636054e-02 
2.20083925e+00 1.44119771e-02 1.44324098e-02 1.44536305e-02 1.44694553e-02 1.44857872e-02 
2.20138957e+00 1.42513262e-02 1.42779366e-02 1.43098845e-02 1.43392140e-02 1.43684170e-02 
2.20194002e+00 1.41980981e-02 1.42343646e-02 1.42751779e-02 1.43111969e-02 1.43474354e-02 
2.20249062e+00 1.41868110e-02 1.42265874e-02 1.42686772e-02 1.43062335e-02 1.43439834e-02 
2.20304135e+00 1.42861736e-02 1.43095518e-02 1.43367085e-02 1.43621112e-02 1.43864093e-02 
2.20359222e+00 1.42888049e-02 1.43127568e-02 1.43402653e-02 1.43656291e-02 1.43895693e-02 
2.20414323e+00 1.45712273e-02 1.45928769e-02 1.46204042e-02 1.46470521e-02 1.46650260e-02 
2.20469438e+00 1.42905595e-02 1.43278855e-02 1.43599757e-02 1.43833673e-02 1.44082755e-02 
2.20524566e+00 1.45066140e-02 1.45172199e-02 1.45262951e-02 1.45359551e-02 1.45472247e-02 
2.20579709e+00 1.42757337e-02 1.43193140e-02 1.43516369e-02 1.43745926e-02 1.43985248e-02 
2.20634865e+00 1.41949075e-02 1.42329252e-02 1.42737956e-02 1.43104780e-02 1.43472049e-02 
2.20690034e+00 1.46859170e-02 1.47082829e-02 1.47275450e-02 1.47468026e-02 1.47635881e-02 
2.20745218e+00 1.43886968e-02 1.44103532e-02 1.44335277e-02 1.44522404e-02 1.44721606e-02 
2.20800415e+00 1.45651755e-02 1.45831340e-02 1.45983436e-02 1.46124594e-02 1.46272504e-02 
2.20855627e+00 1.47116201e-02 1.47262056e-02 1.47392647e-02 1.47521729e-02 1.47647561e-02 
2.20910852e+00 1.42322393e-02 1.42636611e-02 1.43004151e-02 1.43325249e-02 1.43631953e-02 
2.20966090e+00 1.42602639e-02 1.42855483e-02 1.43160811e-02 1.43447763e-02 1.43727864e-02 
2.21021343e+00 1.44317701e-02 1.44403470e-02 1.44500821e-02 1.44607624e-02 1.44711547e-02 
2.21076610e+00 1.44019482e-02 1.44183983e-02 1.44337246e-02 1.44508358e-02 1.44686253e-02 
2.21131890e+00 1.48847949e-02 1.49050113e-02 1.49229206e-02 1.49412701e-02 1.49581746e-02 
2.21187184e+00 1.42641184e-02 1.42869366e-02 1.43177970e-02 1.43464227e-02 1.43752311e-02 
2.21242492e+00 1.42872745e-02 1.43074325e-02 1.43337685e-02 1.43594279e-02 1.43850781e-02 
2.21297814e+00 1.44703101e-02 1.44818669e-02 1.44923165e-02 1.45022478e-02 1.45121756e-02 
2.21353149e+00 1.44036618e-02 1.44208553e-02 1.44379829e-02 1.44514429e-02 1.44666593e-02 
2.21408498e+00 1.42969420e-02 1.43165642e-02 1.43390372e-02 1.43625548e-02 1.43883985e-02 
2.21463862e+00 1.43030126e-02 1.43324315e-02 1.43615867e-02 1.43857792e-02 1.44101055e-02 
2.21519239e+00 1.42802603e-02 1.43011918e-02 1.43295092e-02 1.43561913e-02 1.43832263e-02 
2.21574630e+00 1.42418997e-02 1.42715008e-02 1.43052356e-02 1.43365554e-02 1.43667323e-02 
2.21630035e+00 1.43073087e-02 1.43297056e-02 1.43544832e-02 1.43770326e-02 1.43995690e-02 
2.21685453e+00 1.44878040e-02 1.44992203e-02 1.45099721e-02 1.45239341e-02 1.45397666e-02 
2.21740886e+00 1.43813461e-02 1.44064432e-02 1.44219890e-02 1.44361728e-02 1.44502385e-02 
2.21796332e+00 1.41866063e-02 1.42279732e-02 1.42702104e-02 1.43081308e-02 1.43463043e-02 
2.21851792e+00 1.42485479e-02 1.42766653e-02 1.43089984e-02 1.43392089e-02 1.43697264e-02 
2.21907266e+00 1.45211646e-02 1.45454901e-02 1.45707184e-02 1.45924020e-02 1.46137109e-02 
2.21962754e+00 1.45298672e-02 1.45501766e-02 1.45680616e-02 1.45831959e-02 1.45968699e-02 
2.22018256e+00 1.43052163e-02 1.43279131e-02 1.43496388e-02 1.43721577e-02 1.43964513e-02 
2.22073772e+00 1.42555423e-02 1.42831238e-02 1.43135461e-02 1.43433459e-02 1.43735924e-02 
2.22129302e+00 1.44476579e-02 1.44632128e-02 1.44786516e-02 1.44915758e-02 1.45038174e-02 
2.22184845e+00 1.42511666e-02 1.42791256e-02 1.43103556e-02 1.43408634e-02 1.43714815e-02 
2.22240402e+00 1.42135763e-02 1.42487224e-02 1.42867599e-02 1.43220194e-02 1.43563992e-02 
2.22295974e+00 1.42374706e-02 1.42689950e-02 1.43049954e-02 1.43369167e-02 1.43671104e-02 
2.22351559e+00 1.42770788e-02 1.43004093e-02 1.43297774e-02 1.43569389e-02 1.43834422e-02 
2.22407158e+00 1.41890219e-02 1.42304659e-02 1.42721667e-02 1.43099845e-02 1.43480106e-02 
2.22462771e+00 1.42076014e-02 1.42434567e-02 1.42834455e-02 1.43192037e-02 1.43545029e-02 
2.22518398e+00 1.44274287e-02 1.44785383e-02 1.45083866e-02 1.45197744e-02 1.45304890e-02 
2.22574038e+00 1.42343249e-02 1.42649382e-02 1.43008386e-02 1.43338148e-02 1.43647604e-02 
2.22629693e+00 1.42774103e-02 1.42995795e-02 1.43277495e-02 1.43550679e-02 1.43822368e-02 
2.22685362e+00 1.42952647e-02 1.43248690e-02 1.43491875e-02 1.43726518e-02 1.43949569e-02 
2.22741044e+00 1.42502620e-02 1.42789914e-02 1.43134226e-02 1.43436139e-02 1.43728396e-02 
2.22796741e+00 1.42698374e-02 1.42922805e-02 1.43205227e-02 1.43484240e-02 1.43791006e-02 
2.22852451e+00 1.42542677e-02 1.42807495e-02 1.43138356e-02 1.43435761e-02 1.43732510e-02 
2.22908175e+00 1.44689838e-02 1.44801752e-02 1.44896749e-02 1.44996269e-02 1.45096319e-02 
2.22963914e+00 1.42788846e-02 1.43008403e-02 1.43281462e-02 1.43557142e-02 1.43835523e-02 
2.23019666e+00 1.44423745e-02 1.44570698e-02 1.44684165e-02 1.44794269e-02 1.44897370e-02 
2.23075432e+00 1.42851893e-02 1.43070915e-02 1.43319614e-02 1.43582068e-02 1.43866154e-02 
2.23131212e+00 1.42913916e-02 1.43110515e-02 1.43348586e-02 1.43599383e-02 1.43885710e-02 
2.23187006e+00 1.48133875e-02 1.48252741e-02 1.48402781e-02 1.48560085e-02 1.48720633e-02 
2.23242814e+00 1.44255566e-02 1.44357231e-02 1.44458602e-02 1.44563240e-02 1.44682779e-02 
2.23298636e+00 1.43792542e-02 1.44054457e-02 1.44296572e-02 1.44491858e-02 1.44684517e-02 
2.23354472e+00 1.43563284e-02 1.43954803e-02 1.44437425e-02 1.44785914e-02 1.44933101e-02 
2.23410322e+00 1.42401481e-02 1.42728461e-02 1.43095282e-02 1.43412474e-02 1.43703909e-02 
2.23466186e+00 1.42966507e-02 1.43164892e-02 1.43411283e-02 1.43666002e-02 1.43928067e-02 
2.23522063e+00 1.43447769e-02 1.43644014e-02 1.43843819e-02 1.44033965e-02 1.44225015e-02 
2.23577955e+00 1.44829635e-02 1.44934023e-02 1.45032732e-02 1.45129287e-02 1.45226827e-02 
2.23633861e+00 1.42866297e-02 1.43094119e-02 1.43379734e-02 1.43640947e-02 1.43894920e-02 
2.23689780e+00 1.42104008e-02 1.42469920e-02 1.42858745e-02 1.43215964e-02 1.43572832e-02 
2.23745714e+00 1.42087930e-02 1.42465472e-02 1.42860162e-02 1.43223781e-02 1.43576195e-02 
2.23801662e+00 1.42014565e-02 1.42399690e-02 1.42815466e-02 1.43180722e-02 1.43540377e-02 
2.23857623e+00 1.42174617e-02 1.42532104e-02 1.42908705e-02 1.43259608e-02 1.43601498e-02 
2.23913599e+00 1.42700780e-02 1.42950126e-02 1.43261259e-02 1.43546062e-02 1.43821089e-02 
2.23969589e+00 1.42026335e-02 1.42407085e-02 1.42813302e-02 1.43180615e-02 1.43548564e-02 
2.24025592e+00 1.45412430e-02 1.45516467e-02 1.45615445e-02 1.45717106e-02 1.45829585e-02 
2.24081610e+00 1.42625433e-02 1.42907743e-02 1.43214548e-02 1.43505122e-02 1.43789327e-02 
2.24137642e+00 1.45258981e-02 1.45395471e-02 1.45522552e-02 1.45628346e-02 1.45738565e-02 
2.24193687e+00 1.42407285e-02 1.42707770e-02 1.43049514e-02 1.43374535e-02 1.43706331e-02 
2.24249747e+00 1.42288445e-02 1.42620137e-02 1.42986871e-02 1.43330305e-02 1.43656345e-02 
2.24305821e+00 1.43508693e-02 1.43681149e-02 1.43866057e-02 1.44053876e-02 1.44253116e-02 
2.24361909e+00 1.43486309e-02 1.43651585e-02 1.43855507e-02 1.44052088e-02 1.44257335e-02 
2.24418010e+00 1.43668497e-02 1.44078599e-02 1.44355159e-02 1.44565195e-02 1.44749433e-02 
2.24474126e+00 1.46202426e-02 1.46401466e-02 1.46573546e-02 1.46731511e-02 1.46878009e-02 
2.24530256e+00 1.42469772e-02 1.42756537e-02 1.43087932e-02 1.43403970e-02 1.43724223e-02 
2.24586400e+00 1.42294244e-02 1.42624068e-02 1.42984683e-02 1.43322424e-02 1.43658959e-02 
2.24642558e+00 1.44367463e-02 1.44615096e-02 1.44869521e-02 1.45059723e-02 1.45244072e-02 
2.24698730e+00 1.42815979e-02 1.43075860e-02 1.43386064e-02 1.43653786e-02 1.43919195e-02 
2.24754915e+00 1.42468221e-02 1.42759239e-02 1.43073276e-02 1.43391846e-02 1.43709766e-02 
2.24811116e+00 1.42596771e-02 1.42914080e-02 1.43231154e-02 1.43524468e-02 1.43790586e-02 
2.24867330e+00 1.43070153e-02 1.43265569e-02 1.43491116e-02 1.43731808e-02 1.43991592e-02 
2.24923558e+00 1.43831872e-02 1.43974594e-02 1.44105053e-02 1.44259149e-02 1.44414512e-02 
2.24979800e+00 1.42643790e-02 1.42905187e-02 1.43231281e-02 1.43525589e-02 1.43810715e-02 
2.25036056e+00 1.41930154e-02 1.42353003e-02 1.42774968e-02 1.43152148e-02 1.43536678e-02 
2.25092326e+00 1.43558443e-02 1.43699036e-02 1.43841554e-02 1.44019887e-02 1.44211203e-02 
2.25148611e+00 1.42169302e-02 1.42517438e-02 1.42908223e-02 1.43261883e-02 1.43612941e-02 
2.25204909e+00 1.43412432e-02 1.43691719e-02 1.43953169e-02 1.44173839e-02 1.44389514e-02 
2.25261222e+00 1.42115759e-02 1.42476963e-02 1.42880558e-02 1.43240943e-02 1.43594379e-02 
2.25317549e+00 1.42080196e-02 1.42462243e-02 1.42860752e-02 1.43227426e-02 1.43584029e-02 
2.25373889e+00 1.48565212e-02 1.48733036e-02 1.48872791e-02 1.49015453e-02 1.49149767e-02 
2.25430244e+00 1.42300561e-02 1.42623133e-02 1.42988507e-02 1.43330191e-02 1.43669062e-02 
2.25486613e+00 1.45156461e-02 1.45285301e-02 1.45427206e-02 1.45587845e-02 1.45753447e-02 
2.25542996e+00 1.42158249e-02 1.42520456e-02 1.42908025e-02 1.43261417e-02 1.43616677e-02 
2.25599393e+00 1.44481963e-02 1.44715302e-02 1.44954233e-02 1.45128607e-02 1.45305805e-02 
2.25655804e+00 1.42666910e-02 1.42919605e-02 1.43244147e-02 1.43532673e-02 1.43817340e-02 
2.25712229e+00 1.44379857e-02 1.44521989e-02 1.44668575e-02 1.44796861e-02 1.44931072e-02 
2.25768669e+00 1.42172069e-02 1.42535320e-02 1.42922492e-02 1.43281955e-02 1.43631241e-02 
2.25825122e+00 1.41976075e-02 1.42392051e-02 1.42807278e-02 1.43182584e-02 1.43560589e-02 
2.25881590e+00 1.42498833e-02 1.42782176e-02 1.43136511e-02 1.43449800e-02 1.43752257e-02 
2.25938072e+00 1.43431134e-02 1.43578515e-02 1.43744741e-02 1.43939554e-02 1.44159435e-02 
2.25994568e+00 1.43606197e-02 1.43755104e-02 1.43910056e-02 1.44088721e-02 1.44280679e-02 
2.26051078e+00 1.44283427e-02 1.44389259e-02 1.44491369e-02 1.44608233e-02 1.44726107e-02 
2.26107602e+00 1.43605022e-02 1.43750887e-02 1.43901369e-02 1.44080710e-02 1.44271789e-02 
2.26164140e+00 1.42207780e-02 1.42546384e-02 1.42910220e-02 1.43266602e-02 1.43622941e-02 
2.26220692e+00 1.42600493e-02 1.42865884e-02 1.43199931e-02 1.43500711e-02 1.43797161e-02 
2.26277259e+00 1.43818881e-02 1.43959714e-02 1.44098846e-02 1.44259752e-02 1.44415090e-02 
2.26333840e+00 1.42634926e-02 1.42921624e-02 1.43268467e-02 1.43565951e-02 1.43847202e-02 
2.26390434e+00 1.43664225e-02 1.43984724e-02 1.44251138e-02 1.44441618e-02 1.44624004e-02 
2.26447043e+00 1.48467955e-02 1.48900739e-02 1.49123810e-02 1.49307522e-02 1.49460343e-02 
2.26503667e+00 1.43490688e-02 1.43641892e-02 1.43811786e-02 1.44007126e-02 1.44212757e-02 
2.26560304e+00 1.42446850e-02 1.42745346e-02 1.43085960e-02 1.43413028e-02 1.43740348e-02 
2.26616955e+00 1.41951908e-02 1.42368470e-02 1.42788754e-02 1.43166542e-02 1.43554169e-02 
2.26673621e+00 1.43196599e-02 1.43545474e-02 1.43840993e-02 1.44055906e-02 1.44265137e-02 
2.26730301e+00 1.45089717e-02 1.45203195e-02 1.45308225e-02 1.45419400e-02 1.45533113e-02 
2.26786995e+00 1.41978614e-02 1.42391936e-02 1.42813637e-02 1.43190647e-02 1.43571650e-02 
2.26843703e+00 1.43146360e-02 1.43339099e-02 1.43572369e-02 1.43809981e-02 1.44043765e-02 
2.26900425e+00 1.42021859e-02 1.42433563e-02 1.42842305e-02 1.43215311e-02 1.43590423e-02 
2.26957162e+00 1.45261711e-02 1.45392386e-02 1.45536713e-02 1.45678055e-02 1.45805063e-02 
2.27013912e+00 1.41936156e-02 1.42356578e-02 1.42787127e-02 1.43167338e-02 1.43558395e-02 
2.27070677e+00 1.43292538e-02 1.43584900e-02 1.43858317e-02 1.44086666e-02 1.44317422e-02 
2.27127456e+00 1.42656915e-02 1.42921386e-02 1.43224197e-02 1.43525483e-02 1.43839556e-02 
2.27184250e+00 1.43530806e-02 1.43702595e-02 1.43888026e-02 1.44075438e-02 1.44277586e-02 
2.27241057e+00 1.42275517e-02 1.42624266e-02 1.43002051e-02 1.43347242e-02 1.43691031e-02 
2.27297879e+00 1.42391182e-02 1.42707602e-02 1.43060387e-02 1.43395411e-02 1.43726497e-02 
2.27354715e+00 1.43217939e-02 1.43502998e-02 1.43776971e-02 1.43999413e-02 1.44240063e-02 
2.27411565e+00 1.44819684e-02 1.44946108e-02 1.45064342e-02 1.45167964e-02 1.45276489e-02 
2.27468429e+00 1.42793257e-02 1.43043567e-02 1.43344778e-02 1.43638341e-02 1.43936397e-02 
2.27525308e+00 1.42775955e-02 1.43042355e-02 1.43357917e-02 1.43640829e-02 1.43903459e-02 
2.27582200e+00 1.44113741e-02 1.44354212e-02 1.44609901e-02 1.44854682e-02 1.45115789e-02 
2.27639107e+00 1.42676908e-02 1.42945207e-02 1.43247507e-02 1.43546390e-02 1.43853079e-02 
2.27696029e+00 1.42419279e-02 1.42736991e-02 1.43088069e-02 1.43425258e-02 1.43747190e-02 
2.27752964e+00 1.42517409e-02 1.42817087e-02 1.43148574e-02 1.43468437e-02 1.43785822e-02 
2.27809914e+00 1.42019418e-02 1.42434011e-02 1.42850406e-02 1.43224437e-02 1.43602158e-02 
2.27866878e+00 1.42522227e-02 1.42816727e-02 1.43155880e-02 1.43479161e-02 1.43790571e-02 
2.27923856e+00 1.42480548e-02 1.42773377e-02 1.43111808e-02 1.43439937e-02 1.43767629e-02 
2.27980848e+00 1.42340934e-02 1.42653532e-02 1.43023261e-02 1.43370525e-02 1.43709443e-02 
2.28037855e+00 1.43206865e-02 1.43427036e-02 1.43653088e-02 1.43878417e-02 1.44104880e-02 
2.28094876e+00 1.42615079e-02 1.42899991e-02 1.43213607e-02 1.43520304e-02 1.43830303e-02 
2.28151911e+00 1.43334958e-02 1.43556843e-02 1.43815305e-02 1.44032267e-02 1.44265727e-02 
2.28208960e+00 1.42221651e-02 1.42581925e-02 1.42967309e-02 1.43325950e-02 1.43676355e-02 
2.28266024e+00 1.42796356e-02 1.43047799e-02 1.43314117e-02 1.43574319e-02 1.43860405e-02 
2.28323102e+00 1.42392715e-02 1.42737290e-02 1.43096043e-02 1.43436269e-02 1.43759761e-02 
2.28380194e+00 1.42607503e-02 1.42892983e-02 1.43217715e-02 1.43527628e-02 1.43828620e-02 
2.28437301e+00 1.44751476e-02 1.44922626e-02 1.45080995e-02 1.45280852e-02 1.45484066e-02 
2.28494422e+00 1.42176101e-02 1.42548855e-02 1.42936251e-02 1.43297736e-02 1.43663230e-02 
2.28551557e+00 1.42572559e-02 1.42856376e-02 1.43198106e-02 1.43511119e-02 1.43810528e-02 
2.28608706e+00 1.43076746e-02 1.43279155e-02 1.43496551e-02 1.43741602e-02 1.44014471e-02 
2.28665870e+00 1.42000903e-02 1.42425503e-02 1.42846936e-02 1.43224831e-02 1.43605708e-02 
2.28723048e+00 1.42316618e-02 1.42660897e-02 1.43028686e-02 1.43374549e-02 1.43715402e-02 
2.28780240e+00 1.42717578e-02 1.43113610e-02 1.43472987e-02 1.43742315e-02 1.44022074e-02 
2.28837447e+00 1.42755275e-02 1.42990024e-02 1.43285951e-02 1.43575232e-02 1.43884462e-02 
2.28894667e+00 1.42372864e-02 1.42701839e-02 1.43054003e-02 1.43394285e-02 1.43734235e-02 
2.28951903e+00 1.45528353e-02 1.45685626e-02 1.45829549e-02 1.45958569e-02 1.46082359e-02 
2.29009152e+00 1.41926622e-02 1.42362373e-02 1.42799365e-02 1.43184077e-02 1.43578583e-02 
2.29066416e+00 1.42147013e-02 1.42529607e-02 1.42927210e-02 1.43294494e-02 1.43656673e-02 
2.29123694e+00 1.43336679e-02 1.43508546e-02 1.43697526e-02 1.43906771e-02 1.44155365e-02 
2.29180986e+00 1.52122131e-02 1.52336880e-02 1.52485877e-02 1.52609692e-02 1.52773548e-02 
2.29238293e+00 1.43130486e-02 1.43320139e-02 1.43553866e-02 1.43795463e-02 1.44063002e-02 
2.29295614e+00 1.46136661e-02 1.46275848e-02 1.46394249e-02 1.46502946e-02 1.46637128e-02 
2.29352950e+00 1.43033752e-02 1.43237468e-02 1.43502743e-02 1.43761590e-02 1.44015149e-02 
2.29410299e+00 1.42763127e-02 1.43011357e-02 1.43357727e-02 1.43652104e-02 1.43955599e-02 
2.29467664e+00 1.42532994e-02 1.42839871e-02 1.43179024e-02 1.43505276e-02 1.43820868e-02 
2.29525042e+00 1.42223117e-02 1.42591229e-02 1.42971412e-02 1.43333571e-02 1.43689213e-02 
2.29582435e+00 1.43646735e-02 1.43825087e-02 1.43997253e-02 1.44178744e-02 1.44365393e-02 
2.29639842e+00 1.42636685e-02 1.42918716e-02 1.43236947e-02 1.43545327e-02 1.43852881e-02 
2.29697263e+00 1.42157681e-02 1.42540023e-02 1.42937430e-02 1.43303683e-02 1.43668095e-02 
2.29754699e+00 1.42346278e-02 1.42683385e-02 1.43067480e-02 1.43414088e-02 1.43733562e-02 
2.29812150e+00 1.42912949e-02 1.43166198e-02 1.43448187e-02 1.43727535e-02 1.44025346e-02 
2.29869614e+00 1.42107211e-02 1.42507396e-02 1.42911799e-02 1.43284307e-02 1.43653884e-02 
2.29927093e+00 1.43288383e-02 1.43515619e-02 1.43784167e-02 1.44012411e-02 1.44235926e-02 
2.29984586e+00 1.42278269e-02 1.42633712e-02 1.43017388e-02 1.43374396e-02 1.43718271e-02 
2.30042094e+00 1.43289948e-02 1.43461999e-02 1.43672241e-02 1.43894582e-02 1.44139561e-02 
2.30099616e+00 1.46552464e-02 1.46744167e-02 1.46972077e-02 1.47160323e-02 1.47310902e-02 
2.30157153e+00 1.42548058e-02 1.42831976e-02 1.43172691e-02 1.43496962e-02 1.43820321e-02 
2.30214703e+00 1.42070681e-02 1.42472696e-02 1.42881621e-02 1.43256966e-02 1.43639123e-02 
2.30272269e+00 1.42661761e-02 1.42934035e-02 1.43255897e-02 1.43562845e-02 1.43876669e-02 
2.30329848e+00 1.43226139e-02 1.43453776e-02 1.43700424e-02 1.43932901e-02 1.44161219e-02 
2.30387442e+00 1.42681194e-02 1.43049285e-02 1.43382833e-02 1.43669459e-02 1.43928547e-02 
2.30445051e+00 1.43537715e-02 1.43676755e-02 1.43837438e-02 1.44031761e-02 1.44250736e-02 
2.30502674e+00 1.43072711e-02 1.43267357e-02 1.43518456e-02 1.43766637e-02 1.44043827e-02 
2.30560311e+00 1.42516697e-02 1.42845878e-02 1.43180428e-02 1.43504905e-02 1.43837733e-02 
2.30617963e+00 1.42310064e-02 1.42658791e-02 1.43036259e-02 1.43386615e-02 1.43734832e-02 
2.30675629e+00 1.44267500e-02 1.44426951e-02 1.44581254e-02 1.44733148e-02 1.44877479e-02 
2.30733309e+00 1.42682015e-02 1.42955625e-02 1.43269817e-02 1.43572899e-02 1.43880451e-02 
2.30791004e+00 1.42360187e-02 1.42691709e-02 1.43059548e-02 1.43404131e-02 1.43752079e-02 
2.30848713e+00 1.44081809e-02 1.44262530e-02 1.44430834e-02 1.44563894e-02 1.44713102e-02 
2.30906437e+00 1.42975797e-02 1.43201320e-02 1.43462596e-02 1.43732342e-02 1.44009833e-02 
2.30964175e+00 1.43005944e-02 1.43262149e-02 1.43526635e-02 1.43798861e-02 1.44074770e-02 
2.31021928e+00 1.44425503e-02 1.44783376e-02 1.45114192e-02 1.45315796e-02 1.45474770e-02 
2.31079695e+00 1.42898532e-02 1.43182747e-02 1.43512327e-02 1.43782622e-02 1.44054013e-02 
2.31137477e+00 1.42719795e-02 1.42981047e-02 1.43305164e-02 1.43602236e-02 1.43895500e-02 
2.31195273e+00 1.44961637e-02 1.45158040e-02 1.45346105e-02 1.45509695e-02 1.45654615e-02 
2.31253083e+00 1.42220093e-02 1.42588671e-02 1.42987736e-02 1.43348542e-02 1.43697503e-02 
2.31310908e+00 1.44036578e-02 1.44238849e-02 1.44445198e-02 1.44626107e-02 1.44802587e-02 
2.31368747e+00 1.42098554e-02 1.42502749e-02 1.42914686e-02 1.43287393e-02 1.43663583e-02 
2.31426601e+00 1.42604322e-02 1.42886952e-02 1.43195913e-02 1.43510095e-02 1.43838908e-02 
2.31484469e+00 1.42900878e-02 1.43146258e-02 1.43425219e-02 1.43703344e-02 1.43988063e-02 
2.31542352e+00 1.43420430e-02 1.43657159e-02 1.43908738e-02 1.44121846e-02 1.44351020e-02 
2.31600249e+00 1.44040233e-02 1.44296848e-02 1.44551451e-02 1.44736491e-02 1.44937259e-02 
2.31658161e+00 1.46590302e-02 1.46774544e-02 1.46979953e-02 1.47416868e-02 1.48111641e-02 
2.31716087e+00 1.50752595e-02 1.50879146e-02 1.51015742e-02 1.51137180e-02 1.51277855e-02 
2.31774028e+00 1.46608275e-02 1.46808864e-02 1.46958830e-02 1.47086225e-02 1.47212682e-02 
2.31831983e+00 1.42090001e-02 1.42491497e-02 1.42906248e-02 1.43281610e-02 1.43661998e-02 
2.31889953e+00 1.42698205e-02 1.42982090e-02 1.43319346e-02 1.43621087e-02 1.43907720e-02 
2.31947937e+00 1.47267837e-02 1.47416874e-02 1.47542560e-02 1.47650541e-02 1.47771260e-02 
2.32005936e+00 1.42885376e-02 1.43104213e-02 1.43393690e-02 1.43674137e-02 1.43975053e-02 
2.32063949e+00 1.43860463e-02 1.44041183e-02 1.44242908e-02 1.44427988e-02 1.44613748e-02 
2.32121976e+00 1.44026315e-02 1.44211062e-02 1.44404608e-02 1.44581206e-02 1.44745160e-02 
2.32180018e+00 1.44739860e-02 1.44885510e-02 1.45019738e-02 1.45141010e-02 1.45251974e-02 
2.32238075e+00 1.48696597e-02 1.48916999e-02 1.49062025e-02 1.49194547e-02 1.49368231e-02 
2.32296146e+00 1.42516234e-02 1.42834179e-02 1.43180743e-02 1.43512581e-02 1.43833747e-02 
2.32354232e+00 1.46492760e-02 1.46651970e-02 1.46783340e-02 1.46908095e-02 1.47043128e-02 
2.32412332e+00 1.42553429e-02 1.42853288e-02 1.43193286e-02 1.43516188e-02 1.43842124e-02 
2.32470447e+00 1.42091766e-02 1.42500928e-02 1.42917320e-02 1.43292312e-02 1.43670425e-02 
2.32528576e+00 1.44067615e-02 1.44185343e-02 1.44299068e-02 1.44430061e-02 1.44577211e-02 
2.32586720e+00 1.46146576e-02 1.46265671e-02 1.46505405e-02 1.46787490e-02 1.47076874e-02 
2.32644879e+00 1.46352330e-02 1.46463756e-02 1.46584364e-02 1.46701177e-02 1.46830144e-02 
2.32703051e+00 1.42599670e-02 1.42918319e-02 1.43288085e-02 1.43606603e-02 1.43898075e-02 
2.32761239e+00 1.47121127e-02 1.47448289e-02 1.47754486e-02 1.48016367e-02 1.48267856e-02 
2.32819441e+00 1.44533909e-02 1.44644672e-02 1.44749543e-02 1.44859756e-02 1.44968539e-02 
2.32877657e+00 1.44077689e-02 1.44250287e-02 1.44377600e-02 1.44522050e-02 1.44660555e-02 
2.32935889e+00 1.43249446e-02 1.43527451e-02 1.43763738e-02 1.43985242e-02 1.44202921e-02 
2.32994134e+00 1.43133398e-02 1.43357681e-02 1.43610271e-02 1.43853010e-02 1.44093308e-02 
2.33052394e+00 1.52093838e-02 1.52292758e-02 1.52445426e-02 1.52603317e-02 1.52747412e-02 
2.33110669e+00 1.42619997e-02 1.42920404e-02 1.43256535e-02 1.43570028e-02 1.43877495e-02 
2.33168959e+00 1.42670814e-02 1.42956817e-02 1.43263707e-02 1.43570321e-02 1.43881714e-02 
2.33227263e+00 1.43160575e-02 1.43410118e-02 1.43692864e-02 1.43938065e-02 1.44176696e-02 
2.33285581e+00 1.42365390e-02 1.42709695e-02 1.43072360e-02 1.43423025e-02 1.43760867e-02 
2.33343914e+00 1.42698736e-02 1.42965489e-02 1.43261685e-02 1.43568326e-02 1.43881483e-02 
2.33402262e+00 1.42228836e-02 1.42594536e-02 1.43002810e-02 1.43365189e-02 1.43719306e-02 
2.33460624e+00 1.42485848e-02 1.42789833e-02 1.43126370e-02 1.43460305e-02 1.43803305e-02 
2.33519001e+00 1.44702307e-02 1.45063782e-02 1.45447619e-02 1.45756034e-02 1.46067599e-02 
2.33577393e+00 1.42225538e-02 1.42611149e-02 1.43000801e-02 1.43368536e-02 1.43727579e-02 
2.33635799e+00 1.49073293e-02 1.49346204e-02 1.49583766e-02 1.49818172e-02 1.50010418e-02 
2.33694219e+00 1.45723102e-02 1.45935529e-02 1.46118794e-02 1.46293254e-02 1.46450129e-02 
2.33752655e+00 1.42497655e-02 1.42810100e-02 1.43182439e-02 1.43511461e-02 1.43823092e-02 
2.33811105e+00 1.42333532e-02 1.42688056e-02 1.43073266e-02 1.43427764e-02 1.43770395e-02 
2.33869569e+00 1.46247842e-02 1.46375741e-02 1.46479972e-02 1.46586962e-02 1.46706045e-02 
2.33928048e+00 1.42574935e-02 1.42876715e-02 1.43229477e-02 1.43556992e-02 1.43861201e-02 
2.33986542e+00 1.47721411e-02 1.47920763e-02 1.48082745e-02 1.48249499e-02 1.48401582e-02 
2.34045050e+00 1.45496322e-02 1.45664867e-02 1.45832877e-02 1.45974809e-02 1.46101127e-02 
2.34103573e+00 1.43252607e-02 1.43463888e-02 1.43709293e-02 1.43954421e-02 1.44206441e-02 
2.34162111e+00 1.42894928e-02 1.43121457e-02 1.43400608e-02 1.43681108e-02 1.43986083e-02 
2.34220663e+00 1.42229039e-02 1.42606049e-02 1.42991760e-02 1.43360083e-02 1.43722924e-02 
2.34279230e+00 1.43916318e-02 1.44113970e-02 1.44316388e-02 1.44495614e-02 1.44671543e-02 
2.34337812e+00 1.43900601e-02 1.44081199e-02 1.44271626e-02 1.44441879e-02 1.44606870e-02 
2.34396408e+00 1.42123870e-02 1.42527401e-02 1.42941160e-02 1.43315217e-02 1.43693769e-02 
2.34455019e+00 1.44783530e-02 1.44928254e-02 1.45052031e-02 1.45159139e-02 1.45266753e-02 
2.34513645e+00 1.42532760e-02 1.42829897e-02 1.43169511e-02 1.43500304e-02 1.43835023e-02 
2.34572285e+00 1.42382354e-02 1.42725460e-02 1.43096125e-02 1.43441648e-02 1.43788318e-02 
2.34630940e+00 1.43826629e-02 1.44026749e-02 1.44230227e-02 1.44413357e-02 1.44590376e-02 
2.34689609e+00 1.48091872e-02 1.48467679e-02 1.48850931e-02 1.49172220e-02 1.49485334e-02 
2.34748293e+00 1.42799593e-02 1.43072096e-02 1.43373986e-02 1.43667322e-02 1.43973397e-02 
2.34806992e+00 1.42321347e-02 1.42687464e-02 1.43072178e-02 1.43426350e-02 1.43770029e-02 
2.34865706e+00 1.42909020e-02 1.43164107e-02 1.43447842e-02 1.43726401e-02 1.44014755e-02 
2.34924434e+00 1.43562606e-02 1.43864516e-02 1.44148588e-02 1.44395566e-02 1.44620421e-02 
2.34983177e+00 1.48921508e-02 1.49571676e-02 1.49922679e-02 1.50184738e-02 1.50420124e-02 
2.35041934e+00 1.48660301e-02 1.48986524e-02 1.49279139e-02 1.49508831e-02 1.49693935e-02 
2.35100707e+00 1.42266888e-02 1.42645678e-02 1.43028661e-02 1.43392552e-02 1.43749986e-02 
2.35159494e+00 1.43360173e-02 1.43597607e-02 1.43842097e-02 1.44081221e-02 1.44335146e-02 
2.35218295e+00 1.43574421e-02 1.43759223e-02 1.43935898e-02 1.44128823e-02 1.44323657e-02 
2.35277112e+00 1.44501785e-02 1.44739824e-02 1.44974139e-02 1.45145562e-02 1.45321024e-02 
2.35335943e+00 1.42650567e-02 1.42953536e-02 1.43299225e-02 1.43614631e-02 1.43934625e-02 
2.35394789e+00 1.42643691e-02 1.42928276e-02 1.43267252e-02 1.43582384e-02 1.43895381e-02 
2.35453649e+00 1.44090627e-02 1.44478720e-02 1.44884234e-02 1.45196784e-02 1.45487238e-02 
2.35512525e+00 1.42570215e-02 1.42886759e-02 1.43257331e-02 1.43580195e-02 1.43905828e-02 
2.35571414e+00 1.42194600e-02 1.42590128e-02 1.42990476e-02 1.43359576e-02 1.43725284e-02 
2.35630319e+00 1.43321399e-02 1.43654025e-02 1.43955657e-02 1.44213559e-02 1.44470139e-02 
2.35689239e+00 1.54355983e-02 1.54561483e-02 1.54723708e-02 1.54885836e-02 1.55037308e-02 
2.35748173e+00 1.44829047e-02 1.44940031e-02 1.45045321e-02 1.45147005e-02 1.45251873e-02 
2.35807122e+00 1.47964506e-02 1.48347038e-02 1.48761839e-02 1.49111737e-02 1.49452910e-02 
2.35866085e+00 1.43092841e-02 1.43356125e-02 1.43664224e-02 1.43927571e-02 1.44182919e-02 
2.35925064e+00 1.43192395e-02 1.43428538e-02 1.43707729e-02 1.43950665e-02 1.44187392e-02 
2.35984057e+00 1.42339789e-02 1.42684680e-02 1.43073573e-02 1.43426429e-02 1.43772796e-02 
2.36043065e+00 1.42518718e-02 1.42827627e-02 1.43179314e-02 1.43514814e-02 1.43846263e-02 
2.36102087e+00 1.43670849e-02 1.43836765e-02 1.44018643e-02 1.44213193e-02 1.44430441e-02 
2.36161125e+00 1.42811951e-02 1.43072090e-02 1.43388218e-02 1.43678150e-02 1.43961079e-02 
2.36220177e+00 1.43842057e-02 1.44047126e-02 1.44255776e-02 1.44436335e-02 1.44618332e-02 
2.36279244e+00 1.43580769e-02 1.43921388e-02 1.44194357e-02 1.44386931e-02 1.44582785e-02 
2.36338325e+00 1.45600724e-02 1.45721112e-02 1.45836012e-02 1.45948393e-02 1.46049501e-02 
2.36397422e+00 1.52982871e-02 1.53188336e-02 1.53342307e-02 1.53504248e-02 1.53649360e-02 
2.36456533e+00 1.42387382e-02 1.42723500e-02 1.43100278e-02 1.43451070e-02 1.43788301e-02 
2.36515659e+00 1.44210131e-02 1.44367274e-02 1.44534380e-02 1.44690237e-02 1.44841717e-02 
2.36574800e+00 1.42202829e-02 1.42598376e-02 1.42993712e-02 1.43363660e-02 1.43729856e-02 
2.36633955e+00 1.43249600e-02 1.43431959e-02 1.43666949e-02 1.43904369e-02 1.44150170e-02 
2.36693126e+00 1.42378800e-02 1.42729522e-02 1.43111380e-02 1.43462074e-02 1.43798079e-02 
2.36752311e+00 1.43984553e-02 1.44104345e-02 1.44234255e-02 1.44372043e-02 1.44536053e-02 
2.36811511e+00 1.43503277e-02 1.43688133e-02 1.43934906e-02 1.44153322e-02 1.44389202e-02 
2.36870726e+00 1.42160181e-02 1.42564092e-02 1.42971587e-02 1.43342972e-02 1.43716582e-02 
2.36929955e+00 1.42499053e-02 1.42824721e-02 1.43184489e-02 1.43519890e-02 1.43853145e-02 
2.36989200e+00 1.42928265e-02 1.43173781e-02 1.43454356e-02 1.43738426e-02 1.44034820e-02 
2.37048459e+00 1.42209384e-02 1.42585294e-02 1.42983881e-02 1.43345926e-02 1.43723002e-02 
2.37107733e+00 1.43341531e-02 1.43554253e-02 1.43800248e-02 1.44024890e-02 1.44249233e-02 
2.37167022e+00 1.46057847e-02 1.46175459e-02 1.46306562e-02 1.46449889e-02 1.46598512e-02 
2.37226325e+00 1.42053889e-02 1.42481236e-02 1.42904455e-02 1.43287110e-02 1.43678924e-02 
2.37285644e+00 1.46192843e-02 1.46379278e-02 1.46543572e-02 1.46686167e-02 1.46815223e-02 
2.37344977e+00 1.43815446e-02 1.44020808e-02 1.44199408e-02 1.44370678e-02 1.44535269e-02 
2.37404326e+00 1.48227414e-02 1.48462582e-02 1.48657301e-02 1.48856146e-02 1.49022198e-02 
2.37463689e+00 1.42306846e-02 1.42682855e-02 1.43082765e-02 1.43434290e-02 1.43779317e-02 
2.37523066e+00 1.45061214e-02 1.45348735e-02 1.45605049e-02 1.45808846e-02 1.46008647e-02 
2.37582459e+00 1.45359243e-02 1.45474393e-02 1.45588099e-02 1.45682243e-02 1.45792980e-02 
2.37641867e+00 1.43218715e-02 1.43432681e-02 1.43676719e-02 1.43928978e-02 1.44189199e-02 
2.37701289e+00 1.47253072e-02 1.47394171e-02 1.47640779e-02 1.48074093e-02 1.48655470e-02 
2.37760726e+00 1.43624287e-02 1.43829597e-02 1.44044379e-02 1.44246009e-02 1.44445771e-02 
2.37820178e+00 1.50002822e-02 1.50142550e-02 1.50303146e-02 1.50470822e-02 1.50638164e-02 
2.37879645e+00 1.45242977e-02 1.45578848e-02 1.45916231e-02 1.46164418e-02 1.46401204e-02 
2.37939127e+00 1.43541564e-02 1.43708331e-02 1.43904483e-02 1.44118203e-02 1.44336873e-02 
2.37998624e+00 1.46299660e-02 1.46496581e-02 1.46663471e-02 1.46823483e-02 1.46970819e-02 
2.38058136e+00 1.45131882e-02 1.45395548e-02 1.45642093e-02 1.45835076e-02 1.46021354e-02 
2.38117662e+00 1.44592118e-02 1.44754314e-02 1.44901484e-02 1.45030596e-02 1.45168015e-02 
2.38177204e+00 1.42968628e-02 1.43200755e-02 1.43467755e-02 1.43743404e-02 1.44033721e-02 
2.38236760e+00 1.43289997e-02 1.43553469e-02 1.43765166e-02 1.43982992e-02 1.44227097e-02 
2.38296331e+00 1.49050991e-02 1.49481043e-02 1.49879829e-02 1.50193562e-02 1.50489233e-02 
2.38355917e+00 1.42108696e-02 1.42517720e-02 1.42933252e-02 1.43308997e-02 1.43695048e-02 
2.38415518e+00 1.42465586e-02 1.42792332e-02 1.43144413e-02 1.43484955e-02 1.43825983e-02 
2.38475134e+00 1.42386166e-02 1.42734101e-02 1.43116172e-02 1.43466903e-02 1.43804453e-02 
2.38534765e+00 1.42619842e-02 1.42912295e-02 1.43251176e-02 1.43573356e-02 1.43895198e-02 
2.38594410e+00 1.44154296e-02 1.44310561e-02 1.44451783e-02 1.44613386e-02 1.44776091e-02 
2.38654071e+00 1.43139945e-02 1.43371310e-02 1.43655291e-02 1.43931974e-02 1.44243527e-02 
2.38713746e+00 1.42956288e-02 1.43211439e-02 1.43508079e-02 1.43789717e-02 1.44073555e-02 
2.38773437e+00 1.44230529e-02 1.44491292e-02 1.44753191e-02 1.44951650e-02 1.45156376e-02 
2.38833142e+00 1.46964439e-02 1.47290579e-02 1.47516427e-02 1.47691671e-02 1.47867039e-02 
2.38892862e+00 1.47386611e-02 1.48338914e-02 1.48781446e-02 1.49005691e-02 1.49187689e-02 
2.38952598e+00 1.43351589e-02 1.43599706e-02 1.43872862e-02 1.44097896e-02 1.44336678e-02 
2.39012348e+00 1.42389461e-02 1.42735243e-02 1.43100051e-02 1.43449146e-02 1.43798690e-02 
2.39072113e+00 1.44668486e-02 1.45000734e-02 1.45349476e-02 1.45616514e-02 1.45888243e-02 
2.39131893e+00 1.46601429e-02 1.46804617e-02 1.46971478e-02 1.47133683e-02 1.47280106e-02 
2.39191688e+00 1.44627379e-02 1.44742541e-02 1.44851311e-02 1.44968317e-02 1.45090689e-02 
2.39251498e+00 1.44434072e-02 1.44592949e-02 1.44746118e-02 1.44917971e-02 1.45096176e-02 
2.39311323e+00 1.42555639e-02 1.42857063e-02 1.43207664e-02 1.43537833e-02 1.43867714e-02 
2.39371163e+00 1.42892426e-02 1.43139967e-02 1.43423540e-02 1.43705213e-02 1.43997936e-02 
2.39431017e+00 1.43401014e-02 1.43639158e-02 1.43856771e-02 1.44057946e-02 1.44289554e-02 
2.39490887e+00 1.45368259e-02 1.45610225e-02 1.45882701e-02 1.46139576e-02 1.46386821e-02 
2.39550772e+00 1.43445223e-02 1.43691472e-02 1.43952271e-02 1.44167086e-02 1.44399642e-02 
2.39610672e+00 1.48322567e-02 1.48710056e-02 1.49108536e-02 1.49435211e-02 1.49756129e-02 
2.39670586e+00 1.44565696e-02 1.44761385e-02 1.45025841e-02 1.45287242e-02 1.45541441e-02 
2.39730516e+00 1.43959768e-02 1.44247265e-02 1.44518859e-02 1.44732572e-02 1.44950207e-02 
2.39790461e+00 1.42286023e-02 1.42644057e-02 1.43043996e-02 1.43404186e-02 1.43751814e-02 
2.39850420e+00 1.48820450e-02 1.49029725e-02 1.49200268e-02 1.49380883e-02 1.49535688e-02 
2.39910395e+00 1.44739185e-02 1.44841001e-02 1.44941859e-02 1.45047142e-02 1.45154257e-02 
2.39970385e+00 1.43414172e-02 1.43772186e-02 1.44107829e-02 1.44393820e-02 1.44664694e-02 
2.40030389e+00 1.43319996e-02 1.43524760e-02 1.43797737e-02 1.44040783e-02 1.44276733e-02 
2.40090409e+00 1.50060137e-02 1.50457812e-02 1.50841276e-02 1.51132574e-02 1.51397903e-02 
2.40150444e+00 1.42410872e-02 1.42745626e-02 1.43122260e-02 1.43470412e-02 1.43811547e-02 
2.40210493e+00 1.42375547e-02 1.42725344e-02 1.43101780e-02 1.43452182e-02 1.43797080e-02 
2.40270558e+00 1.43481900e-02 1.43699379e-02 1.43944608e-02 1.44166353e-02 1.44375262e-02 
2.40330638e+00 1.52514214e-02 1.52769853e-02 1.52985270e-02 1.53201258e-02 1.53381061e-02 
2.40390733e+00 1.43203609e-02 1.43385164e-02 1.43621325e-02 1.43862607e-02 1.44131567e-02 
2.40450842e+00 1.42515285e-02 1.42846523e-02 1.43192522e-02 1.43528283e-02 1.43849770e-02 
2.40510967e+00 1.42622880e-02 1.42913214e-02 1.43270893e-02 1.43590253e-02 1.43885052e-02 
2.40571107e+00 1.47199538e-02 1.47618552e-02 1.48057019e-02 1.48424762e-02 1.48758187e-02 
2.40631262e+00 1.43380897e-02 1.43739489e-02 1.44037731e-02 1.44278258e-02 1.44512623e-02 
2.40691432e+00 1.42885979e-02 1.43143088e-02 1.43446255e-02 1.43730396e-02 1.44009958e-02 
2.40751617e+00 1.47653707e-02 1.48004877e-02 1.48329561e-02 1.48601693e-02 1.48861689e-02 
2.40811817e+00 1.50151556e-02 1.50333186e-02 1.50484631e-02 1.50655615e-02 1.50817507e-02 
2.40872032e+00 1.48758970e-02 1.49205963e-02 1.49690190e-02 1.50086370e-02 1.50460986e-02 
2.40932262e+00 1.51544034e-02 1.52185135e-02 1.52765350e-02 1.53052155e-02 1.53314886e-02 
2.40992507e+00 1.50965178e-02 1.51086065e-02 1.51218448e-02 1.51347573e-02 1.51487881e-02 
2.41052767e+00 1.42413225e-02 1.42749076e-02 1.43118675e-02 1.43464865e-02 1.43804885e-02 
2.41113043e+00 1.45461481e-02 1.45656897e-02 1.45844965e-02 1.46018219e-02 1.46176495e-02 
2.41173333e+00 1.43533908e-02 1.43767763e-02 1.43990035e-02 1.44217170e-02 1.44457022e-02 
2.41233638e+00 1.43442097e-02 1.43630508e-02 1.43900696e-02 1.44131877e-02 1.44374209e-02 
2.41293959e+00 1.49152716e-02 1.49630067e-02 1.50146116e-02 1.50567882e-02 1.50982767e-02 
2.41354294e+00 1.43004079e-02 1.43275809e-02 1.43610905e-02 1.43880013e-02 1.44153610e-02 
2.41414645e+00 1.43633028e-02 1.43798262e-02 1.44007585e-02 1.44212559e-02 1.44411373e-02 
2.41475011e+00 1.43919712e-02 1.44054390e-02 1.44190219e-02 1.44342849e-02 1.44520239e-02 
2.41535392e+00 1.45370813e-02 1.45517752e-02 1.45723776e-02 1.46168007e-02 1.46734539e-02 
2.41595788e+00 1.48105568e-02 1.48469748e-02 1.48822934e-02 1.49130776e-02 1.49430157e-02 
2.41656199e+00 1.51538320e-02 1.51945229e-02 1.52921948e-02 1.53739563e-02 1.53954364e-02 
2.41716625e+00 1.42689063e-02 1.42985673e-02 1.43323622e-02 1.43638839e-02 1.43940715e-02 
2.41777066e+00 1.42532919e-02 1.42854357e-02 1.43223090e-02 1.43555394e-02 1.43858279e-02 
2.41837523e+00 1.43043002e-02 1.43273169e-02 1.43536672e-02 1.43802232e-02 1.44085177e-02 
2.41897994e+00 1.44577143e-02 1.44821751e-02 1.44985604e-02 1.45105328e-02 1.45225782e-02 
2.41958481e+00 1.46531658e-02 1.46877717e-02 1.47205106e-02 1.47473361e-02 1.47726833e-02 
2.42018983e+00 1.45062268e-02 1.45301872e-02 1.45530816e-02 1.45724034e-02 1.45917673e-02 
2.42079500e+00 1.43851999e-02 1.44114054e-02 1.44354002e-02 1.44547123e-02 1.44732347e-02 
2.42140032e+00 1.42646700e-02 1.42939599e-02 1.43286014e-02 1.43598731e-02 1.43894767e-02 
2.42200579e+00 1.45629501e-02 1.45763823e-02 1.45894830e-02 1.46009306e-02 1.46123235e-02 
2.42261141e+00 1.43605525e-02 1.43772207e-02 1.43958355e-02 1.44158645e-02 1.44370374e-02 
2.42321719e+00 1.46606927e-02 1.47040981e-02 1.47524682e-02 1.47922265e-02 1.48311010e-02 
2.42382311e+00 1.42790674e-02 1.43061225e-02 1.43368039e-02 1.43662756e-02 1.43961024e-02 
2.42442919e+00 1.42841872e-02 1.43103692e-02 1.43421989e-02 1.43713632e-02 1.43986252e-02 
2.42503542e+00 1.49167327e-02 1.49347454e-02 1.49489941e-02 1.49638572e-02 1.49775184e-02 
2.42564180e+00 1.43510314e-02 1.43692404e-02 1.43947820e-02 1.44170041e-02 1.44392257e-02 
2.42624833e+00 1.43455026e-02 1.43730110e-02 1.44004342e-02 1.44230308e-02 1.44468397e-02 
2.42685502e+00 1.43067527e-02 1.43299315e-02 1.43587326e-02 1.43854318e-02 1.44112867e-02 
2.42746185e+00 1.42790091e-02 1.43069723e-02 1.43380002e-02 1.43677672e-02 1.43979425e-02 
2.42806884e+00 1.52033054e-02 1.52466992e-02 1.52866576e-02 1.53171597e-02 1.53452917e-02 
2.42867598e+00 1.42903362e-02 1.43166662e-02 1.43491729e-02 1.43787378e-02 1.44117010e-02 
2.42928327e+00 1.43544965e-02 1.43712159e-02 1.43925768e-02 1.44136678e-02 1.44352067e-02 
2.42989071e+00 1.45793280e-02 1.46225158e-02 1.46764165e-02 1.47014023e-02 1.47195753e-02 
2.43049831e+00 1.45273800e-02 1.45386118e-02 1.45511784e-02 1.45642370e-02 1.45771813e-02 
2.43110605e+00 1.54228793e-02 1.54623381e-02 1.55032134e-02 1.55367701e-02 1.55677330e-02 
2.43171395e+00 1.43335447e-02 1.43567159e-02 1.43845150e-02 1.44071508e-02 1.44307486e-02 
2.43232200e+00 1.46354547e-02 1.46659083e-02 1.46967671e-02 1.47157664e-02 1.47336219e-02 
2.43293021e+00 1.51200917e-02 1.51421795e-02 1.51651498e-02 1.51872202e-02 1.52076707e-02 
2.43353856e+00 1.48572541e-02 1.48960413e-02 1.49307630e-02 1.49620613e-02 1.49901104e-02 
2.43414707e+00 1.44806938e-02 1.45219596e-02 1.45528364e-02 1.45661562e-02 1.45773208e-02 
2.43475573e+00 1.46437209e-02 1.46848717e-02 1.47288849e-02 1.47638608e-02 1.47974026e-02 
2.43536454e+00 1.44417108e-02 1.44586541e-02 1.44766443e-02 1.44934009e-02 1.45095236e-02 
2.43597350e+00 1.43158538e-02 1.43353835e-02 1.43618709e-02 1.43872855e-02 1.44127138e-02 
2.43658262e+00 1.50813597e-02 1.51053022e-02 1.51367048e-02 1.52002914e-02 1.52996425e-02 
2.43719189e+00 1.49793707e-02 1.50041327e-02 1.50286145e-02 1.50543428e-02 1.50784567e-02 
2.43780131e+00 1.48010805e-02 1.48206952e-02 1.48375952e-02 1.48579939e-02 1.48747673e-02 
2.43841088e+00 1.42901261e-02 1.43137066e-02 1.43438401e-02 1.43717680e-02 1.43988606e-02 
2.43902060e+00 1.50683391e-02 1.50973834e-02 1.51233027e-02 1.51487033e-02 1.51708659e-02 
2.43963048e+00 1.43596557e-02 1.43928916e-02 1.44227471e-02 1.44473765e-02 1.44705409e-02 
2.44024051e+00 1.43163397e-02 1.43421062e-02 1.43695079e-02 1.43954204e-02 1.44216114e-02 
2.44085069e+00 1.42508523e-02 1.42817629e-02 1.43167223e-02 1.43499923e-02 1.43822241e-02 
2.44146103e+00 1.43241933e-02 1.43438996e-02 1.43680720e-02 1.43926131e-02 1.44175772e-02 
2.44207152e+00 1.43181627e-02 1.43455489e-02 1.43768408e-02 1.44021118e-02 1.44284138e-02 
2.44268216e+00 1.54493852e-02 1.54928487e-02 1.55254610e-02 1.55482282e-02 1.55688162e-02 
2.44329295e+00 1.44252536e-02 1.44425220e-02 1.44625441e-02 1.44798723e-02 1.44980764e-02 
2.44390390e+00 1.54279400e-02 1.54602948e-02 1.54923188e-02 1.55196982e-02 1.55436877e-02 
2.44451500e+00 1.44313733e-02 1.44563392e-02 1.44829576e-02 1.45060379e-02 1.45282561e-02 
2.44512625e+00 1.45160552e-02 1.45506593e-02 1.45861587e-02 1.46158000e-02 1.46447312e-02 
2.44573765e+00 1.43204531e-02 1.43403138e-02 1.43644519e-02 1.43890635e-02 1.44134133e-02 
2.44634921e+00 1.43912750e-02 1.44121215e-02 1.44364404e-02 1.44583991e-02 1.44794032e-02 
2.44696092e+00 1.43510688e-02 1.43861400e-02 1.44125180e-02 1.44320188e-02 1.44509823e-02 
2.44757278e+00 1.47066762e-02 1.47237752e-02 1.47405755e-02 1.47608831e-02 1.47802631e-02 
2.44818480e+00 1.43788857e-02 1.44006399e-02 1.44267356e-02 1.44536183e-02 1.44819836e-02 
2.44879697e+00 1.44716628e-02 1.44925758e-02 1.45103270e-02 1.45235419e-02 1.45364499e-02 
2.44940929e+00 1.52460295e-02 1.53689582e-02 1.54914428e-02 1.55276732e-02 1.55637919e-02 
2.45002177e+00 1.52828286e-02 1.53215183e-02 1.53659316e-02 1.54050802e-02 1.54444496e-02 
2.45063439e+00 1.43749477e-02 1.44076750e-02 1.44415837e-02 1.44690463e-02 1.44962985e-02 
2.45124718e+00 1.45784515e-02 1.46086474e-02 1.46375458e-02 1.46603497e-02 1.46829884e-02 
2.45186011e+00 1.50386569e-02 1.50835564e-02 1.51339666e-02 1.51745172e-02 1.52139880e-02 
2.45247320e+00 1.45661445e-02 1.45967651e-02 1.46270944e-02 1.46515477e-02 1.46749077e-02 
2.45308644e+00 1.46999396e-02 1.47188677e-02 1.47338804e-02 1.47488447e-02 1.47636090e-02 
2.45369984e+00 1.43557051e-02 1.43747250e-02 1.43962466e-02 1.44173427e-02 1.44398421e-02 
2.45431338e+00 1.47863727e-02 1.48225505e-02 1.48581004e-02 1.48875076e-02 1.49176436e-02 
2.45492709e+00 1.47551811e-02 1.47956662e-02 1.48376190e-02 1.48712831e-02 1.49044230e-02 
2.45554094e+00 1.43213953e-02 1.43484730e-02 1.43793247e-02 1.44068737e-02 1.44341634e-02 
2.45615495e+00 1.46440490e-02 1.46788020e-02 1.47124372e-02 1.47367272e-02 1.47616208e-02 
2.45676911e+00 1.44289371e-02 1.44487528e-02 1.44657939e-02 1.44795660e-02 1.44935183e-02 
2.45738343e+00 1.43470723e-02 1.44165918e-02 1.44814402e-02 1.45157996e-02 1.45471799e-02 
2.45799790e+00 1.46451417e-02 1.46705599e-02 1.46960983e-02 1.47188973e-02 1.47410070e-02 
2.45861252e+00 1.46551625e-02 1.46679241e-02 1.46886740e-02 1.47180075e-02 1.47504257e-02 
2.45922730e+00 1.44587869e-02 1.44692475e-02 1.44798052e-02 1.44925070e-02 1.45041649e-02 
2.45984223e+00 1.44768036e-02 1.45173309e-02 1.45599482e-02 1.45914460e-02 1.46212266e-02 
2.46045731e+00 1.45944321e-02 1.46368106e-02 1.46875684e-02 1.47311606e-02 1.47745656e-02 
2.46107255e+00 1.44717835e-02 1.44997400e-02 1.45266263e-02 1.45496635e-02 1.45724274e-02 
2.46168794e+00 1.45119318e-02 1.45466209e-02 1.45790176e-02 1.46033962e-02 1.46269761e-02 
2.46230349e+00 1.43110741e-02 1.43312331e-02 1.43568077e-02 1.43817744e-02 1.44067972e-02 
2.46291919e+00 1.43709017e-02 1.43939217e-02 1.44200976e-02 1.44442299e-02 1.44679581e-02 
2.46353504e+00 1.49454536e-02 1.49836513e-02 1.50212580e-02 1.50533557e-02 1.50842875e-02 
2.46415105e+00 1.42524593e-02 1.42831855e-02 1.43169389e-02 1.43494353e-02 1.43809540e-02 
2.46476721e+00 1.43315663e-02 1.43655470e-02 1.43971049e-02 1.44243097e-02 1.44502613e-02 
2.46538352e+00 1.50607839e-02 1.51035135e-02 1.51436637e-02 1.51725409e-02 1.51993764e-02 
2.46599999e+00 1.57656897e-02 1.58143353e-02 1.58693032e-02 1.59137589e-02 1.59563540e-02 
2.46661662e+00 1.43459510e-02 1.43700613e-02 1.43944626e-02 1.44187754e-02 1.44424545e-02 
2.46723340e+00 1.44319461e-02 1.44571199e-02 1.44826252e-02 1.45049513e-02 1.45278945e-02 
2.46785033e+00 1.46942500e-02 1.47137067e-02 1.47589668e-02 1.48203677e-02 1.48772275e-02 
2.46846742e+00 1.48434969e-02 1.48921345e-02 1.49392309e-02 1.49737940e-02 1.50070013e-02 
2.46908466e+00 1.42842637e-02 1.43105988e-02 1.43403741e-02 1.43693582e-02 1.43984832e-02 
2.46970205e+00 1.47724076e-02 1.48111029e-02 1.48527798e-02 1.48895207e-02 1.49241540e-02 
2.47031960e+00 1.49576744e-02 1.50256188e-02 1.51725862e-02 1.52220421e-02 1.52457604e-02 
2.47093730e+00 1.43595681e-02 1.43816096e-02 1.44051527e-02 1.44262097e-02 1.44494087e-02 
2.47155516e+00 1.43550715e-02 1.43741865e-02 1.43956095e-02 1.44153958e-02 1.44356494e-02 
2.47217318e+00 1.43231619e-02 1.43476176e-02 1.43710893e-02 1.43959691e-02 1.44206164e-02 
2.47279134e+00 1.50073572e-02 1.50474354e-02 1.50926782e-02 1.51308082e-02 1.51670602e-02 
2.47340967e+00 1.44493088e-02 1.44692132e-02 1.44917340e-02 1.45111650e-02 1.45291875e-02 
2.47402814e+00 1.48487399e-02 1.48819271e-02 1.49173341e-02 1.49495745e-02 1.49827768e-02 
2.47464677e+00 1.44160886e-02 1.44288671e-02 1.44428934e-02 1.44584728e-02 1.44735857e-02 
2.47526556e+00 1.50368747e-02 1.50667601e-02 1.50960737e-02 1.51283845e-02 1.51520016e-02 
2.47588450e+00 1.45686471e-02 1.45831720e-02 1.45997617e-02 1.46189111e-02 1.46419949e-02 
2.47650360e+00 1.44960298e-02 1.45246577e-02 1.45612975e-02 1.46015333e-02 1.46225663e-02 
2.47712285e+00 1.45617836e-02 1.45736910e-02 1.45968942e-02 1.46241880e-02 1.46522909e-02 
2.47774225e+00 1.47055991e-02 1.47469995e-02 1.47941415e-02 1.48336631e-02 1.48734288e-02 
2.47836181e+00 1.45402524e-02 1.45818441e-02 1.46213888e-02 1.46461472e-02 1.46704455e-02 
2.47898153e+00 1.43712397e-02 1.43984284e-02 1.44253701e-02 1.44508378e-02 1.44748817e-02 
2.47960140e+00 1.45875780e-02 1.46246640e-02 1.46611009e-02 1.46914200e-02 1.47204406e-02 
2.48022142e+00 1.48498184e-02 1.48900861e-02 1.49320679e-02 1.49657888e-02 1.49988314e-02 
2.48084160e+00 1.45824178e-02 1.46384589e-02 1.46741227e-02 1.46917424e-02 1.47072518e-02 
2.48146194e+00 1.46751321e-02 1.47177064e-02 1.47658962e-02 1.48056653e-02 1.48450192e-02 
2.48208243e+00 1.44814876e-02 1.44927435e-02 1.45038929e-02 1.45148394e-02 1.45265634e-02 
2.48270307e+00 1.47955293e-02 1.48111269e-02 1.48242070e-02 1.48371863e-02 1.48492780e-02 
2.48332387e+00 1.48906337e-02 1.49328594e-02 1.49744132e-02 1.50042304e-02 1.50339253e-02 
2.48394483e+00 1.44893883e-02 1.45098144e-02 1.45304357e-02 1.45471635e-02 1.45638979e-02 
2.48456594e+00 1.45412719e-02 1.45820486e-02 1.46205852e-02 1.46482455e-02 1.46756732e-02 
2.48518721e+00 1.47134313e-02 1.47383124e-02 1.47593426e-02 1.47801827e-02 1.47972899e-02 
2.48580863e+00 1.44349214e-02 1.44482879e-02 1.44667264e-02 1.44927951e-02 1.45221075e-02 
2.48643020e+00 1.43431250e-02 1.43646288e-02 1.43866114e-02 1.44083187e-02 1.44314529e-02 
2.48705194e+00 1.46239077e-02 1.46537624e-02 1.46815563e-02 1.47063008e-02 1.47294219e-02 
2.48767382e+00 1.45611177e-02 1.45960202e-02 1.46341597e-02 1.46643601e-02 1.46948010e-02 
2.48829587e+00 1.54080814e-02 1.54581595e-02 1.55125565e-02 1.55568755e-02 1.55995187e-02 
2.48891807e+00 1.45537255e-02 1.45686839e-02 1.45951855e-02 1.46230493e-02 1.46515910e-02 
2.48954042e+00 1.54617274e-02 1.56363620e-02 1.59697556e-02 1.60583242e-02 1.61521880e-02 
2.49016293e+00 1.45900162e-02 1.46107857e-02 1.46314454e-02 1.46490786e-02 1.46659230e-02 
2.49078560e+00 1.52151237e-02 1.52386860e-02 1.52676743e-02 1.52870328e-02 1.53079859e-02 
2.49140842e+00 1.50125062e-02 1.50591767e-02 1.51100190e-02 1.51515686e-02 1.51916515e-02 
2.49203140e+00 1.54872900e-02 1.55271578e-02 1.55683649e-02 1.56020114e-02 1.56328007e-02 
2.49265453e+00 1.43596631e-02 1.43813687e-02 1.44019879e-02 1.44231043e-02 1.44451297e-02 
2.49327782e+00 1.51295329e-02 1.51703300e-02 1.52146977e-02 1.52500192e-02 1.52851524e-02 
2.49390126e+00 1.52544356e-02 1.53035914e-02 1.53624542e-02 1.54115635e-02 1.54589357e-02 
2.49452486e+00 1.46285770e-02 1.46652226e-02 1.47027629e-02 1.47326792e-02 1.47625198e-02 
2.49514862e+00 1.43346194e-02 1.43578241e-02 1.43856417e-02 1.44083026e-02 1.44324644e-02 
2.49577253e+00 1.44594716e-02 1.44963124e-02 1.45247821e-02 1.45440509e-02 1.45618232e-02 
2.49639660e+00 1.49448491e-02 1.49997225e-02 1.50611482e-02 1.51096437e-02 1.51577033e-02 
2.49702083e+00 1.46195648e-02 1.46337142e-02 1.46485154e-02 1.46613997e-02 1.46737458e-02 
2.49764521e+00 1.45080445e-02 1.45235673e-02 1.45395040e-02 1.45552355e-02 1.45697000e-02 
2.49826974e+00 1.58315196e-02 1.58745637e-02 1.59190932e-02 1.59551809e-02 1.59900101e-02 
2.49889444e+00 1.44915878e-02 1.45160715e-02 1.45420618e-02 1.45627200e-02 1.45828420e-02 
2.49951929e+00 1.45248150e-02 1.45473651e-02 1.45690271e-02 1.45874592e-02 1.46056355e-02 
2.50014429e+00 1.54208094e-02 1.54617746e-02 1.55077339e-02 1.55443965e-02 1.55812472e-02 
2.50076945e+00 1.56778328e-02 1.57271138e-02 1.57820375e-02 1.58261290e-02 1.58690220e-02 
2.50139477e+00 1.42969931e-02 1.43197337e-02 1.43451993e-02 1.43706105e-02 1.43977452e-02 
2.50202025e+00 1.43450545e-02 1.43656266e-02 1.43892363e-02 1.44103233e-02 1.44303324e-02 
2.50264588e+00 1.43677602e-02 1.43851379e-02 1.44049463e-02 1.44245987e-02 1.44451920e-02 
2.50327166e+00 1.44833399e-02 1.45083702e-02 1.45305551e-02 1.45510152e-02 1.45690042e-02 
2.50389761e+00 1.44406548e-02 1.44616125e-02 1.44809048e-02 1.44975843e-02 1.45145156e-02 
2.50452371e+00 1.51531326e-02 1.51851192e-02 1.52125162e-02 1.52364661e-02 1.52602931e-02 
2.50514996e+00 1.46878661e-02 1.47355510e-02 1.47565337e-02 1.47695744e-02 1.47833799e-02 
2.50577638e+00 1.46448776e-02 1.46629654e-02 1.46808634e-02 1.46973180e-02 1.47115658e-02 
2.50640295e+00 1.45740048e-02 1.45913914e-02 1.46092875e-02 1.46256812e-02 1.46400326e-02 
2.50702967e+00 1.49472882e-02 1.49674083e-02 1.49833379e-02 1.50003754e-02 1.50156222e-02 
2.50765656e+00 1.44545150e-02 1.44705556e-02 1.44941535e-02 1.45203981e-02 1.45477014e-02 
2.50828360e+00 1.48841213e-02 1.49043580e-02 1.49319387e-02 1.49608077e-02 1.49894531e-02 
2.50891079e+00 1.45721767e-02 1.45870329e-02 1.46006623e-02 1.46165748e-02 1.46315922e-02 
2.50953815e+00 1.43650628e-02 1.43836223e-02 1.44081716e-02 1.44290020e-02 1.44505479e-02 
2.51016566e+00 1.45514660e-02 1.45773058e-02 1.45991354e-02 1.46139177e-02 1.46284224e-02 
2.51079333e+00 1.51907616e-02 1.52392999e-02 1.52916566e-02 1.53330647e-02 1.53717737e-02 
2.51142115e+00 1.46388058e-02 1.46699924e-02 1.47064303e-02 1.47415718e-02 1.47750417e-02 
2.51204913e+00 1.51979912e-02 1.53741961e-02 1.55050908e-02 1.55379963e-02 1.55674871e-02 
2.51267727e+00 1.49416666e-02 1.49623670e-02 1.49807535e-02 1.49976866e-02 1.50132671e-02 
2.51330557e+00 1.50220824e-02 1.50406128e-02 1.50618554e-02 1.50819962e-02 1.51005353e-02 
2.51393402e+00 1.43575851e-02 1.43790321e-02 1.44002186e-02 1.44200139e-02 1.44387222e-02 
2.51456263e+00 1.49302680e-02 1.49546116e-02 1.49743870e-02 1.49944776e-02 1.50116575e-02 
2.51519140e+00 1.46041482e-02 1.46205180e-02 1.46393238e-02 1.46556618e-02 1.46717231e-02 
2.51582032e+00 1.47651056e-02 1.47838203e-02 1.48008131e-02 1.48167550e-02 1.48312857e-02 
2.51644940e+00 1.46782413e-02 1.47043729e-02 1.47320565e-02 1.47534929e-02 1.47745789e-02 
2.51707864e+00 1.44634469e-02 1.44732731e-02 1.44834435e-02 1.44940559e-02 1.45052783e-02 
2.51770804e+00 1.43645849e-02 1.43851898e-02 1.44061800e-02 1.44264524e-02 1.44475019e-02 
2.51833759e+00 1.45082082e-02 1.45288327e-02 1.45524512e-02 1.45735624e-02 1.45937558e-02 
2.51896730e+00 1.47346484e-02 1.47486575e-02 1.47613043e-02 1.47731872e-02 1.47864376e-02 
2.51959717e+00 1.45553344e-02 1.45720521e-02 1.45906784e-02 1.46073923e-02 1.46233885e-02 
2.52022720e+00 1.43823433e-02 1.43981911e-02 1.44168142e-02 1.44347603e-02 1.44524051e-02 
2.52085738e+00 1.45152982e-02 1.45487423e-02 1.45804891e-02 1.46031525e-02 1.46246531e-02 
2.52148772e+00 1.44407900e-02 1.44686126e-02 1.44953661e-02 1.45182515e-02 1.45412939e-02 
2.52211822e+00 1.45529562e-02 1.45723300e-02 1.45987364e-02 1.46295924e-02 1.46591109e-02 
2.52274887e+00 1.49597661e-02 1.49804927e-02 1.50163478e-02 1.50652238e-02 1.51154749e-02 
2.52337969e+00 1.44984788e-02 1.45225202e-02 1.45511676e-02 1.45756400e-02 1.45997624e-02 
2.52401066e+00 1.46398229e-02 1.46591415e-02 1.46810012e-02 1.46994143e-02 1.47148526e-02 
2.52464179e+00 1.48655556e-02 1.49059883e-02 1.49513002e-02 1.49885330e-02 1.50239117e-02 
2.52527308e+00 1.44439327e-02 1.44634527e-02 1.44891131e-02 1.45168447e-02 1.45453835e-02 
2.52590452e+00 1.46200209e-02 1.46654581e-02 1.47112998e-02 1.47328087e-02 1.47505097e-02 
2.52653613e+00 1.50187087e-02 1.51087030e-02 1.51862796e-02 1.52192632e-02 1.52502194e-02 
2.52716789e+00 1.45317211e-02 1.45525988e-02 1.45830513e-02 1.46317889e-02 1.46807798e-02 
2.52779981e+00 1.47299008e-02 1.47644414e-02 1.47951714e-02 1.48166677e-02 1.48359488e-02 
2.52843188e+00 1.44217185e-02 1.44369056e-02 1.44530956e-02 1.44698063e-02 1.44850432e-02 
2.52906412e+00 1.44204919e-02 1.44386386e-02 1.44607395e-02 1.44800253e-02 1.44984226e-02 
2.52969651e+00 1.44846426e-02 1.45002195e-02 1.45183614e-02 1.45364874e-02 1.45549535e-02 
2.53032906e+00 1.48942822e-02 1.49141277e-02 1.49304226e-02 1.49480842e-02 1.49631727e-02 
2.53096177e+00 1.44583035e-02 1.44826230e-02 1.45086182e-02 1.45289403e-02 1.45491293e-02 
2.53159464e+00 1.46369006e-02 1.46530503e-02 1.46714068e-02 1.46866706e-02 1.47044691e-02 
2.53222766e+00 1.43666141e-02 1.43853261e-02 1.44051225e-02 1.44246860e-02 1.44433393e-02 
2.53286085e+00 1.47430706e-02 1.47696420e-02 1.47864155e-02 1.47977851e-02 1.48081583e-02 
2.53349419e+00 1.46769210e-02 1.46977080e-02 1.47346111e-02 1.48022437e-02 1.48652744e-02 
2.53412769e+00 1.44032590e-02 1.44219386e-02 1.44425547e-02 1.44614070e-02 1.44788414e-02 
2.53476135e+00 1.45353761e-02 1.45615473e-02 1.45906641e-02 1.46147886e-02 1.46377552e-02 
2.53539517e+00 1.46553664e-02 1.46841536e-02 1.47029267e-02 1.47147690e-02 1.47259375e-02 
2.53602915e+00 1.49716798e-02 1.50205107e-02 1.50446242e-02 1.50633846e-02 1.50806754e-02 
2.53666328e+00 1.48918184e-02 1.49106493e-02 1.49250004e-02 1.49400519e-02 1.49539371e-02 
2.53729757e+00 1.50889128e-02 1.51156134e-02 1.51375859e-02 1.51592987e-02 1.51771362e-02 
2.53793202e+00 1.45800882e-02 1.46090124e-02 1.46410578e-02 1.46679757e-02 1.46946236e-02 
2.53856664e+00 1.48272054e-02 1.48668006e-02 1.49079841e-02 1.49417459e-02 1.49748952e-02 
2.53920140e+00 1.48269054e-02 1.48587829e-02 1.48927588e-02 1.49207942e-02 1.49479105e-02 
2.53983633e+00 1.45577850e-02 1.45972432e-02 1.46160009e-02 1.46273392e-02 1.46385794e-02 
2.54047142e+00 1.48114202e-02 1.48594444e-02 1.49003887e-02 1.49270147e-02 1.49537762e-02 
2.54110666e+00 1.45443242e-02 1.45651351e-02 1.45875290e-02 1.46067428e-02 1.46260307e-02 
2.54174207e+00 1.45826887e-02 1.46084233e-02 1.46354106e-02 1.46602377e-02 1.46836951e-02 
2.54237763e+00 1.44944028e-02 1.45153189e-02 1.45366094e-02 1.45535774e-02 1.45702730e-02 
2.54301335e+00 1.46054005e-02 1.46204791e-02 1.46426872e-02 1.46688478e-02 1.46953314e-02 
2.54364924e+00 1.57334396e-02 1.57780119e-02 1.58286930e-02 1.58941106e-02 1.59571069e-02 
2.54428528e+00 1.48887643e-02 1.49282881e-02 1.49724133e-02 1.50107136e-02 1.50487344e-02 
2.54492147e+00 1.49624837e-02 1.49787047e-02 1.49923078e-02 1.50053190e-02 1.50184107e-02 
2.54555783e+00 1.45067083e-02 1.45256287e-02 1.45466188e-02 1.45651204e-02 1.45837993e-02 
2.54619435e+00 1.46369841e-02 1.46711053e-02 1.47048242e-02 1.47329151e-02 1.47609881e-02 
2.54683103e+00 1.47875294e-02 1.47999312e-02 1.48122004e-02 1.48229671e-02 1.48362139e-02 
2.54746786e+00 1.44830427e-02 1.45043335e-02 1.45291107e-02 1.45529588e-02 1.45763601e-02 
2.54810486e+00 1.49608664e-02 1.49755297e-02 1.49892888e-02 1.50054235e-02 1.50242292e-02 
2.54874201e+00 1.49584260e-02 1.49809695e-02 1.50163213e-02 1.50635273e-02 1.51176089e-02 
2.54937933e+00 1.50807774e-02 1.50976395e-02 1.51113070e-02 1.51225859e-02 1.51351062e-02 
2.55001680e+00 1.46467635e-02 1.46614932e-02 1.46772070e-02 1.46967926e-02 1.47172838e-02 
2.55065443e+00 1.44463815e-02 1.44651569e-02 1.44877176e-02 1.45078501e-02 1.45274018e-02 
2.55129222e+00 1.45397097e-02 1.45559040e-02 1.45728913e-02 1.45880042e-02 1.46026168e-02 
2.55193017e+00 1.43592970e-02 1.43795101e-02 1.44010076e-02 1.44216190e-02 1.44422660e-02 
2.55256828e+00 1.47253727e-02 1.47571500e-02 1.47894914e-02 1.48184086e-02 1.48469300e-02 
2.55320655e+00 1.46580523e-02 1.46822678e-02 1.47003264e-02 1.47140254e-02 1.47258208e-02 
2.55384498e+00 1.55390080e-02 1.55929706e-02 1.56542769e-02 1.57059615e-02 1.57584509e-02 
2.55448357e+00 1.46670358e-02 1.46840793e-02 1.47015935e-02 1.47199188e-02 1.47357424e-02 
2.55512232e+00 1.45786923e-02 1.46050866e-02 1.46291704e-02 1.46486606e-02 1.46669521e-02 
2.55576123e+00 1.51974332e-02 1.52213469e-02 1.52404208e-02 1.52593780e-02 1.52764126e-02 
2.55640030e+00 1.55028569e-02 1.55489182e-02 1.55810946e-02 1.56061698e-02 1.56397633e-02 
2.55703953e+00 1.55310775e-02 1.55625837e-02 1.55929995e-02 1.56198479e-02 1.56455999e-02 
2.55767892e+00 1.44795323e-02 1.45023745e-02 1.45253719e-02 1.45440393e-02 1.45627471e-02 
2.55831847e+00 1.49807198e-02 1.50092788e-02 1.50606105e-02 1.51223815e-02 1.51790860e-02 
2.55895817e+00 1.46027075e-02 1.46146593e-02 1.46270001e-02 1.46388528e-02 1.46495883e-02 
2.55959804e+00 1.45468498e-02 1.45729633e-02 1.45979604e-02 1.46181848e-02 1.46366999e-02 
2.56023807e+00 1.51010681e-02 1.51471784e-02 1.51978095e-02 1.52387805e-02 1.52783881e-02 
2.56087826e+00 1.46101400e-02 1.46220229e-02 1.46377064e-02 1.46530256e-02 1.46690888e-02 
2.56151861e+00 1.46312307e-02 1.46412694e-02 1.46507033e-02 1.46600686e-02 1.46697182e-02 
2.56215912e+00 1.49594874e-02 1.50014530e-02 1.50465130e-02 1.50824607e-02 1.51169715e-02 
2.56279978e+00 1.47281816e-02 1.47422076e-02 1.47567167e-02 1.47701547e-02 1.47831775e-02 
2.56344061e+00 1.44900028e-02 1.45040326e-02 1.45208792e-02 1.45378763e-02 1.45547401e-02 
2.56408160e+00 1.45794560e-02 1.45892766e-02 1.46002761e-02 1.46102748e-02 1.46196866e-02 
2.56472275e+00 1.48496875e-02 1.48679145e-02 1.48907741e-02 1.49203485e-02 1.49735189e-02 
2.56536406e+00 1.44294979e-02 1.44464491e-02 1.44627805e-02 1.44797192e-02 1.44949695e-02 
2.56600553e+00 1.50416876e-02 1.50790714e-02 1.51177227e-02 1.51511910e-02 1.51847950e-02 
2.56664716e+00 1.44288886e-02 1.44460059e-02 1.44620109e-02 1.44791228e-02 1.44954433e-02 
2.56728895e+00 1.56458550e-02 1.56828894e-02 1.57237537e-02 1.57598261e-02 1.57911173e-02 
2.56793090e+00 1.46410060e-02 1.46556854e-02 1.46728467e-02 1.46885889e-02 1.47046542e-02 
2.56857301e+00 1.45138545e-02 1.45451333e-02 1.45804975e-02 1.46096825e-02 1.46386371e-02 
2.56921529e+00 1.45225521e-02 1.45374884e-02 1.45523516e-02 1.45647663e-02 1.45772688e-02 
2.56985772e+00 1.55027423e-02 1.55477801e-02 1.55962951e-02 1.56342390e-02 1.56725073e-02 
2.57050031e+00 1.44747784e-02 1.45019082e-02 1.45322204e-02 1.45585824e-02 1.45847632e-02 
2.57114307e+00 1.46779079e-02 1.47066962e-02 1.47396898e-02 1.47720172e-02 1.48047201e-02 
2.57178598e+00 1.44775717e-02 1.44984112e-02 1.45200315e-02 1.45368238e-02 1.45535360e-02 
2.57242906e+00 1.44349632e-02 1.44499023e-02 1.44834717e-02 1.45290940e-02 1.45702025e-02 
2.57307229e+00 1.53991314e-02 1.54301644e-02 1.54640374e-02 1.54946640e-02 1.55226844e-02 
2.57371569e+00 1.48177745e-02 1.48523879e-02 1.48884533e-02 1.49210244e-02 1.49524261e-02 
2.57435925e+00 1.47022637e-02 1.47637719e-02 1.48159253e-02 1.48508857e-02 1.48844185e-02 
2.57500297e+00 1.45003806e-02 1.45265998e-02 1.45589595e-02 1.45913284e-02 1.46219261e-02 
2.57564685e+00 1.48273324e-02 1.48621625e-02 1.48954108e-02 1.49237910e-02 1.49503513e-02 
2.57629089e+00 1.53447267e-02 1.54149665e-02 1.54736996e-02 1.55072154e-02 1.55332815e-02 
2.57693509e+00 1.45012415e-02 1.45163020e-02 1.45305141e-02 1.45442743e-02 1.45575336e-02 
2.57757946e+00 1.47345601e-02 1.47735224e-02 1.48241680e-02 1.48745922e-02 1.49226781e-02 
2.57822398e+00 1.46265811e-02 1.46402109e-02 1.46530676e-02 1.46646241e-02 1.46761485e-02 
2.57886867e+00 1.56152030e-02 1.56633975e-02 1.57169652e-02 1.57598169e-02 1.58014258e-02 
2.57951351e+00 1.45299729e-02 1.45582432e-02 1.45881896e-02 1.46110134e-02 1.46330905e-02 
2.58015852e+00 1.43405094e-02 1.43574459e-02 1.43785584e-02 1.43975317e-02 1.44169505e-02 
2.58080369e+00 1.47605522e-02 1.47723024e-02 1.47859880e-02 1.48024182e-02 1.48213414e-02 
2.58144902e+00 1.45529446e-02 1.45721991e-02 1.45919903e-02 1.46092553e-02 1.46260380e-02 
2.58209451e+00 1.45090843e-02 1.45508231e-02 1.45803709e-02 1.45929963e-02 1.46040952e-02 
2.58274017e+00 1.46470305e-02 1.46720925e-02 1.46974100e-02 1.47167208e-02 1.47355541e-02 
2.58338598e+00 1.47029759e-02 1.47298324e-02 1.47562622e-02 1.47801870e-02 1.48037964e-02 
2.58403196e+00 1.53942098e-02 1.54885976e-02 1.57024833e-02 1.57545545e-02 1.57766371e-02 
2.58467809e+00 1.46207524e-02 1.46520450e-02 1.46838543e-02 1.47102485e-02 1.47367141e-02 
2.58532439e+00 1.43987640e-02 1.44141062e-02 1.44310602e-02 1.44483549e-02 1.44657514e-02 
2.58597086e+00 1.46531081e-02 1.46667423e-02 1.46802281e-02 1.46934355e-02 1.47060926e-02 
2.58661748e+00 1.44915901e-02 1.45089492e-02 1.45261000e-02 1.45414780e-02 1.45583933e-02 
2.58726426e+00 1.57860257e-02 1.58100284e-02 1.58435328e-02 1.58681225e-02 1.58871937e-02 
2.58791121e+00 1.48486840e-02 1.48650015e-02 1.48792558e-02 1.48934748e-02 1.49079720e-02 
2.58855832e+00 1.45796479e-02 1.46352340e-02 1.46837175e-02 1.47098300e-02 1.47356424e-02 
2.58920559e+00 1.55097562e-02 1.55659818e-02 1.56174600e-02 1.56852365e-02 1.57445186e-02 
2.58985302e+00 1.49610848e-02 1.50579913e-02 1.50887210e-02 1.51238064e-02 1.51513242e-02 
2.59050061e+00 1.52149751e-02 1.52720420e-02 1.53315615e-02 1.53767131e-02 1.54221066e-02 
2.59114837e+00 1.48873182e-02 1.49078855e-02 1.49324890e-02 1.49558981e-02 1.49782997e-02 
2.59179628e+00 1.45213252e-02 1.45616488e-02 1.46035622e-02 1.46347294e-02 1.46656010e-02 
2.59244436e+00 1.46067961e-02 1.46194649e-02 1.46313058e-02 1.46436688e-02 1.46564524e-02 
2.59309260e+00 1.45997909e-02 1.46187254e-02 1.46390961e-02 1.46566916e-02 1.46732989e-02 
2.59374101e+00 1.45614922e-02 1.45783874e-02 1.45966484e-02 1.46142767e-02 1.46295259e-02 
2.59438957e+00 1.53390577e-02 1.53789996e-02 1.54241249e-02 1.54605518e-02 1.54966876e-02 
2.59503830e+00 1.45678527e-02 1.45856583e-02 1.46015220e-02 1.46170200e-02 1.46310879e-02 
2.59568719e+00 1.47954324e-02 1.48138340e-02 1.48388840e-02 1.48682983e-02 1.48978035e-02 
2.59633624e+00 1.44626632e-02 1.44757785e-02 1.45222214e-02 1.46031661e-02 1.46786223e-02 
2.59698546e+00 1.44822106e-02 1.45019301e-02 1.45246298e-02 1.45435483e-02 1.45626212e-02 
2.59763483e+00 1.52249180e-02 1.52377681e-02 1.52526673e-02 1.52672454e-02 1.52823678e-02 
2.59828437e+00 1.45380650e-02 1.45675905e-02 1.46019125e-02 1.46311548e-02 1.46595130e-02 
2.59893408e+00 1.45150160e-02 1.45486859e-02 1.45862391e-02 1.46174222e-02 1.46472520e-02 
2.59958394e+00 1.53939664e-02 1.54351151e-02 1.54714573e-02 1.54932071e-02 1.55111884e-02 
2.60023397e+00 1.44023889e-02 1.44147557e-02 1.44258990e-02 1.44395618e-02 1.44531107e-02 
2.60088415e+00 1.53408160e-02 1.54811964e-02 1.56208458e-02 1.56389514e-02 1.56537489e-02 
2.60153451e+00 1.47019615e-02 1.47133535e-02 1.47250645e-02 1.47353952e-02 1.47469301e-02 
2.60218502e+00 1.44174507e-02 1.44411030e-02 1.44651215e-02 1.44846795e-02 1.45042529e-02 
2.60283570e+00 1.44413810e-02 1.44566352e-02 1.44713502e-02 1.44865720e-02 1.45007512e-02 
2.60348654e+00 1.47433606e-02 1.47627421e-02 1.47782633e-02 1.47923776e-02 1.48049583e-02 
2.60413754e+00 1.45076551e-02 1.45264125e-02 1.45448385e-02 1.45640122e-02 1.45848999e-02 
2.60478871e+00 1.48270705e-02 1.48546956e-02 1.48788421e-02 1.49028032e-02 1.49227042e-02 
2.60544003e+00 1.44826465e-02 1.44976587e-02 1.45108878e-02 1.45249673e-02 1.45409298e-02 
2.60609152e+00 1.48567227e-02 1.48730287e-02 1.48868340e-02 1.49004256e-02 1.49134145e-02 
2.60674318e+00 1.45644464e-02 1.45789693e-02 1.45962932e-02 1.46127323e-02 1.46285700e-02 
2.60739499e+00 1.46083961e-02 1.46295316e-02 1.46499249e-02 1.46668624e-02 1.46834374e-02 
2.60804697e+00 1.51987627e-02 1.52314984e-02 1.52635305e-02 1.52919462e-02 1.53184843e-02 
2.60869912e+00 1.48421569e-02 1.48764265e-02 1.49087116e-02 1.49341838e-02 1.49591934e-02 
2.60935142e+00 1.45769730e-02 1.46073499e-02 1.46387694e-02 1.46652065e-02 1.46924735e-02 
2.61000389e+00 1.45810676e-02 1.46104495e-02 1.46394138e-02 1.46638622e-02 1.46873311e-02 
2.61065652e+00 1.44429078e-02 1.44692135e-02 1.45002029e-02 1.45267742e-02 1.45530432e-02 
2.61130932e+00 1.43372330e-02 1.43584835e-02 1.43824659e-02 1.44025326e-02 1.44224099e-02 
2.61196228e+00 1.45528028e-02 1.45867626e-02 1.46199917e-02 1.46430984e-02 1.46654813e-02 
2.61261540e+00 1.45010724e-02 1.45165699e-02 1.45328762e-02 1.45485522e-02 1.45634220e-02 
2.61326869e+00 1.44981707e-02 1.45165936e-02 1.45364852e-02 1.45546498e-02 1.45721639e-02 
2.61392213e+00 1.48729724e-02 1.48974853e-02 1.49329925e-02 1.49824034e-02 1.50301473e-02 
2.61457575e+00 1.44172160e-02 1.44314653e-02 1.44458842e-02 1.44611393e-02 1.44744944e-02 
2.61522952e+00 1.48236581e-02 1.48383175e-02 1.48531337e-02 1.48668398e-02 1.48821329e-02 
2.61588346e+00 1.43798653e-02 1.43990951e-02 1.44203536e-02 1.44389812e-02 1.44568856e-02 
2.61653756e+00 1.49792513e-02 1.50158434e-02 1.50530030e-02 1.50843956e-02 1.51144690e-02 
2.61719183e+00 1.45546188e-02 1.45680247e-02 1.45802795e-02 1.45931596e-02 1.46052556e-02 
2.61784626e+00 1.52387451e-02 1.52573296e-02 1.52854251e-02 1.53281923e-02 1.53683654e-02 
2.61850085e+00 1.51703028e-02 1.52034644e-02 1.52354359e-02 1.52634026e-02 1.52894118e-02 
2.61915561e+00 1.46491446e-02 1.46857493e-02 1.47244850e-02 1.47560070e-02 1.47873464e-02 
2.61981053e+00 1.49508519e-02 1.49797771e-02 1.50174797e-02 1.50606824e-02 1.51028185e-02 
2.62046561e+00 1.54968242e-02 1.55366294e-02 1.55773806e-02 1.56108166e-02 1.56409896e-02 
2.62112086e+00 1.50367640e-02 1.50768783e-02 1.51166191e-02 1.51480105e-02 1.51806629e-02 
2.62177627e+00 1.47130267e-02 1.47493603e-02 1.47868401e-02 1.48186607e-02 1.48501159e-02 
2.62243185e+00 1.50927925e-02 1.51297186e-02 1.51615866e-02 1.51861884e-02 1.52067568e-02 
2.62308759e+00 1.44924144e-02 1.45163713e-02 1.45428243e-02 1.45642473e-02 1.45861948e-02 
2.62374349e+00 1.47461521e-02 1.47917943e-02 1.48331113e-02 1.48593997e-02 1.48839019e-02 
2.62439956e+00 1.43640246e-02 1.43829789e-02 1.44043245e-02 1.44242734e-02 1.44438424e-02 
2.62505579e+00 1.43649611e-02 1.44040727e-02 1.44384475e-02 1.44640052e-02 1.44877690e-02 
2.62571219e+00 1.45035655e-02 1.45314122e-02 1.45623196e-02 1.45889147e-02 1.46150093e-02 
2.62636875e+00 1.51054813e-02 1.51388722e-02 1.51761158e-02 1.52103937e-02 1.52442570e-02 
2.62702547e+00 1.48769072e-02 1.49061762e-02 1.49369569e-02 1.49672794e-02 1.49959469e-02 
2.62768236e+00 1.50863894e-02 1.51374779e-02 1.51934102e-02 1.52382338e-02 1.52828306e-02 
2.62833941e+00 1.43808990e-02 1.44005351e-02 1.44221379e-02 1.44412887e-02 1.44596000e-02 
2.62899663e+00 1.47218778e-02 1.47429793e-02 1.47604478e-02 1.47766099e-02 1.47915767e-02 
2.62965401e+00 1.48297881e-02 1.48544008e-02 1.48765734e-02 1.48996100e-02 1.49191839e-02 
2.63031156e+00 1.47381718e-02 1.47516343e-02 1.47636244e-02 1.47748228e-02 1.47871964e-02 
2.63096927e+00 1.51328161e-02 1.51492340e-02 1.51677286e-02 1.51850188e-02 1.52023143e-02 
2.63162714e+00 1.54140898e-02 1.54273251e-02 1.54405006e-02 1.54531633e-02 1.54669743e-02 
2.63228518e+00 1.44506757e-02 1.44669667e-02 1.44834939e-02 1.44996827e-02 1.45164965e-02 
2.63294338e+00 1.48465667e-02 1.48662119e-02 1.48862501e-02 1.49095408e-02 1.49306078e-02 
2.63360175e+00 1.45920389e-02 1.46242319e-02 1.46567460e-02 1.46838917e-02 1.47109483e-02 
2.63426028e+00 1.52726066e-02 1.53039564e-02 1.53225783e-02 1.53371216e-02 1.53517467e-02 
2.63491898e+00 1.54616589e-02 1.54862844e-02 1.55012484e-02 1.55155584e-02 1.55323870e-02 
2.63557784e+00 1.45651254e-02 1.46010260e-02 1.46398285e-02 1.46707206e-02 1.47011263e-02 
2.63623687e+00 1.45773617e-02 1.46067990e-02 1.46391225e-02 1.46697471e-02 1.46986878e-02 
2.63689606e+00 1.49848822e-02 1.50138481e-02 1.50333787e-02 1.50503734e-02 1.50645342e-02 
2.63755542e+00 1.44372274e-02 1.44641191e-02 1.44938618e-02 1.45184995e-02 1.45429477e-02 
2.63821494e+00 1.54872695e-02 1.55158059e-02 1.55414664e-02 1.55657156e-02 1.55860187e-02 
2.63887463e+00 1.50599785e-02 1.50733711e-02 1.50864593e-02 1.50984560e-02 1.51116627e-02 
2.63953448e+00 1.48379699e-02 1.48729456e-02 1.49098054e-02 1.49433458e-02 1.49764544e-02 
2.64019449e+00 1.47293153e-02 1.47641586e-02 1.47961692e-02 1.48187869e-02 1.48395819e-02 
2.64085467e+00 1.51351059e-02 1.51808184e-02 1.52316439e-02 1.52737512e-02 1.53141068e-02 
2.64151502e+00 1.48881310e-02 1.49001324e-02 1.49125460e-02 1.49240824e-02 1.49376316e-02 
2.64217553e+00 1.44491161e-02 1.44652227e-02 1.44840541e-02 1.45013088e-02 1.45183356e-02 
2.64283621e+00 1.44199941e-02 1.44398425e-02 1.44595899e-02 1.44761803e-02 1.44920810e-02 
2.64349705e+00 1.48559136e-02 1.48705173e-02 1.48873173e-02 1.49034022e-02 1.49203594e-02 
2.64415806e+00 1.55286405e-02 1.55669663e-02 1.56067062e-02 1.56384209e-02 1.56673800e-02 
2.64481923e+00 1.43852100e-02 1.44266214e-02 1.44553275e-02 1.44745520e-02 1.44920195e-02 
2.64548057e+00 1.44711817e-02 1.44956599e-02 1.45231358e-02 1.45453638e-02 1.45682186e-02 
2.64614207e+00 1.47040654e-02 1.47448861e-02 1.47910473e-02 1.48302770e-02 1.48688052e-02 
2.64680374e+00 1.44920616e-02 1.45112644e-02 1.45282030e-02 1.45426052e-02 1.45574636e-02 
2.64746557e+00 1.48938449e-02 1.49193587e-02 1.49427810e-02 1.49680218e-02 1.49895938e-02 
2.64812757e+00 1.44400204e-02 1.44697923e-02 1.45028224e-02 1.45290905e-02 1.45554993e-02 
2.64878974e+00 1.43846325e-02 1.44014656e-02 1.44201992e-02 1.44381625e-02 1.44539384e-02 
2.64945207e+00 1.44025125e-02 1.44182880e-02 1.44343570e-02 1.44499894e-02 1.44642757e-02 
2.65011456e+00 1.46244248e-02 1.46384241e-02 1.46508687e-02 1.46647101e-02 1.46784661e-02 
2.65077723e+00 1.48146358e-02 1.48569130e-02 1.48893347e-02 1.49107546e-02 1.49303067e-02 
2.65144005e+00 1.52120436e-02 1.52388502e-02 1.52611121e-02 1.52809779e-02 1.52983799e-02 
2.65210305e+00 1.44446410e-02 1.44581485e-02 1.44714207e-02 1.44850198e-02 1.44983283e-02 
2.65276621e+00 1.45772537e-02 1.45877371e-02 1.45976291e-02 1.46068972e-02 1.46169938e-02 
2.65342953e+00 1.48586192e-02 1.48936099e-02 1.49318170e-02 1.49702644e-02 1.49996723e-02 
2.65409302e+00 1.49051029e-02 1.49468153e-02 1.49925659e-02 1.50312439e-02 1.50682485e-02 
2.65475668e+00 1.54223914e-02 1.54448075e-02 1.54622160e-02 1.54802179e-02 1.54957510e-02 
2.65542050e+00 1.48826264e-02 1.49151715e-02 1.49465900e-02 1.49731572e-02 1.49985202e-02 
2.65608449e+00 1.43917941e-02 1.44080240e-02 1.44248090e-02 1.44402905e-02 1.44556498e-02 
2.65674864e+00 1.45679513e-02 1.45893025e-02 1.46152770e-02 1.46404495e-02 1.46647670e-02 
2.65741296e+00 1.53523724e-02 1.54023544e-02 1.55309523e-02 1.55932988e-02 1.56243882e-02 
2.65807745e+00 1.46129610e-02 1.46488376e-02 1.46701081e-02 1.46862468e-02 1.47036677e-02 
2.65874210e+00 1.44642510e-02 1.45062516e-02 1.45347066e-02 1.45503926e-02 1.45644661e-02 
2.65940692e+00 1.48938183e-02 1.49107323e-02 1.49246419e-02 1.49388455e-02 1.49522028e-02 
2.66007191e+00 1.45118323e-02 1.45275280e-02 1.45478263e-02 1.45687172e-02 1.45900007e-02 
2.66073706e+00 1.47360763e-02 1.47640851e-02 1.47921165e-02 1.48168581e-02 1.48407905e-02 
2.66140238e+00 1.43296891e-02 1.43493244e-02 1.43690935e-02 1.43881834e-02 1.44068855e-02 
2.66206786e+00 1.47637526e-02 1.47815717e-02 1.48186069e-02 1.48802104e-02 1.49124109e-02 
2.66273351e+00 1.44643137e-02 1.44802956e-02 1.44991326e-02 1.45157807e-02 1.45319409e-02 
2.66339933e+00 1.46585025e-02 1.46919230e-02 1.47195566e-02 1.47415160e-02 1.47615807e-02 
2.66406531e+00 1.54669203e-02 1.54906255e-02 1.55097164e-02 1.55288658e-02 1.55454716e-02 
2.66473146e+00 1.47570774e-02 1.47837632e-02 1.48111583e-02 1.48372043e-02 1.48619294e-02 
2.66539778e+00 1.43990782e-02 1.44207781e-02 1.44437653e-02 1.44654050e-02 1.44881121e-02 
2.66606426e+00 1.52657307e-02 1.52935731e-02 1.53165961e-02 1.53396396e-02 1.53578512e-02 
2.66673091e+00 1.47013159e-02 1.47325460e-02 1.47633462e-02 1.47880848e-02 1.48126210e-02 
2.66739773e+00 1.52824534e-02 1.52956567e-02 1.53113592e-02 1.53261493e-02 1.53409619e-02 
2.66806471e+00 1.44226713e-02 1.44465444e-02 1.44688561e-02 1.44866326e-02 1.45020555e-02 
2.66873186e+00 1.48125048e-02 1.48684327e-02 1.49068287e-02 1.49255719e-02 1.49410093e-02 
2.66939918e+00 1.51244866e-02 1.51560697e-02 1.51993698e-02 1.52457101e-02 1.52923815e-02 
2.67006667e+00 1.50481454e-02 1.50720030e-02 1.51004209e-02 1.51298066e-02 1.51606388e-02 
2.67073432e+00 1.46591694e-02 1.46697433e-02 1.46804861e-02 1.46909679e-02 1.47008920e-02 
2.67140213e+00 1.44155323e-02 1.44379714e-02 1.44593447e-02 1.44769850e-02 1.44933924e-02 
2.67207012e+00 1.44830911e-02 1.44974106e-02 1.45144507e-02 1.45317837e-02 1.45486985e-02 
2.67273827e+00 1.44714306e-02 1.44869693e-02 1.45022159e-02 1.45168028e-02 1.45300904e-02 
2.67340659e+00 1.45237604e-02 1.45425462e-02 1.45637403e-02 1.45821229e-02 1.46001990e-02 
2.67407508e+00 1.45337655e-02 1.45559192e-02 1.45786084e-02 1.45981102e-02 1.46161977e-02 
2.67474373e+00 1.43875854e-02 1.44067905e-02 1.44250473e-02 1.44431872e-02 1.44595138e-02 
2.67541255e+00 1.44585098e-02 1.44841151e-02 1.45115687e-02 1.45340782e-02 1.45571817e-02 
2.67608154e+00 1.46627865e-02 1.47075050e-02 1.47377753e-02 1.47581771e-02 1.47759477e-02 
2.67675069e+00 1.45720267e-02 1.45880812e-02 1.46032195e-02 1.46169238e-02 1.46300767e-02 
2.67742001e+00 1.60273467e-02 1.61137832e-02 1.61887069e-02 1.62230066e-02 1.62430668e-02 
2.67808950e+00 1.46048698e-02 1.46200943e-02 1.46404856e-02 1.46698709e-02 1.46992943e-02 
2.67875916e+00 1.45618507e-02 1.45916871e-02 1.46117866e-02 1.46265779e-02 1.46401114e-02 
2.67942898e+00 1.60175354e-02 1.60602432e-02 1.61012034e-02 1.61327852e-02 1.61611382e-02 
2.68009898e+00 1.46733886e-02 1.47132550e-02 1.47507022e-02 1.47807857e-02 1.48100472e-02 
2.68076914e+00 1.44707653e-02 1.44957911e-02 1.45225147e-02 1.45444947e-02 1.45668902e-02 
2.68143946e+00 1.45923863e-02 1.46152942e-02 1.46391956e-02 1.46589032e-02 1.46781880e-02 
2.68210996e+00 1.50696760e-02 1.51022988e-02 1.51341569e-02 1.51622905e-02 1.51885235e-02 
2.68278062e+00 1.44472793e-02 1.44637065e-02 1.44791296e-02 1.44946022e-02 1.45091217e-02 
2.68345145e+00 1.46944493e-02 1.47154753e-02 1.47356345e-02 1.47542003e-02 1.47705853e-02 
2.68412245e+00 1.45016331e-02 1.45221658e-02 1.45409622e-02 1.45581025e-02 1.45740711e-02 
2.68479361e+00 1.46670798e-02 1.46871370e-02 1.47123156e-02 1.47356904e-02 1.47589767e-02 
2.68546495e+00 1.43725234e-02 1.43927364e-02 1.44119323e-02 1.44294904e-02 1.44492823e-02 
2.68613645e+00 1.58446947e-02 1.59212664e-02 1.61111728e-02 1.61733659e-02 1.61949039e-02 
2.68680812e+00 1.59372810e-02 1.59886568e-02 1.60431011e-02 1.60858567e-02 1.61250406e-02 
2.68747995e+00 1.45826827e-02 1.46176035e-02 1.46550155e-02 1.46877802e-02 1.47194744e-02 
2.68815196e+00 1.47921855e-02 1.48384403e-02 1.48922796e-02 1.49363324e-02 1.49806198e-02 
2.68882413e+00 1.47455428e-02 1.47722052e-02 1.48030087e-02 1.48338608e-02 1.48643780e-02 
2.68949647e+00 1.46697004e-02 1.47092945e-02 1.47481659e-02 1.47813273e-02 1.48132488e-02 
2.69016898e+00 1.43323208e-02 1.43493901e-02 1.43690152e-02 1.43874260e-02 1.44051788e-02 
2.69084166e+00 1.55598542e-02 1.55829218e-02 1.56008200e-02 1.56190192e-02 1.56347862e-02 
2.69151450e+00 1.46631664e-02 1.46812957e-02 1.46996123e-02 1.47180071e-02 1.47344022e-02 
2.69218752e+00 1.49087227e-02 1.49399806e-02 1.49707016e-02 1.49971928e-02 1.50225451e-02 
2.69286070e+00 1.46508416e-02 1.46843855e-02 1.47166844e-02 1.47425710e-02 1.47681792e-02 
2.69353405e+00 1.48941137e-02 1.49359876e-02 1.49888014e-02 1.50428928e-02 1.50911776e-02 
2.69420757e+00 1.45717895e-02 1.45884899e-02 1.46054249e-02 1.46203643e-02 1.46339722e-02 
2.69488126e+00 1.49745288e-02 1.50130126e-02 1.50533001e-02 1.50874529e-02 1.51193049e-02 
2.69555511e+00 1.51890759e-02 1.52297947e-02 1.52740575e-02 1.53088367e-02 1.53439051e-02 
2.69622914e+00 1.45352538e-02 1.45517262e-02 1.45706935e-02 1.45877826e-02 1.46054347e-02 
2.69690333e+00 1.44247673e-02 1.44399873e-02 1.44548112e-02 1.44701762e-02 1.44861372e-02 
2.69757769e+00 1.47774942e-02 1.47955323e-02 1.48138759e-02 1.48312811e-02 1.48471488e-02 
2.69825222e+00 1.46577334e-02 1.46909309e-02 1.47182616e-02 1.47406474e-02 1.47605535e-02 
2.69892692e+00 1.47415586e-02 1.47581033e-02 1.47759326e-02 1.47941056e-02 1.48107639e-02 
2.69960179e+00 1.44835694e-02 1.45096088e-02 1.45379683e-02 1.45622003e-02 1.45864452e-02 
2.70027682e+00 1.48116173e-02 1.48311729e-02 1.48471497e-02 1.48644134e-02 1.48794159e-02 
2.70095203e+00 1.44939343e-02 1.45079894e-02 1.45236759e-02 1.45380362e-02 1.45516684e-02 
2.70162740e+00 1.50512822e-02 1.50926524e-02 1.51375733e-02 1.51771507e-02 1.52136998e-02 
2.70230294e+00 1.48107833e-02 1.48393277e-02 1.48655999e-02 1.48906055e-02 1.49123756e-02 
2.70297866e+00 1.44930349e-02 1.45122316e-02 1.45303331e-02 1.45471071e-02 1.45627286e-02 
2.70365454e+00 1.52277310e-02 1.52655525e-02 1.53030497e-02 1.53344702e-02 1.53631158e-02 
2.70433059e+00 1.47546517e-02 1.47740319e-02 1.47910495e-02 1.48099589e-02 1.48259920e-02 
2.70500680e+00 1.48714530e-02 1.49098837e-02 1.49476505e-02 1.49767545e-02 1.50072983e-02 
2.70568319e+00 1.53893068e-02 1.55048624e-02 1.55805983e-02 1.56113951e-02 1.56393182e-02 
2.70635975e+00 1.46696635e-02 1.47059311e-02 1.47433814e-02 1.47757972e-02 1.48068317e-02 
2.70703647e+00 1.46607228e-02 1.46891627e-02 1.47170594e-02 1.47411894e-02 1.47651323e-02 
2.70771337e+00 1.45086905e-02 1.45259643e-02 1.45481868e-02 1.45676525e-02 1.45866033e-02 
2.70839043e+00 1.51041761e-02 1.51400043e-02 1.51747781e-02 1.52037542e-02 1.52305251e-02 
2.70906767e+00 1.57247406e-02 1.58559123e-02 1.59333247e-02 1.59624156e-02 1.59830610e-02 
2.70974507e+00 1.52028104e-02 1.52164069e-02 1.52288225e-02 1.52417433e-02 1.52549391e-02 
2.71042264e+00 1.44828808e-02 1.44979197e-02 1.45102671e-02 1.45233468e-02 1.45358151e-02 
2.71110039e+00 1.46501284e-02 1.46698621e-02 1.46892298e-02 1.47063718e-02 1.47212876e-02 
2.71177830e+00 1.51855416e-02 1.52142136e-02 1.52501636e-02 1.52854005e-02 1.53201827e-02 
2.71245638e+00 1.60204303e-02 1.60882181e-02 1.61565454e-02 1.62107985e-02 1.62585325e-02 
2.71313463e+00 1.47517950e-02 1.47663530e-02 1.47786509e-02 1.47906869e-02 1.48033619e-02 
2.71381305e+00 1.45067302e-02 1.45206789e-02 1.45354605e-02 1.45514239e-02 1.45668841e-02 
2.71449164e+00 1.50915533e-02 1.51045335e-02 1.51202749e-02 1.51355630e-02 1.51507980e-02 
2.71517040e+00 1.46962771e-02 1.47292197e-02 1.47623291e-02 1.47892939e-02 1.48160447e-02 
2.71584933e+00 1.53248264e-02 1.53557135e-02 1.53845309e-02 1.54101835e-02 1.54341460e-02 
2.71652842e+00 1.50545874e-02 1.50768408e-02 1.51059083e-02 1.51418579e-02 1.51767605e-02 
2.71720769e+00 1.44870825e-02 1.44974629e-02 1.45072302e-02 1.45169530e-02 1.45283689e-02 
2.71788713e+00 1.47966889e-02 1.48211278e-02 1.48473699e-02 1.48726342e-02 1.48974566e-02 
2.71856674e+00 1.45139813e-02 1.45342817e-02 1.45559285e-02 1.45732820e-02 1.45899373e-02 
2.71924652e+00 1.53553962e-02 1.54019679e-02 1.54503457e-02 1.54869868e-02 1.55234796e-02 
2.71992647e+00 1.45706647e-02 1.45932031e-02 1.46165129e-02 1.46351267e-02 1.46530741e-02 
2.72060658e+00 1.46987188e-02 1.47233370e-02 1.47467724e-02 1.47662903e-02 1.47844559e-02 
2.72128687e+00 1.46634336e-02 1.46748273e-02 1.46859592e-02 1.46957549e-02 1.47062615e-02 
2.72196733e+00 1.43787582e-02 1.43980135e-02 1.44167621e-02 1.44351544e-02 1.44531868e-02 
2.72264796e+00 1.47009373e-02 1.47373439e-02 1.47745783e-02 1.48045225e-02 1.48340845e-02 
2.72332876e+00 1.46694291e-02 1.47009315e-02 1.47353958e-02 1.47623478e-02 1.47892759e-02 
2.72400973e+00 1.51875976e-02 1.52242624e-02 1.53280008e-02 1.54109037e-02 1.54365677e-02 
2.72469087e+00 1.53644780e-02 1.54046439e-02 1.54485038e-02 1.54835219e-02 1.55179903e-02 
2.72537218e+00 1.45504284e-02 1.45762520e-02 1.46084804e-02 1.46384786e-02 1.46536783e-02 
2.72605366e+00 1.45249618e-02 1.45380455e-02 1.45513466e-02 1.45638764e-02 1.45770370e-02 
2.72673531e+00 1.45091490e-02 1.45351909e-02 1.45512198e-02 1.45621531e-02 1.45731595e-02 
2.72741713e+00 1.45864394e-02 1.46215450e-02 1.46516336e-02 1.46731474e-02 1.46939023e-02 
2.72809912e+00 1.52534505e-02 1.52821442e-02 1.53084644e-02 1.53334076e-02 1.53548832e-02 
2.72878128e+00 1.45304041e-02 1.45498505e-02 1.45680880e-02 1.45833253e-02 1.45975259e-02 
2.72946361e+00 1.51584061e-02 1.51797685e-02 1.51962427e-02 1.52130347e-02 1.52314077e-02 
2.73014612e+00 1.51465711e-02 1.51850841e-02 1.52243053e-02 1.52569883e-02 1.52883881e-02 
2.73082879e+00 1.58923527e-02 1.59666044e-02 1.60347004e-02 1.60853448e-02 1.61304171e-02 
2.73151163e+00 1.49274192e-02 1.49654488e-02 1.50024061e-02 1.50344676e-02 1.50649259e-02 
2.73219465e+00 1.48013299e-02 1.48303423e-02 1.48585627e-02 1.48847950e-02 1.49096643e-02 
2.73287784e+00 1.52414026e-02 1.52840957e-02 1.53307533e-02 1.53712714e-02 1.54109106e-02 
2.73356119e+00 1.52007649e-02 1.52417797e-02 1.52868929e-02 1.53227508e-02 1.53586504e-02 
2.73424472e+00 1.45452333e-02 1.45773935e-02 1.46092760e-02 1.46362758e-02 1.46631016e-02 
2.73492842e+00 1.50163847e-02 1.50454756e-02 1.50703577e-02 1.50951181e-02 1.51149818e-02 
2.73561229e+00 1.47721880e-02 1.48064353e-02 1.48414857e-02 1.48717413e-02 1.49018028e-02 
2.73629633e+00 1.51284295e-02 1.52437064e-02 1.53418336e-02 1.53828013e-02 1.54229518e-02 
2.73698054e+00 1.56714340e-02 1.57258231e-02 1.57936697e-02 1.58499904e-02 1.59017550e-02 
2.73766492e+00 1.49740599e-02 1.50102497e-02 1.50442799e-02 1.50723817e-02 1.50990773e-02 
2.73834948e+00 1.46027155e-02 1.46144288e-02 1.46250189e-02 1.46345612e-02 1.46451173e-02 
2.73903420e+00 1.49712225e-02 1.50114982e-02 1.50552071e-02 1.50895759e-02 1.51233610e-02 
2.73971910e+00 1.48345007e-02 1.48724791e-02 1.49098508e-02 1.49387661e-02 1.49674937e-02 
2.74040417e+00 1.45851532e-02 1.46063881e-02 1.46290495e-02 1.46550380e-02 1.46803033e-02 
2.74108940e+00 1.45494806e-02 1.45761130e-02 1.45992472e-02 1.46173488e-02 1.46342018e-02 
2.74177481e+00 1.47127171e-02 1.47467728e-02 1.47827507e-02 1.48042801e-02 1.48221153e-02 
2.74246040e+00 1.45723718e-02 1.45870823e-02 1.46027863e-02 1.46175097e-02 1.46311939e-02 
2.74314615e+00 1.45032719e-02 1.45174027e-02 1.45338022e-02 1.45491594e-02 1.45648457e-02 
2.74383207e+00 1.47851953e-02 1.48246791e-02 1.48653084e-02 1.49026628e-02 1.49390844e-02 
2.74451817e+00 1.52521969e-02 1.52926442e-02 1.53368911e-02 1.53717581e-02 1.54052709e-02 
2.74520444e+00 1.49617032e-02 1.49951059e-02 1.50271967e-02 1.50551088e-02 1.50813751e-02 
2.74589088e+00 1.50006548e-02 1.50281456e-02 1.50482100e-02 1.50643641e-02 1.50790038e-02 
2.74657749e+00 1.51930848e-02 1.52133752e-02 1.52288851e-02 1.52453748e-02 1.52605522e-02 
2.74726427e+00 1.46760539e-02 1.47056440e-02 1.47356304e-02 1.47621950e-02 1.47883087e-02 
2.74795122e+00 1.44810304e-02 1.45071350e-02 1.45328501e-02 1.45525406e-02 1.45713843e-02 
2.74863835e+00 1.45212495e-02 1.45399435e-02 1.45602325e-02 1.45779746e-02 1.45955085e-02 
2.74932565e+00 1.50465427e-02 1.50649818e-02 1.51047646e-02 1.51788966e-02 1.52513438e-02 
2.75001312e+00 1.56642048e-02 1.57222427e-02 1.57842262e-02 1.58315240e-02 1.58770208e-02 
2.75070076e+00 1.52108255e-02 1.52703868e-02 1.53240699e-02 1.53614135e-02 1.53984676e-02 
2.75138857e+00 1.53826154e-02 1.54344671e-02 1.54904441e-02 1.55356565e-02 1.55804580e-02 
2.75207656e+00 1.50475069e-02 1.50933812e-02 1.51449497e-02 1.51898964e-02 1.52335433e-02 
2.75276471e+00 1.58063561e-02 1.58630070e-02 1.59234433e-02 1.59686484e-02 1.60086946e-02 
2.75345304e+00 1.46227747e-02 1.46580188e-02 1.46938730e-02 1.47245952e-02 1.47546347e-02 
2.75414154e+00 1.50661772e-02 1.51042650e-02 1.51413885e-02 1.51733219e-02 1.52029218e-02 
2.75483022e+00 1.49021061e-02 1.49267489e-02 1.49491195e-02 1.49723627e-02 1.49923609e-02 
2.75551906e+00 1.46000029e-02 1.46124884e-02 1.46240961e-02 1.46354993e-02 1.46456702e-02 
2.75620808e+00 1.52050463e-02 1.52642633e-02 1.53326705e-02 1.54206155e-02 1.54989266e-02 
2.75689727e+00 1.46860197e-02 1.47295408e-02 1.47672605e-02 1.47931534e-02 1.48174809e-02 
2.75758664e+00 1.44362612e-02 1.44552007e-02 1.44735513e-02 1.44921822e-02 1.45126573e-02 
2.75827617e+00 1.52671625e-02 1.53047305e-02 1.53723359e-02 1.54061126e-02 1.54247207e-02 
2.75896588e+00 1.47201291e-02 1.47553620e-02 1.47899160e-02 1.48190069e-02 1.48465802e-02 
2.75965576e+00 1.52542242e-02 1.52998142e-02 1.53498083e-02 1.53899595e-02 1.54290830e-02 
2.76034581e+00 1.49702799e-02 1.49927003e-02 1.50307231e-02 1.50750086e-02 1.51160636e-02 
2.76103604e+00 1.49458908e-02 1.49803325e-02 1.50078808e-02 1.50332750e-02 1.50545916e-02 
2.76172643e+00 1.44464574e-02 1.44632818e-02 1.44812174e-02 1.44982473e-02 1.45133556e-02 
2.76241700e+00 1.45329315e-02 1.45447786e-02 1.45628495e-02 1.45828034e-02 1.46017956e-02 
2.76310775e+00 1.47180377e-02 1.47392448e-02 1.47597877e-02 1.47794372e-02 1.47967938e-02 
2.76379866e+00 1.53446556e-02 1.53762054e-02 1.54052026e-02 1.54303198e-02 1.54537843e-02 
2.76448975e+00 1.58279722e-02 1.58858060e-02 1.59451454e-02 1.59904826e-02 1.60296365e-02 
2.76518101e+00 1.48272533e-02 1.48688537e-02 1.49138542e-02 1.49513210e-02 1.49868324e-02 
2.76587245e+00 1.47038158e-02 1.47272661e-02 1.47567133e-02 1.47878136e-02 1.48174890e-02 
2.76656405e+00 1.46493805e-02 1.46668860e-02 1.46829992e-02 1.46975591e-02 1.47105807e-02 
2.76725583e+00 1.45413136e-02 1.45535372e-02 1.45653697e-02 1.45777120e-02 1.45902618e-02 
2.76794779e+00 1.45268854e-02 1.45479813e-02 1.45673998e-02 1.45850270e-02 1.46004323e-02 
2.76863991e+00 1.49840761e-02 1.50128413e-02 1.50545982e-02 1.51176427e-02 1.51852992e-02 
2.76933221e+00 1.48936069e-02 1.49321572e-02 1.49709631e-02 1.50032775e-02 1.50346858e-02 
2.77002468e+00 1.45979705e-02 1.46260387e-02 1.46561967e-02 1.46813546e-02 1.47069094e-02 
2.77071733e+00 1.46782155e-02 1.46953101e-02 1.47188513e-02 1.47478809e-02 1.47792871e-02 
2.77141015e+00 1.45938881e-02 1.46111803e-02 1.46304285e-02 1.46476777e-02 1.46642665e-02 
2.77210314e+00 1.47261000e-02 1.47532225e-02 1.47820544e-02 1.48048149e-02 1.48273048e-02 
2.77279631e+00 1.45473539e-02 1.45811685e-02 1.46036416e-02 1.46186975e-02 1.46313930e-02 
2.77348964e+00 1.44226501e-02 1.44383850e-02 1.44545497e-02 1.44708333e-02 1.44850161e-02 
2.77418316e+00 1.45146292e-02 1.45261305e-02 1.45368116e-02 1.45525556e-02 1.45719570e-02 
2.77487684e+00 1.47279162e-02 1.47455888e-02 1.47638461e-02 1.47850344e-02 1.48051357e-02 
2.77557070e+00 1.46074772e-02 1.46298955e-02 1.46527210e-02 1.46725488e-02 1.46915263e-02 
2.77626473e+00 1.44609176e-02 1.44806403e-02 1.45047316e-02 1.45252196e-02 1.45460813e-02 
2.77695894e+00 1.52251423e-02 1.52587082e-02 1.52909214e-02 1.53184494e-02 1.53446319e-02 
2.77765332e+00 1.45050218e-02 1.45190112e-02 1.45344580e-02 1.45507832e-02 1.45657331e-02 
2.77834787e+00 1.47947809e-02 1.48309280e-02 1.48777892e-02 1.49302107e-02 1.49776217e-02 
2.77904260e+00 1.49210365e-02 1.49394002e-02 1.49565121e-02 1.49762375e-02 1.49933169e-02 
2.77973750e+00 1.46909668e-02 1.47223434e-02 1.47527885e-02 1.47792004e-02 1.48044665e-02 
2.78043257e+00 1.52374184e-02 1.52865674e-02 1.53376669e-02 1.53775697e-02 1.54168836e-02 
2.78112782e+00 1.45343847e-02 1.45508991e-02 1.45716619e-02 1.45901542e-02 1.46083816e-02 
2.78182324e+00 1.48141800e-02 1.48323120e-02 1.48509146e-02 1.48702834e-02 1.48881907e-02 
2.78251884e+00 1.49385449e-02 1.49674807e-02 1.49908557e-02 1.50131511e-02 1.50337984e-02 
2.78321461e+00 1.46581992e-02 1.46870252e-02 1.47133187e-02 1.47350257e-02 1.47562968e-02 
2.78391055e+00 1.49359973e-02 1.49673375e-02 1.49997932e-02 1.50288141e-02 1.50560248e-02 
2.78460667e+00 1.43776865e-02 1.43941807e-02 1.44122219e-02 1.44290872e-02 1.44448582e-02 
2.78530296e+00 1.47380009e-02 1.47527580e-02 1.47709780e-02 1.47921866e-02 1.48126931e-02 
2.78599942e+00 1.48620536e-02 1.48785106e-02 1.48924634e-02 1.49062006e-02 1.49193005e-02 
2.78669606e+00 1.48215472e-02 1.48570136e-02 1.48940280e-02 1.49238620e-02 1.49529925e-02 
2.78739288e+00 1.46306872e-02 1.46611147e-02 1.46905337e-02 1.47141665e-02 1.47382474e-02 
2.78808987e+00 1.47088874e-02 1.47232178e-02 1.47381330e-02 1.47517103e-02 1.47634203e-02 
2.78878703e+00 1.50023292e-02 1.50421518e-02 1.50879687e-02 1.51331585e-02 1.51767205e-02 
2.78948436e+00 1.50773285e-02 1.51279205e-02 1.51785563e-02 1.52170942e-02 1.52544900e-02 
2.79018188e+00 1.46406792e-02 1.46778438e-02 1.47188214e-02 1.47542844e-02 1.47877400e-02 
2.79087956e+00 1.49658757e-02 1.49913575e-02 1.50143752e-02 1.50385666e-02 1.50588514e-02 
2.79157742e+00 1.49612885e-02 1.49840995e-02 1.50042330e-02 1.50255589e-02 1.50432013e-02 
2.79227546e+00 1.50422159e-02 1.50711865e-02 1.50989803e-02 1.51249715e-02 1.51493792e-02 
2.79297367e+00 1.46031827e-02 1.46141408e-02 1.46253716e-02 1.46349028e-02 1.46452903e-02 
2.79367205e+00 1.46171355e-02 1.46282826e-02 1.46390677e-02 1.46495825e-02 1.46609974e-02 
2.79437061e+00 1.44643241e-02 1.44825999e-02 1.45003350e-02 1.45171964e-02 1.45324635e-02 
2.79506934e+00 1.45237456e-02 1.45465813e-02 1.45764779e-02 1.46057104e-02 1.46354170e-02 
2.79576825e+00 1.53239968e-02 1.53612022e-02 1.54016522e-02 1.54350032e-02 1.54663453e-02 
2.79646733e+00 1.48969296e-02 1.49236426e-02 1.49396563e-02 1.49515243e-02 1.49639216e-02 
2.79716659e+00 1.54038765e-02 1.54240841e-02 1.54594258e-02 1.54982173e-02 1.55161661e-02 
2.79786602e+00 1.45309276e-02 1.45516448e-02 1.45730506e-02 1.45915657e-02 1.46100315e-02 
2.79856563e+00 1.46018900e-02 1.46303010e-02 1.46595883e-02 1.46840651e-02 1.47087931e-02 
2.79926541e+00 1.43927104e-02 1.44090665e-02 1.44243396e-02 1.44399490e-02 1.44556223e-02 
2.79996537e+00 1.45450937e-02 1.45804246e-02 1.46178060e-02 1.46500831e-02 1.46816395e-02 
2.80066550e+00 1.47279801e-02 1.47517621e-02 1.47741682e-02 1.47918369e-02 1.48087633e-02 
2.80136581e+00 1.46260215e-02 1.46590880e-02 1.46865523e-02 1.47080256e-02 1.47286826e-02 
2.80206629e+00 1.53329885e-02 1.53922128e-02 1.54481353e-02 1.54871478e-02 1.55454851e-02 
2.80276695e+00 1.55374850e-02 1.55526872e-02 1.55763831e-02 1.56077295e-02 1.56903767e-02 
2.80346778e+00 1.51435943e-02 1.51792209e-02 1.52149684e-02 1.52450661e-02 1.52730114e-02 
2.80416879e+00 1.47567724e-02 1.47830309e-02 1.48091653e-02 1.48316419e-02 1.48525409e-02 
2.80486997e+00 1.44951117e-02 1.45102210e-02 1.45243952e-02 1.45387437e-02 1.45525882e-02 
2.80557133e+00 1.50581032e-02 1.50971347e-02 1.51362899e-02 1.51686734e-02 1.51980319e-02 
2.80627286e+00 1.45261658e-02 1.45532813e-02 1.45856655e-02 1.46129956e-02 1.46405827e-02 
2.80697457e+00 1.47282667e-02 1.47720753e-02 1.48245597e-02 1.48683517e-02 1.49117893e-02 
2.80767646e+00 1.49595576e-02 1.50069248e-02 1.50721545e-02 1.51004079e-02 1.51216480e-02 
2.80837852e+00 1.47976451e-02 1.48346210e-02 1.48766781e-02 1.49182010e-02 1.49565106e-02 
2.80908075e+00 1.52461561e-02 1.52808499e-02 1.53022272e-02 1.53176949e-02 1.53322955e-02 
2.80978316e+00 1.47244786e-02 1.47364006e-02 1.47481514e-02 1.47587218e-02 1.47711973e-02 
2.81048575e+00 1.44869713e-02 1.45087321e-02 1.45318682e-02 1.45524286e-02 1.45720114e-02 
2.81118851e+00 1.45110777e-02 1.45305431e-02 1.45605661e-02 1.45925587e-02 1.46233633e-02 
2.81189145e+00 1.46445096e-02 1.46932629e-02 1.47460161e-02 1.47680046e-02 1.47847819e-02 
2.81259456e+00 1.47292947e-02 1.47742881e-02 1.48274786e-02 1.48709146e-02 1.49140228e-02 
2.81329785e+00 1.45231509e-02 1.45492312e-02 1.45798146e-02 1.46089168e-02 1.46382956e-02 
2.81400132e+00 1.48113036e-02 1.48525579e-02 1.48971968e-02 1.49347082e-02 1.49698816e-02 
2.81470496e+00 1.55136254e-02 1.55649127e-02 1.56207953e-02 1.56662111e-02 1.57107375e-02 
2.81540878e+00 1.51119744e-02 1.51318038e-02 1.51470246e-02 1.51628022e-02 1.51776035e-02 
2.81611277e+00 1.45944719e-02 1.46065244e-02 1.46223026e-02 1.46383515e-02 1.46544623e-02 
2.81681694e+00 1.46072851e-02 1.46442411e-02 1.46883793e-02 1.47269876e-02 1.47633192e-02 
2.81752129e+00 1.53091101e-02 1.53470456e-02 1.53853073e-02 1.54165298e-02 1.54453189e-02 
2.81822581e+00 1.52565618e-02 1.52967542e-02 1.53392293e-02 1.53727193e-02 1.54058050e-02 
2.81893051e+00 1.45268058e-02 1.45422548e-02 1.45594741e-02 1.45765897e-02 1.45928963e-02 
2.81963538e+00 1.48574129e-02 1.48990806e-02 1.49472581e-02 1.49870302e-02 1.50248836e-02 
2.82034043e+00 1.51064077e-02 1.51471732e-02 1.51912717e-02 1.52266184e-02 1.52618021e-02 
2.82104566e+00 1.45679275e-02 1.45808006e-02 1.45921354e-02 1.46039858e-02 1.46157562e-02 
2.82175106e+00 1.48873632e-02 1.49203496e-02 1.49510825e-02 1.49769830e-02 1.50017092e-02 
2.82245664e+00 1.52476743e-02 1.52615016e-02 1.52842011e-02 1.53095804e-02 1.53272878e-02 
2.82316240e+00 1.45963369e-02 1.46127136e-02 1.46293292e-02 1.46434653e-02 1.46577289e-02 
2.82386833e+00 1.49285487e-02 1.49438143e-02 1.49573674e-02 1.49684446e-02 1.49810156e-02 
2.82457444e+00 1.44349205e-02 1.44513015e-02 1.44682858e-02 1.44844413e-02 1.45001166e-02 
2.82528073e+00 1.53883820e-02 1.54262723e-02 1.54647618e-02 1.54960731e-02 1.55247716e-02 
2.82598719e+00 1.48949086e-02 1.49146525e-02 1.49298710e-02 1.49471262e-02 1.49622985e-02 
2.82669383e+00 1.49225799e-02 1.49555486e-02 1.49815182e-02 1.50043527e-02 1.50232125e-02 
2.82740064e+00 1.47987245e-02 1.48388956e-02 1.48819186e-02 1.49180028e-02 1.49523412e-02 
2.82810763e+00 1.45679976e-02 1.45954843e-02 1.46270388e-02 1.46531583e-02 1.46783123e-02 
2.82881480e+00 1.48809844e-02 1.48958688e-02 1.49264928e-02 1.49666241e-02 1.50067692e-02 
2.82952215e+00 1.47957137e-02 1.48469079e-02 1.49002145e-02 1.49386811e-02 1.49750618e-02 
2.83022967e+00 1.47535556e-02 1.47855571e-02 1.48197818e-02 1.48514918e-02 1.48830140e-02 
2.83093737e+00 1.46610490e-02 1.46809828e-02 1.46971571e-02 1.47128802e-02 1.47268928e-02 
2.83164525e+00 1.47912063e-02 1.48207336e-02 1.48479296e-02 1.48727792e-02 1.48954593e-02 
2.83235330e+00 1.45685189e-02 1.45846575e-02 1.46019715e-02 1.46177447e-02 1.46318944e-02 
2.83306153e+00 1.46369304e-02 1.46665495e-02 1.47005344e-02 1.47339388e-02 1.47688026e-02 
2.83376994e+00 1.59713367e-02 1.60357342e-02 1.61028904e-02 1.61555092e-02 1.62025742e-02 
2.83447853e+00 1.53251851e-02 1.53653643e-02 1.54120673e-02 1.54518612e-02 1.54905193e-02 
2.83518729e+00 1.47072730e-02 1.47427156e-02 1.47849133e-02 1.48226931e-02 1.48587878e-02 
2.83589623e+00 1.50434025e-02 1.50740638e-02 1.51029069e-02 1.51293293e-02 1.51542969e-02 
2.83660534e+00 1.45013141e-02 1.45178856e-02 1.45344175e-02 1.45501084e-02 1.45653819e-02 
2.83731464e+00 1.46432171e-02 1.46647720e-02 1.46874901e-02 1.47055961e-02 1.47230511e-02 
2.83802411e+00 1.53167615e-02 1.53570659e-02 1.54013752e-02 1.54362740e-02 1.54710726e-02 
2.83873376e+00 1.45510059e-02 1.45667184e-02 1.45831101e-02 1.45986719e-02 1.46148824e-02 
2.83944358e+00 1.47782806e-02 1.48108184e-02 1.48411047e-02 1.48674950e-02 1.48926359e-02 
2.84015359e+00 1.50509769e-02 1.50978932e-02 1.51499526e-02 1.51911389e-02 1.52312853e-02 
2.84086377e+00 1.49084037e-02 1.49574536e-02 1.50105637e-02 1.50498276e-02 1.50879182e-02 
2.84157413e+00 1.51883328e-02 1.52053553e-02 1.52320047e-02 1.52729069e-02 1.53158810e-02 
2.84228466e+00 1.45279919e-02 1.45548193e-02 1.45843823e-02 1.46092868e-02 1.46330065e-02 
2.84299538e+00 1.58110624e-02 1.58494198e-02 1.58884912e-02 1.59195797e-02 1.59482242e-02 
2.84370627e+00 1.46968715e-02 1.47325059e-02 1.47664215e-02 1.47953987e-02 1.48224815e-02 
2.84441734e+00 1.47715350e-02 1.48084028e-02 1.48459220e-02 1.48782054e-02 1.49099692e-02 
2.84512858e+00 1.44398675e-02 1.44556054e-02 1.44748163e-02 1.44936006e-02 1.45121521e-02 
2.84584001e+00 1.47182751e-02 1.47493742e-02 1.47807525e-02 1.48088042e-02 1.48358684e-02 
2.84655161e+00 1.52353357e-02 1.52511559e-02 1.52655701e-02 1.52789653e-02 1.52931941e-02 
2.84726339e+00 1.46986919e-02 1.47382551e-02 1.47733667e-02 1.47992997e-02 1.48241153e-02 
2.84797535e+00 1.47543004e-02 1.47965918e-02 1.48589457e-02 1.49202068e-02 1.49775086e-02 
2.84868749e+00 1.43987967e-02 1.44168125e-02 1.44337769e-02 1.44505558e-02 1.44656036e-02 
2.84939980e+00 1.47816338e-02 1.48104592e-02 1.48409371e-02 1.48664374e-02 1.48913122e-02 
2.85011230e+00 1.47258118e-02 1.47738201e-02 1.48279660e-02 1.48718508e-02 1.49159322e-02 
2.85082497e+00 1.51305359e-02 1.51746771e-02 1.52231830e-02 1.52613980e-02 1.52988514e-02 
2.85153782e+00 1.46914203e-02 1.47240492e-02 1.47607609e-02 1.47973836e-02 1.48318482e-02 
2.85225085e+00 1.45471589e-02 1.45993690e-02 1.46539763e-02 1.46946688e-02 1.47332160e-02 
2.85296405e+00 1.49076741e-02 1.49561767e-02 1.50133553e-02 1.50608009e-02 1.51086402e-02 
2.85367744e+00 1.47351309e-02 1.47539768e-02 1.47735573e-02 1.47898610e-02 1.48064083e-02 
2.85439100e+00 1.50732078e-02 1.51609227e-02 1.52748854e-02 1.53184910e-02 1.53438855e-02 
2.85510474e+00 1.47079098e-02 1.47365364e-02 1.47682097e-02 1.47973539e-02 1.48263791e-02 
2.85581866e+00 1.49452857e-02 1.49785700e-02 1.50113535e-02 1.50373078e-02 1.50624842e-02 
2.85653276e+00 1.48229809e-02 1.48419697e-02 1.48612137e-02 1.48823077e-02 1.49009200e-02 
2.85724704e+00 1.50805901e-02 1.51015241e-02 1.51200167e-02 1.51389205e-02 1.51558788e-02 
2.85796149e+00 1.48424248e-02 1.48544117e-02 1.48686641e-02 1.48822355e-02 1.48967798e-02 
2.85867612e+00 1.48182010e-02 1.48645677e-02 1.49156573e-02 1.49587580e-02 1.50014698e-02 
2.85939094e+00 1.43961781e-02 1.44070544e-02 1.44176516e-02 1.44272206e-02 1.44370550e-02 
2.86010593e+00 1.52104190e-02 1.52356132e-02 1.52869141e-02 1.53887147e-02 1.55383212e-02 
2.86082110e+00 1.54509943e-02 1.54799737e-02 1.55003494e-02 1.55183948e-02 1.55371109e-02 
2.86153645e+00 1.46257367e-02 1.46417926e-02 1.46578517e-02 1.46742698e-02 1.46896803e-02 
2.86225198e+00 1.44750545e-02 1.45254830e-02 1.45736883e-02 1.46054302e-02 1.46359013e-02 
2.86296768e+00 1.43079276e-02 1.43284687e-02 1.43510448e-02 1.43714346e-02 1.43903361e-02 
2.86368357e+00 1.46925866e-02 1.47284012e-02 1.47675367e-02 1.48004186e-02 1.48324290e-02 
2.86439963e+00 1.50147941e-02 1.50551931e-02 1.51060131e-02 1.51359076e-02 1.51584813e-02 
2.86511588e+00 1.53508623e-02 1.53865942e-02 1.54266657e-02 1.54623557e-02 1.54948592e-02 
2.86583230e+00 1.46315669e-02 1.46499119e-02 1.46679380e-02 1.46828170e-02 1.46975518e-02 
2.86654890e+00 1.44231569e-02 1.44397389e-02 1.44560693e-02 1.44719225e-02 1.44856127e-02 
2.86726568e+00 1.43420997e-02 1.43619250e-02 1.43804851e-02 1.43984006e-02 1.44153605e-02 
2.86798264e+00 1.52876250e-02 1.53166330e-02 1.53472258e-02 1.53765113e-02 1.54036147e-02 
2.86869978e+00 1.49548431e-02 1.49879194e-02 1.50416326e-02 1.51125742e-02 1.51949234e-02 
2.86941710e+00 1.51445928e-02 1.51567845e-02 1.51701048e-02 1.51830770e-02 1.51980116e-02 
2.87013460e+00 1.50917741e-02 1.51069237e-02 1.51558070e-02 1.52510826e-02 1.53454314e-02 
2.87085228e+00 1.48097518e-02 1.48600926e-02 1.49176752e-02 1.49620791e-02 1.50057161e-02 
2.87157014e+00 1.48510159e-02 1.48931004e-02 1.49417018e-02 1.49815565e-02 1.50188895e-02 
2.87228817e+00 1.52353781e-02 1.52752354e-02 1.53185501e-02 1.53538546e-02 1.53893384e-02 
2.87300639e+00 1.53926677e-02 1.54168697e-02 1.54366742e-02 1.54559982e-02 1.54734013e-02 
2.87372479e+00 1.53146560e-02 1.53504489e-02 1.53861797e-02 1.54155502e-02 1.54426761e-02 
2.87444336e+00 1.46511109e-02 1.46915485e-02 1.47346782e-02 1.47716001e-02 1.48071547e-02 
2.87516212e+00 1.47313906e-02 1.47766780e-02 1.48290325e-02 1.48704935e-02 1.49108551e-02 
2.87588105e+00 1.45853362e-02 1.46223796e-02 1.46592102e-02 1.46883258e-02 1.47177469e-02 
2.87660017e+00 1.51079701e-02 1.51220694e-02 1.51566042e-02 1.52080021e-02 1.52548497e-02 
2.87731946e+00 1.48261961e-02 1.48454426e-02 1.48898862e-02 1.49648682e-02 1.50536518e-02 
2.87803893e+00 1.46455738e-02 1.46636801e-02 1.46758418e-02 1.46862894e-02 1.46971303e-02 
2.87875859e+00 1.45509838e-02 1.45664749e-02 1.45850555e-02 1.46041524e-02 1.46218051e-02 
2.87947842e+00 1.50643579e-02 1.51964359e-02 1.53048869e-02 1.53329661e-02 1.53572235e-02 
2.88019844e+00 1.46523925e-02 1.46774521e-02 1.47034300e-02 1.47241385e-02 1.47434842e-02 
2.88091863e+00 1.53354101e-02 1.53569171e-02 1.53741267e-02 1.53923445e-02 1.54083045e-02 
2.88163901e+00 1.53647891e-02 1.55197165e-02 1.56143444e-02 1.56432323e-02 1.56696631e-02 
2.88235956e+00 1.53374612e-02 1.53865976e-02 1.54395684e-02 1.54827933e-02 1.55240531e-02 
2.88308030e+00 1.49302793e-02 1.49514359e-02 1.49816903e-02 1.50257848e-02 1.50726229e-02 
2.88380121e+00 1.50905478e-02 1.51313426e-02 1.51754682e-02 1.52150422e-02 1.52524023e-02 
2.88452231e+00 1.44659218e-02 1.44825167e-02 1.44991983e-02 1.45149265e-02 1.45297624e-02 
2.88524358e+00 1.48798766e-02 1.49125404e-02 1.49480970e-02 1.49863200e-02 1.50212690e-02 
2.88596504e+00 1.46734320e-02 1.47028320e-02 1.47334660e-02 1.47585395e-02 1.47823454e-02 
2.88668667e+00 1.44940336e-02 1.45191569e-02 1.45479021e-02 1.45719336e-02 1.45963002e-02 
2.88740849e+00 1.45684276e-02 1.46104308e-02 1.46547018e-02 1.46901572e-02 1.47232558e-02 
2.88813049e+00 1.48147842e-02 1.48274860e-02 1.48397050e-02 1.48508350e-02 1.48632165e-02 
2.88885266e+00 1.52000229e-02 1.52554348e-02 1.52861537e-02 1.53065768e-02 1.53238177e-02 
2.88957502e+00 1.56052573e-02 1.56379577e-02 1.56697450e-02 1.56967846e-02 1.57223583e-02 
2.89029756e+00 1.45130584e-02 1.45392050e-02 1.45601415e-02 1.45763819e-02 1.45930360e-02 
2.89102028e+00 1.49752079e-02 1.49937282e-02 1.50255247e-02 1.50788358e-02 1.51291217e-02 
2.89174318e+00 1.54201601e-02 1.54633214e-02 1.55107834e-02 1.55483344e-02 1.55862828e-02 
2.89246626e+00 1.58034683e-02 1.58597671e-02 1.59227815e-02 1.59737011e-02 1.60215921e-02 
2.89318953e+00 1.47764441e-02 1.48226332e-02 1.48730522e-02 1.49140087e-02 1.49548699e-02 
2.89391297e+00 1.46158675e-02 1.46504130e-02 1.46779738e-02 1.46959608e-02 1.47131635e-02 
2.89463659e+00 1.47215150e-02 1.47502911e-02 1.47771351e-02 1.48021998e-02 1.48248027e-02 
2.89536040e+00 1.48157203e-02 1.48609650e-02 1.49105089e-02 1.49499510e-02 1.49883946e-02 
2.89608438e+00 1.46737653e-02 1.47080197e-02 1.47429217e-02 1.47726196e-02 1.48017635e-02 
2.89680855e+00 1.50508763e-02 1.50800931e-02 1.51084556e-02 1.51350017e-02 1.51601039e-02 
2.89753290e+00 1.48324392e-02 1.48627029e-02 1.48900777e-02 1.49141900e-02 1.49381565e-02 
2.89825742e+00 1.45301350e-02 1.45645501e-02 1.46011476e-02 1.46332337e-02 1.46639087e-02 
2.89898213e+00 1.51709542e-02 1.52149329e-02 1.52641718e-02 1.53043993e-02 1.53431612e-02 
2.89970703e+00 1.45588308e-02 1.45755144e-02 1.45937449e-02 1.46108586e-02 1.46279868e-02 
2.90043210e+00 1.46072574e-02 1.46237296e-02 1.46437051e-02 1.46670759e-02 1.46905361e-02 
2.90115735e+00 1.54919469e-02 1.55244708e-02 1.55655207e-02 1.56024170e-02 1.56394858e-02 
2.90188279e+00 1.49971316e-02 1.50455843e-02 1.50775559e-02 1.51019478e-02 1.51242920e-02 
2.90260840e+00 1.53740755e-02 1.54108516e-02 1.54408785e-02 1.54676377e-02 1.54907115e-02 
2.90333420e+00 1.48944845e-02 1.49280753e-02 1.49623664e-02 1.49932230e-02 1.50223786e-02 
2.90406018e+00 1.49166187e-02 1.49554322e-02 1.49955720e-02 1.50264727e-02 1.50577565e-02 
2.90478634e+00 1.46405756e-02 1.46547610e-02 1.46679560e-02 1.46806857e-02 1.46928687e-02 
2.90551268e+00 1.50471803e-02 1.50737805e-02 1.50968793e-02 1.51200311e-02 1.51382052e-02 
2.90623921e+00 1.47435846e-02 1.47764167e-02 1.48085583e-02 1.48360046e-02 1.48627630e-02 
2.90696591e+00 1.48233813e-02 1.48707918e-02 1.49052671e-02 1.49244833e-02 1.49404046e-02 
2.90769280e+00 1.47239943e-02 1.47573178e-02 1.47910055e-02 1.48179393e-02 1.48447176e-02 
2.90841987e+00 1.52944020e-02 1.53334009e-02 1.53741086e-02 1.54074794e-02 1.54396342e-02 
2.90914712e+00 1.58457652e-02 1.59039064e-02 1.59688148e-02 1.60211077e-02 1.60694261e-02 
2.90987456e+00 1.53718184e-02 1.54266202e-02 1.54891730e-02 1.55391139e-02 1.55880189e-02 
2.91060217e+00 1.50057067e-02 1.50376739e-02 1.50694464e-02 1.50964347e-02 1.51221371e-02 
2.91132997e+00 1.43066581e-02 1.43266166e-02 1.43454914e-02 1.43644310e-02 1.43824981e-02 
2.91205795e+00 1.44309135e-02 1.44483188e-02 1.44663126e-02 1.44820639e-02 1.44974189e-02 
2.91278611e+00 1.47311869e-02 1.47749084e-02 1.48130266e-02 1.48433693e-02 1.48715986e-02 
2.91351445e+00 1.46005151e-02 1.46306971e-02 1.46586248e-02 1.46808157e-02 1.47026576e-02 
2.91424297e+00 1.46532994e-02 1.46760585e-02 1.47004061e-02 1.47223420e-02 1.47438926e-02 
2.91497168e+00 1.45034192e-02 1.45394113e-02 1.45771866e-02 1.46087116e-02 1.46384054e-02 
2.91570057e+00 1.44112355e-02 1.44282723e-02 1.44461055e-02 1.44630591e-02 1.44781364e-02 
2.91642964e+00 1.47085768e-02 1.47203610e-02 1.47318801e-02 1.47426682e-02 1.47550636e-02 
2.91715890e+00 1.54062195e-02 1.54445999e-02 1.54844574e-02 1.55177637e-02 1.55485828e-02 
2.91788833e+00 1.47415876e-02 1.47775838e-02 1.48135521e-02 1.48440085e-02 1.48741328e-02 
2.91861795e+00 1.48414142e-02 1.48939078e-02 1.49526457e-02 1.50011110e-02 1.50492897e-02 
2.91934775e+00 1.48841246e-02 1.49228474e-02 1.49659402e-02 1.50054480e-02 1.50450504e-02 
2.92007774e+00 1.43772231e-02 1.43947125e-02 1.44141377e-02 1.44317679e-02 1.44475008e-02 
2.92080790e+00 1.49470486e-02 1.50004389e-02 1.50762048e-02 1.51087555e-02 1.51294370e-02 
2.92153825e+00 1.45123407e-02 1.45341621e-02 1.45657716e-02 1.46004461e-02 1.46327261e-02 
2.92226878e+00 1.48258736e-02 1.48664704e-02 1.49103916e-02 1.49469757e-02 1.49822809e-02 
2.92299950e+00 1.45287426e-02 1.45508472e-02 1.45864306e-02 1.46281897e-02 1.46655751e-02 
2.92373039e+00 1.46058581e-02 1.46204502e-02 1.46560390e-02 1.47094970e-02 1.47594198e-02 
2.92446147e+00 1.50614827e-02 1.50995592e-02 1.51392671e-02 1.51733791e-02 1.52074751e-02 
2.92519274e+00 1.44350104e-02 1.44533917e-02 1.44690598e-02 1.44814148e-02 1.44945499e-02 
2.92592418e+00 1.50487908e-02 1.51007401e-02 1.51317385e-02 1.51540276e-02 1.51766100e-02 
2.92665581e+00 1.47921318e-02 1.48384061e-02 1.48897288e-02 1.49326450e-02 1.49750461e-02 
2.92738762e+00 1.47211364e-02 1.47540118e-02 1.47865549e-02 1.48149976e-02 1.48426628e-02 
2.92811961e+00 1.46970609e-02 1.47405766e-02 1.47904742e-02 1.48323370e-02 1.48737884e-02 
2.92885179e+00 1.46808600e-02 1.47162721e-02 1.47491081e-02 1.47727337e-02 1.47956985e-02 
2.92958415e+00 1.54257311e-02 1.54814843e-02 1.55450455e-02 1.55955883e-02 1.56451244e-02 
2.93031669e+00 1.48317686e-02 1.48573696e-02 1.48962111e-02 1.49422122e-02 1.49876683e-02 
2.93104942e+00 1.45797297e-02 1.45949731e-02 1.46096604e-02 1.46230288e-02 1.46363203e-02 
2.93178233e+00 1.50452937e-02 1.50925032e-02 1.51437287e-02 1.51854608e-02 1.52256622e-02 
2.93251542e+00 1.45876938e-02 1.46067136e-02 1.46272369e-02 1.46455553e-02 1.46634137e-02 
2.93324870e+00 1.52977609e-02 1.53227535e-02 1.53435603e-02 1.53641754e-02 1.53822276e-02 
2.93398216e+00 1.53284136e-02 1.53703284e-02 1.54190545e-02 1.54604588e-02 1.55012148e-02 
2.93471580e+00 1.46338765e-02 1.46782198e-02 1.47284051e-02 1.47651853e-02 1.47863627e-02 
2.93544963e+00 1.48992167e-02 1.49145720e-02 1.49280923e-02 1.49413786e-02 1.49544242e-02 
2.93618364e+00 1.43476836e-02 1.43676602e-02 1.43888759e-02 1.44071754e-02 1.44244498e-02 
2.93691783e+00 1.45098551e-02 1.45249313e-02 1.45409754e-02 1.45555976e-02 1.45701001e-02 
2.93765221e+00 1.50571762e-02 1.50957124e-02 1.51367862e-02 1.51716120e-02 1.52060988e-02 
2.93838677e+00 1.49752102e-02 1.49968942e-02 1.50180932e-02 1.50416195e-02 1.50609699e-02 
2.93912151e+00 1.47144048e-02 1.47278046e-02 1.47401823e-02 1.47513697e-02 1.47638403e-02 
2.93985644e+00 1.49288418e-02 1.49580252e-02 1.49969278e-02 1.50365852e-02 1.50748178e-02 
2.94059155e+00 1.47850023e-02 1.47975572e-02 1.48326393e-02 1.48839230e-02 1.49290943e-02 
2.94132685e+00 1.46740532e-02 1.46988920e-02 1.47255236e-02 1.47469722e-02 1.47676991e-02 
2.94206233e+00 1.54427606e-02 1.54960734e-02 1.55551735e-02 1.56016613e-02 1.56479765e-02 
2.94279799e+00 1.55298619e-02 1.56070205e-02 1.56797783e-02 1.57189885e-02 1.57583548e-02 
2.94353384e+00 1.52260377e-02 1.52583898e-02 1.53349259e-02 1.53873169e-02 1.54125282e-02 
2.94426987e+00 1.54826302e-02 1.55352237e-02 1.55935660e-02 1.56395926e-02 1.56854781e-02 
2.94500609e+00 1.48537484e-02 1.48987269e-02 1.49480940e-02 1.49890012e-02 1.50283753e-02 
2.94574249e+00 1.51021322e-02 1.51280359e-02 1.51485850e-02 1.51681634e-02 1.51848362e-02 
2.94647907e+00 1.48593492e-02 1.48960849e-02 1.49320856e-02 1.49615717e-02 1.49888184e-02 
2.94721584e+00 1.53915306e-02 1.54450425e-02 1.55062585e-02 1.55556227e-02 1.56039484e-02 
2.94795279e+00 1.50630974e-02 1.50933385e-02 1.51206074e-02 1.51465048e-02 1.51697308e-02 
2.94868993e+00 1.58505210e-02 1.59010840e-02 1.59567797e-02 1.60007746e-02 1.60427825e-02 
2.94942725e+00 1.48778769e-02 1.49501147e-02 1.50210606e-02 1.50668808e-02 1.51122661e-02 
2.95016475e+00 1.51469048e-02 1.51869552e-02 1.52296092e-02 1.52644499e-02 1.52991895e-02 
2.95090244e+00 1.49433770e-02 1.49914199e-02 1.50415245e-02 1.50794194e-02 1.51158052e-02 
2.95164031e+00 1.45247588e-02 1.45360779e-02 1.45467763e-02 1.45562625e-02 1.45660775e-02 
2.95237837e+00 1.45656488e-02 1.46026716e-02 1.46414794e-02 1.46737336e-02 1.47047302e-02 
2.95311662e+00 1.50231192e-02 1.50615296e-02 1.50999946e-02 1.51321796e-02 1.51625843e-02 
2.95385504e+00 1.48461106e-02 1.48796563e-02 1.49184892e-02 1.49567876e-02 1.49932148e-02 
2.95459366e+00 1.44521616e-02 1.44702307e-02 1.44898785e-02 1.45069914e-02 1.45241991e-02 
2.95533245e+00 1.44287309e-02 1.44451322e-02 1.44631686e-02 1.44812283e-02 1.44993232e-02 
2.95607143e+00 1.53438754e-02 1.53619972e-02 1.53768713e-02 1.53920677e-02 1.54061974e-02 
2.95681060e+00 1.47337339e-02 1.47734457e-02 1.48014707e-02 1.48238738e-02 1.48476941e-02 
2.95754995e+00 1.43539607e-02 1.43827631e-02 1.44097139e-02 1.44317052e-02 1.44532320e-02 
2.95828949e+00 1.45258557e-02 1.45486050e-02 1.45694135e-02 1.45861728e-02 1.46024521e-02 
2.95902921e+00 1.46453395e-02 1.46609918e-02 1.46829507e-02 1.47085661e-02 1.47347190e-02 
2.95976911e+00 1.52515765e-02 1.52886759e-02 1.53258031e-02 1.53570815e-02 1.53858007e-02 
2.96050921e+00 1.46129850e-02 1.46561620e-02 1.47030182e-02 1.47411701e-02 1.47778767e-02 
2.96124948e+00 1.46454032e-02 1.46786170e-02 1.47114716e-02 1.47387241e-02 1.47658228e-02 
2.96198994e+00 1.50706238e-02 1.50960775e-02 1.51285372e-02 1.51622520e-02 1.51997039e-02 
2.96273059e+00 1.47337269e-02 1.47832133e-02 1.48370615e-02 1.48829120e-02 1.49233764e-02 
2.96347142e+00 1.48814642e-02 1.49217705e-02 1.49607563e-02 1.49907211e-02 1.50180969e-02 
2.96421244e+00 1.46920087e-02 1.47066312e-02 1.47188385e-02 1.47310031e-02 1.47440889e-02 
2.96495364e+00 1.46426463e-02 1.46651053e-02 1.46899281e-02 1.47116841e-02 1.47320688e-02 
2.96569503e+00 1.50437591e-02 1.50803547e-02 1.51164691e-02 1.51469456e-02 1.51749642e-02 
2.96643660e+00 1.54341759e-02 1.54760438e-02 1.55276329e-02 1.55714755e-02 1.56148352e-02 
2.96717836e+00 1.47257052e-02 1.47665210e-02 1.48115239e-02 1.48497176e-02 1.48855451e-02 
2.96792030e+00 1.50082991e-02 1.50510611e-02 1.50962489e-02 1.51312081e-02 1.51662668e-02 
2.96866243e+00 1.59293724e-02 1.59945737e-02 1.60639045e-02 1.61189935e-02 1.61685674e-02 
2.96940475e+00 1.45761229e-02 1.45921110e-02 1.46078379e-02 1.46227299e-02 1.46363589e-02 
2.97014725e+00 1.50496705e-02 1.50894685e-02 1.51286242e-02 1.51570919e-02 1.51832560e-02 
2.97088993e+00 1.46007588e-02 1.46323585e-02 1.46632039e-02 1.46881434e-02 1.47133834e-02 
2.97163280e+00 1.48851001e-02 1.49282165e-02 1.49750521e-02 1.50135675e-02 1.50501284e-02 
2.97237586e+00 1.45605484e-02 1.45976350e-02 1.46154061e-02 1.46266474e-02 1.46379035e-02 
2.97311910e+00 1.52236546e-02 1.52633810e-02 1.53192015e-02 1.53757684e-02 1.54277914e-02 
2.97386253e+00 1.50409380e-02 1.50637774e-02 1.50816833e-02 1.51001693e-02 1.51163956e-02 
2.97460615e+00 1.44345871e-02 1.44524260e-02 1.44692941e-02 1.44855499e-02 1.44999451e-02 
2.97534995e+00 1.47034698e-02 1.47436232e-02 1.47844154e-02 1.48185208e-02 1.48516623e-02 
2.97609394e+00 1.48263484e-02 1.48604653e-02 1.48828871e-02 1.48993185e-02 1.49133746e-02 
2.97683811e+00 1.45326635e-02 1.45670685e-02 1.45968037e-02 1.46174922e-02 1.46364219e-02 
2.97758247e+00 1.43753532e-02 1.44014301e-02 1.44314904e-02 1.44580727e-02 1.44844531e-02 
2.97832701e+00 1.46101080e-02 1.46437547e-02 1.46768998e-02 1.47034121e-02 1.47298500e-02 
2.97907174e+00 1.47971914e-02 1.48369082e-02 1.48800760e-02 1.49171175e-02 1.49521554e-02 
2.97981666e+00 1.46039114e-02 1.46304911e-02 1.46606642e-02 1.46863346e-02 1.47118856e-02 
2.98056177e+00 1.46449521e-02 1.46606471e-02 1.46739471e-02 1.46865658e-02 1.47001979e-02 
2.98130706e+00 1.50730653e-02 1.51232763e-02 1.51791689e-02 1.52243597e-02 1.52691557e-02 
2.98205253e+00 1.49487349e-02 1.50029174e-02 1.50637855e-02 1.51133478e-02 1.51635798e-02 
2.98279820e+00 1.47104238e-02 1.47362395e-02 1.47630485e-02 1.47868080e-02 1.48108670e-02 
2.98354405e+00 1.45928331e-02 1.46152133e-02 1.46400081e-02 1.46614293e-02 1.46818060e-02 
2.98429008e+00 1.46704289e-02 1.46842443e-02 1.47158125e-02 1.47724021e-02 1.48234048e-02 
2.98503630e+00 1.45773490e-02 1.46138837e-02 1.46445619e-02 1.46672444e-02 1.46893562e-02 
2.98578271e+00 1.43999550e-02 1.44254775e-02 1.44530161e-02 1.44748152e-02 1.44965381e-02 
2.98652931e+00 1.48136108e-02 1.48358878e-02 1.48513436e-02 1.48642878e-02 1.48765935e-02 
2.98727609e+00 1.49395455e-02 1.49832564e-02 1.50225009e-02 1.50498088e-02 1.50750517e-02 
2.98802306e+00 1.48778938e-02 1.49217488e-02 1.49683129e-02 1.50048159e-02 1.50397852e-02 
2.98877022e+00 1.55307152e-02 1.55831129e-02 1.56422701e-02 1.56890782e-02 1.57350854e-02 
2.98951756e+00 1.52001066e-02 1.52484219e-02 1.53009856e-02 1.53433355e-02 1.53841335e-02 
2.99026509e+00 1.43790049e-02 1.44051148e-02 1.44314016e-02 1.44536437e-02 1.44754108e-02 
2.99101281e+00 1.48786057e-02 1.49115697e-02 1.49418828e-02 1.49680518e-02 1.49931141e-02 
2.99176071e+00 1.51235832e-02 1.51551236e-02 1.52054355e-02 1.52636243e-02 1.53179109e-02 
2.99250880e+00 1.44027351e-02 1.44218990e-02 1.44443749e-02 1.44649702e-02 1.44855481e-02 
2.99325708e+00 1.49294627e-02 1.49699065e-02 1.50130857e-02 1.50477601e-02 1.50816705e-02 
2.99400554e+00 1.47972200e-02 1.48200587e-02 1.48596882e-02 1.49070141e-02 1.49547610e-02 
2.99475419e+00 1.46476166e-02 1.46826818e-02 1.47170885e-02 1.47470027e-02 1.47758419e-02 
2.99550303e+00 1.45111587e-02 1.45272820e-02 1.45436273e-02 1.45601739e-02 1.45756166e-02 
2.99625206e+00 1.51552974e-02 1.51887500e-02 1.52340342e-02 1.52778237e-02 1.53198197e-02 
2.99700127e+00 1.45349568e-02 1.45479273e-02 1.45630060e-02 1.45784758e-02 1.45942673e-02 
2.99775067e+00 1.49031100e-02 1.49430027e-02 1.49840389e-02 1.50177501e-02 1.50512438e-02 
2.99850026e+00 1.53902894e-02 1.54309481e-02 1.54775276e-02 1.55149589e-02 1.55527802e-02 
2.99925004e+00 1.48662538e-02 1.48982382e-02 1.49314138e-02 1.49680209e-02 1.50002610e-02 
3.00000000e+00 1.46793443e-02 1.46984671e-02 1.47180350e-02 1.47394798e-02 1.47584275e-02 
